"IDpol","ClaimAmount","log_claim_amount","Exposure","VehPower","VehAge","DrivAge","BonusMalus","Density","log_density","Area","VehGas","ClaimNb"
"1000736",1128,7.028201432058,0.72,5,1,32,57,4998,8.5167931113949,"E","Regular",1
"100084",2032.48,7.61701200127515,0.91,6,0,65,62,343,5.83773044716594,"C","Diesel",2
"1001630",1128,7.028201432058,0.8,7,1,70,50,154,5.03695260241363,"C","Regular",1
"100180",780.5,6.65993473995549,0.78,6,10,53,57,298,5.6970934865054,"C","Diesel",1
"1002168",1128,7.028201432058,0.45,7,1,64,95,2658,7.88532923927319,"E","Regular",1
"100269",1128.12,7.02830780937846,1,4,6,44,76,1445,7.27586460054653,"D","Regular",1
"1003476",1128.12,7.02830780937846,0.48,5,1,51,90,1022,6.92951677076365,"D","Regular",1
"1003662",4216.99,8.3468768823897,0.87,4,1,55,50,5746,8.65625923953924,"E","Regular",2
"1004213",1128,7.028201432058,0.57,8,9,52,125,27000,10.2035921449865,"F","Regular",1
"1004768",1395.39,7.24092922507556,0.63,6,4,42,64,338,5.82304589548302,"C","Diesel",2
"1004815",1128,7.028201432058,0.64,5,1,66,50,6729,8.81418182318832,"E","Regular",1
"1004886",1128.12,7.02830780937846,0.36,6,1,79,50,1976,7.58882987830781,"D","Regular",1
"1005203",1128,7.028201432058,0.54,5,1,51,50,698,6.54821910276237,"D","Regular",1
"1005240",1128,7.028201432058,0.54,6,10,34,57,2740,7.91571319938212,"E","Regular",1
"1005483",1128.12,7.02830780937846,0.45,7,5,25,80,442,6.0913098820777,"C","Regular",1
"1005531",599.42,6.39596252102594,0.45,5,1,72,50,5449,8.6031873845831,"E","Regular",1
"1007014",1128.12,7.02830780937846,0.53,7,1,62,51,3301,8.10198073185319,"E","Diesel",1
"100703",1128.12,7.02830780937846,1,9,9,33,68,1350,7.20785987143248,"D","Regular",1
"1007318",532.85,6.27823995866697,0.53,10,1,33,90,280,5.63478960316925,"C","Diesel",1
"1007393",82.05,4.4073288175361,0.61,6,7,19,100,66,4.18965474202643,"B","Diesel",1
"1007786",1128.12,7.02830780937846,0.61,5,1,51,100,368,5.90808293816893,"C","Regular",1
"1007981",279.85,5.63425374533737,0.7,5,1,53,50,2951,7.98989937494294,"E","Regular",1
"1008384",1128.12,7.02830780937846,0.7,7,1,58,50,10,2.30258509299405,"A","Diesel",1
"1008434",857.21,6.75368292942032,0.29,7,1,76,80,3430,8.14031554015999,"E","Regular",1
"1008854",64.78,4.17099691374318,0.7,4,1,55,50,197,5.28320372873799,"C","Regular",1
"100932",688.37,6.53432648407343,0.05,5,14,22,100,30,3.40119738166216,"A","Regular",1
"1009513",1128.12,7.02830780937846,0.78,6,3,27,72,26,3.25809653802148,"A","Diesel",1
"1009842",1128,7.028201432058,0.87,5,1,48,50,3834,8.25166392360559,"E","Regular",1
"1009864",564.06,6.33516062881851,0.13,7,6,45,54,4685,8.45212119467252,"E","Regular",1
"1010436",1128.12,7.02830780937846,0.87,6,4,40,60,269,5.59471137960184,"C","Regular",1
"1010490",3530.81,8.16928258536139,0.86,4,1,55,106,250,5.52146091786225,"C","Regular",2
"1010572",1128,7.028201432058,0.04,5,1,37,85,3184,8.06589354696427,"E","Regular",1
"1010591",1128.12,7.02830780937846,0.95,6,10,35,85,49,3.89182029811063,"A","Regular",1
"1010967",4103.84,8.31967839973584,0.98,10,10,55,50,92,4.52178857704904,"B","Diesel",1
"101105",21477.44,9.97475836088708,0.57,5,8,19,100,228,5.42934562895444,"C","Regular",1
"1011294",1128.12,7.02830780937846,0.55,6,3,39,50,1316,7.18235211188526,"D","Diesel",1
"1011411",1128.12,7.02830780937846,1,7,4,63,85,424,6.04973345523196,"C","Regular",1
"1011528",345.11,5.84386320679221,0.02,4,10,52,50,1110,7.01211529430638,"D","Regular",1
"1011570",360.4,5.88721452573418,0.78,6,1,44,50,3564,8.1786387885907,"E","Regular",1
"101160",2574.95,7.85358539543359,0.48,4,12,26,85,2740,7.91571319938212,"E","Diesel",1
"1011661",3685.18,8.21207465010619,0.95,5,4,36,62,29,3.36729582998647,"A","Diesel",2
"1011701",564.06,6.33516062881851,0.95,7,0,39,50,377,5.93224518744801,"C","Diesel",1
"101173",829.99,6.72141365252529,0.01,7,6,45,54,51,3.93182563272433,"B","Regular",1
"1012045",1128,7.028201432058,0.77,11,4,58,50,309,5.73334127689775,"C","Regular",1
"1012500",22567.21,10.0242532467519,0.79,7,0,40,57,516,6.24610676548156,"D","Diesel",1
"1012522",1128.12,7.02830780937846,0.68,5,0,53,50,2580,7.85554467791566,"E","Regular",1
"1012586",564,6.33505425149806,0.75,8,3,44,57,338,5.82304589548302,"C","Diesel",1
"1012629",71.29,4.26675606512954,0.76,5,10,43,100,824,6.71417052990947,"D","Regular",1
"1012640",3077.03,8.03172012503077,0.75,6,0,48,52,648,6.47389069635227,"D","Regular",1
"1012657",2029.17,7.61538212143186,0.69,7,10,20,100,346,5.84643877505772,"C","Diesel",1
"1012830",556.14,6.3210200611158,0.67,6,1,57,58,27000,10.2035921449865,"F","Regular",1
"1012990",2427.63,7.79467075176967,0.7,6,4,38,54,793,6.67582322163485,"D","Regular",1
"1013257",1128,7.028201432058,0.68,10,0,35,76,6705,8.81060879571578,"E","Regular",1
"1013511",232.1,5.44716831328039,0.44,4,0,44,50,14,2.63905732961526,"A","Regular",1
"1013585",1128,7.028201432058,0.62,9,1,52,50,3699,8.21581779183245,"E","Regular",1
"1013725",2776.9,7.9290904765756,0.51,11,0,29,50,1871,7.53422832627409,"D","Diesel",2
"1013843",1837.63,7.51623197688377,0.17,4,2,28,85,4348,8.3774712482411,"E","Regular",1
"1014337",564.06,6.33516062881851,0.45,6,5,20,100,6913,8.84115897594526,"E","Diesel",1
"1014420",1128,7.028201432058,0.11,6,0,52,50,451,6.11146733950268,"C","Regular",1
"1014534",1128.12,7.02830780937846,0.49,4,1,32,53,7313,8.89740886527095,"E","Regular",1
"1014620",1128.12,7.02830780937846,0.06,5,2,18,100,1955,7.57814547241947,"D","Regular",1
"1014639",22768.98,10.0331543622705,0.49,7,0,41,50,3568,8.1797604936999,"E","Regular",2
"1015175",1831.11,7.51267761933094,0.19,7,10,24,100,3657,8.20439841814938,"E","Regular",2
"1015296",1328.59,7.19187350848296,0.33,7,0,29,72,129,4.85981240436167,"C","Diesel",1
"1015488",564,6.33505425149806,0.31,4,0,36,60,1780,7.48436864328613,"D","Regular",1
"1015603",6790.36,8.82325923829308,0.04,5,5,23,100,392,5.97126183979046,"C","Regular",2
"1015655",1128,7.028201432058,0.18,9,0,54,50,1955,7.57814547241947,"D","Diesel",1
"1017232",1128,7.028201432058,1,7,14,55,50,11,2.39789527279837,"A","Regular",1
"1017513",292.93,5.67993367262421,0.26,5,7,44,50,149,5.00394630594546,"C","Regular",1
"1017853",121959.21,11.7114419235476,0.06,6,11,51,50,251,5.52545293913178,"C","Diesel",1
"1018062",2287.83,7.73535904903995,1,8,3,50,62,11,2.39789527279837,"A","Diesel",1
"1018877",76.73,4.34029276618957,1,4,6,46,50,27,3.29583686600433,"A","Diesel",1
"1019028",471.7,6.15634319029022,0.89,6,2,52,50,59,4.07753744390572,"B","Diesel",1
"1019189",216.74,5.37869847849485,1,7,2,56,53,2105,7.65207074611648,"E","Regular",1
"1019646",14879.09,9.607712150603,0.25,7,0,43,56,28,3.3322045101752,"A","Diesel",1
"101965",2427.88,7.79477372756427,0.2,4,11,39,112,2620,7.87092959675514,"E","Diesel",1
"1019750",1128,7.028201432058,1,6,1,79,50,9,2.19722457733622,"A","Regular",1
"1020141",1128.12,7.02830780937846,1,6,3,65,50,405,6.00388706710654,"C","Diesel",1
"1020156",516.16,6.24641679493684,1,6,6,53,50,101,4.61512051684126,"C","Regular",1
"1020162",3020.2,8.01307833334169,1,8,16,57,50,102,4.62497281328427,"C","Regular",1
"1020355",1096.25,6.99965054368639,1,5,4,54,50,1027,6.93439720992856,"D","Regular",1
"1020620",1413.02,7.25348453686603,1,7,12,82,50,30,3.40119738166216,"A","Regular",1
"1020887",20.46,3.01847176052348,1,5,7,72,50,165,5.10594547390058,"C","Regular",1
"1021152",1242.48,7.12486466126176,1,6,8,73,50,93,4.53259949315326,"B","Regular",2
"1021227",2041.89,7.62163112851752,1,7,7,71,50,9307,9.13852208418571,"E","Diesel",1
"1021580",564.06,6.33516062881851,0.49,5,7,52,50,176,5.17048399503815,"C","Diesel",1
"1021813",1043.65,6.95047946319192,1,5,5,69,50,563,6.33327962813969,"D","Regular",1
"1022217",276.45,5.62202997278394,0.13,4,15,21,95,1313,7.1800698743028,"D","Regular",1
"102222",1128.12,7.02830780937846,1,9,8,43,77,139,4.93447393313069,"C","Regular",1
"1022863",669.09,6.50591858022798,1,11,2,39,54,74,4.30406509320417,"B","Regular",1
"1023103",1128.12,7.02830780937846,0.74,6,11,28,95,1191,7.0825485693553,"D","Regular",1
"1023593",631.7,6.44841459790466,0.93,4,1,44,50,35,3.55534806148941,"A","Regular",1
"1024103",4.52,1.50851199384414,1,11,11,52,50,634,6.45204895443723,"D","Regular",1
"1026086",4983.86,8.51395997018512,0.7,7,0,54,50,93,4.53259949315326,"B","Diesel",1
"1026919",882.15,6.78236210957407,1,6,11,45,50,22,3.09104245335832,"A","Diesel",1
"1026972",1128.12,7.02830780937846,1,4,18,59,50,27,3.29583686600433,"A","Regular",1
"1027128",73.3,4.29456060889261,1,5,5,32,50,30,3.40119738166216,"A","Diesel",1
"1027529",3128,8.0481491016652,1,6,16,82,50,14,2.63905732961526,"A","Diesel",1
"102774",1128.12,7.02830780937846,0.93,6,5,68,58,2715,7.90654723236804,"E","Diesel",1
"1027923",411.79,6.02051351066601,0.19,8,13,23,90,41,3.71357206670431,"A","Regular",1
"1028231",939.22,6.84504974356601,1,10,9,34,50,120,4.78749174278205,"C","Diesel",1
"1028505",907.57,6.81077069815048,0.96,9,12,31,85,52,3.95124371858143,"B","Regular",1
"1029279",1128.12,7.02830780937846,1,10,10,45,50,1199,7.08924315502751,"D","Diesel",1
"1029534",1128.12,7.02830780937846,1,7,3,33,72,214,5.36597601502185,"C","Diesel",1
"1029555",3294.4,8.09997933627353,0.51,6,8,44,50,214,5.36597601502185,"C","Diesel",1
"1029630",500,6.21460809842219,0.23,7,10,60,50,287,5.65948221575962,"C","Diesel",1
"1030266",2829.73,7.94793657972538,0.42,7,15,43,50,747,6.61606518513282,"D","Diesel",1
"1030860",1874.83,7.53627326762737,0.58,6,11,40,52,2575,7.85360481309784,"E","Diesel",1
"1032370",1128,7.028201432058,1,6,9,44,50,12,2.484906649788,"A","Diesel",1
"1032879",1128.12,7.02830780937846,0.29,5,1,56,50,31,3.43398720448515,"A","Diesel",1
"1033086",342.66,5.83673870190483,0.18,5,20,23,95,105,4.65396035015752,"C","Diesel",1
"1033259",1128,7.028201432058,1,6,7,62,50,798,6.68210859744981,"D","Diesel",1
"1033415",1128.12,7.02830780937846,1,7,2,42,71,678,6.5191472879404,"D","Regular",1
"1034114",1128,7.028201432058,0.9,10,18,63,50,38,3.63758615972639,"A","Diesel",1
"1035126",1676.59,7.4245172477341,0.5,5,2,64,50,263,5.57215403217776,"C","Regular",1
"1035208",794.89,6.67820374030117,1,4,1,45,50,385,5.95324333428778,"C","Regular",1
"1035281",1549.75,7.34584890658203,1,8,3,69,50,745,6.61338421837956,"D","Regular",1
"1035400",82.63,4.41437281071309,0.43,7,9,53,50,2252,7.71957398925958,"E","Diesel",1
"1035627",23.63,3.16251709119882,1,8,17,55,50,681,6.52356230614951,"D","Regular",1
"103584",63.82,4.1560666208501,0.61,6,5,41,50,3317,8.10681603894705,"E","Diesel",1
"1035977",27.74,3.32287541488669,0.14,9,7,48,50,295,5.68697535633982,"C","Regular",1
"1036013",1708.86,7.443581760509,1,5,5,28,60,79,4.36944785246702,"B","Regular",1
"1036265",536.21,6.28452587538551,1,4,9,39,50,4116,8.32263709695394,"E","Regular",1
"1036563",4036.81,8.3032100550934,0.71,6,3,28,76,103,4.63472898822964,"C","Diesel",1
"1036995",2111.97,7.65537644017981,1,7,5,21,80,176,5.17048399503815,"C","Regular",1
"1037591",1128,7.028201432058,1,6,4,72,62,776,6.65415252018322,"D","Diesel",1
"1037992",2002.48,7.60214169137703,1,7,13,46,58,163,5.09375020080676,"C","Diesel",2
"1038161",564,6.33505425149806,1,7,10,45,50,511,6.2363695902037,"D","Regular",1
"1038463",1667.36,7.41899681624412,1,5,6,64,50,1127,7.02731451403978,"D","Diesel",1
"1038554",1128.12,7.02830780937846,1,4,10,60,50,119,4.77912349311153,"C","Diesel",1
"103872",1262.9,7.14116594265212,0.52,6,14,39,64,49,3.89182029811063,"A","Regular",1
"1038831",818.7,6.7077177163824,1,5,4,40,72,1323,7.18765716411496,"D","Diesel",1
"1039145",949.75,6.85619879206773,0.88,7,11,20,90,3368,8.12207437536222,"E","Regular",1
"1039244",837.09,6.7299315915906,1,5,3,47,50,3368,8.12207437536222,"E","Regular",1
"1039317",1128.12,7.02830780937846,0.55,6,8,41,79,562,6.33150184989369,"D","Diesel",1
"1039543",98.46,4.58965037433005,1,5,2,80,50,38,3.63758615972639,"A","Diesel",1
"1039699",1128,7.028201432058,0.22,7,1,32,50,17140,9.74917019215177,"F","Regular",1
"1039720",1128.12,7.02830780937846,0.44,5,4,48,50,7187,8.88002911746844,"E","Regular",1
"1039742",492.28,6.19904766030414,0.7,9,5,35,58,129,4.85981240436167,"C","Regular",1
"1039838",1128,7.028201432058,0.95,6,13,34,50,3339,8.11342663994365,"E","Diesel",1
"1039908",1957.11,7.57922417429881,0.7,6,11,29,112,4775,8.47114925291483,"E","Diesel",1
"1040111",1608.96,7.38334328652177,0.72,8,16,43,50,2517,7.83082299513532,"E","Regular",1
"104022",1204.34,7.09368697803022,0.77,6,9,47,54,8,2.07944154167984,"A","Diesel",1
"104045",329.52,5.79763705012783,0.31,6,7,19,100,3541,8.1721644521119,"E","Diesel",1
"1040546",820.74,6.71020637232941,1,9,15,46,50,56,4.02535169073515,"B","Regular",1
"1040601",243.3,5.49429524978948,1,4,12,71,50,745,6.61338421837956,"D","Regular",1
"1040757",7448.51,8.91576929137094,1,6,5,33,62,215,5.37063802812766,"C","Diesel",1
"104122",1128.12,7.02830780937846,0.07,7,16,21,100,10,2.30258509299405,"A","Regular",1
"1041406",1373.24,7.22492819020095,1,6,11,42,66,37,3.61091791264422,"A","Diesel",1
"104141",1128.12,7.02830780937846,0.66,6,9,23,76,369,5.91079664404053,"C","Regular",1
"1041546",1128,7.028201432058,1,7,8,51,50,204,5.31811999384422,"C","Diesel",1
"1041844",1498.61,7.31229329080265,0.16,5,0,52,50,644,6.46769872610435,"D","Regular",1
"1041854",1128.12,7.02830780937846,1,7,7,51,50,62,4.12713438504509,"B","Diesel",1
"104191",669.71,6.50684478286365,0.81,7,14,30,100,1313,7.1800698743028,"D","Regular",1
"1042015",1128.12,7.02830780937846,1,4,3,37,61,65,4.17438726989564,"B","Regular",1
"1042285",1327.12,7.19076645978402,1,7,2,53,50,448,6.10479323241498,"C","Regular",1
"1042727",80.51,4.38838140031189,1,5,7,29,85,18229,9.81076901153292,"F","Diesel",1
"1042784",97.48,4.57964722875701,1,6,3,22,100,15725,9.66300708156864,"F","Regular",1
"1043171",1128.12,7.02830780937846,0.53,6,6,63,50,110,4.70048036579242,"C","Regular",1
"1043240",318.87,5.7647834962136,1,5,12,49,85,301,5.70711026474888,"C","Diesel",1
"1043258",132628.12,11.795304400616,1,6,8,39,106,1314,7.18083119904456,"D","Regular",1
"1043360",1128.12,7.02830780937846,1,6,3,49,53,49,3.89182029811063,"A","Diesel",1
"104384",1128.12,7.02830780937846,1,4,12,80,55,1442,7.2737863178449,"D","Regular",1
"1044031",6580.24,8.79182649781833,0.21,9,5,33,80,14,2.63905732961526,"A","Regular",1
"1044077",441.91,6.09110624143485,1,7,12,42,50,741,6.60800062529609,"D","Regular",1
"1044715",62.06,4.12810165902023,1,7,9,39,106,3457,8.14815643992162,"E","Regular",1
"104472",564.06,6.33516062881851,0.95,5,0,31,58,1445,7.27586460054653,"D","Diesel",1
"1044851",1686.68,7.4305173787205,0.42,4,1,49,50,2212,7.70165236264223,"E","Regular",1
"1045183",1278.12,7.15314552724307,0.47,7,14,55,63,680,6.52209279817015,"D","Regular",1
"1045560",1646.45,7.40637673390922,0.41,7,4,46,50,212,5.35658627467201,"C","Diesel",1
"1045721",1128,7.028201432058,1,9,6,67,50,586,6.37331978957701,"D","Regular",1
"1046354",1128.12,7.02830780937846,1,5,4,77,65,1397,7.24208235925696,"D","Regular",1
"1046534",1128,7.028201432058,0.87,6,15,48,80,6465,8.77415829120596,"E","Regular",1
"1046825",76.58,4.33833594604915,1,6,5,36,50,376,5.9295891433899,"C","Diesel",1
"1046881",5507.59,8.61388241989568,0.43,9,10,32,50,1054,6.96034772910131,"D","Diesel",1
"1047115",1628.12,7.39518125391974,0.32,4,7,21,90,25,3.2188758248682,"A","Regular",1
"1047205",1224.86,7.11058183073343,0.76,5,6,27,118,82,4.40671924726425,"B","Regular",2
"1047938",1128,7.028201432058,1,4,7,39,67,8549,9.05356959602623,"E","Regular",1
"1048154",2256.25,7.72145942208119,1,11,3,38,90,27000,10.2035921449865,"F","Regular",1
"1048487",4475.24,8.40631526055577,0.37,6,3,38,51,475,6.16331480403464,"C","Diesel",1
"1049469",721.98,6.58199743767813,1,5,8,38,50,95,4.55387689160054,"B","Diesel",1
"1049482",1128.12,7.02830780937846,0.49,5,16,55,67,4128,8.3255483071614,"E","Diesel",1
"1050148",1857.55,7.52701369413004,0.76,5,11,52,76,4128,8.3255483071614,"E","Diesel",1
"1050390",2652.49,7.88325410045276,1,6,6,29,83,115,4.74493212836325,"C","Diesel",1
"1050740",649.82,6.47669540146248,1,5,8,29,72,1329,7.19218205871325,"D","Regular",1
"1050761",4704.54,8.45628327890828,0.24,5,4,38,50,155,5.04342511691925,"C","Regular",1
"1050776",4486.61,8.40885268443599,0.75,8,16,21,85,488,6.19031540585315,"C","Regular",1
"1050914",1128.12,7.02830780937846,1,7,13,42,125,564,6.33505425149806,"D","Diesel",1
"1051437",185.61,5.22364769821101,0.52,6,9,24,80,2411,7.78779687818117,"E","Diesel",1
"1051502",1618.56,7.38929214404155,1,11,8,25,76,31,3.43398720448515,"A","Regular",1
"1051517",1275.48,7.15107785733349,0.74,8,9,26,95,213,5.36129216570943,"C","Regular",1
"1052016",1128,7.028201432058,1,7,4,47,62,26,3.25809653802148,"A","Diesel",1
"1052325",1128.12,7.02830780937846,0.73,6,9,42,50,53,3.97029191355212,"B","Diesel",1
"1053038",63.27,4.14741128315879,0.32,6,6,23,80,405,6.00388706710654,"C","Diesel",1
"105307",1204.93,7.09417675295108,0.12,6,8,21,100,4762,8.46842302704681,"E","Diesel",1
"1053288",1128,7.028201432058,1,5,13,37,50,24,3.17805383034795,"A","Regular",1
"1053859",1128,7.028201432058,1,6,5,65,50,64,4.15888308335967,"B","Regular",1
"1054122",211.5,5.35422499848633,0.52,4,11,52,50,71,4.26267987704132,"B","Regular",1
"1054214",651.42,6.47915459547182,0.04,7,14,21,95,91,4.51085950651685,"B","Regular",2
"1054283",1128.12,7.02830780937846,1,8,3,68,69,1313,7.1800698743028,"D","Regular",1
"1054336",3058.71,8.02574853743394,0.17,7,17,57,50,30,3.40119738166216,"A","Regular",1
"1054785",1628,7.39510754656249,0.09,7,20,38,85,46,3.8286413964891,"A","Diesel",1
"1055080",45.03,3.80732893431348,1,5,6,36,50,75,4.31748811353631,"B","Diesel",1
"1055191",107.21,4.67478952786815,0.35,8,14,32,57,12,2.484906649788,"A","Diesel",1
"1055591",1128.12,7.02830780937846,1,6,10,27,72,4172,8.33615081612066,"E","Regular",1
"1055662",271.1,5.60248775650462,1,4,10,59,50,1182,7.07496319796604,"D","Regular",1
"1055742",272.83,5.60884889059746,1,7,7,71,50,8455,9.04251326133268,"E","Diesel",1
"1056052",1128,7.028201432058,1,4,3,50,50,600,6.39692965521615,"D","Regular",1
"1056201",345.05,5.84368933406661,1,5,2,61,50,8455,9.04251326133268,"E","Regular",1
"1056661",1128.12,7.02830780937846,1,5,16,31,125,1313,7.1800698743028,"D","Regular",1
"1056921",564.06,6.33516062881851,0.07,6,10,44,50,1313,7.1800698743028,"D","Regular",1
"1057380",8138.07,9.00430833014666,0.2,4,5,44,58,1237,7.12044437239249,"D","Regular",1
"1057387",548.82,6.30777051889633,0.22,11,2,55,50,151,5.01727983681492,"C","Diesel",1
"1057540",1128,7.028201432058,0.58,12,2,54,50,747,6.61606518513282,"D","Diesel",1
"1057560",1128,7.028201432058,1,7,12,46,50,473,6.15909538849193,"C","Regular",1
"1057829",1128.12,7.02830780937846,0.66,6,4,48,50,473,6.15909538849193,"C","Diesel",1
"105821",3127.61,8.04802441358506,0.96,7,11,74,50,149,5.00394630594546,"C","Diesel",1
"1058343",1128.12,7.02830780937846,1,6,12,31,56,57,4.04305126783455,"B","Diesel",1
"1058510",78.51,4.36322600521016,1,4,9,58,50,4579,8.4292359126571,"E","Regular",1
"1059333",88.8,4.48638664999812,1,5,2,41,50,175,5.16478597392351,"C","Regular",1
"1059418",1128,7.028201432058,1,5,16,83,58,32,3.46573590279973,"A","Diesel",1
"1059586",1128,7.028201432058,0.49,8,5,24,80,1398,7.24279792279376,"D","Diesel",1
"1060419",305.76,5.72280048049196,0.24,7,9,43,64,716,6.57368016696065,"D","Diesel",1
"1060442",1128.12,7.02830780937846,0.95,7,10,56,50,142,4.95582705760126,"C","Regular",1
"106086",63.82,4.1560666208501,0.92,10,4,50,50,111,4.70953020131233,"C","Diesel",1
"1060906",1128.12,7.02830780937846,0.61,7,15,50,100,3021,8.01334318138667,"E","Regular",1
"1060962",12734.5,9.45207012476607,1,6,6,44,50,1601,7.37838371299671,"D","Regular",1
"1061750",2963.39,7.99408916226668,1,10,7,35,62,4348,8.3774712482411,"E","Regular",1
"1061779",3377.81,8.12498284948628,1,5,4,48,50,4348,8.3774712482411,"E","Regular",2
"1061808",82.79,4.41630728115071,0.79,5,5,49,64,27000,10.2035921449865,"F","Regular",1
"1061813",89.34,4.49244931592397,1,7,7,60,55,67,4.20469261939097,"B","Regular",1
"1061818",424.14,6.05006358941092,1,8,12,71,50,272,5.605802066296,"C","Regular",1
"1061839",188.56,5.23941625862788,1,4,16,48,50,4348,8.3774712482411,"E","Regular",1
"1061845",1433.02,7.2675393844649,1,5,9,69,50,746,6.61472560020376,"D","Diesel",1
"1062638",1128.12,7.02830780937846,1,4,8,46,50,138,4.9272536851572,"C","Diesel",1
"106286",1128.12,7.02830780937846,0.92,5,11,27,133,68,4.21950770517611,"B","Diesel",1
"1063087",1128.12,7.02830780937846,1,5,2,67,50,4762,8.46842302704681,"E","Regular",1
"1063300",1128,7.028201432058,1,5,1,85,50,2733,7.91315518592807,"E","Regular",1
"1063538",1128.12,7.02830780937846,1,6,5,75,50,3317,8.10681603894705,"E","Regular",1
"1063698",1128.12,7.02830780937846,0.56,6,12,42,50,3317,8.10681603894705,"E","Regular",1
"1063973",608.95,6.41173616253312,0.36,5,7,34,50,3317,8.10681603894705,"E","Regular",1
"1064091",1628,7.39510754656249,0.24,8,0,61,50,1005,6.91274282049318,"D","Regular",1
"1064285",1646.92,7.4066621558346,0.25,5,3,26,90,111,4.70953020131233,"C","Diesel",1
"1064795",1128.12,7.02830780937846,1,6,9,57,95,3657,8.20439841814938,"E","Diesel",1
"1065154",791.87,6.67439723692761,1,11,11,60,50,1323,7.18765716411496,"D","Regular",1
"1065394",1128,7.028201432058,1,4,5,71,50,561,6.3297209055227,"D","Regular",1
"1065785",9056.8,9.1112711357639,1,5,4,65,67,1753,7.46908388492123,"D","Diesel",1
"1065816",97.88,4.58374223857447,1,4,12,43,50,1753,7.46908388492123,"D","Diesel",1
"1066357",5042.17,8.52559182395852,0.71,6,3,43,50,28,3.3322045101752,"A","Diesel",1
"1066537",669.89,6.50711351980167,0.24,5,13,47,50,495,6.20455776256869,"C","Regular",1
"1067072",2927.11,7.98177086712683,1,6,6,76,50,87,4.46590811865458,"B","Diesel",1
"1067182",1128.12,7.02830780937846,0.98,8,1,38,50,1326,7.18992217074581,"D","Diesel",1
"1067247",1128.12,7.02830780937846,1,5,13,34,63,311,5.73979291217923,"C","Diesel",1
"1067418",1278,7.15305163493748,1,4,11,58,50,66,4.18965474202643,"B","Regular",1
"1067560",1128,7.028201432058,1,6,5,32,56,1326,7.18992217074581,"D","Diesel",1
"1067562",59.35,4.08345212105568,1,7,6,56,50,481,6.17586727010576,"C","Diesel",1
"1067587",516.18,6.24645554186131,0.63,5,5,37,118,776,6.65415252018322,"D","Diesel",1
"1067800",4532.02,8.41892303520082,0.66,8,11,53,50,42,3.73766961828337,"A","Regular",1
"1067850",1128,7.028201432058,0.17,7,1,54,62,73,4.29045944114839,"B","Regular",1
"1068046",1543.67,7.34191797717114,1,7,7,61,50,653,6.48157712927643,"D","Regular",1
"1068360",996.6,6.9043494858473,1,8,7,37,50,1482,7.30114780585603,"D","Regular",1
"1068439",304.9,5.71998385399421,0.59,5,12,41,50,524,6.26149168432104,"D","Diesel",1
"1068666",1128.12,7.02830780937846,0.35,7,14,32,95,51,3.93182563272433,"B","Regular",1
"1068700",337.84,5.82257241062569,1,7,3,46,50,2740,7.91571319938212,"E","Regular",1
"1068742",2788.61,7.93329854278332,0.91,6,0,46,58,2740,7.91571319938212,"E","Diesel",2
"1068854",1524.49,7.32941520687908,1,4,11,72,50,883,6.78332520060396,"D","Regular",1
"1069260",797.9,6.68198327631424,1,7,7,69,50,1232,7.11639414409346,"D","Regular",1
"1069406",243.92,5.49684030268,0.54,5,4,50,50,33,3.49650756146648,"A","Diesel",1
"1069667",2948.68,7.98911289156771,1,10,2,57,62,3374,8.12385426310591,"E","Regular",1
"1069747",100.65,4.6116491520858,0.86,6,3,27,90,3374,8.12385426310591,"E","Regular",1
"1070190",152.45,5.02683667343426,0.31,10,3,30,50,542,6.29526600143965,"D","Regular",1
"1070237",184.23,5.21618497700942,1,8,17,36,57,9307,9.13852208418571,"E","Diesel",1
"1070245",190.3,5.2486017743021,0.29,4,3,62,50,30,3.40119738166216,"A","Regular",1
"1070385",1128,7.028201432058,0.8,4,14,45,90,100,4.60517018598809,"B","Regular",1
"1070556",82.05,4.4073288175361,0.73,6,0,38,50,542,6.29526600143965,"D","Regular",1
"1070692",750.78,6.62111266610502,1,4,12,49,67,213,5.36129216570943,"C","Regular",1
"1070801",697.47,6.54745950201784,1,4,13,38,62,243,5.49306144334055,"C","Regular",1
"1072309",73.22,4.29346860769209,1,8,4,48,50,204,5.31811999384422,"C","Diesel",1
"1072316",2901.97,7.97314509569256,1,6,11,53,50,204,5.31811999384422,"C","Diesel",1
"1072860",603.44,6.40264661554538,0.59,14,0,54,50,2733,7.91315518592807,"E","Regular",1
"1073095",408.52,6.0125408727099,1,10,8,48,50,626,6.4393503711001,"D","Regular",1
"1074137",1321.73,7.18669676354657,0.69,12,0,46,50,298,5.6970934865054,"C","Diesel",1
"1074160",60.08,4.09567700745588,0.21,6,4,55,50,614,6.41999492814714,"D","Diesel",1
"1074282",1128.12,7.02830780937846,1,9,7,30,85,1313,7.1800698743028,"D","Regular",1
"1074319",1128.12,7.02830780937846,0.59,5,17,40,125,1313,7.1800698743028,"D","Regular",1
"1074328",72.75,4.2870289060516,1,5,14,46,50,1314,7.18083119904456,"D","Regular",1
"1074375",179.02,5.18749753144279,0.36,7,9,26,68,105,4.65396035015752,"C","Regular",1
"1074405",1315.79,7.18219252468382,1,6,5,48,50,614,6.41999492814714,"D","Diesel",1
"1074954",725.97,6.58750869165696,0.5,6,3,56,68,1601,7.37838371299671,"D","Regular",1
"1075073",564,6.33505425149806,1,5,3,50,57,27000,10.2035921449865,"F","Regular",1
"1075283",369.22,5.91139267234242,1,4,11,46,50,56,4.02535169073515,"B","Regular",1
"1075545",1128,7.028201432058,0.09,5,1,49,50,54,3.98898404656427,"B","Diesel",1
"1075860",1128,7.028201432058,0.5,15,2,26,72,2472,7.81278281857758,"E","Regular",1
"1076016",8134.61,9.00388307750823,1,7,8,52,58,5449,8.6031873845831,"E","Regular",1
"1076136",711.23,6.56699586553727,1,7,2,67,50,5449,8.6031873845831,"E","Diesel",1
"1076151",1421.5,7.25946793109105,0.68,8,13,41,100,4646,8.44376191333035,"E","Regular",1
"1076729",638.15,6.4585733654287,1,7,3,26,132,881,6.78105762593618,"D","Regular",1
"1076952",2652.49,7.88325410045276,0.55,4,14,58,50,232,5.44673737166631,"C","Regular",1
"1077079",750.74,6.62105938676141,0.32,5,10,20,100,213,5.36129216570943,"C","Diesel",1
"1077174",1136.65,7.03584061874536,1,6,9,33,50,1468,7.29165620917446,"D","Diesel",1
"1077216",1128,7.028201432058,1,6,7,32,83,109,4.69134788222914,"C","Diesel",1
"1077294",1128.12,7.02830780937846,1,6,10,79,106,1466,7.2902928824466,"D","Regular",1
"1077605",558.88,6.32593478105852,1,6,2,40,50,1282,7.15617663748062,"D","Diesel",1
"1077955",387.03,5.95850220940515,1,7,6,58,60,3301,8.10198073185319,"E","Diesel",1
"1078203",564.06,6.33516062881851,0.94,6,4,40,66,1313,7.1800698743028,"D","Diesel",1
"1078252",5628.12,8.63553073996859,1,5,11,45,50,1313,7.1800698743028,"D","Diesel",1
"1078949",15.67,2.75174805636793,0.8,7,3,32,51,270,5.59842195899838,"C","Diesel",1
"1079077",6861.32,8.83365512203468,0.63,7,14,36,118,3688,8.21283958467648,"E","Regular",1
"1079186",30.98,3.43334183498872,1,12,7,63,50,863,6.76041469108343,"D","Regular",1
"1079466",826.68,6.7174176793931,1,5,9,70,50,3688,8.21283958467648,"E","Diesel",1
"1079487",797.08,6.68095505016438,1,4,3,33,50,289,5.66642668811243,"C","Regular",1
"1079634",1128.12,7.02830780937846,0.71,7,11,36,57,3430,8.14031554015999,"E","Diesel",1
"1079850",1128.12,7.02830780937846,1,11,10,41,64,20,2.99573227355399,"A","Diesel",1
"1080015",1289.53,7.16203308988211,1,7,1,50,50,511,6.2363695902037,"D","Regular",2
"1080496",1016.97,6.9245828970884,1,9,9,55,55,186,5.2257466737132,"C","Regular",1
"1080622",73.3,4.29456060889261,1,6,6,34,50,186,5.2257466737132,"C","Diesel",1
"1080675",1442.65,7.27423697911125,0.33,4,12,45,51,1601,7.37838371299671,"D","Regular",1
"1081072",1128.12,7.02830780937846,0.83,8,15,45,50,820,6.7093043402583,"D","Diesel",1
"108110",1128.12,7.02830780937846,1,4,11,42,50,3744,8.22790983759748,"E","Regular",1
"1081786",953.01,6.85962539677858,0.93,7,14,26,71,44,3.78418963391826,"A","Regular",1
"1081793",1056,6.96224346426621,1,5,3,45,50,137,4.91998092582813,"C","Diesel",1
"108218",1128.12,7.02830780937846,0.94,7,7,49,50,3744,8.22790983759748,"E","Regular",1
"1082296",1557.97,7.35113897078959,0.14,8,10,44,50,3184,8.06589354696427,"E","Regular",1
"1082744",2979.09,7.99937316373729,1,8,3,51,57,1054,6.96034772910131,"D","Diesel",1
"1082816",269.83,5.59779213106877,0.49,5,7,37,51,276,5.62040086571715,"C","Diesel",1
"1082985",730.54,6.59378398670739,0.76,7,10,45,56,1408,7.24992553671799,"D","Regular",1
"1083091",861.29,6.75843126537129,0.56,6,4,49,50,5859,8.67573421954479,"E","Regular",1
"1083321",1128.12,7.02830780937846,0.66,8,8,47,50,1005,6.91274282049318,"D","Diesel",1
"1084245",2256.24,7.7214549899384,1,8,12,39,77,763,6.63725803128446,"D","Diesel",2
"1084358",4540.92,8.42088491367785,1,6,5,37,76,169,5.12989871492307,"C","Diesel",1
"1084602",1128,7.028201432058,1,6,6,56,140,1408,7.24992553671799,"D","Diesel",1
"1084702",1453.48,7.28171596001434,1,4,5,48,50,1408,7.24992553671799,"D","Regular",1
"1084867",121.89,4.80311899866775,0.33,6,16,28,72,1408,7.24992553671799,"D","Regular",1
"108543",84.6,4.43793426661218,0.09,6,8,41,100,41,3.71357206670431,"A","Diesel",1
"108546",1328.12,7.19151968739981,0.6,5,3,47,62,14368,9.57275879054198,"F","Regular",1
"1085718",1416.91,7.25623372320637,0.4,7,4,33,90,2252,7.71957398925958,"E","Diesel",1
"1085737",3454.84,8.14753142543335,0.27,10,2,52,50,681,6.52356230614951,"D","Regular",1
"1085941",2165.03,7.68018949715352,1,6,8,61,73,94,4.54329478227,"B","Diesel",1
"1086017",1128.12,7.02830780937846,0.32,5,11,20,95,1959,7.58018941794454,"D","Regular",1
"1086640",1890.37,7.54452785608956,1,4,11,44,58,238,5.47227067367148,"C","Regular",1
"1086897",1128.12,7.02830780937846,0.43,4,5,33,62,4348,8.3774712482411,"E","Regular",1
"1087231",5802.95,8.6661216879205,1,10,3,48,50,15,2.70805020110221,"A","Diesel",1
"1087893",1154.57,7.05148325926484,0.69,12,0,34,50,854,6.74993119378857,"D","Diesel",1
"1088235",130.08,4.8681496457995,1,9,10,22,76,64,4.15888308335967,"B","Regular",1
"1088297",2214.99,7.70300316779636,0.24,7,11,19,100,82,4.40671924726425,"B","Regular",1
"1088415",1273.86,7.14980693998386,0.5,6,9,35,50,99,4.59511985013459,"B","Diesel",1
"1088566",918.1,6.82230631714965,1,7,6,45,50,84,4.43081679884331,"B","Regular",1
"1088817",3191.62,8.06828390386392,0.43,5,15,48,76,298,5.6970934865054,"C","Regular",1
"1089218",75.46,4.32360271453616,0.62,7,9,22,100,57,4.04305126783455,"B","Diesel",1
"1089687",276.2,5.62112524097519,0.37,7,13,37,68,713,6.5694814204143,"D","Regular",1
"1090034",155.99,5.04979190263078,0.46,5,2,55,50,540,6.29156913955832,"D","Diesel",1
"1090908",771.07,6.64777916062235,1,6,3,52,76,210,5.34710753071747,"C","Diesel",1
"1090913",1128,7.028201432058,0.46,4,13,42,63,1192,7.0833878476253,"D","Regular",1
"1091000",2256.24,7.7214549899384,1,7,14,28,125,4128,8.3255483071614,"E","Regular",2
"1091057",1128.12,7.02830780937846,1,4,3,23,125,4128,8.3255483071614,"E","Regular",1
"1091494",633.05,6.45054940796626,0.24,4,15,27,76,3628,8.19643681123503,"E","Regular",1
"1091550",123.84,4.81899040984142,0.06,4,5,41,57,270,5.59842195899838,"C","Diesel",1
"1091781",434.86,6.07502414020691,1,6,10,35,71,9307,9.13852208418571,"E","Regular",1
"109195",1128.12,7.02830780937846,0.22,6,6,55,50,81,4.39444915467244,"B","Diesel",1
"1092023",1128.12,7.02830780937846,0.39,6,0,46,50,50,3.91202300542815,"B","Diesel",1
"1092127",1128,7.028201432058,1,6,6,48,50,1313,7.1800698743028,"D","Diesel",1
"1092300",506.91,6.22833347304067,1,6,9,25,60,27000,10.2035921449865,"F","Regular",1
"1092408",1128.12,7.02830780937846,0.45,6,12,45,50,1313,7.1800698743028,"D","Diesel",1
"1092597",1706.49,7.44219390838233,0.13,7,7,47,50,218,5.38449506278909,"C","Diesel",1
"1092751",329.4,5.79727281774354,0.12,7,15,27,80,16,2.77258872223978,"A","Regular",1
"1092796",1977.54,7.58960892699729,1,12,7,36,112,273,5.60947179518496,"C","Diesel",2
"1092862",1128,7.028201432058,0.5,4,13,48,58,9,2.19722457733622,"A","Diesel",1
"1093052",32.52,3.48185528467961,0.39,5,5,24,76,67,4.20469261939097,"B","Diesel",1
"1093213",1113.93,7.01564958188815,1,10,6,50,74,322,5.77455154554441,"C","Diesel",2
"1093433",756.25,6.62837200934505,1,7,7,48,61,209,5.34233425196481,"C","Regular",1
"1094245",15244.9,9.63200029987313,0.99,4,8,52,67,1466,7.2902928824466,"D","Regular",1
"1094437",1128,7.028201432058,1,6,6,24,76,1962,7.58171964012531,"D","Regular",1
"1094503",1128.12,7.02830780937846,0.8,7,2,61,62,9307,9.13852208418571,"E","Diesel",1
"1094624",897.6,6.79972453476843,1,7,1,35,95,1323,7.18765716411496,"D","Diesel",1
"1094669",1128,7.028201432058,1,8,5,56,50,1323,7.18765716411496,"D","Diesel",1
"1094850",6356.79,8.75727881194055,0.9,6,6,34,50,3973,8.2872767558146,"E","Diesel",1
"1095216",4925.76,8.50223385642171,0.47,6,7,52,50,27000,10.2035921449865,"F","Diesel",1
"1095241",70.2,4.25134831103177,1,5,2,54,57,9307,9.13852208418571,"E","Diesel",1
"1095536",1128,7.028201432058,1,9,2,45,68,4087,8.31556648356428,"E","Regular",1
"1095623",1128,7.028201432058,1,11,5,46,50,4087,8.31556648356428,"E","Regular",1
"1095817",3430.15,8.14035927098221,0.6,7,5,41,50,298,5.6970934865054,"C","Regular",1
"1096484",1323.71,7.18819367927304,1,6,7,21,118,29,3.36729582998647,"A","Diesel",1
"1096583",201.35,5.30504468729746,0.25,4,12,47,50,81,4.39444915467244,"B","Diesel",1
"1096763",255013.03,12.4490699208743,1,4,12,27,90,319,5.76519110278484,"C","Regular",1
"1097272",83.51,4.42496638516514,0.7,4,0,28,80,387,5.95842469302978,"C","Regular",1
"109793",564.06,6.33516062881851,0.83,6,9,31,51,837,6.72982407048948,"D","Diesel",1
"1097988",100.35,4.60866407524235,1,6,3,45,56,282,5.64190707093811,"C","Regular",1
"1098070",76.63,4.33898864498231,0.98,5,14,21,95,46,3.8286413964891,"A","Diesel",1
"1098118",3623.2,8.195112892242,1,5,10,47,71,23,3.13549421592915,"A","Diesel",1
"1098490",82.41,4.41170678877529,0.18,5,4,56,50,1110,7.01211529430638,"D","Diesel",1
"109859",1128.12,7.02830780937846,0.3,4,9,19,100,34,3.52636052461616,"A","Regular",1
"1098806",1128,7.028201432058,1,5,17,43,81,1054,6.96034772910131,"D","Regular",1
"1098838",1128.12,7.02830780937846,1,8,11,38,62,1054,6.96034772910131,"D","Diesel",1
"1099030",1128.12,7.02830780937846,0.13,8,5,29,90,1054,6.96034772910131,"D","Regular",1
"1099093",1128,7.028201432058,0.93,9,15,67,132,1054,6.96034772910131,"D","Diesel",1
"1099411",1149.54,7.04711714133596,1,5,1,47,50,1054,6.96034772910131,"D","Diesel",1
"1099497",6503.77,8.78013728774874,0.69,7,14,43,50,5328,8.58073121222023,"E","Diesel",2
"1099591",13518.75,9.51183288970137,0.25,7,13,35,76,330,5.79909265446053,"C","Diesel",1
"1099869",23.8,3.16968558067743,0.96,5,7,35,68,3744,8.22790983759748,"E","Diesel",1
"1099879",1128.12,7.02830780937846,0.48,6,7,46,50,2715,7.90654723236804,"E","Regular",1
"1099922",419.5,6.03906352590726,0.41,7,6,54,76,3317,8.10681603894705,"E","Regular",1
"1100108",1614.54,7.3868053653637,0.35,5,4,35,54,235,5.45958551414416,"C","Diesel",1
"1100156",1128,7.028201432058,1,6,1,57,50,738,6.60394382460047,"D","Diesel",1
"1100273",922.94,6.82756422697279,0.94,5,1,48,69,15,2.70805020110221,"A","Diesel",1
"110065",598.94,6.3951614261535,0.48,6,17,34,52,3430,8.14031554015999,"E","Regular",1
"1100785",1128.12,7.02830780937846,1,4,5,47,50,94,4.54329478227,"B","Regular",1
"1100946",65.63,4.18403290848563,1,7,11,57,50,30,3.40119738166216,"A","Regular",1
"1101286",1128,7.028201432058,0.43,5,6,23,90,2740,7.91571319938212,"E","Regular",1
"1101315",794.01,6.67709605562626,1,11,1,45,58,1862,7.52940645783701,"D","Diesel",1
"1101423",3784.65,8.2387086913185,0.03,6,0,21,90,182,5.2040066870768,"C","Regular",1
"1101507",4249.03,8.35444600057471,0.18,7,8,27,64,2472,7.81278281857758,"E","Regular",1
"1101653",1128.12,7.02830780937846,0.86,4,10,31,95,5449,8.6031873845831,"E","Diesel",1
"1101880",1402.53,7.24603302754241,0.21,8,15,51,50,745,6.61338421837956,"D","Regular",2
"1101905",3051.36,8.02334267185621,0.39,6,6,31,85,465,6.14203740558736,"C","Diesel",1
"1102002",1128.12,7.02830780937846,0.08,4,18,55,90,260,5.56068163101553,"C","Regular",1
"1102119",1693.25,7.43440503809501,0.36,6,7,36,51,6570,8.79026911147866,"E","Regular",1
"1102374",1406.6,7.24893072387392,1,5,2,51,60,172,5.14749447681345,"C","Diesel",2
"1102537",9132.27,9.11956957357266,1,7,13,50,67,148,4.99721227376411,"C","Regular",1
"1103247",206.53,5.33044568029956,0.7,5,12,22,90,478,6.16961073249146,"C","Regular",1
"110342",13738.86,9.52798359290187,0.89,6,12,33,95,70,4.24849524204936,"B","Regular",1
"1103447",1128.12,7.02830780937846,1,6,1,44,52,117,4.76217393479776,"C","Diesel",1
"110346",878.76,6.77851182286098,1,4,8,40,65,109,4.69134788222914,"C","Regular",1
"1103609",1128,7.028201432058,1,9,9,40,64,3317,8.10681603894705,"E","Regular",1
"1103773",12957.3,9.46941461486853,0.28,6,0,40,63,721,6.58063913728495,"D","Regular",1
"1103941",1787.15,7.48837745120021,0.74,8,21,47,50,166,5.11198778835654,"C","Diesel",2
"1104024",1128,7.028201432058,0.45,6,10,48,67,8,2.07944154167984,"A","Diesel",1
"1104072",497.84,6.21027874026096,0.74,12,6,44,85,1313,7.1800698743028,"D","Diesel",1
"1104095",6235.18,8.73796272698371,0.58,5,1,49,50,83,4.4188406077966,"B","Regular",1
"1104661",1128.12,7.02830780937846,1,5,8,37,68,357,5.87773578177964,"C","Diesel",1
"1104715",160.89,5.08072090166294,1,10,4,49,52,8455,9.04251326133268,"E","Regular",1
"1104903",1128,7.028201432058,1,6,1,36,85,710,6.56526497003536,"D","Regular",1
"1104995",1358.22,7.21393029794309,0.09,7,12,19,100,8455,9.04251326133268,"E","Regular",1
"1105097",262.91,5.57181176828897,0.94,6,7,22,95,2733,7.91315518592807,"E","Diesel",2
"1105350",1128,7.028201432058,1,7,11,31,68,213,5.36129216570943,"C","Diesel",1
"1105630",201.6,5.30628553619721,0.37,5,15,27,60,132,4.88280192258637,"C","Regular",1
"1105666",263.4,5.57367378930918,0.82,5,1,28,71,149,5.00394630594546,"C","Diesel",1
"1106093",16373.02,9.70339013716199,1,6,5,46,50,133,4.89034912822175,"C","Diesel",1
"1106397",253.73,5.53627070951573,0.41,7,8,49,50,886,6.78671695060508,"D","Diesel",1
"1106449",2820.18,7.94455599168236,0.64,4,25,30,100,886,6.78671695060508,"D","Regular",3
"110656",716.96,6.57502005103783,0.37,6,12,19,100,625,6.4377516497364,"D","Diesel",1
"1106576",75.45,4.32347018521386,1,7,9,40,50,263,5.57215403217776,"C","Regular",1
"1106890",2068.83,7.63473850907254,0.08,5,1,29,76,4650,8.4446224985814,"E","Diesel",1
"1106920",1444.06,7.27521386983608,0.69,7,9,32,55,4393,8.38776764397578,"E","Regular",1
"1106978",2363.32,7.76782268909321,1,9,1,36,90,27000,10.2035921449865,"F","Regular",1
"1107055",1402.87,7.24627541722065,1,7,2,56,56,4436,8.39750834847026,"E","Diesel",1
"1107367",187.89,5.23585668520543,0.2,5,14,23,81,1600,7.37775890822787,"D","Diesel",1
"110846",1404185.52,14.1549679915907,0.43,6,13,20,100,203,5.31320597904179,"C","Regular",2
"1108460",1128,7.028201432058,0.28,4,0,44,55,149,5.00394630594546,"C","Regular",1
"1108563",1128.12,7.02830780937846,0.19,8,8,59,68,2715,7.90654723236804,"E","Diesel",1
"1108989",1128.12,7.02830780937846,0.53,7,8,24,112,57,4.04305126783455,"B","Diesel",1
"110913",1201.58,7.09139263639732,0.39,7,16,41,50,741,6.60800062529609,"D","Regular",1
"1109277",2121.28,7.65977495905303,0.8,8,14,54,77,43,3.76120011569356,"A","Regular",1
"1109772",1030.95,6.93823598623572,0.66,5,16,37,51,54,3.98898404656427,"B","Regular",1
"1110114",4081.17,8.31413899099495,1,6,2,33,50,67,4.20469261939097,"B","Regular",1
"1110223",564.06,6.33516062881851,1,11,1,45,77,368,5.90808293816893,"C","Regular",1
"1110264",1357.1,7.21310534908732,1,9,9,62,50,116,4.75359019110636,"C","Regular",1
"1110417",1128,7.028201432058,1,7,6,19,118,93,4.53259949315326,"B","Regular",1
"1110729",511.06,6.23648700014063,0.31,8,10,36,50,120,4.78749174278205,"C","Regular",1
"1110859",604.21,6.4039218196266,1,8,10,50,50,741,6.60800062529609,"D","Regular",1
"1110959",96.24,4.56684507166642,0.85,7,16,42,95,563,6.33327962813969,"D","Diesel",1
"1111170",4312.63,8.3693032058128,0.77,5,9,19,95,57,4.04305126783455,"B","Regular",1
"1111184",1128,7.028201432058,1,5,6,39,50,130,4.86753445045558,"C","Diesel",1
"1111474",607.31,6.40903936909432,0.06,4,8,37,59,313,5.74620319054015,"C","Regular",1
"1111566",1128.12,7.02830780937846,1,4,1,56,60,426,6.05443934626937,"C","Regular",1
"1111609",279.75,5.63389634719203,1,6,7,28,85,1326,7.18992217074581,"D","Diesel",2
"1111637",4010.67,8.29671358863819,0.35,7,6,40,62,199,5.29330482472449,"C","Diesel",1
"1111986",1639.88,7.40237834740943,0.69,5,6,46,80,83,4.4188406077966,"B","Diesel",1
"1111988",240.7,5.48355134478903,0.22,7,4,46,100,83,4.4188406077966,"B","Diesel",1
"1112086",85.96,4.45388207177431,0.46,7,11,28,85,2740,7.91571319938212,"E","Regular",1
"1112505",1128.12,7.02830780937846,0.13,7,9,20,100,63,4.14313472639153,"B","Regular",1
"1112559",289.35,5.66763702801985,0.13,6,6,22,90,1704,7.44073370738926,"D","Diesel",1
"1112707",1600.15,7.37785265383362,1,7,8,28,51,613,6.41836493593621,"D","Diesel",1
"1112739",3219.72,8.07704967823578,0.69,7,18,40,76,3744,8.22790983759748,"E","Regular",1
"1113041",289.52,5.66822437925549,0.04,5,1,26,64,125,4.8283137373023,"C","Regular",1
"1113301",1128,7.028201432058,1,6,15,54,95,9307,9.13852208418571,"E","Regular",1
"1113383",3642.51,8.20042828343278,0.15,5,8,36,60,8549,9.05356959602623,"E","Regular",1
"1113409",2458.93,7.80748157495456,0.07,7,8,55,71,83,4.4188406077966,"B","Diesel",1
"1113638",1327.56,7.19109794983482,0.77,7,7,23,148,634,6.45204895443723,"D","Diesel",1
"1113677",864.24,6.76185050800873,0.08,6,13,20,100,634,6.45204895443723,"D","Diesel",1
"1114033",1561.35,7.35330611062959,0.75,5,2,39,50,386,5.95583736946483,"C","Regular",1
"1114249",2885.4,7.96741881751167,1,7,7,44,78,3859,8.25816336153762,"E","Diesel",1
"1114268",1241.77,7.12429306015935,0.76,9,2,25,76,8455,9.04251326133268,"E","Diesel",2
"1114460",2652.11,7.88311082857527,0.41,8,0,32,56,1228,7.11314210870709,"D","Regular",1
"1114491",286.58,5.65801772928846,0.5,7,13,36,53,1294,7.16549347506085,"D","Regular",1
"1114589",96.8,4.57264699428253,1,5,5,21,85,14,2.63905732961526,"A","Diesel",1
"1114601",82.08,4.40769438142246,0.75,5,10,23,100,178,5.18178355029209,"C","Diesel",1
"1114845",842.46,6.73632618335461,1,7,4,44,50,44,3.78418963391826,"A","Diesel",1
"1114936",1128.12,7.02830780937846,0.32,4,13,62,50,1313,7.1800698743028,"D","Regular",1
"1115387",1128,7.028201432058,0.2,5,3,32,50,229,5.43372200355424,"C","Diesel",1
"1115468",1673.08,7.42242151813406,0.55,10,7,42,95,1313,7.1800698743028,"D","Regular",1
"1115520",1128.12,7.02830780937846,0.35,9,1,37,50,10,2.30258509299405,"A","Diesel",1
"1115711",6163.52,8.72640332189586,0.83,5,16,27,80,1397,7.24208235925696,"D","Diesel",1
"1115898",1128,7.028201432058,0.61,6,7,54,58,44,3.78418963391826,"A","Diesel",1
"1116032",1280.57,7.15506057029148,0.19,6,9,57,50,186,5.2257466737132,"C","Regular",1
"1116549",523.6,6.26072803403575,0.41,8,5,26,64,17140,9.74917019215177,"F","Regular",1
"1116648",1931.83,7.56622301918254,0.68,6,3,52,50,158,5.06259503302697,"C","Diesel",1
"1116733",78.24,4.35978102572656,0.48,9,11,21,90,37,3.61091791264422,"A","Regular",1
"1116736",1128,7.028201432058,0.41,5,0,31,81,4436,8.39750834847026,"E","Diesel",1
"1116822",1128.12,7.02830780937846,0.6,4,18,37,50,695,6.54391184556479,"D","Regular",1
"1116877",3813.55,8.2463157928334,1,8,11,29,74,45,3.80666248977032,"A","Regular",2
"1116902",2914.61,7.97749129909625,1,5,6,63,70,3368,8.12207437536222,"E","Diesel",1
"1117221",76.63,4.33898864498231,0.49,6,2,32,50,37,3.61091791264422,"A","Diesel",1
"1117225",8720.11,9.07338713150236,0.21,5,16,19,63,44,3.78418963391826,"A","Diesel",2
"1117571",1128.12,7.02830780937846,0.83,4,18,47,50,31,3.43398720448515,"A","Regular",1
"1117854",1128,7.028201432058,0.94,5,3,38,58,1622,7.39141523467536,"D","Regular",1
"1117862",3837.36,8.25253990914528,0.62,9,8,51,85,5449,8.6031873845831,"E","Regular",1
"1117963",1720.57,7.45041091025703,0.12,4,5,27,85,745,6.61338421837956,"D","Regular",1
"1118070",302.21,5.71112213995959,0.77,11,1,35,50,247,5.50938833662798,"C","Diesel",1
"1118092",2438,7.79893331004122,0.62,5,4,24,90,473,6.15909538849193,"C","Diesel",1
"1118299",1128.12,7.02830780937846,0.8,4,14,42,95,9307,9.13852208418571,"E","Regular",1
"1118440",359.58,5.88493668369815,0.4,8,9,23,95,15,2.70805020110221,"A","Regular",1
"1118524",1128.12,7.02830780937846,0.17,7,14,21,100,376,5.9295891433899,"C","Regular",1
"1118529",34.91,3.55277332111694,0.91,7,14,48,50,1054,6.96034772910131,"D","Regular",1
"1118631",1128.12,7.02830780937846,0.7,5,13,22,125,1054,6.96034772910131,"D","Regular",1
"1118685",1030.81,6.9381001799341,0.43,10,0,48,58,30,3.40119738166216,"A","Diesel",1
"1118703",564.06,6.33516062881851,0.17,5,3,58,50,167,5.11799381241676,"C","Regular",1
"1118709",2256,7.72134861261795,0.53,7,6,21,156,127,4.84418708645859,"C","Diesel",2
"111880",476.72,6.16692931643872,0.75,4,7,51,64,303,5.71373280550937,"C","Regular",1
"1118830",39.3,3.67122451887522,0.34,5,16,18,95,51,3.93182563272433,"B","Diesel",1
"111900",1129.17,7.02923812854501,0.28,4,8,26,95,2740,7.91571319938212,"E","Regular",1
"1119227",3439.12,8.14297090368798,0.59,10,0,47,62,4646,8.44376191333035,"E","Regular",1
"1119503",8750.45,9.07686040660069,0.39,7,11,50,55,388,5.96100533962327,"C","Regular",1
"1119684",1253.93,7.13403789826318,0.89,6,1,33,50,1101,7.00397413672268,"D","Diesel",1
"1119691",1609.49,7.3836726376099,0.78,4,6,40,100,2740,7.91571319938212,"E","Diesel",1
"1119798",57.93,4.05923538510853,0.23,5,14,48,50,138,4.9272536851572,"C","Regular",1
"1119965",4680.56,8.45117303987289,0.69,6,13,57,95,3095,8.0375431851187,"E","Diesel",2
"1119992",3862.14,8.25897671297875,0.46,5,3,49,50,3095,8.0375431851187,"E","Regular",1
"1120003",1687.51,7.43100934865505,1,7,7,42,125,492,6.19847871649231,"C","Regular",1
"1120139",159.41,5.07147949964556,0.79,4,13,38,50,1466,7.2902928824466,"D","Regular",1
"1120355",16945.63,9.73776526245891,0.42,4,9,51,59,60,4.0943445622221,"B","Diesel",1
"112039",1128.12,7.02830780937846,0.29,6,4,31,104,3095,8.0375431851187,"E","Diesel",1
"1120432",443.01,6.09359234315379,0.87,5,2,41,50,515,6.24416690066374,"D","Regular",1
"1120598",1280.57,7.15506057029148,1,5,2,32,125,3233,8.08116577772543,"E","Regular",2
"1120612",1581.26,7.3659772765665,0.95,7,12,31,118,8549,9.05356959602623,"E","Regular",3
"1120768",1128.12,7.02830780937846,0.6,8,0,32,50,9307,9.13852208418571,"E","Diesel",1
"1120822",1356.79,7.21287689472746,0.29,7,5,46,59,1313,7.1800698743028,"D","Regular",1
"1120952",2906.15,7.97458446014153,0.66,5,16,23,85,150,5.01063529409626,"C","Regular",1
"1120967",301.05,5.70727636391046,0.68,6,2,38,85,1313,7.1800698743028,"D","Diesel",1
"1121069",268.93,5.59445112268962,0.87,5,2,37,50,354,5.86929691313377,"C","Regular",1
"1121585",763.2,6.63752012013408,1,6,6,29,50,1629,7.39572160860205,"D","Diesel",1
"1121622",1128.12,7.02830780937846,1,7,6,63,50,3744,8.22790983759748,"E","Regular",1
"1121737",1148,7.04577657687951,0.49,4,5,20,100,30,3.40119738166216,"A","Regular",1
"1121910",67.16,4.20707783220934,0.5,6,5,23,71,1466,7.2902928824466,"D","Diesel",1
"1121927",78.46,4.36258894078141,0.66,5,2,51,50,1571,7.35946763825562,"D","Diesel",1
"1121990",3160.85,8.05859625775212,0.25,6,6,51,62,1557,7.350516171834,"D","Diesel",1
"1122148",1626.8,7.39437017403307,0.11,7,15,54,64,4348,8.3774712482411,"E","Regular",1
"1122155",811.26,6.69858859459872,0.75,4,5,53,50,48,3.87120101090789,"A","Regular",1
"1122167",1128.12,7.02830780937846,0.32,12,0,61,50,570,6.3456363608286,"D","Diesel",1
"1122189",1447.42,7.2775379402169,0.32,5,1,50,50,98,4.58496747867057,"B","Regular",1
"1122246",1128,7.028201432058,0.39,7,0,38,67,4348,8.3774712482411,"E","Diesel",1
"1122478",3137.83,8.05128675719195,0.88,4,1,36,50,262,5.5683445037611,"C","Regular",1
"1122497",1150.22,7.04770850740878,0.43,7,12,36,76,4762,8.46842302704681,"E","Regular",1
"1122510",1128.12,7.02830780937846,0.36,6,10,33,76,709,6.56385552653213,"D","Diesel",1
"1122521",1914.98,7.55746245769598,0.27,10,15,53,50,4762,8.46842302704681,"E","Regular",1
"1122539",1128,7.028201432058,0.7,8,15,76,76,1601,7.37838371299671,"D","Diesel",1
"1122847",1128.12,7.02830780937846,0.75,6,9,54,62,41,3.71357206670431,"A","Diesel",1
"1122927",50.07,3.91342202634185,0.44,4,14,49,54,25,3.2188758248682,"A","Regular",1
"1122952",783.92,6.66430697432756,0.29,6,12,45,61,25,3.2188758248682,"A","Diesel",1
"1122963",77.5,4.3502779363593,0.00547945205479452,6,11,34,100,91,4.51085950651685,"B","Regular",1
"1123180",1488.49,7.30551746226061,0.47,11,4,36,76,4998,8.5167931113949,"E","Regular",1
"1123206",943.59,6.84969174976647,0.25,5,8,34,64,2733,7.91315518592807,"E","Diesel",1
"1123258",215.43,5.37263603079034,0.12,9,11,55,50,4128,8.3255483071614,"E","Diesel",1
"1123300",1692.12,7.43373745963714,0.73,6,6,37,69,1457,7.2841348061952,"D","Diesel",2
"1123356",564,6.33505425149806,0.99,8,14,34,60,3744,8.22790983759748,"E","Regular",1
"1123364",1004.61,6.91235468547703,0.98,4,7,38,50,1232,7.11639414409346,"D","Diesel",1
"1123379",1201.05,7.09095145318675,0.08,9,10,47,50,3744,8.22790983759748,"E","Regular",1
"1123439",2619.17,7.87061275267223,0.81,10,6,58,50,1629,7.39572160860205,"D","Diesel",1
"1123568",450.92,6.11128994017633,0.42,8,15,19,90,26,3.25809653802148,"A","Regular",1
"1123819",1128,7.028201432058,0.03,5,17,46,100,3688,8.21283958467648,"E","Regular",1
"1123861",305.02,5.72037734822804,0.32,6,6,33,85,2044,7.6226639513236,"E","Diesel",1
"1123890",3817.96,8.24747152754145,0.07,9,8,20,100,4116,8.32263709695394,"E","Regular",1
"1123934",1447.1,7.27731683274395,0.31,6,10,53,62,53,3.97029191355212,"B","Diesel",1
"1124045",1128,7.028201432058,0.19,7,7,43,100,3657,8.20439841814938,"E","Diesel",1
"1124057",1128,7.028201432058,0.06,4,12,59,100,2897,7.97143099776935,"E","Regular",1
"1124070",5805.3,8.66652657238321,0.16,5,12,18,100,3657,8.20439841814938,"E","Diesel",1
"1124311",1128,7.028201432058,0.42,4,13,78,50,214,5.36597601502185,"C","Regular",1
"1124373",743.18,6.61093827648091,0.61,9,15,45,95,383,5.94803498918065,"C","Regular",1
"1124405",1128.12,7.02830780937846,0.49,10,14,54,50,3744,8.22790983759748,"E","Diesel",1
"1124428",904.06,6.80689572987109,0.39,4,12,46,62,3744,8.22790983759748,"E","Regular",1
"1124441",213.37,5.36302774791679,0.34,6,14,59,68,345,5.84354441703136,"C","Regular",1
"1124591",78.22,4.35952536932737,0.29,8,14,22,100,208,5.33753807970132,"C","Diesel",1
"1124592",1128,7.028201432058,0.26,5,16,22,100,208,5.33753807970132,"C","Diesel",1
"1124629",1128.12,7.02830780937846,0.56,6,11,48,62,568,6.34212141872115,"D","Regular",1
"1124641",1128,7.028201432058,0.35,7,9,51,62,64,4.15888308335967,"B","Diesel",1
"1125430",1128,7.028201432058,0.66,6,10,42,58,170,5.13579843705026,"C","Diesel",1
"1126399",1199.65,7.08978512656643,1,6,4,76,50,3866,8.25997565976828,"E","Diesel",2
"1126447",1128,7.028201432058,1,6,15,69,50,283,5.64544689764324,"C","Regular",1
"1126581",1215.48,7.10289433948671,1,6,6,47,50,1526,7.3304052118444,"D","Diesel",1
"1127326",1128.12,7.02830780937846,1,6,6,69,59,39,3.66356164612965,"A","Diesel",1
"1127849",363.58,5.89599935528992,1,5,11,38,50,193,5.26269018890489,"C","Diesel",1
"1127948",66.41,4.19584764755262,0.74,10,1,51,50,182,5.2040066870768,"C","Diesel",1
"1128356",553.54,6.31633401692687,0.38,9,13,47,50,27000,10.2035921449865,"F","Regular",1
"1128376",1128.12,7.02830780937846,1,7,15,77,50,3744,8.22790983759748,"E","Regular",1
"1128495",1128.12,7.02830780937846,1,7,13,40,50,19,2.94443897916644,"A","Diesel",1
"1128872",60.17,4.09717388923226,1,7,1,49,50,745,6.61338421837956,"D","Regular",1
"1129494",427.72,6.05846877588846,1,5,2,56,50,125,4.8283137373023,"C","Regular",1
"1129553",5646.08,8.63871677803647,0.85,5,9,67,50,4116,8.32263709695394,"E","Diesel",2
"1130448",378.21,5.93544959691129,0.47,6,2,24,80,102,4.62497281328427,"C","Diesel",1
"1130738",1128,7.028201432058,1,6,3,41,50,27,3.29583686600433,"A","Diesel",1
"1131259",65.27,4.17853251264713,0.61,6,3,55,50,295,5.68697535633982,"C","Diesel",1
"1131685",76.62,4.3388581392725,0.97,5,1,46,50,27,3.29583686600433,"A","Diesel",1
"1131989",65,4.17438726989564,1,14,4,54,50,1193,7.08422642209792,"D","Regular",1
"113216",1301.04,7.17091922362019,0.61,7,6,35,50,740,6.60665018619822,"D","Regular",1
"1132930",85.88,4.45295097301058,0.81,5,16,36,50,61,4.11087386417331,"B","Diesel",1
"1133747",1128.12,7.02830780937846,1,11,4,62,50,9307,9.13852208418571,"E","Regular",1
"1133787",585.81,6.37299550492052,1,6,8,57,50,25,3.2188758248682,"A","Regular",1
"1134318",1128.12,7.02830780937846,1,7,2,59,77,378,5.93489419561959,"C","Diesel",1
"1134609",1128.12,7.02830780937846,1,6,5,44,68,354,5.86929691313377,"C","Diesel",1
"1134679",204.09,5.31856107302508,1,6,10,52,56,66,4.18965474202643,"B","Diesel",1
"1134701",156.78,5.05484354876058,1,5,13,35,50,333,5.80814248998044,"C","Diesel",1
"1135094",1128,7.028201432058,0.11,7,12,35,75,155,5.04342511691925,"C","Diesel",1
"1135438",1128.12,7.02830780937846,1,7,6,55,50,22,3.09104245335832,"A","Diesel",1
"1135696",1128.12,7.02830780937846,0.74,6,6,34,62,53,3.97029191355212,"B","Diesel",1
"1136195",10298.77,9.23977974961116,0.9,5,1,73,62,299,5.70044357339069,"C","Diesel",1
"1136334",1128,7.028201432058,1,5,9,39,50,399,5.98896141688986,"C","Regular",1
"1136349",69.65,4.24348270022581,0.64,4,19,69,50,405,6.00388706710654,"C","Regular",1
"1136771",1128.12,7.02830780937846,1,5,18,34,71,111,4.70953020131233,"C","Diesel",1
"1136840",1571.74,7.35993856490795,1,5,6,38,50,1729,7.45529848568329,"D","Diesel",1
"1136983",1128.12,7.02830780937846,1,5,12,60,58,37,3.61091791264422,"A","Diesel",1
"1138137",2465.95,7.81033240776853,0.49,5,8,46,50,745,6.61338421837956,"D","Diesel",2
"1138140",21.29,3.05823747890539,0.73,5,5,40,50,358,5.8805329864007,"C","Diesel",1
"1138472",1128.12,7.02830780937846,1,7,9,71,50,28,3.3322045101752,"A","Regular",1
"1138885",435.37,6.07619624426765,1,4,4,52,50,4128,8.3255483071614,"E","Regular",1
"1139118",1128,7.028201432058,0.44,10,2,41,50,3386,8.12740456269308,"E","Regular",1
"1139382",1011.93,6.91961467749458,1,5,5,30,50,40,3.68887945411394,"A","Diesel",1
"1139384",284.84,5.65192761911392,0.89,5,16,45,50,64,4.15888308335967,"B","Regular",1
"1139423",1128.12,7.02830780937846,0.37,6,7,42,50,88,4.47733681447821,"B","Diesel",1
"1139462",26.25,3.26766598903763,1,6,14,31,57,5,1.6094379124341,"A","Diesel",1
"1139465",1128.12,7.02830780937846,0.67,7,12,47,76,23,3.13549421592915,"A","Diesel",1
"1140127",1128,7.028201432058,0.85,7,6,40,50,3386,8.12740456269308,"E","Diesel",1
"1140194",315.22,5.7532708077474,1,6,7,36,50,97,4.57471097850338,"B","Diesel",1
"1140302",1128.12,7.02830780937846,1,4,10,65,50,229,5.43372200355424,"C","Regular",1
"1140625",76.22,4.33362389544571,0.9,7,0,37,50,91,4.51085950651685,"B","Diesel",1
"1140963",731.67,6.59532959263944,0.19,4,18,44,50,3657,8.20439841814938,"E","Regular",1
"1141300",95.22,4.55619000376637,0.75,7,2,59,50,1579,7.36454701425564,"D","Regular",1
"1141342",2256.25,7.72145942208119,1,8,7,65,50,634,6.45204895443723,"D","Diesel",1
"1141711",2256.12,7.72140180269269,1,8,9,62,72,1974,7.58781721999343,"D","Diesel",2
"1141907",959.71,6.86663115549219,1,5,4,42,50,713,6.5694814204143,"D","Regular",1
"1142146",2558.86,7.84731712579255,0.49,6,6,33,54,657,6.48768401848461,"D","Diesel",1
"1142408",1865.38,7.53122006467423,1,6,4,72,50,20,2.99573227355399,"A","Diesel",1
"1142735",1128,7.028201432058,0.24,6,5,34,90,4172,8.33615081612066,"E","Regular",1
"1142862",3076.11,8.03142109071435,1,5,3,78,50,31,3.43398720448515,"A","Regular",1
"1142868",1128.12,7.02830780937846,1,8,5,45,68,1313,7.1800698743028,"D","Diesel",1
"1143128",1128.12,7.02830780937846,1,8,11,73,50,45,3.80666248977032,"A","Regular",1
"1143386",1507.09,7.31793591814385,0.51,11,13,36,54,238,5.47227067367148,"C","Regular",1
"1143787",591.22,6.38218819856111,1,6,12,35,63,109,4.69134788222914,"C","Diesel",1
"1144510",1128.12,7.02830780937846,1,6,14,79,56,9307,9.13852208418571,"E","Diesel",1
"1144662",85.97,4.45399839818635,1,7,15,61,72,5449,8.6031873845831,"E","Regular",1
"1144866",12.19,2.50061594349318,1,6,13,32,68,95,4.55387689160054,"B","Regular",1
"1144929",1652.12,7.409814590668,1,7,9,31,76,4128,8.3255483071614,"E","Regular",1
"1145459",1459.25,7.2856778840839,1,6,10,87,50,37,3.61091791264422,"A","Regular",1
"114585",14.98,2.70671597808907,0.32,7,5,44,50,4348,8.3774712482411,"E","Diesel",1
"1145924",1128,7.028201432058,1,6,8,42,50,57,4.04305126783455,"B","Diesel",1
"1146332",432.63,6.06988285924209,1,10,7,47,50,146,4.98360662170834,"C","Diesel",1
"1146710",403.58,6.00037473323774,1,5,10,54,50,10,2.30258509299405,"A","Diesel",1
"1147021",1128,7.028201432058,0.61,8,10,56,62,73,4.29045944114839,"B","Diesel",1
"1147161",18806.7,9.84196846830743,1,7,14,53,100,405,6.00388706710654,"C","Regular",1
"1148299",1128,7.028201432058,1,5,8,38,125,473,6.15909538849193,"C","Diesel",1
"1148801",2256.24,7.7214549899384,1,5,13,58,95,983,6.89060912014717,"D","Diesel",2
"1148946",1128.12,7.02830780937846,1,9,14,40,66,1846,7.5207764150628,"D","Regular",1
"1149148",1128.12,7.02830780937846,0.83,4,11,35,63,45,3.80666248977032,"A","Regular",1
"1149388",409.82,6.01571803890869,0.76,7,16,47,60,177,5.17614973257383,"C","Regular",1
"1149635",1128,7.028201432058,1,6,3,46,50,46,3.8286413964891,"A","Diesel",1
"1149710",69.29,4.23830059563929,0.5,6,5,36,60,116,4.75359019110636,"C","Diesel",1
"1149803",1589.31,7.37105523876125,0.27,7,3,36,50,91,4.51085950651685,"B","Diesel",1
"1149972",132.94,4.88989789861344,0.76,10,5,40,50,484,6.18208490671663,"C","Diesel",1
"1150280",527.72,6.26856584001558,0.46,5,9,31,72,169,5.12989871492307,"C","Regular",1
"1151578",1128.12,7.02830780937846,0.38,5,2,47,57,27000,10.2035921449865,"F","Regular",1
"1151598",1128.12,7.02830780937846,1,7,9,81,95,1313,7.1800698743028,"D","Regular",1
"115165",2154.87,7.67548567589225,0.04,7,8,19,100,2103,7.6511201757027,"E","Regular",2
"1151669",328.44,5.79435417284059,0.44,7,17,31,54,511,6.2363695902037,"D","Diesel",1
"115178",1128.12,7.02830780937846,0.17,5,14,44,61,139,4.93447393313069,"C","Regular",1
"1152552",634.41,6.452695433122,1,4,6,50,53,30,3.40119738166216,"A","Regular",1
"1153654",1128,7.028201432058,1,7,1,30,80,127,4.84418708645859,"C","Diesel",1
"1154082",1403.15,7.24647498814383,0.57,6,13,52,50,50,3.91202300542815,"B","Regular",1
"1154363",31,3.43398720448515,0.61,7,1,43,50,27000,10.2035921449865,"F","Regular",1
"1154472",1128,7.028201432058,1,11,12,40,50,511,6.2363695902037,"D","Regular",1
"1154926",1128.12,7.02830780937846,0.74,7,14,55,50,163,5.09375020080676,"C","Regular",1
"1155005",1558.33,7.35137001401496,0.96,6,12,43,50,102,4.62497281328427,"C","Diesel",1
"1155059",1128,7.028201432058,0.25,6,9,43,69,105,4.65396035015752,"C","Diesel",1
"1155076",1128.12,7.02830780937846,1,7,13,32,95,3866,8.25997565976828,"E","Regular",1
"115548",1128.12,7.02830780937846,0.45,5,6,21,125,1601,7.37838371299671,"D","Regular",1
"1156115",3744.56,8.22805939906218,0.88,6,1,41,77,42,3.73766961828337,"A","Diesel",1
"1156293",1128.12,7.02830780937846,1,7,14,52,50,64,4.15888308335967,"B","Regular",1
"1156890",969.46,6.87673921545095,0.19,10,0,49,50,79,4.36944785246702,"B","Regular",1
"1157494",824.73,6.715056060042,1,10,14,49,52,405,6.00388706710654,"C","Diesel",2
"1157708",1128.12,7.02830780937846,0.04,10,9,62,50,1508,7.3185395485679,"D","Diesel",1
"1157879",1049.48,6.95605008238544,0.6,5,0,42,56,133,4.89034912822175,"C","Regular",1
"1157895",385.13,5.95358093963035,0.12,8,0,54,50,1284,7.15773548424991,"D","Diesel",1
"1158135",5463.12,8.60577533410724,0.57,7,8,49,54,30,3.40119738166216,"A","Diesel",1
"1158488",1128,7.028201432058,1,7,7,44,95,17,2.83321334405622,"A","Diesel",1
"1158765",284.49,5.65069810356375,1,6,6,58,50,745,6.61338421837956,"D","Diesel",1
"1159286",1128,7.028201432058,1,8,3,40,50,522,6.25766758788264,"D","Diesel",1
"1159328",358.7,5.88248638453824,1,7,4,53,50,1974,7.58781721999343,"D","Diesel",1
"1159938",1128.12,7.02830780937846,0.76,5,4,25,90,9307,9.13852208418571,"E","Regular",1
"1160375",788.31,6.66989141351122,0.92,4,11,45,50,283,5.64544689764324,"C","Regular",1
"1160396",1361.46,7.21631293232123,0.89,7,15,61,50,4116,8.32263709695394,"E","Regular",1
"1160645",302.06,5.7106256731382,0.45,5,6,37,50,88,4.47733681447821,"B","Diesel",1
"1160658",237.86,5.4716822652991,1,5,3,47,60,1485,7.3031700512368,"D","Diesel",1
"1161207",3540.57,8.17204301011514,1,6,4,30,55,1313,7.1800698743028,"D","Diesel",1
"1161432",1292.88,7.16462756704039,1,10,8,44,50,448,6.10479323241498,"C","Diesel",1
"1161533",1128,7.028201432058,1,7,9,37,75,149,5.00394630594546,"C","Diesel",1
"1161551",1714.32,7.44677177951483,0.93,6,10,25,64,9307,9.13852208418571,"E","Regular",1
"1161649",9964.39,9.20677301652335,0.55,6,3,26,72,451,6.11146733950268,"C","Diesel",1
"1161805",1128,7.028201432058,1,6,2,56,50,94,4.54329478227,"B","Diesel",1
"1161839",99.55,4.60066003051021,0.96,7,15,31,100,511,6.2363695902037,"D","Diesel",1
"1162253",2777.35,7.9292525146549,1,4,6,35,56,490,6.19440539110467,"C","Regular",1
"1162295",430.02,6.06383171923388,1,9,1,50,78,29,3.36729582998647,"A","Diesel",1
"1162542",564.06,6.33516062881851,0.55,7,14,51,50,106,4.66343909411207,"C","Regular",1
"1162685",1128,7.028201432058,1,6,8,26,100,3021,8.01334318138667,"E","Diesel",1
"1162975",1128,7.028201432058,0.72,9,15,45,50,37,3.61091791264422,"A","Diesel",1
"1163216",153.16,5.03148312660909,0.72,7,33,33,51,3852,8.25634777291802,"E","Regular",1
"1164114",2639.7,7.87842055331962,0.38,7,8,43,50,57,4.04305126783455,"B","Regular",1
"1164339",1128.12,7.02830780937846,1,7,3,76,76,972,6.87935580446044,"D","Diesel",1
"1164417",65.64,4.18418526622189,1,5,3,36,50,8455,9.04251326133268,"E","Diesel",1
"1164530",1128.12,7.02830780937846,0.43,5,6,57,50,4087,8.31556648356428,"E","Regular",1
"1164556",237.73,5.47113557591018,0.91,6,7,42,90,32,3.46573590279973,"A","Diesel",1
"116458",1128.12,7.02830780937846,0.48,8,11,27,148,2715,7.90654723236804,"E","Diesel",1
"1164731",1128,7.028201432058,1,5,9,56,50,657,6.48768401848461,"D","Diesel",1
"116476",1128.12,7.02830780937846,0.64,6,7,44,63,159,5.06890420222023,"C","Regular",1
"1164844",1273.44,7.14947717905754,1,5,6,50,50,983,6.89060912014717,"D","Regular",1
"1164856",1128.12,7.02830780937846,1,7,5,37,63,3386,8.12740456269308,"E","Diesel",1
"1165194",335.63,5.8160093627313,0.11,7,15,28,90,94,4.54329478227,"B","Regular",1
"1165313",491.34,6.19713635251015,1,4,12,39,72,1054,6.96034772910131,"D","Regular",1
"1165338",42.86,3.75793899004543,0.62,4,18,52,50,741,6.60800062529609,"D","Regular",1
"1165955",1128.12,7.02830780937846,1,5,10,38,71,1182,7.07496319796604,"D","Diesel",1
"1166039",71.65,4.27179315427418,1,6,11,66,50,131,4.87519732320115,"C","Regular",1
"1166070",85.59,4.44956845389352,0.12,5,2,28,95,3021,8.01334318138667,"E","Diesel",1
"1166104",413.86,6.02552775238368,0.67,4,1,66,56,57,4.04305126783455,"B","Regular",1
"1166223",564.06,6.33516062881851,1,8,2,52,55,298,5.6970934865054,"C","Diesel",1
"1166352",2896.53,7.97126874781085,0.44,7,8,34,60,741,6.60800062529609,"D","Diesel",1
"1166361",1944.84,7.57293499045803,1,6,2,55,50,57,4.04305126783455,"B","Diesel",1
"1166476",564,6.33505425149806,1,6,14,39,60,91,4.51085950651685,"B","Diesel",1
"1166951",1314.89,7.18150829092288,1,7,11,41,50,48,3.87120101090789,"A","Regular",1
"1167250",1435.31,7.26913613273762,0.39,4,10,50,54,229,5.43372200355424,"C","Regular",1
"1167401",1128.12,7.02830780937846,1,4,7,37,52,27000,10.2035921449865,"F","Regular",1
"1169238",994.46,6.90219987626844,1,6,10,34,50,120,4.78749174278205,"C","Diesel",1
"1169486",97.79,4.58282232232418,0.28,10,18,68,58,820,6.7093043402583,"D","Diesel",1
"1169502",2583.45,7.85688099394986,1,6,17,61,53,3564,8.1786387885907,"E","Diesel",1
"1169591",1128,7.028201432058,0.59,11,16,42,95,563,6.33327962813969,"D","Diesel",1
"1169901",1128,7.028201432058,0.26,4,8,53,50,298,5.6970934865054,"C","Regular",1
"1169947",380.11,5.94046068451522,1,6,1,32,72,635,6.45362499889269,"D","Regular",1
"1170598",740.88,6.60783866886201,1,12,1,47,50,68,4.21950770517611,"B","Diesel",1
"1170781",1128.12,7.02830780937846,0.96,7,2,44,50,972,6.87935580446044,"D","Diesel",1
"1171679",1128.12,7.02830780937846,1,5,5,51,64,763,6.63725803128446,"D","Regular",1
"1172062",79.55,4.3763857547838,1,5,6,27,54,27,3.29583686600433,"A","Diesel",1
"1172256",1128,7.028201432058,1,9,12,44,50,405,6.00388706710654,"C","Regular",1
"1172756",1948.55,7.57484078521422,0.94,5,11,32,80,137,4.91998092582813,"C","Diesel",1
"1173096",1079.18,6.98395677247571,0.55,7,10,39,50,27,3.29583686600433,"A","Regular",1
"1173340",176.15,5.17133590478725,0.64,5,8,29,85,6736,8.81522155592216,"E","Diesel",1
"117386",1128.12,7.02830780937846,0.18,5,4,52,50,214,5.36597601502185,"C","Diesel",1
"1174044",331.44,5.80344679776915,0.64,6,13,51,54,745,6.61338421837956,"D","Regular",1
"1174358",178.26,5.18324315870257,0.14,7,10,49,50,22,3.09104245335832,"A","Regular",1
"1174560",1128.12,7.02830780937846,0.66,9,3,53,62,412,6.02102334934953,"C","Regular",1
"1174789",1128.12,7.02830780937846,0.49,7,1,35,62,15,2.70805020110221,"A","Diesel",1
"1174984",9500,9.15904707758863,0.5,5,6,48,62,197,5.28320372873799,"C","Diesel",1
"1175282",171.52,5.14469987788244,1,5,3,59,50,2132,7.66481578528574,"E","Diesel",1
"1175344",1128,7.028201432058,1,6,11,21,62,48,3.87120101090789,"A","Regular",1
"1176097",42.71,3.75443308485338,1,5,11,50,50,434,6.0730445341004,"C","Diesel",1
"1176467",1128.12,7.02830780937846,1,9,1,61,50,37,3.61091791264422,"A","Diesel",1
"1176504",1807.03,7.49943989255735,0.36,9,9,28,76,73,4.29045944114839,"B","Regular",1
"1176976",1128,7.028201432058,1,5,6,47,72,23,3.13549421592915,"A","Diesel",1
"1177020",76.63,4.33898864498231,0.49,4,5,20,62,91,4.51085950651685,"B","Regular",1
"1177088",3059.8,8.02610483333328,1,6,8,68,50,7,1.94591014905531,"A","Diesel",1
"1177177",445.18,6.09847869476246,0.49,5,2,57,50,43,3.76120011569356,"A","Regular",1
"1177192",1128.12,7.02830780937846,0.67,6,5,22,50,165,5.10594547390058,"C","Regular",1
"1177223",239.37,5.4780104719883,1,6,5,39,64,3963,8.28475659319044,"E","Regular",1
"1177489",1128.12,7.02830780937846,1,4,12,25,50,3366,8.12148037475075,"E","Diesel",1
"1177968",1690.92,7.43302803849501,0.65,6,11,60,50,905,6.80793494369993,"D","Regular",1
"1178325",1628.21,7.39523653087264,0.47,6,6,24,95,164,5.0998664278242,"C","Regular",1
"1178335",3408.68,8.13408039856207,0.41,5,12,22,100,64,4.15888308335967,"B","Regular",1
"1178433",63.86,4.15669318728664,1,6,1,30,68,2163,7.67925142595306,"E","Diesel",1
"1178614",1128.12,7.02830780937846,1,5,16,51,62,204,5.31811999384422,"C","Regular",1
"1178750",522.43,6.25849100357214,1,5,10,36,59,405,6.00388706710654,"C","Diesel",1
"1178856",440.33,6.08752444580285,0.61,9,12,51,75,1054,6.96034772910131,"D","Regular",1
"1178934",1494.29,7.30940645662832,0.98,5,0,61,73,3386,8.12740456269308,"E","Regular",2
"1178952",1128.12,7.02830780937846,1,6,8,50,50,182,5.2040066870768,"C","Diesel",1
"1179082",849.81,6.74501279508617,0.95,11,5,27,57,987,6.89467003943348,"D","Regular",2
"1179086",2256.24,7.7214549899384,0.81,6,13,59,58,334,5.8111409929767,"C","Diesel",2
"1179149",222.88,5.4066335100315,0.78,5,14,41,90,23,3.13549421592915,"A","Diesel",1
"1179182",1808.27,7.50012586608575,0.85,4,12,44,62,193,5.26269018890489,"C","Regular",1
"1179205",1128.12,7.02830780937846,0.72,4,12,47,58,11,2.39789527279837,"A","Diesel",1
"1179248",1428,7.26403014289953,1,10,12,69,50,59,4.07753744390572,"B","Diesel",1
"1179405",782.85,6.66294110675753,0.49,7,6,53,50,413,6.02344759296103,"C","Regular",1
"1179409",584.8,6.37126990843557,0.55,6,5,49,56,58,4.06044301054642,"B","Diesel",1
"1179586",1169.96,7.06472483917319,0.12,6,6,56,50,12,2.484906649788,"A","Diesel",1
"1180027",2359.27,7.76610752813583,0.93,7,12,43,68,2906,7.97453284413023,"E","Regular",1
"1180084",953.36,6.85999258678255,1,6,5,51,58,269,5.59471137960184,"C","Diesel",1
"1180131",1409.99,7.25133789114848,1,9,1,51,50,269,5.59471137960184,"C","Diesel",2
"1180228",1538.07,7.33828366268397,0.95,6,16,51,85,3963,8.28475659319044,"E","Regular",1
"1180480",2401.17,7.78371139754652,1,6,11,65,50,657,6.48768401848461,"D","Regular",1
"1180578",752.88,6.62390585255053,1,6,3,38,51,3866,8.25997565976828,"E","Diesel",1
"1180782",374.31,5.92508433109104,0.67,8,12,59,50,1622,7.39141523467536,"D","Diesel",1
"1180917",533.94,6.28028347309683,0.46,6,11,24,85,1326,7.18992217074581,"D","Diesel",1
"1181068",2323.33,7.7507567803652,0.96,5,10,48,72,7571,8.93208043810331,"E","Diesel",2
"1181394",4917.82,8.50062062186233,0.96,9,9,33,62,10068,9.21711735625521,"F","Regular",2
"1181498",1139.71,7.03852912306203,0.99,6,13,41,72,66,4.18965474202643,"B","Diesel",1
"1181896",69.53,4.24175831411093,1,6,6,45,50,3317,8.10681603894705,"E","Diesel",1
"1181949",514.6,6.24338989984764,0.98,6,1,51,50,111,4.70953020131233,"C","Diesel",1
"1182173",4718.02,8.45914449904299,0.5,6,5,47,50,1622,7.39141523467536,"D","Diesel",1
"1182205",3000,8.00636756765025,1,7,6,28,64,1028,6.93537044601511,"D","Diesel",1
"1182255",1459.16,7.28561620666364,0.56,6,14,48,50,3963,8.28475659319044,"E","Diesel",1
"1182348",1769.92,7.47868962680631,0.64,6,0,45,50,4128,8.3255483071614,"E","Diesel",1
"1182604",1500,7.3132203870903,0.93,5,11,43,57,6944,8.84563325634019,"E","Diesel",1
"1182725",1386.94,7.23485516054713,0.5,7,18,36,80,1326,7.18992217074581,"D","Regular",1
"1182929",1653.4,7.41058905281858,0.92,4,12,32,72,2426,7.793999089504,"E","Regular",1
"1182955",483.82,6.18171293671792,0.93,5,7,29,72,1296,7.16703787691222,"D","Diesel",1
"1183142",3000,8.00636756765025,0.5,12,10,53,50,65,4.17438726989564,"B","Regular",1
"1183393",558.63,6.32548735776178,0.49,6,13,44,50,125,4.8283137373023,"C","Diesel",1
"1183487",810.64,6.69782405914006,1,5,8,28,85,109,4.69134788222914,"C","Regular",1
"1183585",845.81,6.74029474809453,1,9,11,36,50,3744,8.22790983759748,"E","Regular",1
"1183616",812.35,6.69993128177576,0.72,7,1,47,50,4116,8.32263709695394,"E","Diesel",1
"1183718",4000,8.29404964010203,0.88,7,5,58,50,2163,7.67925142595306,"E","Regular",1
"1183746",12479.75,9.43186260967149,1,6,7,69,85,9307,9.13852208418571,"E","Diesel",1
"1183923",2295.33,7.7386319030074,0.5,7,12,46,68,1326,7.18992217074581,"D","Diesel",1
"1183925",368.01,5.90811011171277,0.47,9,10,69,50,270,5.59842195899838,"C","Regular",1
"1183988",480.57,6.1749728993815,1,4,5,55,59,1326,7.18992217074581,"D","Regular",1
"1184221",624.36,6.43672712509021,1,6,2,35,76,3859,8.25816336153762,"E","Diesel",1
"1184627",2076.15,7.63827049601082,0.5,9,17,46,75,4479,8.4071550862073,"E","Regular",1
"1184756",2357.45,7.76533580537496,0.5,4,11,45,50,6736,8.81522155592216,"E","Regular",1
"1184773",907.1,6.8102526976209,1,5,9,46,50,3744,8.22790983759748,"E","Diesel",1
"1185044",80.22,4.38477286034191,0.5,6,4,31,100,7187,8.88002911746844,"E","Regular",1
"1185193",4400,8.38935981990635,1,8,6,43,72,22669,10.0287536313685,"F","Regular",1
"1185260",271.36,5.60344635260354,0.86,6,11,62,50,77,4.34380542185368,"B","Diesel",1
"1185363",1886.78,7.54262695139633,0.52,5,7,23,95,4348,8.3774712482411,"E","Regular",1
"1185621",6485.94,8.77739203613067,0.15,8,12,39,80,49,3.89182029811063,"A","Regular",1
"1185744",3874.96,8.26229061915352,0.99,6,7,50,51,80,4.38202663467388,"B","Diesel",1
"1185786",203.31,5.31473190781613,0.7,4,17,33,80,3708,8.21824792668574,"E","Regular",1
"1185926",349.37,5.85613153253683,0.44,9,10,50,90,769,6.64509096950564,"D","Diesel",1
"1185944",899.18,6.80148323689919,0.55,4,12,55,50,27000,10.2035921449865,"F","Diesel",1
"1186331",1353.83,7.21069289167534,0.5,7,2,42,50,44,3.78418963391826,"A","Regular",1
"1186570",902.91,6.80562288067574,1,7,9,37,50,3317,8.10681603894705,"E","Diesel",1
"1186681",3656.58,8.20428356331756,0.5,4,2,31,85,269,5.59471137960184,"C","Regular",1
"1186742",676.76,6.5173167048906,0.5,7,4,27,85,69,4.23410650459726,"B","Regular",1
"1186778",80.22,4.38477286034191,0.5,6,3,27,72,6736,8.81522155592216,"E","Diesel",1
"1186793",2043.12,7.62223333024391,0.5,6,8,40,71,321,5.77144112313002,"C","Diesel",1
"1186852",1500,7.3132203870903,1,6,3,39,57,1943,7.57198844937744,"D","Diesel",1
"1187001",2157.53,7.67671932784353,0.94,7,9,50,58,123,4.81218435537242,"C","Diesel",2
"1187088",1203.7,7.09315542538569,0.93,6,3,25,72,44,3.78418963391826,"A","Diesel",1
"1187285",6156.66,8.72528970168756,0.28,6,6,30,100,18229,9.81076901153292,"F","Diesel",1
"1187328",1051.83,6.95828678328129,0.45,7,14,52,50,2446,7.80220931624712,"E","Regular",1
"1187469",1590.96,7.37209288660125,0.99,9,13,38,57,269,5.59471137960184,"C","Regular",1
"1187573",629.49,6.44490996773471,0.5,10,11,25,72,3064,8.02747653086048,"E","Regular",1
"1187575",1385.33,7.23369365738834,0.5,4,0,69,50,1442,7.2737863178449,"D","Regular",1
"1187608",1215.08,7.10256519722845,0.5,8,15,30,56,2733,7.91315518592807,"E","Diesel",1
"1187685",83,4.4188406077966,1,6,15,37,62,2191,7.69211333959547,"E","Regular",1
"1187790",2918.12,7.97869485229473,0.5,7,16,71,50,15,2.70805020110221,"A","Regular",1
"1187975",1531.8,7.33419879347549,0.33,6,6,36,66,8455,9.04251326133268,"E","Diesel",1
"1188137",1275.11,7.1507877283809,0.56,9,3,53,85,4762,8.46842302704681,"E","Regular",2
"1188138",9064.65,9.11213751240495,0.44,7,0,55,50,171,5.14166355650266,"C","Regular",1
"1188212",1681.45,7.42741179538288,0.94,7,10,28,80,18,2.89037175789616,"A","Diesel",1
"1188609",1021.76,6.92928190952642,0.43,7,5,37,68,875,6.77422388635761,"D","Diesel",1
"1188631",1244.55,7.1265292977784,1,4,2,80,68,189,5.24174701505964,"C","Regular",1
"1188670",1718.81,7.44938746989648,0.48,6,1,37,54,106,4.66343909411207,"C","Diesel",1
"1188708",68700,11.1375044782104,0.31,8,17,66,76,3317,8.10681603894705,"E","Regular",1
"1188724",1311.04,7.17857599435851,0.49,8,6,41,63,155,5.04342511691925,"C","Diesel",1
"1189062",2303.28,7.74208947297748,0.49,5,7,33,100,3317,8.10681603894705,"E","Diesel",1
"1189378",1104.82,7.00743770475527,0.49,5,5,29,64,561,6.3297209055227,"D","Diesel",1
"1189539",10000,9.21034037197618,0.33,5,0,19,100,89,4.48863636973214,"B","Regular",1
"1189613",316.22,5.756438173882,0.47,4,11,35,72,3317,8.10681603894705,"E","Diesel",1
"1189908",1517.46,7.32479316344292,0.53,9,4,32,68,3317,8.10681603894705,"E","Regular",1
"1190114",71.76,4.27332721775054,1,7,8,59,50,269,5.59471137960184,"C","Diesel",1
"1190155",498.97,6.21254597370374,0.44,8,7,47,70,1062,6.96790920180188,"D","Diesel",1
"1190267",2449.27,7.80354529995644,0.45,7,1,61,62,10156,9.22581994282457,"F","Regular",1
"1190396",104.42,4.64842122798241,0.49,14,7,54,64,1468,7.29165620917446,"D","Regular",1
"1190579",679.69,6.52163681187126,1,4,16,39,58,3963,8.28475659319044,"E","Regular",1
"1190790",1182.06,7.07501395809905,0.49,6,7,46,50,1326,7.18992217074581,"D","Diesel",1
"1190808",261.88,5.56788638357289,0.49,10,3,25,64,2472,7.81278281857758,"E","Diesel",1
"1190948",565.75,6.33815228451365,0.49,7,3,64,60,3963,8.28475659319044,"E","Diesel",1
"1191454",458.81,6.12863618100722,0.97,6,2,73,50,194,5.26785815906333,"C","Diesel",1
"1191714",290.81,5.67267013296358,0.08,4,18,29,76,2715,7.90654723236804,"E","Regular",1
"1192325",810.7,6.69789807199366,0.35,7,6,50,50,483,6.18001665365257,"C","Diesel",1
"1192556",381.9,5.94515879423147,1,7,7,51,50,828,6.71901315438526,"D","Diesel",1
"1192677",3000,8.00636756765025,0.49,8,0,55,60,3301,8.10198073185319,"E","Diesel",1
"1192725",1643.05,7.40430954971056,0.49,5,5,41,58,1326,7.18992217074581,"D","Diesel",1
"1192752",1067.33,6.97291548183558,0.49,5,1,28,60,600,6.39692965521615,"D","Diesel",1
"1192841",4987.99,8.51478830198637,1,8,3,54,50,4348,8.3774712482411,"E","Diesel",1
"1192879",660.92,6.49363280378279,0.49,4,9,45,54,1326,7.18992217074581,"D","Regular",1
"1192936",1614.74,7.38692923198429,0.49,11,7,36,88,3317,8.10681603894705,"E","Diesel",1
"1193238",2390.63,7.77931220851598,0.46,8,0,37,50,415,6.0282785202307,"C","Diesel",1
"1193247",1187.05,7.07922651672168,0.33,6,22,44,76,3866,8.25997565976828,"E","Diesel",1
"1193279",869.92,6.76840125339761,0.56,6,2,34,50,3317,8.10681603894705,"E","Diesel",1
"1193321",522.34,6.25831871684832,0.98,5,9,30,59,113,4.72738781871234,"C","Diesel",1
"1193581",844.46,6.73869736982117,0.99,7,19,53,69,32,3.46573590279973,"A","Regular",1
"119370",54.83,4.00423748941596,0.13,9,11,20,95,1466,7.2902928824466,"D","Regular",1
"1194018",2310.82,7.74535771888091,0.08,7,8,36,68,269,5.59471137960184,"C","Regular",1
"1194359",2693.59,7.89863015533626,0.2,6,10,19,100,3317,8.10681603894705,"E","Diesel",1
"1194370",3048.98,8.02256238743903,0.95,10,12,32,50,26,3.25809653802148,"A","Regular",1
"1195066",1844.82,7.52013699073964,0.49,4,10,68,50,6736,8.81522155592216,"E","Regular",1
"1195095",735.31,6.6002921790009,0.49,7,3,72,50,1101,7.00397413672268,"D","Diesel",1
"1195171",1055.51,6.96177934142635,1,6,5,34,68,24,3.17805383034795,"A","Regular",1
"1195392",751.64,6.62225748592095,0.49,4,9,23,112,1326,7.18992217074581,"D","Diesel",1
"1195620",937.58,6.84330208753722,0.93,10,1,42,50,44,3.78418963391826,"A","Diesel",1
"1195799",1500,7.3132203870903,1.01,5,1,27,72,902,6.80461452006262,"D","Diesel",1
"1196484",4000,8.29404964010203,0.3,7,0,28,80,81,4.39444915467244,"B","Diesel",1
"1196570",1000,6.90775527898214,0.88,10,14,57,58,318,5.76205138278018,"C","Regular",1
"1196656",937.21,6.84290737665781,0.46,7,19,39,76,1152,7.04925484125584,"D","Diesel",1
"1196873",2418.73,7.79099788801006,0.58,6,11,37,76,5053,8.52773740529191,"E","Diesel",1
"1197063",1679.59,7.42630499499379,0.61,7,0,52,50,1006,6.91373735065968,"D","Diesel",2
"1197073",1904,7.55171221535131,0.92,7,15,55,50,539,6.289715570909,"D","Diesel",1
"1197169",300.1,5.70411575244632,1.24,7,1,54,60,454,6.11809719804135,"C","Regular",1
"1197195",970.75,6.87806896861178,0.36,5,6,29,85,105,4.65396035015752,"C","Diesel",1
"1197749",1833.09,7.51375834647068,0.35,6,0,47,50,645,6.46925031679577,"D","Diesel",1
"1197818",2702.33,7.90186964281692,0.41,5,5,51,50,267,5.58724865840025,"C","Regular",1
"1197924",385,5.95324333428778,1.04,8,11,31,72,549,6.30809844150953,"D","Diesel",1
"1198055",588.48,6.37754294141596,0.41,7,0,53,50,3628,8.19643681123503,"E","Regular",1
"1198178",1925.26,7.5628163025365,0.49,4,4,42,50,4348,8.3774712482411,"E","Regular",1
"1198293",239.3,5.47771799491433,0.56,7,1,50,50,3317,8.10681603894705,"E","Diesel",1
"1198585",1014.85,6.92249609730364,0.5,6,7,37,50,677,6.51767127291227,"D","Diesel",1
"1198627",277.74,5.62668542427123,1.35,9,9,40,50,2365,7.76853330092603,"E","Regular",1
"1198755",543.22,6.29751439441794,0.96,6,10,43,50,3317,8.10681603894705,"E","Regular",1
"1198900",743.45,6.61130151414323,1.92,9,0,37,57,112,4.71849887129509,"C","Regular",1
"1198912",1500,7.3132203870903,0.99,6,10,61,55,7571,8.93208043810331,"E","Regular",1
"121336",1128.12,7.02830780937846,0.27,5,4,51,50,3744,8.22790983759748,"E","Regular",1
"125579",607.66,6.40961551502333,0.58,6,2,42,57,182,5.2040066870768,"C","Regular",1
"125899",1919.06,7.55959076180344,1,6,12,70,96,4116,8.32263709695394,"E","Regular",2
"125903",71791.29,11.1815184384856,0.06,5,0,32,62,4116,8.32263709695394,"E","Diesel",1
"125996",54.48,3.99783366184126,1,5,8,30,95,1027,6.93439720992856,"D","Regular",1
"126132",2780.55,7.93040402884321,0.1,7,11,52,50,370,5.91350300563827,"C","Regular",1
"126214",75.92,4.32968015430167,0.93,4,2,72,50,73,4.29045944114839,"B","Regular",1
"126388",566.2,6.3389473726778,0.47,5,6,44,55,4128,8.3255483071614,"E","Diesel",1
"126423",318.52,5.76368526738924,0.48,10,6,50,76,197,5.28320372873799,"C","Diesel",1
"126659",15.08,2.71336936257981,0.3,8,4,48,96,8455,9.04251326133268,"E","Diesel",1
"127192",382.81,5.94753878253958,1,4,8,78,50,252,5.52942908751142,"C","Regular",1
"127859",17263.73,9.75636304789462,0.17,5,8,80,50,51,3.93182563272433,"B","Regular",1
"127951",23.26,3.14673514709052,0.26,6,11,39,63,283,5.64544689764324,"C","Regular",1
"128107",1128.12,7.02830780937846,0.84,5,16,43,50,3859,8.25816336153762,"E","Diesel",1
"128116",1128.12,7.02830780937846,1,9,12,74,50,272,5.605802066296,"C","Regular",1
"128547",889.68,6.79086184751059,1,5,4,50,50,229,5.43372200355424,"C","Regular",1
"128860",2738.56,7.9151875137884,1,5,6,56,95,240,5.48063892334199,"C","Diesel",1
"129531",2202.89,7.69752541364467,0.62,7,15,41,50,1109,7.01121398735037,"D","Regular",1
"129809",1128.12,7.02830780937846,1,5,3,49,67,1328,7.19142933003638,"D","Regular",1
"129885",1128.12,7.02830780937846,1,9,10,40,62,57,4.04305126783455,"B","Regular",1
"130018",568.55,6.34308926007073,1,5,1,53,50,30,3.40119738166216,"A","Regular",1
"130646",2929.59,7.98261776047914,0.74,6,1,47,50,73,4.29045944114839,"B","Diesel",1
"130730",333.85,5.81069179030388,0.87,6,10,66,50,3997,8.29329935871132,"E","Diesel",1
"130941",5750.13,8.65697774223148,0.02,5,9,34,50,78,4.35670882668959,"B","Diesel",1
"131212",1128.12,7.02830780937846,0.78,6,12,69,50,155,5.04342511691925,"C","Diesel",1
"132011",2827,7.94697135769359,0.95,7,13,81,54,282,5.64190707093811,"C","Regular",1
"132223",654.46,6.4838104681271,1,6,11,44,50,92,4.52178857704904,"B","Regular",1
"1323",384.77,5.95264575317435,0.62,8,4,67,72,2674,7.89133075766189,"E","Regular",1
"132365",1639.46,7.40212219830485,0.3,7,11,45,50,1192,7.0833878476253,"D","Regular",1
"132437",94.08,4.54414548415032,1,6,10,37,68,208,5.33753807970132,"C","Diesel",1
"132450",528.55,6.27013740821467,0.59,7,4,70,50,94,4.54329478227,"B","Regular",1
"132545",1128.12,7.02830780937846,1,6,12,70,50,634,6.45204895443723,"D","Regular",1
"133032",1254.53,7.13451627943047,1,6,6,41,50,405,6.00388706710654,"C","Diesel",1
"133331",72.57,4.28455161329005,1,6,11,41,50,38,3.63758615972639,"A","Diesel",1
"133497",265.93,5.58323311625485,1,4,2,38,51,754,6.62539236800796,"D","Regular",1
"133783",564.06,6.33516062881851,1,7,6,38,55,13,2.56494935746154,"A","Diesel",1
"134311",736.13,6.60140673356634,1,5,2,34,50,78,4.35670882668959,"B","Diesel",1
"134319",1128.12,7.02830780937846,1,6,1,78,50,1182,7.07496319796604,"D","Regular",1
"134466",1128.12,7.02830780937846,0.68,7,6,42,58,61,4.11087386417331,"B","Diesel",1
"135309",1128.12,7.02830780937846,1,5,8,35,52,222,5.40267738187228,"C","Diesel",1
"135870",1128.12,7.02830780937846,1,7,4,49,72,3,1.09861228866811,"A","Diesel",1
"135953",2596.56,7.86194277104743,1,6,2,52,50,10,2.30258509299405,"A","Regular",1
"136624",1516.75,7.32432516682241,0.12,6,7,39,50,182,5.2040066870768,"C","Diesel",1
"136847",206.23,5.32899205081596,1,6,4,40,50,43,3.76120011569356,"A","Diesel",1
"137249",712.62,6.5689483190142,1,6,2,55,50,102,4.62497281328427,"C","Diesel",1
"137377",1128.12,7.02830780937846,0.49,5,8,40,50,43,3.76120011569356,"A","Regular",1
"137612",75.32,4.32174570378895,1,6,6,34,62,164,5.0998664278242,"C","Diesel",1
"137967",1128.12,7.02830780937846,0.82,7,10,36,50,59,4.07753744390572,"B","Diesel",1
"138097",1128.12,7.02830780937846,0.43,10,10,41,68,1408,7.24992553671799,"D","Diesel",1
"138554",53.29,3.97574869630869,1,7,1,64,50,399,5.98896141688986,"C","Regular",1
"138773",564.06,6.33516062881851,1,6,11,41,56,154,5.03695260241363,"C","Diesel",1
"139070",1014.55,6.92220044341363,1,8,5,51,57,983,6.89060912014717,"D","Diesel",1
"139826",1128.12,7.02830780937846,0.66,6,1,36,80,4116,8.32263709695394,"E","Regular",1
"139954",445.75,6.09975825674325,1,6,3,65,50,9307,9.13852208418571,"E","Diesel",1
"140266",503.5,6.22158371215862,1,7,2,46,50,53,3.97029191355212,"B","Regular",1
"140783",1128.12,7.02830780937846,1,6,15,36,95,57,4.04305126783455,"B","Diesel",1
"140902",1128.12,7.02830780937846,1,8,6,54,50,307,5.7268477475872,"C","Diesel",1
"141278",1128.12,7.02830780937846,1,6,12,56,85,1974,7.58781721999343,"D","Diesel",1
"141280",775.58,6.65361113654814,0.66,5,3,30,76,223,5.40717177146012,"C","Diesel",1
"141705",278.53,5.62952577349415,0.96,6,15,43,50,1291,7.16317239084664,"D","Diesel",1
"142282",63.27,4.14741128315879,0.2,8,0,58,50,405,6.00388706710654,"C","Diesel",1
"142366",23042.28,10.0450860682471,1,7,11,74,71,36,3.58351893845611,"A","Regular",1
"142502",378.77,5.93692916070996,1,5,4,74,50,821,6.71052310945243,"D","Regular",1
"142633",1254.29,7.1343249544245,1,6,13,37,118,177,5.17614973257383,"C","Regular",1
"143331",1128.12,7.02830780937846,0.5,6,8,43,85,1381,7.23056315340929,"D","Regular",1
"143860",1128.12,7.02830780937846,1,5,2,52,50,122,4.80402104473326,"C","Diesel",1
"144545",609.46,6.41257331920417,0.74,5,11,61,55,1191,7.0825485693553,"D","Regular",1
"145656",176.86,5.17535845914759,0.61,5,4,49,50,3368,8.12207437536222,"E","Regular",1
"145839",72.57,4.28455161329005,1,7,14,48,50,56,4.02535169073515,"B","Regular",1
"146097",1128.12,7.02830780937846,0.85,7,15,50,60,1054,6.96034772910131,"D","Regular",1
"146108",564.06,6.33516062881851,0.84,7,12,45,50,287,5.65948221575962,"C","Diesel",1
"146375",1128.12,7.02830780937846,1,6,4,65,58,78,4.35670882668959,"B","Diesel",1
"146406",1128.12,7.02830780937846,0.9,6,13,44,85,3386,8.12740456269308,"E","Diesel",1
"146571",2256.25,7.72145942208119,1,5,2,47,58,68,4.21950770517611,"B","Regular",1
"146642",1128.12,7.02830780937846,1,7,12,46,50,20,2.99573227355399,"A","Regular",1
"147121",1853.1,7.52461519136996,0.34,6,4,48,56,44,3.78418963391826,"A","Regular",2
"147973",4856.78,8.48813094587001,0.69,7,2,61,50,473,6.15909538849193,"C","Regular",1
"148270",5128.05,8.54248074894299,0.72,10,11,52,50,214,5.36597601502185,"C","Regular",1
"148606",350.35,5.85893265481654,1,8,17,39,50,1974,7.58781721999343,"D","Regular",1
"148761",404.33,6.00223137621887,1,7,8,46,50,280,5.63478960316925,"C","Regular",1
"148882",448.64,6.10622078440617,1,8,12,53,50,126,4.83628190695148,"C","Diesel",1
"149130",4268.57,8.35903415551936,0.58,6,10,49,74,1329,7.19218205871325,"D","Diesel",1
"149191",1128.12,7.02830780937846,1,7,7,78,50,270,5.59842195899838,"C","Diesel",1
"150798",1128.12,7.02830780937846,1,5,9,47,76,286,5.65599181081985,"C","Regular",1
"151001",1188.83,7.08072490917671,1,7,8,57,50,270,5.59842195899838,"C","Diesel",1
"151019",633.97,6.45200163470568,1,5,6,42,62,9,2.19722457733622,"A","Diesel",1
"151027",1347.39,7.20592466679796,1,6,5,43,50,12,2.484906649788,"A","Diesel",1
"151737",1128.12,7.02830780937846,0.54,6,9,45,50,49,3.89182029811063,"A","Diesel",1
"152013",246.91,5.50902389775856,0.96,6,1,80,50,451,6.11146733950268,"C","Regular",1
"152260",9315.49,9.13943388498015,1,9,1,25,50,149,5.00394630594546,"C","Regular",1
"152687",1208.61,7.0972262179293,0.9,7,14,35,140,831,6.72262979485545,"D","Regular",2
"153181",1128.12,7.02830780937846,1,6,11,62,68,16,2.77258872223978,"A","Diesel",1
"153305",1305.39,7.17425712568457,0.38,14,6,57,50,313,5.74620319054015,"C","Regular",1
"153572",1535.89,7.33686529655984,0.31,4,9,45,54,18229,9.81076901153292,"F","Regular",1
"153878",1128.12,7.02830780937846,0.5,7,16,52,59,312,5.74300318780948,"C","Regular",1
"154280",902.28,6.80492489317794,1,6,7,26,50,133,4.89034912822175,"C","Regular",1
"154327",16.03,2.77446196662146,1,6,3,51,62,177,5.17614973257383,"C","Diesel",1
"154820",1006.89,6.91462165139941,0.24,5,1,43,80,5449,8.6031873845831,"E","Diesel",1
"154980",277.41,5.62549655625766,1,5,10,39,64,126,4.83628190695148,"C","Diesel",1
"155038",564.06,6.33516062881851,0.98,6,12,31,85,298,5.6970934865054,"C","Diesel",1
"155307",1128,7.028201432058,0.92,7,10,51,50,218,5.38449506278909,"C","Diesel",1
"155355",499.16,6.21292668563965,1,5,7,35,60,285,5.65248918026865,"C","Diesel",1
"155869",1128,7.028201432058,0.47,9,10,34,68,94,4.54329478227,"B","Diesel",1
"156035",25.59,3.2422016501717,0.59,5,12,36,54,377,5.93224518744801,"C","Diesel",1
"156237",4416.88,8.39318884346655,1,6,11,35,50,983,6.89060912014717,"D","Diesel",1
"156362",229.59,5.43629510948994,1,4,8,68,50,741,6.60800062529609,"D","Regular",1
"156681",40.95,3.71235181029908,1,6,12,39,50,2472,7.81278281857758,"E","Diesel",1
"157018",1128.12,7.02830780937846,0.58,5,6,36,95,4579,8.4292359126571,"E","Diesel",1
"157105",1128.12,7.02830780937846,0.45,4,2,33,51,120,4.78749174278205,"C","Regular",1
"157140",407.04,6.0089114607117,1,4,6,56,57,355,5.87211778947542,"C","Diesel",1
"157178",194.4,5.26991789202634,0.75,7,13,33,76,448,6.10479323241498,"C","Regular",1
"157253",72.93,4.28950007699614,0.56,5,5,24,72,542,6.29526600143965,"D","Diesel",1
"157375",793.2,6.67607539664564,1,4,11,35,57,56,4.02535169073515,"B","Diesel",1
"157803",731.16,6.5946323140484,0.29,7,8,27,72,40,3.68887945411394,"A","Diesel",1
"157841",66.54,4.19780327059033,1,6,9,49,51,1165,7.0604763659998,"D","Diesel",1
"157915",1128.12,7.02830780937846,1,7,10,46,50,48,3.87120101090789,"A","Diesel",1
"158043",361.88,5.89131266515754,1,6,11,46,50,1199,7.08924315502751,"D","Diesel",1
"158453",1128.12,7.02830780937846,1,7,1,48,50,261,5.56452040732269,"C","Regular",1
"159332",6412.67,8.76603099984887,0.41,8,17,47,96,1408,7.24992553671799,"D","Regular",1
"159499",165.46,5.10872947376204,1,6,12,40,72,1323,7.18765716411496,"D","Regular",1
"160267",3042.85,8.02054985522161,0.2,5,8,31,52,987,6.89467003943348,"D","Diesel",1
"160579",2418.91,7.79107230446109,0.84,7,9,34,57,1381,7.23056315340929,"D","Diesel",1
"160604",1384.07,7.23278371293327,1,7,1,63,50,747,6.61606518513282,"D","Diesel",1
"160619",1547.37,7.34431199456797,0.65,6,8,53,76,657,6.48768401848461,"D","Diesel",1
"160958",1128.12,7.02830780937846,0.64,5,12,28,106,657,6.48768401848461,"D","Regular",1
"161093",1388.42,7.23592168895446,1,6,10,44,58,56,4.02535169073515,"B","Diesel",1
"161563",313.8,5.74875584029893,0.5,9,1,33,57,1541,7.34018683532012,"D","Diesel",1
"161645",1128.12,7.02830780937846,1,8,15,64,50,14,2.63905732961526,"A","Regular",1
"161963",1440.38,7.27266224664639,1,7,5,60,50,37,3.61091791264422,"A","Diesel",1
"162209",1167.66,7.06275702512113,0.91,7,9,62,50,5449,8.6031873845831,"E","Diesel",1
"162627",419.22,6.03839584179241,1,6,2,50,50,336,5.8171111599632,"C","Diesel",1
"162695",2256.24,7.7214549899384,1,10,12,34,80,165,5.10594547390058,"C","Regular",2
"162749",1401.46,7.24526982934846,0.19,6,17,47,50,78,4.35670882668959,"B","Regular",1
"162911",1516.29,7.32402184078416,0.49,4,5,26,72,4128,8.3255483071614,"E","Regular",1
"163051",1882.75,7.54048875298146,0.23,9,14,32,72,881,6.78105762593618,"D","Regular",1
"163473",6.75,1.90954250488444,1,5,5,36,90,57,4.04305126783455,"B","Diesel",1
"163648",510.24,6.23488120326175,0.32,10,18,46,62,374,5.92425579741453,"C","Diesel",1
"163821",2652.61,7.8832993399393,1,7,3,61,50,120,4.78749174278205,"C","Diesel",1
"163865",2256.24,7.7214549899384,1,10,4,48,53,644,6.46769872610435,"D","Regular",2
"164278",737.49,6.60325252880001,1,9,9,31,85,1408,7.24992553671799,"D","Regular",1
"164305",1128.12,7.02830780937846,1,7,5,63,50,12,2.484906649788,"A","Regular",1
"164377",1355.44,7.21188140384985,1,7,5,44,50,1557,7.350516171834,"D","Regular",1
"164414",4811.92,8.47885145185246,0.36,5,5,35,50,8455,9.04251326133268,"E","Diesel",1
"164553",1128.12,7.02830780937846,0.41,7,16,41,68,32,3.46573590279973,"A","Regular",1
"164644",2268.94,7.72706804106309,0.87,6,11,41,52,376,5.9295891433899,"C","Regular",1
"164717",68.03,4.21994878435697,1,4,8,32,80,3301,8.10198073185319,"E","Diesel",1
"164949",1128.12,7.02830780937846,0.98,6,3,39,56,273,5.60947179518496,"C","Diesel",1
"165254",2269.68,7.72739413137537,0.33,5,7,54,50,112,4.71849887129509,"C","Diesel",1
"165512",61,4.11087386417331,0.27,5,16,51,50,886,6.78671695060508,"D","Diesel",1
"165930",25471.5,10.1453154590545,0.41,7,2,27,76,5449,8.6031873845831,"E","Diesel",1
"165951",1128.12,7.02830780937846,1,7,10,63,50,50,3.91202300542815,"B","Regular",1
"166546",1128.12,7.02830780937846,1,7,12,59,50,159,5.06890420222023,"C","Regular",1
"166558",1128.12,7.02830780937846,1,6,13,34,100,1541,7.34018683532012,"D","Diesel",1
"166635",1128.12,7.02830780937846,0.95,7,3,28,60,3233,8.08116577772543,"E","Diesel",1
"166722",286.4,5.65738943508649,1,6,9,49,50,37,3.61091791264422,"A","Diesel",1
"166895",309.76,5.73579780408821,0.87,6,10,48,80,186,5.2257466737132,"C","Diesel",1
"166933",71.13,4.26450918874542,0.92,4,12,48,50,64,4.15888308335967,"B","Regular",1
"16712",109.38,4.69482805791863,0.5,5,4,42,50,361,5.88887795833288,"C","Regular",1
"167761",114.67,4.74205843805021,0.76,8,0,54,65,2543,7.84109976542212,"E","Diesel",1
"168105",1128.12,7.02830780937846,1,6,9,44,85,632,6.44888939414686,"D","Diesel",1
"168854",1128.12,7.02830780937846,0.95,4,11,33,53,68,4.21950770517611,"B","Diesel",1
"168978",84.78,4.44005966592449,1,4,4,57,55,6570,8.79026911147866,"E","Regular",1
"169032",5025.19,8.52221854315773,0.36,6,5,33,76,222,5.40267738187228,"C","Diesel",1
"169097",740.31,6.6070690173951,1,4,10,22,100,8549,9.05356959602623,"E","Regular",1
"169546",1128.12,7.02830780937846,0.46,4,13,28,100,677,6.51767127291227,"D","Regular",1
"16962",1128.12,7.02830780937846,0.19,7,13,44,65,399,5.98896141688986,"C","Regular",1
"169782",1305.44,7.17429542768049,1,10,6,55,59,1381,7.23056315340929,"D","Regular",2
"169807",954.36,6.86104095875704,1,4,12,65,80,37,3.61091791264422,"A","Diesel",1
"169863",1128.12,7.02830780937846,1,6,11,43,63,634,6.45204895443723,"D","Regular",1
"169970",2652.61,7.8832993399393,0.57,7,11,40,80,86,4.45434729625351,"B","Regular",1
"170131",1128.12,7.02830780937846,1,5,7,40,100,3661,8.20549161312024,"E","Diesel",1
"170345",62.91,4.14170513358194,1,4,10,41,50,57,4.04305126783455,"B","Regular",1
"170918",1128.12,7.02830780937846,1,4,4,66,62,13,2.56494935746154,"A","Regular",1
"171211",1128.12,7.02830780937846,1,4,2,28,85,1052,6.95844839329766,"D","Regular",1
"171231",1335.99,7.19742786903864,0.55,5,4,44,50,229,5.43372200355424,"C","Regular",1
"171316",1128.12,7.02830780937846,0.83,6,4,66,58,203,5.31320597904179,"C","Diesel",1
"171487",8750.57,9.0768741200871,0.2,5,5,27,85,942,6.84800527457636,"D","Diesel",1
"17171",109.56,4.69647234439488,1,7,8,78,50,282,5.64190707093811,"C","Regular",1
"171717",65.76,4.18601175074792,1,7,5,46,50,573,6.35088571671474,"D","Diesel",1
"171780",480.21,6.17422350822672,1,6,6,42,50,102,4.62497281328427,"C","Diesel",1
"171880",1128.12,7.02830780937846,0.6,5,0,32,72,1192,7.0833878476253,"D","Diesel",1
"172000",1128.12,7.02830780937846,0.52,7,2,42,52,1719,7.44949800538285,"D","Diesel",1
"172076",1128.12,7.02830780937846,0.73,9,9,58,50,251,5.52545293913178,"C","Regular",1
"172202",179.72,5.19140008420196,1,10,4,44,50,14,2.63905732961526,"A","Diesel",1
"172606",4.09,1.40854497005471,1,13,13,61,50,9307,9.13852208418571,"E","Regular",1
"172962",1128.12,7.02830780937846,1,7,2,73,50,48,3.87120101090789,"A","Regular",1
"173022",59.22,4.08125932267345,1,5,1,50,50,276,5.62040086571715,"C","Regular",1
"173080",1128.12,7.02830780937846,0.77,6,2,75,112,343,5.83773044716594,"C","Regular",1
"173261",1128.12,7.02830780937846,0.86,4,10,20,112,1313,7.1800698743028,"D","Regular",1
"174017",1919.84,7.55999712821608,1,7,3,32,72,1313,7.1800698743028,"D","Regular",1
"174196",1128.12,7.02830780937846,1,6,4,80,58,1457,7.2841348061952,"D","Regular",1
"174373",1128.12,7.02830780937846,1,8,8,49,52,747,6.61606518513282,"D","Diesel",1
"17450",1128.12,7.02830780937846,0.99,8,9,56,50,1284,7.15773548424991,"D","Diesel",1
"175384",5.08,1.62531126159039,1,4,1,75,50,886,6.78671695060508,"D","Regular",1
"175443",1128.12,7.02830780937846,1,6,4,76,72,238,5.47227067367148,"C","Regular",1
"176019",2929.89,7.98272015864425,0.74,4,11,26,70,125,4.8283137373023,"C","Diesel",1
"176082",5768.85,8.66022803287881,0.29,4,6,61,77,138,4.9272536851572,"C","Diesel",1
"176212",983.8,6.89142262436124,0.69,6,5,51,50,266,5.5834963087817,"C","Regular",1
"176447",252.07,5.5297068267161,0.73,11,12,31,50,214,5.36597601502185,"C","Regular",1
"176532",1529.58,7.33274846689785,1,4,12,48,50,44,3.78418963391826,"A","Diesel",1
"176627",20.62,3.02626147858881,0.71,11,16,34,50,76,4.33073334028633,"B","Regular",1
"176958",474.4,6.16205084768352,1,4,15,42,62,50,3.91202300542815,"B","Regular",1
"177066",1128.12,7.02830780937846,0.43,7,4,52,50,67,4.20469261939097,"B","Regular",1
"177087",2804.32,7.93891636432487,1,6,7,67,50,7,1.94591014905531,"A","Diesel",2
"177303",1128.12,7.02830780937846,0.96,4,2,50,64,405,6.00388706710654,"C","Diesel",1
"177321",1128.12,7.02830780937846,0.95,5,11,45,95,1385,7.23345541862144,"D","Regular",1
"177382",1128.12,7.02830780937846,1,4,12,52,50,4972,8.5115774526306,"E","Regular",1
"177474",1128.12,7.02830780937846,0.95,5,4,46,58,22,3.09104245335832,"A","Diesel",1
"177478",1128.12,7.02830780937846,0.16,4,6,19,100,107,4.67282883446191,"C","Regular",1
"177894",5027.49,8.52267613258466,0.45,4,11,58,50,161,5.08140436498446,"C","Regular",1
"178046",1128.12,7.02830780937846,0.71,5,9,47,50,222,5.40267738187228,"C","Diesel",1
"178132",4084.86,8.31504273498099,0.42,14,12,33,53,2740,7.91571319938212,"E","Regular",1
"178161",1128.12,7.02830780937846,0.58,4,9,50,75,4128,8.3255483071614,"E","Regular",1
"178201",1014.29,6.92194413931728,0.6,12,0,57,50,856,6.75227037614174,"D","Diesel",1
"17850",92.99,4.53249196049011,0.75,4,10,50,50,251,5.52545293913178,"C","Diesel",1
"17948",649.46,6.47614124837891,1,5,10,62,50,2563,7.84893372636407,"E","Regular",1
"18165",3714.99,8.2201312653582,0.24,7,18,51,100,1313,7.1800698743028,"D","Regular",1
"18179",25074.81,10.1296190355332,0.72,4,11,79,50,39,3.66356164612965,"A","Regular",1
"19326",2332.41,7.75465734676807,1,6,5,54,50,1102,7.00488198971286,"D","Regular",1
"1963",422.05,6.04512379042973,0.1,9,0,78,50,2580,7.85554467791566,"E","Regular",1
"1967",76.22,4.33362389544571,0.75,10,8,50,51,27000,10.2035921449865,"F","Regular",1
"19677",240.86,5.48421585183233,0.98,7,6,52,50,44,3.78418963391826,"A","Diesel",1
"19731",1128.12,7.02830780937846,0.16,12,12,45,62,10,2.30258509299405,"A","Regular",1
"19857",504.93,6.22441980580618,0.75,4,15,72,50,57,4.04305126783455,"B","Regular",1
"2000091",1172,7.06646697013696,0.96,5,3,32,60,424,6.04973345523196,"C","Regular",1
"2000237",1172,7.06646697013696,0.42,5,2,38,80,317,5.75890177387728,"C","Regular",1
"2000414",540.36,6.29223558410148,0.87,6,1,76,50,1309,7.1770187659099,"D","Regular",1
"2000583",1172,7.06646697013696,0.87,6,4,54,50,726,6.5875500148248,"D","Diesel",1
"2000742",1172,7.06646697013696,0.87,7,2,56,50,249,5.51745289646471,"C","Diesel",1
"20012",215.84,5.37453739245945,1,7,5,51,50,59,4.07753744390572,"B","Diesel",1
"2001322",1172,7.06646697013696,0.1,5,4,31,95,335,5.81413053182507,"C","Regular",1
"2001401",1172,7.06646697013696,0.26,6,5,30,72,2767,7.92551897978693,"E","Diesel",1
"2001446",1172,7.06646697013696,0.2,5,2,31,85,3374,8.12385426310591,"E","Regular",1
"2001674",1172,7.06646697013696,0.2,6,2,72,68,342,5.8348107370626,"C","Regular",1
"2001691",502.13,6.21885905030973,0.19,6,10,28,95,626,6.4393503711001,"D","Regular",1
"2001718",1172,7.06646697013696,0.19,7,2,36,51,6902,8.83956650365795,"E","Regular",1
"2001824",4390.2,8.38713006311804,0.2,10,2,40,50,2715,7.90654723236804,"E","Regular",2
"2002243",20202.97,9.91358490228446,0.13,9,3,33,50,634,6.45204895443723,"D","Regular",1
"2004191",1172,7.06646697013696,0.4,5,9,45,50,27000,10.2035921449865,"F","Regular",1
"2004365",1172,7.06646697013696,0.54,9,2,43,101,92,4.52178857704904,"B","Regular",1
"2004715",1172,7.06646697013696,0.45,6,2,53,50,41,3.71357206670431,"A","Regular",1
"2004978",1758,7.47193207824512,0.45,4,2,37,64,20,2.99573227355399,"A","Regular",2
"2005635",315.57,5.75438052741929,0.53,5,10,49,78,1229,7.11395610956603,"D","Diesel",1
"2006811",1172,7.06646697013696,0.7,6,2,57,50,5912,8.68473946262804,"E","Regular",1
"2006901",1172,7.06646697013696,0.7,4,2,82,58,1541,7.34018683532012,"D","Regular",1
"2007163",1172,7.06646697013696,0.29,6,4,32,61,1962,7.58171964012531,"D","Diesel",1
"2007372",1172,7.06646697013696,0.7,4,1,25,95,2354,7.76387128782022,"E","Regular",1
"2007919",1172,7.06646697013696,0.21,7,0,70,50,562,6.33150184989369,"D","Regular",1
"2008447",1172,7.06646697013696,0.87,6,2,40,50,4762,8.46842302704681,"E","Regular",1
"2009582",1172,7.06646697013696,0.95,7,2,78,50,252,5.52942908751142,"C","Diesel",1
"2009651",1172,7.06646697013696,0.95,10,2,37,50,824,6.71417052990947,"D","Regular",1
"2010120",268.54,5.59299987864456,0.03,5,9,24,96,485,6.18414889093748,"C","Diesel",1
"2011010",1870.09,7.53374183703275,0.46,7,10,31,80,824,6.71417052990947,"D","Diesel",1
"2011657",1172,7.06646697013696,0.87,12,5,50,50,22,3.09104245335832,"A","Diesel",1
"2011765",1172,7.06646697013696,0.87,10,7,34,51,170,5.13579843705026,"C","Regular",1
"2011937",1172,7.06646697013696,0.87,5,1,52,50,570,6.3456363608286,"D","Regular",1
"2012363",1519.07,7.3258535844833,0.8,6,7,55,50,29,3.36729582998647,"A","Diesel",2
"2012994",1172,7.06646697013696,0.8,9,1,55,50,12374,9.42335277609093,"F","Regular",1
"2013231",1172,7.06646697013696,0.36,4,1,23,95,640,6.46146817635372,"D","Diesel",1
"2013745",1172,7.06646697013696,0.71,10,2,51,50,182,5.2040066870768,"C","Regular",1
"2014394",1172,7.06646697013696,0.18,5,9,50,50,132,4.88280192258637,"C","Diesel",1
"2014499",1172,7.06646697013696,0.63,6,4,53,50,51,3.93182563272433,"B","Diesel",1
"2014651",1428.22,7.26418419265791,0.18,6,5,28,68,180,5.19295685089021,"C","Diesel",2
"2015100",60.76,4.10693167772757,0.63,15,10,41,85,1662,7.41577697541539,"D","Regular",1
"2015383",1172,7.06646697013696,0.6,8,0,49,50,27000,10.2035921449865,"F","Diesel",1
"2015524",1172,7.06646697013696,0.45,4,1,54,85,1015,6.92264389147589,"D","Regular",1
"2015816",1172,7.06646697013696,0.45,10,6,37,50,4,1.38629436111989,"A","Diesel",1
"2016246",1172,7.06646697013696,0.63,10,3,39,50,193,5.26269018890489,"C","Diesel",1
"2017681",1172,7.06646697013696,0.53,10,1,35,50,688,6.53378883793334,"D","Regular",1
"2017833",1172,7.06646697013696,0.46,10,3,36,95,64,4.15888308335967,"B","Regular",1
"2018195",3304.55,8.10305558567817,0.38,6,1,34,80,7187,8.88002911746844,"E","Regular",2
"2018339",1172,7.06646697013696,0.61,4,1,50,72,4116,8.32263709695394,"E","Regular",1
"2018587",2341.54,7.75856411154409,0.04,4,1,47,50,21,3.04452243772342,"A","Regular",2
"2018642",1172,7.06646697013696,0.7,4,1,41,54,5053,8.52773740529191,"E","Regular",1
"2018820",460,6.13122648948314,0.09,5,1,27,85,3699,8.21581779183245,"E","Regular",1
"2019116",1172,7.06646697013696,0.7,7,1,47,50,93,4.53259949315326,"B","Diesel",1
"2019235",1172,7.06646697013696,0.7,5,1,53,50,26,3.25809653802148,"A","Regular",1
"2019564",2367.71,7.76967852228808,0.78,7,15,29,100,663,6.49677499018586,"D","Regular",3
"2019568",1172,7.06646697013696,0.78,4,1,55,51,3301,8.10198073185319,"E","Regular",1
"2019991",1172,7.06646697013696,0.7,6,1,56,50,337,5.82008293035236,"C","Regular",1
"2020031",1110.69,7.01273672280131,0.21,7,1,33,80,4762,8.46842302704681,"E","Regular",1
"2020287",1172,7.06646697013696,0.78,10,1,58,50,110,4.70048036579242,"C","Regular",1
"2020527",1172,7.06646697013696,0.07,4,0,34,106,269,5.59471137960184,"C","Diesel",1
"2020546",1172,7.06646697013696,0.07,15,0,37,67,10155,9.22572147401448,"F","Regular",1
"2021056",1172,7.06646697013696,0.59,6,8,22,100,99,4.59511985013459,"B","Regular",1
"2021809",1172,7.06646697013696,0.88,4,1,29,61,46,3.8286413964891,"A","Regular",1
"2022902",1172,7.06646697013696,0.85,6,0,47,54,4358,8.37976851550457,"E","Diesel",1
"2023176",1172,7.06646697013696,0.24,4,2,35,71,2051,7.62608275807238,"E","Regular",1
"2023194",1172,7.06646697013696,0.04,4,9,33,51,1609,7.38336814699238,"D","Regular",1
"2023483",1172,7.06646697013696,0.77,4,0,26,95,35,3.55534806148941,"A","Regular",1
"2023742",2344,7.7596141506969,0.83,8,0,53,50,219,5.3890717298165,"C","Diesel",2
"2023847",1172,7.06646697013696,0.85,4,1,40,50,3301,8.10198073185319,"E","Regular",1
"2024336",1172,7.06646697013696,0.81,7,7,27,100,2537,7.83873755959928,"E","Regular",1
"2024681",1172,7.06646697013696,0.75,5,3,77,69,3301,8.10198073185319,"E","Diesel",1
"2025367",9000,9.10497985631836,0.66,4,0,45,50,2769,7.92624152317096,"E","Regular",1
"2026804",1172,7.06646697013696,0.67,5,10,27,95,2139,7.66809370908241,"E","Regular",1
"2026951",1172,7.06646697013696,0.66,10,10,56,50,291,5.67332326717149,"C","Diesel",1
"2027107",1172,7.06646697013696,0.47,4,0,43,50,3317,8.10681603894705,"E","Regular",1
"2027521",2704.89,7.90281652501934,0.26,5,10,23,100,6157,8.72534492491121,"E","Diesel",2
"2028842",3152.29,8.0558844518217,0.36,5,10,25,100,2526,7.83439230291044,"E","Diesel",2
"2029196",1172,7.06646697013696,0.53,7,0,40,50,7634,8.94036723330517,"E","Regular",1
"2036516",1172,7.06646697013696,0.26,11,0,41,50,168,5.12396397940326,"C","Diesel",1
"2036778",586,6.37331978957701,0.28,11,0,35,50,3301,8.10198073185319,"E","Diesel",1
"2037050",1172,7.06646697013696,0.38,9,1,41,66,16533,9.71311366255135,"F","Regular",1
"2037489",1172,7.06646697013696,0.31,6,7,56,50,299,5.70044357339069,"C","Regular",1
"2037830",1172,7.06646697013696,0.25,6,10,22,100,640,6.46146817635372,"D","Diesel",1
"2038447",1172,7.06646697013696,0.25,7,10,34,70,6313,8.75036627836763,"E","Regular",1
"2039492",1726.14,7.45364298075255,0.07,4,0,42,52,21410,9.97161338158373,"F","Diesel",2
"2040869",1172,7.06646697013696,0.03,8,0,62,54,566,6.33859407820318,"D","Diesel",1
"20462",2163.72,7.67958424157628,1,11,6,42,50,74,4.30406509320417,"B","Regular",1
"2046304",1172,7.06646697013696,1,5,8,49,50,27,3.29583686600433,"A","Regular",1
"2046307",1172,7.06646697013696,1,6,1,53,50,112,4.71849887129509,"C","Diesel",1
"2046508",1172,7.06646697013696,0.49,5,2,46,62,298,5.6970934865054,"C","Diesel",1
"2046651",586,6.37331978957701,1,6,6,50,50,112,4.71849887129509,"C","Diesel",1
"2046718",1172,7.06646697013696,1,13,7,73,62,182,5.2040066870768,"C","Diesel",1
"2046817",972.46,6.8798289435413,0.33,7,17,53,50,741,6.60800062529609,"D","Regular",1
"2047689",1172,7.06646697013696,0.59,5,8,18,50,131,4.87519732320115,"C","Regular",1
"2048600",978.47,6.88599012719393,0.86,7,9,47,50,405,6.00388706710654,"C","Regular",1
"2049020",1172,7.06646697013696,0.32,7,6,23,80,4128,8.3255483071614,"E","Regular",1
"2049199",586,6.37331978957701,0.78,6,3,61,50,3386,8.12740456269308,"E","Diesel",1
"2049667",1172,7.06646697013696,0.47,7,11,72,50,229,5.43372200355424,"C","Regular",1
"2049761",3878.52,8.26320891655035,1,5,1,69,50,81,4.39444915467244,"B","Diesel",1
"2049963",1172,7.06646697013696,1,7,14,56,50,214,5.36597601502185,"C","Regular",1
"2050906",152.45,5.02683667343426,1,6,13,66,50,581,6.36475075685191,"D","Regular",1
"2051242",1172,7.06646697013696,0.03,7,1,30,80,1943,7.57198844937744,"D","Diesel",1
"2051324",1172,7.06646697013696,0.69,4,14,51,50,48,3.87120101090789,"A","Regular",1
"2051512",8860,9.08930204359913,0.71,10,8,45,90,1943,7.57198844937744,"D","Diesel",1
"2051759",1172,7.06646697013696,1,10,12,65,50,52,3.95124371858143,"B","Diesel",1
"2051870",1172,7.06646697013696,1,4,7,45,62,70,4.24849524204936,"B","Diesel",1
"2051958",1172,7.06646697013696,0.83,5,8,30,54,58,4.06044301054642,"B","Diesel",1
"2052249",2670.6,7.89005844524986,0.34,5,11,39,53,42,3.73766961828337,"A","Regular",1
"2052581",78.16,4.35875800773453,1,5,2,54,50,67,4.20469261939097,"B","Regular",1
"2053145",1172,7.06646697013696,1,6,11,40,51,657,6.48768401848461,"D","Diesel",1
"2053146",226.83,5.42420083823829,1,7,4,73,50,34,3.52636052461616,"A","Regular",1
"2053159",1172,7.06646697013696,1,11,12,74,50,36,3.58351893845611,"A","Regular",1
"2053208",1172,7.06646697013696,1,7,8,40,50,3541,8.1721644521119,"E","Diesel",1
"2054908",717.33,6.57553598576262,1,8,11,46,50,763,6.63725803128446,"D","Diesel",1
"2055020",1172,7.06646697013696,1,4,19,35,62,142,4.95582705760126,"C","Regular",1
"2055185",91.25,4.5136029924626,1,11,10,44,54,255,5.54126354515843,"C","Diesel",1
"2055214",220.07,5.39394567756144,0.36,7,5,37,57,287,5.65948221575962,"C","Diesel",1
"2055831",152.45,5.02683667343426,0.3,11,12,60,50,186,5.2257466737132,"C","Regular",1
"2056623",20135,9.91021487328555,0.32,7,16,47,77,741,6.60800062529609,"D","Regular",1
"2056685",52.5,3.96081316959758,0.58,7,8,53,50,48,3.87120101090789,"A","Diesel",1
"2056978",1172,7.06646697013696,1,8,10,43,50,58,4.06044301054642,"B","Regular",1
"2057473",1172,7.06646697013696,0.99,10,11,28,85,62,4.12713438504509,"B","Regular",1
"2057563",46,3.8286413964891,1,5,3,59,50,43,3.76120011569356,"A","Diesel",1
"2057566",1172,7.06646697013696,0.64,11,7,30,53,220,5.39362754635236,"C","Diesel",1
"2057660",1172,7.06646697013696,0.32,5,7,54,50,43,3.76120011569356,"A","Regular",1
"2057881",1172,7.06646697013696,1,6,4,41,91,18,2.89037175789616,"A","Regular",1
"2058160",3207.61,8.07328139052372,0.2,6,8,26,76,27,3.29583686600433,"A","Diesel",1
"2058382",1172,7.06646697013696,1,4,9,43,95,15,2.70805020110221,"A","Regular",1
"2058441",1172,7.06646697013696,0.64,5,6,41,50,1328,7.19142933003638,"D","Regular",1
"2058446",1212.76,7.10065403281386,0.95,7,11,48,50,745,6.61338421837956,"D","Regular",1
"2058542",3421.86,8.13793954186771,0.88,6,6,54,50,209,5.34233425196481,"C","Regular",1
"2059151",3601.6,8.18913347015247,0.02,5,1,34,54,988,6.89568269774787,"D","Regular",1
"2059283",1172,7.06646697013696,1,5,3,50,50,47,3.85014760171006,"A","Regular",1
"2059372",1172,7.06646697013696,1,6,9,40,65,22,3.09104245335832,"A","Diesel",1
"2059505",2172,7.68340368105383,0.04,4,18,52,50,369,5.91079664404053,"C","Regular",1
"2059520",1952.24,7.57673271023488,0.53,8,3,51,53,632,6.44888939414686,"D","Regular",1
"2059672",1172,7.06646697013696,0.75,10,11,31,71,150,5.01063529409626,"C","Diesel",1
"2059694",180.31,5.19467759178828,1,5,6,67,50,4116,8.32263709695394,"E","Diesel",1
"2059713",5.95,1.78339121955754,0.12,6,2,58,50,150,5.01063529409626,"C","Diesel",1
"2059725",574.45,6.35341306129937,0.85,6,9,45,53,295,5.68697535633982,"C","Diesel",1
"2060030",1172,7.06646697013696,1,6,8,33,62,153,5.03043792139244,"C","Diesel",1
"2060504",74,4.30406509320417,0.41,6,11,21,100,282,5.64190707093811,"C","Regular",1
"2060689",1172,7.06646697013696,1,5,3,48,56,511,6.2363695902037,"D","Diesel",1
"2060764",1337.58,7.19861729006554,1,4,6,55,50,511,6.2363695902037,"D","Regular",1
"2060782",1172,7.06646697013696,0.91,5,4,42,50,48,3.87120101090789,"A","Diesel",1
"2060841",442.65,6.09277939005706,1,5,5,61,50,131,4.87519732320115,"C","Diesel",1
"2060853",873.7,6.77273706730405,0.49,6,8,42,50,149,5.00394630594546,"C","Diesel",1
"2060859",1172,7.06646697013696,0.39,7,7,73,50,234,5.4553211153577,"C","Regular",1
"2060900",1172,7.06646697013696,1,6,9,34,58,95,4.55387689160054,"B","Diesel",1
"2060946",1172,7.06646697013696,1,6,22,53,50,182,5.2040066870768,"C","Diesel",1
"2060985",1172,7.06646697013696,1,9,9,34,59,95,4.55387689160054,"B","Regular",1
"2061005",175.67,5.16860723502529,1,7,14,35,50,27,3.29583686600433,"A","Regular",1
"2061041",2672,7.89058253465654,0.11,5,13,52,64,149,5.00394630594546,"C","Diesel",1
"2061136",1021.17,6.92870430773252,0.93,7,8,33,57,103,4.63472898822964,"C","Regular",1
"2061471",69.97,4.2480665787578,0.15,9,15,36,50,72,4.27666611901606,"B","Diesel",1
"2061552",247.21,5.51023817783977,1,4,3,37,50,27000,10.2035921449865,"F","Regular",1
"2061939",1172,7.06646697013696,1,6,10,31,75,1719,7.44949800538285,"D","Diesel",1
"2061948",65.78,4.18631584076091,0.66,6,4,65,50,257,5.54907608489522,"C","Diesel",1
"2061980",1172,7.06646697013696,0.12,4,18,74,60,55,4.00733318523247,"B","Regular",1
"2062171",2497.1,7.82288533753554,0.76,10,7,56,50,161,5.08140436498446,"C","Diesel",2
"2062247",2344,7.7596141506969,1,6,4,56,50,37,3.61091791264422,"A","Diesel",2
"2062353",1523.22,7.328581794203,1,5,7,67,50,1284,7.15773548424991,"D","Regular",2
"2062554",1172,7.06646697013696,1,5,7,29,85,644,6.46769872610435,"D","Diesel",1
"2062657",1172,7.06646697013696,1,6,7,41,50,672,6.51025834052315,"D","Diesel",1
"2062675",4114.04,8.32216079306306,1,6,9,28,68,13,2.56494935746154,"A","Diesel",1
"2062998",183.35,5.21139689451733,1,4,7,39,62,13,2.56494935746154,"A","Diesel",1
"2063271",1172,7.06646697013696,0.68,7,6,33,60,124,4.82028156560504,"C","Regular",1
"2063363",718.92,6.57775008588383,0.83,9,7,31,85,1314,7.18083119904456,"D","Regular",1
"2063712",13343.04,9.4987501795645,0.1,11,7,48,50,1314,7.18083119904456,"D","Regular",1
"2064433",1172,7.06646697013696,0.94,10,5,38,50,741,6.60800062529609,"D","Diesel",1
"2064670",1172,7.06646697013696,1,7,10,40,106,3457,8.14815643992162,"E","Regular",1
"2064928",2772.56,7.92752636010848,1,4,3,36,50,1521,7.32712329225929,"D","Regular",1
"2065107",1495.34,7.31010888471686,0.86,4,4,74,50,1601,7.37838371299671,"D","Regular",1
"2065217",1172,7.06646697013696,0.7,7,10,52,63,537,6.28599809450886,"D","Diesel",1
"2065404",1172,7.06646697013696,1,7,11,72,50,1601,7.37838371299671,"D","Regular",1
"2065783",939.15,6.84497521085943,0.55,4,9,28,50,1054,6.96034772910131,"D","Regular",1
"2066108",6295.77,8.74763325829908,0.63,8,6,34,62,36,3.58351893845611,"A","Diesel",1
"2066418",1073.47,6.97865167095722,1,6,6,91,55,8549,9.05356959602623,"E","Diesel",2
"2066443",1172,7.06646697013696,0.41,6,6,59,50,542,6.29526600143965,"D","Regular",1
"2066490",5662.86,8.64168434392935,0.33,5,12,36,62,100,4.60517018598809,"B","Diesel",1
"2066509",1172,7.06646697013696,0.49,5,2,38,50,402,5.99645208861902,"C","Diesel",1
"2066629",2335.38,7.75592989776149,0.33,8,3,38,64,174,5.15905529921453,"C","Diesel",1
"2067032",1172,7.06646697013696,0.69,6,5,44,62,175,5.16478597392351,"C","Diesel",1
"2067161",1172,7.06646697013696,1,5,8,52,57,4128,8.3255483071614,"E","Regular",1
"2067299",745,6.61338421837956,1,6,2,39,58,983,6.89060912014717,"D","Diesel",1
"2067394",1172,7.06646697013696,1,7,3,44,50,354,5.86929691313377,"C","Regular",1
"2067582",2344,7.7596141506969,1,7,12,41,58,354,5.86929691313377,"C","Diesel",2
"2068473",1172,7.06646697013696,0.88,4,16,49,64,1329,7.19218205871325,"D","Regular",1
"2068499",2046.22,7.62374946761269,0.86,7,5,46,50,1329,7.19218205871325,"D","Regular",1
"2068526",293.4,5.68153686570888,1,6,5,47,58,1329,7.19218205871325,"D","Regular",1
"2068594",1172,7.06646697013696,0.28,7,6,26,80,1937,7.568895663407,"D","Diesel",1
"2068652",1172,7.06646697013696,1,5,9,40,50,1329,7.19218205871325,"D","Regular",1
"2068683",1167,7.06219163228656,0.99,5,1,49,54,122,4.80402104473326,"C","Diesel",1
"2068704",1172,7.06646697013696,0.82,6,10,30,125,401,5.99396142730657,"C","Regular",1
"2068931",1172,7.06646697013696,1,6,9,54,77,1313,7.1800698743028,"D","Diesel",1
"2069055",1172,7.06646697013696,0.62,4,5,60,61,23,3.13549421592915,"A","Regular",1
"2069082",1172,7.06646697013696,1,7,5,48,62,26,3.25809653802148,"A","Diesel",1
"2069131",4222.74,8.34823948543261,1,6,2,44,50,1000,6.90775527898214,"D","Diesel",1
"2069422",1172,7.06646697013696,1,4,14,53,50,2733,7.91315518592807,"E","Regular",1
"2069492",2344,7.7596141506969,0.84,6,7,51,62,405,6.00388706710654,"C","Regular",2
"2069702",660.84,6.49351175306239,0.85,7,15,28,90,405,6.00388706710654,"C","Regular",1
"2069794",1172,7.06646697013696,1,7,5,46,55,405,6.00388706710654,"C","Regular",1
"2070075",1405.5,7.24814839034659,0.76,8,19,64,50,91,4.51085950651685,"B","Diesel",1
"2070114",2532,7.83676478326407,1,5,9,47,50,91,4.51085950651685,"B","Regular",1
"2070127",1833.97,7.51423829499451,1,5,9,54,78,27000,10.2035921449865,"F","Diesel",1
"2070278",1172,7.06646697013696,0.85,8,21,73,50,2925,7.98104975966596,"E","Regular",1
"2070565",1172,7.06646697013696,0.99,4,11,33,118,2044,7.6226639513236,"E","Regular",1
"2070748",2344,7.7596141506969,1,5,1,68,77,46,3.8286413964891,"A","Diesel",2
"2070986",1172,7.06646697013696,1,4,14,38,76,8455,9.04251326133268,"E","Diesel",1
"2071184",6908.77,8.84054689802296,0.61,5,3,79,50,8455,9.04251326133268,"E","Regular",1
"2071220",293.9,5.68323957342487,0.21,8,1,68,50,18,2.89037175789616,"A","Diesel",1
"2071290",1172,7.06646697013696,1,6,1,62,50,144,4.969813299576,"C","Diesel",1
"2071368",1172,7.06646697013696,1,7,4,46,58,8455,9.04251326133268,"E","Diesel",1
"2071682",743.94,6.6119603864198,1,7,8,33,62,1313,7.1800698743028,"D","Diesel",1
"2071871",854.63,6.75066862673608,0.11,8,12,27,60,4116,8.32263709695394,"E","Regular",1
"2071950",1172,7.06646697013696,1,4,4,47,90,13520,9.51192534959696,"F","Regular",1
"2072155",33.81,3.5207566167198,0.75,7,11,67,106,473,6.15909538849193,"C","Regular",1
"2072206",76,4.33073334028633,0.31,6,2,39,50,2201,7.69666708152646,"E","Diesel",1
"2072355",795.47,6.67893313493599,1,5,3,48,50,139,4.93447393313069,"C","Regular",1
"2072916",1172,7.06646697013696,1,6,9,36,67,14,2.63905732961526,"A","Diesel",1
"2072978",600,6.39692965521615,0.42,8,12,63,100,4762,8.46842302704681,"E","Diesel",1
"2072995",1172,7.06646697013696,1,6,9,51,56,433,6.07073772800249,"C","Regular",1
"2073287",1172,7.06646697013696,1,5,7,79,50,355,5.87211778947542,"C","Regular",1
"2073602",1172,7.06646697013696,1,7,4,43,50,3866,8.25997565976828,"E","Regular",1
"2073636",991,6.89871453432999,0.47,5,7,39,50,70,4.24849524204936,"B","Regular",1
"2073797",2493.42,7.82141054105461,0.91,6,4,78,76,37,3.61091791264422,"A","Diesel",1
"2073879",32.53,3.48216274048526,0.6,4,9,45,50,2885,7.9672801789422,"E","Regular",1
"2073922",724.14,6.58498474385786,1,6,8,31,50,211,5.35185813347607,"C","Diesel",1
"2073959",2377.31,7.77372487534808,0.67,4,6,76,62,127,4.84418708645859,"C","Regular",1
"2074337",1172,7.06646697013696,0.51,6,15,51,125,3021,8.01334318138667,"E","Regular",1
"2074343",1172,7.06646697013696,0.45,10,14,45,50,139,4.93447393313069,"C","Diesel",1
"2074724",1172,7.06646697013696,1,5,6,73,50,2498,7.82324569068552,"E","Regular",1
"2074861",65.1,4.17592454921452,0.75,7,8,61,55,67,4.20469261939097,"B","Regular",1
"2074924",1172,7.06646697013696,0.51,5,3,34,62,1535,7.3362856600213,"D","Regular",1
"2075034",1172,7.06646697013696,1,6,7,25,95,1287,7.16006920759613,"D","Diesel",1
"2075189",5850.85,8.6743422288163,0.63,7,16,54,50,242,5.48893772615669,"C","Regular",1
"2075314",1172,7.06646697013696,0.76,4,9,26,72,2377,7.77359446736019,"E","Regular",1
"2075555",583.54,6.36911300121937,1,6,6,63,50,3688,8.21283958467648,"E","Diesel",1
"2075630",3642.35,8.20038435671353,1,7,2,39,50,4762,8.46842302704681,"E","Regular",1
"2075906",1172,7.06646697013696,1,7,14,66,50,9,2.19722457733622,"A","Regular",1
"2076160",2015.54,7.6086424285523,0.25,5,5,45,50,3317,8.10681603894705,"E","Diesel",1
"2076169",1172,7.06646697013696,0.88,6,1,52,50,3317,8.10681603894705,"E","Regular",1
"2076532",258.62,5.55535980286771,1,6,6,60,50,27000,10.2035921449865,"F","Regular",1
"2076591",586,6.37331978957701,1,7,27,66,56,126,4.83628190695148,"C","Regular",1
"2076672",321.6,5.77330853730481,0.24,5,4,51,50,246,5.50533153593236,"C","Regular",1
"20769",1128.12,7.02830780937846,0.99,11,8,53,77,165,5.10594547390058,"C","Regular",1
"2077182",584.15,6.37015779916316,0.8,6,11,31,60,273,5.60947179518496,"C","Diesel",1
"2077200",39850,10.5928776842184,0.88,4,15,54,55,1753,7.46908388492123,"D","Regular",1
"2077644",449.4,6.10791335975123,1,4,18,29,57,398,5.98645200528444,"C","Regular",1
"2077803",4162.7,8.33391918118248,1,4,2,67,50,211,5.35185813347607,"C","Diesel",1
"2077880",1172,7.06646697013696,1,5,4,63,50,645,6.46925031679577,"D","Regular",1
"2078300",1172,7.06646697013696,1,6,8,73,58,140,4.9416424226093,"C","Diesel",1
"2078308",1172,7.06646697013696,1,9,8,69,58,96,4.56434819146784,"B","Regular",1
"2078814",3000,8.00636756765025,1,5,6,32,50,3744,8.22790983759748,"E","Diesel",1
"2078832",1172,7.06646697013696,0.32,8,1,52,56,610,6.41345895716736,"D","Regular",1
"2078838",1172,7.06646697013696,0.99,8,11,29,50,75,4.31748811353631,"B","Regular",1
"2078866",1172,7.06646697013696,1,6,14,70,50,1629,7.39572160860205,"D","Regular",1
"2078925",1172,7.06646697013696,1,5,6,51,62,177,5.17614973257383,"C","Regular",1
"2078938",1172,7.06646697013696,1,7,7,50,50,3744,8.22790983759748,"E","Diesel",1
"2079553",1172,7.06646697013696,1,5,13,52,55,461,6.13339804299665,"C","Diesel",1
"2079565",1172,7.06646697013696,1,9,3,71,50,262,5.5683445037611,"C","Regular",1
"2079762",1246.19,7.12784617568377,0.4,8,6,39,60,1063,6.96885037834195,"D","Diesel",1
"2079917",586,6.37331978957701,1,6,9,48,50,6,1.79175946922805,"A","Diesel",1
"2080016",2056.59,7.62880455038903,1,6,1,47,62,8,2.07944154167984,"A","Diesel",1
"2080294",1172,7.06646697013696,1,6,2,38,50,817,6.70563909486,"D","Diesel",1
"2080561",1172,7.06646697013696,1,5,7,35,100,1313,7.1800698743028,"D","Diesel",1
"2081344",12172,9.40689351101686,0.91,4,12,39,50,3430,8.14031554015999,"E","Regular",1
"2081353",1172,7.06646697013696,0.43,5,3,37,55,262,5.5683445037611,"C","Diesel",1
"2081388",4158.51,8.33291211601909,1,7,8,46,50,4762,8.46842302704681,"E","Regular",1
"2081404",1172,7.06646697013696,0.82,7,11,40,50,4762,8.46842302704681,"E","Regular",1
"2081612",1172,7.06646697013696,1,6,7,30,71,798,6.68210859744981,"D","Diesel",1
"2081718",1172,7.06646697013696,1,5,15,53,50,28,3.3322045101752,"A","Regular",1
"2081758",1172,7.06646697013696,0.83,5,2,49,62,77,4.34380542185368,"B","Diesel",1
"2082251",2994.32,8.00447243969579,1,5,16,57,55,782,6.66185474054531,"D","Diesel",2
"2082253",1172,7.06646697013696,1,7,8,64,58,1397,7.24208235925696,"D","Diesel",1
"2082425",1068,6.97354301952014,0.25,9,4,50,60,38,3.63758615972639,"A","Diesel",1
"2082434",1172,7.06646697013696,1,7,4,45,50,3134,8.05006542291597,"E","Regular",1
"2082574",1168.9,7.06381841461373,0.41,5,14,33,64,586,6.37331978957701,"D","Regular",1
"2082620",1172,7.06646697013696,0.46,5,3,32,72,115,4.74493212836325,"C","Diesel",1
"2082646",5396,8.59341321732765,1,5,8,50,73,1191,7.0825485693553,"D","Diesel",2
"2082809",1172,7.06646697013696,1,6,2,74,50,583,6.36818718635049,"D","Regular",1
"2082818",1172,7.06646697013696,1,6,8,27,112,58,4.06044301054642,"B","Diesel",1
"2082845",85.8,4.45201900649392,0.29,5,2,50,50,54,3.98898404656427,"B","Diesel",1
"2082949",69.19,4.23685634351072,1,9,3,52,50,60,4.0943445622221,"B","Regular",1
"2083016",80.91,4.39333742581975,0.74,5,9,33,60,200,5.29831736654804,"C","Regular",1
"2083327",1172,7.06646697013696,1,6,12,46,82,881,6.78105762593618,"D","Diesel",1
"2083401",365.29,5.90069155866607,0.96,7,16,23,90,881,6.78105762593618,"D","Regular",1
"2083547",4100.03,8.3187495697388,0.38,8,10,36,64,2415,7.78945456608667,"E","Regular",1
"2083848",120.64,4.79281090425965,1,4,13,47,50,2656,7.88457651059632,"E","Regular",1
"2083903",1172,7.06646697013696,1,7,10,40,50,1466,7.2902928824466,"D","Diesel",1
"2083964",3033,8.01730750768858,0.64,4,5,49,50,636,6.45519856334012,"D","Regular",1
"2084125",1151.31,7.0486557034753,0.67,6,7,45,50,2795,7.9355873855892,"E","Regular",1
"2084256",80.65,4.39011880457122,1,5,11,33,50,23,3.13549421592915,"A","Diesel",1
"2084282",77,4.34380542185368,1,7,7,59,60,3301,8.10198073185319,"E","Diesel",1
"2084687",586,6.37331978957701,1,6,12,53,50,9817,9.19187085569252,"E","Diesel",1
"2085700",1172,7.06646697013696,0.27,9,17,34,50,1052,6.95844839329766,"D","Regular",1
"2086095",1172,7.06646697013696,1,9,12,56,50,186,5.2257466737132,"C","Regular",1
"20867",1128.12,7.02830780937846,0.96,4,15,54,50,473,6.15909538849193,"C","Regular",1
"2086702",1172,7.06646697013696,0.75,7,13,64,58,20,2.99573227355399,"A","Diesel",1
"2087065",1172,7.06646697013696,0.69,5,3,33,50,3866,8.25997565976828,"E","Diesel",1
"2087231",1172,7.06646697013696,1,5,8,69,50,507,6.22851100359118,"D","Regular",1
"2087464",1172,7.06646697013696,1,4,18,38,55,12,2.484906649788,"A","Regular",1
"2087526",1454.71,7.2825618470254,0.74,8,15,28,76,72,4.27666611901606,"B","Diesel",1
"2087618",1516.4,7.32409438364218,0.15,7,9,25,90,393,5.97380961186926,"C","Regular",1
"2087638",129.08,4.86043236718376,0.5,4,13,60,50,66,4.18965474202643,"B","Regular",1
"2087774",2099.32,7.64936876175008,1,8,2,65,50,28,3.3322045101752,"A","Diesel",1
"2087803",806.16,6.69228223397215,1,5,1,26,85,17,2.83321334405622,"A","Diesel",1
"2087999",1172,7.06646697013696,1,5,3,46,71,1408,7.24992553671799,"D","Regular",1
"2088068",1172,7.06646697013696,1,11,24,40,62,66,4.18965474202643,"B","Diesel",1
"2088087",2672,7.89058253465654,0.04,5,3,69,50,453,6.11589212548303,"C","Regular",1
"2088136",1172,7.06646697013696,0.61,7,3,65,50,421,6.04263283368238,"C","Diesel",1
"2088265",1587.59,7.36997242207325,0.84,9,1,59,50,4762,8.46842302704681,"E","Diesel",1
"2088293",1172,7.06646697013696,0.62,6,7,45,50,126,4.83628190695148,"C","Diesel",1
"2088311",1172,7.06646697013696,0.55,6,7,32,85,4059,8.3086919168389,"E","Diesel",1
"2088317",763.03,6.63729734899119,1,4,16,48,50,37,3.61091791264422,"A","Regular",1
"2088369",2197.6,7.69512113478106,0.28,6,15,25,100,222,5.40267738187228,"C","Regular",1
"2088418",1172,7.06646697013696,0.65,10,7,32,95,61,4.11087386417331,"B","Diesel",1
"2088791",1172,7.06646697013696,1,5,3,84,100,34,3.52636052461616,"A","Regular",1
"2089282",784.67,6.66526324723145,0.41,6,1,58,50,169,5.12989871492307,"C","Regular",1
"2089666",1172,7.06646697013696,1,9,13,56,50,295,5.68697535633982,"C","Diesel",1
"2090215",1313.14,7.18017649466586,1,12,3,44,62,64,4.15888308335967,"B","Diesel",1
"2090867",1172,7.06646697013696,0.37,11,1,42,50,2537,7.83873755959928,"E","Diesel",1
"2091035",2054.49,7.6277829209473,0.89,7,1,45,50,1535,7.3362856600213,"D","Diesel",1
"2091392",2344,7.7596141506969,1,5,8,67,58,747,6.61606518513282,"D","Diesel",2
"2091476",1311.9,7.17923174708698,1,7,9,32,67,747,6.61606518513282,"D","Diesel",1
"2091605",1172,7.06646697013696,1,7,25,75,62,1729,7.45529848568329,"D","Regular",1
"2091689",1172,7.06646697013696,1,7,6,64,115,3688,8.21283958467648,"E","Diesel",1
"2091766",236.18,5.46459422617314,0.71,9,1,52,50,3688,8.21283958467648,"E","Diesel",1
"2091898",207.9,5.33705719486397,0.94,6,2,22,64,1786,7.48773376143644,"D","Diesel",1
"2092500",874.9,6.77410959411222,1,7,10,54,56,4116,8.32263709695394,"E","Regular",1
"2092690",256.81,5.5483365118676,1,5,4,56,50,37,3.61091791264422,"A","Regular",1
"2092781",4105.91,8.32018267819593,0.5,4,12,41,90,127,4.84418708645859,"C","Regular",2
"2092844",1919.07,7.55959597267436,0.13,10,10,39,95,88,4.47733681447821,"B","Regular",1
"2092982",1172,7.06646697013696,0.6,11,10,42,50,1408,7.24992553671799,"D","Diesel",1
"2093031",1172,7.06646697013696,1,5,16,55,50,270,5.59842195899838,"C","Regular",1
"2093096",339.01,5.82602960547045,0.22,6,4,30,71,587,6.3750248198281,"D","Regular",1
"2093596",957.4,6.86422127695841,1,5,1,29,52,27000,10.2035921449865,"F","Diesel",1
"2093660",3530.75,8.16926559194917,0.43,4,14,44,112,227,5.4249500174814,"C","Regular",1
"2093675",1172,7.06646697013696,0.04,4,13,28,95,227,5.4249500174814,"C","Diesel",1
"2093755",1172,7.06646697013696,0.11,5,0,38,50,247,5.50938833662798,"C","Diesel",1
"2093974",1172,7.06646697013696,0.43,5,2,73,50,983,6.89060912014717,"D","Diesel",1
"2094277",1172,7.06646697013696,1,8,13,31,71,31,3.43398720448515,"A","Diesel",1
"2094286",15,2.70805020110221,1,8,14,43,52,33,3.49650756146648,"A","Diesel",1
"2094592",1172,7.06646697013696,0.96,6,3,37,112,3657,8.20439841814938,"E","Regular",1
"2094615",2600.86,7.86359743854826,0.03,6,8,26,76,8880,9.09155683598622,"E","Diesel",1
"2094816",1172,7.06646697013696,1,6,9,31,112,86,4.45434729625351,"B","Diesel",1
"2094958",1172,7.06646697013696,1,5,1,56,132,1313,7.1800698743028,"D","Diesel",1
"2095044",1270.9,7.14748058988802,0.7,5,3,43,50,115,4.74493212836325,"C","Regular",2
"2095061",596.42,6.39094511686889,1,8,6,37,50,33,3.49650756146648,"A","Diesel",1
"2095106",1172,7.06646697013696,0.61,5,13,49,125,214,5.36597601502185,"C","Diesel",1
"2095237",2632.99,7.87587536153999,0.06,6,5,50,50,16,2.77258872223978,"A","Regular",1
"2095749",1172,7.06646697013696,0.86,9,10,37,112,95,4.55387689160054,"B","Regular",1
"2095794",304.52,5.71873676643801,1,5,4,49,50,1753,7.46908388492123,"D","Diesel",1
"2096004",2855.94,7.95715631483543,0.64,8,1,38,50,3317,8.10681603894705,"E","Regular",1
"2096598",1172,7.06646697013696,0.49,6,6,44,50,904,6.80682936039218,"D","Diesel",1
"2096841",1172,7.06646697013696,0.89,6,3,34,50,490,6.19440539110467,"C","Diesel",1
"2096910",1172,7.06646697013696,0.38,7,5,64,50,93,4.53259949315326,"B","Regular",1
"2096921",154.16,5.03799102410611,0.03,4,12,32,57,1601,7.37838371299671,"D","Regular",1
"2096963",1172,7.06646697013696,1,5,8,44,77,142,4.95582705760126,"C","Diesel",1
"2097033",1172,7.06646697013696,1,4,18,53,62,112,4.71849887129509,"C","Regular",1
"2097308",1172,7.06646697013696,1,4,3,40,50,1442,7.2737863178449,"D","Regular",1
"2097523",2231.38,7.71037550713603,1,11,6,28,69,1323,7.18765716411496,"D","Regular",1
"2097921",241.03,5.4849214070713,0.7,6,14,48,50,91,4.51085950651685,"B","Diesel",1
"2098003",586,6.37331978957701,1,7,11,65,50,15,2.70805020110221,"A","Diesel",1
"2098090",70.62,4.25731339050024,1,6,5,54,50,370,5.91350300563827,"C","Regular",1
"2098193",78.16,4.35875800773453,0.46,7,0,65,50,50,3.91202300542815,"B","Diesel",1
"2098639",1172,7.06646697013696,0.99,4,9,47,50,4087,8.31556648356428,"E","Regular",1
"2098714",1172,7.06646697013696,1,5,11,21,106,155,5.04342511691925,"C","Regular",1
"2098851",1172,7.06646697013696,0.25,4,17,56,90,817,6.70563909486,"D","Regular",1
"2099455",1172,7.06646697013696,0.75,5,4,54,50,135,4.90527477843843,"C","Diesel",1
"2099804",1996.66,7.59923106353765,0.39,5,9,50,62,229,5.43372200355424,"C","Diesel",1
"2100401",80.51,4.38838140031189,1,7,13,33,60,64,4.15888308335967,"B","Regular",1
"2100595",1785.83,7.48763857213565,0.19,4,10,40,50,57,4.04305126783455,"B","Regular",1
"2100909",5388.94,8.59210398408046,0.4,4,2,30,90,189,5.24174701505964,"C","Regular",1
"2101099",1472,7.29437729928882,1,7,13,64,50,1054,6.96034772910131,"D","Regular",1
"2101154",1172,7.06646697013696,1,7,8,49,50,1054,6.96034772910131,"D","Regular",1
"2101175",586,6.37331978957701,0.53,7,5,35,59,1054,6.96034772910131,"D","Diesel",1
"2101257",189.77,5.24581281256589,0.74,8,3,47,54,244,5.4971682252932,"C","Diesel",1
"2101624",52.55,3.96176509732296,1,4,10,38,72,9307,9.13852208418571,"E","Regular",1
"2101746",1072.25,6.97751452339699,0.72,4,13,46,50,9307,9.13852208418571,"E","Diesel",1
"2101778",1172,7.06646697013696,0.36,6,11,49,50,56,4.02535169073515,"B","Regular",1
"2101791",1172,7.06646697013696,1,5,1,42,50,178,5.18178355029209,"C","Diesel",1
"2101822",643.06,6.46623803248147,1,10,9,55,50,4348,8.3774712482411,"E","Regular",1
"2102178",1172,7.06646697013696,1,5,7,70,58,30,3.40119738166216,"A","Regular",1
"2102432",274,5.61312810638807,1,7,7,49,50,182,5.2040066870768,"C","Diesel",1
"2102508",1172,7.06646697013696,1,5,7,58,68,1482,7.30114780585603,"D","Regular",1
"2102562",1172,7.06646697013696,0.84,11,9,36,68,291,5.67332326717149,"C","Regular",1
"2102627",4003.95,8.29503665284465,0.2,7,8,24,100,1329,7.19218205871325,"D","Regular",1
"2103019",111.89,4.71751624581963,0.8,7,16,62,85,4116,8.32263709695394,"E","Diesel",1
"2103409",89,4.48863636973214,1,6,2,28,54,1557,7.350516171834,"D","Regular",1
"2103601",1172,7.06646697013696,1,4,13,42,59,2472,7.81278281857758,"E","Regular",1
"2103650",1172,7.06646697013696,0.47,6,6,40,76,831,6.72262979485545,"D","Diesel",1
"2103786",517.73,6.24945387084779,0.75,6,7,24,60,3103,8.04012466444838,"E","Regular",1
"2103813",2344,7.7596141506969,0.52,5,9,26,95,8549,9.05356959602623,"E","Regular",2
"2103881",1172,7.06646697013696,1,7,12,50,62,745,6.61338421837956,"D","Regular",1
"21039",217.89,5.38399034828619,1,6,11,50,51,60,4.0943445622221,"B","Regular",1
"2104000",6070.56,8.71120613679978,0.51,5,4,35,51,311,5.73979291217923,"C","Diesel",1
"2104142",6586,8.79270146293631,0.9,12,19,37,50,57,4.04305126783455,"B","Diesel",1
"2104196",1169.16,7.06404082122525,0.21,5,17,20,95,36,3.58351893845611,"A","Diesel",1
"2104387",1172,7.06646697013696,0.66,5,16,29,85,3866,8.25997565976828,"E","Regular",1
"2104530",1172,7.06646697013696,0.18,6,4,45,60,15,2.70805020110221,"A","Diesel",1
"2104632",1172,7.06646697013696,0.98,8,18,30,57,153,5.03043792139244,"C","Diesel",1
"2105124",1172,7.06646697013696,0.28,4,8,77,50,182,5.2040066870768,"C","Diesel",1
"2105285",186.03,5.2259079510299,1,4,15,21,95,586,6.37331978957701,"D","Regular",1
"2105358",1172,7.06646697013696,1,5,7,33,59,776,6.65415252018322,"D","Diesel",1
"2105508",71.09,4.26394667994139,1,6,17,54,50,1601,7.37838371299671,"D","Regular",1
"2105723",3932.86,8.27712217556128,1,6,6,45,50,3317,8.10681603894705,"E","Regular",2
"2105840",2500,7.82404601085629,1,7,7,51,50,511,6.2363695902037,"D","Regular",1
"2106101",249.13,5.51797484857741,1,7,4,47,50,3490,8.15765701519647,"E","Diesel",1
"2106271",2500.49,7.8242419916508,0.68,7,8,43,50,169,5.12989871492307,"C","Regular",1
"2106322",1172,7.06646697013696,1,6,2,62,50,8455,9.04251326133268,"E","Diesel",1
"2106355",1172,7.06646697013696,1,9,2,33,50,3457,8.14815643992162,"E","Diesel",1
"2106452",1172,7.06646697013696,0.53,8,21,40,100,8455,9.04251326133268,"E","Regular",1
"2106721",87.65,4.47335161136724,1,6,8,23,95,2733,7.91315518592807,"E","Diesel",1
"21068",1721.48,7.4509396649359,0.96,4,11,43,50,196,5.27811465923052,"C","Regular",1
"2106855",6172,8.72777821348305,0.07,8,17,23,95,4762,8.46842302704681,"E","Regular",1
"2106905",1999.92,7.60086245874206,0.48,6,8,31,50,213,5.36129216570943,"C","Diesel",1
"2107188",1172,7.06646697013696,1,4,3,54,50,149,5.00394630594546,"C","Regular",1
"2107234",558,6.32435896238131,0.32,6,9,40,50,1541,7.34018683532012,"D","Diesel",1
"2107332",1043.58,6.95041238864812,0.55,7,0,37,50,170,5.13579843705026,"C","Diesel",1
"2107496",547.4,6.30517979660658,1,5,15,39,50,27000,10.2035921449865,"F","Regular",1
"2107931",76.57,4.33820535512503,0.5,4,11,51,50,886,6.78671695060508,"D","Regular",1
"2108597",1172,7.06646697013696,1,4,2,22,100,8455,9.04251326133268,"E","Diesel",1
"2108639",149.38,5.00649339492892,1,5,8,47,62,2216,7.70345904786717,"E","Regular",1
"2108663",43.81,3.77986210182581,1,12,10,63,50,263,5.57215403217776,"C","Regular",1
"2108705",339.56,5.82765066186977,0.76,7,4,35,50,27000,10.2035921449865,"F","Regular",1
"2109203",671.64,6.50972248269127,1,5,9,56,50,156,5.04985600724954,"C","Diesel",1
"2109321",2344,7.7596141506969,1,5,11,59,55,378,5.93489419561959,"C","Regular",2
"2109377",1172,7.06646697013696,0.83,9,14,46,50,1228,7.11314210870709,"D","Regular",1
"2109557",1172,7.06646697013696,1,6,5,56,72,3963,8.28475659319044,"E","Diesel",1
"2109603",6672,8.80567494403858,0.67,7,14,29,100,3021,8.01334318138667,"E","Regular",1
"2109855",1172,7.06646697013696,1,5,2,56,50,1403,7.24636808010246,"D","Diesel",1
"2110106",1133.1,7.03271251838652,0.41,4,1,45,55,149,5.00394630594546,"C","Regular",1
"2110327",1172,7.06646697013696,1,13,8,55,80,4116,8.32263709695394,"E","Regular",1
"2110401",5439.29,8.60140381662632,1,4,15,48,50,149,5.00394630594546,"C","Regular",2
"2110644",1172,7.06646697013696,1,4,8,44,68,298,5.6970934865054,"C","Diesel",1
"2110679",1172,7.06646697013696,1,5,6,31,85,101,4.61512051684126,"C","Diesel",1
"2110826",906.87,6.80999911018425,1,6,11,45,50,214,5.36597601502185,"C","Regular",1
"2110869",792.7,6.67544483984311,1,8,7,44,73,3214,8.07527154629746,"E","Diesel",1
"2110989",555.56,6.31997661404802,1,7,14,37,56,13,2.56494935746154,"A","Diesel",1
"2111240",1172,7.06646697013696,1,8,15,56,67,197,5.28320372873799,"C","Diesel",1
"2111272",1172,7.06646697013696,1,10,12,42,50,68,4.21950770517611,"B","Diesel",1
"2111659",1003.57,6.91131892165808,1,4,4,51,60,1284,7.15773548424991,"D","Regular",1
"2111694",1023.57,6.93105179553257,1,5,2,24,72,625,6.4377516497364,"D","Regular",1
"2112002",149.48,5.00716260461728,0.14,6,10,35,60,741,6.60800062529609,"D","Diesel",1
"2112057",210.35,5.34877281003653,0.83,7,3,31,60,81,4.39444915467244,"B","Diesel",1
"2112078",1777.14,7.48276060951952,1,6,6,64,50,8,2.07944154167984,"A","Diesel",1
"2112087",2606.37,7.86571372765262,1,6,2,57,50,164,5.0998664278242,"C","Diesel",1
"2112359",139.64,4.93906768223684,0.29,9,2,48,50,912,6.81563999007433,"D","Regular",1
"2112487",11936.45,9.38735202280526,0.00547945205479452,4,6,33,50,511,6.2363695902037,"D","Regular",1
"2113129",2549.42,7.84362116130118,1,6,14,33,112,2740,7.91571319938212,"E","Diesel",1
"2113366",531.55,6.27579726673461,1,7,4,35,55,49,3.89182029811063,"A","Regular",1
"2113674",720.32,6.57969555771837,0.13,7,11,23,85,315,5.75257263882563,"C","Regular",1
"2113815",2351.47,7.76279594348956,0.75,4,6,30,64,1232,7.11639414409346,"D","Regular",1
"2114073",713.9,6.57074289650842,0.63,7,11,33,50,20,2.99573227355399,"A","Diesel",1
"2114569",586,6.37331978957701,0.37,5,19,36,76,9307,9.13852208418571,"E","Regular",1
"2114637",1172,7.06646697013696,0.52,7,2,41,86,8549,9.05356959602623,"E","Diesel",1
"2114705",433.67,6.07228387620994,0.84,7,9,65,76,3628,8.19643681123503,"E","Diesel",1
"2114731",1172,7.06646697013696,1,6,12,77,71,9307,9.13852208418571,"E","Regular",1
"2114796",941.53,6.84750621163629,0.5,7,8,52,63,322,5.77455154554441,"C","Diesel",1
"2114856",1481.41,7.30074961592768,0.63,5,7,56,50,8455,9.04251326133268,"E","Diesel",1
"2115008",8933.21,9.09753107176539,0.18,6,3,45,50,884,6.78445706263764,"D","Regular",1
"2115358",409.99,6.016132769157,0.86,6,7,23,90,93,4.53259949315326,"B","Diesel",1
"2115518",1172,7.06646697013696,0.5,5,1,25,90,194,5.26785815906333,"C","Diesel",1
"2115842",405,6.00388706710654,1,6,7,62,50,405,6.00388706710654,"C","Regular",1
"2115968",1172,7.06646697013696,0.07,7,10,45,50,20,2.99573227355399,"A","Regular",1
"2116013",229.64,5.43651286529944,1,12,3,40,50,1002,6.90975328164481,"D","Diesel",1
"2116016",6337.65,8.75426331625839,1,11,8,61,50,313,5.74620319054015,"C","Regular",1
"2116079",1172,7.06646697013696,1,13,4,80,50,1521,7.32712329225929,"D","Regular",1
"2116208",2592.69,7.86045122574995,0.39,5,4,53,54,1002,6.90975328164481,"D","Regular",1
"2116249",486.73,6.18770955455349,1,6,6,43,50,9307,9.13852208418571,"E","Diesel",1
"2116266",1172,7.06646697013696,0.9,7,15,23,95,322,5.77455154554441,"C","Regular",1
"2116328",2860.12,7.95861886097564,1,7,4,42,50,1410,7.25134498337221,"D","Regular",1
"2116335",2164.89,7.68012483083172,1,6,4,22,156,4348,8.3774712482411,"E","Regular",2
"2116575",1172,7.06646697013696,1,5,6,50,50,254,5.53733426701854,"C","Regular",1
"2116630",913.01,6.8167468334375,1,4,2,56,50,1313,7.1800698743028,"D","Regular",1
"2116919",25520.3,10.1472294928755,1,4,8,33,72,8346,9.0295376611515,"E","Regular",1
"2117092",2854.21,7.95655037626887,1,10,12,52,50,1601,7.37838371299671,"D","Regular",1
"2117362",965.78,6.87293606500386,0.34,8,5,46,90,137,4.91998092582813,"C","Regular",1
"2117369",1000,6.90775527898214,0.43,7,4,48,50,1054,6.96034772910131,"D","Regular",1
"2117560",1134.28,7.0337533673898,1,7,6,37,50,44,3.78418963391826,"A","Regular",1
"2118039",542.72,6.29659353316348,0.24,6,12,32,100,186,5.2257466737132,"C","Diesel",1
"2118380",1172,7.06646697013696,1,10,1,61,73,298,5.6970934865054,"C","Diesel",1
"2118758",1172,7.06646697013696,1,4,2,39,95,583,6.36818718635049,"D","Diesel",1
"2119103",1468.07,7.29170389196132,1,7,7,59,50,678,6.5191472879404,"D","Regular",1
"2119565",1172,7.06646697013696,1,5,11,44,66,287,5.65948221575962,"C","Diesel",1
"2119577",1172,7.06646697013696,1,7,11,44,72,3368,8.12207437536222,"E","Regular",1
"2119664",1834.02,7.51426555788236,1,7,4,48,50,226,5.42053499927229,"C","Regular",1
"2119711",1172,7.06646697013696,1,8,11,54,51,73,4.29045944114839,"B","Diesel",1
"2119802",586,6.37331978957701,0.71,7,14,29,90,1408,7.24992553671799,"D","Regular",1
"2119872",1172,7.06646697013696,0.66,5,3,33,100,1408,7.24992553671799,"D","Regular",1
"2120003",219,5.3890717298165,0.36,4,1,23,80,127,4.84418708645859,"C","Regular",1
"2120160",77,4.34380542185368,1,6,7,59,100,3301,8.10198073185319,"E","Diesel",1
"2120715",2560.97,7.84814137195676,1,13,22,42,50,109,4.69134788222914,"C","Diesel",1
"2120786",500,6.21460809842219,0.02,6,4,41,50,165,5.10594547390058,"C","Diesel",1
"2120954",1172,7.06646697013696,0.61,11,2,34,54,741,6.60800062529609,"D","Diesel",1
"2121315",1655.82,7.41205163338523,1,6,2,43,50,208,5.33753807970132,"C","Regular",1
"2121363",150.91,5.01668363263046,0.41,9,11,31,85,5449,8.6031873845831,"E","Regular",1
"2121396",11500,9.35010231435134,1,7,10,58,50,200,5.29831736654804,"C","Diesel",1
"2121609",1172,7.06646697013696,1,4,12,46,50,473,6.15909538849193,"C","Regular",1
"2121962",3982.38,8.28963490950349,0.04,14,20,48,50,3317,8.10681603894705,"E","Regular",1
"2122464",1311.62,7.17901829340562,0.76,7,2,42,62,72,4.27666611901606,"B","Diesel",1
"2122469",1172,7.06646697013696,0.22,6,4,33,88,72,4.27666611901606,"B","Diesel",1
"2122493",66.97,4.20424475792196,0.96,8,15,32,60,176,5.17048399503815,"C","Diesel",1
"2122508",1172,7.06646697013696,1,7,19,37,75,374,5.92425579741453,"C","Regular",1
"2122585",1172,7.06646697013696,0.95,11,13,53,50,8549,9.05356959602623,"E","Regular",1
"2122609",31172,10.3472755349635,0.54,10,13,65,62,1054,6.96034772910131,"D","Diesel",1
"2122644",135.04,4.90557103084765,0.45,11,12,44,50,1054,6.96034772910131,"D","Regular",1
"2122647",1172,7.06646697013696,1,7,17,44,58,1054,6.96034772910131,"D","Diesel",1
"2122665",3583.24,8.18402269803686,0.56,6,5,72,50,1054,6.96034772910131,"D","Diesel",1
"2122672",1362,7.21670948670946,0.54,6,9,35,95,1408,7.24992553671799,"D","Diesel",1
"2122680",1228.85,7.11383405166975,1,5,11,33,50,349,5.85507192220243,"C","Diesel",1
"2122718",1172,7.06646697013696,0.89,12,7,26,80,1408,7.24992553671799,"D","Diesel",1
"2122724",1158.42,7.05481228667578,1,4,12,39,90,88,4.47733681447821,"B","Regular",1
"2122745",2672,7.89058253465654,0.15,6,4,25,80,1408,7.24992553671799,"D","Diesel",1
"2122881",1172,7.06646697013696,0.29,7,12,37,76,1199,7.08924315502751,"D","Diesel",1
"2123004",1172,7.06646697013696,0.6,6,15,52,50,957,6.86380339145295,"D","Diesel",1
"2123325",1172,7.06646697013696,1,10,9,40,50,405,6.00388706710654,"C","Diesel",1
"2123537",1172,7.06646697013696,0.4,5,6,63,50,3744,8.22790983759748,"E","Regular",1
"2123670",1172,7.06646697013696,0.84,11,10,57,71,97,4.57471097850338,"B","Regular",1
"2124246",75.99,4.33060175268169,0.1,5,6,67,57,107,4.67282883446191,"C","Diesel",1
"2124305",11517.21,9.35159771741775,0.79,5,17,30,95,505,6.22455842927536,"D","Regular",1
"2124547",2672,7.89058253465654,0.41,7,15,76,50,3430,8.14031554015999,"E","Regular",1
"2124606",1172,7.06646697013696,0.15,7,10,36,95,106,4.66343909411207,"C","Diesel",1
"2125523",1172,7.06646697013696,0.42,5,12,45,100,11,2.39789527279837,"A","Diesel",1
"2125636",5127.2,8.54231498019002,0.49,7,22,54,106,3095,8.0375431851187,"E","Regular",1
"2125775",1172,7.06646697013696,1,5,4,56,77,3095,8.0375431851187,"E","Diesel",1
"2125818",3556.57,8.17655187625177,1,4,7,49,58,26,3.25809653802148,"A","Regular",1
"2125827",1172,7.06646697013696,0.91,7,17,34,112,271,5.6021188208797,"C","Diesel",1
"2126036",1172,7.06646697013696,0.37,4,15,23,85,657,6.48768401848461,"D","Regular",1
"2126398",4308.77,8.36840775953774,0.73,7,9,78,50,9307,9.13852208418571,"E","Regular",1
"2126401",429.21,6.06194630964635,1,5,1,44,50,226,5.42053499927229,"C","Diesel",1
"2126813",852.19,6.7478095066623,0.27,7,5,44,50,146,4.98360662170834,"C","Regular",1
"2126814",267.91,5.59065110321487,0.74,5,5,33,85,154,5.03695260241363,"C","Diesel",1
"2126833",1172,7.06646697013696,1,7,5,47,62,26,3.25809653802148,"A","Diesel",1
"2127398",1172,7.06646697013696,0.14,11,6,34,58,416,6.03068526026126,"C","Diesel",1
"2127628",1054.37,6.96069871114317,0.47,11,2,47,68,55,4.00733318523247,"B","Diesel",1
"2127772",1172,7.06646697013696,0.3,6,5,52,50,4253,8.35537989525363,"E","Regular",1
"2127820",1172,7.06646697013696,0.36,6,14,44,76,3386,8.12740456269308,"E","Diesel",1
"2127866",1599.26,7.37729630124176,0.61,6,8,25,76,1962,7.58171964012531,"D","Diesel",1
"2128921",2672,7.89058253465654,1,6,6,43,50,170,5.13579843705026,"C","Diesel",1
"2128936",963.1,6.87015724856682,0.74,4,7,21,100,91,4.51085950651685,"B","Diesel",1
"2129217",3355.45,8.11834116857832,0.59,6,4,44,50,1753,7.46908388492123,"D","Diesel",1
"2129303",611.64,6.41614387413995,0.34,5,6,25,90,1753,7.46908388492123,"D","Regular",1
"2129365",1172,7.06646697013696,0.24,5,13,57,100,563,6.33327962813969,"D","Regular",1
"2129454",1172,7.06646697013696,0.13,4,15,20,100,1753,7.46908388492123,"D","Regular",1
"2129756",1172,7.06646697013696,0.14,7,13,25,95,63,4.14313472639153,"B","Regular",1
"2129815",322.38,5.77573097396878,0.84,6,7,42,56,856,6.75227037614174,"D","Diesel",1
"2130110",1674.9,7.42350874098442,1,6,10,70,77,101,4.61512051684126,"C","Diesel",2
"2130372",1172,7.06646697013696,1,6,6,55,63,782,6.66185474054531,"D","Regular",1
"2130553",1172,7.06646697013696,1,8,1,62,50,1397,7.24208235925696,"D","Diesel",1
"2130647",1172,7.06646697013696,1,5,15,52,50,212,5.35658627467201,"C","Regular",1
"2130661",1172,7.06646697013696,1,7,14,75,77,1601,7.37838371299671,"D","Regular",1
"2130894",75.47,4.32373522629678,0.78,10,12,64,50,11,2.39789527279837,"A","Diesel",1
"2131067",1172,7.06646697013696,0.32,5,3,61,90,144,4.969813299576,"C","Diesel",1
"2131450",612.88,6.41816915820857,1,7,17,34,85,75,4.31748811353631,"B","Regular",1
"2131498",1172,7.06646697013696,1,8,2,86,87,3430,8.14031554015999,"E","Regular",1
"2131523",1172,7.06646697013696,1,9,11,33,62,300,5.7037824746562,"C","Diesel",1
"2131619",1172,7.06646697013696,0.49,4,10,22,125,25,3.2188758248682,"A","Regular",1
"2131664",3101.17,8.03953473862331,0.67,9,13,76,95,37,3.61091791264422,"A","Regular",1
"2131962",457.88,6.12660714105028,0.27,4,10,81,80,2415,7.78945456608667,"E","Regular",1
"2132226",3672,8.20849175174038,0.31,6,16,52,50,53,3.97029191355212,"B","Regular",1
"2132617",1172,7.06646697013696,1,7,7,69,63,1457,7.2841348061952,"D","Regular",1
"2132634",61.12,4.11283914485827,1,7,1,51,50,496,6.20657592672493,"C","Diesel",1
"2132875",1172,7.06646697013696,0.95,5,2,29,63,610,6.41345895716736,"D","Diesel",1
"2132933",1172,7.06646697013696,0.02,4,3,23,95,3744,8.22790983759748,"E","Regular",1
"2133569",1172,7.06646697013696,0.08,5,16,18,100,135,4.90527477843843,"C","Diesel",1
"2133605",119.01,4.77920752319435,0.1,5,10,49,95,131,4.87519732320115,"C","Diesel",1
"2133803",591.08,6.38195137203543,0.18,7,8,21,100,1729,7.45529848568329,"D","Regular",1
"2133815",1172,7.06646697013696,0.14,5,9,31,85,272,5.605802066296,"C","Diesel",1
"2133981",1172,7.06646697013696,0.89,7,13,31,118,1974,7.58781721999343,"D","Regular",1
"2134079",75,4.31748811353631,0.88,6,4,40,51,1974,7.58781721999343,"D","Regular",1
"2134176",1517.84,7.32504355055588,0.42,7,13,51,50,57,4.04305126783455,"B","Regular",1
"2134251",1172,7.06646697013696,0.48,7,0,53,51,142,4.95582705760126,"C","Diesel",1
"2134827",1172,7.06646697013696,0.13,10,14,20,100,533,6.27852142416584,"D","Diesel",1
"2134988",1172,7.06646697013696,0.52,7,8,71,50,1326,7.18992217074581,"D","Diesel",1
"2135064",2221.98,7.70615396925898,0.49,7,6,38,57,171,5.14166355650266,"C","Regular",1
"2135095",1241.2,7.12383393257423,0.83,6,11,38,50,2131,7.66434663209862,"E","Diesel",1
"2135511",8321,9.02653771890043,0.95,7,7,67,50,1054,6.96034772910131,"D","Diesel",1
"2135625",1172,7.06646697013696,0.51,6,9,21,100,1054,6.96034772910131,"D","Diesel",1
"2136470",1172,7.06646697013696,1,6,6,39,67,44,3.78418963391826,"A","Regular",1
"2136841",2344,7.7596141506969,0.74,6,6,29,95,122,4.80402104473326,"C","Diesel",2
"2136847",1172,7.06646697013696,1,7,8,37,50,754,6.62539236800796,"D","Regular",1
"2136965",76.01,4.33086491057795,0.81,6,7,38,60,3963,8.28475659319044,"E","Diesel",1
"2137071",317.17,5.75943790773436,0.5,6,5,33,68,747,6.61606518513282,"D","Diesel",1
"2137271",1172,7.06646697013696,1,7,1,51,62,9307,9.13852208418571,"E","Diesel",1
"2137338",853.18,6.74897054515977,0.45,5,2,33,50,2131,7.66434663209862,"E","Diesel",1
"2137361",4071.39,8.31173974347234,0.29,7,8,33,50,1384,7.23273313617761,"D","Diesel",1
"2137392",1172,7.06646697013696,0.38,6,15,43,67,8549,9.05356959602623,"E","Diesel",1
"2137523",650.83,6.47824847139369,0.28,5,4,46,57,9307,9.13852208418571,"E","Diesel",1
"2137603",1250.94,7.13165054768602,0.7,8,0,32,51,300,5.7037824746562,"C","Diesel",2
"2137877",1172,7.06646697013696,0.3,5,13,20,100,878,6.77764659363512,"D","Diesel",1
"2138236",64.63,4.1686786992748,0.3,7,11,39,58,128,4.85203026391962,"C","Regular",1
"2138310",1172,7.06646697013696,1,7,1,28,93,1313,7.1800698743028,"D","Diesel",1
"2138319",1172,7.06646697013696,1,7,4,25,100,298,5.6970934865054,"C","Regular",1
"2138883",5344,8.58372971521648,0.58,9,11,24,100,1085,6.98933526597456,"D","Regular",2
"2138892",1172,7.06646697013696,0.38,6,14,58,50,2606,7.86557175768479,"E","Regular",1
"2139022",1835.88,7.51527920956729,0.09,7,19,43,50,845,6.73933662735717,"D","Regular",1
"2139292",511.61,6.23756261603438,0.06,7,14,26,100,25,3.2188758248682,"A","Regular",1
"2139396",1172,7.06646697013696,0.19,4,5,29,90,626,6.4393503711001,"D","Regular",1
"2139797",1365.15,7.21901959169147,0.24,7,6,26,60,959,6.86589107488344,"D","Diesel",1
"2139941",1172,7.06646697013696,1,6,3,45,62,8,2.07944154167984,"A","Diesel",1
"2140291",5934.51,8.68853974255707,0.23,6,10,45,55,3744,8.22790983759748,"E","Regular",1
"2141337",1301172.6,14.0787764158742,0.32,4,14,18,100,863,6.76041469108343,"D","Regular",1
"2141606",1172,7.06646697013696,0.78,5,6,32,85,213,5.36129216570943,"C","Diesel",1
"2141838",1172,7.06646697013696,0.12,5,4,30,80,36,3.58351893845611,"A","Diesel",1
"2141990",1172,7.06646697013696,0.26,7,0,35,50,118,4.77068462446567,"C","Diesel",1
"2142029",1172,7.06646697013696,0.09,6,15,59,62,58,4.06044301054642,"B","Regular",1
"2142763",3172,8.06211758275474,0.76,5,21,38,88,405,6.00388706710654,"C","Regular",2
"2143047",4172,8.33615081612066,0.23,11,14,36,54,4348,8.3774712482411,"E","Regular",1
"2143167",2979.54,7.99952420516824,0.09,4,4,25,76,65,4.17438726989564,"B","Diesel",1
"2143744",1515.12,7.32324992272748,0.5,4,5,22,100,57,4.04305126783455,"B","Regular",2
"2143975",350.07,5.85813313448613,0.76,4,8,40,50,102,4.62497281328427,"C","Diesel",1
"2144440",580.93,6.36463026766567,0.5,7,2,54,50,3317,8.10681603894705,"E","Diesel",1
"2146400",1172,7.06646697013696,0.58,4,15,53,95,1441,7.27309259599952,"D","Regular",1
"2146560",3012.95,8.01067494423655,0.55,8,7,45,100,4762,8.46842302704681,"E","Regular",1
"2147504",2672,7.89058253465654,0.06,7,6,46,50,118,4.77068462446567,"C","Regular",1
"2147506",1172,7.06646697013696,0.41,9,9,23,100,44,3.78418963391826,"A","Regular",1
"2147553",1172,7.06646697013696,0.53,6,9,29,51,856,6.75227037614174,"D","Diesel",1
"2148358",2672,7.89058253465654,0.83,6,8,45,50,1101,7.00397413672268,"D","Regular",1
"2148507",3237.37,8.08251655076143,0.12,5,1,53,50,613,6.41836493593621,"D","Diesel",1
"2148886",23.92,3.17471492908243,0.49,5,3,38,64,104,4.64439089914137,"C","Diesel",1
"2148908",2534,7.83755436088108,0.83,8,11,25,85,97,4.57471097850338,"B","Regular",2
"2149763",1172,7.06646697013696,0.61,6,4,31,67,854,6.74993119378857,"D","Diesel",1
"2150000",1172,7.06646697013696,0.38,9,14,38,125,5449,8.6031873845831,"E","Regular",1
"2150527",1135.84,7.03512774429108,0.24,8,5,23,100,581,6.36475075685191,"D","Diesel",1
"2150776",1172,7.06646697013696,0.8,4,12,21,90,1313,7.1800698743028,"D","Diesel",1
"2151041",1172,7.06646697013696,0.5,6,8,31,100,1910,7.55485852104068,"D","Regular",1
"2151751",1172,7.06646697013696,1,4,18,48,67,24,3.17805383034795,"A","Regular",1
"2151760",1351.62,7.20905915200796,0.91,7,5,42,57,60,4.0943445622221,"B","Diesel",1
"2151795",1172,7.06646697013696,0.77,4,7,21,100,817,6.70563909486,"D","Regular",1
"2152016",1172,7.06646697013696,0.59,10,3,55,50,73,4.29045944114839,"B","Diesel",1
"2152279",1152.72,7.04987964602468,0.78,5,0,48,50,72,4.27666611901606,"B","Regular",1
"2152405",4649.49,8.44451281514704,0.16,7,12,48,70,1313,7.1800698743028,"D","Regular",1
"2152753",1172,7.06646697013696,0.43,8,17,18,100,8455,9.04251326133268,"E","Regular",1
"2153380",3267.75,8.09185695366566,0.16,9,8,26,100,1054,6.96034772910131,"D","Regular",1
"2153392",1236.75,7.12024225010782,0.64,11,14,63,50,1054,6.96034772910131,"D","Regular",1
"2153415",93.17,4.53442578146233,0.16,8,8,35,80,19,2.94443897916644,"A","Diesel",1
"2153419",1172,7.06646697013696,0.62,6,10,34,100,1054,6.96034772910131,"D","Diesel",1
"2153422",3036,8.01829613851552,0.62,10,0,49,50,30,3.40119738166216,"A","Diesel",1
"2153526",342.11,5.83513232277528,0.52,6,11,41,80,1054,6.96034772910131,"D","Diesel",1
"2153661",820.24,6.70959698036184,0.2,9,11,43,80,1054,6.96034772910131,"D","Regular",1
"2154106",1172,7.06646697013696,0.53,7,2,73,50,37,3.61091791264422,"A","Regular",1
"2154863",2358.63,7.7658362209848,0.76,6,5,31,76,21410,9.97161338158373,"F","Regular",1
"2156160",2881.23,7.9659725652892,0.43,6,3,21,118,182,5.2040066870768,"C","Regular",2
"2156203",81.32,4.39839198876015,0.32,5,0,49,50,242,5.48893772615669,"C","Diesel",1
"2156443",1592.19,7.37286570601674,0.3,5,9,43,50,746,6.61472560020376,"D","Diesel",1
"2156718",733.14,6.59733667955649,0.41,8,18,29,85,76,4.33073334028633,"B","Diesel",1
"2157126",561.47,6.33055834443415,0.25,6,11,20,95,186,5.2257466737132,"C","Diesel",1
"2157465",535.86,6.28387293292385,0.64,8,19,33,50,149,5.00394630594546,"C","Diesel",1
"2157576",1172,7.06646697013696,0.24,5,7,48,50,4128,8.3255483071614,"E","Diesel",1
"2157854",1172,7.06646697013696,0.78,4,6,28,85,2906,7.97453284413023,"E","Regular",1
"2158070",244.84,5.50060493598287,0.62,7,4,24,95,3857,8.25764495820823,"E","Regular",1
"2158384",4438.43,8.39805598929017,0.26,9,13,53,90,405,6.00388706710654,"C","Diesel",1
"2158431",4000,8.29404964010203,0.64,8,14,72,55,186,5.2257466737132,"C","Diesel",1
"2158993",1172,7.06646697013696,0.18,8,10,38,50,9307,9.13852208418571,"E","Regular",1
"2159527",1234.75,7.11862379942073,0.34,4,6,28,90,388,5.96100533962327,"C","Regular",1
"2159575",1421.89,7.25974225153422,0.47,9,12,42,90,583,6.36818718635049,"D","Regular",1
"2159583",1172,7.06646697013696,0.46,7,14,54,118,3744,8.22790983759748,"E","Regular",1
"2159698",16364,9.70283907904929,0.1,6,16,18,100,3744,8.22790983759748,"E","Regular",1
"2160739",1172,7.06646697013696,0.45,4,13,47,95,1313,7.1800698743028,"D","Regular",1
"2162499",462.84,6.13738142200814,0.11,10,11,27,100,3688,8.21283958467648,"E","Regular",1
"2162549",53.3,3.9759363311718,0.26,7,4,58,50,989,6.89669433162271,"D","Diesel",1
"2162943",1172,7.06646697013696,0.31,5,15,27,64,1313,7.1800698743028,"D","Regular",1
"2163878",645.34,6.46977730969356,0.01,6,10,43,51,4116,8.32263709695394,"E","Regular",1
"2163959",158.71,5.06707863751947,0.47,4,11,20,125,43,3.76120011569356,"A","Regular",1
"2163968",1172,7.06646697013696,0.47,6,8,37,53,2715,7.90654723236804,"E","Diesel",1
"2163980",8779.77,9.08020549038627,0.04,9,9,20,95,358,5.8805329864007,"C","Regular",1
"2164080",70.56,4.25646341169854,0.36,6,14,22,100,4116,8.32263709695394,"E","Diesel",1
"2164116",1172,7.06646697013696,0.03,5,14,18,100,1296,7.16703787691222,"D","Diesel",1
"2164173",2172,7.68340368105383,0.15,6,9,23,125,2715,7.90654723236804,"E","Diesel",1
"2164812",1172,7.06646697013696,0.14,6,13,23,125,91,4.51085950651685,"B","Diesel",1
"2165698",2952.21,7.99030932140154,0.13,7,0,21,100,252,5.52942908751142,"C","Regular",1
"2168254",1172,7.06646697013696,0.04,4,13,58,50,30,3.40119738166216,"A","Diesel",1
"2170873",1172,7.06646697013696,0.06,6,9,54,72,283,5.64544689764324,"C","Diesel",1
"2175589",36.53,3.59813384080719,0.05,4,13,60,50,32,3.46573590279973,"A","Regular",1
"2175690",1172,7.06646697013696,0.61,5,18,45,60,51,3.93182563272433,"B","Regular",1
"2175824",1172,7.06646697013696,1,7,15,83,55,112,4.71849887129509,"C","Regular",1
"2175960",1172,7.06646697013696,1,6,2,73,50,203,5.31320597904179,"C","Regular",1
"2176025",1172,7.06646697013696,1,6,7,70,50,18,2.89037175789616,"A","Diesel",1
"2176091",1172,7.06646697013696,0.74,7,2,46,58,741,6.60800062529609,"D","Regular",1
"2176138",1172,7.06646697013696,1,4,10,46,50,203,5.31320597904179,"C","Regular",1
"2176318",1422.17,7.25993915314734,0.96,4,2,52,52,197,5.28320372873799,"C","Regular",1
"2176527",1172,7.06646697013696,1,6,6,56,50,302,5.71042701737487,"C","Diesel",1
"2176567",638.95,6.45982620405471,0.24,6,8,74,50,240,5.48063892334199,"C","Regular",1
"2176619",1172,7.06646697013696,1,5,4,72,50,745,6.61338421837956,"D","Regular",1
"2176968",1172,7.06646697013696,1,4,5,68,60,214,5.36597601502185,"C","Regular",1
"2176999",1172,7.06646697013696,1,6,15,49,50,105,4.65396035015752,"C","Regular",1
"21773",1128.12,7.02830780937846,0.39,7,4,74,50,155,5.04342511691925,"C","Diesel",1
"2177490",1172,7.06646697013696,0.61,4,12,51,50,522,6.25766758788264,"D","Regular",1
"2177491",349.54,5.85661800433822,1,11,19,62,50,283,5.64544689764324,"C","Diesel",1
"2177534",1172,7.06646697013696,1,7,3,65,62,2694,7.89878235697031,"E","Regular",1
"2177565",1250.4,7.13121877910727,0.95,6,1,45,62,817,6.70563909486,"D","Diesel",1
"2178052",1875.84,7.53681183808247,0.39,5,6,52,50,229,5.43372200355424,"C","Regular",1
"2178185",589.49,6.37925775630513,0.89,6,2,70,50,29,3.36729582998647,"A","Diesel",1
"2178303",2249.84,7.71861438155884,1,6,4,60,50,135,4.90527477843843,"C","Diesel",1
"2178693",140.14,4.94264192294239,0.73,7,4,41,58,473,6.15909538849193,"C","Regular",1
"2178992",523.95,6.26139625992095,1,5,7,82,50,27000,10.2035921449865,"F","Regular",1
"2179105",1172,7.06646697013696,0.91,6,12,37,62,91,4.51085950651685,"B","Diesel",1
"2180560",5421.97,8.59821449702966,0.56,5,7,45,187,722,6.58202513889283,"D","Regular",1
"2180775",1450.48,7.27964981511755,0.91,6,8,50,50,1182,7.07496319796604,"D","Diesel",1
"2180945",80.12,4.38352551079762,1,5,5,53,50,268,5.59098698051086,"C","Diesel",1
"2181000",1172,7.06646697013696,0.92,6,2,52,50,44,3.78418963391826,"A","Regular",1
"2181265",1172,7.06646697013696,1,6,2,85,50,3568,8.1797604936999,"E","Regular",1
"2181328",1172,7.06646697013696,1,6,13,49,50,91,4.51085950651685,"B","Regular",1
"2181843",909.5,6.81289499795818,1,4,7,40,66,8549,9.05356959602623,"E","Regular",1
"2181960",4851.94,8.48713390395286,1,5,12,37,51,342,5.8348107370626,"C","Diesel",1
"2182249",1172,7.06646697013696,1,4,3,79,158,1182,7.07496319796604,"D","Regular",1
"2182251",1172,7.06646697013696,0.73,5,11,37,125,119,4.77912349311153,"C","Diesel",1
"2182323",2200.35,7.69637171760188,1,6,11,36,72,24,3.17805383034795,"A","Diesel",1
"2182433",1172,7.06646697013696,0.03,5,11,68,73,451,6.11146733950268,"C","Regular",1
"2182673",1172,7.06646697013696,1,6,4,41,50,165,5.10594547390058,"C","Diesel",1
"2182681",2344,7.7596141506969,1,4,2,70,77,86,4.45434729625351,"B","Regular",2
"2182756",830.61,6.7221603706137,0.88,14,6,51,52,3214,8.07527154629746,"E","Regular",1
"2183275",1172,7.06646697013696,1,4,7,41,50,238,5.47227067367148,"C","Regular",1
"2183551",1172,7.06646697013696,1,4,12,47,50,94,4.54329478227,"B","Regular",1
"2183728",1172,7.06646697013696,1,6,5,44,50,91,4.51085950651685,"B","Diesel",1
"2184170",1172,7.06646697013696,0.55,4,16,50,50,26,3.25809653802148,"A","Regular",1
"2184304",1884.77,7.54156107652244,0.84,8,3,37,112,283,5.64544689764324,"C","Diesel",1
"2184578",152.45,5.02683667343426,1,8,9,54,68,27000,10.2035921449865,"F","Regular",1
"2184826",1172,7.06646697013696,0.63,6,11,46,50,75,4.31748811353631,"B","Diesel",1
"2184987",555.8,6.3204085173084,0.44,6,1,37,50,173,5.15329159449778,"C","Diesel",1
"2185404",204.84,5.32222918659435,1,6,4,36,50,214,5.36597601502185,"C","Diesel",1
"2185490",2000,7.60090245954208,1,7,7,65,50,229,5.43372200355424,"C","Regular",1
"2185670",1172,7.06646697013696,1,7,3,51,50,983,6.89060912014717,"D","Regular",1
"2185977",80.75,4.39135796210277,1,10,13,52,50,83,4.4188406077966,"B","Diesel",1
"2186444",1172,7.06646697013696,0.42,5,12,43,62,678,6.5191472879404,"D","Diesel",1
"2186525",1172,7.06646697013696,0.88,6,11,35,58,146,4.98360662170834,"C","Diesel",1
"2187064",1172,7.06646697013696,0.65,5,8,49,77,4128,8.3255483071614,"E","Regular",1
"2187084",4527.01,8.41781695640193,0.24,5,7,32,85,116,4.75359019110636,"C","Diesel",1
"2187689",500.63,6.21586730528835,1,4,5,29,75,1313,7.1800698743028,"D","Regular",1
"2188040",1172,7.06646697013696,1,4,20,70,112,4116,8.32263709695394,"E","Regular",1
"2188088",2,0.693147180559945,1,10,4,57,50,10,2.30258509299405,"A","Diesel",1
"2188337",586,6.37331978957701,1,7,2,72,50,81,4.39444915467244,"B","Regular",1
"2188635",1172,7.06646697013696,0.79,6,5,45,50,29,3.36729582998647,"A","Diesel",1
"2188916",1244.57,7.12654536771477,0.43,6,10,42,50,210,5.34710753071747,"C","Diesel",2
"2188942",1172,7.06646697013696,1,5,14,40,50,405,6.00388706710654,"C","Diesel",1
"2189197",1172,7.06646697013696,0.96,7,15,37,68,4116,8.32263709695394,"E","Regular",1
"2189233",575.16,6.35464826295954,1,6,8,34,85,240,5.48063892334199,"C","Diesel",1
"2189312",1049.29,6.95586902395549,1,5,22,36,50,14200,9.56099724358935,"F","Regular",1
"2189378",75.99,4.33060175268169,1,7,4,58,50,175,5.16478597392351,"C","Regular",1
"2189440",1172,7.06646697013696,0.6,8,15,54,50,722,6.58202513889283,"D","Diesel",1
"2189966",1172,7.06646697013696,0.67,4,3,35,50,3488,8.15708378502887,"E","Regular",1
"2190207",33059.73,10.4060712043725,1,7,8,56,50,473,6.15909538849193,"C","Diesel",1
"2190250",1172,7.06646697013696,0.64,5,7,38,54,247,5.50938833662798,"C","Diesel",1
"2190262",1172,7.06646697013696,1,5,2,39,67,60,4.0943445622221,"B","Diesel",1
"21905",68.92,4.23294641165973,0.74,6,1,58,50,399,5.98896141688986,"C","Regular",1
"2190573",1172,7.06646697013696,1,6,3,55,50,473,6.15909538849193,"C","Diesel",1
"2190901",1134.48,7.03392967515309,0.73,8,11,57,62,73,4.29045944114839,"B","Diesel",1
"2190953",189.69,5.24539116073863,1,7,6,55,100,282,5.64190707093811,"C","Regular",1
"2191112",481.14,6.17615828804699,0.88,4,13,41,56,3386,8.12740456269308,"E","Regular",1
"2191345",1927.68,7.56407248629136,0.75,5,14,29,54,23,3.13549421592915,"A","Diesel",1
"2191680",42057.71,10.646798001745,0.35,5,2,72,50,60,4.0943445622221,"B","Diesel",1
"2191960",147.4,4.99314997975524,1,8,12,38,76,33,3.49650756146648,"A","Diesel",1
"2192454",1172,7.06646697013696,1,6,6,38,80,747,6.61606518513282,"D","Regular",1
"2192561",1172,7.06646697013696,1,7,19,63,50,8,2.07944154167984,"A","Regular",1
"2192816",1041.5,6.94841726070103,0.55,5,10,39,72,44,3.78418963391826,"A","Regular",1
"2192969",1172,7.06646697013696,1,4,12,51,50,3744,8.22790983759748,"E","Regular",1
"2193045",1824.75,7.50919827033174,1,7,7,34,54,4128,8.3255483071614,"E","Regular",1
"2193084",399.76,5.99086436703595,0.42,6,8,32,90,3699,8.21581779183245,"E","Diesel",1
"2193219",1172,7.06646697013696,1,7,11,67,95,48,3.87120101090789,"A","Regular",1
"2193335",826.56,6.71727250990748,0.64,6,10,29,80,1313,7.1800698743028,"D","Diesel",1
"2193518",5104.32,8.53784251898408,1,10,8,69,50,575,6.35437004079735,"D","Regular",1
"2193624",154,5.03695260241363,0.36,4,20,35,54,27,3.29583686600433,"A","Regular",1
"2193825",44.6,3.79773385902602,0.14,7,18,54,50,3541,8.1721644521119,"E","Diesel",1
"21940",1128.12,7.02830780937846,1,6,6,65,62,16,2.77258872223978,"A","Diesel",1
"2194754",1172,7.06646697013696,0.41,4,14,70,59,905,6.80793494369993,"D","Regular",1
"2195142",1172,7.06646697013696,1,5,8,52,72,473,6.15909538849193,"C","Diesel",1
"2195700",857.16,6.75362459895488,0.73,4,6,53,52,295,5.68697535633982,"C","Regular",1
"2195824",1172,7.06646697013696,1,7,4,61,58,8455,9.04251326133268,"E","Regular",1
"2195964",1172,7.06646697013696,1,7,3,65,90,2472,7.81278281857758,"E","Regular",1
"2196020",1172,7.06646697013696,0.8,7,2,64,71,214,5.36597601502185,"C","Regular",1
"2196218",534.28,6.2809200461089,1,6,7,38,50,1219,7.10578612948127,"D","Diesel",1
"2196400",1647.65,7.4071053092731,0.92,8,11,45,50,15,2.70805020110221,"A","Diesel",1
"2196650",798.43,6.68264729944163,0.11,15,4,47,50,192,5.25749537202778,"C","Regular",1
"2196655",1172,7.06646697013696,0.97,11,6,45,50,152,5.02388052084628,"C","Diesel",1
"2196921",73.99,4.30392994893746,0.28,10,16,40,50,402,5.99645208861902,"C","Regular",1
"2197103",1172,7.06646697013696,1,6,2,67,95,12374,9.42335277609093,"F","Regular",1
"2197255",1172,7.06646697013696,1,5,3,38,76,8455,9.04251326133268,"E","Diesel",1
"2197388",721.22,6.58094422250316,0.75,7,10,49,50,9,2.19722457733622,"A","Diesel",1
"2197749",1172,7.06646697013696,0.44,5,1,28,112,2767,7.92551897978693,"E","Diesel",1
"2197821",1381.52,7.23093962127641,0.03,7,11,41,50,194,5.26785815906333,"C","Diesel",1
"2197850",75.98,4.33047014775948,1,5,8,35,68,3021,8.01334318138667,"E","Diesel",1
"2197993",1172,7.06646697013696,1,8,13,40,68,18,2.89037175789616,"A","Diesel",1
"2198145",1172,7.06646697013696,1,4,6,72,50,47,3.85014760171006,"A","Regular",1
"2198147",78.15,4.35863005686749,1,4,7,34,60,91,4.51085950651685,"B","Regular",1
"2198323",1778.05,7.48327253716326,1,7,6,56,72,5449,8.6031873845831,"E","Regular",1
"2198652",255.17,5.54192998970159,0.74,6,1,34,64,94,4.54329478227,"B","Regular",1
"2198660",1172,7.06646697013696,1,5,13,55,55,1068,6.97354301952014,"D","Regular",1
"2198675",78.16,4.35875800773453,0.74,6,7,32,64,189,5.24174701505964,"C","Diesel",1
"2198865",1172,7.06646697013696,1,5,8,81,50,48,3.87120101090789,"A","Regular",1
"2199363",586,6.37331978957701,1,8,6,42,56,421,6.04263283368238,"C","Diesel",1
"2199427",1172,7.06646697013696,1,10,6,35,71,1313,7.1800698743028,"D","Diesel",1
"2200146",75.99,4.33060175268169,1,7,2,34,50,1082,6.98656645940643,"D","Diesel",1
"2200408",1289.02,7.16163751872262,1,6,17,45,50,21,3.04452243772342,"A","Diesel",1
"2200481",1172,7.06646697013696,1,7,5,52,50,12,2.484906649788,"A","Diesel",1
"2200586",1172,7.06646697013696,1,5,11,34,62,50,3.91202300542815,"B","Diesel",1
"2201060",1249.74,7.13069080866135,1,7,10,34,62,3852,8.25634777291802,"E","Regular",2
"2201128",1172,7.06646697013696,0.77,6,10,43,76,84,4.43081679884331,"B","Diesel",1
"2201447",1172,7.06646697013696,1,6,1,57,58,222,5.40267738187228,"C","Diesel",1
"2201555",1172,7.06646697013696,1,6,3,41,50,473,6.15909538849193,"C","Regular",1
"2201955",1455.76,7.28328338000499,1,6,12,33,71,30,3.40119738166216,"A","Diesel",1
"2202143",994.95,6.90269248463968,0.78,6,12,39,57,8,2.07944154167984,"A","Diesel",1
"2202860",410.73,6.01793606431377,0.28,4,6,32,72,88,4.47733681447821,"B","Regular",1
"2203391",1172,7.06646697013696,1,5,3,51,77,8455,9.04251326133268,"E","Regular",1
"2203420",1172,7.06646697013696,1,7,5,42,55,25,3.2188758248682,"A","Diesel",1
"2203544",4676.96,8.4504036051984,0.4,7,5,58,69,6729,8.81418182318832,"E","Regular",1
"2203673",1172,7.06646697013696,1,6,10,52,50,222,5.40267738187228,"C","Regular",1
"2203719",1172,7.06646697013696,0.78,6,11,38,57,40,3.68887945411394,"A","Diesel",1
"2203870",1172,7.06646697013696,0.99,6,13,51,67,229,5.43372200355424,"C","Diesel",1
"2204056",741.77,6.60903922206998,1,6,15,39,50,20,2.99573227355399,"A","Diesel",1
"2204111",2672,7.89058253465654,0.43,7,12,36,76,192,5.25749537202778,"C","Regular",1
"2204259",822.56,6.71242142830719,1,5,1,47,50,1001,6.90875477931522,"D","Diesel",1
"2204474",1172,7.06646697013696,1,5,17,80,62,37,3.61091791264422,"A","Diesel",1
"2205263",3729.05,8.22390878850942,0.8,6,6,40,50,511,6.2363695902037,"D","Diesel",1
"2205348",7400,8.90923527919226,0.72,9,11,51,50,217,5.37989735354046,"C","Diesel",2
"2205553",1172,7.06646697013696,1,10,9,44,50,1895,7.54697411751653,"D","Regular",1
"2206261",1172,7.06646697013696,0.95,5,11,34,76,13,2.56494935746154,"A","Diesel",1
"2206511",241171.16,12.3932621678637,0.42,7,5,31,51,60,4.0943445622221,"B","Diesel",1
"2206540",103.73,4.64179136944374,1,7,6,50,50,4128,8.3255483071614,"E","Regular",1
"2206594",459.83,6.1308568559597,1,6,3,37,57,3258,8.08886878916199,"E","Diesel",1
"2206749",1172,7.06646697013696,0.85,5,13,40,50,142,4.95582705760126,"C","Diesel",1
"2206988",3187.61,8.06702669867515,0.44,6,10,36,50,109,4.69134788222914,"C","Diesel",1
"2207262",147.96,4.99694196696425,1,10,10,52,50,27000,10.2035921449865,"F","Regular",1
"2207366",1872,7.53476265703754,0.86,6,10,60,59,4646,8.44376191333035,"E","Diesel",1
"2207459",78.17,4.35888594223224,0.37,6,3,29,60,86,4.45434729625351,"B","Diesel",1
"2207860",1172,7.06646697013696,1,6,6,82,80,1457,7.2841348061952,"D","Regular",1
"2207892",1172,7.06646697013696,1,6,4,44,50,12,2.484906649788,"A","Diesel",1
"22079",71.47,4.26927778123189,1,7,5,63,50,192,5.25749537202778,"C","Diesel",1
"2208012",99.65,4.6016640466588,1,10,8,35,73,1385,7.23345541862144,"D","Regular",1
"2208225",5172,8.55101473989175,0.25,8,7,30,64,1165,7.0604763659998,"D","Diesel",1
"2208372",74.14,4.30595519772259,1,7,2,53,52,4116,8.32263709695394,"E","Diesel",1
"2208415",1172,7.06646697013696,1,6,14,84,50,3258,8.08886878916199,"E","Regular",1
"2208587",1172,7.06646697013696,1,7,17,73,74,36,3.58351893845611,"A","Regular",1
"2208642",305,5.72031177660741,0.84,7,1,56,50,132,4.88280192258637,"C","Diesel",1
"2209003",161.56,5.08487659069521,1,7,2,52,50,106,4.66343909411207,"C","Diesel",1
"2209032",799.99,6.6845992275898,0.64,7,13,43,50,76,4.33073334028633,"B","Regular",1
"2209128",1463.46,7.28855877401944,0.85,12,1,49,50,214,5.36597601502185,"C","Diesel",1
"2209613",1172,7.06646697013696,0.31,7,15,59,80,65,4.17438726989564,"B","Regular",1
"2209850",1172,7.06646697013696,1,5,8,49,62,26,3.25809653802148,"A","Diesel",1
"2210071",1172,7.06646697013696,1,6,2,36,62,3946,8.28045768658256,"E","Regular",1
"2210122",1172,7.06646697013696,0.58,6,10,45,62,473,6.15909538849193,"C","Diesel",1
"2210292",1172,7.06646697013696,0.82,8,3,41,62,66,4.18965474202643,"B","Regular",1
"2210400",938.51,6.84429351127081,0.77,8,7,23,95,1127,7.02731451403978,"D","Diesel",1
"2210481",8.41,2.12942147398486,1,6,7,49,50,1403,7.24636808010246,"D","Diesel",1
"2210712",1172,7.06646697013696,0.67,7,1,23,72,139,4.93447393313069,"C","Diesel",1
"2210835",1172,7.06646697013696,0.7,7,2,48,72,1313,7.1800698743028,"D","Diesel",1
"2211082",1172,7.06646697013696,1,6,4,75,55,122,4.80402104473326,"C","Diesel",1
"2211124",1172,7.06646697013696,0.55,9,14,50,50,6689,8.80821966511841,"E","Regular",1
"2211262",423,6.04737217904628,0.9,5,7,21,95,415,6.0282785202307,"C","Diesel",1
"2211410",2372.71,7.77178804079243,0.9,4,16,43,50,34,3.52636052461616,"A","Regular",1
"2211513",1172,7.06646697013696,1,5,14,51,50,78,4.35670882668959,"B","Regular",1
"2211535",1172,7.06646697013696,1,6,13,42,55,3386,8.12740456269308,"E","Diesel",1
"2211743",81.3,4.39814601655377,1,8,10,35,72,16533,9.71311366255135,"F","Regular",1
"2211856",1172,7.06646697013696,0.95,6,1,46,50,56,4.02535169073515,"B","Regular",1
"2211905",351.27,5.86155515852874,0.25,6,10,35,50,171,5.14166355650266,"C","Regular",1
"2211942",1172,7.06646697013696,0.79,6,10,82,50,1054,6.96034772910131,"D","Regular",1
"2212047",3378.73,8.12525517822427,0.75,4,6,31,55,192,5.25749537202778,"C","Regular",2
"2212109",283.28,5.64643580780365,1,6,5,49,50,149,5.00394630594546,"C","Regular",1
"2212167",2943.53,7.98736482036474,0.07,4,13,24,100,206,5.32787616878958,"C","Regular",1
"2212382",5128.93,8.54265233941156,0.49,5,2,51,50,9307,9.13852208418571,"E","Diesel",2
"2212650",1172,7.06646697013696,0.49,13,5,34,80,22669,10.0287536313685,"F","Regular",1
"2214250",479.59,6.17293157222706,0.59,4,0,47,50,6736,8.81522155592216,"E","Regular",1
"2214260",1500,7.3132203870903,0.74,7,10,47,80,240,5.48063892334199,"C","Regular",1
"2214309",1739,7.46106551435428,0.59,6,12,32,51,223,5.40717177146012,"C","Diesel",1
"2214369",874.6,6.77376663897882,0.48,4,10,41,50,4762,8.46842302704681,"E","Regular",1
"2214456",634.75,6.45323122058479,0.4,7,15,49,50,3317,8.10681603894705,"E","Diesel",1
"2214572",423.53,6.04862434983585,0.49,5,1,55,65,2620,7.87092959675514,"E","Diesel",1
"2214952",3309.92,8.10467929889474,0.49,5,8,39,60,3317,8.10681603894705,"E","Regular",1
"2215050",3152.24,8.05586859021108,0.49,8,0,47,50,3317,8.10681603894705,"E","Diesel",2
"2215169",78.34,4.36105832823768,0.49,6,6,40,100,483,6.18001665365257,"C","Diesel",1
"2215519",1262.54,7.14088084381593,0.49,4,2,39,50,721,6.58063913728495,"D","Regular",1
"2215658",963.43,6.8704998334248,0.49,6,1,38,80,4059,8.3086919168389,"E","Regular",1
"2216168",10000,9.21034037197618,0.47,7,18,62,68,4116,8.32263709695394,"E","Regular",1
"2216451",1236.08,7.11970036084216,0.36,14,5,28,60,7259,8.88999735728484,"E","Regular",1
"2216538",1375.88,7.22684880538801,0.5,7,13,42,85,10156,9.22581994282457,"F","Regular",1
"2216661",2949.97,7.98955027979063,0.54,7,2,37,60,28,3.3322045101752,"A","Diesel",2
"2217244",3422.25,8.13805350847562,0.08,4,6,25,80,1326,7.18992217074581,"D","Diesel",1
"2217629",645.19,6.46954484706089,0.08,6,13,36,50,8455,9.04251326133268,"E","Diesel",1
"2218659",811.42,6.69878579922381,0.08,8,3,39,50,192,5.25749537202778,"C","Regular",1
"2219973",3000,8.00636756765025,0.08,5,2,25,76,2983,8.00068478451475,"E","Diesel",1
"2220177",486.92,6.1880998385414,0.62,4,0,29,71,1011,6.91869521902047,"D","Diesel",1
"2220228",3500.83,8.16075536222072,0.49,6,0,33,58,272,5.605802066296,"C","Diesel",1
"2220538",87.91,4.47631356386309,0.41,11,13,52,50,3868,8.26049285657318,"E","Regular",1
"2220877",1615.85,7.38761641299065,0.41,5,12,60,50,935,6.84054652928869,"D","Diesel",1
"2220882",1500,7.3132203870903,0.41,7,1,54,50,3866,8.25997565976828,"E","Diesel",1
"2220961",103.15,4.63618423951726,0.41,6,13,35,72,1451,7.28000825288419,"D","Diesel",1
"2221053",1505.02,7.31656146613122,0.41,7,4,62,50,3963,8.28475659319044,"E","Diesel",1
"2221473",1190.05,7.08175060202962,0.41,6,10,40,85,4456,8.40200678160712,"E","Diesel",1
"2221727",1235.19,7.11898008338282,0.49,6,10,44,54,3744,8.22790983759748,"E","Diesel",1
"2221991",1452,7.28069719538474,0.85,10,20,61,50,3317,8.10681603894705,"E","Regular",1
"2222159",2500,7.82404601085629,0.91,6,1,48,50,3317,8.10681603894705,"E","Regular",1
"2223202",10000,9.21034037197618,0.08,6,11,53,72,1326,7.18992217074581,"D","Diesel",1
"2224596",1550.55,7.3463649856826,0.08,5,11,36,72,83,4.4188406077966,"B","Regular",1
"2225323",81.33,4.39851495217868,0.08,6,2,49,95,824,6.71417052990947,"D","Diesel",1
"2225605",153.04,5.030699325132,0.08,4,1,47,50,151,5.01727983681492,"C","Diesel",1
"2225724",6939.28,8.84495330172113,0.17,11,2,35,50,3321,8.10802122137675,"E","Diesel",1
"2225855",2900,7.97246601597457,0.17,5,4,72,50,171,5.14166355650266,"C","Diesel",1
"2225891",528.18,6.26943713470087,0.68,4,18,39,76,2620,7.87092959675514,"E","Regular",1
"2226702",299,5.70044357339069,0.33,8,6,46,58,3317,8.10681603894705,"E","Diesel",1
"2226762",1523.05,7.32847018229718,0.33,4,7,51,50,172,5.14749447681345,"C","Diesel",1
"2226832",6000,8.69951474821019,0.33,5,1,68,50,3744,8.22790983759748,"E","Regular",1
"2226999",1151.89,7.04915935058564,0.33,4,17,54,58,9817,9.19187085569252,"E","Regular",1
"2227091",1172,7.06646697013696,0.33,8,5,35,80,1445,7.27586460054653,"D","Regular",1
"2227138",1217.3,7.10439057041555,0.33,6,4,33,68,269,5.59471137960184,"C","Diesel",1
"2227145",616.82,6.42457724714496,0.33,8,8,65,50,1326,7.18992217074581,"D","Diesel",1
"2227875",932.22,6.83756883833196,0.32,6,1,46,50,4456,8.40200678160712,"E","Diesel",1
"2227902",1291.42,7.16349766714074,0.22,7,6,39,63,200,5.29831736654804,"C","Regular",1
"2229037",229.01,5.43376567072309,0.08,5,9,34,72,3866,8.25997565976828,"E","Diesel",1
"2229366",3237.63,8.08259685964178,0.08,8,2,45,50,1294,7.16549347506085,"D","Diesel",1
"2230147",783.4,6.66364342123173,0.08,4,17,76,89,9307,9.13852208418571,"E","Regular",1
"2230292",433.94,6.07290627569523,0.08,6,8,39,50,3973,8.2872767558146,"E","Diesel",1
"2230359",724.66,6.58570257933871,0.08,5,9,24,100,4128,8.3255483071614,"E","Regular",1
"2230690",950.9,6.8574089045454,0.08,6,4,26,90,731,6.59441345974978,"D","Diesel",1
"2230955",5000,8.51719319141624,0.08,4,12,38,80,66,4.18965474202643,"B","Regular",1
"2234608",27000,10.2035921449865,0.41,4,12,52,50,824,6.71417052990947,"D","Regular",1
"2235037",977.34,6.88483459559757,0.4,14,0,65,62,1064,6.96979066990159,"D","Regular",2
"2235068",217.29,5.38123286687534,0.65,9,0,39,62,74,4.30406509320417,"B","Diesel",1
"2235088",1663.07,7.41642057091079,0.2,4,9,22,90,2163,7.67925142595306,"E","Regular",1
"2235187",1588.33,7.3704384287821,0.31,6,7,19,95,374,5.92425579741453,"C","Regular",1
"2239254",521.93,6.25753347927362,0.66,4,6,36,59,3317,8.10681603894705,"E","Diesel",1
"2241326",514.01,6.24224272051883,0.75,7,12,30,57,6736,8.81522155592216,"E","Diesel",1
"2241592",575,6.35437004079735,0.31,7,9,47,90,3859,8.25816336153762,"E","Regular",1
"2246295",1500,7.3132203870903,0.31,9,15,44,80,91,4.51085950651685,"B","Regular",1
"2247990",170.33,5.13773773187249,0.25,4,0,27,100,3317,8.10681603894705,"E","Regular",1
"2248292",3800,8.24275634571448,0.28,5,8,27,68,196,5.27811465923052,"C","Diesel",1
"2255812",670,6.50727771238501,1,11,17,36,50,16,2.77258872223978,"A","Regular",1
"2256096",1500,7.3132203870903,1,5,1,42,53,935,6.84054652928869,"D","Regular",1
"2256248",174.12,5.1597447166841,0.49,7,13,66,50,27000,10.2035921449865,"F","Regular",1
"2256519",1319.09,7.18469738389975,1,6,10,39,76,4059,8.3086919168389,"E","Diesel",1
"2256936",1303.08,7.17248597201681,0.49,8,1,46,50,33,3.49650756146648,"A","Diesel",1
"2256937",2095.49,7.64754269522298,0.49,7,3,37,58,3317,8.10681603894705,"E","Regular",1
"2257814",1536.51,7.33726888984744,0.24,6,7,44,50,572,6.3491389913798,"D","Regular",1
"2257823",1396.82,7.24195350342498,0.49,5,5,47,50,4762,8.46842302704681,"E","Diesel",1
"2257934",2039.45,7.6204354426444,1,7,6,39,50,473,6.15909538849193,"C","Diesel",1
"2258037",556.2,6.32112794179986,1,5,1,47,50,426,6.05443934626937,"C","Diesel",1
"2258458",73.22,4.29346860769209,1,7,12,54,54,3317,8.10681603894705,"E","Regular",1
"2258597",36.47,3.59649000482059,0.49,5,11,37,68,3862,8.25894046298846,"E","Diesel",1
"2258672",405.02,6.0039364486033,1,4,5,59,55,116,4.75359019110636,"C","Diesel",1
"2258735",5000,8.51719319141624,1,4,10,31,90,4116,8.32263709695394,"E","Regular",1
"2258845",869.04,6.7673891541255,0.49,4,10,41,76,2906,7.97453284413023,"E","Regular",1
"2258851",1556.66,7.35029777933042,0.24,4,12,47,56,64,4.15888308335967,"B","Regular",1
"2258872",504.23,6.22303251318209,0.22,7,3,51,50,3317,8.10681603894705,"E","Regular",1
"2258910",4000,8.29404964010203,0.54,7,12,37,85,2044,7.6226639513236,"E","Regular",1
"2259155",744.24,6.6123635634603,0.07,5,6,52,50,115,4.74493212836325,"C","Regular",1
"2259252",988.85,6.89654265176803,0.07,9,6,51,51,27000,10.2035921449865,"F","Regular",1
"2259283",644.21,6.46802475990608,0.07,5,9,34,76,3866,8.25997565976828,"E","Diesel",1
"2260140",1500,7.3132203870903,0.5,6,2,40,50,476,6.16541785423142,"C","Diesel",1
"2260141",1500,7.3132203870903,0.25,4,23,39,50,4762,8.46842302704681,"E","Regular",1
"2260231",1522.21,7.32791850525068,1,6,2,66,50,3430,8.14031554015999,"E","Diesel",1
"2260267",1500,7.3132203870903,0.5,7,7,44,85,43,3.76120011569356,"A","Diesel",1
"2261060",868.77,6.76707841819674,0.5,9,4,45,80,3317,8.10681603894705,"E","Diesel",1
"2261081",2736.98,7.91461040174325,0.5,8,15,61,50,1313,7.1800698743028,"D","Diesel",1
"2261199",723.19,6.58367198154874,0.18,6,5,26,72,1326,7.18992217074581,"D","Diesel",1
"2261316",1881.96,7.54006906593433,0.55,5,6,42,57,1629,7.39572160860205,"D","Diesel",1
"2261359",1592.1,7.37280917850196,0.94,4,17,38,64,1326,7.18992217074581,"D","Regular",1
"2261758",1333.02,7.19520232381709,0.08,5,4,59,72,3866,8.25997565976828,"E","Regular",1
"2262401",537.07,6.28612843983105,0.08,5,12,39,57,953,6.8596149036542,"D","Diesel",1
"2263071",2622.66,7.87194434889557,1,5,1,58,50,51,3.93182563272433,"B","Diesel",1
"2263363",71.64,4.27165357719251,0.5,6,6,51,50,3317,8.10681603894705,"E","Regular",1
"2263399",1614.99,7.38708404368712,1,5,5,47,50,530,6.27287700654617,"D","Diesel",1
"2263473",3500,8.1605182474775,1,6,8,62,68,3317,8.10681603894705,"E","Diesel",1
"2263977",67.46,4.2115348296335,0.5,9,15,28,65,324,5.78074351579233,"C","Regular",1
"2264181",3793.43,8.24102590199156,1,7,6,49,50,1313,7.1800698743028,"D","Diesel",1
"2264207",83.12,4.42028534679097,0.5,6,10,28,100,16,2.77258872223978,"A","Diesel",1
"2264540",1451.73,7.2805112276806,0.99,6,8,43,81,107,4.67282883446191,"C","Regular",1
"2264720",945.35,6.85155522929394,0.27,4,10,44,63,9096,9.11559003543037,"E","Regular",1
"2265825",1093.14,6.99680956780565,0.08,6,2,40,68,4059,8.3086919168389,"E","Diesel",1
"2266327",68.6,4.22829253473184,0.37,4,0,29,64,646,6.4707995037826,"D","Diesel",1
"2266392",1500,7.3132203870903,0.79,7,10,23,85,1326,7.18992217074581,"D","Diesel",1
"2266472",955.4,6.86213010095586,0.24,7,6,49,71,384,5.95064255258773,"C","Diesel",1
"2266671",1000,6.90775527898214,0.43,6,7,27,85,746,6.61472560020376,"D","Diesel",1
"2266767",5076.45,8.53236747738715,0.97,5,2,53,50,483,6.18001665365257,"C","Regular",1
"2266921",1715.11,7.44723249748485,0.5,4,12,51,50,133,4.89034912822175,"C","Diesel",1
"2267001",1937.5,7.5691537612275,0.5,6,6,49,50,649,6.47543271670409,"D","Diesel",1
"2267717",1089.92,6.99385957803427,0.91,12,6,65,50,603,6.40191719672719,"D","Diesel",1
"2267758",2062.21,7.63153350226227,0.91,5,7,58,50,483,6.18001665365257,"C","Diesel",1
"2268342",1247.16,7.12862424538833,0.00547945205479452,7,5,62,50,269,5.59471137960184,"C","Regular",1
"2268538",771.5,6.64833667180322,0.4,6,10,47,50,3317,8.10681603894705,"E","Diesel",1
"2268548",1763.49,7.47505007911849,0.51,6,0,38,58,2733,7.91315518592807,"E","Diesel",1
"2268681",1273.44,7.14947717905754,0.2,11,5,33,50,566,6.33859407820318,"D","Diesel",1
"2268891",2156.21,7.67610732988297,0.08,11,9,46,50,480,6.17378610390194,"C","Regular",1
"2269119",1500,7.3132203870903,0.08,7,3,50,50,403,5.99893656194668,"C","Regular",1
"2269330",1521.35,7.32735337755621,0.08,6,12,45,85,1271,7.14755927118945,"D","Regular",1
"2269458",9000,9.10497985631836,0.08,8,10,30,85,3866,8.25997565976828,"E","Regular",1
"2269527",2019.72,7.61071416692608,0.08,7,7,37,54,490,6.19440539110467,"C","Diesel",1
"2270493",853.42,6.74925180614838,0.3,7,14,70,68,4348,8.3774712482411,"E","Regular",1
"2270646",1383.94,7.23268978263671,0.8,6,15,57,50,2044,7.6226639513236,"E","Diesel",1
"2270913",1688.51,7.43160176222443,0.98,8,15,59,50,3317,8.10681603894705,"E","Diesel",1
"2270966",839.04,6.73225838113528,0.83,11,8,56,50,1005,6.91274282049318,"D","Regular",1
"2271145",1681.12,7.42721551694047,0.5,7,4,41,58,2733,7.91315518592807,"E","Diesel",1
"2271230",1439.14,7.2718009919396,0.5,5,2,37,50,1326,7.18992217074581,"D","Diesel",1
"2271367",390,5.96614673912369,0.83,10,13,42,50,214,5.36597601502185,"C","Diesel",1
"2271488",1305.45,7.17430308790363,0.5,4,9,45,54,3301,8.10198073185319,"E","Regular",1
"2271525",1701.1,7.43903037961554,0.83,6,8,64,70,3317,8.10681603894705,"E","Diesel",1
"2271840",75.11,4.31895370569792,0.83,6,10,24,85,1326,7.18992217074581,"D","Diesel",1
"2271915",1032.11,6.93936052950858,0.83,6,10,39,64,9307,9.13852208418571,"E","Diesel",1
"2271948",6225.52,8.73641225198067,0.83,7,15,36,50,380,5.94017125272043,"C","Diesel",2
"2272619",632.92,6.45034403185078,0.26,6,2,30,80,176,5.17048399503815,"C","Diesel",1
"2272683",1172,7.06646697013696,0.5,5,3,35,72,582,6.36647044773144,"D","Diesel",1
"2272900",7000,8.85366542803745,0.73,4,14,40,50,3317,8.10681603894705,"E","Regular",1
"2272906",1367.8,7.220958888664,0.96,7,5,42,57,177,5.17614973257383,"C","Diesel",1
"2272913",81.33,4.39851495217868,0.91,8,11,42,51,211,5.35185813347607,"C","Diesel",1
"2274488",694.72,6.54350888668993,0.08,5,2,30,68,1699,7.43779512167193,"D","Diesel",1
"2274748",1413.38,7.25373927788071,0.08,5,12,32,100,983,6.89060912014717,"D","Regular",1
"2274796",564,6.33505425149806,0.08,11,2,33,50,160,5.07517381523383,"C","Diesel",1
"2274886",71.64,4.27165357719251,0.44,7,4,52,75,167,5.11799381241676,"C","Diesel",1
"2274999",1248.72,7.12987430565016,0.9,7,10,63,50,208,5.33753807970132,"C","Regular",1
"2275066",1435.61,7.26934512497781,0.46,5,7,26,80,10156,9.22581994282457,"F","Regular",1
"2275075",2290.1,7.73635076371713,0.24,5,0,38,57,3862,8.25894046298846,"E","Diesel",1
"2275232",1895.13,7.54704271674666,1.02,8,12,56,50,25,3.2188758248682,"A","Diesel",1
"2275505",65.78,4.18631584076091,0.91,7,5,41,50,1622,7.39141523467536,"D","Regular",1
"2275523",4025.07,8.30029758100578,0.81,13,3,41,50,3744,8.22790983759748,"E","Regular",1
"2275551",801.85,6.68692155795482,0.42,7,0,41,50,1232,7.11639414409346,"D","Diesel",1
"2275621",1689.25,7.43203992243228,0.75,5,1,37,50,3963,8.28475659319044,"E","Regular",1
"2275637",1500,7.3132203870903,0.75,6,1,44,50,6,1.79175946922805,"A","Diesel",1
"2275639",5644.67,8.63846701606187,0.75,10,12,43,50,10,2.30258509299405,"A","Diesel",1
"2275785",337.96,5.82292754528464,0.5,7,6,34,68,1753,7.46908388492123,"D","Regular",1
"2275840",4751.89,8.46629771262641,0.5,12,4,42,60,557,6.32256523992728,"D","Diesel",1
"2275874",500,6.21460809842219,0.75,10,11,65,50,3317,8.10681603894705,"E","Regular",1
"2276195",1738.94,7.46103101117136,0.75,7,16,62,61,5460,8.60520406873895,"E","Regular",1
"2276339",4288.94,8.36379489514414,0.5,7,6,32,90,4116,8.32263709695394,"E","Regular",1
"2276469",1243.64,7.1257978423505,0.5,6,5,33,72,849,6.74405918631135,"D","Diesel",1
"2276618",2101.31,7.65031623874704,0.75,4,2,58,50,3317,8.10681603894705,"E","Regular",1
"2277064",1915.72,7.55784881006458,0.75,9,10,36,50,3744,8.22790983759748,"E","Diesel",1
"2277124",2504.17,7.82571262128928,0.75,7,3,29,80,1062,6.96790920180188,"D","Regular",1
"2277145",694.54,6.54324975592822,0.75,5,3,37,50,3744,8.22790983759748,"E","Diesel",1
"2277210",636.45,6.45590586031644,0.5,4,14,19,100,4116,8.32263709695394,"E","Regular",1
"2277213",8000,8.98719682066197,0.5,12,6,49,50,3744,8.22790983759748,"E","Diesel",1
"2277246",1278.25,7.15324723396011,0.5,11,9,55,68,7590,8.93458687038968,"E","Regular",1
"2277331",496.39,6.20736190808322,0.27,6,11,48,57,716,6.57368016696065,"D","Regular",1
"2277336",589.13,6.37864687237104,0.93,6,5,33,50,77,4.34380542185368,"B","Diesel",1
"2277483",3000,8.00636756765025,0.5,10,5,27,100,3963,8.28475659319044,"E","Diesel",1
"2277593",1226.32,7.11177309385785,0.38,6,3,71,112,3317,8.10681603894705,"E","Diesel",1
"2277656",2085.77,7.64289337061311,0.95,10,5,48,50,118,4.77068462446567,"C","Diesel",1
"2277702",11995.35,9.39227435367261,0.41,12,7,33,54,162,5.08759633523238,"C","Diesel",1
"2277778",1426.59,7.26304226014602,0.5,5,8,30,50,4348,8.3774712482411,"E","Diesel",1
"2277867",200,5.29831736654804,0.9,5,13,33,64,433,6.07073772800249,"C","Regular",1
"2278336",278.15,5.6281605365213,0.08,9,1,44,64,1767,7.4770384723197,"D","Diesel",1
"2280542",5000,8.51719319141624,0.31,7,0,40,50,1064,6.96979066990159,"D","Diesel",1
"2280739",748.22,6.61769705237742,0.41,5,4,41,50,1326,7.18992217074581,"D","Diesel",1
"2280787",1729.54,7.45561075618147,0.6,14,2,45,57,334,5.8111409929767,"C","Regular",1
"2280977",279.26,5.63214324751405,0.5,9,0,38,61,1316,7.18235211188526,"D","Diesel",1
"2281019",1500,7.3132203870903,0.5,10,18,34,64,100,4.60517018598809,"B","Diesel",1
"2281414",304.8,5.71965582381249,0.5,5,1,53,55,37,3.61091791264422,"A","Diesel",1
"2281718",1172,7.06646697013696,0.5,7,11,39,50,208,5.33753807970132,"C","Diesel",1
"2282425",606.4,6.40753983432816,0.2,4,17,33,60,1326,7.18992217074581,"D","Regular",1
"2282452",1931.47,7.56603665001574,0.28,8,0,30,64,3744,8.22790983759748,"E","Diesel",1
"2282504",1651.37,7.40936052541405,0.95,5,10,40,50,3317,8.10681603894705,"E","Regular",1
"2283323",1500,7.3132203870903,0.08,6,6,48,50,10156,9.22581994282457,"F","Diesel",1
"2283408",5985.03,8.69701663051084,0.08,5,1,49,50,1565,7.35564110297425,"D","Diesel",1
"2284",1761.37,7.47384719431988,0.6,6,0,35,72,495,6.20455776256869,"C","Regular",1
"2285058",9202.1,9.12718699785915,0.08,6,2,28,80,3859,8.25816336153762,"E","Regular",1
"2285324",2066.8,7.63375679641303,0.27,8,9,36,68,824,6.71417052990947,"D","Diesel",1
"2285479",208,5.33753807970132,0.16,6,4,55,50,746,6.61472560020376,"D","Regular",1
"2285767",1292.49,7.16432586940875,0.49,4,1,49,50,171,5.14166355650266,"C","Regular",1
"2285876",10000,9.21034037197618,0.49,4,4,58,54,97,4.57471097850338,"B","Regular",1
"2286241",735.51,6.60056413614213,0.49,6,0,40,50,50,3.91202300542815,"B","Diesel",1
"2286257",700.25,6.55143741414022,0.49,6,17,71,50,174,5.15905529921453,"C","Diesel",1
"2286376",1947.41,7.57425556358334,0.58,7,1,70,50,3963,8.28475659319044,"E","Regular",1
"2286957",910.64,6.81414764901696,0.5,6,7,55,50,1005,6.91274282049318,"D","Regular",1
"2287082",1500,7.3132203870903,0.69,5,13,59,72,3317,8.10681603894705,"E","Diesel",1
"2287203",8158.13,9.00677025502879,0.08,5,1,32,51,4348,8.3774712482411,"E","Diesel",1
"2287297",1840,7.51752085060303,0.08,6,4,50,50,204,5.31811999384422,"C","Regular",1
"22889",1128.12,7.02830780937846,1,7,6,44,50,77,4.34380542185368,"B","Diesel",1
"2311",553.09,6.31552073692397,0.72,5,0,47,50,5936,8.68879078484722,"E","Regular",1
"2375",631.36,6.44787622283425,0.72,5,1,52,50,3430,8.14031554015999,"E","Regular",1
"23895",405.91,6.00613146015138,1,5,4,33,51,1690,7.43248380791712,"D","Diesel",1
"23945",4817.74,8.48006021741815,0.37,7,0,31,83,34,3.52636052461616,"A","Regular",1
"23985",672.48,6.51097237125681,1,6,5,25,80,634,6.45204895443723,"D","Regular",1
"24032",1377.95,7.22835216644506,1,6,3,25,76,39,3.66356164612965,"A","Regular",1
"24072",564.06,6.33516062881851,1,6,3,41,50,70,4.24849524204936,"B","Diesel",1
"24081",97.13,4.57605028741424,1,6,13,50,50,50,3.91202300542815,"A","Regular",1
"24783",135.7,4.91044656684082,0.56,10,3,30,64,614,6.41999492814714,"D","Diesel",1
"24992",2256.24,7.7214549899384,1,6,6,23,112,61,4.11087386417331,"B","Diesel",2
"25472",84.97,4.44229825301545,1,7,5,29,50,67,4.20469261939097,"B","Diesel",1
"25729",1393.49,7.23956667072116,0.79,7,4,42,50,213,5.36129216570943,"C","Regular",1
"2606",1322.75,7.18746818178424,0.01,7,0,45,60,6570,8.79026911147866,"E","Diesel",1
"26255",1128.12,7.02830780937846,0.65,6,1,34,54,1729,7.45529848568329,"D","Diesel",1
"26387",1189.75,7.08149848000122,0.19,6,8,35,50,3541,8.1721644521119,"E","Diesel",1
"26480",154.98,5.0432960763358,0.8,5,4,31,68,91,4.51085950651685,"B","Diesel",1
"27252",560.09,6.32809748510175,1,10,5,26,64,192,5.25749537202778,"C","Regular",1
"27310",1128.12,7.02830780937846,1,4,11,54,50,192,5.25749537202778,"C","Regular",1
"27509",1782.95,7.48602457484515,0.71,4,11,51,77,41,3.71357206670431,"A","Diesel",1
"27519",5907.42,8.68396446686188,0.96,4,8,51,50,26,3.25809653802148,"A","Regular",1
"27660",1128.12,7.02830780937846,0.46,5,12,19,50,43,3.76120011569356,"A","Diesel",1
"28068",3848.47,8.25543094569909,0.1,6,6,28,64,741,6.60800062529609,"D","Diesel",1
"28462",65.27,4.17853251264713,0.08,6,3,47,50,43,3.76120011569356,"A","Diesel",1
"28509",115232.88,11.654710403187,0.09,8,9,76,50,48,3.87120101090789,"A","Diesel",1
"28742",1128.12,7.02830780937846,0.31,9,4,65,50,1054,6.96034772910131,"D","Regular",1
"28928",245.99,5.50529088469961,1,6,11,26,64,44,3.78418963391826,"A","Regular",1
"28939",148.79,5.00253591583961,1,5,5,29,64,84,4.43081679884331,"B","Diesel",1
"29136",614.49,6.42079265548067,0.19,10,8,23,95,308,5.73009978297357,"C","Diesel",1
"29240",2143.11,7.67001332406758,1,7,1,67,50,72,4.27666611901606,"B","Diesel",2
"29469",1128.12,7.02830780937846,0.52,4,16,50,50,1408,7.24992553671799,"D","Regular",1
"29493",1023.89,6.93136437795431,1,5,3,30,68,167,5.11799381241676,"C","Diesel",1
"29543",92.77,4.53012331166518,1,4,11,59,50,1408,7.24992553671799,"D","Diesel",1
"3000277",2408,7.78655180642871,0.4,10,4,53,106,1022,6.92951677076365,"D","Regular",2
"3000746",1352.33,7.20958430965978,0.87,7,3,61,68,2569,7.85127199710988,"E","Diesel",2
"3001312",2408,7.78655180642871,0.2,5,3,37,76,1565,7.35564110297425,"D","Regular",1
"3001554",381.1,5.94306180787981,0.8,6,3,78,50,137,4.91998092582813,"C","Diesel",1
"3002974",556.14,6.3210200611158,0.12,6,2,55,50,10156,9.22581994282457,"F","Diesel",1
"3003487",1204,7.09340462586877,0.63,10,10,30,85,162,5.08759633523238,"C","Diesel",1
"3004319",1558.73,7.35162666611803,0.45,7,4,43,81,217,5.37989735354046,"C","Diesel",1
"3005631",1204,7.09340462586877,0.33,8,0,66,50,134,4.89783979995091,"C","Diesel",1
"3005837",1204,7.09340462586877,0.19,8,1,48,50,97,4.57471097850338,"B","Diesel",1
"3006310",1528.49,7.3320355989477,0.61,7,3,36,90,2472,7.81278281857758,"E","Diesel",1
"3007221",602,6.40025744530882,0.7,12,5,51,71,13,2.56494935746154,"A","Diesel",1
"30080",1106.4,7.00886678035055,1,4,5,33,61,247,5.50938833662798,"C","Diesel",1
"3009342",1204,7.09340462586877,0.95,7,3,38,98,853,6.74875954749168,"D","Diesel",1
"3009388",1268.99,7.14597658746269,0.95,6,5,37,95,50,3.91202300542815,"B","Diesel",1
"3011018",57.4,4.05004430332552,0.96,9,6,33,60,2949,7.98922140881528,"E","Regular",1
"3012967",9117.49,9.11794982589035,0.2,4,2,71,60,6864,8.8340456411678,"E","Regular",2
"3013431",1204,7.09340462586877,0.71,5,2,45,60,2278,7.73105314400713,"E","Regular",1
"3013668",1204,7.09340462586877,0.42,12,2,51,76,15703,9.66160705588495,"F","Diesel",1
"3013769",1204,7.09340462586877,0.71,6,5,56,50,88,4.47733681447821,"B","Regular",1
"3013974",1204,7.09340462586877,0.54,4,2,56,50,269,5.59471137960184,"C","Diesel",1
"3014016",1204,7.09340462586877,0.71,5,2,54,50,10156,9.22581994282457,"F","Diesel",1
"3014548",1480.34,7.30002707010406,0.63,4,2,51,50,4762,8.46842302704681,"E","Regular",1
"3014867",1492.3,7.30807383293742,0.36,4,2,53,50,392,5.97126183979046,"C","Regular",1
"3015817",9349.55,9.14308349278228,0.2,10,7,38,50,4,1.38629436111989,"A","Diesel",1
"3017493",1204,7.09340462586877,0.23,7,3,40,64,9307,9.13852208418571,"E","Diesel",1
"3018219",781.98,6.66182916477068,0.38,7,7,46,50,124,4.82028156560504,"C","Regular",3
"3018632",323.48,5.77913728822762,0.29,10,2,64,50,4762,8.46842302704681,"E","Regular",1
"3018679",602,6.40025744530882,0.7,4,8,58,50,824,6.71417052990947,"D","Regular",1
"3019068",1204,7.09340462586877,0.78,5,2,72,50,514,6.24222326545517,"D","Regular",1
"3019191",1403.45,7.24668876994469,0.7,4,2,56,50,74,4.30406509320417,"B","Regular",2
"3019351",387.83,5.9605670992801,0.5,6,6,69,80,17140,9.74917019215177,"F","Diesel",1
"3020917",1204,7.09340462586877,0.87,4,6,35,60,34,3.52636052461616,"A","Diesel",1
"3021379",12304.45,9.41771626454867,0.5,7,10,50,90,144,4.969813299576,"C","Diesel",2
"3021869",1204,7.09340462586877,0.95,7,1,65,50,15,2.70805020110221,"A","Diesel",1
"3022127",1760.14,7.47314863032317,0.3,5,9,36,68,2365,7.76853330092603,"E","Diesel",2
"3023214",79.53,4.37613430896904,0.87,5,15,27,80,824,6.71417052990947,"D","Regular",1
"3023825",701.03,6.55255068212457,0.87,5,7,53,90,6912,8.84101431048389,"E","Diesel",1
"3024500",1860.14,7.5284070326919,0.8,11,1,50,50,70,4.24849524204936,"B","Diesel",2
"3024662",1204,7.09340462586877,0.73,4,0,25,76,356,5.87493073085203,"C","Diesel",1
"3026120",325.96,5.78677467445202,0.28,6,1,58,55,12374,9.42335277609093,"F","Diesel",1
"3027999",833.67,6.72583764060216,0.36,8,1,53,52,27000,10.2035921449865,"F","Diesel",1
"3028683",1204,7.09340462586877,0.45,7,1,54,50,8455,9.04251326133268,"E","Regular",1
"3029557",1204,7.09340462586877,0.31,5,0,48,100,709,6.56385552653213,"D","Regular",1
"3030418",5007.14,8.51862017279385,0.58,6,5,41,50,813,6.70073110954781,"D","Diesel",2
"3030811",1204,7.09340462586877,0.53,4,0,34,76,31,3.43398720448515,"A","Diesel",1
"3030877",4124.53,8.32470735288326,0.1,5,5,33,106,68,4.21950770517611,"B","Diesel",1
"3031524",1204,7.09340462586877,0.45,6,0,25,80,8,2.07944154167984,"A","Diesel",1
"3032505",1204,7.09340462586877,0.31,4,0,66,59,27000,10.2035921449865,"F","Regular",1
"3032583",602,6.40025744530882,0.25,6,6,25,100,31,3.43398720448515,"A","Diesel",1
"3033298",2075.94,7.63816934213401,0.14,4,0,58,106,43,3.76120011569356,"A","Diesel",1
"3034198",556.14,6.3210200611158,0.08,8,0,43,95,98,4.58496747867057,"B","Diesel",1
"3034933",1621.19,7.39091572646471,0.53,6,15,27,100,9307,9.13852208418571,"E","Regular",1
"3034966",2707,7.9035962896143,0.46,6,7,26,90,646,6.4707995037826,"D","Regular",1
"3035524",258.71,5.55570774325743,0.53,6,6,32,85,489,6.19236248947487,"C","Regular",1
"3036354",373.02,5.9216320375093,0.32,6,1,28,85,2365,7.76853330092603,"E","Diesel",1
"3037413",991.15,6.89886588513622,0.29,5,9,53,71,2567,7.85049318087114,"E","Diesel",1
"3037507",1204,7.09340462586877,0.7,6,1,47,50,721,6.58063913728495,"D","Diesel",1
"3037660",80,4.38202663467388,0.59,7,15,23,100,27000,10.2035921449865,"F","Regular",1
"3037982",1661.61,7.41554229083941,0.7,5,1,33,90,27000,10.2035921449865,"F","Regular",1
"3039070",1204,7.09340462586877,0.26,4,1,53,50,392,5.97126183979046,"C","Regular",1
"3039960",80.73,4.39111025340692,0.36,6,8,53,100,6864,8.8340456411678,"E","Diesel",1
"3040183",1204,7.09340462586877,0.57,11,8,51,67,537,6.28599809450886,"D","Diesel",1
"3040917",2285.03,7.73413443234496,0.65,4,4,47,57,94,4.54329478227,"B","Regular",2
"3041006",1204,7.09340462586877,0.81,4,1,24,76,4172,8.33615081612066,"E","Regular",1
"3041387",1204,7.09340462586877,0.04,4,1,37,71,202,5.3082676974012,"C","Diesel",1
"3041584",1204,7.09340462586877,0.02,4,1,61,50,272,5.605802066296,"C","Diesel",1
"3042241",1298,7.16857989726403,0.66,6,6,21,100,133,4.89034912822175,"C","Regular",2
"3042396",1204,7.09340462586877,0.89,6,1,35,54,2404,7.7848892956551,"E","Diesel",1
"3042778",1204,7.09340462586877,0.99,4,0,25,100,2365,7.76853330092603,"E","Diesel",1
"3043090",319.24,5.76594317100781,0.35,5,4,24,85,2365,7.76853330092603,"E","Diesel",1
"3043162",1204,7.09340462586877,0.29,4,0,36,100,1862,7.52940645783701,"D","Diesel",1
"3043347",2408,7.78655180642871,0.92,11,1,31,50,8915,9.09549053029724,"E","Diesel",2
"3043462",119.01,4.77920752319435,0.52,8,8,21,100,89,4.48863636973214,"B","Diesel",1
"3043544",1204,7.09340462586877,0.89,10,3,27,85,206,5.32787616878958,"C","Diesel",1
"3044264",1158.14,7.05457054892553,0.75,8,0,50,50,1131,7.03085747611612,"D","Diesel",2
"3044295",1204,7.09340462586877,0.05,12,2,44,50,247,5.50938833662798,"C","Diesel",1
"3044565",1204,7.09340462586877,0.07,4,2,65,68,4,1.38629436111989,"A","Regular",1
"3045269",6590.23,8.79334352825322,0.72,6,3,22,100,2354,7.76387128782022,"E","Diesel",3
"3045658",1204,7.09340462586877,0.47,11,4,60,50,14,2.63905732961526,"A","Regular",1
"3045884",506.15,6.22683306804476,1,5,9,40,50,817,6.70563909486,"D","Diesel",1
"3046184",385.2,5.95376267992397,0.46,6,13,51,72,2,0.693147180559945,"A","Diesel",1
"3047305",2882.82,7.96652426072568,1,4,7,75,62,86,4.45434729625351,"B","Regular",1
"3047425",1204,7.09340462586877,1,7,9,49,50,155,5.04342511691925,"C","Diesel",1
"3047984",2408,7.78655180642871,1,4,9,78,85,473,6.15909538849193,"C","Regular",2
"3048923",1204,7.09340462586877,1,7,24,85,50,133,4.89034912822175,"C","Regular",1
"3049209",1204,7.09340462586877,1,6,4,50,50,122,4.80402104473326,"C","Diesel",1
"3049518",2204,7.6980291702728,1,7,3,57,50,1182,7.07496319796604,"D","Regular",1
"3049548",1806,7.49886973397693,1,6,12,72,62,3946,8.28045768658256,"E","Regular",2
"3049892",602,6.40025744530882,1,6,5,41,50,4358,8.37976851550457,"E","Regular",1
"3050411",4362,8.38068594676157,1,5,5,45,64,2399,7.7828072628397,"E","Regular",1
"3050690",2408,7.78655180642871,1,6,15,52,62,229,5.43372200355424,"C","Diesel",2
"3050734",134.17,4.89910765260238,1,4,3,54,63,85,4.44265125649032,"B","Regular",1
"3050784",602,6.40025744530882,0.38,7,3,49,50,2674,7.89133075766189,"E","Regular",1
"3050919",700.31,6.55152309415398,1,5,6,48,50,227,5.4249500174814,"C","Regular",1
"3050995",834.92,6.72733591187771,1,4,2,53,50,232,5.44673737166631,"C","Regular",1
"3051186",983.63,6.89124981008025,1,7,7,52,50,97,4.57471097850338,"B","Diesel",1
"3051561",4204,8.34379173199684,0.52,7,11,22,95,1943,7.57198844937744,"D","Regular",1
"3051619",351.24,5.8614697504918,1,7,11,19,90,1943,7.57198844937744,"D","Regular",1
"3051753",912,6.81563999007433,0.38,7,4,38,50,3274,8.09376775793108,"E","Diesel",1
"3051819",4472.29,8.40565586067515,1,5,3,36,50,98,4.58496747867057,"B","Diesel",1
"30519",1128.12,7.02830780937846,0.92,4,2,47,55,359,5.88332238848828,"C","Regular",1
"3052860",1763.33,7.47495934582328,1,4,14,45,50,72,4.27666611901606,"B","Regular",1
"3053107",1204,7.09340462586877,1,5,8,63,115,3541,8.1721644521119,"E","Diesel",1
"3053268",101.44,4.61946749068892,1,6,7,40,50,91,4.51085950651685,"B","Diesel",1
"3053868",1204,7.09340462586877,0.32,6,15,48,50,115,4.74493212836325,"C","Diesel",1
"3054305",1284.13,7.15783672523078,0.78,7,2,51,82,20,2.99573227355399,"A","Diesel",1
"3054613",1204,7.09340462586877,1,5,18,42,85,295,5.68697535633982,"C","Diesel",1
"3054883",404.77,6.00331900455499,1,10,8,51,50,30,3.40119738166216,"A","Diesel",1
"3054976",1204,7.09340462586877,1,7,6,60,58,330,5.79909265446053,"C","Regular",1
"3055220",1884.92,7.54164065866319,0.69,7,14,37,51,575,6.35437004079735,"D","Regular",1
"3055259",2803.17,7.93850619863001,0.97,5,6,37,50,287,5.65948221575962,"C","Regular",1
"3055640",937.93,6.84367531935583,0.75,4,5,50,63,359,5.88332238848828,"C","Regular",1
"3055886",1325.46,7.18951484798215,0.76,6,9,26,95,57,4.04305126783455,"B","Diesel",1
"3055976",1204,7.09340462586877,1,4,19,30,118,42,3.73766961828337,"A","Diesel",1
"3056172",788.27,6.66984067076425,1,8,2,53,50,214,5.36597601502185,"C","Diesel",1
"3056330",1204,7.09340462586877,1,4,3,39,58,72,4.27666611901606,"B","Regular",1
"3056363",2357.24,7.76524672210537,0.74,6,7,26,76,214,5.36597601502185,"C","Diesel",1
"3056401",3408,8.13388088794921,1,6,6,40,77,227,5.4249500174814,"C","Diesel",2
"3056505",1204,7.09340462586877,1,6,13,39,95,214,5.36597601502185,"C","Diesel",1
"3056595",1204,7.09340462586877,0.68,6,10,33,50,48,3.87120101090789,"A","Diesel",1
"3057414",3985.84,8.29050335947537,1,6,13,43,50,1203,7.09257371597468,"D","Diesel",1
"3058041",1204,7.09340462586877,0.32,4,11,54,50,298,5.6970934865054,"C","Regular",1
"3058090",2176.61,7.68552389957283,1,4,9,84,50,111,4.70953020131233,"C","Regular",2
"3058154",602,6.40025744530882,0.86,4,11,59,50,111,4.70953020131233,"C","Regular",1
"3058998",1204,7.09340462586877,1,7,7,82,62,821,6.71052310945243,"D","Regular",1
"3059122",1204,7.09340462586877,0.7,5,5,43,50,4116,8.32263709695394,"E","Regular",1
"3059615",7800,8.96187901267768,1,7,4,59,50,4116,8.32263709695394,"E","Regular",1
"3059946",208472.6,12.2475628967172,0.15,6,17,73,50,1601,7.37838371299671,"D","Regular",1
"3060142",7940.38,8.97971641203804,1,6,2,66,50,282,5.64190707093811,"C","Regular",1
"3060186",1609.57,7.38372234156075,1,5,9,50,50,282,5.64190707093811,"C","Diesel",1
"3060391",1471.98,7.29436371224,0.58,5,5,22,90,282,5.64190707093811,"C","Regular",1
"3060574",14854.44,9.60605408944126,0.45,7,3,20,118,282,5.64190707093811,"C","Regular",1
"3061186",1204,7.09340462586877,1,6,8,59,72,623,6.43454651878745,"D","Diesel",1
"3061606",1204,7.09340462586877,0.41,5,3,70,86,474,6.16120732169508,"C","Diesel",1
"3061823",173.31,5.15508189846128,1,6,6,45,50,1217,7.10414409298753,"D","Diesel",1
"3061989",578.69,6.3607669283199,0.63,4,10,46,50,298,5.6970934865054,"C","Regular",1
"3062127",1204,7.09340462586877,1,4,14,55,50,298,5.6970934865054,"C","Regular",1
"3062203",602,6.40025744530882,0.24,6,7,46,50,225,5.41610040220442,"C","Regular",1
"3062298",206.1,5.32836148789641,1,6,4,56,67,122,4.80402104473326,"C","Diesel",1
"3063087",1204,7.09340462586877,0.75,7,7,53,50,1054,6.96034772910131,"D","Regular",1
"3063870",3213.04,8.07497280846258,1,5,9,23,125,949,6.85540879860993,"D","Diesel",2
"3063909",3204,8.07215530818825,0.57,7,11,29,90,1314,7.18083119904456,"D","Diesel",1
"3065257",1204,7.09340462586877,0.33,4,17,43,50,1397,7.24208235925696,"D","Diesel",1
"3066396",961.21,6.86819290747029,0.55,6,12,58,58,23,3.13549421592915,"A","Regular",1
"3066628",1204,7.09340462586877,1,4,20,59,62,99,4.59511985013459,"B","Regular",1
"3066922",811.73,6.69916777255193,0.45,11,2,44,56,1192,7.0833878476253,"D","Diesel",1
"3067835",82.32,4.41061409152579,1,11,2,53,50,851,6.74641212857337,"D","Regular",1
"3067865",602,6.40025744530882,1,6,2,44,50,4128,8.3255483071614,"E","Diesel",1
"3068024",602,6.40025744530882,0.94,6,2,52,50,4128,8.3255483071614,"E","Diesel",1
"3068101",1146.99,7.04489639869555,0.8,11,15,44,50,55,4.00733318523247,"B","Regular",1
"3068252",86719.2,11.3704305915387,0.81,6,11,41,85,267,5.58724865840025,"C","Regular",1
"3068328",626.46,6.44008492553007,1,5,10,44,50,1001,6.90875477931522,"D","Diesel",1
"3068372",1204,7.09340462586877,0.38,9,11,35,77,73,4.29045944114839,"B","Regular",1
"3068452",78.34,4.36105832823768,1,10,10,35,51,6570,8.79026911147866,"E","Regular",1
"3068697",7777,8.95892593869494,1,5,2,32,51,3856,8.25738565573044,"E","Diesel",1
"3068788",1204,7.09340462586877,0.7,4,15,49,50,1443,7.27447955877387,"D","Regular",1
"3069288",823.67,6.71376996425687,1,7,15,38,100,91,4.51085950651685,"B","Diesel",1
"3069399",644.11,6.46786951897184,1,6,2,82,55,48,3.87120101090789,"A","Regular",1
"3070971",276.01,5.62043709694485,1,7,8,61,50,481,6.17586727010576,"C","Diesel",1
"3071380",1704,7.44073370738926,0.25,7,5,50,50,5433,8.60024674655152,"E","Regular",1
"30714",1825.08,7.50937910067228,0.95,7,3,39,50,747,6.61606518513282,"D","Diesel",1
"30718",1936.46,7.56861684291911,0.98,8,1,48,50,747,6.61606518513282,"D","Diesel",1
"3071800",1204,7.09340462586877,1,5,18,33,125,1313,7.1800698743028,"D","Regular",1
"3071888",502.61,6.21981452144956,0.37,4,13,51,50,42,3.73766961828337,"A","Diesel",1
"3071922",1204,7.09340462586877,1,7,8,34,50,1313,7.1800698743028,"D","Diesel",1
"3071947",1204,7.09340462586877,1,5,7,31,80,4348,8.3774712482411,"E","Regular",1
"3071981",2408,7.78655180642871,1,7,21,65,106,61,4.11087386417331,"B","Regular",2
"3072342",1835.75,7.51520839633172,0.96,6,7,56,50,3021,8.01334318138667,"E","Diesel",1
"3072860",1462.81,7.2881145224564,1,6,5,60,68,95,4.55387689160054,"B","Diesel",1
"3072977",1634.31,7.39897597590793,1,7,7,54,50,2446,7.80220931624712,"E","Diesel",1
"3073205",1204,7.09340462586877,1,6,12,76,50,1313,7.1800698743028,"D","Regular",1
"3073871",1204,7.09340462586877,1,5,5,51,50,290,5.66988092298052,"C","Diesel",1
"3074427",1204,7.09340462586877,0.97,4,6,58,50,680,6.52209279817015,"D","Regular",1
"3074792",530.23,6.27331087467593,0.97,5,1,60,50,4348,8.3774712482411,"E","Diesel",1
"3075178",1204,7.09340462586877,1,5,7,66,50,82,4.40671924726425,"B","Diesel",1
"3075238",1204,7.09340462586877,0.58,5,15,62,50,1193,7.08422642209792,"D","Diesel",1
"3075273",122.21,4.80574087644991,1,5,3,44,50,289,5.66642668811243,"C","Diesel",1
"3075605",1588.1,7.3702936121166,1,5,17,35,62,2733,7.91315518592807,"E","Regular",1
"3075698",1339.58,7.2001114109788,1,4,17,33,62,1976,7.58882987830781,"D","Regular",1
"3075955",2204,7.6980291702728,1,5,10,66,58,3317,8.10681603894705,"E","Diesel",1
"3076123",602,6.40025744530882,1,6,5,67,50,3317,8.10681603894705,"E","Diesel",1
"3076224",2072.8,7.6366556292479,1,5,11,34,50,1229,7.11395610956603,"D","Diesel",1
"3076370",177.97,5.18161499676189,1,5,11,41,50,315,5.75257263882563,"C","Diesel",1
"3077674",117.16,4.76354052195953,1,11,13,31,62,2054,7.6275443904885,"E","Regular",1
"3077855",1204,7.09340462586877,1,6,9,41,50,1326,7.18992217074581,"D","Diesel",1
"3078101",76.01,4.33086491057795,1,7,13,35,50,163,5.09375020080676,"C","Diesel",1
"3079584",217.5,5.38219885052874,1,5,7,69,50,3021,8.01334318138667,"E","Regular",1
"3079654",2408,7.78655180642871,0.58,5,5,82,100,3946,8.28045768658256,"E","Diesel",2
"3079944",1204,7.09340462586877,1,4,15,40,62,243,5.49306144334055,"C","Regular",1
"3080288",1407.89,7.24984740866607,1,5,4,73,50,1787,7.48829351515943,"D","Regular",2
"3080734",1845.99,7.52077099793003,1,5,5,32,85,204,5.31811999384422,"C","Diesel",1
"3080989",78.42,4.36207899686419,0.24,6,3,56,50,38,3.63758615972639,"A","Diesel",1
"3081376",1806,7.49886973397693,0.88,12,14,52,50,4762,8.46842302704681,"E","Regular",2
"3081676",1385.98,7.2341627496313,1,5,9,47,57,80,4.38202663467388,"B","Diesel",1
"3081750",1204,7.09340462586877,0.59,6,11,44,50,798,6.68210859744981,"D","Regular",1
"3081816",515.13,6.24441929599382,0.5,6,10,44,50,41,3.71357206670431,"A","Regular",1
"3082110",1779.93,7.48432931667015,1,6,8,48,50,39,3.66356164612965,"A","Diesel",1
"3082140",1000,6.90775527898214,0.81,5,16,48,50,1314,7.18083119904456,"D","Regular",1
"3083035",911.16,6.81471851301314,1,5,3,40,50,245,5.50125821054473,"C","Regular",1
"3083061",1468.49,7.29198994094576,0.02,4,5,50,50,100,4.60517018598809,"B","Regular",1
"3083141",2204,7.6980291702728,0.75,5,9,48,72,5449,8.6031873845831,"E","Diesel",1
"3083301",2076.36,7.63837163965656,1,4,4,48,64,1695,7.43543801981455,"D","Regular",1
"3083610",1204,7.09340462586877,1,7,15,58,58,2415,7.78945456608667,"E","Regular",1
"3083780",182050,12.1120366536036,0.02,7,15,21,100,2415,7.78945456608667,"E","Diesel",1
"3083940",1204,7.09340462586877,1,7,3,33,62,269,5.59471137960184,"C","Diesel",1
"3083991",1204,7.09340462586877,1,6,3,30,62,781,6.66057514983969,"D","Diesel",1
"3084221",75.99,4.33060175268169,1,7,14,48,85,25,3.2188758248682,"A","Diesel",1
"3084388",964.04,6.87113278752564,1,6,5,52,56,9,2.19722457733622,"A","Regular",1
"3084650",75,4.31748811353631,1,6,5,34,50,229,5.43372200355424,"C","Diesel",1
"3085627",428.26,6.05973048777807,1,6,6,52,125,3688,8.21283958467648,"E","Diesel",1
"3086187",1157.98,7.05443238682663,1,8,8,49,50,2117,7.65775527113487,"E","Diesel",1
"3086482",19811.6,9.89402290372034,1,8,4,41,50,126,4.83628190695148,"C","Diesel",1
"3086880",37622,10.535344264653,0.77,5,11,44,50,52,3.95124371858143,"B","Diesel",1
"3087304",4410.21,8.39167758635476,1,10,7,33,67,1441,7.27309259599952,"D","Regular",1
"3087399",1204,7.09340462586877,0.76,9,14,51,68,33,3.49650756146648,"A","Regular",1
"3089377",1204,7.09340462586877,0.85,6,13,45,50,85,4.44265125649032,"B","Diesel",1
"3089507",1073.99,6.9791359640385,0.2,8,6,63,83,1313,7.1800698743028,"D","Regular",1
"3089738",1584.42,7.36797368874307,0.32,6,4,52,50,22,3.09104245335832,"A","Diesel",1
"3090578",9.75,2.27726728500976,1,7,6,52,50,197,5.28320372873799,"C","Diesel",1
"3091037",75.11,4.31895370569792,1,10,11,43,50,1535,7.3362856600213,"D","Diesel",1
"3092008",7564.91,8.9312757292581,0.47,7,3,56,62,84,4.43081679884331,"B","Regular",1
"3092078",10653,9.2735968216112,0.3,6,10,54,50,46,3.8286413964891,"A","Regular",1
"3092478",76.54,4.33781347999756,1,7,2,33,50,1629,7.39572160860205,"D","Regular",1
"3092513",1204,7.09340462586877,1,5,12,43,50,57,4.04305126783455,"B","Diesel",1
"3092546",3265.61,8.09120185427529,0.51,7,12,39,50,147,4.99043258677874,"C","Regular",1
"3092659",602,6.40025744530882,1,8,13,57,68,20,2.99573227355399,"A","Diesel",1
"3092670",1204,7.09340462586877,1,7,5,30,71,27,3.29583686600433,"A","Regular",1
"3093717",1204,7.09340462586877,1,4,2,61,77,4436,8.39750834847026,"E","Regular",1
"3093802",1204,7.09340462586877,1,6,6,60,62,71,4.26267987704132,"B","Regular",1
"3093843",3180.91,8.06492259835926,0.4,9,14,46,50,1192,7.0833878476253,"D","Regular",1
"3093985",1147.02,7.04492255376898,0.06,9,14,54,50,983,6.89060912014717,"D","Regular",1
"3095325",944.89,6.85106851860209,0.56,5,7,53,51,30,3.40119738166216,"A","Diesel",1
"3095524",1204,7.09340462586877,0.67,5,1,26,106,3274,8.09376775793108,"E","Diesel",1
"3095759",1205.13,7.09434272392314,0.87,6,12,44,50,27,3.29583686600433,"A","Regular",1
"3096468",1204,7.09340462586877,0.56,5,16,36,81,33,3.49650756146648,"A","Diesel",1
"3097026",1013.58,6.92124389716269,0.9,4,5,51,50,176,5.17048399503815,"C","Regular",1
"3097066",78104.83,11.2658071777055,1,4,4,47,50,4762,8.46842302704681,"E","Regular",1
"3097390",1204,7.09340462586877,1,10,5,67,50,68,4.21950770517611,"B","Regular",1
"3097612",1204,7.09340462586877,1,7,13,44,80,38,3.63758615972639,"A","Diesel",1
"3097641",602,6.40025744530882,1,4,5,43,50,2362,7.76726399675731,"E","Regular",1
"3098525",1204,7.09340462586877,0.48,6,14,43,50,56,4.02535169073515,"B","Regular",1
"3098535",1204,7.09340462586877,1,9,4,47,68,4087,8.31556648356428,"E","Regular",1
"3098564",1204,7.09340462586877,1,5,4,47,50,54,3.98898404656427,"B","Diesel",1
"3101081",1536.86,7.33749665285776,0.04,5,9,37,68,1054,6.96034772910131,"D","Diesel",1
"31013",1128.12,7.02830780937846,1,7,15,37,50,57,4.04305126783455,"B","Regular",1
"3101371",152.45,5.02683667343426,1,4,8,73,54,242,5.48893772615669,"C","Regular",1
"3101393",872,6.77078942390898,1,8,13,33,50,242,5.48893772615669,"C","Diesel",1
"3101622",1204,7.09340462586877,0.91,4,14,52,62,9307,9.13852208418571,"E","Regular",1
"3101807",737.6,6.60340167224238,1,6,9,55,50,1535,7.3362856600213,"D","Regular",1
"3102042",1204,7.09340462586877,1,6,4,63,50,262,5.5683445037611,"C","Regular",1
"3102852",1305.06,7.17400429571138,1,6,8,22,114,1329,7.19218205871325,"D","Diesel",1
"3102892",1204,7.09340462586877,0.93,7,8,40,50,2411,7.78779687818117,"E","Diesel",1
"3102964",126.84,4.84292644967015,0.53,9,10,47,54,1329,7.19218205871325,"D","Regular",1
"3103314",2119.11,7.65875146819986,1,9,4,35,57,124,4.82028156560504,"C","Diesel",1
"3103319",209695.87,12.253413521894,1,6,10,61,50,20,2.99573227355399,"A","Diesel",1
"3103636",1492.38,7.30812744002429,0.24,10,10,31,100,1011,6.91869521902047,"D","Regular",2
"3103704",422.78,6.04685194918754,0.73,6,11,33,80,831,6.72262979485545,"D","Diesel",1
"3103730",1204,7.09340462586877,0.46,7,11,22,125,831,6.72262979485545,"D","Regular",1
"3103769",3685.25,8.21209364492739,0.95,9,2,55,86,132,4.88280192258637,"C","Regular",2
"3103954",4637.74,8.44198245759817,1,6,17,59,50,1719,7.44949800538285,"D","Diesel",1
"3103999",482.23,6.17842117866042,1,8,8,38,51,263,5.57215403217776,"C","Diesel",1
"3104724",2204,7.6980291702728,0.75,5,11,39,63,93,4.53259949315326,"B","Diesel",1
"3105538",2704,7.90248743716286,0.08,4,9,74,50,209,5.34233425196481,"C","Regular",1
"3106356",2947.39,7.98867531195262,0.54,9,3,34,50,3457,8.14815643992162,"E","Diesel",1
"3107053",3204,8.07215530818825,0.32,6,13,21,100,19,2.94443897916644,"A","Diesel",1
"3107271",1813.89,7.50322898936565,1,5,2,50,50,26,3.25809653802148,"A","Diesel",1
"3107845",7598,8.93564033374757,0.16,8,4,45,52,578,6.35957386867238,"D","Diesel",1
"3108167",1204,7.09340462586877,1,10,15,28,100,376,5.9295891433899,"C","Regular",1
"3108440",5.4,1.68639895357023,0.76,6,5,46,50,399,5.98896141688986,"C","Diesel",1
"3108812",94.58,4.54944603721573,0.49,9,9,31,50,27000,10.2035921449865,"F","Regular",1
"3108842",373.39,5.92262344981703,0.3,9,8,39,54,27000,10.2035921449865,"F","Regular",1
"3109063",2121.66,7.65995408013464,1,7,8,62,58,105,4.65396035015752,"C","Diesel",2
"3109122",492.75,6.20000194603283,1,4,13,71,71,20,2.99573227355399,"A","Regular",1
"3109747",7.06,1.95444505150515,1,7,9,53,50,30,3.40119738166216,"A","Diesel",1
"3109913",160.4,5.07767069543241,1,9,5,56,50,15,2.70805020110221,"A","Regular",1
"3110217",1204,7.09340462586877,0.4,5,10,18,100,43,3.76120011569356,"A","Diesel",1
"3110331",555.13,6.31920232055211,0.14,4,10,58,50,1064,6.96979066990159,"D","Regular",1
"31106",1128.12,7.02830780937846,0.1,6,12,23,80,435,6.07534603108868,"C","Regular",1
"3110740",1204,7.09340462586877,1,7,12,38,80,1313,7.1800698743028,"D","Diesel",1
"3111295",1204,7.09340462586877,1,4,7,48,62,51,3.93182563272433,"B","Diesel",1
"3111635",1597.19,7.37600111421279,1,7,4,45,51,1284,7.15773548424991,"D","Regular",1
"3112068",602,6.40025744530882,1,5,13,49,50,214,5.36597601502185,"C","Diesel",1
"3112361",1204,7.09340462586877,1,9,3,49,50,912,6.81563999007433,"D","Regular",1
"3112717",1204,7.09340462586877,0.54,7,9,78,50,46,3.8286413964891,"A","Diesel",1
"3113080",1204,7.09340462586877,0.7,6,7,34,104,3095,8.0375431851187,"E","Diesel",1
"3113373",1204,7.09340462586877,0.79,9,15,47,90,133,4.89034912822175,"C","Regular",1
"3114332",602,6.40025744530882,1,7,7,38,50,473,6.15909538849193,"C","Regular",1
"3114377",1204,7.09340462586877,0.58,12,16,36,62,473,6.15909538849193,"C","Regular",1
"3114460",732.59,6.5965862002379,0.51,9,14,42,82,2733,7.91315518592807,"E","Regular",1
"3114490",1650.24,7.40867601086259,0.6,5,8,23,95,4762,8.46842302704681,"E","Regular",1
"3114735",820.28,6.70964574538757,1,5,2,34,50,3457,8.14815643992162,"E","Regular",1
"3115001",33.38,3.50795691823369,0.57,9,2,29,100,2074,7.63723438878947,"E","Diesel",1
"3115004",510.67,6.23572358902627,1,5,1,67,80,1228,7.11314210870709,"D","Diesel",1
"3115402",523.96,6.26141534552945,0.91,6,6,34,67,269,5.59471137960184,"C","Diesel",1
"3115657",4365.84,8.38156588962207,0.58,7,11,79,50,54,3.98898404656427,"B","Diesel",1
"3115965",845.06,6.73940763075353,1,10,4,38,50,542,6.29526600143965,"D","Diesel",1
"3116356",1204,7.09340462586877,0.94,4,23,67,50,46,3.8286413964891,"A","Regular",1
"3116408",860.93,6.75801320030963,1,7,2,63,50,3857,8.25764495820823,"E","Diesel",1
"3116496",1204,7.09340462586877,1,7,8,80,50,813,6.70073110954781,"D","Regular",1
"3116663",200,5.29831736654804,0.18,4,3,44,50,155,5.04342511691925,"C","Regular",1
"3117093",1204,7.09340462586877,0.54,10,13,53,50,1601,7.37838371299671,"D","Regular",1
"3117232",1391.71,7.23828848585663,0.25,5,19,31,54,213,5.36129216570943,"C","Regular",1
"3117351",77.37,4.34859910856136,1,8,4,47,50,295,5.68697535633982,"C","Diesel",1
"3118189",1053.88,6.96023387062727,0.00821917808219178,6,9,21,100,109,4.69134788222914,"C","Diesel",1
"3118413",661.39,6.49434368098979,1,6,4,24,106,942,6.84800527457636,"D","Diesel",1
"3118576",1204,7.09340462586877,0.65,7,7,43,62,178,5.18178355029209,"C","Diesel",1
"3118889",538.43,6.28865749743197,0.79,5,5,44,115,2715,7.90654723236804,"E","Diesel",1
"3119935",554.67,6.31837334231037,0.88,7,8,30,64,1408,7.24992553671799,"D","Diesel",2
"3120049",416.95,6.03296631053299,1,7,14,48,118,1408,7.24992553671799,"D","Diesel",1
"3120226",1204,7.09340462586877,0.69,5,6,52,55,2620,7.87092959675514,"E","Diesel",1
"3120322",625.33,6.43827951039345,1,8,2,69,50,91,4.51085950651685,"B","Diesel",1
"3120562",1204,7.09340462586877,0.89,6,3,57,62,214,5.36597601502185,"C","Diesel",1
"3120862",1204,7.09340462586877,1,5,11,35,90,741,6.60800062529609,"D","Diesel",1
"3123072",78.93,4.36856138372031,0.67,6,2,42,50,335,5.81413053182507,"C","Diesel",1
"3123542",787.59,6.66897764988396,1,7,3,61,50,3744,8.22790983759748,"E","Regular",1
"3124049",1204,7.09340462586877,0.58,5,5,49,50,166,5.11198778835654,"C","Diesel",1
"3124271",1511.5,7.32085781421951,1,6,3,30,50,79,4.36944785246702,"B","Regular",1
"3124506",350.03,5.85801886509591,1,6,16,33,51,55,4.00733318523247,"B","Diesel",1
"3125343",232,5.44673737166631,0.35,5,9,22,80,578,6.35957386867238,"D","Diesel",1
"3125373",1637.46,7.40090153973014,1,5,13,44,50,2928,7.9820748750812,"E","Regular",1
"3126142",602,6.40025744530882,1,7,7,33,60,40,3.68887945411394,"A","Diesel",1
"3126162",1732.33,7.45722260215145,0.32,4,2,24,100,2001,7.60140233458373,"E","Regular",1
"3126695",602,6.40025744530882,0.78,6,6,71,51,17140,9.74917019215177,"F","Regular",1
"3127545",76.11,4.3321796622793,0.16,6,9,27,68,116,4.75359019110636,"C","Diesel",1
"3127978",1204,7.09340462586877,1,7,11,36,58,45,3.80666248977032,"A","Regular",1
"3128202",3172.41,8.06224683039181,0.54,6,7,62,50,120,4.78749174278205,"C","Diesel",1
"3128729",937.79,6.84352604334421,0.3,4,16,45,55,25,3.2188758248682,"A","Diesel",1
"3129120",17169.88,9.75091196493291,0.56,4,4,47,50,2949,7.98922140881528,"E","Regular",1
"3129277",52.42,3.95928819789526,0.87,4,12,21,95,1451,7.28000825288419,"D","Diesel",1
"3129482",1204,7.09340462586877,1,6,9,20,118,1594,7.37400185935016,"D","Diesel",1
"3129578",854.36,6.7503526506306,0.86,8,9,19,112,118,4.77068462446567,"C","Regular",1
"3129643",3387,8.12769985281777,0.52,7,7,51,50,47,3.85014760171006,"A","Regular",1
"3130144",1204,7.09340462586877,0.71,5,17,30,76,288,5.66296048013595,"C","Regular",1
"3130244",522.4,6.25843357796222,0.68,10,9,44,50,2446,7.80220931624712,"E","Regular",1
"3130310",602,6.40025744530882,1,4,16,55,85,4762,8.46842302704681,"E","Diesel",1
"3130447",7057.8,8.86188866719445,1,5,2,46,52,4762,8.46842302704681,"E","Regular",1
"3130764",511.73,6.23779714219489,0.02,7,14,23,95,182,5.2040066870768,"C","Regular",1
"3131154",1204,7.09340462586877,0.4,5,7,47,76,1323,7.18765716411496,"D","Diesel",1
"3131208",5648.62,8.63916654651953,0.82,9,1,55,50,905,6.80793494369993,"D","Diesel",1
"3131225",13247.76,9.49158376051892,0.29,7,3,34,54,752,6.62273632394984,"D","Regular",1
"3132142",670,6.50727771238501,0.17,7,18,19,100,2415,7.78945456608667,"E","Regular",1
"3133065",1204,7.09340462586877,1,5,11,42,118,7571,8.93208043810331,"E","Diesel",1
"3133833",8310,9.02521488784949,0.38,7,8,23,100,2252,7.71957398925958,"E","Regular",3
"3134277",4089.55,8.31619021853384,1,10,7,37,90,1974,7.58781721999343,"D","Diesel",1
"3134668",76,4.33073334028633,1,5,1,52,50,85,4.44265125649032,"B","Diesel",1
"3135126",602,6.40025744530882,1,8,5,66,75,4172,8.33615081612066,"E","Diesel",1
"3135966",3703.06,8.21691478386093,0.67,5,5,23,90,308,5.73009978297357,"C","Diesel",2
"3135985",1204,7.09340462586877,0.12,5,4,33,50,44,3.78418963391826,"A","Diesel",1
"3136027",1204,7.09340462586877,0.49,6,7,47,50,137,4.91998092582813,"C","Diesel",1
"3136679",1204,7.09340462586877,0.19,5,11,48,50,298,5.6970934865054,"C","Diesel",1
"3136710",771.32,6.6481033328514,0.79,6,10,30,80,632,6.44888939414686,"D","Diesel",2
"3137145",1204,7.09340462586877,0.96,10,15,24,125,295,5.68697535633982,"C","Regular",1
"3137277",2756.38,7.92167350361578,1,6,2,82,50,9307,9.13852208418571,"E","Regular",1
"31380",1128.13,7.02831667364439,0.92,5,10,35,95,220,5.39362754635236,"C","Diesel",1
"3138551",2193.04,7.69304398810563,1,6,9,43,50,34,3.52636052461616,"A","Diesel",1
"3138557",1204,7.09340462586877,0.94,5,12,19,95,29,3.36729582998647,"A","Diesel",1
"3138806",1743.61,7.46371295560817,0.41,6,7,18,95,3021,8.01334318138667,"E","Regular",1
"3138864",1204,7.09340462586877,1,6,4,71,62,1386,7.23417717974985,"D","Diesel",1
"3138904",711.98,6.56804982112981,1,6,11,48,50,1466,7.2902928824466,"D","Regular",1
"3139018",1280,7.15461535691366,0.69,5,5,25,112,3095,8.0375431851187,"E","Diesel",2
"3139087",1000,6.90775527898214,0.42,7,3,42,50,3095,8.0375431851187,"E","Diesel",1
"3139242",602,6.40025744530882,0.96,7,8,33,100,29,3.36729582998647,"A","Diesel",1
"3139921",1204,7.09340462586877,0.21,4,12,47,50,26,3.25809653802148,"A","Regular",1
"3140025",255.53,5.54333981958069,0.18,5,8,25,100,206,5.32787616878958,"C","Diesel",1
"3140241",1222.72,7.10883316425854,1,4,5,37,56,3744,8.22790983759748,"E","Regular",1
"3140303",1215.5,7.10291079375618,1,4,2,51,50,149,5.00394630594546,"C","Diesel",1
"3140729",1204,7.09340462586877,1,9,13,56,50,634,6.45204895443723,"D","Regular",1
"3140808",14.83,2.69665215614984,0.73,8,11,48,50,59,4.07753744390572,"B","Regular",1
"3141091",1643.62,7.40465640534603,0.42,4,10,36,50,114,4.7361984483945,"C","Diesel",1
"3141388",1962.2,7.58182157172929,0.17,4,6,23,100,5449,8.6031873845831,"E","Regular",1
"3141417",450,6.10924758276437,0.7,7,3,30,85,1328,7.19142933003638,"D","Regular",1
"3141836",1204,7.09340462586877,0.75,6,14,68,50,3541,8.1721644521119,"E","Regular",1
"3142071",118.42,4.77423762710363,0.93,6,6,33,50,72,4.27666611901606,"B","Diesel",1
"3142098",1325.19,7.18931112436648,0.58,5,4,52,64,109,4.69134788222914,"C","Diesel",1
"3142104",1204,7.09340462586877,0.5,6,0,38,60,2694,7.89878235697031,"E","Diesel",1
"3142116",125.89,4.83540850977817,0.45,5,2,33,50,42,3.73766961828337,"A","Diesel",1
"3142544",330.19,5.79966824635148,0.29,6,7,30,100,190,5.24702407216049,"C","Diesel",1
"3142607",16.98,2.8320361808832,1,6,11,42,90,127,4.84418708645859,"C","Diesel",1
"3142629",33.3,3.5055573969864,1,6,13,23,95,223,5.40717177146012,"C","Diesel",1
"3142997",85.16,4.44453184002528,0.44,7,15,27,95,3301,8.10198073185319,"E","Regular",1
"3143072",75,4.31748811353631,0.18,9,1,52,50,25,3.2188758248682,"A","Regular",1
"3143793",2408,7.78655180642871,1,8,21,42,50,2575,7.85360481309784,"E","Diesel",2
"3144514",4130.9,8.32625057989002,1,6,3,53,50,3317,8.10681603894705,"E","Diesel",1
"3144626",1204,7.09340462586877,1,8,13,59,62,776,6.65415252018322,"D","Diesel",1
"3145064",898.11,6.80029255523244,0.44,6,12,25,100,1397,7.24208235925696,"D","Diesel",1
"3145122",441.01,6.08906755092672,0.09,7,18,32,52,704,6.55677835615804,"D","Regular",1
"3145203",1204,7.09340462586877,0.68,6,2,55,50,1027,6.93439720992856,"D","Diesel",1
"3145653",77.99,4.35658061334241,0.75,8,21,51,50,44,3.78418963391826,"A","Diesel",1
"3145920",1048.7,6.95530658084036,1,6,9,30,50,60,4.0943445622221,"B","Diesel",1
"3146143",1204,7.09340462586877,0.71,4,1,33,50,133,4.89034912822175,"C","Diesel",1
"3146218",602,6.40025744530882,0.33,5,4,46,50,15,2.70805020110221,"A","Diesel",1
"3146471",7886.35,8.97288869590261,0.7,6,1,62,50,342,5.8348107370626,"C","Diesel",1
"3146550",512.75,6.23978839695249,0.56,11,10,32,71,658,6.48920493132532,"D","Regular",1
"3146575",237.94,5.47201854104838,0.44,4,9,25,85,4762,8.46842302704681,"E","Regular",1
"3146584",1204,7.09340462586877,0.54,4,5,23,118,2733,7.91315518592807,"E","Regular",1
"3146802",1204,7.09340462586877,0.46,7,6,23,112,2563,7.84893372636407,"E","Regular",1
"3147485",101.33,4.61838251746023,0.64,10,11,21,125,101,4.61512051684126,"C","Regular",1
"3147736",990.53,6.89824015341341,0.42,5,16,50,50,283,5.64544689764324,"C","Diesel",1
"3148176",602,6.40025744530882,1,5,5,38,53,167,5.11799381241676,"C","Regular",1
"3148309",1204,7.09340462586877,0.87,6,9,26,95,1232,7.11639414409346,"D","Diesel",1
"3148538",84.8,4.44029554279786,0.44,9,5,45,50,3744,8.22790983759748,"E","Regular",1
"3148999",2240,7.71423114484909,0.12,10,15,36,60,53,3.97029191355212,"B","Diesel",1
"3149575",354.94,5.87194876110642,1,6,11,52,50,29,3.36729582998647,"A","Diesel",1
"3149619",66.52,4.19750265432473,1,7,2,69,55,3688,8.21283958467648,"E","Regular",1
"3149719",2642.92,7.87963964551206,0.24,5,3,41,54,3688,8.21283958467648,"E","Regular",1
"3149889",3572.13,8.18091733551107,0.19,7,8,21,95,30,3.40119738166216,"A","Regular",1
"3149924",1204,7.09340462586877,0.48,8,10,23,95,1110,7.01211529430638,"D","Regular",1
"3150122",1204,7.09340462586877,0.62,4,20,48,50,146,4.98360662170834,"C","Regular",1
"3150300",2603.86,7.86475023844229,0.77,11,14,32,95,32,3.46573590279973,"A","Regular",1
"3150843",1204,7.09340462586877,0.74,13,4,35,75,1313,7.1800698743028,"D","Regular",1
"3151184",1204,7.09340462586877,0.3,6,2,33,72,3663,8.20603776277881,"E","Diesel",1
"3151329",1558.94,7.35176138210806,0.98,6,4,27,68,1489,7.30586003268401,"D","Diesel",1
"3151421",1204,7.09340462586877,0.07,7,16,34,100,1408,7.24992553671799,"D","Diesel",1
"3151869",2204,7.6980291702728,0.35,4,14,35,90,326,5.78689738136671,"C","Regular",1
"3151887",702,6.55393340402581,1,9,1,21,95,817,6.70563909486,"D","Regular",1
"3151975",1858.26,7.52739584499816,0.88,7,12,24,68,61,4.11087386417331,"B","Regular",1
"3152064",602,6.40025744530882,1,8,1,60,62,125,4.8283137373023,"C","Diesel",1
"3152722",650,6.47697236288968,1,11,1,52,51,9307,9.13852208418571,"E","Diesel",1
"3153231",1204,7.09340462586877,0.83,6,13,47,50,1629,7.39572160860205,"D","Diesel",1
"3153294",191.45,5.2546266779233,0.36,5,6,22,85,4116,8.32263709695394,"E","Regular",1
"3153482",1204,7.09340462586877,0.43,7,16,20,100,1054,6.96034772910131,"D","Diesel",1
"3153655",13813.58,9.53340744524868,0.68,5,1,73,50,1054,6.96034772910131,"D","Diesel",1
"3153825",4998.67,8.51692715603196,0.59,4,10,40,50,214,5.36597601502185,"C","Regular",1
"3153902",1204,7.09340462586877,0.7,9,14,44,50,640,6.46146817635372,"D","Regular",1
"3154118",1204,7.09340462586877,0.57,9,2,36,54,3541,8.1721644521119,"E","Diesel",1
"3154730",93.16,4.53431844501614,0.72,5,11,19,90,165,5.10594547390058,"C","Diesel",1
"3155142",2250,7.71868549519847,0.8,6,8,54,86,722,6.58202513889283,"D","Diesel",1
"3155247",102.16,4.62654021172428,0.75,7,4,37,57,1165,7.0604763659998,"D","Regular",1
"3155249",602,6.40025744530882,1,6,8,27,101,27000,10.2035921449865,"F","Regular",1
"3155342",1204,7.09340462586877,0.8,5,11,49,58,175,5.16478597392351,"C","Diesel",1
"3155542",284.25,5.64985413263065,1,7,5,61,50,3317,8.10681603894705,"E","Regular",1
"3155569",2908,7.97522083865341,1,10,10,20,125,1326,7.18992217074581,"D","Diesel",2
"3155698",1204,7.09340462586877,0.83,5,8,43,85,130,4.86753445045558,"C","Regular",1
"3155915",14204,9.56127889406298,0.24,6,13,24,95,22,3.09104245335832,"A","Diesel",1
"3156051",336.42,5.81836037936364,0.75,6,1,33,54,140,4.9416424226093,"C","Regular",1
"3156108",2525.32,7.83412306635282,0.42,4,9,29,85,1482,7.30114780585603,"D","Regular",1
"3156145",1204,7.09340462586877,1,5,4,65,50,96,4.56434819146784,"B","Regular",1
"3156247",41.26,3.71989350764311,0.33,5,13,22,125,653,6.48157712927643,"D","Regular",1
"3156342",381.68,5.94458256120785,0.83,6,2,54,50,138,4.9272536851572,"C","Diesel",1
"3156945",575.4,6.35506545111745,0.75,6,10,52,68,69,4.23410650459726,"B","Diesel",1
"3157425",2408,7.78655180642871,0.18,6,12,38,100,19,2.94443897916644,"A","Diesel",2
"3157641",592.98,6.38516067161615,0.58,6,10,48,50,526,6.26530121273771,"D","Diesel",1
"3157858",5262.57,8.56837477956488,1,4,2,72,50,4348,8.3774712482411,"E","Regular",1
"3157920",556.26,6.32123581084695,0.76,9,2,57,85,247,5.50938833662798,"C","Regular",1
"3158748",3204,8.07215530818825,0.43,5,6,45,100,450,6.10924758276437,"C","Diesel",1
"3158976",435.24,6.07589760308281,0.6,9,11,41,50,1250,7.13089883029635,"D","Regular",1
"3159450",111.2,4.71133038181648,1,5,18,39,50,1002,6.90975328164481,"D","Diesel",1
"3159491",1204,7.09340462586877,0.49,5,0,89,62,1601,7.37838371299671,"D","Regular",1
"3159767",578.36,6.36019651215993,1,7,5,19,95,2715,7.90654723236804,"E","Regular",1
"3159808",81.11,4.39580625808225,0.94,4,2,54,50,1232,7.11639414409346,"D","Diesel",1
"3159989",633,6.45047042214418,0.23,6,14,29,95,229,5.43372200355424,"C","Regular",1
"3160449",1204,7.09340462586877,1,11,12,73,58,10477,9.25693765735297,"F","Regular",1
"3160461",602,6.40025744530882,0.55,7,14,51,62,6689,8.80821966511841,"E","Regular",1
"3160662",1168.05,7.0630909706911,0.12,9,3,36,52,4762,8.46842302704681,"E","Regular",1
"3160669",866.11,6.7640119212812,0.58,6,0,36,68,4762,8.46842302704681,"E","Diesel",1
"3160841",957.76,6.86459722466433,0.33,4,5,26,60,1313,7.1800698743028,"D","Regular",1
"3161347",1204,7.09340462586877,0.91,7,2,39,50,433,6.07073772800249,"C","Diesel",1
"3161642",1204,7.09340462586877,0.21,4,16,20,100,214,5.36597601502185,"C","Regular",1
"3161920",1633.83,7.39868223083981,0.26,6,11,22,90,1011,6.91869521902047,"D","Regular",1
"3162511",1204,7.09340462586877,1,4,14,49,50,3688,8.21283958467648,"E","Regular",1
"3162911",1204,7.09340462586877,0.96,5,15,44,50,109,4.69134788222914,"C","Regular",1
"3162980",377.5,5.93357056868908,0.41,7,1,67,50,59,4.07753744390572,"B","Regular",1
"3163676",2258.91,7.72263767503689,0.14,5,1,21,100,84,4.43081679884331,"B","Regular",1
"3163969",2531.97,7.83675293485264,0.28,6,9,38,53,2715,7.90654723236804,"E","Diesel",1
"3164196",2204,7.6980291702728,0.75,6,5,32,58,1604,7.38025578842646,"D","Diesel",1
"3164342",1204,7.09340462586877,0.57,5,16,52,50,209,5.34233425196481,"C","Regular",1
"3164396",1204,7.09340462586877,1,5,2,45,50,221,5.39816270151775,"C","Regular",1
"3164663",981.76,6.88934687929878,0.74,4,0,41,50,745,6.61338421837956,"D","Diesel",1
"3164955",602,6.40025744530882,1,4,2,46,50,91,4.51085950651685,"B","Regular",1
"3165176",111.59,4.71483144019761,0.27,9,0,48,60,23,3.13549421592915,"A","Diesel",1
"3165273",34.12,3.52988372262348,0.9,7,6,24,95,1753,7.46908388492123,"D","Regular",1
"3165304",1204,7.09340462586877,0.89,7,9,24,125,2407,7.78613643778307,"E","Diesel",1
"3165358",4204,8.34379173199684,0.3,6,11,23,95,66,4.18965474202643,"B","Diesel",1
"3165380",1204,7.09340462586877,0.56,6,5,20,100,697,6.54678541076052,"D","Regular",1
"3165389",476.95,6.16741166359122,0.67,6,1,30,90,3317,8.10681603894705,"E","Diesel",1
"3165394",3054,8.02420748577858,0.45,7,4,61,50,1753,7.46908388492123,"D","Diesel",1
"3165474",183.15,5.21030548922482,0.06,7,7,34,100,2715,7.90654723236804,"E","Regular",1
"3165505",1204,7.09340462586877,0.51,5,14,19,125,41,3.71357206670431,"A","Diesel",1
"3165595",1902,7.55066124310534,1,6,10,52,50,120,4.78749174278205,"C","Diesel",1
"3166006",80.37,4.38664097222463,0.9,7,4,59,50,568,6.34212141872115,"D","Diesel",1
"3166235",5559.3,8.62322748003807,1,4,7,22,147,23,3.13549421592915,"A","Diesel",1
"3166308",75.95,4.33007522904178,1,7,16,59,62,7,1.94591014905531,"A","Diesel",1
"3166748",1204,7.09340462586877,0.54,7,18,41,71,126,4.83628190695148,"C","Diesel",1
"3167028",1204,7.09340462586877,0.68,6,15,66,77,3744,8.22790983759748,"E","Diesel",1
"3167082",21000,9.95227771670556,0.67,5,0,46,62,215,5.37063802812766,"C","Regular",1
"3167194",10061.46,9.21646756234816,0.55,5,15,33,75,3744,8.22790983759748,"E","Diesel",1
"3167239",2704,7.90248743716286,0.01,4,3,55,50,40,3.68887945411394,"A","Regular",1
"3167499",1204,7.09340462586877,0.75,5,6,36,50,779,6.65801104587075,"D","Diesel",1
"3167623",21876.59,9.99317239429862,0.71,6,4,32,56,9307,9.13852208418571,"E","Diesel",1
"3167669",7156.19,8.87573299542202,0.96,6,6,30,50,3946,8.28045768658256,"E","Diesel",1
"3167674",1204,7.09340462586877,0.95,4,13,39,118,9307,9.13852208418571,"E","Regular",1
"3167695",602,6.40025744530882,0.9,6,13,47,76,8549,9.05356959602623,"E","Regular",1
"3168315",1204,7.09340462586877,0.29,8,0,83,50,451,6.11146733950268,"C","Diesel",1
"3168366",1204,7.09340462586877,0.48,5,11,39,50,213,5.36129216570943,"C","Diesel",1
"3168535",1412.89,7.25339253110499,1,13,6,43,50,27000,10.2035921449865,"F","Regular",1
"3168643",1204,7.09340462586877,0.96,12,1,50,50,214,5.36597601502185,"C","Diesel",1
"3168669",1204,7.09340462586877,1,7,1,35,50,29,3.36729582998647,"A","Diesel",1
"3168688",1204,7.09340462586877,0.93,6,1,44,50,99,4.59511985013459,"B","Diesel",1
"3169003",1204,7.09340462586877,0.62,7,12,23,90,983,6.89060912014717,"D","Regular",1
"3169069",2931.16,7.98315352809849,0.06,6,10,28,60,716,6.57368016696065,"D","Diesel",1
"3169406",1204,7.09340462586877,0.76,4,3,74,50,11,2.39789527279837,"A","Regular",1
"3169705",1345,7.20414929203594,1,5,7,34,90,1287,7.16006920759613,"D","Regular",1
"3169832",722.92,6.58329856596744,1,7,14,34,50,3214,8.07527154629746,"E","Regular",1
"3169906",431.4,6.06703573395506,1,5,7,30,76,1445,7.27586460054653,"D","Diesel",1
"3169929",1204,7.09340462586877,0.86,5,4,33,100,4348,8.3774712482411,"E","Regular",1
"3170065",456.08,6.12266823272333,0.45,6,4,29,76,300,5.7037824746562,"C","Diesel",1
"3170574",779.2,6.65826775232833,0.97,9,3,51,69,1313,7.1800698743028,"D","Regular",1
"3170601",1681.26,7.42729879128785,0.93,10,11,44,60,2715,7.90654723236804,"E","Diesel",1
"3170902",684.39,6.52852793057289,0.53,7,12,46,50,283,5.64544689764324,"C","Regular",1
"3171039",602,6.40025744530882,0.49,6,10,25,72,51,3.93182563272433,"B","Diesel",1
"3171157",237.17,5.4687771835768,0.72,9,2,53,50,289,5.66642668811243,"C","Diesel",1
"3171186",35.46,3.56840530064606,0.24,6,6,50,50,3430,8.14031554015999,"E","Regular",1
"3171200",148.49,5.00051761590797,0.32,7,10,22,100,3688,8.21283958467648,"E","Regular",1
"3171574",2408,7.78655180642871,0.2,8,5,26,156,856,6.75227037614174,"D","Diesel",2
"3171778",2408,7.78655180642871,0.71,6,11,25,95,421,6.04263283368238,"C","Regular",2
"3171791",1408.38,7.25019538666885,0.24,10,23,35,100,27000,10.2035921449865,"F","Diesel",1
"3171929",1204,7.09340462586877,0.9,8,6,46,62,987,6.89467003943348,"D","Regular",1
"3172004",3134.41,8.05019623758845,0.19,9,13,18,100,3430,8.14031554015999,"E","Regular",1
"3172153",1204,7.09340462586877,0.5,8,14,35,75,214,5.36597601502185,"C","Diesel",1
"3172388",1204,7.09340462586877,0.82,6,7,36,118,354,5.86929691313377,"C","Regular",1
"3172392",7492,8.92159106356398,0.81,8,0,56,50,57,4.04305126783455,"B","Diesel",1
"3172395",1440.18,7.2725233847582,0.72,9,9,35,95,4128,8.3255483071614,"E","Regular",1
"3172489",1032.22,6.93946710161682,0.64,6,19,54,50,376,5.9295891433899,"C","Diesel",1
"3172495",1204,7.09340462586877,0.55,8,3,35,50,100,4.60517018598809,"C","Diesel",1
"3172499",810.23,6.69731815797742,0.63,5,11,33,100,1054,6.96034772910131,"D","Regular",1
"3172585",13658.94,9.52214953128514,0.12,6,5,19,100,1054,6.96034772910131,"D","Regular",1
"3172695",29862.7,10.3043654889746,0.8,4,13,22,156,1313,7.1800698743028,"D","Regular",2
"3172846",182500,12.1145054520047,1,10,21,38,72,45,3.80666248977032,"A","Diesel",1
"3173816",2985.5,8.00152251598705,0.14,5,2,25,95,19,2.94443897916644,"A","Diesel",2
"3174093",1260.6,7.13934307707901,0.45,6,7,50,95,1109,7.01121398735037,"D","Diesel",2
"3174248",1204,7.09340462586877,0.25,4,11,50,50,102,4.62497281328427,"C","Regular",1
"3174453",347.39,5.85044806813076,0.19,14,11,18,95,2960,7.99294454731811,"E","Regular",1
"3174654",307.14,5.72730366969755,0.25,5,2,27,76,4348,8.3774712482411,"E","Diesel",1
"3174950",3715.92,8.22038157117669,0.36,7,2,30,54,131,4.87519732320115,"C","Regular",1
"3175227",659.49,6.49146680904014,0.27,10,0,55,53,478,6.16961073249146,"C","Diesel",1
"3175232",2191.87,7.69251033973986,0.25,9,16,26,100,3430,8.14031554015999,"E","Regular",1
"3175422",602,6.40025744530882,0.28,8,17,22,100,2399,7.7828072628397,"E","Regular",1
"3177106",6204,8.73294952429643,0.35,7,1,61,50,81,4.39444915467244,"B","Diesel",1
"3177208",1825.18,7.50943389128995,0.35,7,7,40,50,295,5.68697535633982,"C","Regular",1
"3178001",362.56,5.89318997783964,1,6,7,55,50,2575,7.85360481309784,"E","Diesel",1
"3178245",1516.03,7.32385035492472,1,7,9,70,50,13,2.56494935746154,"A","Regular",1
"3178622",1204,7.09340462586877,1,5,5,70,50,125,4.8283137373023,"C","Regular",1
"3178913",1204,7.09340462586877,0.92,5,5,54,50,48,3.87120101090789,"A","Diesel",1
"3179711",1204,7.09340462586877,0.64,7,11,42,50,160,5.07517381523383,"C","Diesel",1
"3180661",166.73,5.11637573757237,1,4,9,50,80,174,5.15905529921453,"C","Regular",1
"3180735",1156.45,7.05311024684151,1,6,11,50,56,1851,7.5234813125735,"D","Diesel",1
"3181037",1204,7.09340462586877,1,7,8,41,62,283,5.64544689764324,"C","Regular",1
"3181890",1204,7.09340462586877,1,6,11,59,50,298,5.6970934865054,"C","Regular",1
"3182511",57.51,4.05195884572566,0.3,7,13,38,50,1457,7.2841348061952,"D","Regular",1
"3182801",1204,7.09340462586877,1,6,10,37,50,11,2.39789527279837,"A","Diesel",1
"3183327",14000,9.5468126085974,0.66,6,5,54,50,575,6.35437004079735,"D","Regular",1
"3183670",711.21,6.56696774484325,1,7,18,48,50,155,5.04342511691925,"C","Diesel",1
"3184735",1204,7.09340462586877,1,6,9,36,118,163,5.09375020080676,"C","Diesel",1
"3185104",1204,7.09340462586877,0.64,7,13,65,90,9307,9.13852208418571,"E","Regular",1
"3185372",362.49,5.89299688770733,1,4,7,51,51,4116,8.32263709695394,"E","Regular",1
"3185427",824.91,6.71527428947474,1,4,8,34,50,229,5.43372200355424,"C","Regular",1
"3185483",544.93,6.3006573460471,0.42,8,9,43,50,634,6.45204895443723,"D","Diesel",1
"3185595",1307.37,7.17577276460971,1,7,3,54,50,983,6.89060912014717,"D","Diesel",1
"3185901",118.2,4.772378104972,0.53,6,11,45,51,1541,7.34018683532012,"D","Diesel",1
"3185937",602,6.40025744530882,1,8,11,59,102,30,3.40119738166216,"A","Diesel",1
"3186330",1347.04,7.20566487158935,0.9,8,16,51,62,473,6.15909538849193,"C","Regular",1
"3186827",239.67,5.47926297716206,0.91,6,4,57,50,77,4.34380542185368,"B","Diesel",1
"3186904",848.03,6.74291601252463,0.75,9,14,52,50,135,4.90527477843843,"C","Regular",1
"3187092",743.73,6.61167806574197,1,7,4,61,50,1579,7.36454701425564,"D","Regular",1
"3187176",2356.13,7.76477572151746,0.83,7,13,58,76,41,3.71357206670431,"A","Regular",1
"3187496",2205.71,7.69880473151639,1,5,5,40,50,149,5.00394630594546,"C","Regular",1
"31878",1128.12,7.02830780937846,0.86,7,3,50,74,346,5.84643877505772,"C","Diesel",1
"3188016",1204,7.09340462586877,1,5,4,62,62,481,6.17586727010576,"C","Diesel",1
"3188174",433.65,6.07223775713046,1,7,8,40,50,25,3.2188758248682,"A","Diesel",1
"3189642",1204,7.09340462586877,0.99,9,11,44,80,8884,9.09200718501432,"E","Diesel",1
"3190345",2602,7.86403565907245,0.32,6,2,37,57,4404,8.39026849784257,"E","Regular",1
"3190840",1204,7.09340462586877,1,6,12,57,59,19,2.94443897916644,"A","Diesel",1
"3191164",1204,7.09340462586877,1,4,14,89,50,43,3.76120011569356,"A","Diesel",1
"3191550",1204,7.09340462586877,1,7,7,77,62,11,2.39789527279837,"A","Regular",1
"3191560",1204,7.09340462586877,0.07,9,12,63,60,65,4.17438726989564,"B","Regular",1
"3193203",1204,7.09340462586877,1,5,2,57,58,153,5.03043792139244,"C","Diesel",1
"3193226",1122.92,7.0236877144449,1,7,4,44,50,30,3.40119738166216,"A","Diesel",1
"3195012",2054.63,7.62785106205783,1,5,7,83,50,78,4.35670882668959,"B","Regular",1
"3195224",1204,7.09340462586877,1,8,10,60,50,125,4.8283137373023,"C","Diesel",1
"3195431",806.4,6.6925798973171,0.97,8,9,51,50,323,5.77765232322266,"C","Diesel",1
"3195631",9785.67,9.18867434963732,0.47,9,10,56,50,3021,8.01334318138667,"E","Regular",1
"3195721",1019.38,6.92694987832953,0.23,6,9,62,51,119,4.77912349311153,"C","Regular",1
"3195863",1204,7.09340462586877,0.71,4,7,47,75,467,6.1463292576689,"C","Regular",1
"3195884",1204,7.09340462586877,0.48,4,7,45,125,91,4.51085950651685,"B","Regular",1
"3196073",288.3,5.66400160464436,0.87,12,10,50,50,122,4.80402104473326,"C","Diesel",1
"3196736",186584.15,12.1366376227373,0.53,4,13,33,72,42,3.73766961828337,"A","Regular",1
"3198289",2408,7.78655180642871,1,9,5,47,50,27000,10.2035921449865,"F","Regular",2
"3199028",886.71,6.78751798409388,1,10,16,51,72,405,6.00388706710654,"C","Diesel",1
"3199270",1204,7.09340462586877,1,4,14,56,50,178,5.18178355029209,"C","Diesel",1
"3200905",1204,7.09340462586877,1,4,7,82,50,105,4.65396035015752,"C","Regular",1
"3201095",698.67,6.54917852775381,0.75,8,2,58,50,56,4.02535169073515,"B","Diesel",1
"3201791",4204,8.34379173199684,1,5,4,32,63,190,5.24702407216049,"C","Diesel",1
"3202078",2000,7.60090245954208,0.46,6,13,64,54,7634,8.94036723330517,"E","Diesel",1
"3203536",688.82,6.53497998869663,1,7,8,32,53,1313,7.1800698743028,"D","Regular",1
"3203551",1204,7.09340462586877,1,6,10,38,67,1250,7.13089883029635,"D","Regular",1
"3203722",357.84,5.88008595912459,1,6,12,67,50,745,6.61338421837956,"D","Diesel",1
"3204389",15082.05,9.62126057396728,1,7,9,33,85,70,4.24849524204936,"B","Regular",1
"3204395",4656.42,8.44600219152851,0.7,4,13,48,50,94,4.54329478227,"B","Regular",1
"3204503",825.66,6.71618306650524,1,6,11,31,80,72,4.27666611901606,"B","Diesel",1
"3205969",1204,7.09340462586877,1,6,10,47,62,283,5.64544689764324,"C","Diesel",1
"3206011",1204,7.09340462586877,1,5,8,59,67,461,6.13339804299665,"C","Diesel",1
"3206987",602,6.40025744530882,0.98,7,8,33,50,41,3.71357206670431,"A","Regular",1
"3207079",5109.34,8.53882551634335,1,11,1,56,50,108,4.68213122712422,"C","Diesel",2
"3207217",1204,7.09340462586877,1,7,12,48,50,8455,9.04251326133268,"E","Regular",1
"3207285",9.9,2.29253475714054,1,5,9,40,64,9,2.19722457733622,"A","Diesel",1
"3207293",2701.96,7.90173271456157,0.21,6,12,70,50,461,6.13339804299665,"C","Diesel",1
"3207426",104.26,4.64688777933996,1,4,6,41,60,359,5.88332238848828,"C","Regular",1
"3207588",421.95,6.04488682360398,1,6,8,70,50,4128,8.3255483071614,"E","Regular",1
"3207847",1720.18,7.45018421549474,0.36,6,11,54,50,405,6.00388706710654,"C","Diesel",1
"3208000",1204,7.09340462586877,1,6,11,38,58,1719,7.44949800538285,"D","Diesel",1
"3208676",1122.89,7.02366099802633,1,4,4,50,74,302,5.71042701737487,"C","Regular",1
"3208865",1204,7.09340462586877,1,5,4,50,65,28,3.3322045101752,"A","Diesel",1
"3208878",1925.2,7.56278513742895,1,5,4,48,55,831,6.72262979485545,"D","Regular",1
"3209050",1204,7.09340462586877,0.58,7,14,48,50,2252,7.71957398925958,"E","Regular",1
"3209111",604.11,6.40375630055842,1,4,11,41,50,4087,8.31556648356428,"E","Regular",1
"3209212",1204,7.09340462586877,0.32,6,14,33,88,347,5.84932477994686,"C","Diesel",1
"3209654",55.96,4.02463714979728,0.77,8,2,48,50,983,6.89060912014717,"D","Diesel",1
"3210128",47.83,3.86765305769221,1,12,22,41,68,1326,7.18992217074581,"D","Diesel",1
"3210490",121.68,4.80139464795104,1,4,6,50,50,93,4.53259949315326,"B","Regular",1
"3212228",1528.1,7.33178041261121,0.69,6,1,57,62,2472,7.81278281857758,"E","Regular",1
"3212346",6591.34,8.79351194521761,0.4,11,0,55,50,4998,8.5167931113949,"E","Diesel",1
"3212370",1204,7.09340462586877,0.25,6,1,25,85,533,6.27852142416584,"D","Diesel",1
"3212767",1204,7.09340462586877,0.66,11,1,67,68,634,6.45204895443723,"D","Diesel",1
"3212967",853.08,6.74885332972939,1,4,1,25,95,634,6.45204895443723,"D","Diesel",1
"3213057",1426.68,7.26310534565845,0.98,4,15,59,62,2252,7.71957398925958,"E","Diesel",1
"3213068",1204,7.09340462586877,0.89,6,2,52,57,9307,9.13852208418571,"E","Diesel",1
"3213099",204.51,5.3206168740428,0.94,4,0,58,50,741,6.60800062529609,"D","Diesel",1
"3213220",97.38,4.57862085075455,0.88,12,4,43,50,5449,8.6031873845831,"E","Diesel",1
"3213277",834.38,6.72668893408002,0.67,8,0,40,60,15,2.70805020110221,"A","Diesel",1
"3213398",1204,7.09340462586877,0.92,9,2,44,50,29,3.36729582998647,"A","Regular",1
"3213399",823.45,6.71350283132022,0.64,10,7,46,72,155,5.04342511691925,"C","Regular",1
"3232649",1792.63,7.49143909425126,0.24,6,5,56,50,3708,8.21824792668574,"E","Regular",1
"3233299",573.53,6.35181024557618,0.24,7,2,70,50,4301,8.36660283278374,"E","Regular",1
"3233595",679.65,6.52157795978126,0.24,8,2,53,68,269,5.59471137960184,"C","Diesel",1
"3234075",10000,9.21034037197618,0.24,5,10,39,60,3317,8.10681603894705,"E","Regular",1
"3236573",1452.14,7.28079360946954,0.08,4,13,31,60,269,5.59471137960184,"C","Regular",1
"3237317",2979.01,7.9993463095388,0.08,7,2,49,50,4059,8.3086919168389,"E","Diesel",1
"3238246",1428.55,7.26441522280837,0.08,4,2,29,72,10477,9.25693765735297,"F","Diesel",1
"3238971",1834.9,7.51474526309091,0.08,5,18,52,50,3317,8.10681603894705,"E","Diesel",1
"3239515",706.89,6.56087506680439,0.24,5,11,56,50,27,3.29583686600433,"A","Diesel",1
"3239695",737.64,6.60345590070692,0.24,4,16,29,68,3744,8.22790983759748,"E","Regular",1
"32404",1280.57,7.15506057029148,0.67,5,1,23,80,24,3.17805383034795,"A","Diesel",1
"3240770",1879.35,7.53868125135967,0.16,7,13,39,95,4348,8.3774712482411,"E","Regular",1
"3240849",1217.53,7.10457949531025,0.16,4,11,42,72,2906,7.97453284413023,"E","Regular",1
"3241039",1295.01,7.16627369611155,0.16,5,7,43,50,371,5.91620206260743,"C","Regular",1
"3241807",333.25,5.80889295905882,0.24,4,4,43,50,59,4.07753744390572,"B","Diesel",1
"3241879",5000,8.51719319141624,0.21,10,12,33,57,1622,7.39141523467536,"D","Diesel",1
"3242211",1276.93,7.15221403855515,0.07,6,1,40,50,4059,8.3086919168389,"E","Diesel",1
"3242876",5372.67,8.58908027064052,0.07,5,6,49,50,4348,8.3774712482411,"E","Diesel",1
"3243496",628.32,6.4430495908297,0.07,6,9,58,50,269,5.59471137960184,"C","Diesel",1
"3243807",7715.19,8.95094639184333,0.07,7,2,51,50,3744,8.22790983759748,"E","Regular",1
"3244934",1897.63,7.54836101812195,0.07,6,3,32,50,9307,9.13852208418571,"E","Diesel",1
"3245348",468.52,6.14957879020167,0.07,6,3,23,80,171,5.14166355650266,"C","Diesel",1
"3245822",1593.31,7.3735688923587,0.07,7,7,32,85,1232,7.11639414409346,"D","Regular",1
"32472",90.27,4.50280517931006,0.47,6,7,34,81,153,5.03043792139244,"C","Diesel",1
"3248382",82.86,4.41715243664926,0.1,4,0,48,50,632,6.44888939414686,"D","Diesel",1
"3248407",1500,7.3132203870903,0.15,10,12,56,50,1468,7.29165620917446,"D","Diesel",1
"3248450",792.82,6.67559620974097,0.1,10,6,30,68,824,6.71417052990947,"D","Diesel",1
"3248798",448.39,6.10566338943282,0.08,6,5,30,72,8455,9.04251326133268,"E","Diesel",1
"3250864",363.55,5.89591683909607,0.08,5,4,38,50,224,5.41164605185504,"C","Diesel",1
"3251401",874.81,6.77400671992155,0.08,4,2,34,68,3442,8.14380797677148,"E","Diesel",2
"3253078",1824.44,7.50902836961364,0.16,10,1,46,50,3946,8.28045768658256,"E","Diesel",1
"3253481",10000,9.21034037197618,0.07,6,11,32,106,1326,7.18992217074581,"D","Regular",1
"3253795",4000,8.29404964010203,0.06,4,1,39,72,269,5.59471137960184,"C","Regular",1
"32603",630.46,6.44644971167954,1,7,2,81,58,104,4.64439089914137,"C","Regular",1
"32867",1163.61,7.05928252060268,0.84,6,2,29,95,15703,9.66160705588495,"F","Diesel",1
"33124",335.33,5.81511512158432,0.54,4,0,20,95,105,4.65396035015752,"C","Diesel",1
"33321",256.67,5.54779121310828,0.79,4,6,47,90,1974,7.58781721999343,"D","Regular",1
"33385",1128.12,7.02830780937846,0.75,5,20,51,95,230,5.4380793089232,"C","Regular",1
"33488",399.66,5.99061418565314,0.65,7,6,34,57,29,3.36729582998647,"A","Regular",1
"33523",1128.12,7.02830780937846,0.94,6,8,22,106,88,4.47733681447821,"B","Diesel",1
"33589",286.51,5.65777343955962,0.31,5,2,27,85,298,5.6970934865054,"C","Regular",1
"33834",1206.53,7.09550375006884,0.16,6,6,51,50,657,6.48768401848461,"D","Regular",1
"34039",1128.12,7.02830780937846,0.16,9,14,34,85,657,6.48768401848461,"D","Regular",1
"3407",1096.52,6.99989680754568,0.93,9,0,68,50,17140,9.74917019215177,"F","Regular",1
"34192",1128.12,7.02830780937846,0.36,7,12,52,90,57,4.04305126783455,"B","Regular",1
"3468",791.78,6.67428357544926,0.81,10,0,53,50,112,4.71849887129509,"C","Diesel",2
"34932",1430.17,7.26554859730703,0.37,6,7,41,72,208,5.33753807970132,"C","Diesel",1
"35072",1128.12,7.02830780937846,1,5,4,55,52,382,5.94542060860658,"C","Diesel",1
"35381",1128.12,7.02830780937846,1,8,9,52,58,206,5.32787616878958,"C","Regular",1
"36057",1706.06,7.44194189742145,0.41,10,1,40,58,421,6.04263283368238,"C","Diesel",1
"36475",64.34,4.16418152181088,0.29,7,12,46,54,1600,7.37775890822787,"D","Regular",1
"36587",1128.12,7.02830780937846,0.2,6,14,43,64,4116,8.32263709695394,"E","Diesel",1
"36988",1128.12,7.02830780937846,1,7,7,69,58,168,5.12396397940326,"C","Diesel",1
"37043",1128.12,7.02830780937846,1,5,5,45,50,44,3.78418963391826,"A","Diesel",1
"37509",12142.1,9.40443403153194,0.51,5,0,62,112,478,6.16961073249146,"C","Diesel",1
"37815",87.81,4.4751753893719,0.41,12,11,53,50,163,5.09375020080676,"C","Regular",1
"38367",1461.34,7.28710910199313,0.09,9,9,23,85,16,2.77258872223978,"A","Regular",1
"38634",1128.12,7.02830780937846,0.74,8,15,28,118,74,4.30406509320417,"B","Diesel",1
"38838",766.05,6.64124744176176,0.78,7,7,53,50,1323,7.18765716411496,"D","Diesel",1
"38861",507.35,6.22920110072509,0.44,6,11,53,50,60,4.0943445622221,"B","Diesel",1
"38874",478.99,6.17167972036627,0.6,5,4,30,57,905,6.80793494369993,"D","Diesel",1
"38875",1128.12,7.02830780937846,0.39,8,0,30,57,905,6.80793494369993,"D","Diesel",1
"3895",6239.07,8.7385864117946,0.39,7,8,29,60,325,5.78382518232974,"C","Regular",1
"39034",87.33,4.46969404642564,0.05,7,14,52,100,1064,6.96979066990159,"D","Regular",1
"39159",1128.12,7.02830780937846,0.59,6,3,39,91,32,3.46573590279973,"A","Diesel",1
"39319",1128.12,7.02830780937846,1,4,9,52,50,45,3.80666248977032,"A","Diesel",1
"3940",1551.38,7.34690013639188,0.48,10,0,48,50,9307,9.13852208418571,"E","Diesel",1
"39784",5086.8,8.53440422814659,0.52,7,6,49,50,4939,8.50491816054062,"E","Regular",1
"4000054",1204,7.09340462586877,0.96,7,5,40,50,824,6.71417052990947,"D","Diesel",1
"4001036",1204,7.09340462586877,0.63,9,5,66,50,27000,10.2035921449865,"F","Regular",1
"4001471",1204,7.09340462586877,0.2,4,1,38,50,3744,8.22790983759748,"E","Diesel",1
"4003887",77.86,4.35491234218231,0.45,6,10,33,85,3238,8.08271113423758,"E","Regular",1
"4004509",3555.36,8.17621160293309,0.37,4,4,56,50,225,5.41610040220442,"C","Regular",2
"4004932",1760.14,7.47314863032317,0.53,12,1,56,50,8,2.07944154167984,"A","Diesel",2
"4005758",2471.48,7.8125724404626,0.33,7,9,30,57,75,4.31748811353631,"B","Diesel",1
"4006078",1618.57,7.38929832235382,0.37,7,4,32,68,301,5.70711026474888,"C","Diesel",1
"4007322",99.72,4.60236625865536,0.78,6,8,40,58,182,5.2040066870768,"C","Diesel",1
"4007531",1204,7.09340462586877,0.21,4,4,52,55,132,4.88280192258637,"C","Regular",1
"4009948",1204,7.09340462586877,0.03,5,6,26,80,904,6.80682936039218,"D","Diesel",1
"4013072",602,6.40025744530882,0.71,5,3,56,50,824,6.71417052990947,"D","Regular",1
"4014458",4868.88,8.49061921016118,0.01,4,3,60,68,391,5.96870755998537,"C","Regular",1
"4015985",1204,7.09340462586877,0.53,10,5,56,50,60,4.0943445622221,"B","Diesel",1
"4016845",1204,7.09340462586877,0.36,5,5,41,63,3301,8.10198073185319,"E","Diesel",1
"4017287",556.14,6.3210200611158,0.7,6,3,48,50,3386,8.12740456269308,"E","Regular",1
"4020151",84.02,4.43105486574124,0.95,8,1,63,50,61,4.11087386417331,"B","Regular",1
"4020247",1204,7.09340462586877,0.96,10,2,28,74,4762,8.46842302704681,"E","Regular",1
"4020398",1204,7.09340462586877,0.96,8,2,76,50,171,5.14166355650266,"C","Diesel",1
"4021192",1204,7.09340462586877,0.87,11,2,43,95,271,5.6021188208797,"C","Diesel",1
"4021946",1204,7.09340462586877,0.79,8,2,42,50,313,5.74620319054015,"C","Diesel",1
"4022086",602,6.40025744530882,0.79,11,2,43,50,1063,6.96885037834195,"D","Diesel",1
"4022281",1204,7.09340462586877,0.79,9,2,39,85,4358,8.37976851550457,"E","Regular",1
"4023379",1204,7.09340462586877,0.7,8,1,47,50,2769,7.92624152317096,"E","Diesel",1
"4024277",1851.11,7.52354073814434,0.71,4,2,32,106,570,6.3456363608286,"D","Regular",1
"4024624",1204,7.09340462586877,0.28,5,3,61,50,37,3.61091791264422,"A","Diesel",1
"4024700",9802.51,9.19039375431389,0.71,6,7,44,50,88,4.47733681447821,"B","Diesel",2
"4025474",602,6.40025744530882,0.63,6,2,44,50,27000,10.2035921449865,"F","Regular",1
"4027482",602,6.40025744530882,0.54,4,2,56,50,8455,9.04251326133268,"E","Diesel",1
"4027509",5287.86,8.57316890614323,0.27,5,2,37,50,118,4.77068462446567,"C","Regular",1
"4028709",1573.56,7.36109584733133,0.36,8,1,73,50,208,5.33753807970132,"C","Diesel",1
"4029219",660,6.49223983502047,0.38,4,4,28,90,3568,8.1797604936999,"E","Regular",1
"4029815",1204,7.09340462586877,0.4,8,1,58,50,72,4.27666611901606,"B","Diesel",1
"4030042",1204,7.09340462586877,0.57,8,1,62,50,3301,8.10198073185319,"E","Diesel",1
"4032095",1343.35,7.20292177314354,0.5,10,6,44,50,824,6.71417052990947,"D","Regular",2
"4033625",602,6.40025744530882,0.45,7,1,28,72,16533,9.71311366255135,"F","Regular",1
"40339",642.29,6.46503991509382,1,6,3,42,50,1217,7.10414409298753,"D","Diesel",1
"4034182",602,6.40025744530882,0.56,7,2,70,50,4172,8.33615081612066,"E","Regular",1
"4034999",1153.88,7.05088545552593,0.59,10,2,58,50,883,6.78332520060396,"D","Regular",1
"4035105",554.02,6.31720078717869,0.36,8,3,57,50,403,5.99893656194668,"C","Diesel",1
"4035465",1204,7.09340462586877,0.61,7,1,69,65,673,6.51174532964473,"D","Diesel",1
"4036118",6403.42,8.76458750162029,0.65,4,2,23,95,5376,8.58969988220299,"E","Regular",1
"4036399",1204,7.09340462586877,0.66,5,1,41,50,16533,9.71311366255135,"F","Diesel",1
"4038027",1204,7.09340462586877,0.74,10,3,41,64,27000,10.2035921449865,"F","Regular",1
"4039201",1204,7.09340462586877,0.19,8,5,26,80,9215,9.12858787010392,"E","Regular",1
"4039808",1204,7.09340462586877,0.39,11,5,63,50,67,4.20469261939097,"B","Diesel",1
"4040328",1204,7.09340462586877,0.03,4,15,51,50,14368,9.57275879054198,"F","Regular",1
"4040499",774.16,6.65177857057269,0.15,8,5,65,50,127,4.84418708645859,"C","Diesel",1
"4041260",1204,7.09340462586877,0.87,7,1,23,90,670,6.50727771238501,"D","Diesel",1
"4041419",7000,8.85366542803745,0.88,7,1,41,50,26,3.25809653802148,"A","Diesel",1
"4041563",556.14,6.3210200611158,0.56,7,1,24,100,411,6.01859321449623,"C","Regular",1
"4041962",1204,7.09340462586877,0.9,8,1,65,50,219,5.3890717298165,"C","Diesel",1
"4042950",464.82,6.14165023387187,0.07,8,1,37,72,1232,7.11639414409346,"D","Diesel",1
"4042999",1204,7.09340462586877,0.05,11,1,60,50,1403,7.24636808010246,"D","Diesel",1
"4045312",1343.2,7.20281010576333,0.91,5,5,30,80,388,5.96100533962327,"C","Regular",1
"4045537",556.14,6.3210200611158,0.39,9,3,45,85,3385,8.12710918534638,"E","Diesel",1
"4046543",607.64,6.40958260133946,0.23,4,10,23,100,159,5.06890420222023,"C","Regular",1
"4047043",1204,7.09340462586877,0.75,15,10,57,50,127,4.84418708645859,"C","Regular",1
"4047399",556.14,6.3210200611158,0.55,9,2,53,50,67,4.20469261939097,"B","Regular",1
"4047489",1204,7.09340462586877,0.88,4,9,32,64,547,6.30444880242198,"D","Diesel",1
"4047719",1204,7.09340462586877,0.83,8,0,47,50,27000,10.2035921449865,"F","Regular",1
"4049000",2408,7.78655180642871,0.75,4,0,26,72,1063,6.96885037834195,"D","Regular",2
"4049776",1204,7.09340462586877,0.7,4,1,25,76,3317,8.10681603894705,"E","Regular",1
"4050770",1204,7.09340462586877,0.68,7,0,22,106,1937,7.568895663407,"D","Regular",1
"4050810",602,6.40025744530882,0.66,7,1,74,50,17140,9.74917019215177,"F","Regular",1
"4051567",2051,7.62608275807238,0.74,6,2,35,68,394,5.97635090929793,"C","Diesel",1
"4053251",2077.82,7.63907454615561,0.67,10,0,60,50,458,6.12686918411419,"C","Regular",1
"4054795",1204,7.09340462586877,0.62,7,7,66,50,32,3.46573590279973,"A","Regular",1
"4054976",556.14,6.3210200611158,0.6,7,1,69,50,27000,10.2035921449865,"F","Diesel",1
"4055082",2408,7.78655180642871,0.49,11,0,49,50,709,6.56385552653213,"D","Diesel",2
"4055969",1204,7.09340462586877,0.47,10,15,38,76,6570,8.79026911147866,"E","Regular",1
"4056804",1204,7.09340462586877,0.51,8,0,47,50,2887,7.96797317966293,"E","Regular",1
"4056842",602,6.40025744530882,0.48,4,0,22,85,136,4.91265488573605,"C","Regular",1
"4059223",5234.12,8.56295400984294,0.01,4,3,50,50,94,4.54329478227,"B","Regular",1
"4060447",1204,7.09340462586877,0.31,4,0,48,50,197,5.28320372873799,"C","Regular",1
"4061095",300,5.7037824746562,0.31,8,0,23,112,4220,8.34759040703006,"E","Diesel",1
"4064284",556.14,6.3210200611158,0.21,4,0,33,54,27000,10.2035921449865,"F","Diesel",1
"4065341",1204,7.09340462586877,0.07,7,0,60,50,330,5.79909265446053,"C","Regular",1
"40681",132.28,4.88492088811359,0.48,9,9,21,85,298,5.6970934865054,"C","Regular",1
"4070032",172.24,5.14888885305611,0.46,6,8,26,64,490,6.19440539110467,"C","Diesel",1
"4070837",1940.07,7.57047933388064,0.25,6,8,68,50,645,6.46925031679577,"D","Regular",2
"4071397",1874,7.53583046279837,0.36,4,2,50,76,609,6.4118182677099,"D","Diesel",1
"4073123",2408,7.78655180642871,0.7,4,2,46,50,726,6.5875500148248,"D","Diesel",2
"4073213",155077.15,11.9516780140044,0.28,7,3,54,52,1326,7.18992217074581,"D","Diesel",2
"4075865",1419.29,7.25791202555362,0.71,6,2,53,50,3173,8.0624327915832,"E","Diesel",1
"4075978",252.45,5.53121320930492,0.62,7,2,58,50,2472,7.81278281857758,"E","Regular",1
"4077133",160,5.07517381523383,0.95,5,5,51,50,171,5.14166355650266,"C","Diesel",1
"4077683",1371.4,7.22358739485026,0.71,13,15,45,50,32,3.46573590279973,"A","Regular",1
"4078241",1204,7.09340462586877,0.22,12,3,72,50,43,3.76120011569356,"A","Diesel",1
"4078610",1292.94,7.16467397398288,0.96,6,9,33,68,160,5.07517381523383,"C","Diesel",2
"4078697",1204,7.09340462586877,0.96,10,2,43,50,1807,7.49942329059223,"D","Regular",1
"4079967",1928.77,7.56463777303385,0.96,8,2,59,50,47,3.85014760171006,"A","Diesel",2
"4080573",1204,7.09340462586877,0.87,8,1,55,50,3301,8.10198073185319,"E","Diesel",1
"4081160",1204,7.09340462586877,0.87,4,1,26,80,31,3.43398720448515,"A","Regular",1
"4081294",1204,7.09340462586877,0.87,8,7,30,90,1929,7.56475701290573,"D","Regular",1
"4081492",1204,7.09340462586877,0.12,4,1,32,72,2446,7.80220931624712,"E","Diesel",1
"4082304",1979.22,7.59045810668013,0.79,7,1,52,50,2498,7.82324569068552,"E","Regular",2
"4085369",212,5.35658627467201,0.71,12,1,47,51,21,3.04452243772342,"A","Diesel",1
"4085754",1204,7.09340462586877,0.28,4,2,23,118,1658,7.41336733569524,"D","Diesel",1
"4086137",1204,7.09340462586877,0.2,8,1,52,85,5410,8.59600437184053,"E","Diesel",1
"4086347",602,6.40025744530882,0.28,5,4,46,68,4762,8.46842302704681,"E","Regular",1
"4086503",1204,7.09340462586877,0.63,12,6,27,85,92,4.52178857704904,"B","Diesel",1
"40869",1128.12,7.02830780937846,0.5,5,8,27,100,891,6.79234442747081,"D","Diesel",1
"40884",647.33,6.47285621083932,0.75,6,4,30,60,68,4.21950770517611,"B","Diesel",1
"41056",2652.61,7.8832993399393,0.21,4,15,43,57,363,5.89440283426485,"C","Regular",1
"4114376",602,6.40025744530882,1,6,11,62,50,136,4.91265488573605,"C","Diesel",1
"4114391",1204,7.09340462586877,1,4,15,76,50,11,2.39789527279837,"A","Regular",1
"4114480",1204,7.09340462586877,0.69,5,10,51,50,27,3.29583686600433,"A","Regular",1
"4114481",1204,7.09340462586877,1,4,10,77,50,43,3.76120011569356,"A","Regular",1
"4115049",1628.8,7.3955988263562,1,7,8,48,50,39,3.66356164612965,"A","Regular",1
"4115107",824.29,6.71452240974007,1,4,16,73,50,32,3.46573590279973,"A","Regular",1
"4115264",1017.71,6.92531028422802,1,6,5,58,50,155,5.04342511691925,"C","Diesel",1
"4115365",1204,7.09340462586877,1,6,6,78,50,48,3.87120101090789,"A","Diesel",1
"4115396",167.65,5.12187847291224,0.39,7,9,76,50,81,4.39444915467244,"B","Regular",1
"4115549",1300,7.17011954344963,1,7,5,48,50,131,4.87519732320115,"C","Diesel",1
"4115670",3096.47,8.03801803197336,0.72,6,7,55,50,287,5.65948221575962,"C","Regular",1
"4115746",1204,7.09340462586877,1,6,7,44,50,983,6.89060912014717,"D","Diesel",1
"4115827",95.05,4.55440306893444,1,7,8,83,50,405,6.00388706710654,"C","Diesel",1
"4116126",1004.44,6.91218545126145,1,5,4,66,50,283,5.64544689764324,"C","Diesel",1
"4116221",1204,7.09340462586877,1,6,6,55,50,240,5.48063892334199,"C","Diesel",1
"4116325",1204,7.09340462586877,1,4,15,58,62,3866,8.25997565976828,"E","Regular",1
"4116479",1204,7.09340462586877,1,4,3,23,85,48,3.87120101090789,"A","Regular",1
"4116900",1204,7.09340462586877,0.82,4,17,42,50,50,3.91202300542815,"B","Diesel",1
"4117020",1204,7.09340462586877,0.8,11,14,76,50,36,3.58351893845611,"A","Regular",1
"4117425",1508.21,7.31867879616693,0.81,6,3,57,50,97,4.57471097850338,"B","Diesel",1
"4118352",1204,7.09340462586877,1,7,5,58,50,1662,7.41577697541539,"D","Regular",1
"4118490",1204,7.09340462586877,1,10,17,72,50,106,4.66343909411207,"C","Diesel",1
"4118640",31.05,3.43559880837949,1,4,6,56,50,2472,7.81278281857758,"E","Regular",1
"4118915",1204,7.09340462586877,0.81,6,4,64,50,2007,7.60439634879634,"E","Diesel",1
"4119116",1204,7.09340462586877,1,6,14,42,50,119,4.77912349311153,"C","Diesel",1
"4119246",1204,7.09340462586877,0.89,7,4,34,95,282,5.64190707093811,"C","Regular",1
"4119364",1204,7.09340462586877,0.92,4,18,19,95,26,3.25809653802148,"A","Regular",1
"4119390",1204,7.09340462586877,0.3,7,3,22,100,51,3.93182563272433,"B","Regular",1
"4119614",1204,7.09340462586877,0.76,6,15,30,85,30,3.40119738166216,"A","Diesel",1
"4119652",1204,7.09340462586877,0.24,6,4,45,50,9802,9.19034172546949,"E","Diesel",1
"4119826",835.05,6.72749160329763,0.93,6,5,49,50,141,4.94875989037817,"C","Diesel",1
"4119838",470.56,6.15392347480569,0.88,6,8,47,56,225,5.41610040220442,"C","Regular",1
"4119986",76.54,4.33781347999756,1,4,8,39,54,27000,10.2035921449865,"F","Regular",1
"4120111",1204,7.09340462586877,1,6,4,79,50,399,5.98896141688986,"C","Diesel",1
"4120248",2433.52,7.7970940478549,0.97,5,6,34,60,272,5.605802066296,"C","Diesel",2
"4120268",3204,8.07215530818825,0.01,4,1,28,85,1314,7.18083119904456,"D","Diesel",1
"4120352",1204,7.09340462586877,1,9,11,67,71,1314,7.18083119904456,"D","Diesel",1
"4120538",1204,7.09340462586877,0.53,9,4,69,50,8455,9.04251326133268,"E","Diesel",1
"4120563",888.99,6.79008598685671,0.2,7,11,40,50,8455,9.04251326133268,"E","Regular",1
"4120571",1204,7.09340462586877,1,6,5,49,50,306,5.72358510195238,"C","Diesel",1
"4120766",1204,7.09340462586877,1,7,8,44,50,212,5.35658627467201,"C","Diesel",1
"41209",220.68,5.39671368840423,0.49,7,13,42,71,570,6.3456363608286,"D","Regular",1
"4120934",602,6.40025744530882,1,5,5,53,50,25,3.2188758248682,"A","Regular",1
"4121296",1204,7.09340462586877,1,5,9,52,52,71,4.26267987704132,"B","Regular",1
"4121660",3204,8.07215530818825,1,6,14,43,106,3856,8.25738565573044,"E","Regular",1
"4122080",932.21,6.83755811119284,1,4,8,35,95,1271,7.14755927118945,"D","Regular",1
"4122374",134.9,4.90453376321371,0.51,5,3,31,68,97,4.57471097850338,"B","Diesel",1
"4122406",684.74,6.52903920416652,1,5,9,39,50,75,4.31748811353631,"B","Diesel",1
"4122473",1544.28,7.34231306129357,1,6,6,31,62,407,6.0088131854426,"C","Diesel",1
"4122558",1204,7.09340462586877,0.8,9,14,68,50,1002,6.90975328164481,"D","Regular",1
"4122602",117.66,4.76779910943631,1,7,6,48,59,8455,9.04251326133268,"E","Regular",1
"4122712",80.5,4.38825718442452,0.97,6,5,40,50,155,5.04342511691925,"C","Diesel",1
"4123140",305.77,5.722833185347,1,6,7,73,50,101,4.61512051684126,"C","Diesel",1
"4123154",47.08,3.85184828239208,0.85,6,16,32,68,15,2.70805020110221,"A","Diesel",1
"4123787",1204,7.09340462586877,1,4,4,29,90,17140,9.74917019215177,"F","Regular",1
"4123826",148.08,4.99775266826524,1,9,4,43,50,3688,8.21283958467648,"E","Diesel",1
"4123957",1204,7.09340462586877,1,7,14,84,173,3688,8.21283958467648,"E","Regular",1
"4124223",1204,7.09340462586877,1,6,11,72,50,465,6.14203740558736,"C","Diesel",1
"4124289",1204,7.09340462586877,1,6,4,57,85,68,4.21950770517611,"B","Diesel",1
"4124589",1418.45,7.25732000512572,1,11,17,81,50,10,2.30258509299405,"A","Regular",2
"4124626",42.55,3.75067985501938,1,7,10,42,50,197,5.28320372873799,"C","Diesel",1
"4124865",1204,7.09340462586877,0.93,6,8,55,50,338,5.82304589548302,"C","Diesel",1
"4125000",1204,7.09340462586877,0.69,6,11,47,50,883,6.78332520060396,"D","Diesel",1
"4125053",602,6.40025744530882,1,7,20,69,50,62,4.12713438504509,"B","Regular",1
"4125542",1204,7.09340462586877,1,10,10,49,50,4128,8.3255483071614,"E","Diesel",1
"4126045",3204,8.07215530818825,0.75,7,10,66,72,1397,7.24208235925696,"D","Diesel",1
"4126096",1647,7.40671073017764,0.27,9,10,59,50,166,5.11198778835654,"C","Regular",1
"4126195",1701.42,7.43921847549797,0.1,10,13,42,50,1191,7.0825485693553,"D","Regular",1
"4126282",1204,7.09340462586877,1,6,6,49,50,69,4.23410650459726,"B","Diesel",1
"4126367",1204,7.09340462586877,0.8,11,12,36,50,104,4.64439089914137,"C","Regular",1
"4127080",133.86,4.8967944776725,1,8,3,37,50,53,3.97029191355212,"B","Diesel",1
"4127312",1204,7.09340462586877,1,11,7,56,50,27000,10.2035921449865,"F","Regular",1
"4127387",953.16,6.85978278043304,0.39,4,0,67,50,1064,6.96979066990159,"D","Regular",1
"4127540",185.99,5.22569290882704,1,12,15,47,54,658,6.48920493132532,"D","Diesel",1
"4127786",401.54,5.99530715482543,0.67,7,14,25,80,1408,7.24992553671799,"D","Diesel",1
"4127790",1204,7.09340462586877,0.49,5,5,69,50,716,6.57368016696065,"D","Diesel",1
"4128551",219.54,5.39153444825917,1,4,4,39,50,146,4.98360662170834,"C","Regular",1
"4128861",3204,8.07215530818825,1,6,12,41,50,80,4.38202663467388,"B","Diesel",1
"4129055",481.86,6.17765361542843,0.28,5,5,49,50,84,4.43081679884331,"B","Diesel",1
"4129070",380.92,5.94258937932585,0.07,4,13,64,50,3744,8.22790983759748,"E","Regular",1
"4129108",1274,7.14991683613211,1,7,7,42,50,611,6.4150969591716,"D","Diesel",2
"4129294",1204,7.09340462586877,1,5,3,62,50,270,5.59842195899838,"C","Regular",1
"4129459",1204,7.09340462586877,0.75,6,9,66,50,227,5.4249500174814,"C","Diesel",1
"4129643",80.13,4.38365031578998,1,7,14,46,78,745,6.61338421837956,"D","Diesel",1
"4130073",147.58,4.99437040163022,0.75,7,9,27,80,747,6.61606518513282,"D","Regular",1
"4130219",1204,7.09340462586877,0.91,6,11,79,50,582,6.36647044773144,"D","Diesel",1
"4130313",3319.26,8.10749714550025,1,6,6,32,85,14,2.63905732961526,"A","Diesel",1
"4130723",1204,7.09340462586877,1,4,4,80,88,1227,7.11232744471091,"D","Regular",1
"4131024",1204,7.09340462586877,1,5,5,57,67,9307,9.13852208418571,"E","Diesel",1
"4131406",368.65,5.90984768443566,0.87,5,10,28,57,68,4.21950770517611,"B","Diesel",1
"4131567",2503.23,7.82533717694249,0.86,6,6,54,50,575,6.35437004079735,"D","Diesel",1
"4131616",698.22,6.54853423934804,1,7,15,37,50,17,2.83321334405622,"A","Regular",1
"4131662",2323.29,7.75073956354954,0.75,5,3,26,64,56,4.02535169073515,"B","Diesel",1
"4131838",616.25,6.4236527253569,0.7,4,10,44,50,98,4.58496747867057,"B","Diesel",1
"4132230",1255.11,7.13497849712729,1,11,14,54,50,182,5.2040066870768,"C","Diesel",1
"4132243",1712.73,7.4458438676874,0.08,5,9,41,50,242,5.48893772615669,"C","Regular",1
"4132357",10339.54,9.24373065964536,0.11,5,11,30,76,17,2.83321334405622,"A","Diesel",1
"4132478",1855.41,7.52586097487803,0.18,6,10,36,50,18,2.89037175789616,"A","Diesel",1
"4132561",1518.99,7.32580091929563,0.75,5,15,21,90,399,5.98896141688986,"C","Diesel",1
"4132678",1567.25,7.35707777015408,0.85,5,10,28,125,831,6.72262979485545,"D","Diesel",1
"4132860",82.28,4.41012806478476,1,13,32,38,55,40,3.68887945411394,"A","Diesel",1
"4133089",1204,7.09340462586877,0.85,5,7,72,62,136,4.91265488573605,"C","Diesel",1
"4133483",1204,7.09340462586877,1,6,8,56,62,617,6.42486902390539,"D","Diesel",1
"4133564",3204,8.07215530818825,1,6,15,36,50,884,6.78445706263764,"D","Diesel",1
"4133697",1544.27,7.34230658576298,1,7,7,39,50,103,4.63472898822964,"C","Diesel",1
"4133876",602,6.40025744530882,1,7,9,61,50,133,4.89034912822175,"C","Diesel",1
"4134253",3810.47,8.24550782009263,1,5,4,33,81,295,5.68697535633982,"C","Diesel",1
"4134302",1204,7.09340462586877,0.95,5,3,42,50,1250,7.13089883029635,"D","Diesel",1
"4134390",2704,7.90248743716286,0.75,7,3,59,62,4436,8.39750834847026,"E","Diesel",1
"4134571",3204,8.07215530818825,1,7,2,54,68,94,4.54329478227,"B","Diesel",1
"4134645",955.57,6.8623080210702,1,5,4,26,90,3744,8.22790983759748,"E","Diesel",1
"4134864",1204,7.09340462586877,1,8,11,39,68,4116,8.32263709695394,"E","Diesel",1
"4134869",1204,7.09340462586877,1,6,14,53,52,4087,8.31556648356428,"E","Regular",1
"4134917",1204,7.09340462586877,0.99,5,4,41,50,23,3.13549421592915,"A","Diesel",1
"4134940",2069.97,7.63528939340077,0.67,15,3,35,50,1426,7.26262860097424,"D","Regular",1
"4135086",1204,7.09340462586877,0.54,4,14,30,76,16,2.77258872223978,"A","Diesel",1
"4135312",602,6.40025744530882,0.46,4,11,49,54,83,4.4188406077966,"B","Regular",1
"4135516",1204,7.09340462586877,1,7,16,30,90,741,6.60800062529609,"D","Diesel",1
"4135639",2000,7.60090245954208,1,6,8,61,50,1326,7.18992217074581,"D","Diesel",1
"4135728",602,6.40025744530882,1,10,10,55,50,5539,8.6195692580331,"E","Regular",1
"4135942",2677.83,7.89276204402705,0.01,6,9,29,95,1704,7.44073370738926,"D","Diesel",1
"4136030",2492.52,7.82104952587602,1,8,3,40,50,38,3.63758615972639,"A","Diesel",1
"4136356",6323.65,8.75205185207925,0.3,5,9,30,95,8455,9.04251326133268,"E","Regular",1
"4136391",3204,8.07215530818825,0.18,7,6,33,57,8455,9.04251326133268,"E","Diesel",1
"4136456",1204,7.09340462586877,0.28,5,11,48,78,3859,8.25816336153762,"E","Regular",1
"4136803",196.27,5.27949126229799,1,11,3,61,50,1426,7.26262860097424,"D","Diesel",1
"4136918",437,6.07993319509559,0.47,5,4,69,50,1064,6.96979066990159,"D","Regular",1
"4137001",682.31,6.52548410002352,0.48,6,14,28,76,1535,7.3362856600213,"D","Regular",1
"4137080",263,5.57215403217776,0.06,5,17,29,72,1601,7.37838371299671,"D","Regular",1
"4137445",697.08,6.54690018179244,1,11,16,52,57,1284,7.15773548424991,"D","Regular",1
"4137503",1204,7.09340462586877,1,10,1,50,53,1284,7.15773548424991,"D","Diesel",1
"4137664",6204,8.73294952429643,0.53,6,13,30,80,1403,7.24636808010246,"D","Regular",1
"4138218",275.59,5.61891425401096,1,6,8,30,54,37,3.61091791264422,"A","Diesel",1
"4138247",1204,7.09340462586877,0.91,5,9,50,72,91,4.51085950651685,"B","Diesel",1
"4138432",599.18,6.39556205380884,0.54,4,15,51,50,741,6.60800062529609,"D","Regular",1
"4138496",469.45,6.15156179670456,1,8,12,59,83,5449,8.6031873845831,"E","Diesel",1
"4138529",96,4.56434819146784,1,7,3,64,76,382,5.94542060860658,"C","Regular",1
"4138875",602,6.40025744530882,0.53,7,15,55,50,1054,6.96034772910131,"D","Diesel",1
"4138888",1204,7.09340462586877,1,6,5,62,50,37,3.61091791264422,"A","Diesel",1
"4138922",1204,7.09340462586877,0.19,4,14,46,50,330,5.79909265446053,"C","Regular",1
"4138969",2408,7.78655180642871,0.39,6,7,44,85,36,3.58351893845611,"A","Diesel",2
"4139495",1544.46,7.34242961367429,0.83,7,2,30,71,97,4.57471097850338,"B","Regular",1
"4139538",1209.17,7.09768945280594,1,6,5,60,50,854,6.74993119378857,"D","Diesel",1
"4139559",1204,7.09340462586877,0.54,6,10,45,50,194,5.26785815906333,"C","Diesel",1
"4139608",1204,7.09340462586877,1,6,15,39,60,35,3.55534806148941,"A","Diesel",1
"4139712",3637.36,8.19901342276656,1,5,11,41,50,1323,7.18765716411496,"D","Regular",1
"4139994",159.19,5.07009845736704,1,6,9,34,54,4116,8.32263709695394,"E","Diesel",1
"414",1456.55,7.28382590468085,0.14,4,0,36,85,4792,8.47470313979528,"E","Regular",1
"4140455",1204,7.09340462586877,0.28,6,2,53,50,110,4.70048036579242,"C","Diesel",1
"4140487",2000,7.60090245954208,0.28,6,16,40,100,416,6.03068526026126,"C","Diesel",1
"4140501",602,6.40025744530882,1,7,3,42,56,1064,6.96979066990159,"D","Regular",1
"4140987",1204,7.09340462586877,0.37,7,3,37,50,174,5.15905529921453,"C","Diesel",1
"4141134",1204,7.09340462586877,0.46,7,11,31,95,904,6.80682936039218,"D","Diesel",1
"4141260",8542.68,9.05283005488247,0.5,4,2,46,83,63,4.14313472639153,"B","Diesel",1
"4141517",1204,7.09340462586877,0.93,7,7,49,50,4762,8.46842302704681,"E","Diesel",1
"4141751",11938.24,9.38750197239651,0.16,6,10,26,85,2051,7.62608275807238,"E","Diesel",1
"4141758",471.99,6.15695779892044,0.31,7,16,44,50,9307,9.13852208418571,"E","Diesel",1
"41418",453.58,6.11717165973072,0.99,6,13,25,106,58,4.06044301054642,"B","Diesel",1
"4141847",280.4,5.63621715516043,0.75,4,10,27,80,4222,8.34806422840827,"E","Regular",1
"4142069",2325,7.75147531802146,0.63,5,12,42,50,283,5.64544689764324,"C","Diesel",1
"4142201",466.66,6.14560094111891,0.77,4,6,27,95,170,5.13579843705026,"C","Regular",1
"4142588",1547.58,7.34444769950687,1,7,2,35,50,17,2.83321334405622,"A","Diesel",1
"4142911",3900.04,8.2687420884754,0.05,4,15,46,100,2252,7.71957398925958,"E","Regular",1
"4143142",1276,7.15148546390474,0.77,5,17,39,50,146,4.98360662170834,"C","Diesel",1
"4143155",80,4.38202663467388,1,9,3,47,50,101,4.61512051684126,"C","Regular",1
"4143272",1204,7.09340462586877,0.91,9,8,35,71,3457,8.14815643992162,"E","Regular",1
"4143374",1204,7.09340462586877,1,5,16,49,100,1054,6.96034772910131,"D","Regular",1
"4143470",897.49,6.79960197823908,1,7,9,29,93,84,4.43081679884331,"B","Regular",2
"4143575",1204,7.09340462586877,0.46,8,13,57,50,353,5.8664680569333,"C","Regular",1
"4143745",1204,7.09340462586877,0.73,5,13,48,50,44,3.78418963391826,"A","Regular",1
"4144067",852.81,6.74853677942163,0.13,6,16,47,57,27,3.29583686600433,"A","Diesel",1
"4144127",30.3,3.41114771251532,1,6,9,44,68,94,4.54329478227,"B","Diesel",1
"4144422",286.18,5.65662098347859,0.78,4,13,20,95,54,3.98898404656427,"B","Regular",1
"4144748",1010.68,6.91837865061927,1,4,3,53,72,3274,8.09376775793108,"E","Regular",1
"4145194",72.11,4.27819273092867,0.89,5,5,37,76,50,3.91202300542815,"A","Diesel",1
"4145518",1435.5,7.26926849956112,0.69,10,2,30,72,745,6.61338421837956,"D","Diesel",1
"4145673",1204,7.09340462586877,1,4,19,61,50,149,5.00394630594546,"C","Regular",1
"4145816",532.08,6.27679385397617,1,7,6,53,80,109,4.69134788222914,"C","Diesel",1
"4146151",3277.11,8.0947172154226,0.27,9,11,42,57,106,4.66343909411207,"C","Regular",1
"4146169",1204,7.09340462586877,1,7,3,52,50,1974,7.58781721999343,"D","Diesel",1
"4146173",1204,7.09340462586877,1,5,2,38,75,1974,7.58781721999343,"D","Regular",1
"4146272",659,6.49072353450251,0.23,7,15,37,62,25,3.2188758248682,"A","Regular",1
"4146305",342.77,5.83705966830824,0.62,7,39,43,60,88,4.47733681447821,"B","Diesel",1
"4146432",1204,7.09340462586877,0.58,11,3,35,62,310,5.73657229747919,"C","Diesel",1
"4146448",1204,7.09340462586877,0.47,4,11,45,78,18,2.89037175789616,"A","Diesel",1
"4146508",1204,7.09340462586877,1,4,10,34,63,57,4.04305126783455,"B","Regular",1
"4146567",448.61,6.10615391341144,0.1,6,12,23,95,18,2.89037175789616,"A","Diesel",1
"4146568",1204,7.09340462586877,0.71,6,7,23,95,18,2.89037175789616,"A","Diesel",1
"4147202",1204,7.09340462586877,0.42,5,17,56,50,106,4.66343909411207,"C","Diesel",1
"4147413",2150.57,7.67348820226367,0.66,6,10,23,76,101,4.61512051684126,"C","Diesel",1
"4147827",2204,7.6980291702728,0.66,7,16,43,50,45,3.80666248977032,"A","Diesel",1
"4147830",4049.23,8.30628201856804,0.5,7,6,32,64,4327,8.37262974022488,"E","Diesel",1
"4147931",1204,7.09340462586877,0.48,5,5,21,90,4762,8.46842302704681,"E","Diesel",1
"4147940",2408,7.78655180642871,1,5,2,37,118,709,6.56385552653213,"D","Regular",2
"4148011",1204,7.09340462586877,1,15,4,53,66,1134,7.0335064842877,"D","Regular",1
"4148326",15607.96,9.65553631951135,0.13,7,18,55,50,64,4.15888308335967,"B","Diesel",1
"4148709",3204,8.07215530818825,1,5,2,55,62,779,6.65801104587075,"D","Regular",1
"4148710",1204,7.09340462586877,0.94,6,5,34,71,8549,9.05356959602623,"E","Diesel",1
"4148905",1204,7.09340462586877,1,7,2,56,62,197,5.28320372873799,"C","Regular",1
"4148929",1204,7.09340462586877,0.49,4,10,50,95,46,3.8286413964891,"A","Regular",1
"4149133",94,4.54329478227,0.68,7,14,43,50,124,4.82028156560504,"C","Diesel",1
"4149367",602,6.40025744530882,1,7,2,67,50,8455,9.04251326133268,"E","Diesel",1
"4149592",1204,7.09340462586877,1,6,20,36,112,1313,7.1800698743028,"D","Regular",1
"4150057",385.87,5.9555005251744,1,5,14,55,50,105,4.65396035015752,"C","Regular",1
"4150646",432.65,6.06992908705275,0.98,11,2,43,50,581,6.36475075685191,"D","Diesel",1
"4150685",2408,7.78655180642871,0.12,8,19,21,95,120,4.78749174278205,"C","Regular",1
"4150910",1204,7.09340462586877,0.14,7,11,27,95,2928,7.9820748750812,"E","Regular",1
"4150943",1204,7.09340462586877,0.57,7,16,46,76,1054,6.96034772910131,"D","Regular",1
"4151194",2204,7.6980291702728,1,11,7,55,62,1109,7.01121398735037,"D","Regular",1
"4151628",2097.13,7.64832502230421,0.13,6,8,20,95,3386,8.12740456269308,"E","Diesel",1
"4151962",474.15,6.16152372732974,1,9,2,33,50,3866,8.25997565976828,"E","Regular",1
"4152056",414.7,6.02755536725234,0.45,8,3,23,80,578,6.35957386867238,"D","Regular",1
"4152283",2000,7.60090245954208,0.36,4,4,84,50,1386,7.23417717974985,"D","Regular",1
"4152723",29.81,3.39484390768998,0.89,4,0,74,50,110,4.70048036579242,"C","Diesel",1
"4152842",1554.66,7.34901215118836,0.53,4,10,20,95,71,4.26267987704132,"B","Regular",1
"4152955",1204,7.09340462586877,1,7,8,26,112,4128,8.3255483071614,"E","Diesel",1
"4153100",673.77,6.51288880638374,1,10,10,38,52,4348,8.3774712482411,"E","Regular",1
"4153351",775.27,6.65321135577743,1,9,13,68,50,180,5.19295685089021,"C","Diesel",1
"4153457",1204,7.09340462586877,0.95,6,11,29,95,2620,7.87092959675514,"E","Diesel",1
"4153530",24285,10.0976141547798,0.12,7,12,19,100,130,4.86753445045558,"C","Regular",1
"4153587",1204,7.09340462586877,0.24,6,13,62,50,105,4.65396035015752,"C","Regular",1
"4153609",318.76,5.76443846852955,1,5,7,42,50,443,6.09356977004514,"C","Diesel",1
"4153632",3000,8.00636756765025,0.17,11,1,48,60,9307,9.13852208418571,"E","Regular",1
"4153672",1204,7.09340462586877,1,5,2,38,83,2105,7.65207074611648,"E","Diesel",1
"4153767",2704,7.90248743716286,0.41,5,18,26,100,721,6.58063913728495,"D","Regular",1
"4153879",4535.87,8.4197721853849,1,10,9,59,50,203,5.31320597904179,"C","Diesel",1
"4154117",6586.78,8.79281988896345,0.53,6,11,44,100,64,4.15888308335967,"B","Diesel",1
"4154319",1191.63,7.08307739675585,0.82,6,7,21,95,4116,8.32263709695394,"E","Diesel",1
"4154352",1204,7.09340462586877,0.59,5,10,49,50,23,3.13549421592915,"A","Regular",1
"4154534",1204,7.09340462586877,0.71,7,13,34,90,4762,8.46842302704681,"E","Regular",1
"4154661",29.8,3.39450839351136,0.58,7,11,71,50,614,6.41999492814714,"D","Regular",1
"4154984",1204,7.09340462586877,0.86,7,7,56,65,3859,8.25816336153762,"E","Diesel",1
"4154997",3204,8.07215530818825,1,7,15,43,51,186,5.2257466737132,"C","Diesel",1
"4155095",1869.88,7.53362953666658,0.25,5,2,28,57,1028,6.93537044601511,"D","Diesel",1
"4155399",1129.18,7.02924698456821,0.47,7,13,22,85,2563,7.84893372636407,"E","Regular",1
"4155703",1204,7.09340462586877,1,8,9,52,118,2377,7.77359446736019,"E","Diesel",1
"4155758",984.7,6.89233702625376,1,5,11,84,101,3688,8.21283958467648,"E","Regular",1
"4155804",1548,7.34471905414967,0.44,8,17,23,95,96,4.56434819146784,"B","Regular",1
"4155959",3082.13,8.03337619539283,0.41,7,12,49,100,1482,7.30114780585603,"D","Regular",1
"4156214",1278.14,7.15316117510362,0.49,11,3,44,50,27000,10.2035921449865,"F","Regular",2
"4156303",1456.26,7.28362678424322,1,6,12,34,95,3304,8.10288913464087,"E","Regular",1
"4156352",2900,7.97246601597457,0.6,12,4,36,85,1323,7.18765716411496,"D","Diesel",1
"4156360",2996.58,8.00522691735598,0.83,6,7,32,95,2252,7.71957398925958,"E","Diesel",2
"4156396",80,4.38202663467388,0.57,5,4,25,100,1214,7.10167597161944,"D","Diesel",1
"4156586",1204,7.09340462586877,1,6,14,33,63,52,3.95124371858143,"B","Diesel",1
"4156763",1204,7.09340462586877,1,9,6,62,51,120,4.78749174278205,"C","Diesel",1
"4156874",2411.98,7.78820326593873,1,11,17,43,67,24,3.17805383034795,"A","Regular",1
"4157026",2602,7.86403565907245,1,6,2,44,50,132,4.88280192258637,"C","Diesel",2
"4157098",1204,7.09340462586877,1,5,11,20,118,983,6.89060912014717,"D","Regular",1
"4157181",1669.63,7.42035732397722,1,8,2,48,50,78,4.35670882668959,"B","Regular",1
"4157295",1204,7.09340462586877,0.83,6,3,37,62,311,5.73979291217923,"C","Diesel",1
"4157634",566.46,6.33940646897248,1,5,8,37,66,575,6.35437004079735,"D","Regular",1
"4158078",3602,8.1892445257359,0.87,6,17,29,95,393,5.97380961186926,"C","Regular",1
"4158144",602,6.40025744530882,1,6,7,53,81,1054,6.96034772910131,"D","Diesel",1
"4158158",602,6.40025744530882,0.56,4,3,46,50,1054,6.96034772910131,"D","Regular",1
"4158237",7410,8.91058571829013,0.11,8,16,52,50,465,6.14203740558736,"C","Diesel",1
"4158303",1204,7.09340462586877,0.5,7,14,55,50,720,6.5792512120101,"D","Regular",1
"4158868",2408,7.78655180642871,1,7,6,54,50,1629,7.39572160860205,"D","Diesel",1
"4158918",765.2,6.6401372375661,1,5,4,42,56,613,6.41836493593621,"D","Regular",1
"4158996",1204,7.09340462586877,1,5,16,21,125,930,6.8351845861473,"D","Regular",1
"4159039",1204,7.09340462586877,0.39,6,6,46,50,169,5.12989871492307,"C","Diesel",1
"4159130",444.65,6.09728745584565,0.44,9,0,63,50,76,4.33073334028633,"B","Diesel",1
"4159338",1714.54,7.44690010204786,1,7,2,63,50,3946,8.28045768658256,"E","Diesel",1
"4159613",1356.45,7.2126262718546,0.52,4,2,54,50,67,4.20469261939097,"B","Diesel",1
"4159778",1204,7.09340462586877,1,7,3,53,50,13,2.56494935746154,"A","Regular",1
"4159792",211204,12.2605797700288,0.36,5,9,72,50,405,6.00388706710654,"C","Diesel",1
"4159804",1204,7.09340462586877,0.86,7,14,51,50,405,6.00388706710654,"C","Diesel",1
"4159821",208.3,5.33897934826693,1,7,2,62,50,405,6.00388706710654,"C","Regular",1
"4159918",1204,7.09340462586877,0.57,4,19,45,50,5,1.6094379124341,"A","Regular",1
"4160055",2398.99,7.7828030944275,0.36,7,7,31,100,84,4.43081679884331,"B","Regular",1
"4160175",1204,7.09340462586877,0.76,9,16,48,50,15,2.70805020110221,"A","Regular",1
"4160429",1204,7.09340462586877,0.28,6,4,69,50,3317,8.10681603894705,"E","Diesel",1
"4160440",607.16,6.40879234775866,1,10,1,67,50,421,6.04263283368238,"C","Diesel",1
"4160474",3572.95,8.18114686408279,0.08,4,1,47,50,3317,8.10681603894705,"E","Diesel",1
"4160733",1204,7.09340462586877,1,6,10,54,50,182,5.2040066870768,"C","Diesel",1
"4161044",1748.99,7.46679375744937,0.67,5,1,36,50,1535,7.3362856600213,"D","Regular",1
"4161219",1204,7.09340462586877,1,9,10,80,50,450,6.10924758276437,"C","Regular",1
"4161312",1704,7.44073370738926,0.7,11,12,58,50,67,4.20469261939097,"B","Diesel",1
"4161483",307.04,5.72697803225939,0.55,4,10,20,95,42,3.73766961828337,"A","Regular",1
"4161854",359.25,5.88401852495913,0.14,5,3,28,95,3301,8.10198073185319,"E","Diesel",1
"4161862",1324.27,7.18861664319902,0.06,10,13,35,65,670,6.50727771238501,"D","Regular",1
"4162025",950.33,6.8568092926972,0.31,6,11,50,50,77,4.34380542185368,"B","Regular",1
"4162160",1704,7.44073370738926,1,7,2,30,67,3599,8.18841130807903,"E","Diesel",1
"4162333",80,4.38202663467388,1,5,5,28,60,721,6.58063913728495,"D","Regular",1
"4162350",3778.01,8.23695269496108,0.26,4,14,36,100,1326,7.18992217074581,"D","Regular",1
"4162448",2554.51,7.84561570342359,0.84,7,8,37,66,233,5.4510384535657,"C","Diesel",2
"4162452",459.28,6.12966004585938,0.89,8,0,79,50,46,3.8286413964891,"A","Diesel",1
"4162789",412.83,6.0230358859453,1,5,7,52,64,13719,9.52653701232616,"F","Diesel",1
"4163199",906.48,6.80956896707231,0.06,6,10,29,100,3386,8.12740456269308,"E","Diesel",1
"4163288",8617.32,9.06152941044441,0.23,5,8,21,100,4762,8.46842302704681,"E","Regular",1
"4163319",1204,7.09340462586877,0.33,4,14,37,100,4762,8.46842302704681,"E","Regular",1
"4163640",602,6.40025744530882,0.36,7,15,19,125,46,3.8286413964891,"A","Regular",1
"4163690",602,6.40025744530882,1,6,1,44,50,388,5.96100533962327,"C","Regular",1
"4163737",151.13,5.01814039358203,1,7,15,58,50,4116,8.32263709695394,"E","Diesel",1
"4163770",1204,7.09340462586877,1,4,2,47,85,251,5.52545293913178,"C","Regular",1
"4164216",101.29,4.61798768969871,1,10,15,31,85,81,4.39444915467244,"B","Regular",1
"4164313",766.76,6.64217384496996,1,5,11,30,80,2212,7.70165236264223,"E","Regular",1
"4164331",1204,7.09340462586877,1,9,3,47,90,2897,7.97143099776935,"E","Diesel",1
"4164370",358.13,5.88089604897713,1,7,3,25,80,8549,9.05356959602623,"E","Regular",1
"4164382",3720.32,8.22156496507293,1,6,4,35,100,9307,9.13852208418571,"E","Regular",2
"4164392",6204,8.73294952429643,0.04,6,14,47,68,1381,7.23056315340929,"D","Diesel",1
"4164411",1204,7.09340462586877,0.16,8,14,47,68,1381,7.23056315340929,"D","Diesel",1
"4165292",1204,7.09340462586877,1,6,13,77,50,101,4.61512051684126,"C","Regular",1
"4165501",602,6.40025744530882,0.98,6,17,53,50,295,5.68697535633982,"C","Diesel",1
"4165769",951.25,6.8577769091759,0.14,6,4,58,72,1054,6.96034772910131,"D","Diesel",1
"4165811",703.74,6.55640896976147,0.86,7,10,20,125,111,4.70953020131233,"C","Regular",1
"4166098",1204,7.09340462586877,0.76,6,13,22,95,14,2.63905732961526,"A","Diesel",1
"4166131",201.51,5.30583900794688,0.84,7,9,55,50,293,5.68017260901707,"C","Diesel",1
"4166204",327.96,5.79289164972798,1,5,15,77,50,27,3.29583686600433,"A","Diesel",1
"4167099",74.14,4.30595519772259,0.37,5,6,44,85,2044,7.6226639513236,"E","Diesel",1
"4167199",282.16,5.6424742859278,1,5,3,51,65,101,4.61512051684126,"C","Diesel",1
"4167231",1204,7.09340462586877,1,7,16,32,50,105,4.65396035015752,"C","Diesel",1
"4167238",2000,7.60090245954208,0.31,7,16,32,95,78,4.35670882668959,"B","Diesel",1
"4167513",85.63,4.4500356890381,0.13,7,5,20,100,2674,7.89133075766189,"E","Regular",1
"4167656",958.43,6.86529652904157,1,7,8,42,95,15,2.70805020110221,"A","Regular",1
"4167802",158.78,5.06751959629697,1,6,4,69,50,4253,8.35537989525363,"E","Regular",1
"4167845",1521.35,7.32735337755621,1,6,1,57,50,200,5.29831736654804,"C","Diesel",1
"4167887",130.65,4.87252199196662,0.85,6,1,54,50,413,6.02344759296103,"C","Diesel",1
"4168059",1204,7.09340462586877,1,7,2,35,112,3184,8.06589354696427,"E","Diesel",1
"4168088",1204,7.09340462586877,0.69,7,8,50,50,6902,8.83956650365795,"E","Regular",1
"4168346",1204,7.09340462586877,1,4,15,44,50,308,5.73009978297357,"C","Regular",1
"4168502",1204,7.09340462586877,0.49,5,14,47,50,342,5.8348107370626,"C","Diesel",1
"4168665",602,6.40025744530882,1,6,10,32,60,62,4.12713438504509,"B","Diesel",1
"4168807",80,4.38202663467388,0.34,11,9,31,85,5449,8.6031873845831,"E","Regular",1
"4168871",1204,7.09340462586877,0.75,5,11,30,90,14,2.63905732961526,"A","Diesel",1
"4169048",3288.5,8.0981868127414,0.12,10,8,27,76,3430,8.14031554015999,"E","Regular",1
"4169143",1204,7.09340462586877,0.75,7,16,50,125,1110,7.01211529430638,"D","Regular",1
"4169229",876.78,6.77625610571462,0.88,4,3,42,58,1054,6.96034772910131,"D","Regular",1
"4169257",37.84,3.63336674418368,0.19,7,17,23,100,1054,6.96034772910131,"D","Regular",1
"4169925",580.62,6.36409649812091,0.32,6,8,20,100,393,5.97380961186926,"C","Diesel",1
"4169965",12316,9.41865450904439,0.07,5,17,24,100,393,5.97380961186926,"C","Diesel",1
"4169987",1806,7.49886973397693,0.98,5,10,19,140,115,4.74493212836325,"C","Diesel",2
"4170145",1204,7.09340462586877,0.51,7,17,48,95,59,4.07753744390572,"B","Diesel",1
"4170160",1204,7.09340462586877,1,5,13,24,112,34,3.52636052461616,"A","Diesel",1
"4170215",1430.47,7.26575834058204,0.14,6,9,40,52,9307,9.13852208418571,"E","Regular",1
"4170784",8103.19,9.00001309029146,0.03,5,2,24,100,533,6.27852142416584,"D","Diesel",1
"4170885",208.55,5.34017882064295,1,5,4,43,50,86,4.45434729625351,"B","Diesel",1
"4170928",2000,7.60090245954208,0.25,4,14,53,50,2446,7.80220931624712,"E","Regular",1
"4170935",616.38,6.42386365645623,0.63,6,1,36,50,30,3.40119738166216,"A","Diesel",1
"4171551",1204,7.09340462586877,1,5,4,80,50,2103,7.6511201757027,"E","Regular",1
"4171669",144.38,4.97244871271101,1,7,5,52,50,243,5.49306144334055,"C","Regular",1
"4171946",1204,7.09340462586877,1,7,15,45,50,52,3.95124371858143,"B","Regular",1
"41723",1031.21,6.93848814901783,0.72,5,13,56,50,1284,7.15773548424991,"D","Diesel",1
"4172310",1204,7.09340462586877,0.85,7,4,52,50,983,6.89060912014717,"D","Regular",1
"4173138",375.41,5.92801876205015,0.73,6,17,44,58,125,4.8283137373023,"C","Regular",1
"4173662",1434.72,7.26872498720374,1,6,8,56,50,649,6.47543271670409,"D","Diesel",1
"4173900",1204,7.09340462586877,0.71,5,12,39,52,222,5.40267738187228,"C","Diesel",1
"4174265",1733.2,7.45772468986575,0.58,5,21,37,63,111,4.70953020131233,"C","Diesel",1
"4174532",1928.89,7.56469998691482,0.86,9,8,55,50,3021,8.01334318138667,"E","Regular",1
"4174543",61.41,4.11757268834131,1,7,4,38,50,109,4.69134788222914,"C","Regular",1
"4174603",1204,7.09340462586877,1,6,17,76,50,35,3.55534806148941,"A","Regular",1
"4174859",3204,8.07215530818825,0.93,4,18,55,50,79,4.36944785246702,"B","Regular",1
"4175111",602,6.40025744530882,1,4,14,39,50,657,6.48768401848461,"D","Regular",1
"4175610",1204,7.09340462586877,1,5,5,63,62,481,6.17586727010576,"C","Diesel",1
"4175721",412.87,6.02313277343478,1,10,14,46,50,172,5.14749447681345,"C","Regular",1
"4176043",2217.5,7.70413571418373,0.92,6,9,43,50,3465,8.150467911624,"E","Regular",1
"4176065",1204,7.09340462586877,1,7,8,69,50,89,4.48863636973214,"B","Regular",1
"4176264",800.92,6.68576106692445,1,6,6,54,50,131,4.87519732320115,"C","Diesel",1
"4176269",491.64,6.19774674134678,0.16,6,17,39,50,33,3.49650756146648,"A","Diesel",1
"4176408",1204,7.09340462586877,0.39,10,10,50,50,146,4.98360662170834,"C","Diesel",1
"4176554",5000,8.51719319141624,1,4,3,63,50,634,6.45204895443723,"D","Regular",1
"4176967",1204,7.09340462586877,0.75,7,9,45,50,94,4.54329478227,"B","Regular",1
"4177032",1360.46,7.21557815683555,1,9,5,78,50,614,6.41999492814714,"D","Regular",1
"4177049",2226.69,7.70827145684959,1,5,9,33,62,21,3.04452243772342,"A","Diesel",1
"4177380",78.7,4.36564315542336,0.58,6,16,54,68,12,2.484906649788,"A","Diesel",1
"4177649",1408.42,7.25022378769129,0.07,7,7,48,80,29,3.36729582998647,"A","Diesel",1
"4178193",1204,7.09340462586877,1,7,10,54,50,165,5.10594547390058,"C","Diesel",1
"4178627",985,6.89264164117209,1,10,12,56,68,4128,8.3255483071614,"E","Regular",1
"4178722",1204,7.09340462586877,1,7,4,35,72,374,5.92425579741453,"C","Regular",1
"4178751",1204,7.09340462586877,1,7,5,49,50,1193,7.08422642209792,"D","Regular",1
"4178901",2873.18,7.96317470929656,0.42,7,8,44,50,111,4.70953020131233,"C","Regular",1
"4179114",1204,7.09340462586877,1,9,4,56,62,3997,8.29329935871132,"E","Regular",1
"4179145",152.45,5.02683667343426,1,6,10,32,57,82,4.40671924726425,"B","Diesel",1
"4179148",9573.59,9.16676354471961,0.44,5,4,58,62,821,6.71052310945243,"D","Diesel",1
"4179152",13.3,2.58776403522771,0.25,6,18,60,71,1732,7.45703208912238,"D","Regular",1
"4179186",1586.24,7.36912171483221,0.55,5,6,57,50,1313,7.1800698743028,"D","Regular",1
"4179292",1005.36,6.91310096530689,1,9,5,51,50,13,2.56494935746154,"A","Diesel",1
"4179432",616.47,6.42400965961989,0.21,5,8,48,52,34,3.52636052461616,"A","Regular",1
"4179563",1204,7.09340462586877,0.38,6,15,52,50,405,6.00388706710654,"C","Diesel",1
"4179590",9742,9.18420171436649,1,6,6,44,62,10,2.30258509299405,"A","Diesel",1
"4179681",248.51,5.51548308617571,1,6,8,62,50,11,2.39789527279837,"A","Diesel",1
"4179866",103.67,4.64121277733502,0.08,7,12,36,62,3852,8.25634777291802,"E","Regular",1
"4179868",1452.11,7.28077295009104,0.47,9,17,63,50,1231,7.11558212618445,"D","Regular",1
"4180233",3204,8.07215530818825,1,7,10,58,115,461,6.13339804299665,"C","Diesel",1
"4180310",144.12,4.97064628587989,1,6,2,84,84,62,4.12713438504509,"B","Regular",1
"4180707",1204,7.09340462586877,0.96,13,0,40,50,1943,7.57198844937744,"D","Diesel",1
"4181152",927.47,6.832460448945,0.15,6,17,32,60,63,4.14313472639153,"B","Regular",1
"4181639",1053.43,6.95980678585394,0.16,4,19,41,68,60,4.0943445622221,"B","Regular",1
"4181702",1204,7.09340462586877,0.4,9,5,23,72,97,4.57471097850338,"B","Diesel",1
"4181773",410.29,6.0168642267407,0.91,5,17,25,112,72,4.27666611901606,"B","Diesel",1
"4181807",1204,7.09340462586877,0.68,5,8,20,125,3434,8.14148104145742,"E","Diesel",1
"4181821",51204,10.843572932976,0.23,7,10,28,100,1635,7.39939808333135,"D","Diesel",1
"4181981",1138.15,7.0371594161934,0.43,6,5,25,100,343,5.83773044716594,"C","Diesel",1
"4182073",1404,7.24708058458576,0.64,7,14,29,125,2767,7.92551897978693,"E","Diesel",1
"4182685",1204,7.09340462586877,0.16,7,12,18,100,366,5.90263333340137,"C","Regular",1
"4182897",1204,7.09340462586877,0.59,6,12,45,100,88,4.47733681447821,"B","Regular",1
"4183095",1204,7.09340462586877,0.19,7,16,21,100,78,4.35670882668959,"B","Regular",1
"4183100",1204,7.09340462586877,0.16,12,0,62,54,37,3.61091791264422,"A","Regular",1
"4183138",152.45,5.02683667343426,0.75,10,11,39,58,111,4.70953020131233,"C","Diesel",1
"4183634",1204,7.09340462586877,0.09,4,14,19,95,91,4.51085950651685,"B","Regular",1
"4184316",1204,7.09340462586877,0.04,7,14,40,60,467,6.1463292576689,"C","Regular",1
"4184447",445.17,6.09845623168614,0.4,5,6,28,80,213,5.36129216570943,"C","Diesel",1
"4185060",1572.01,7.36011033429207,0.07,6,9,75,50,473,6.15909538849193,"C","Regular",1
"4185383",82.52,4.41304068820305,1,6,5,42,51,30,3.40119738166216,"A","Diesel",1
"4185975",1449.53,7.27899464493953,0.5,7,8,44,50,2131,7.66434663209862,"E","Regular",1
"4186058",5363.13,8.58730303885322,0.31,9,4,39,65,34,3.52636052461616,"A","Regular",1
"41863",508.62,6.23170117584837,0.53,6,12,24,90,44,3.78418963391826,"A","Diesel",1
"4186450",1204,7.09340462586877,1,6,8,54,50,526,6.26530121273771,"D","Diesel",1
"4186600",602,6.40025744530882,1,5,12,33,66,59,4.07753744390572,"B","Diesel",1
"4186678",3204,8.07215530818825,0.3,7,7,40,80,40,3.68887945411394,"A","Diesel",1
"4187815",64.16,4.16137996355826,1,5,7,52,50,235,5.45958551414416,"C","Regular",1
"4188030",1204,7.09340462586877,1,9,5,59,58,1313,7.1800698743028,"D","Regular",1
"4188072",1204,7.09340462586877,1,9,2,39,77,1704,7.44073370738926,"D","Diesel",1
"4188197",1204,7.09340462586877,0.5,6,12,49,50,1313,7.1800698743028,"D","Regular",1
"4188437",970.98,6.87830587075685,1,7,16,51,56,44,3.78418963391826,"A","Diesel",1
"4188444",200,5.29831736654804,0.84,7,7,47,50,3374,8.12385426310591,"E","Regular",1
"4188455",1204,7.09340462586877,1,8,1,41,60,15,2.70805020110221,"A","Diesel",1
"4188527",1204,7.09340462586877,1,4,1,69,62,517,6.24804287450843,"D","Regular",1
"4188531",1204,7.09340462586877,0.73,8,3,37,50,72,4.27666611901606,"B","Diesel",1
"4188582",2062,7.6314316645769,1,5,2,62,62,286,5.65599181081985,"C","Regular",1
"4188704",2085.98,7.64299404778705,0.75,7,10,21,90,3963,8.28475659319044,"E","Regular",1
"4188864",1204,7.09340462586877,0.71,4,10,33,50,8884,9.09200718501432,"E","Regular",1
"4189003",981,6.88857245956536,0.46,6,13,57,52,20,2.99573227355399,"A","Diesel",1
"4189015",602,6.40025744530882,0.75,5,4,26,126,161,5.08140436498446,"C","Regular",1
"4189075",220.08,5.39399111661632,0.24,6,14,51,50,342,5.8348107370626,"C","Regular",1
"41958",963.42,6.87048945378965,0.68,6,11,26,68,65,4.17438726989564,"B","Diesel",1
"41960",564.06,6.33516062881851,0.26,8,2,26,76,65,4.17438726989564,"B","Diesel",1
"41970",3154.62,8.05662332398129,0.46,7,4,53,50,644,6.46769872610435,"D","Diesel",1
"41990",3396.56,8.13051843371896,0.58,13,9,28,76,644,6.46769872610435,"D","Regular",1
"4232",1473.79,7.29559259312872,0.66,7,0,51,50,27000,10.2035921449865,"F","Regular",2
"42447",1243.6,7.1257656781846,0.31,5,8,58,50,94,4.54329478227,"B","Regular",1
"42455",1128.12,7.02830780937846,1,6,2,66,64,229,5.43372200355424,"C","Diesel",1
"42650",1128.12,7.02830780937846,1,4,10,24,112,1054,6.96034772910131,"D","Regular",1
"42785",167.37,5.12020693052555,1,4,1,54,50,8,2.07944154167984,"A","Regular",1
"42842",1261.33,7.13992199879404,1,4,7,64,50,399,5.98896141688986,"C","Regular",1
"43312",1118.71,7.01993151475993,0.94,6,9,23,125,949,6.85540879860993,"D","Diesel",1
"43357",1128.12,7.02830780937846,0.94,6,1,67,50,387,5.95842469302978,"C","Diesel",1
"43467",1206.06,7.09511412729336,0.44,6,2,27,55,949,6.85540879860993,"D","Diesel",1
"43491",3828.89,8.25033022293719,0.26,6,3,55,69,55,4.00733318523247,"B","Diesel",1
"43725",405.11,6.00415863516687,1,7,8,34,50,23,3.13549421592915,"A","Diesel",1
"43850",1159.74,7.05595112104672,0.41,6,8,54,50,15,2.70805020110221,"A","Regular",1
"43864",1128.12,7.02830780937846,0.52,6,14,29,100,2767,7.92551897978693,"E","Regular",1
"44416",130.14,4.86861079406684,1,4,10,40,50,31,3.43398720448515,"A","Regular",1
"44654",626.6,6.44030837851809,1,5,7,36,50,2074,7.63723438878947,"E","Regular",1
"44688",88.42,4.4820981883981,1,7,2,71,50,3317,8.10681603894705,"E","Regular",1
"44765",70.2,4.25134831103177,1,6,5,60,50,138,4.9272536851572,"C","Regular",1
"44778",72.93,4.28950007699614,1,11,4,45,50,905,6.80793494369993,"D","Regular",1
"44822",474.82,6.16293578484752,0.44,10,3,99,50,9307,9.13852208418571,"E","Regular",1
"44920",1128.12,7.02830780937846,0.03,6,10,40,67,16,2.77258872223978,"A","Regular",1
"45235",1210.5,7.09878877637811,0.79,11,3,48,50,144,4.969813299576,"C","Regular",1
"45291",499.2,6.21300681705522,0.38,6,12,50,50,1381,7.23056315340929,"D","Diesel",1
"45886",2425.45,7.79377235316646,0.33,6,16,21,112,203,5.31320597904179,"C","Diesel",1
"45966",1128.12,7.02830780937846,1,7,10,85,52,1002,6.90975328164481,"D","Regular",1
"46252",236.54,5.46611732682297,0.48,5,0,52,50,129,4.85981240436167,"C","Diesel",1
"46274",1128.12,7.02830780937846,0.19,9,7,48,50,72,4.27666611901606,"B","Regular",1
"46554",64.72,4.17007027275024,0.96,9,23,48,62,243,5.49306144334055,"C","Regular",1
"46683",6447.85,8.77150202088858,0.57,5,3,51,50,111,4.70953020131233,"C","Diesel",1
"46849",2145.65,7.67119781576074,0.25,7,17,63,72,1054,6.96034772910131,"D","Regular",1
"47011",873.26,6.77223333509575,1,12,8,54,50,19,2.94443897916644,"A","Diesel",1
"47307",72.56,4.28441380580688,1,6,8,30,72,26,3.25809653802148,"A","Regular",1
"47977",1577.95,7.36388181522574,0.81,8,3,26,76,27000,10.2035921449865,"F","Diesel",1
"47996",1128.12,7.02830780937846,0.57,4,3,51,50,27000,10.2035921449865,"F","Regular",1
"48096",5459.92,8.60518941661696,0.64,10,5,46,64,119,4.77912349311153,"C","Diesel",1
"48639",3758.11,8.2316714504338,1,6,4,34,72,461,6.13339804299665,"C","Diesel",1
"48693",4982.77,8.51374124028257,0.2,6,3,45,50,1165,7.0604763659998,"D","Regular",1
"49196",1220.25,7.10681103476726,1,11,6,65,50,983,6.89060912014717,"D","Diesel",1
"49694",78.15,4.35863005686749,1,7,8,43,50,58,4.06044301054642,"B","Diesel",1
"49828",439.6,6.08586522252947,1,7,1,61,50,117,4.76217393479776,"C","Diesel",1
"5000906",730.62,6.59389348874697,0.87,6,5,55,50,8880,9.09155683598622,"E","Regular",1
"5001182",400,5.99146454710798,0.87,6,3,59,50,583,6.36818718635049,"D","Diesel",1
"5001197",1320,7.18538701558042,0.8,5,5,39,85,1565,7.35564110297425,"D","Regular",1
"5004356",1204,7.09340462586877,0.36,4,5,58,50,272,5.605802066296,"C","Regular",1
"5004695",1204,7.09340462586877,0.28,6,9,72,50,820,6.7093043402583,"D","Regular",1
"5004747",1320,7.18538701558042,0.45,7,5,37,50,10008,9.21114005214675,"F","Diesel",1
"5006168",9229.81,9.13019374223627,0.7,10,5,47,125,458,6.12686918411419,"C","Diesel",3
"5006641",1320,7.18538701558042,0.7,6,5,66,50,4762,8.46842302704681,"E","Regular",1
"5006707",11225.49,9.32594236421896,0.7,5,4,31,80,111,4.70953020131233,"C","Diesel",2
"5006873",28124,10.2443785833191,0.29,4,4,28,95,2354,7.76387128782022,"E","Regular",2
"5007485",1204,7.09340462586877,0.21,5,3,65,65,12750,9.45328655058657,"F","Regular",1
"5011340",1204,7.09340462586877,0.8,5,7,25,95,85,4.44265125649032,"B","Diesel",1
"5011594",1204,7.09340462586877,0.2,6,4,27,85,25,3.2188758248682,"A","Diesel",1
"5011694",1320,7.18538701558042,0.73,7,10,40,50,313,5.74620319054015,"C","Diesel",1
"5012369",7862.65,8.96987897872815,0.71,12,4,58,50,3946,8.28045768658256,"E","Diesel",2
"5012445",1128.82,7.02892811831219,0.71,5,4,55,50,1521,7.32712329225929,"D","Regular",1
"5014537",961.18,6.86816169632166,0.54,5,8,30,76,3317,8.10681603894705,"E","Diesel",1
"5016744",1217.47,7.10453021399607,0.38,7,4,33,57,129,4.85981240436167,"C","Diesel",1
"5017415",1320,7.18538701558042,0.29,6,5,43,64,1895,7.54697411751653,"D","Regular",1
"5017445",556.14,6.3210200611158,0.7,5,2,79,50,17140,9.74917019215177,"F","Regular",1
"5018232",1204,7.09340462586877,0.78,11,1,69,50,5,1.6094379124341,"A","Diesel",1
"5018758",1204,7.09340462586877,0.87,6,7,35,50,3744,8.22790983759748,"E","Regular",1
"5019625",1204,7.09340462586877,0.95,11,3,44,50,515,6.24416690066374,"D","Diesel",1
"5020238",2408,7.78655180642871,0.96,4,1,45,50,214,5.36597601502185,"C","Regular",2
"5020318",34824.84,10.4580862042369,0.47,7,4,32,72,66,4.18965474202643,"B","Diesel",2
"5020726",1235.57,7.1192876810475,0.96,6,3,47,52,3657,8.20439841814938,"E","Regular",1
"5021636",12905,9.46537011215271,0.87,6,3,73,50,77,4.34380542185368,"B","Diesel",1
"5022437",1320,7.18538701558042,0.8,8,3,48,50,5821,8.66922734727174,"E","Diesel",1
"5023015",602,6.40025744530882,0.71,7,4,29,60,145,4.97673374242057,"C","Regular",1
"5023046",1204,7.09340462586877,0.8,8,3,63,50,27000,10.2035921449865,"F","Diesel",1
"5026061",1204,7.09340462586877,0.24,5,7,50,50,721,6.58063913728495,"D","Diesel",1
"5027708",1204,7.09340462586877,0.45,6,8,22,90,388,5.96100533962327,"C","Regular",1
"5028281",556.14,6.3210200611158,0.45,7,3,72,50,113,4.72738781871234,"C","Regular",1
"5029005",812.88,6.70058349717763,0.61,7,2,43,50,1408,7.24992553671799,"D","Diesel",1
"5029693",1204,7.09340462586877,0.4,7,2,56,50,18,2.89037175789616,"A","Diesel",1
"5030501",494.78,6.20411321932954,0.36,5,2,63,50,674,6.51323011091231,"D","Diesel",1
"50312",1128.12,7.02830780937846,0.8,4,5,19,100,4128,8.3255483071614,"E","Regular",1
"5031593",9387.19,9.14710127289065,0.47,5,2,56,68,342,5.8348107370626,"C","Diesel",1
"5031605",2444.93,7.80177177164228,0.44,6,9,22,95,3317,8.10681603894705,"E","Regular",2
"5032664",8320,9.02641753381525,0.49,12,6,41,50,2131,7.66434663209862,"E","Diesel",2
"5032972",1204,7.09340462586877,0.3,6,0,47,50,27,3.29583686600433,"A","Diesel",1
"5036596",1320,7.18538701558042,0.3,4,3,50,50,1957,7.57916796739608,"D","Regular",1
"5037715",1320,7.18538701558042,0.26,7,10,39,80,27000,10.2035921449865,"F","Diesel",1
"5037985",1204,7.09340462586877,0.26,4,2,53,50,1577,7.36327958696304,"D","Regular",1
"5039400",660,6.49223983502047,0.2,11,2,53,50,142,4.95582705760126,"C","Diesel",1
"5040828",89.69,4.49635928012991,0.13,7,2,53,90,4762,8.46842302704681,"E","Diesel",1
"5041273",1204,7.09340462586877,0.87,8,3,55,50,593,6.38519439899773,"D","Diesel",1
"5042180",68361,11.1325577655602,0.82,9,8,47,50,1535,7.3362856600213,"D","Regular",1
"5042255",209,5.34233425196481,0.07,12,2,61,50,1521,7.32712329225929,"D","Diesel",1
"5043278",1350,7.20785987143248,0.95,10,3,36,66,6864,8.8340456411678,"E","Diesel",1
"5043758",5289.14,8.5734109407478,0.6,6,7,24,80,132,4.88280192258637,"C","Regular",2
"5043897",941.76,6.84775046504511,1,8,9,67,50,3386,8.12740456269308,"E","Regular",1
"5045065",1320,7.18538701558042,0.7,6,5,64,50,61,4.11087386417331,"B","Diesel",1
"5045087",1320,7.18538701558042,0.95,8,2,46,50,645,6.46925031679577,"D","Diesel",1
"5046239",1320,7.18538701558042,0.92,8,2,58,50,307,5.7268477475872,"C","Regular",1
"5046827",16529,9.71287169291735,0.89,11,1,63,50,645,6.46925031679577,"D","Diesel",2
"5047794",909.61,6.81301593621934,0.13,8,4,23,85,3214,8.07527154629746,"E","Regular",1
"5048404",1204,7.09340462586877,0.15,4,1,23,90,2715,7.90654723236804,"E","Diesel",1
"50516",62.67,4.13788286423658,0.64,5,0,49,82,4128,8.3255483071614,"E","Regular",1
"5054363",1320,7.18538701558042,0.5,11,2,43,64,182,5.2040066870768,"C","Diesel",1
"5054881",1397,7.24208235925696,0.61,5,5,26,85,1687,7.43070708254597,"D","Regular",1
"5056636",14414.79,9.57601004180822,0.00821917808219178,6,9,26,80,1267,7.14440718032114,"D","Diesel",2
"5056907",1204,7.09340462586877,0.46,4,1,53,50,342,5.8348107370626,"C","Diesel",1
"5056992",602,6.40025744530882,0.53,7,1,56,50,1287,7.16006920759613,"D","Diesel",1
"5057901",3548.65,8.1743225284539,0.5,9,3,23,156,4220,8.34759040703006,"E","Regular",1
"5058975",8246,9.01748351326684,0.46,4,2,31,59,611,6.4150969591716,"D","Diesel",2
"5060157",1320,7.18538701558042,0.41,4,1,79,50,3233,8.08116577772543,"E","Regular",1
"5060194",49420,10.8081104795426,0.58,7,1,53,51,721,6.58063913728495,"D","Diesel",1
"5060549",1204,7.09340462586877,0.39,6,7,56,50,105,4.65396035015752,"C","Regular",1
"5061194",1320,7.18538701558042,0.31,8,1,61,50,35,3.55534806148941,"A","Diesel",1
"5061548",1851.89,7.52396201819378,0.32,7,3,44,74,4762,8.46842302704681,"E","Regular",1
"5062480",602,6.40025744530882,0.37,6,15,26,93,6570,8.79026911147866,"E","Regular",1
"5063326",712.94,6.56939726540071,0.01,12,1,36,80,251,5.52545293913178,"C","Diesel",1
"50637",2046.29,7.62378367644786,1,7,5,51,113,1287,7.16006920759613,"D","Diesel",2
"5064035",1204,7.09340462586877,0.78,7,1,23,85,824,6.71417052990947,"D","Diesel",1
"5064188",1320,7.18538701558042,0.21,7,1,24,80,102,4.62497281328427,"C","Regular",1
"50663",75.57,4.32505937903263,0.24,6,5,28,80,4218,8.34711636103872,"E","Regular",1
"5066740",1204,7.09340462586877,0.1,4,1,42,72,632,6.44888939414686,"D","Regular",1
"5067116",602,6.40025744530882,0.75,6,1,26,76,824,6.71417052990947,"D","Regular",1
"5067124",1440.28,7.27259281811262,0.91,6,3,38,57,828,6.71901315438526,"D","Diesel",1
"5067209",602,6.40025744530882,0.08,6,2,76,50,1232,7.11639414409346,"D","Regular",1
"5069017",2408,7.78655180642871,0.98,7,15,40,76,3317,8.10681603894705,"E","Regular",2
"5069102",660,6.49223983502047,0.95,7,0,30,71,3064,8.02747653086048,"E","Diesel",1
"5069565",1204,7.09340462586877,0.96,7,0,43,50,9082,9.1140497116579,"E","Diesel",1
"5070016",1204,7.09340462586877,0.53,7,3,53,50,217,5.37989735354046,"C","Diesel",1
"5070065",3044.36,8.02104597742898,0.4,7,3,59,50,132,4.88280192258637,"C","Diesel",2
"5071958",30000,10.3089526606443,0.23,4,3,35,50,3724,8.22255363839696,"E","Regular",2
"5072061",483.32,6.18067896015911,0.44,4,1,32,51,4649,8.44440742169058,"E","Diesel",1
"5073014",1204,7.09340462586877,0.7,4,5,43,50,1732,7.45703208912238,"D","Regular",1
"5073378",556.14,6.3210200611158,0.29,4,3,66,50,712,6.56807791141198,"D","Diesel",1
"5074515",1302.79,7.17226339759737,0.78,8,3,51,50,528,6.26909628370626,"D","Diesel",2
"5075110",740.44,6.60724460409148,0.78,7,3,63,50,1064,6.96979066990159,"D","Diesel",1
"5075380",1204,7.09340462586877,0.87,5,4,54,50,45,3.80666248977032,"A","Regular",1
"5076773",2834.75,7.94970902885195,0.41,4,3,44,50,962,6.86901445066571,"D","Regular",1
"5079062",1204,7.09340462586877,0.96,4,2,54,50,2663,7.88720858581393,"E","Diesel",1
"5081027",699.55,6.5504372711793,0.05,5,10,50,50,5449,8.6031873845831,"E","Regular",1
"5081994",1320,7.18538701558042,0.8,4,2,40,50,303,5.71373280550937,"C","Diesel",1
"5082025",602,6.40025744530882,0.8,6,2,75,51,354,5.86929691313377,"C","Diesel",1
"5082438",1204,7.09340462586877,0.36,4,2,45,50,133,4.89034912822175,"C","Diesel",1
"5082614",4494.85,8.41068757593735,0.71,7,10,39,60,44,3.78418963391826,"A","Regular",2
"5084272",3204.88,8.07242992715616,0.68,7,0,58,50,6090,8.71440336070394,"E","Diesel",1
"5084652",602,6.40025744530882,0.28,6,5,28,76,645,6.46925031679577,"D","Diesel",1
"5085144",1204,7.09340462586877,0.28,8,1,53,53,458,6.12686918411419,"C","Diesel",1
"5085393",1204,7.09340462586877,0.71,4,2,43,72,251,5.52545293913178,"C","Regular",1
"5087318",1204,7.09340462586877,0.79,11,0,46,50,10,2.30258509299405,"A","Diesel",1
"5087818",2408,7.78655180642871,0.6,4,0,54,50,4649,8.44440742169058,"E","Regular",1
"5088041",2524,7.8336002236611,0.71,4,0,41,100,50,3.91202300542815,"A","Regular",1
"5088507",17.94,2.88703285663065,0.84,4,10,45,50,766,6.64118216974059,"D","Regular",1
"5088642",95.68,4.56100929020232,0.53,5,7,24,100,34,3.52636052461616,"A","Regular",1
"5089127",2408,7.78655180642871,0.85,7,0,53,50,4218,8.34711636103872,"E","Regular",1
"5089971",2408,7.78655180642871,0.7,11,0,25,76,2733,7.91315518592807,"E","Diesel",1
"5089980",2524,7.8336002236611,0.84,11,8,57,54,789,6.67076632084587,"D","Regular",1
"5090555",2408,7.78655180642871,0.73,4,2,24,112,38,3.63758615972639,"A","Diesel",1
"5091596",2408,7.78655180642871,0.72,7,0,47,50,465,6.14203740558736,"C","Diesel",1
"5091766",7000,8.85366542803745,0.71,8,0,36,50,818,6.70686233660275,"D","Regular",1
"5093390",2408,7.78655180642871,0.64,4,1,32,54,405,6.00388706710654,"C","Regular",1
"5093572",2660,7.88608140177575,0.24,5,0,62,190,3708,8.21824792668574,"E","Diesel",2
"5093771",1204,7.09340462586877,0.56,6,5,26,100,27000,10.2035921449865,"F","Regular",1
"5094218",2524,7.8336002236611,0.6,8,2,76,50,645,6.46925031679577,"D","Diesel",1
"5094546",759.89,6.63317368596288,0.67,4,6,41,58,2537,7.83873755959928,"E","Diesel",1
"5095060",906.46,6.80954690346292,0.59,4,0,35,90,7259,8.88999735728484,"E","Diesel",1
"5095583",89.7,4.49647076906475,0.64,5,10,20,100,6912,8.84101431048389,"E","Regular",1
"5095859",1204,7.09340462586877,0.57,8,0,53,50,2471,7.81237820598861,"E","Diesel",1
"5095921",2659.56,7.88591597455958,0.26,9,2,23,100,693,6.5410299991899,"D","Regular",1
"5096508",660,6.49223983502047,0.5,4,0,35,85,9307,9.13852208418571,"E","Diesel",1
"5097150",1204,7.09340462586877,0.52,6,8,41,50,4985,8.51418868239594,"E","Diesel",1
"5097152",53.9,3.98713047791495,0.58,5,6,28,95,301,5.70711026474888,"C","Diesel",1
"5098483",3774,8.2358907259285,0.42,8,0,31,100,1929,7.56475701290573,"D","Regular",2
"5100709",2524,7.8336002236611,0.37,6,3,37,72,52,3.95124371858143,"B","Diesel",1
"5101211",2104,7.6515955738576,0.32,7,1,59,53,2178,7.68616230349291,"E","Diesel",2
"5101694",1506.48,7.31753108267739,0.35,8,0,61,50,3214,8.07527154629746,"E","Diesel",1
"5101881",1320,7.18538701558042,0.28,4,0,19,100,27000,10.2035921449865,"F","Regular",1
"5103057",1760.14,7.47314863032317,0.22,7,0,31,64,3274,8.09376775793108,"E","Diesel",2
"5104188",1204,7.09340462586877,0.29,7,5,29,68,1227,7.11232744471091,"D","Diesel",1
"5105016",2408,7.78655180642871,0.12,5,1,28,95,184,5.21493575760899,"C","Diesel",1
"5105351",2524,7.8336002236611,0.18,4,2,19,100,824,6.71417052990947,"D","Regular",1
"51096",1725.1,7.4530402987997,0.83,8,17,46,85,488,6.19031540585315,"C","Regular",1
"51758",75.31,4.32161292811326,1,6,7,52,77,1313,7.1800698743028,"D","Diesel",1
"52060",4329.55,8.37321888949885,0.46,7,16,52,50,17,2.83321334405622,"A","Diesel",1
"52320",90.43,4.50457607075239,0.82,5,17,21,90,13,2.56494935746154,"A","Regular",1
"52340",1293.51,7.1651147325587,0.4,7,4,22,112,405,6.00388706710654,"C","Diesel",1
"52364",73.3,4.29456060889261,1,10,9,37,50,13,2.56494935746154,"A","Diesel",1
"52386",10838.54,9.29086357957575,0.1,7,10,39,64,405,6.00388706710654,"C","Diesel",1
"52405",1813.74,7.50314629074419,1,4,2,25,100,2569,7.85127199710988,"E","Regular",1
"53370",2176.81,7.68561578135779,0.2,5,4,25,100,405,6.00388706710654,"C","Regular",1
"53450",1128.12,7.02830780937846,0.9,4,17,28,125,30,3.40119738166216,"A","Regular",1
"53924",35098.33,10.4659088299745,0.28,7,9,42,50,91,4.51085950651685,"B","Regular",1
"54102",74.82,4.31508522892,1,7,13,50,50,50,3.91202300542815,"B","Regular",1
"54207",4573.47,8.42802749554719,0.74,5,0,21,112,42,3.73766961828337,"A","Regular",1
"54682",1524.49,7.32941520687908,0.29,6,0,29,76,91,4.51085950651685,"B","Diesel",1
"5477",830.36,6.72185934169459,0.45,7,0,49,50,113,4.72738781871234,"C","Diesel",1
"55597",106.48,4.66795717408686,0.24,6,7,46,54,1521,7.32712329225929,"D","Diesel",1
"56096",461.04,6.13348480712841,1,7,2,52,50,99,4.59511985013459,"B","Regular",1
"56172",1852.38,7.52422657774417,1,6,2,51,50,731,6.59441345974978,"D","Diesel",1
"56647",887.75,6.7886901718232,0.31,6,7,47,50,101,4.61512051684126,"C","Diesel",1
"56654",1228.3,7.11338637854505,0.69,6,9,36,51,84,4.43081679884331,"B","Regular",1
"56669",1128.12,7.02830780937846,1,7,6,76,50,45,3.80666248977032,"A","Diesel",1
"56813",75.32,4.32174570378895,0.65,4,14,31,62,78,4.35670882668959,"B","Diesel",1
"56999",3771.43,8.2352095188669,0.81,7,14,25,100,203,5.31320597904179,"C","Regular",1
"57501",2256.24,7.7214549899384,1,5,3,22,90,473,6.15909538849193,"C","Diesel",2
"57547",1128.12,7.02830780937846,0.7,10,11,54,58,473,6.15909538849193,"C","Regular",1
"58084",2159.06,7.67742822077247,0.01,7,12,23,106,182,5.2040066870768,"C","Diesel",1
"58115",1128.12,7.02830780937846,1,6,12,41,50,27,3.29583686600433,"A","Regular",1
"58511",2755.12,7.92121627780721,0.51,7,10,46,50,3317,8.10681603894705,"E","Regular",1
"58529",1286.66,7.15980499243019,1,4,9,23,112,1328,7.19142933003638,"D","Regular",1
"59197",529.38,6.27170651046207,0.86,6,12,70,50,355,5.87211778947542,"C","Regular",1
"59279",230.65,5.44090141000383,1,6,1,74,50,59,4.07753744390572,"B","Regular",1
"59463",1281.41,7.15571631313888,1,6,1,77,50,614,6.41999492814714,"D","Diesel",1
"59499",2523.49,7.83339814302232,0.53,5,0,69,50,85,4.44265125649032,"B","Diesel",1
"59600",726.3,6.58796315261212,0.51,4,7,19,95,3744,8.22790983759748,"E","Diesel",1
"59643",1602.61,7.37938882918473,0.8,6,3,48,50,182,5.2040066870768,"C","Regular",1
"5973",1662.96,7.41635442598724,0.52,9,0,34,100,9307,9.13852208418571,"E","Regular",1
"59865",2467.77,7.81107018781383,1,6,3,53,50,183,5.20948615284142,"C","Diesel",2
"59963",810.67,6.6978610662516,0.46,4,6,33,95,183,5.20948615284142,"C","Diesel",1
"6000582",660,6.49223983502047,0.28,8,3,44,50,10,2.30258509299405,"A","Regular",1
"6001750",1320,7.18538701558042,0.2,7,6,68,57,563,6.33327962813969,"D","Diesel",1
"6002397",1940.4,7.57064941637106,0.46,9,6,56,50,1955,7.57814547241947,"D","Regular",1
"6004219",1320,7.18538701558042,0.45,7,2,49,50,856,6.75227037614174,"D","Regular",1
"6005224",1815.5,7.50411619085439,0.53,6,6,59,50,9307,9.13852208418571,"E","Diesel",1
"6006349",1346.4,7.2051896428766,0.7,8,2,56,58,84,4.43081679884331,"B","Diesel",1
"6009143",923.03,6.82766173668321,0.54,5,6,35,68,6308,8.74957394808293,"E","Regular",1
"6012043",3013.55,8.01087406478811,0.53,5,7,27,64,3744,8.22790983759748,"E","Diesel",1
"6014235",1228.08,7.11320725316495,0.3,7,5,42,50,4985,8.51418868239594,"E","Diesel",1
"6014304",595.06,6.38866224079772,0.29,10,5,37,60,1422,7.25981961036319,"D","Regular",1
"6014577",1795.34,7.4929496980274,0.29,6,10,41,54,107,4.67282883446191,"C","Diesel",2
"60160",441.66,6.09054035529867,1,7,1,50,50,295,5.68697535633982,"C","Diesel",1
"6017766",8859.84,9.08928398474532,0.01,5,5,36,50,66,4.18965474202643,"B","Regular",2
"6017884",1940.4,7.57064941637106,0.74,5,4,33,72,62,4.12713438504509,"B","Diesel",1
"6018605",1346.4,7.2051896428766,0.74,6,5,79,50,3744,8.22790983759748,"E","Diesel",1
"6018927",1346.4,7.2051896428766,0.55,4,9,38,67,34,3.52636052461616,"A","Diesel",1
"6019297",1452,7.28069719538474,0.74,11,5,42,50,32,3.46573590279973,"A","Diesel",1
"6020997",1288.28,7.16106327434258,0.62,12,2,55,50,269,5.59471137960184,"C","Diesel",1
"6021802",1079.81,6.98454037871556,0.34,8,5,30,70,171,5.14166355650266,"C","Diesel",1
"6023960",1320,7.18538701558042,0.46,8,4,40,76,3317,8.10681603894705,"E","Diesel",1
"60253",1128.12,7.02830780937846,0.89,6,7,45,78,20,2.99573227355399,"A","Diesel",1
"6025963",1940.4,7.57064941637106,0.38,8,2,74,50,79,4.36944785246702,"B","Diesel",1
"6026025",1324.4,7.18871480567309,0.38,7,3,45,50,2498,7.82324569068552,"E","Diesel",1
"6026397",1940.4,7.57064941637106,0.38,11,3,47,50,322,5.77455154554441,"C","Diesel",1
"6026792",1323.29,7.18787633888504,0.45,4,3,30,60,4985,8.51418868239594,"E","Diesel",1
"6026946",1204,7.09340462586877,0.45,4,4,63,50,18,2.89037175789616,"A","Regular",1
"6034665",1204,7.09340462586877,0.58,5,2,45,50,422,6.04500531403601,"C","Regular",1
"6037414",1320,7.18538701558042,0.16,4,15,55,59,262,5.5683445037611,"C","Diesel",1
"6038262",1204,7.09340462586877,0.74,7,6,28,63,575,6.35437004079735,"D","Diesel",1
"60384",464.28,6.14048781850042,0.91,4,13,48,50,48,3.87120101090789,"A","Regular",1
"6038511",4285.86,8.36307651101099,0.74,6,15,45,50,233,5.4510384535657,"C","Diesel",1
"6039327",1940.4,7.57064941637106,0.74,8,3,57,50,66,4.18965474202643,"B","Diesel",1
"6040331",1204,7.09340462586877,0.74,4,3,57,60,4762,8.46842302704681,"E","Regular",1
"6041094",1412.4,7.25304566405423,0.74,7,3,29,60,1767,7.4770384723197,"D","Regular",1
"6043349",1346.4,7.2051896428766,0.74,7,4,70,50,4128,8.3255483071614,"E","Diesel",1
"6044633",300,5.7037824746562,0.58,6,15,51,50,3317,8.10681603894705,"E","Regular",1
"6045357",1320,7.18538701558042,0.46,11,2,58,50,17,2.83321334405622,"A","Diesel",1
"60464",1286.02,7.15930745677617,1,6,7,45,51,83,4.4188406077966,"B","Diesel",2
"6047503",1228.08,7.11320725316495,0.63,5,2,45,50,134,4.89783979995091,"C","Regular",1
"60483",1128.12,7.02830780937846,0.58,6,10,45,54,3301,8.10198073185319,"E","Diesel",1
"6048303",1412.4,7.25304566405423,0.6,4,2,32,90,4762,8.46842302704681,"E","Diesel",1
"6049576",923.03,6.82766173668321,0.55,12,2,38,65,27000,10.2035921449865,"F","Diesel",1
"6049993",602,6.40025744530882,0.2,7,2,69,50,395,5.97888576490112,"C","Diesel",1
"60505",45.37,3.81485109367587,1,5,5,34,50,79,4.36944785246702,"B","Regular",1
"6050656",317.01,5.75893331912105,0.17,11,10,25,95,962,6.86901445066571,"D","Regular",1
"6051582",1452,7.28069719538474,0.49,4,2,57,50,820,6.7093043402583,"D","Regular",1
"6052405",1346.4,7.2051896428766,0.46,4,2,63,50,1955,7.57814547241947,"D","Regular",1
"6058550",1412.4,7.25304566405423,0.22,10,2,53,50,22669,10.0287536313685,"F","Diesel",1
"6059252",1452,7.28069719538474,0.19,11,2,50,50,756,6.62804137617953,"D","Diesel",1
"6059598",7140,8.87346805533363,0.55,4,2,39,95,3973,8.2872767558146,"E","Diesel",1
"6059819",1452,7.28069719538474,0.17,7,2,45,50,27000,10.2035921449865,"F","Regular",1
"6059824",10566.22,9.26541739901043,0.57,5,2,48,64,682,6.52502965784346,"D","Regular",4
"6060487",1843.88,7.5196273260771,0.41,8,9,24,80,97,4.57471097850338,"B","Regular",2
"6061373",1346.4,7.2051896428766,0.64,7,2,69,51,65,4.17438726989564,"B","Diesel",1
"6062738",5819,8.66888370465667,0.6,4,2,48,90,209,5.34233425196481,"C","Diesel",2
"6064599",1320,7.18538701558042,0.74,4,2,38,100,61,4.11087386417331,"B","Regular",1
"6065286",8902.4,9.09407618228907,0.74,5,2,33,61,27000,10.2035921449865,"F","Regular",2
"6066602",1867.84,7.53253796201543,0.74,4,5,60,90,824,6.71417052990947,"D","Regular",2
"6067014",614.04,6.420060072605,0.74,7,2,53,50,8346,9.0295376611515,"E","Diesel",1
"6067812",6160,8.72583205652757,0.74,6,5,35,57,151,5.01727983681492,"C","Regular",1
"6069257",1320,7.18538701558042,0.74,4,2,34,85,672,6.51025834052315,"D","Diesel",1
"6069737",1940.4,7.57064941637106,0.67,7,1,62,50,27,3.29583686600433,"A","Diesel",1
"6071078",1452,7.28069719538474,0.53,6,7,44,80,8023,8.99006769575366,"E","Diesel",2
"6073376",5712,8.65032450401942,0.7,4,4,67,50,712,6.56807791141198,"D","Diesel",1
"6073807",1412.4,7.25304566405423,0.74,10,7,33,100,7,1.94591014905531,"A","Diesel",1
"6074756",1346.4,7.2051896428766,0.74,8,4,63,68,3,1.09861228866811,"A","Diesel",1
"6075111",1320,7.18538701558042,0.74,7,4,64,50,1064,6.96979066990159,"D","Diesel",1
"6075447",1228.08,7.11320725316495,0.74,4,5,28,100,566,6.33859407820318,"D","Diesel",1
"6075531",2700.68,7.90125887213492,0.41,10,5,59,50,3744,8.22790983759748,"E","Regular",2
"6075668",1940.4,7.57064941637106,0.7,7,9,76,59,3699,8.21581779183245,"E","Regular",1
"6077295",1320,7.18538701558042,0.39,4,4,60,50,4393,8.38776764397578,"E","Regular",1
"6077354",1346.4,7.2051896428766,0.28,7,9,47,50,93,4.53259949315326,"B","Diesel",1
"6078194",650.9,6.47835602057834,0.7,6,6,40,50,283,5.64544689764324,"C","Diesel",1
"6080396",1320,7.18538701558042,0.12,5,3,64,50,127,4.84418708645859,"C","Diesel",1
"6081672",1940.4,7.57064941637106,0.62,8,3,45,50,333,5.80814248998044,"C","Diesel",1
"6082894",1320,7.18538701558042,0.54,8,3,51,50,44,3.78418963391826,"A","Diesel",1
"6082919",1346.4,7.2051896428766,0.54,10,3,45,50,27000,10.2035921449865,"F","Regular",1
"6085185",1320,7.18538701558042,0.28,11,3,61,50,678,6.5191472879404,"D","Diesel",1
"6086502",98.43,4.58934563564112,0.36,12,8,29,106,92,4.52178857704904,"B","Diesel",1
"6088173",1204,7.09340462586877,0.66,4,3,31,57,3339,8.11342663994365,"E","Diesel",1
"6089033",662.2,6.49556762511315,0.5,7,1,47,50,4427,8.39547743273214,"E","Diesel",1
"6089538",602,6.40025744530882,0.6,10,1,39,50,9307,9.13852208418571,"E","Regular",1
"6090886",2524,7.8336002236611,0.18,4,1,79,50,342,5.8348107370626,"C","Regular",1
"6090910",602,6.40025744530882,0.56,12,1,54,50,5433,8.60024674655152,"E","Diesel",1
"6091927",1452,7.28069719538474,0.52,11,9,28,68,6570,8.79026911147866,"E","Regular",1
"6092118",1346.4,7.2051896428766,0.52,5,3,25,72,6729,8.81418182318832,"E","Regular",1
"6092582",943.77,6.84988249239167,0.49,9,6,39,58,716,6.57368016696065,"D","Regular",1
"6092784",1183.84,7.07651867117724,0.25,4,1,73,50,107,4.67282883446191,"C","Regular",1
"6092951",1346.4,7.2051896428766,0.48,8,1,64,50,462,6.13556489108174,"C","Diesel",1
"6093000",1412.4,7.25304566405423,0.46,8,1,36,56,31,3.43398720448515,"A","Diesel",1
"6093260",1204,7.09340462586877,0.32,7,10,29,100,27000,10.2035921449865,"F","Regular",1
"6093879",11500,9.35010231435134,0.29,4,1,49,50,194,5.26785815906333,"C","Diesel",1
"6094172",9152,9.12172771361958,0.44,7,3,67,50,6736,8.81522155592216,"E","Diesel",2
"6094823",109.14,4.69263146175809,0.42,8,1,53,57,27000,10.2035921449865,"F","Diesel",1
"6095080",212.16,5.3573407069975,0.13,6,1,20,125,966,6.87316383421252,"D","Regular",1
"6095327",1320,7.18538701558042,0.34,7,1,45,57,27000,10.2035921449865,"F","Diesel",1
"6096242",1346.4,7.2051896428766,0.33,7,7,45,51,107,4.67282883446191,"C","Regular",1
"6096985",1204,7.09340462586877,0.43,4,15,42,50,84,4.43081679884331,"B","Regular",1
"6097678",1340,7.20042489294496,0.43,7,1,65,62,4348,8.3774712482411,"E","Diesel",1
"6098575",1412.4,7.25304566405423,0.27,10,10,35,95,27000,10.2035921449865,"F","Regular",1
"6099121",577.46,6.35863917592782,0.49,10,1,45,50,626,6.4393503711001,"D","Regular",2
"6099593",1452,7.28069719538474,0.18,6,15,55,95,215,5.37063802812766,"C","Diesel",1
"6099942",2574.48,7.85340285095728,0.51,7,1,48,61,9484,9.1573614471853,"E","Diesel",1
"6100323",23668.08,10.0718825838821,0.52,10,1,60,55,582,6.36647044773144,"D","Regular",2
"6100975",1324.4,7.18871480567309,0.19,8,1,53,76,1139,7.03790596344718,"D","Regular",1
"6101050",660,6.49223983502047,0.56,12,3,35,80,935,6.84054652928869,"D","Diesel",1
"61012",17937.57,9.79465267493339,0.24,7,11,29,95,1601,7.37838371299671,"D","Regular",1
"6101945",1228.08,7.11320725316495,0.43,8,1,66,50,34,3.52636052461616,"A","Diesel",1
"61021",2218.41,7.70454600204474,1,6,7,35,75,1601,7.37838371299671,"D","Diesel",3
"6102107",902,6.80461452006262,0.14,13,1,43,50,3075,8.03106018024062,"E","Regular",1
"6102278",1994.28,7.59803836192743,0.61,5,8,31,68,561,6.3297209055227,"D","Regular",2
"6102980",2408,7.78655180642871,0.66,4,1,55,50,194,5.26785815906333,"C","Regular",1
"6103051",1452,7.28069719538474,0.64,8,2,29,80,15,2.70805020110221,"A","Diesel",1
"6103243",1265.4,7.14314355671278,0.39,8,1,80,50,5936,8.68879078484722,"E","Regular",1
"6104983",608.31,6.41068462044848,0.74,4,1,46,50,360,5.88610403145016,"C","Diesel",1
"6105346",1320,7.18538701558042,0.74,5,1,53,76,854,6.74993119378857,"D","Regular",1
"6105902",660,6.49223983502047,0.74,4,1,39,76,3317,8.10681603894705,"E","Diesel",1
"6106065",1288.28,7.16106327434258,0.74,11,1,75,50,1784,7.48661331313996,"D","Diesel",1
"6106873",886.38,6.78714575256157,0.74,6,15,59,50,4220,8.34759040703006,"E","Diesel",1
"6107146",660,6.49223983502047,0.74,5,1,23,100,5877,8.67880170661265,"E","Regular",1
"6107240",4003.8,8.29499918913762,0.74,11,1,62,50,342,5.8348107370626,"C","Diesel",2
"6107282",1452,7.28069719538474,0.74,5,1,23,95,106,4.66343909411207,"C","Diesel",1
"6108023",1288.28,7.16106327434258,0.74,8,3,40,85,3568,8.1797604936999,"E","Regular",1
"6108053",13827.39,9.53440668667537,0.17,4,1,26,80,5353,8.58541243039338,"E","Regular",2
"6108434",1204,7.09340462586877,0.74,7,2,30,68,848,6.7428806357919,"D","Regular",1
"6108868",150,5.01063529409626,0.29,4,1,28,76,55,4.00733318523247,"B","Regular",1
"6108965",1158.14,7.05457054892553,0.74,8,1,52,50,3339,8.11342663994365,"E","Diesel",2
"6109609",1452,7.28069719538474,0.6,5,9,55,50,2733,7.91315518592807,"E","Regular",1
"6110386",2524,7.8336002236611,0.41,7,4,30,112,9307,9.13852208418571,"E","Regular",1
"6110618",2524,7.8336002236611,0.03,4,0,61,50,726,6.5875500148248,"D","Regular",1
"6111084",22070,10.0019744992508,0.61,8,0,62,56,47,3.85014760171006,"A","Diesel",1
"6111086",1324.4,7.18871480567309,0.56,8,0,23,80,2805,7.9391588179568,"E","Regular",1
"6111119",1412.4,7.25304566405423,0.56,8,0,62,50,71,4.26267987704132,"B","Regular",1
"6111162",2524,7.8336002236611,0.13,11,0,36,60,309,5.73334127689775,"C","Diesel",1
"6111546",1320,7.18538701558042,0.09,4,0,73,50,22821,10.0354364436654,"F","Regular",1
"6111792",726,6.5875500148248,0.18,15,0,58,50,649,6.47543271670409,"D","Diesel",1
"6112225",1228.08,7.11320725316495,0.03,11,0,36,80,3317,8.10681603894705,"E","Diesel",1
"6112437",1452,7.28069719538474,0.42,7,1,72,50,123,4.81218435537242,"C","Diesel",1
"6112457",1324.4,7.18871480567309,0.36,7,1,53,50,4540,8.42068229103539,"E","Diesel",1
"6112760",1412.4,7.25304566405423,0.26,13,0,48,50,171,5.14166355650266,"C","Regular",1
"6113182",1346.4,7.2051896428766,0.29,4,0,36,57,130,4.86753445045558,"C","Regular",1
"6113271",7700,8.94897560784178,0.22,8,0,34,60,6570,8.79026911147866,"E","Regular",1
"6113834",12230.4,9.4116799346059,0.17,15,3,36,50,181,5.19849703126583,"C","Regular",2
"61828",115.44,4.74875091446562,1,7,12,63,50,4348,8.3774712482411,"E","Regular",1
"62195",1128.12,7.02830780937846,0.2,8,1,38,50,2699,7.900636613018,"E","Diesel",1
"62207",4317.59,8.37045265520021,1,4,9,36,76,1287,7.16006920759613,"D","Regular",1
"62586",1128.12,7.02830780937846,0.85,7,1,46,55,2038,7.61972421378267,"E","Regular",1
"62681",1128.12,7.02830780937846,0.7,6,13,48,63,380,5.94017125272043,"C","Diesel",1
"62731",564.06,6.33516062881851,1,8,4,47,68,186,5.2257466737132,"C","Diesel",1
"62785",257.61,5.5514468133525,0.15,4,8,38,50,3688,8.21283958467648,"E","Regular",1
"6294",83.14,4.42052593382449,0.43,6,8,23,100,800,6.68461172766793,"D","Diesel",1
"63006",1128.12,7.02830780937846,0.49,4,10,26,85,4762,8.46842302704681,"E","Diesel",1
"63225",1128.12,7.02830780937846,0.1,8,9,75,50,4762,8.46842302704681,"E","Regular",1
"63426",1128.12,7.02830780937846,1,6,13,57,50,1250,7.13089883029635,"D","Diesel",1
"63581",2256.24,7.7214549899384,1,4,5,42,77,3317,8.10681603894705,"E","Regular",2
"64074",4593.45,8.43238665470616,1,4,9,36,50,3317,8.10681603894705,"E","Regular",1
"64308",86.61,4.46141528234295,0.47,4,16,44,50,1704,7.44073370738926,"D","Regular",1
"64436",1490.24,7.30669245979401,1,5,2,46,50,8549,9.05356959602623,"E","Regular",1
"64602",81.32,4.39839198876015,1,5,1,46,50,118,4.77068462446567,"C","Regular",1
"64761",2256.24,7.7214549899384,1,7,9,52,50,1323,7.18765716411496,"D","Diesel",2
"64793",1602.83,7.37952609583165,0.33,6,12,56,64,3657,8.20439841814938,"E","Diesel",1
"64939",1799.72,7.49538637622868,0.43,9,0,27,85,578,6.35957386867238,"D","Diesel",1
"65155",814.19,6.70219375399886,1,7,10,53,60,1323,7.18765716411496,"D","Diesel",1
"65255",914.93,6.8188475596168,0.51,4,11,25,80,1323,7.18765716411496,"D","Regular",1
"65421",1176.86,7.0706051537115,1,7,2,32,80,2586,7.8578675593318,"E","Regular",1
"65535",1128.12,7.02830780937846,0.94,5,9,22,118,1753,7.46908388492123,"D","Regular",1
"65786",467.43,6.14724960489737,1,7,8,60,50,61,4.11087386417331,"B","Regular",1
"66155",1530.8,7.33354575355155,0.31,7,11,59,50,465,6.14203740558736,"C","Diesel",1
"66344",1128.12,7.02830780937846,0.17,6,7,20,90,35,3.55534806148941,"A","Diesel",1
"66588",3076.36,8.03150235888799,0.81,4,6,36,76,3963,8.28475659319044,"E","Regular",2
"66771",810.22,6.69730581572681,0.59,4,11,57,67,1286,7.15929190479756,"D","Diesel",1
"67042",2615.98,7.86939406728793,0.44,7,7,44,50,625,6.4377516497364,"D","Regular",1
"67053",1616.27,7.38787630433279,0.37,6,12,62,50,3963,8.28475659319044,"E","Regular",1
"67265",74.57,4.3117382815557,0.31,6,6,22,50,533,6.27852142416584,"D","Diesel",1
"67315",8416.71,9.03797429453699,0.48,6,1,31,76,377,5.93224518744801,"C","Diesel",1
"67365",1128.12,7.02830780937846,1,7,6,77,58,533,6.27852142416584,"D","Regular",1
"67779",1128.12,7.02830780937846,1,7,1,69,50,533,6.27852142416584,"D","Regular",1
"67827",1325.74,7.18972607308855,1,8,9,57,53,73,4.29045944114839,"B","Regular",1
"67963",1152.87,7.05000976456285,1,9,6,72,50,122,4.80402104473326,"C","Regular",1
"68421",116.33,4.75643097982868,1,4,12,56,50,42,3.73766961828337,"A","Diesel",1
"68606",564.06,6.33516062881851,1,7,6,49,53,2740,7.91571319938212,"E","Regular",1
"68654",1128.12,7.02830780937846,0.62,7,12,54,50,930,6.8351845861473,"D","Diesel",1
"68745",68.36,4.22478785824739,0.53,6,1,32,50,219,5.3890717298165,"C","Diesel",1
"69176",1128.12,7.02830780937846,1,4,4,73,50,104,4.64439089914137,"C","Regular",1
"69268",12215.4,9.41045272977869,0.51,9,7,32,50,383,5.94803498918065,"C","Regular",1
"69408",15134.17,9.62471038017671,0.84,6,1,77,50,342,5.8348107370626,"C","Regular",3
"69499",80.21,4.38464819537883,1,7,10,40,50,564,6.33505425149806,"D","Regular",1
"69694",3114.56,8.04384316923813,1,5,2,55,55,3374,8.12385426310591,"E","Regular",2
"70284",4980.01,8.51318717804881,1,5,10,58,50,9307,9.13852208418571,"E","Diesel",1
"70652",1128.12,7.02830780937846,1,5,1,37,62,761,6.63463335786169,"D","Diesel",1
"70841",1679.1,7.42601321456542,0.83,7,1,50,50,213,5.36129216570943,"C","Diesel",1
"70860",723.39,6.58394849581172,0.94,6,5,52,50,9,2.19722457733622,"A","Diesel",1
"71070",485.02,6.18419012720066,1,12,7,31,50,25,3.2188758248682,"A","Diesel",1
"71252",73.81,4.30149422378196,0.68,5,9,37,50,84,4.43081679884331,"B","Diesel",1
"71470",1128.12,7.02830780937846,1,4,9,38,71,817,6.70563909486,"D","Regular",1
"71641",1097.59,7.00087214614295,0.6,5,12,44,50,60,4.0943445622221,"B","Diesel",1
"71788",63.06,4.14408665411692,0.9,7,12,33,68,675,6.51471269087253,"D","Regular",1
"72016",1128.12,7.02830780937846,0.25,7,2,38,74,86,4.45434729625351,"B","Regular",1
"72022",1482.05,7.30118154347855,0.62,8,0,54,50,1313,7.1800698743028,"D","Regular",1
"72543",1128.12,7.02830780937846,0.47,6,6,28,62,399,5.98896141688986,"C","Diesel",1
"72651",1128.12,7.02830780937846,0.84,11,10,48,50,405,6.00388706710654,"C","Regular",1
"72718",341.97,5.8347230139168,0.54,4,16,52,95,4762,8.46842302704681,"E","Regular",1
"72827",2484.91,7.81799172057104,0.64,4,15,60,50,4762,8.46842302704681,"E","Regular",2
"72849",1128.12,7.02830780937846,0.45,7,9,37,71,2216,7.70345904786717,"E","Regular",1
"73060",422.17,6.04540807651821,1,5,5,23,72,609,6.4118182677099,"D","Regular",1
"73368",77.11,4.34523297384487,0.83,7,4,26,68,1982,7.59186171488993,"D","Regular",1
"73422",1128.12,7.02830780937846,0.87,8,16,47,50,801,6.68586094706836,"D","Diesel",1
"73603",1128.12,7.02830780937846,0.75,7,1,38,62,1974,7.58781721999343,"D","Diesel",1
"74896",1128.12,7.02830780937846,0.31,13,7,25,118,1601,7.37838371299671,"D","Regular",1
"74912",1128.12,7.02830780937846,0.68,4,8,31,67,166,5.11198778835654,"C","Regular",1
"75108",1128.12,7.02830780937846,0.91,10,2,42,59,1146,7.04403289727469,"D","Diesel",1
"75164",410.13,6.01647418261201,0.12,4,8,41,50,58,4.06044301054642,"B","Diesel",1
"75250",164.04,5.10011030052386,1,5,9,50,55,534,6.2803958389602,"D","Diesel",1
"75565",90.82,4.5088795256698,1,6,9,20,95,2103,7.6511201757027,"E","Regular",1
"75717",61.07,4.11202074723504,0.92,5,5,25,80,59,4.07753744390572,"B","Diesel",1
"75844",2006.02,7.60390793856191,0.57,9,10,32,76,208,5.33753807970132,"C","Regular",1
"75930",82.5,4.41279829334063,0.42,4,10,28,72,72,4.27666611901606,"B","Diesel",1
"76145",1128.12,7.02830780937846,1,4,3,54,50,5449,8.6031873845831,"E","Regular",1
"76171",152.87,5.02958788701294,0.57,6,11,45,50,5449,8.6031873845831,"E","Diesel",1
"76234",685.16,6.52965238762978,0.43,4,9,49,50,320,5.76832099579377,"C","Regular",1
"7652",2767.64,7.92575025047584,0.35,6,0,73,58,4762,8.46842302704681,"E","Regular",1
"76824",1788.63,7.48920524266642,0.21,4,10,33,60,209,5.34233425196481,"C","Regular",1
"77255",2477.25,7.81490435293901,0.54,5,6,36,52,636,6.45519856334012,"D","Diesel",2
"77299",1128.12,7.02830780937846,1,5,2,31,50,1386,7.23417717974985,"D","Diesel",1
"77718",371.94,5.91873255094188,0.41,7,1,39,50,1823,7.50823877467866,"D","Diesel",1
"77875",774.88,6.65270817865492,0.19,5,0,32,52,10068,9.21711735625521,"F","Regular",1
"77948",1128.12,7.02830780937846,0.52,10,6,58,50,159,5.06890420222023,"C","Diesel",1
"78001",768.33,6.64421932835843,0.33,7,4,64,50,56,4.02535169073515,"B","Diesel",1
"78130",3533.96,8.17017433419646,0.77,7,7,25,95,2620,7.87092959675514,"E","Regular",3
"78571",6699.79,8.80983146160427,1,7,2,22,65,1602,7.3790081276283,"D","Regular",3
"78655",3244.73,8.0847874207458,0.1,5,10,19,100,722,6.58202513889283,"D","Diesel",1
"78963",357.42,5.87891156086865,0.5,7,4,38,80,3688,8.21283958467648,"E","Regular",1
"79019",148.71,5.00199810070059,1,6,2,55,50,161,5.08140436498446,"C","Diesel",1
"7924",746.84,6.61585097209714,0.26,6,3,45,50,2618,7.87016594646984,"E","Regular",1
"79379",739.38,6.60581199717809,0.8,4,11,62,50,3430,8.14031554015999,"E","Diesel",1
"80499",2256.24,7.7214549899384,1,6,30,27,95,3301,8.10198073185319,"E","Regular",2
"80759",220.89,5.39766484004874,1,6,3,56,50,110,4.70048036579242,"C","Diesel",1
"81178",56.9,4.04129534113228,0.00546448087431694,4,15,33,76,16,2.77258872223978,"A","Regular",1
"81534",1232.64,7.11691348972965,1,7,5,30,80,146,4.98360662170834,"C","Diesel",1
"81740",182.94,5.20915823022822,0.56,14,1,38,51,54,3.98898404656427,"B","Regular",1
"82099",565.3,6.33735656368125,0.93,5,8,41,50,2733,7.91315518592807,"E","Regular",1
"82144",1128.12,7.02830780937846,0.63,5,5,19,156,511,6.2363695902037,"D","Diesel",1
"82396",2256.24,7.7214549899384,1,7,17,44,95,10,2.30258509299405,"A","Regular",2
"82515",2410.01,7.78738617585369,0.66,6,1,23,95,2375,7.77275271646874,"E","Regular",1
"82975",1537.07,7.33763328576764,0.03,6,10,47,50,763,6.63725803128446,"D","Regular",1
"83087",4018.16,8.29857936538842,1,5,1,30,50,3317,8.10681603894705,"E","Regular",1
"83123",2502.8,7.82516538412421,0.81,5,12,50,76,3317,8.10681603894705,"E","Regular",1
"83164",1128.12,7.02830780937846,1,5,10,40,50,3317,8.10681603894705,"E","Regular",1
"83396",738.87,6.60512199207714,0.72,5,2,47,50,3317,8.10681603894705,"E","Regular",1
"83918",1128.12,7.02830780937846,0.19,4,10,64,76,10,2.30258509299405,"A","Regular",1
"83928",5705.35,8.64915961010761,0.37,9,1,36,50,1982,7.59186171488993,"D","Diesel",1
"83970",1128.12,7.02830780937846,0.33,6,5,21,112,213,5.36129216570943,"C","Diesel",1
"84367",1128.12,7.02830780937846,1,6,6,41,50,1408,7.24992553671799,"D","Diesel",1
"84575",2256.24,7.7214549899384,0.44,7,13,20,100,1408,7.24992553671799,"D","Regular",2
"85071",3233.87,8.08143484143175,0.94,7,0,44,68,581,6.36475075685191,"D","Diesel",1
"85141",3362.99,8.12058573820032,0.48,4,8,20,100,46,3.8286413964891,"A","Regular",1
"85247",1128.12,7.02830780937846,0.85,4,16,25,72,9307,9.13852208418571,"E","Regular",1
"85411",765.86,6.64099938541253,0.03,5,0,49,50,57,4.04305126783455,"B","Diesel",1
"85709",1452.54,7.28106902707322,0.13,4,6,21,100,1214,7.10167597161944,"D","Diesel",1
"85881",726.91,6.58880267344645,0.83,6,9,38,112,94,4.54329478227,"B","Regular",1
"86209",1890.37,7.54452785608956,0.99,7,16,38,80,1326,7.18992217074581,"D","Regular",1
"8652",564.45,6.33585180570756,0.25,10,1,56,50,159,5.06890420222023,"C","Regular",1
"86729",165.82,5.11090286268807,0.75,6,5,64,50,20,2.99573227355399,"A","Diesel",1
"86919",314.88,5.75219161386389,1,4,5,31,51,53,3.97029191355212,"B","Diesel",1
"86977",1851.92,7.52397821772885,1,7,7,35,62,4253,8.35537989525363,"E","Diesel",2
"87187",4412.33,8.39215817358719,0.63,5,4,26,85,136,4.91265488573605,"C","Regular",1
"87518",79.14,4.37121843595728,0.98,5,1,52,50,359,5.88332238848828,"C","Diesel",1
"87669",2083.58,7.64184284705361,0.05,5,4,35,50,98,4.58496747867057,"B","Diesel",1
"87910",1128.12,7.02830780937846,1,5,12,36,50,3688,8.21283958467648,"E","Diesel",1
"87947",875.58,6.77488652390771,1,13,1,55,50,1693,7.43425738213314,"D","Regular",1
"88033",739.72,6.60627173621668,1,6,10,48,50,237,5.46806014113513,"C","Regular",1
"88137",54.01,3.9891692146048,1,8,12,35,54,91,4.51085950651685,"B","Diesel",1
"88436",1310.49,7.17815639205903,0.25,7,15,34,90,214,5.36597601502185,"C","Diesel",1
"88797",2943.93,7.98750070239217,0.24,6,7,26,84,1313,7.1800698743028,"D","Diesel",1
"88956",5045.91,8.52633329313231,1,5,2,55,50,3744,8.22790983759748,"E","Regular",1
"8912",1449.64,7.279070528727,0.12,7,0,75,50,6902,8.83956650365795,"E","Regular",1
"89352",1128.12,7.02830780937846,1,6,5,54,58,23,3.13549421592915,"A","Diesel",1
"89378",1206.02,7.09508096089755,0.07,5,6,20,95,57,4.04305126783455,"B","Diesel",1
"90899",1628.12,7.39518125391974,1,7,15,57,62,112,4.71849887129509,"C","Regular",1
"91230",1908.15,7.55388946527033,0.83,4,7,50,50,245,5.50125821054473,"C","Regular",1
"91328",1198.86,7.0891263842401,1,6,4,46,50,752,6.62273632394984,"D","Diesel",1
"91382",1128.12,7.02830780937846,0.75,10,13,65,64,26,3.25809653802148,"A","Diesel",1
"91676",1551.58,7.34702904556265,0.7,7,6,50,50,1704,7.44073370738926,"D","Diesel",1
"92344",1128.12,7.02830780937846,0.65,4,1,21,112,170,5.13579843705026,"C","Regular",1
"92561",1128.12,7.02830780937846,0.69,6,11,44,50,251,5.52545293913178,"C","Diesel",1
"92587",841.98,6.7357562609911,0.1,6,3,40,50,674,6.51323011091231,"D","Diesel",1
"92948",729.92,6.59293493909602,1,4,12,69,88,38,3.63758615972639,"A","Regular",1
"93003",308.25,5.73091114204445,1,6,1,29,50,57,4.04305126783455,"B","Diesel",1
"93166",1128.12,7.02830780937846,1,5,1,57,63,101,4.61512051684126,"C","Regular",1
"93236",1128.12,7.02830780937846,1,5,11,27,100,9307,9.13852208418571,"E","Regular",1
"93247",1289.3,7.16185471441679,0.37,4,14,36,85,4172,8.33615081612066,"E","Regular",1
"93313",2040.86,7.62112656663063,1,5,1,35,50,29,3.36729582998647,"A","Diesel",1
"93379",4698.84,8.45507094872528,0.08,8,4,52,51,8455,9.04251326133268,"E","Regular",1
"93650",1128.12,7.02830780937846,0.21,6,0,70,62,1601,7.37838371299671,"D","Diesel",1
"93852",3980.93,8.289270739324,1,12,1,51,80,2733,7.91315518592807,"E","Regular",1
"94008",1128.12,7.02830780937846,0.87,5,4,38,50,4762,8.46842302704681,"E","Regular",1
"94075",1128.12,7.02830780937846,1,9,8,54,50,1271,7.14755927118945,"D","Regular",1
"94436",1089.03,6.99304267076288,1,6,5,23,76,1962,7.58171964012531,"D","Regular",1
"94493",2683.99,7.89505977230222,0.99,6,10,61,50,120,4.78749174278205,"C","Diesel",2
"95294",4285.99,8.36310684285301,0.75,5,2,28,88,9307,9.13852208418571,"E","Regular",1
"9589",1181.77,7.07476859358345,0.14,5,0,60,50,12750,9.45328655058657,"F","Regular",1
"96035",2195.26,7.69405576951956,0.07,5,12,47,50,84,4.43081679884331,"B","Diesel",1
"96227",1128.12,7.02830780937846,1,6,7,55,64,8561,9.05497228474248,"E","Diesel",1
"96395",217.39,5.38169297546909,0.66,5,0,60,77,14,2.63905732961526,"A","Regular",1
"97328",5151.66,8.54707427181768,0.53,5,4,31,70,94,4.54329478227,"B","Diesel",1
"97505",1896.45,7.54773899642602,0.85,4,5,30,76,2715,7.90654723236804,"E","Diesel",1
"98248",1212.01,7.1000354174203,0.31,6,4,40,50,13,2.56494935746154,"A","Diesel",1
"98477",9831.94,9.19339154870487,0.2,5,3,19,95,96,4.56434819146784,"B","Diesel",1
"98764",1253.19,7.1334475794739,0.82,5,10,31,64,1110,7.01211529430638,"D","Diesel",1
"98885",5947.35,8.69070102117811,0.07,9,13,43,100,1489,7.30586003268401,"D","Regular",1
"98920",1128.12,7.02830780937846,0.82,4,3,27,118,1054,6.96034772910131,"D","Diesel",1
"98934",53.18,3.97368238581487,0.51,6,15,44,50,399,5.98896141688986,"C","Regular",1
"99135",1128.12,7.02830780937846,0.21,6,9,57,80,1054,6.96034772910131,"D","Diesel",1
"99141",519.64,6.25313626412753,0.48,7,5,63,100,1054,6.96034772910131,"D","Regular",1
"99248",1128.12,7.02830780937846,0.16,7,14,25,95,1054,6.96034772910131,"D","Diesel",1
"99342",78.04,4.35722151575491,0.25,6,14,23,100,1054,6.96034772910131,"D","Regular",1
"99654",693.15,6.54124642598438,0.33,6,6,26,90,1403,7.24636808010246,"D","Diesel",1
"99700",1094.49,6.99804378032913,0.29,7,14,31,80,3744,8.22790983759748,"E","Regular",1
"99719",1188.79,7.08069126208424,0.43,4,5,55,50,113,4.72738781871234,"C","Regular",1
"99727",309.23,5.73408533658625,0.05,4,8,48,75,3744,8.22790983759748,"E","Regular",1
"9993",1826.34,7.51006924316479,0.2,7,4,22,100,53,3.97029191355212,"B","Regular",1
