"dataset","gap","fold","method","seed_rep","trmse","mae","rmse","ok"
"sru_y1_dynamic",20,1,"auto",0,0.00273889076033117,0.00340350329054488,0.00485241517397924,TRUE
"sru_y1_dynamic",20,1,"auto",1,0.0037535717697778,0.00420899932353831,0.00619032086688111,TRUE
"sru_y1_dynamic",20,1,"auto",2,0.00240883415021887,0.00313122106654059,0.00471633372301079,TRUE
"sru_y1_dynamic",20,1,"auto",3,0.00232685830777993,0.0030689233779181,0.00485990533109179,TRUE
"sru_y1_dynamic",20,1,"auto",4,0.00291250515699944,0.00355461875610226,0.00579318734461131,TRUE
"sru_y1_dynamic",20,1,"auto-weak",0,0.000399240233846892,0.00146452201930568,0.00522926181726978,TRUE
"sru_y1_dynamic",20,1,"auto-weak",1,0.00038680548430749,0.00143672478342053,0.0052884737747259,TRUE
"sru_y1_dynamic",20,1,"auto-weak",2,0.00217618197752696,0.00295828277790175,0.00554817605411552,TRUE
"sru_y1_dynamic",20,1,"auto-weak",3,0.00218966602038199,0.00290766875527401,0.00554508706946994,TRUE
"sru_y1_dynamic",20,1,"auto-weak",4,0.000394104482673771,0.00145516629062479,0.00525546932959554,TRUE
"sru_y1_dynamic",20,1,"WPMM2",0,0.00216383816526243,0.00292583923064149,0.00556063266474028,TRUE
"sru_y1_dynamic",20,1,"WPMM2",1,0.000399586439931171,0.0014651856462758,0.00524358048349118,TRUE
"sru_y1_dynamic",20,1,"WPMM2",2,0.00218223106111097,0.00300169691622866,0.00553018960485655,TRUE
"sru_y1_dynamic",20,1,"WPMM2",3,0.000401180747403748,0.00145973630488049,0.00529160731797645,TRUE
"sru_y1_dynamic",20,1,"WPMM2",4,0.000400703477335941,0.00146581774977775,0.00525102475703592,TRUE
"sru_y1_dynamic",20,1,"WPMM3",0,0.00216418775405114,0.00291410643997764,0.00556924510553714,TRUE
"sru_y1_dynamic",20,1,"WPMM3",1,0.000396613344719997,0.00146008659291963,0.00523521390878812,TRUE
"sru_y1_dynamic",20,1,"WPMM3",2,0.00042917129752755,0.00149745232895396,0.00526859540497953,TRUE
"sru_y1_dynamic",20,1,"WPMM3",3,0.000386805488606513,0.00143672482978602,0.00528847405404263,TRUE
"sru_y1_dynamic",20,1,"WPMM3",4,0.000386805700233734,0.00143672494161101,0.0052884745738659,TRUE
"sru_y1_dynamic",20,1,"LSE",0,0.00181829124748096,0.00261931621449812,0.00469848187271078,TRUE
"sru_y1_dynamic",20,1,"LSE",1,0.00281276196106509,0.00349482137330154,0.00585389547293727,TRUE
"sru_y1_dynamic",20,1,"LSE",2,0.00216294541235871,0.00293573797726549,0.0055462740313958,TRUE
"sru_y1_dynamic",20,1,"LSE",3,0.00255772344573429,0.00329646413944576,0.00570533168449383,TRUE
"sru_y1_dynamic",20,1,"LSE",4,0.00384013685600984,0.00421693433009635,0.00667177779758006,TRUE
"sru_y1_dynamic",20,1,"ridge-LSE",0,0.00189924020508334,0.00271115217400836,0.00469572490733555,TRUE
"sru_y1_dynamic",20,1,"ridge-LSE",1,0.00149665936465309,0.00238536065870658,0.00476769305056476,TRUE
"sru_y1_dynamic",20,1,"ridge-LSE",2,0.00142237542486326,0.00227294545893695,0.00456971047883318,TRUE
"sru_y1_dynamic",20,1,"ridge-LSE",3,0.00130483399959943,0.00225174605258344,0.00474674206389556,TRUE
"sru_y1_dynamic",20,1,"ridge-LSE",4,0.00249239207660582,0.0031925906709488,0.0048132081965282,TRUE
"sru_y1_dynamic",20,1,"Huber",0,0.000396838659162547,0.00146503407471506,0.00520493228370278,TRUE
"sru_y1_dynamic",20,1,"Huber",1,0.00232424594116273,0.00305848007702911,0.00572445432507341,TRUE
"sru_y1_dynamic",20,1,"Huber",2,0.00227886166409345,0.00298002599514608,0.00562508519094855,TRUE
"sru_y1_dynamic",20,1,"Huber",3,0.00217096977409322,0.00292018029734739,0.00554607111779239,TRUE
"sru_y1_dynamic",20,1,"Huber",4,0.000416153543655925,0.00149810456030029,0.00517495625334345,TRUE
"sru_y1_dynamic",20,1,"L1",0,0.000443342277275055,0.00149986573168785,0.00511690317706919,TRUE
"sru_y1_dynamic",20,1,"L1",1,0.00222080268602728,0.00298438002106797,0.00556451258393653,TRUE
"sru_y1_dynamic",20,1,"L1",2,0.000400466754794772,0.00146624647165976,0.00521741549273065,TRUE
"sru_y1_dynamic",20,1,"L1",3,0.000398113821255083,0.00146185968654505,0.00520170551418959,TRUE
"sru_y1_dynamic",20,1,"L1",4,0.000518995222021445,0.00153805257122655,0.00512477675350154,TRUE
"sru_y1_dynamic",20,1,"auto-valgate",0,0.000422315812717146,0.00150382831683307,0.00522972845276912,TRUE
"sru_y1_dynamic",20,1,"auto-valgate",1,0.000393941920535798,0.00145613636639098,0.00521138287565518,TRUE
"sru_y1_dynamic",20,1,"auto-valgate",2,0.00224482076745375,0.00307098152061708,0.0055286785281129,TRUE
"sru_y1_dynamic",20,1,"auto-valgate",3,0.000399094093586825,0.0014782430442534,0.00542150445232076,TRUE
"sru_y1_dynamic",20,1,"auto-valgate",4,0.00216078237414936,0.00292819823941886,0.00555918800076254,TRUE
"sru_y1_dynamic",20,2,"auto",0,0.00545828653210449,0.0104669914466103,0.0353313110680819,TRUE
"sru_y1_dynamic",20,2,"auto",1,0.0046068218942429,0.00864327395872597,0.0269436761601463,TRUE
"sru_y1_dynamic",20,2,"auto",2,0.00443410634854326,0.00931398055020054,0.0328745180901018,TRUE
"sru_y1_dynamic",20,2,"auto",3,0.00484450771041286,0.017620153371127,0.0849429227326816,TRUE
"sru_y1_dynamic",20,2,"auto",4,0.00624838753133412,0.0819675677593019,0.471044742162261,TRUE
"sru_y1_dynamic",20,2,"auto-weak",0,0.00452834094774597,0.00760783914839073,0.0246679263150074,TRUE
"sru_y1_dynamic",20,2,"auto-weak",1,0.00461533017577268,0.00804940405313215,0.026656957538543,TRUE
"sru_y1_dynamic",20,2,"auto-weak",2,0.00555956430530814,0.0422478772921913,0.23038633485541,TRUE
"sru_y1_dynamic",20,2,"auto-weak",3,0.00571265339959439,0.00922156588245283,0.0269950605645866,TRUE
"sru_y1_dynamic",20,2,"auto-weak",4,0.00489136819198081,0.00761357276439354,0.0230760801962492,TRUE
"sru_y1_dynamic",20,2,"WPMM2",0,0.0058913220322282,0.0114836560181534,0.0377844959534399,TRUE
"sru_y1_dynamic",20,2,"WPMM2",1,0.0047124789573567,0.00745553299451799,0.0240556962343492,TRUE
"sru_y1_dynamic",20,2,"WPMM2",2,0.00426110238489272,0.00736575905969357,0.0247229210958495,TRUE
"sru_y1_dynamic",20,2,"WPMM2",3,0.00497827369263033,0.00908584941349349,0.0325271041553967,TRUE
"sru_y1_dynamic",20,2,"WPMM2",4,0.00436059569448754,0.00676782632660267,0.0214370370991052,TRUE
"sru_y1_dynamic",20,2,"WPMM3",0,0.00452834143848222,0.00760782982360989,0.0246678587604585,TRUE
"sru_y1_dynamic",20,2,"WPMM3",1,0.00589848551269113,0.0135639878321309,0.0478113509642328,TRUE
"sru_y1_dynamic",20,2,"WPMM3",2,0.00576497809470668,0.00964055835359102,0.0276642113543848,TRUE
"sru_y1_dynamic",20,2,"WPMM3",3,0.00497308876751505,0.0146713502671699,0.0757708992278982,TRUE
"sru_y1_dynamic",20,2,"WPMM3",4,0.00579679158373883,0.010195697820571,0.0333265905027658,TRUE
"sru_y1_dynamic",20,2,"LSE",0,0.00471647115094758,0.00865351484500347,0.0255300563162791,TRUE
"sru_y1_dynamic",20,2,"LSE",1,0.00466912236616126,0.00959438120160151,0.0326511750079419,TRUE
"sru_y1_dynamic",20,2,"LSE",2,0.00633531009021194,0.0145973235838063,0.0505102896739669,TRUE
"sru_y1_dynamic",20,2,"LSE",3,0.00438184300165923,0.0153138585333544,0.108976599212561,TRUE
"sru_y1_dynamic",20,2,"LSE",4,0.00469429971950906,0.176399765090271,1.69843154159685,TRUE
"sru_y1_dynamic",20,2,"ridge-LSE",0,0.00455262286671911,0.00978834728445863,0.0327289207635557,TRUE
"sru_y1_dynamic",20,2,"ridge-LSE",1,0.00468734978187609,0.00967597969602087,0.0309490282556121,TRUE
"sru_y1_dynamic",20,2,"ridge-LSE",2,0.00476650600790362,0.00954830790920334,0.0305354957220255,TRUE
"sru_y1_dynamic",20,2,"ridge-LSE",3,0.00450239645072444,0.00723104984668729,0.0209502726388548,TRUE
"sru_y1_dynamic",20,2,"ridge-LSE",4,0.00873654746935235,0.0147169227397968,0.0387133200998677,TRUE
"sru_y1_dynamic",20,2,"Huber",0,0.00598388521389174,0.00935910567327381,0.0257980913355994,TRUE
"sru_y1_dynamic",20,2,"Huber",1,0.00487573193842507,0.00724496060809171,0.0223743198671888,TRUE
"sru_y1_dynamic",20,2,"Huber",2,0.00467533053676329,0.00744872224747383,0.0245786930757943,TRUE
"sru_y1_dynamic",20,2,"Huber",3,0.00482775126113072,0.00976770409919135,0.0321666515376133,TRUE
"sru_y1_dynamic",20,2,"Huber",4,0.00591601649215915,0.0125469997626784,0.0415592186797938,TRUE
"sru_y1_dynamic",20,2,"L1",0,0.00451628597830642,0.00731412154674051,0.0241148274837535,TRUE
"sru_y1_dynamic",20,2,"L1",1,0.00478125424507526,0.00742936283982811,0.0237264016880208,TRUE
"sru_y1_dynamic",20,2,"L1",2,0.0056689957269947,0.0091942844195856,0.0277270464766522,TRUE
"sru_y1_dynamic",20,2,"L1",3,0.00572452821711735,0.00885896982227092,0.0244365661851158,TRUE
"sru_y1_dynamic",20,2,"L1",4,0.00588979875689185,0.0102078855102956,0.0333749787662004,TRUE
"sru_y1_dynamic",20,2,"auto-valgate",0,0.00506400114370271,0.00830412337340596,0.0296380309928501,TRUE
"sru_y1_dynamic",20,2,"auto-valgate",1,0.00503283187611084,0.00834278356945944,0.0279881534695118,TRUE
"sru_y1_dynamic",20,2,"auto-valgate",2,0.00483833665419023,0.00787650482750444,0.026615493220704,TRUE
"sru_y1_dynamic",20,2,"auto-valgate",3,0.00563793870418182,0.0101736138362422,0.0338974569460377,TRUE
"sru_y1_dynamic",20,2,"auto-valgate",4,0.00598915854931527,0.0103251870973013,0.0303047688459671,TRUE
"sru_y1_dynamic",20,3,"auto",0,0.00187255216167386,0.00250250325387097,0.0039585455807255,TRUE
"sru_y1_dynamic",20,3,"auto",1,0.00178685011707185,0.00239299967839949,0.00394320398951946,TRUE
"sru_y1_dynamic",20,3,"auto",2,0.00185852851166139,0.00238791560697262,0.00403113303728622,TRUE
"sru_y1_dynamic",20,3,"auto",3,0.00321744986573427,0.00358332670752124,0.00482354754086707,TRUE
"sru_y1_dynamic",20,3,"auto",4,0.00233064593011867,0.00299079596457596,0.00496917850016166,TRUE
"sru_y1_dynamic",20,3,"auto-weak",0,0.00201885884946345,0.00256065432742405,0.00467378433620938,TRUE
"sru_y1_dynamic",20,3,"auto-weak",1,0.000588526798099926,0.00131993289115753,0.00446848616496848,TRUE
"sru_y1_dynamic",20,3,"auto-weak",2,0.000586626986516102,0.00132239101899048,0.00443463655222252,TRUE
"sru_y1_dynamic",20,3,"auto-weak",3,0.00209316117544388,0.00266117939086769,0.0047627656181248,TRUE
"sru_y1_dynamic",20,3,"auto-weak",4,0.00204808827895935,0.00259971113347525,0.00470904495038156,TRUE
"sru_y1_dynamic",20,3,"WPMM2",0,0.00202595979787953,0.00256565984109773,0.00466714769879523,TRUE
"sru_y1_dynamic",20,3,"WPMM2",1,0.00208385271455795,0.00263564214798784,0.00470404774235801,TRUE
"sru_y1_dynamic",20,3,"WPMM2",2,0.0006009609245076,0.00134007562708983,0.00438130454235418,TRUE
"sru_y1_dynamic",20,3,"WPMM2",3,0.000588665915311064,0.00132106997484759,0.00444406215084735,TRUE
"sru_y1_dynamic",20,3,"WPMM2",4,0.00202515205380689,0.00258390597023176,0.00468293030590342,TRUE
"sru_y1_dynamic",20,3,"WPMM3",0,0.00204260834922405,0.00259222804946286,0.00468966046159457,TRUE
"sru_y1_dynamic",20,3,"WPMM3",1,0.000592605276346119,0.00129555232725297,0.00439230851292209,TRUE
"sru_y1_dynamic",20,3,"WPMM3",2,0.00206610723425996,0.00261440238977332,0.00472939105830952,TRUE
"sru_y1_dynamic",20,3,"WPMM3",3,0.000586212388999517,0.00130956306181192,0.00446443088705676,TRUE
"sru_y1_dynamic",20,3,"WPMM3",4,0.00203536337469093,0.00261940315997787,0.00472288239068768,TRUE
"sru_y1_dynamic",20,3,"LSE",0,0.00363234778660202,0.00407276491991704,0.00544000185951573,TRUE
"sru_y1_dynamic",20,3,"LSE",1,0.00146574544205873,0.00215047401951832,0.00405335761495919,TRUE
"sru_y1_dynamic",20,3,"LSE",2,0.00142254178481406,0.00208444723960502,0.00389304379954426,TRUE
"sru_y1_dynamic",20,3,"LSE",3,0.00149209543123838,0.00211146890435137,0.00390949106508596,TRUE
"sru_y1_dynamic",20,3,"LSE",4,0.00143612040069694,0.00208574793105148,0.00387797590685479,TRUE
"sru_y1_dynamic",20,3,"ridge-LSE",0,0.00155003756162404,0.0021825969506181,0.00387174533999657,TRUE
"sru_y1_dynamic",20,3,"ridge-LSE",1,0.00326769138453419,0.00371942814379191,0.00536976001956145,TRUE
"sru_y1_dynamic",20,3,"ridge-LSE",2,0.00166203367016308,0.00231570991899273,0.00418176029733052,TRUE
"sru_y1_dynamic",20,3,"ridge-LSE",3,0.00146778580241749,0.00216310943870224,0.00391350730309707,TRUE
"sru_y1_dynamic",20,3,"ridge-LSE",4,0.00247079979386009,0.00285545787616373,0.00483258626648911,TRUE
"sru_y1_dynamic",20,3,"Huber",0,0.00203451315059361,0.00256887365218874,0.00468262511847931,TRUE
"sru_y1_dynamic",20,3,"Huber",1,0.00205211000488208,0.00262701974454971,0.00469340274266995,TRUE
"sru_y1_dynamic",20,3,"Huber",2,0.000595248279992666,0.00133887803761739,0.004365529772231,TRUE
"sru_y1_dynamic",20,3,"Huber",3,0.000677870729687732,0.00140164309421388,0.0041896952858276,TRUE
"sru_y1_dynamic",20,3,"Huber",4,0.000616320248892007,0.00133700198078921,0.00431478801603502,TRUE
"sru_y1_dynamic",20,3,"L1",0,0.000680260908648938,0.0013997486185344,0.00420012485393337,TRUE
"sru_y1_dynamic",20,3,"L1",1,0.000609397316410979,0.00133592191162792,0.00432965551402788,TRUE
"sru_y1_dynamic",20,3,"L1",2,0.000585906669113956,0.0013135847442667,0.00442493861106846,TRUE
"sru_y1_dynamic",20,3,"L1",3,0.0006324879092219,0.00135082421775517,0.00427986809003143,TRUE
"sru_y1_dynamic",20,3,"L1",4,0.00202492647850597,0.00258018713759673,0.00467112192590903,TRUE
"sru_y1_dynamic",20,3,"auto-valgate",0,0.00201523520649398,0.00256705789389997,0.00467561329435915,TRUE
"sru_y1_dynamic",20,3,"auto-valgate",1,0.00202608882250053,0.00258635523091058,0.00467957413360478,TRUE
"sru_y1_dynamic",20,3,"auto-valgate",2,0.000586843842940582,0.00130071465999053,0.00444823251121262,TRUE
"sru_y1_dynamic",20,3,"auto-valgate",3,0.0020457133932341,0.0025834693919915,0.00470662304417515,TRUE
"sru_y1_dynamic",20,3,"auto-valgate",4,0.000590702576550159,0.00132946375473422,0.00441533210638128,TRUE
"sru_y1_dynamic",20,4,"auto",0,0.00197412377728041,0.00237823977012269,0.00387621757151332,TRUE
"sru_y1_dynamic",20,4,"auto",1,0.00152292028947208,0.00198621328688715,0.00370908611542292,TRUE
"sru_y1_dynamic",20,4,"auto",2,0.00172446324605634,0.00215086000472093,0.00377034312104485,TRUE
"sru_y1_dynamic",20,4,"auto",3,0.00163540212537807,0.0020750063363431,0.00374927224622518,TRUE
"sru_y1_dynamic",20,4,"auto",4,0.00159549446085086,0.00204427541954378,0.00368413658855926,TRUE
"sru_y1_dynamic",20,4,"auto-weak",0,0.00218258397168629,0.00261692215807641,0.00469736991854167,TRUE
"sru_y1_dynamic",20,4,"auto-weak",1,0.000590060414743657,0.00119952754163279,0.00421944694477749,TRUE
"sru_y1_dynamic",20,4,"auto-weak",2,0.00058985252676999,0.00119218596122273,0.00420449232449109,TRUE
"sru_y1_dynamic",20,4,"auto-weak",3,0.00221461626970006,0.00262004534959822,0.00470620750357776,TRUE
"sru_y1_dynamic",20,4,"auto-weak",4,0.000590445664983805,0.00118731166522052,0.0042288996827062,TRUE
"sru_y1_dynamic",20,4,"WPMM2",0,0.000591218538261518,0.00119650557867067,0.00421777980535034,TRUE
"sru_y1_dynamic",20,4,"WPMM2",1,0.00223380348720902,0.00263892179709122,0.00472318448895928,TRUE
"sru_y1_dynamic",20,4,"WPMM2",2,0.000589695200309443,0.00118342944544201,0.00420854596044036,TRUE
"sru_y1_dynamic",20,4,"WPMM2",3,0.000611979246389097,0.0012387741312496,0.00429173540467261,TRUE
"sru_y1_dynamic",20,4,"WPMM2",4,0.00219995019396218,0.00262419953945009,0.00470778593258469,TRUE
"sru_y1_dynamic",20,4,"WPMM3",0,0.00222328209010197,0.0026086408979363,0.0047182618717336,TRUE
"sru_y1_dynamic",20,4,"WPMM3",1,0.00223387610373986,0.00267630275232764,0.00472366798644827,TRUE
"sru_y1_dynamic",20,4,"WPMM3",2,0.000590034586764032,0.00120548562125194,0.00421631700343575,TRUE
"sru_y1_dynamic",20,4,"WPMM3",3,0.00218410670443211,0.00259164904337662,0.00469283326321594,TRUE
"sru_y1_dynamic",20,4,"WPMM3",4,0.000587716791317618,0.00122820369134584,0.00412890408563893,TRUE
"sru_y1_dynamic",20,4,"LSE",0,0.00164039319931765,0.002278365109128,0.00402562870239618,TRUE
"sru_y1_dynamic",20,4,"LSE",1,0.00281735865375133,0.00337467076057198,0.00522231927016726,TRUE
"sru_y1_dynamic",20,4,"LSE",2,0.00125608715948736,0.00183103021265431,0.003701598403635,TRUE
"sru_y1_dynamic",20,4,"LSE",3,0.00258807550825893,0.00286878128585048,0.0048503582736596,TRUE
"sru_y1_dynamic",20,4,"LSE",4,0.00422097424636004,0.00478552864939395,0.00649795951824024,TRUE
"sru_y1_dynamic",20,4,"ridge-LSE",0,0.00295795324724727,0.00317185666968529,0.0050794250856413,TRUE
"sru_y1_dynamic",20,4,"ridge-LSE",1,0.00111837051857562,0.00170236261913894,0.00377332666761341,TRUE
"sru_y1_dynamic",20,4,"ridge-LSE",2,0.00122848530960925,0.00178662160593093,0.00365453926514875,TRUE
"sru_y1_dynamic",20,4,"ridge-LSE",3,0.00338049291106023,0.00349845354799432,0.00537582299595606,TRUE
"sru_y1_dynamic",20,4,"ridge-LSE",4,0.00248897813312715,0.00285200670015673,0.00483747904265725,TRUE
"sru_y1_dynamic",20,4,"Huber",0,0.000576466775465552,0.00123619378251438,0.00403985471928905,TRUE
"sru_y1_dynamic",20,4,"Huber",1,0.000584068808574407,0.00120692669550407,0.00418119271163822,TRUE
"sru_y1_dynamic",20,4,"Huber",2,0.000583391690252234,0.0012138824248509,0.00418359791903357,TRUE
"sru_y1_dynamic",20,4,"Huber",3,0.000581736875885404,0.00124464684157127,0.00406596905008123,TRUE
"sru_y1_dynamic",20,4,"Huber",4,0.000614609895218602,0.00127282942832548,0.00419800515052193,TRUE
"sru_y1_dynamic",20,4,"L1",0,0.00240260106424921,0.00286907223279593,0.0048615144384994,TRUE
"sru_y1_dynamic",20,4,"L1",1,0.000589720048187164,0.00122306953043099,0.00415878059295452,TRUE
"sru_y1_dynamic",20,4,"L1",2,0.00249153367615709,0.00296880032302968,0.004913183037588,TRUE
"sru_y1_dynamic",20,4,"L1",3,0.000583714931419195,0.00121893423915181,0.00414803972077037,TRUE
"sru_y1_dynamic",20,4,"L1",4,0.000583953375512002,0.00120353782593617,0.00416523723946047,TRUE
"sru_y1_dynamic",20,4,"auto-valgate",0,0.000593647575599264,0.00122920541546844,0.00421203848562223,TRUE
"sru_y1_dynamic",20,4,"auto-valgate",1,0.000638574155373817,0.00128053485752078,0.00422234137786355,TRUE
"sru_y1_dynamic",20,4,"auto-valgate",2,0.000591970803781244,0.00124658748652885,0.00412440705284555,TRUE
"sru_y1_dynamic",20,4,"auto-valgate",3,0.00214623802260208,0.00262713599719954,0.00467745226501194,TRUE
"sru_y1_dynamic",20,4,"auto-valgate",4,0.000587627882252954,0.0012006271787256,0.00419073407286307,TRUE
"sru_y1_dynamic",20,5,"auto",0,0.00308645153826109,0.0256612729590407,0.214485458070483,TRUE
"sru_y1_dynamic",20,5,"auto",1,0.00260080822461157,0.0244641605924279,0.269743422671785,TRUE
"sru_y1_dynamic",20,5,"auto",2,0.00281590316022554,0.00780998871250503,0.0400834079782469,TRUE
"sru_y1_dynamic",20,5,"auto",3,0.0020257922267444,0.022070142456799,0.181348251756914,TRUE
"sru_y1_dynamic",20,5,"auto",4,0.00219277638944999,0.0138234630127808,0.0892369641843532,TRUE
"sru_y1_dynamic",20,5,"auto-weak",0,0.00050355717380458,0.00462944525972957,0.0295615860462178,TRUE
"sru_y1_dynamic",20,5,"auto-weak",1,0.000484501957482335,0.00366514961025237,0.023825220679014,TRUE
"sru_y1_dynamic",20,5,"auto-weak",2,0.000513055360067155,0.00418668914287711,0.0313877910801042,TRUE
"sru_y1_dynamic",20,5,"auto-weak",3,0.000484717924675387,0.00506026910588665,0.0342765162619902,TRUE
"sru_y1_dynamic",20,5,"auto-weak",4,0.000494316933106096,0.0056006381855714,0.0406978593110352,TRUE
"sru_y1_dynamic",20,5,"WPMM2",0,0.000488475990411414,0.00491194058259842,0.0314624967016071,TRUE
"sru_y1_dynamic",20,5,"WPMM2",1,0.000493497994544549,0.00359147381444678,0.023682636988536,TRUE
"sru_y1_dynamic",20,5,"WPMM2",2,0.000501527571226413,0.00550722178058044,0.0391226370519255,TRUE
"sru_y1_dynamic",20,5,"WPMM2",3,0.00048273363689568,0.00425866628018155,0.0301256457833972,TRUE
"sru_y1_dynamic",20,5,"WPMM2",4,0.000465720361247123,0.00496208481400657,0.033649253122895,TRUE
"sru_y1_dynamic",20,5,"WPMM3",0,0.00189006486472579,0.00616308719516997,0.0361314365048803,TRUE
"sru_y1_dynamic",20,5,"WPMM3",1,0.000487719000129983,0.00535029682894767,0.0380749103250418,TRUE
"sru_y1_dynamic",20,5,"WPMM3",2,0.000484389665414256,0.00500614254523024,0.0330628210869494,TRUE
"sru_y1_dynamic",20,5,"WPMM3",3,0.000492192782932963,0.00387463389194442,0.0260368669073619,TRUE
"sru_y1_dynamic",20,5,"WPMM3",4,0.000485468420017603,0.00572996331918403,0.0414623928861951,TRUE
"sru_y1_dynamic",20,5,"LSE",0,0.00171981948803378,0.00522224276862135,0.0274068892802072,TRUE
"sru_y1_dynamic",20,5,"LSE",1,0.00195642472417175,0.00661716530872926,0.0309663587127593,TRUE
"sru_y1_dynamic",20,5,"LSE",2,0.00217080810735955,0.347259604771336,2.72635407001635,TRUE
"sru_y1_dynamic",20,5,"LSE",3,0.00210504981910665,0.0108683103117468,0.0540119404768273,TRUE
"sru_y1_dynamic",20,5,"LSE",4,0.00236733118026081,0.00925697469939017,0.0438295734095795,TRUE
"sru_y1_dynamic",20,5,"ridge-LSE",0,0.0024064103318701,0.00464770855835782,0.0208592911687714,TRUE
"sru_y1_dynamic",20,5,"ridge-LSE",1,0.00208028049327336,0.00523457526770737,0.0275136622107795,TRUE
"sru_y1_dynamic",20,5,"ridge-LSE",2,0.00235478492285432,0.00654597469822796,0.0302927144815028,TRUE
"sru_y1_dynamic",20,5,"ridge-LSE",3,0.00205040364125529,0.00532488040966512,0.0231387341230764,TRUE
"sru_y1_dynamic",20,5,"ridge-LSE",4,0.00179087589250605,0.0068806507056224,0.0348337619550056,TRUE
"sru_y1_dynamic",20,5,"Huber",0,0.000514623640297303,0.00609420884734724,0.0463718772643502,TRUE
"sru_y1_dynamic",20,5,"Huber",1,0.00198686286028828,0.00587793203382034,0.0277345499852329,TRUE
"sru_y1_dynamic",20,5,"Huber",2,0.000500540538233308,0.0235092933730088,0.265368855125352,TRUE
"sru_y1_dynamic",20,5,"Huber",3,0.00182490760562998,0.00668461086144449,0.0349794749805813,TRUE
"sru_y1_dynamic",20,5,"Huber",4,0.00203536475015282,0.0068013993311911,0.0323082004510608,TRUE
"sru_y1_dynamic",20,5,"L1",0,0.000478502445179231,0.00396430125637904,0.0270742965509772,TRUE
"sru_y1_dynamic",20,5,"L1",1,0.000493490722655479,0.00405956739377407,0.0260737825097749,TRUE
"sru_y1_dynamic",20,5,"L1",2,0.000473169147885696,0.00388607213632617,0.0259648860065028,TRUE
"sru_y1_dynamic",20,5,"L1",3,0.00185761750923575,0.0066796275671604,0.0336082110112303,TRUE
"sru_y1_dynamic",20,5,"L1",4,0.00048056179712627,0.00394638144073752,0.0252712121582393,TRUE
"sru_y1_dynamic",20,5,"auto-valgate",0,0.00192858142895446,0.00587429530208737,0.034327583495958,TRUE
"sru_y1_dynamic",20,5,"auto-valgate",1,0.000492249118252516,0.0113901728571058,0.0892662848994244,TRUE
"sru_y1_dynamic",20,5,"auto-valgate",2,0.00050675180561354,0.00511912679925106,0.0335186549041123,TRUE
"sru_y1_dynamic",20,5,"auto-valgate",3,0.000555119267509434,0.0128835891005243,0.101186797715943,TRUE
"sru_y1_dynamic",20,5,"auto-valgate",4,0.00217673427601385,0.0117753802660536,0.0691933882375273,TRUE
"sru_y1_dynamic",20,6,"auto",0,0.00894191865355581,0.0111373229286241,0.0217515736465934,TRUE
"sru_y1_dynamic",20,6,"auto",1,0.0067196743679192,0.00860213927308372,0.0182624169111536,TRUE
"sru_y1_dynamic",20,6,"auto",2,0.00920604728995687,0.0189277057805705,0.0623560058408688,TRUE
"sru_y1_dynamic",20,6,"auto",3,0.00737638438718031,0.0105776740451692,0.0228103796445944,TRUE
"sru_y1_dynamic",20,6,"auto",4,0.00746054303892571,0.00904579200340673,0.0187051705810166,TRUE
"sru_y1_dynamic",20,6,"auto-weak",0,0.00821863316728809,0.0114024218510359,0.0255510325573304,TRUE
"sru_y1_dynamic",20,6,"auto-weak",1,0.00655505890604987,0.00921249936603182,0.0208248658390532,TRUE
"sru_y1_dynamic",20,6,"auto-weak",2,0.00682343639000777,0.00804836260316635,0.0217043913792664,TRUE
"sru_y1_dynamic",20,6,"auto-weak",3,0.00682343600756781,0.00804836317938826,0.0217044037633734,TRUE
"sru_y1_dynamic",20,6,"auto-weak",4,0.00744816065404397,0.0101623023613286,0.0227015393599629,TRUE
"sru_y1_dynamic",20,6,"WPMM2",0,0.0067840211052248,0.0094544024554352,0.0212997463197693,TRUE
"sru_y1_dynamic",20,6,"WPMM2",1,0.00683337030426374,0.00786722008723841,0.019833005368366,TRUE
"sru_y1_dynamic",20,6,"WPMM2",2,0.0067631382085553,0.00796352734881601,0.0202143278637063,TRUE
"sru_y1_dynamic",20,6,"WPMM2",3,0.00686784466717119,0.00797730614513699,0.0206021224884888,TRUE
"sru_y1_dynamic",20,6,"WPMM2",4,0.00754562220074234,0.0111277319379132,0.0243849507733491,TRUE
"sru_y1_dynamic",20,6,"WPMM3",0,0.00695097968797082,0.00965167180769745,0.0214207587839667,TRUE
"sru_y1_dynamic",20,6,"WPMM3",1,0.00691711354211304,0.00770987766633998,0.0203003812768606,TRUE
"sru_y1_dynamic",20,6,"WPMM3",2,0.0069896688577957,0.00968047178193771,0.0215614988687372,TRUE
"sru_y1_dynamic",20,6,"WPMM3",3,0.00682120303634194,0.00804386748922004,0.0211490094804907,TRUE
"sru_y1_dynamic",20,6,"WPMM3",4,0.00693991291143802,0.00955456139623013,0.0212090505182355,TRUE
"sru_y1_dynamic",20,6,"LSE",0,0.00664046020561968,0.00781163892901947,0.0154942998597949,TRUE
"sru_y1_dynamic",20,6,"LSE",1,0.00666797579627494,0.018199134439412,0.0753950902529946,TRUE
"sru_y1_dynamic",20,6,"LSE",2,0.00645983997702519,0.00854918577528983,0.0190124892320973,TRUE
"sru_y1_dynamic",20,6,"LSE",3,0.00865191073525607,0.0132019646664655,0.0317918792295706,TRUE
"sru_y1_dynamic",20,6,"LSE",4,0.00680679461080536,0.00908636148371539,0.0203744868778773,TRUE
"sru_y1_dynamic",20,6,"ridge-LSE",0,0.0102003283873832,0.0164253692390551,0.0415950234168742,TRUE
"sru_y1_dynamic",20,6,"ridge-LSE",1,0.00653987105530676,0.00837373361111322,0.0182870497481144,TRUE
"sru_y1_dynamic",20,6,"ridge-LSE",2,0.00725962239754361,0.0248658384450687,0.11636677541473,TRUE
"sru_y1_dynamic",20,6,"ridge-LSE",3,0.00686094241731434,0.00821764124500429,0.0197713797414184,TRUE
"sru_y1_dynamic",20,6,"ridge-LSE",4,0.00690387034674389,0.00921517231890269,0.0228169618599676,TRUE
"sru_y1_dynamic",20,6,"Huber",0,0.0068357042867808,0.00788897367264752,0.0202872958670217,TRUE
"sru_y1_dynamic",20,6,"Huber",1,0.006813190764658,0.00787321211391818,0.0201602589088407,TRUE
"sru_y1_dynamic",20,6,"Huber",2,0.00682008025162897,0.00791396574053489,0.0203067816501786,TRUE
"sru_y1_dynamic",20,6,"Huber",3,0.006829440563826,0.00790034377611908,0.0202839469039841,TRUE
"sru_y1_dynamic",20,6,"Huber",4,0.00682738188103814,0.00789800609375878,0.0202391611688337,TRUE
"sru_y1_dynamic",20,6,"L1",0,0.00668570918586677,0.00888827502270869,0.0202565938707618,TRUE
"sru_y1_dynamic",20,6,"L1",1,0.00658440295996393,0.00924904945884461,0.0210420640465888,TRUE
"sru_y1_dynamic",20,6,"L1",2,0.00740401687332148,0.00997051977228777,0.0220004225586226,TRUE
"sru_y1_dynamic",20,6,"L1",3,0.00676330479609062,0.00792281391358252,0.020998213768881,TRUE
"sru_y1_dynamic",20,6,"L1",4,0.00731223942622851,0.0093214616922196,0.0206176498971225,TRUE
"sru_y1_dynamic",20,6,"auto-valgate",0,0.00711838411694812,0.00971265604333808,0.0213124316142634,TRUE
"sru_y1_dynamic",20,6,"auto-valgate",1,0.00660514714935785,0.0091524418864624,0.020630029793442,TRUE
"sru_y1_dynamic",20,6,"auto-valgate",2,0.00685718927900113,0.00795511571549623,0.0209338888860154,TRUE
"sru_y1_dynamic",20,6,"auto-valgate",3,0.0068022660018458,0.00758620614379726,0.0190513903033168,TRUE
"sru_y1_dynamic",20,6,"auto-valgate",4,0.00680359130370316,0.007719567163062,0.019139559747483,TRUE
"sru_y1_dynamic",20,7,"auto",0,0.00290117316386826,0.0058912245553292,0.0183979414536044,TRUE
"sru_y1_dynamic",20,7,"auto",1,0.00254154570188122,0.00550043205884882,0.0165555804019561,TRUE
"sru_y1_dynamic",20,7,"auto",2,0.00272333475608522,0.00525835983800301,0.015324058427518,TRUE
"sru_y1_dynamic",20,7,"auto",3,0.0024107825788397,0.00503719514087648,0.0153033936902021,TRUE
"sru_y1_dynamic",20,7,"auto",4,0.00241510815457908,0.00510207517008121,0.016279276708042,TRUE
"sru_y1_dynamic",20,7,"auto-weak",0,0.00158186229796549,0.00445226913161911,0.0159568415003474,TRUE
"sru_y1_dynamic",20,7,"auto-weak",1,0.0012256391172807,0.00448277447738104,0.0194501597076023,TRUE
"sru_y1_dynamic",20,7,"auto-weak",2,0.00289651507272495,0.00569585637689642,0.0196172830862333,TRUE
"sru_y1_dynamic",20,7,"auto-weak",3,0.00119428724302562,0.00462755029631888,0.0231153060903782,TRUE
"sru_y1_dynamic",20,7,"auto-weak",4,0.00128903184683192,0.00424223733711214,0.0166011865190268,TRUE
"sru_y1_dynamic",20,7,"WPMM2",0,0.00277932752569543,0.00577904311040006,0.0198792774781422,TRUE
"sru_y1_dynamic",20,7,"WPMM2",1,0.00117618316674128,0.00450389708907452,0.0191961518837857,TRUE
"sru_y1_dynamic",20,7,"WPMM2",2,0.0028365527842974,0.00562842793489257,0.0195279145788607,TRUE
"sru_y1_dynamic",20,7,"WPMM2",3,0.00122006670405492,0.0044464105073309,0.0190858843160633,TRUE
"sru_y1_dynamic",20,7,"WPMM2",4,0.0011753285804677,0.00450357841659457,0.0191629547209737,TRUE
"sru_y1_dynamic",20,7,"WPMM3",0,0.00286464500663612,0.00585723891796148,0.0195361159620535,TRUE
"sru_y1_dynamic",20,7,"WPMM3",1,0.00128673844518622,0.00445237593097348,0.0187253886353928,TRUE
"sru_y1_dynamic",20,7,"WPMM3",2,0.0012244103207009,0.00455892648450111,0.0203166766351957,TRUE
"sru_y1_dynamic",20,7,"WPMM3",3,0.00295429410319187,0.00587506382425754,0.019967970061604,TRUE
"sru_y1_dynamic",20,7,"WPMM3",4,0.00122347575734932,0.00438039149413298,0.0180676559772347,TRUE
"sru_y1_dynamic",20,7,"LSE",0,0.00217381951440517,0.00509391147303451,0.0168272125128543,TRUE
"sru_y1_dynamic",20,7,"LSE",1,0.00268675721807666,0.00526113960374369,0.0158683053869801,TRUE
"sru_y1_dynamic",20,7,"LSE",2,0.00245666707130943,0.0050831156075222,0.0161827713441191,TRUE
"sru_y1_dynamic",20,7,"LSE",3,0.00239147480503913,0.00623777355599218,0.0214359676091266,TRUE
"sru_y1_dynamic",20,7,"LSE",4,0.00196951827129937,0.00507435917895768,0.0175861092452619,TRUE
"sru_y1_dynamic",20,7,"ridge-LSE",0,0.00200030148992137,0.00487331805026497,0.017701403073973,TRUE
"sru_y1_dynamic",20,7,"ridge-LSE",1,0.0020471176274576,0.00531816613997863,0.0208221483294334,TRUE
"sru_y1_dynamic",20,7,"ridge-LSE",2,0.00290326837477569,0.0056873862917994,0.0162589584730777,TRUE
"sru_y1_dynamic",20,7,"ridge-LSE",3,0.00219949008306125,0.00522557048897608,0.0168895046586788,TRUE
"sru_y1_dynamic",20,7,"ridge-LSE",4,0.00382108745079365,0.00692091118945287,0.0191942258378632,TRUE
"sru_y1_dynamic",20,7,"Huber",0,0.00128792938321748,0.00448554822540002,0.0187712040998576,TRUE
"sru_y1_dynamic",20,7,"Huber",1,0.00276193471970527,0.0056671631277419,0.019538610943818,TRUE
"sru_y1_dynamic",20,7,"Huber",2,0.00266673414319826,0.00530369899875195,0.0179011730101574,TRUE
"sru_y1_dynamic",20,7,"Huber",3,0.00128495838290607,0.00437712145573948,0.0206427068699347,TRUE
"sru_y1_dynamic",20,7,"Huber",4,0.00279289924968411,0.00564730707730076,0.0193233848995594,TRUE
"sru_y1_dynamic",20,7,"L1",0,0.00128227360924245,0.0044907871405821,0.0184678552025444,TRUE
"sru_y1_dynamic",20,7,"L1",1,0.001280026267828,0.00452638002211647,0.0181839529541363,TRUE
"sru_y1_dynamic",20,7,"L1",2,0.00128513849906442,0.00448161900494888,0.0181883838860971,TRUE
"sru_y1_dynamic",20,7,"L1",3,0.00133266818561023,0.00446844860782023,0.0187539140608635,TRUE
"sru_y1_dynamic",20,7,"L1",4,0.00129302429572821,0.00446937334737251,0.0181143238467954,TRUE
"sru_y1_dynamic",20,7,"auto-valgate",0,0.0012337362836317,0.00444777116666734,0.0179633269216007,TRUE
"sru_y1_dynamic",20,7,"auto-valgate",1,0.00132227045788213,0.00446712919117362,0.0178825491642335,TRUE
"sru_y1_dynamic",20,7,"auto-valgate",2,0.00130239814597652,0.00449852617679053,0.0192079851836441,TRUE
"sru_y1_dynamic",20,7,"auto-valgate",3,0.002868655431261,0.00588771549951971,0.0196515179885026,TRUE
"sru_y1_dynamic",20,7,"auto-valgate",4,0.00131448452875186,0.00450262351811419,0.0188451713476704,TRUE
"sru_y1_dynamic",20,8,"auto",0,0.00453694922939867,0.00556739453970564,0.00863248987513532,TRUE
"sru_y1_dynamic",20,8,"auto",1,0.00421851318749652,0.00475167621328336,0.00736555105913872,TRUE
"sru_y1_dynamic",20,8,"auto",2,0.0041001928639791,0.00500210374602528,0.00845762903068761,TRUE
"sru_y1_dynamic",20,8,"auto",3,0.00613664161037754,0.00669568825679563,0.0100425249421231,TRUE
"sru_y1_dynamic",20,8,"auto",4,0.00293383984319692,0.00360887654761679,0.00670901205789829,TRUE
"sru_y1_dynamic",20,8,"auto-weak",0,0.00210582111290515,0.0028231532418413,0.00771748246972465,TRUE
"sru_y1_dynamic",20,8,"auto-weak",1,0.00360775522425997,0.00454159614775002,0.00814414677907583,TRUE
"sru_y1_dynamic",20,8,"auto-weak",2,0.00209189866776926,0.00281594154681269,0.00761920811341937,TRUE
"sru_y1_dynamic",20,8,"auto-weak",3,0.00208884232245378,0.00281523418748176,0.0078496367799612,TRUE
"sru_y1_dynamic",20,8,"auto-weak",4,0.00209711419647148,0.00283307448358064,0.0077556421679657,TRUE
"sru_y1_dynamic",20,8,"WPMM2",0,0.00212623326060373,0.00286795370139381,0.00768963470987365,TRUE
"sru_y1_dynamic",20,8,"WPMM2",1,0.00213036596049332,0.00288399057166851,0.00777275917026315,TRUE
"sru_y1_dynamic",20,8,"WPMM2",2,0.0020808188255174,0.00279145547713802,0.00747039909854306,TRUE
"sru_y1_dynamic",20,8,"WPMM2",3,0.00442958648865695,0.00530451373026604,0.00835121030770565,TRUE
"sru_y1_dynamic",20,8,"WPMM2",4,0.00386335479218734,0.00475655478333629,0.00784618200501201,TRUE
"sru_y1_dynamic",20,8,"WPMM3",0,0.00363948611900869,0.00459702919937039,0.00818372001310014,TRUE
"sru_y1_dynamic",20,8,"WPMM3",1,0.00212798040669689,0.00287720240387631,0.0077433134470919,TRUE
"sru_y1_dynamic",20,8,"WPMM3",2,0.00377512371550821,0.00467703489074942,0.00812229741696324,TRUE
"sru_y1_dynamic",20,8,"WPMM3",3,0.00211431286690979,0.0028384002175939,0.0077166674880678,TRUE
"sru_y1_dynamic",20,8,"WPMM3",4,0.00212325880769169,0.0028515563411728,0.00765941136779709,TRUE
"sru_y1_dynamic",20,8,"LSE",0,0.00230699879366312,0.0031494084001655,0.00699039344154081,TRUE
"sru_y1_dynamic",20,8,"LSE",1,0.00423330253580267,0.00462477030290503,0.0072182787713093,TRUE
"sru_y1_dynamic",20,8,"LSE",2,0.00470139344317531,0.00514928422129465,0.00750181351477292,TRUE
"sru_y1_dynamic",20,8,"LSE",3,0.00404727373759028,0.00453866120638113,0.0071486253132495,TRUE
"sru_y1_dynamic",20,8,"LSE",4,0.00553721608143524,0.00592507459998962,0.00838934869861023,TRUE
"sru_y1_dynamic",20,8,"ridge-LSE",0,0.00351203033254072,0.00412346985015456,0.00684374812074582,TRUE
"sru_y1_dynamic",20,8,"ridge-LSE",1,0.00584275569904894,0.00671880560740681,0.0097699056940459,TRUE
"sru_y1_dynamic",20,8,"ridge-LSE",2,0.00309591133488182,0.0038197283720442,0.00671322265391621,TRUE
"sru_y1_dynamic",20,8,"ridge-LSE",3,0.00428656296720916,0.00466456638430898,0.00728547625362929,TRUE
"sru_y1_dynamic",20,8,"ridge-LSE",4,0.00391627189852122,0.00443578413134057,0.00715510567693727,TRUE
"sru_y1_dynamic",20,8,"Huber",0,0.002137360110792,0.00286551244632496,0.00741647246744191,TRUE
"sru_y1_dynamic",20,8,"Huber",1,0.00442575501631421,0.00526677850506532,0.00857325367673872,TRUE
"sru_y1_dynamic",20,8,"Huber",2,0.00216483259461544,0.00288345391139008,0.00724263965098239,TRUE
"sru_y1_dynamic",20,8,"Huber",3,0.00422643603582129,0.00517808348286509,0.00827849805137881,TRUE
"sru_y1_dynamic",20,8,"Huber",4,0.00212840455657393,0.00289865384567232,0.00768578041716069,TRUE
"sru_y1_dynamic",20,8,"L1",0,0.00210490502248661,0.00285082854679273,0.00746405563520129,TRUE
"sru_y1_dynamic",20,8,"L1",1,0.00213766557929764,0.00290474902941621,0.00754870227513847,TRUE
"sru_y1_dynamic",20,8,"L1",2,0.00517854290564371,0.00585131999616235,0.00838878708716196,TRUE
"sru_y1_dynamic",20,8,"L1",3,0.00212997916024299,0.00289883930984474,0.00765448237132695,TRUE
"sru_y1_dynamic",20,8,"L1",4,0.00212267693698744,0.00286201562305145,0.00765363200406525,TRUE
"sru_y1_dynamic",20,8,"auto-valgate",0,0.00363100878936838,0.00457877438488028,0.00817671243492479,TRUE
"sru_y1_dynamic",20,8,"auto-valgate",1,0.00207589594346417,0.00279589679388554,0.00749895538667842,TRUE
"sru_y1_dynamic",20,8,"auto-valgate",2,0.00392840583441114,0.00488212892622941,0.00816731243501807,TRUE
"sru_y1_dynamic",20,8,"auto-valgate",3,0.00362692788307473,0.00456578031736891,0.00815460952780623,TRUE
"sru_y1_dynamic",20,8,"auto-valgate",4,0.00364591070394899,0.00456411467267685,0.00815699785190612,TRUE
"sru_y1_dynamic",20,9,"auto",0,0.00354760968029612,0.00420148754581122,0.00621726118408095,TRUE
"sru_y1_dynamic",20,9,"auto",1,0.00627689486349474,0.00701396812045701,0.00950491781642315,TRUE
"sru_y1_dynamic",20,9,"auto",2,0.00486001020065071,0.00570646875307568,0.00840811702984056,TRUE
"sru_y1_dynamic",20,9,"auto",3,0.00330440683898392,0.00403095535485704,0.00608896846347221,TRUE
"sru_y1_dynamic",20,9,"auto",4,0.00323247986932342,0.00396378177956748,0.00606428488784527,TRUE
"sru_y1_dynamic",20,9,"auto-weak",0,0.00331425749239161,0.0039998883167584,0.0080014553612,TRUE
"sru_y1_dynamic",20,9,"auto-weak",1,0.00234649086311921,0.00268885623191363,0.00700530239753477,TRUE
"sru_y1_dynamic",20,9,"auto-weak",2,0.00331245112578906,0.00401539679398663,0.0080161251574862,TRUE
"sru_y1_dynamic",20,9,"auto-weak",3,0.00330109888886051,0.00393999488766399,0.00792832263764581,TRUE
"sru_y1_dynamic",20,9,"auto-weak",4,0.00330005301157948,0.00393291620022614,0.00794409281276824,TRUE
"sru_y1_dynamic",20,9,"WPMM2",0,0.00234628051212214,0.00264982196719583,0.00708922004260624,TRUE
"sru_y1_dynamic",20,9,"WPMM2",1,0.00332352579375384,0.00403842908568318,0.00802989284856723,TRUE
"sru_y1_dynamic",20,9,"WPMM2",2,0.00234597942342623,0.00265051016555546,0.00708635726313129,TRUE
"sru_y1_dynamic",20,9,"WPMM2",3,0.00234368195076561,0.00267337037266693,0.0070181802307135,TRUE
"sru_y1_dynamic",20,9,"WPMM2",4,0.00233776369856891,0.00268425412271721,0.00705398712436656,TRUE
"sru_y1_dynamic",20,9,"WPMM3",0,0.00233161055574433,0.00268471337265197,0.0070683250283083,TRUE
"sru_y1_dynamic",20,9,"WPMM3",1,0.00236209369493868,0.00270678712011915,0.0070475997912441,TRUE
"sru_y1_dynamic",20,9,"WPMM3",2,0.00233598023190232,0.00264763267050131,0.00701863108824036,TRUE
"sru_y1_dynamic",20,9,"WPMM3",3,0.00330136639749279,0.00398843597166898,0.00800571280032358,TRUE
"sru_y1_dynamic",20,9,"WPMM3",4,0.00234303671105709,0.00267051444237426,0.00706466070682006,TRUE
"sru_y1_dynamic",20,9,"LSE",0,0.00372173245788166,0.00444159774545152,0.00805689625435991,TRUE
"sru_y1_dynamic",20,9,"LSE",1,0.00278815561460968,0.00357522509090924,0.00606963372166173,TRUE
"sru_y1_dynamic",20,9,"LSE",2,0.00312778013966991,0.00393572328991021,0.00612455651552996,TRUE
"sru_y1_dynamic",20,9,"LSE",3,0.00329327521451494,0.00407495159117088,0.00606890775073815,TRUE
"sru_y1_dynamic",20,9,"LSE",4,0.00336548941357724,0.0040432215197886,0.00811762071358319,TRUE
"sru_y1_dynamic",20,9,"ridge-LSE",0,0.00289901536251596,0.00361459621373928,0.00607929829932972,TRUE
"sru_y1_dynamic",20,9,"ridge-LSE",1,0.00258567996622619,0.0034397530313165,0.0061808842806708,TRUE
"sru_y1_dynamic",20,9,"ridge-LSE",2,0.00399947486361349,0.00513180297225827,0.00872998248459697,TRUE
"sru_y1_dynamic",20,9,"ridge-LSE",3,0.00265771914200054,0.00331151269983664,0.00606787630364295,TRUE
"sru_y1_dynamic",20,9,"ridge-LSE",4,0.00272884316581214,0.00347636882593803,0.00601105951504475,TRUE
"sru_y1_dynamic",20,9,"Huber",0,0.00329176501679416,0.00394947945491391,0.00789841148010448,TRUE
"sru_y1_dynamic",20,9,"Huber",1,0.00232213265237667,0.00268225065808712,0.00694048512304272,TRUE
"sru_y1_dynamic",20,9,"Huber",2,0.00330120010653171,0.00408528340883072,0.00804209373185814,TRUE
"sru_y1_dynamic",20,9,"Huber",3,0.00232764400813111,0.00267828701274338,0.00686835562993699,TRUE
"sru_y1_dynamic",20,9,"Huber",4,0.00231969677370286,0.00267535991117888,0.00690874725795529,TRUE
"sru_y1_dynamic",20,9,"L1",0,0.00333914170874925,0.00399324756031208,0.0078388258585604,TRUE
"sru_y1_dynamic",20,9,"L1",1,0.00233296468390723,0.0026736359921322,0.00696804938357489,TRUE
"sru_y1_dynamic",20,9,"L1",2,0.00232689775239745,0.00267034543398486,0.0069755445409076,TRUE
"sru_y1_dynamic",20,9,"L1",3,0.00233399840902047,0.00268989229311119,0.00681670968728336,TRUE
"sru_y1_dynamic",20,9,"L1",4,0.00232537599703506,0.00267546210034602,0.0069899300339918,TRUE
"sru_y1_dynamic",20,9,"auto-valgate",0,0.00232576269935301,0.00268893641543447,0.00695205061733002,TRUE
"sru_y1_dynamic",20,9,"auto-valgate",1,0.00338043362009592,0.00408154277923601,0.00796548513307374,TRUE
"sru_y1_dynamic",20,9,"auto-valgate",2,0.0023281267939723,0.00268416839769572,0.00696126500330506,TRUE
"sru_y1_dynamic",20,9,"auto-valgate",3,0.00232561429179578,0.00266988416453948,0.00698575378508823,TRUE
"sru_y1_dynamic",20,9,"auto-valgate",4,0.00234151727684987,0.00268737499353936,0.00706168869976829,TRUE
"sru_y1_dynamic",20,10,"auto",0,0.00439895306601207,0.00655502536744498,0.0145519568086,TRUE
"sru_y1_dynamic",20,10,"auto",1,0.00329977380247588,0.00448542124317711,0.00933873068049633,TRUE
"sru_y1_dynamic",20,10,"auto",2,0.00341200508056785,0.00464366027436179,0.00989386890728604,TRUE
"sru_y1_dynamic",20,10,"auto",3,0.00365406939665107,0.00471584443507993,0.00971403066478101,TRUE
"sru_y1_dynamic",20,10,"auto",4,0.00343619210190998,0.0056294592508529,0.0135580093578179,TRUE
"sru_y1_dynamic",20,10,"auto-weak",0,0.00293513762819598,0.00524433347825782,0.0135555347834027,TRUE
"sru_y1_dynamic",20,10,"auto-weak",1,0.00304271734986536,0.00535472973291562,0.0132546408350551,TRUE
"sru_y1_dynamic",20,10,"auto-weak",2,0.00175516023773346,0.00330344835525993,0.0104297754608888,TRUE
"sru_y1_dynamic",20,10,"auto-weak",3,0.00293596205632341,0.00493011134732043,0.0122092016331881,TRUE
"sru_y1_dynamic",20,10,"auto-weak",4,0.0016404675106074,0.00308343657732204,0.00990683138047053,TRUE
"sru_y1_dynamic",20,10,"WPMM2",0,0.00304702163238201,0.00542817630780765,0.0137955642091502,TRUE
"sru_y1_dynamic",20,10,"WPMM2",1,0.00297605087598812,0.00524048176306836,0.0135654841474731,TRUE
"sru_y1_dynamic",20,10,"WPMM2",2,0.00302758465208948,0.00486485516280517,0.011544944610793,TRUE
"sru_y1_dynamic",20,10,"WPMM2",3,0.00299220993676765,0.00523013988974675,0.0132063293092766,TRUE
"sru_y1_dynamic",20,10,"WPMM2",4,0.00174081772147284,0.0032211038574199,0.0105923968851525,TRUE
"sru_y1_dynamic",20,10,"WPMM3",0,0.00172113258333481,0.00314003401288896,0.0100535274167529,TRUE
"sru_y1_dynamic",20,10,"WPMM3",1,0.00175055142073874,0.00306420513943199,0.00977370937755494,TRUE
"sru_y1_dynamic",20,10,"WPMM3",2,0.00173127655373247,0.00317833772641196,0.0103876977562004,TRUE
"sru_y1_dynamic",20,10,"WPMM3",3,0.00164727287086558,0.00311283980714126,0.0102257017082077,TRUE
"sru_y1_dynamic",20,10,"WPMM3",4,0.00294930038610224,0.00526296864725352,0.0135420577415506,TRUE
"sru_y1_dynamic",20,10,"LSE",0,0.00243004620265552,0.00391237271262253,0.00944178696354945,TRUE
"sru_y1_dynamic",20,10,"LSE",1,0.00218140334049217,0.00353134904176412,0.00891056529231758,TRUE
"sru_y1_dynamic",20,10,"LSE",2,0.00357438049349929,0.00581589483534623,0.0137800466565263,TRUE
"sru_y1_dynamic",20,10,"LSE",3,0.00322279092410706,0.00439712918110975,0.00965540900152059,TRUE
"sru_y1_dynamic",20,10,"LSE",4,0.00230920390916009,0.00375618415286039,0.00910917557691623,TRUE
"sru_y1_dynamic",20,10,"ridge-LSE",0,0.00272257415489838,0.00400207271504322,0.00958527951260062,TRUE
"sru_y1_dynamic",20,10,"ridge-LSE",1,0.00288754481320173,0.00415093376040799,0.00929736837546794,TRUE
"sru_y1_dynamic",20,10,"ridge-LSE",2,0.00270756064614922,0.0040332509097346,0.00902559433803731,TRUE
"sru_y1_dynamic",20,10,"ridge-LSE",3,0.00291990973840996,0.00415815895775915,0.00902518013074033,TRUE
"sru_y1_dynamic",20,10,"ridge-LSE",4,0.00268186089326735,0.00402654849012398,0.00926845712475479,TRUE
"sru_y1_dynamic",20,10,"Huber",0,0.00301146541521788,0.00513081515674428,0.0125174290045239,TRUE
"sru_y1_dynamic",20,10,"Huber",1,0.00176474654494434,0.00319688076681485,0.00993050155774259,TRUE
"sru_y1_dynamic",20,10,"Huber",2,0.002942980876957,0.00526964907184106,0.0135161825156196,TRUE
"sru_y1_dynamic",20,10,"Huber",3,0.00312864176784948,0.00538330289497911,0.012934222183552,TRUE
"sru_y1_dynamic",20,10,"Huber",4,0.00306324262605839,0.0051165620237663,0.0126572743162188,TRUE
"sru_y1_dynamic",20,10,"L1",0,0.00295877271851455,0.0051999544452109,0.0134286648156067,TRUE
"sru_y1_dynamic",20,10,"L1",1,0.00302825908908905,0.00506127371820122,0.0124403611735792,TRUE
"sru_y1_dynamic",20,10,"L1",2,0.00164797423444244,0.00303770270747736,0.00963869104149881,TRUE
"sru_y1_dynamic",20,10,"L1",3,0.00296037492880342,0.00494504305145924,0.0123568031961499,TRUE
"sru_y1_dynamic",20,10,"L1",4,0.00293340280754305,0.00522508479924212,0.0129887732943753,TRUE
"sru_y1_dynamic",20,10,"auto-valgate",0,0.00173686630905095,0.00317639196129384,0.010292609169269,TRUE
"sru_y1_dynamic",20,10,"auto-valgate",1,0.00165104638800722,0.0029984397037939,0.00944676980885831,TRUE
"sru_y1_dynamic",20,10,"auto-valgate",2,0.00302940589409525,0.00482879210978753,0.0114089019582717,TRUE
"sru_y1_dynamic",20,10,"auto-valgate",3,0.00303543216172459,0.00536120733151298,0.0136558226156257,TRUE
"sru_y1_dynamic",20,10,"auto-valgate",4,0.00306751055293133,0.00528372007977026,0.013456308248297,TRUE
"sru_y1_dynamic",50,1,"auto",0,0.00274707510108204,0.00340739763985993,0.00500610236831086,TRUE
"sru_y1_dynamic",50,1,"auto",1,0.00287228606077934,0.00349067474718208,0.00493889974443692,TRUE
"sru_y1_dynamic",50,1,"auto",2,0.0023450561005404,0.0031022189972762,0.00467504279663947,TRUE
"sru_y1_dynamic",50,1,"auto",3,0.00253138814946878,0.00321747206714736,0.00485621711001812,TRUE
"sru_y1_dynamic",50,1,"auto",4,0.00288698291633235,0.00350804510885784,0.00490744180730774,TRUE
"sru_y1_dynamic",50,1,"auto-weak",0,0.00217234458913812,0.0029485999666201,0.00554907425485067,TRUE
"sru_y1_dynamic",50,1,"auto-weak",1,0.000396131788239076,0.0014598687921932,0.00525353052750978,TRUE
"sru_y1_dynamic",50,1,"auto-weak",2,0.00225272574944206,0.00299992407755749,0.00558573042720047,TRUE
"sru_y1_dynamic",50,1,"auto-weak",3,0.000389543910892761,0.00144331593973078,0.00523996872532059,TRUE
"sru_y1_dynamic",50,1,"auto-weak",4,0.000397942765647989,0.00146320445133859,0.00525214548115208,TRUE
"sru_y1_dynamic",50,1,"WPMM2",0,0.00219396252154163,0.00295162384109535,0.00556256486151035,TRUE
"sru_y1_dynamic",50,1,"WPMM2",1,0.00213239836957966,0.00294009821290462,0.00553441466535272,TRUE
"sru_y1_dynamic",50,1,"WPMM2",2,0.00220800027790605,0.00296006551894357,0.00558418288588686,TRUE
"sru_y1_dynamic",50,1,"WPMM2",3,0.00040103124898479,0.00146531591260131,0.00517611043696282,TRUE
"sru_y1_dynamic",50,1,"WPMM2",4,0.00218041965354141,0.00291149248367352,0.00556613782050104,TRUE
"sru_y1_dynamic",50,1,"WPMM3",0,0.000386805553377358,0.0014367248183209,0.00528847447139566,TRUE
"sru_y1_dynamic",50,1,"WPMM3",1,0.000389926788110986,0.00144798950260871,0.00527409532075725,TRUE
"sru_y1_dynamic",50,1,"WPMM3",2,0.000394814939244118,0.0014540486936366,0.00521494204086111,TRUE
"sru_y1_dynamic",50,1,"WPMM3",3,0.00219025427318094,0.00294867085738865,0.00559525005462037,TRUE
"sru_y1_dynamic",50,1,"WPMM3",4,0.00212943093984767,0.00288049277015501,0.00556898195592239,TRUE
"sru_y1_dynamic",50,1,"LSE",0,0.00144898738241409,0.00262304864769304,0.00536186033325791,TRUE
"sru_y1_dynamic",50,1,"LSE",1,0.00182093934481626,0.00263905477102258,0.00468321758409596,TRUE
"sru_y1_dynamic",50,1,"LSE",2,0.00170371367340643,0.00255548800298202,0.00460892164323689,TRUE
"sru_y1_dynamic",50,1,"LSE",3,0.00178736244324896,0.00257729763788855,0.00455111364622964,TRUE
"sru_y1_dynamic",50,1,"LSE",4,0.00146935190393727,0.00241197708199554,0.00520258017308109,TRUE
"sru_y1_dynamic",50,1,"ridge-LSE",0,0.00221492294721455,0.00294475890500137,0.00478959897555998,TRUE
"sru_y1_dynamic",50,1,"ridge-LSE",1,0.00282830576511253,0.00356576540749055,0.00577282984869449,TRUE
"sru_y1_dynamic",50,1,"ridge-LSE",2,0.00165561548895895,0.00254181225401027,0.00465009054258672,TRUE
"sru_y1_dynamic",50,1,"ridge-LSE",3,0.00265113742095481,0.00311829655258755,0.00578816167001424,TRUE
"sru_y1_dynamic",50,1,"ridge-LSE",4,0.00224566653267847,0.00294301142295047,0.00535680384339418,TRUE
"sru_y1_dynamic",50,1,"Huber",0,0.000436817214446015,0.00151796563465831,0.00529510477953559,TRUE
"sru_y1_dynamic",50,1,"Huber",1,0.000572568638901501,0.00158251898128697,0.00514769866357844,TRUE
"sru_y1_dynamic",50,1,"Huber",2,0.000529921914186115,0.00155891485831959,0.00520149698876396,TRUE
"sru_y1_dynamic",50,1,"Huber",3,0.000466746924633727,0.00153870897564989,0.00518670091371411,TRUE
"sru_y1_dynamic",50,1,"Huber",4,0.000426728711273309,0.0015094789046332,0.00512140669208162,TRUE
"sru_y1_dynamic",50,1,"L1",0,0.00225736199045088,0.00287428918015764,0.0056688650092278,TRUE
"sru_y1_dynamic",50,1,"L1",1,0.000432672637153143,0.00149555786660448,0.00520724081363212,TRUE
"sru_y1_dynamic",50,1,"L1",2,0.000411330808503302,0.00147708988294137,0.00517887997374905,TRUE
"sru_y1_dynamic",50,1,"L1",3,0.000416738335921429,0.00148445928242563,0.0052463061399681,TRUE
"sru_y1_dynamic",50,1,"L1",4,0.00040369064269285,0.00147056061590541,0.0052050497991493,TRUE
"sru_y1_dynamic",50,1,"auto-valgate",0,0.000407942373811246,0.00147022162673963,0.00535107046787641,TRUE
"sru_y1_dynamic",50,1,"auto-valgate",1,0.0022230384598907,0.00294972318918888,0.00556623239183197,TRUE
"sru_y1_dynamic",50,1,"auto-valgate",2,0.000408092530425747,0.00147252957267118,0.00519608721841982,TRUE
"sru_y1_dynamic",50,1,"auto-valgate",3,0.00219426541680811,0.00288019905488676,0.00559613504339573,TRUE
"sru_y1_dynamic",50,1,"auto-valgate",4,0.00038794609205547,0.00144572666840523,0.00528895744108944,TRUE
"sru_y1_dynamic",50,2,"auto",0,0.00629017520875817,0.0142172285839713,0.0511532365220657,TRUE
"sru_y1_dynamic",50,2,"auto",1,0.00718216768394428,0.409420205909073,3.91214299223273,TRUE
"sru_y1_dynamic",50,2,"auto",2,0.00587015288743068,0.0116835121938484,0.0368501999245281,TRUE
"sru_y1_dynamic",50,2,"auto",3,0.00445834191423634,0.00978150681588326,0.033117997299218,TRUE
"sru_y1_dynamic",50,2,"auto",4,0.00465045568037858,0.00884457231180059,0.0269679343455004,TRUE
"sru_y1_dynamic",50,2,"auto-weak",0,0.00465884454085127,0.0125229931350782,0.0682333707378942,TRUE
"sru_y1_dynamic",50,2,"auto-weak",1,0.00604249516801899,0.013683009823262,0.0506730798565833,TRUE
"sru_y1_dynamic",50,2,"auto-weak",2,0.00482846323473225,0.00754841381758842,0.0228495334481749,TRUE
"sru_y1_dynamic",50,2,"auto-weak",3,0.00612433283217923,0.0130309799051266,0.0428649911490801,TRUE
"sru_y1_dynamic",50,2,"auto-weak",4,0.00595079368541703,0.0106227155889685,0.0331683944303099,TRUE
"sru_y1_dynamic",50,2,"WPMM2",0,0.00581385557810368,0.0100454126744843,0.0329763312998486,TRUE
"sru_y1_dynamic",50,2,"WPMM2",1,0.00463785975083172,0.00741192111645382,0.0238142755989302,TRUE
"sru_y1_dynamic",50,2,"WPMM2",2,0.00493867799284943,0.0079864742910245,0.0255323776353061,TRUE
"sru_y1_dynamic",50,2,"WPMM2",3,0.00597087192069271,0.0101084993727243,0.0311583902238662,TRUE
"sru_y1_dynamic",50,2,"WPMM2",4,0.00566266653548187,0.00891348365654521,0.0246630318174489,TRUE
"sru_y1_dynamic",50,2,"WPMM3",0,0.00561000470699007,0.00802462373532292,0.0217364033482173,TRUE
"sru_y1_dynamic",50,2,"WPMM3",1,0.00509755599691935,0.00878716269723892,0.0342500513541523,TRUE
"sru_y1_dynamic",50,2,"WPMM3",2,0.00578665206215937,0.00811983449803198,0.0215205614181121,TRUE
"sru_y1_dynamic",50,2,"WPMM3",3,0.00502235436903641,0.00785279853170525,0.0247559581760152,TRUE
"sru_y1_dynamic",50,2,"WPMM3",4,0.00470206798706373,0.0079897095361922,0.0265262306804262,TRUE
"sru_y1_dynamic",50,2,"LSE",0,0.00657751940397432,0.0141639068796475,0.046501724517234,TRUE
"sru_y1_dynamic",50,2,"LSE",1,0.00595639620941121,0.0115328677528838,0.0313203807721868,TRUE
"sru_y1_dynamic",50,2,"LSE",2,0.00461871741742755,0.0100256143678547,0.0343147455836082,TRUE
"sru_y1_dynamic",50,2,"LSE",3,0.00675467602627693,0.0121291588774796,0.041724899051949,TRUE
"sru_y1_dynamic",50,2,"LSE",4,0.00636847208059606,0.0127152750306016,0.0401966962282367,TRUE
"sru_y1_dynamic",50,2,"ridge-LSE",0,0.00612399028938027,0.0128849690552594,0.0387516791006964,TRUE
"sru_y1_dynamic",50,2,"ridge-LSE",1,0.00597717523324584,0.0123828758741663,0.0369218913665496,TRUE
"sru_y1_dynamic",50,2,"ridge-LSE",2,0.0054572973883434,0.0101787752586148,0.032426079032111,TRUE
"sru_y1_dynamic",50,2,"ridge-LSE",3,0.00640715260221659,0.0103981813289373,0.0278212244238976,TRUE
"sru_y1_dynamic",50,2,"ridge-LSE",4,0.00506004924733457,0.0191673134185772,0.105572401550143,TRUE
"sru_y1_dynamic",50,2,"Huber",0,0.00545347282903207,0.0105737837169167,0.033968732342173,TRUE
"sru_y1_dynamic",50,2,"Huber",1,0.00551924239737049,0.0139150886718841,0.0505847924158871,TRUE
"sru_y1_dynamic",50,2,"Huber",2,0.00593040377276888,0.00972224264995426,0.0249491419616879,TRUE
"sru_y1_dynamic",50,2,"Huber",3,0.00572436112351277,0.0112037376816624,0.0360762969191963,TRUE
"sru_y1_dynamic",50,2,"Huber",4,0.00569146701766595,0.00954920510979324,0.0287439492306809,TRUE
"sru_y1_dynamic",50,2,"L1",0,0.0049561840024005,0.00751854918896925,0.024548244838922,TRUE
"sru_y1_dynamic",50,2,"L1",1,0.00475974002332449,0.00734089357645782,0.0237329185144975,TRUE
"sru_y1_dynamic",50,2,"L1",2,0.00524350312025198,0.00823835190502527,0.0241672251417663,TRUE
"sru_y1_dynamic",50,2,"L1",3,0.00569483926699338,0.0120777319883426,0.0427997240666399,TRUE
"sru_y1_dynamic",50,2,"L1",4,0.00591677155908425,0.0130508696658294,0.0426700420956258,TRUE
"sru_y1_dynamic",50,2,"auto-valgate",0,0.00560815778294642,0.0227131770332948,0.118461947344135,TRUE
"sru_y1_dynamic",50,2,"auto-valgate",1,0.00577266937242929,0.0159085652703933,0.061550472706273,TRUE
"sru_y1_dynamic",50,2,"auto-valgate",2,0.00468182833175235,0.00689608978989112,0.020865013020369,TRUE
"sru_y1_dynamic",50,2,"auto-valgate",3,0.00576609831227276,0.00893678890241726,0.0254794375928883,TRUE
"sru_y1_dynamic",50,2,"auto-valgate",4,0.00587826790616215,0.0087065529075193,0.0225675638801006,TRUE
"sru_y1_dynamic",50,3,"auto",0,0.00309710285350398,0.00347633275161566,0.00553223496606831,TRUE
"sru_y1_dynamic",50,3,"auto",1,0.00241035062775206,0.00293090135036553,0.00485013527224215,TRUE
"sru_y1_dynamic",50,3,"auto",2,0.00211757983259203,0.0025969621088949,0.00397103821811551,TRUE
"sru_y1_dynamic",50,3,"auto",3,0.00216466341017447,0.00264128952528921,0.00401027126781269,TRUE
"sru_y1_dynamic",50,3,"auto",4,0.00189327953032328,0.00252650959403889,0.00393162266318783,TRUE
"sru_y1_dynamic",50,3,"auto-weak",0,0.000585739591118947,0.00131079155067368,0.00444114667318348,TRUE
"sru_y1_dynamic",50,3,"auto-weak",1,0.00058762346966455,0.00132665135859073,0.00443133097867662,TRUE
"sru_y1_dynamic",50,3,"auto-weak",2,0.000586582899049003,0.00129845146848703,0.00444490648673582,TRUE
"sru_y1_dynamic",50,3,"auto-weak",3,0.000590267969126257,0.00130343279081796,0.00442655619139917,TRUE
"sru_y1_dynamic",50,3,"auto-weak",4,0.00058830806880831,0.00131223292267093,0.00442850162061498,TRUE
"sru_y1_dynamic",50,3,"WPMM2",0,0.00201130833671673,0.00256927372630214,0.00465990265246233,TRUE
"sru_y1_dynamic",50,3,"WPMM2",1,0.000593396555748624,0.0013476740738369,0.00441496933553032,TRUE
"sru_y1_dynamic",50,3,"WPMM2",2,0.00202492431060636,0.00257132280531183,0.00467946919605796,TRUE
"sru_y1_dynamic",50,3,"WPMM2",3,0.00210571150604481,0.0026618201706028,0.00470582781477352,TRUE
"sru_y1_dynamic",50,3,"WPMM2",4,0.000585818695852751,0.00129832259536454,0.00445110861957544,TRUE
"sru_y1_dynamic",50,3,"WPMM3",0,0.000586060390782656,0.00129686834798344,0.00444895254171271,TRUE
"sru_y1_dynamic",50,3,"WPMM3",1,0.00202509735466904,0.00256271153450586,0.00467270007719261,TRUE
"sru_y1_dynamic",50,3,"WPMM3",2,0.00204127718763836,0.00258888095524258,0.00469695214802018,TRUE
"sru_y1_dynamic",50,3,"WPMM3",3,0.00201958596979382,0.00259289460026122,0.00467548772046469,TRUE
"sru_y1_dynamic",50,3,"WPMM3",4,0.000591008807407399,0.00130858057310449,0.00441394434649266,TRUE
"sru_y1_dynamic",50,3,"LSE",0,0.00158491076437768,0.0020984738867883,0.0038861450264596,TRUE
"sru_y1_dynamic",50,3,"LSE",1,0.0028975396426399,0.00340089992638655,0.00537498504652985,TRUE
"sru_y1_dynamic",50,3,"LSE",2,0.00228754451969631,0.00282737733718596,0.00480346768582426,TRUE
"sru_y1_dynamic",50,3,"LSE",3,0.0015885463522122,0.00221234861710627,0.00396181531610711,TRUE
"sru_y1_dynamic",50,3,"LSE",4,0.0016765120302029,0.00225881089930501,0.00392011834933423,TRUE
"sru_y1_dynamic",50,3,"ridge-LSE",0,0.00265512665374921,0.00317312400823697,0.00523387784901133,TRUE
"sru_y1_dynamic",50,3,"ridge-LSE",1,0.00266193190123973,0.00309288731543143,0.00496905181165248,TRUE
"sru_y1_dynamic",50,3,"ridge-LSE",2,0.00284709552671099,0.00328682942709139,0.00501481056388088,TRUE
"sru_y1_dynamic",50,3,"ridge-LSE",3,0.00222178959774437,0.00283764619568306,0.00493041811996508,TRUE
"sru_y1_dynamic",50,3,"ridge-LSE",4,0.00118200484324837,0.00199347124673134,0.00398580962278786,TRUE
"sru_y1_dynamic",50,3,"Huber",0,0.00204299268145259,0.00257890951325981,0.00471199005613116,TRUE
"sru_y1_dynamic",50,3,"Huber",1,0.00204968272752206,0.00259232751315847,0.00468234227132948,TRUE
"sru_y1_dynamic",50,3,"Huber",2,0.00206340027349812,0.00262612625917135,0.00469817855368742,TRUE
"sru_y1_dynamic",50,3,"Huber",3,0.000608220832080049,0.00134184777009383,0.00434438376365657,TRUE
"sru_y1_dynamic",50,3,"Huber",4,0.000593480641217114,0.00133696855608931,0.00437207341413313,TRUE
"sru_y1_dynamic",50,3,"L1",0,0.000602435465196801,0.00134235052982177,0.00434816161345153,TRUE
"sru_y1_dynamic",50,3,"L1",1,0.00209014203152817,0.00263555226176698,0.00468215449353005,TRUE
"sru_y1_dynamic",50,3,"L1",2,0.00201167026301213,0.00257920650894809,0.00463752250381643,TRUE
"sru_y1_dynamic",50,3,"L1",3,0.00202539430067561,0.00258942523315865,0.00469768708721398,TRUE
"sru_y1_dynamic",50,3,"L1",4,0.00204521702922621,0.00258504168067065,0.00469207518057845,TRUE
"sru_y1_dynamic",50,3,"auto-valgate",0,0.00202716130325167,0.00258706971252255,0.00468766156758183,TRUE
"sru_y1_dynamic",50,3,"auto-valgate",1,0.000640542762629322,0.0013832288202994,0.00422055918143427,TRUE
"sru_y1_dynamic",50,3,"auto-valgate",2,0.000636343071686072,0.0013443221083281,0.00426520762621308,TRUE
"sru_y1_dynamic",50,3,"auto-valgate",3,0.000586350197550904,0.00131659928600142,0.00443588217376388,TRUE
"sru_y1_dynamic",50,3,"auto-valgate",4,0.000714136355240434,0.00142501333080157,0.0041154903222203,TRUE
"sru_y1_dynamic",50,4,"auto",0,0.00166549566273744,0.00210742586026979,0.00370474716306009,TRUE
"sru_y1_dynamic",50,4,"auto",1,0.00273037383076823,0.00312024798236344,0.00512459381951507,TRUE
"sru_y1_dynamic",50,4,"auto",2,0.00165376991747334,0.00208533104573771,0.00375628779186564,TRUE
"sru_y1_dynamic",50,4,"auto",3,0.00239654510414772,0.00281703680298825,0.00479815057720954,TRUE
"sru_y1_dynamic",50,4,"auto",4,0.00169990741781361,0.00212594930207001,0.0038047182742564,TRUE
"sru_y1_dynamic",50,4,"auto-weak",0,0.00215100342934701,0.00261695725337224,0.00467942684973336,TRUE
"sru_y1_dynamic",50,4,"auto-weak",1,0.000591228162011729,0.00119061627930807,0.00422645942877503,TRUE
"sru_y1_dynamic",50,4,"auto-weak",2,0.000593174479729032,0.00119462966691887,0.00420246644105352,TRUE
"sru_y1_dynamic",50,4,"auto-weak",3,0.00222471467150465,0.00262553121090696,0.00471251802150072,TRUE
"sru_y1_dynamic",50,4,"auto-weak",4,0.00226351598019228,0.00267949728768972,0.00474664822664297,TRUE
"sru_y1_dynamic",50,4,"WPMM2",0,0.000634819266334298,0.00127964179173618,0.00413158698666954,TRUE
"sru_y1_dynamic",50,4,"WPMM2",1,0.000594338291331906,0.0012022232252367,0.00423331231327941,TRUE
"sru_y1_dynamic",50,4,"WPMM2",2,0.000588880445017205,0.00118167867594907,0.0042047895892595,TRUE
"sru_y1_dynamic",50,4,"WPMM2",3,0.00223729376151008,0.00264104728665887,0.00471927650387934,TRUE
"sru_y1_dynamic",50,4,"WPMM2",4,0.002223459166101,0.00264969434284492,0.00472191377965594,TRUE
"sru_y1_dynamic",50,4,"WPMM3",0,0.00222918449048175,0.00261181216430645,0.00472132033588047,TRUE
"sru_y1_dynamic",50,4,"WPMM3",1,0.00224859101821442,0.00269579587283614,0.00474196157514873,TRUE
"sru_y1_dynamic",50,4,"WPMM3",2,0.000588880387226386,0.00118167855654234,0.00420478936651619,TRUE
"sru_y1_dynamic",50,4,"WPMM3",3,0.00215491943465859,0.00261894305353951,0.00468925024676817,TRUE
"sru_y1_dynamic",50,4,"WPMM3",4,0.000590698522835212,0.00121429582568121,0.0042021435303914,TRUE
"sru_y1_dynamic",50,4,"LSE",0,0.00293274262821812,0.00311365863880534,0.00503210734937838,TRUE
"sru_y1_dynamic",50,4,"LSE",1,0.00108208850510512,0.0017078548864588,0.00370968712676399,TRUE
"sru_y1_dynamic",50,4,"LSE",2,0.00124745684136403,0.00181119706436335,0.00368633174701496,TRUE
"sru_y1_dynamic",50,4,"LSE",3,0.00117972234167257,0.00173590949593719,0.00363007655176697,TRUE
"sru_y1_dynamic",50,4,"LSE",4,0.00316372751151782,0.00357676044751101,0.00541681358446115,TRUE
"sru_y1_dynamic",50,4,"ridge-LSE",0,0.00153987094688963,0.00202066886216472,0.00370891219373073,TRUE
"sru_y1_dynamic",50,4,"ridge-LSE",1,0.00109249046764129,0.00168109719978776,0.0036226113821494,TRUE
"sru_y1_dynamic",50,4,"ridge-LSE",2,0.0015983878770201,0.00206349024081061,0.0037199381487529,TRUE
"sru_y1_dynamic",50,4,"ridge-LSE",3,0.00359250872403888,0.00380067673742225,0.00549819088345694,TRUE
"sru_y1_dynamic",50,4,"ridge-LSE",4,0.00242858313554652,0.0028774544865942,0.00496716592397671,TRUE
"sru_y1_dynamic",50,4,"Huber",0,0.000635566704045307,0.00127255395983477,0.00417137413614876,TRUE
"sru_y1_dynamic",50,4,"Huber",1,0.000577142474314923,0.00122651432792371,0.00412231275142521,TRUE
"sru_y1_dynamic",50,4,"Huber",2,0.00249105536965832,0.00298735424072498,0.00491100746212806,TRUE
"sru_y1_dynamic",50,4,"Huber",3,0.000578109054062536,0.00122376202432256,0.00411969271089387,TRUE
"sru_y1_dynamic",50,4,"Huber",4,0.000584201877132713,0.00124126951425749,0.0041009000990865,TRUE
"sru_y1_dynamic",50,4,"L1",0,0.00242767842163818,0.00287791476646389,0.00487960450583741,TRUE
"sru_y1_dynamic",50,4,"L1",1,0.000583720024625892,0.001210289253433,0.00411561630635917,TRUE
"sru_y1_dynamic",50,4,"L1",2,0.000582718715349083,0.00121670087149948,0.00416966286801958,TRUE
"sru_y1_dynamic",50,4,"L1",3,0.000584004939847944,0.00121519110376211,0.00417889509640172,TRUE
"sru_y1_dynamic",50,4,"L1",4,0.00226996529497539,0.00266283499703342,0.00475091707752165,TRUE
"sru_y1_dynamic",50,4,"auto-valgate",0,0.000580712489113912,0.00122660475753119,0.00412608749694928,TRUE
"sru_y1_dynamic",50,4,"auto-valgate",1,0.000580866200040414,0.00122182590223363,0.00414817942679785,TRUE
"sru_y1_dynamic",50,4,"auto-valgate",2,0.00225049534371259,0.00263412197418101,0.00474082151685215,TRUE
"sru_y1_dynamic",50,4,"auto-valgate",3,0.000594137638210525,0.00121407557841287,0.00414389711022326,TRUE
"sru_y1_dynamic",50,4,"auto-valgate",4,0.000584835943032254,0.00120208697221665,0.00417685366086483,TRUE
"sru_y1_dynamic",50,5,"auto",0,0.0031386796008535,0.029644469105642,0.176655549022553,TRUE
"sru_y1_dynamic",50,5,"auto",1,0.00245235865990213,0.0276542869013032,0.231960211092855,TRUE
"sru_y1_dynamic",50,5,"auto",2,0.00254382803244879,0.012713329975791,0.10199396686157,TRUE
"sru_y1_dynamic",50,5,"auto",3,0.00223091795744263,0.0114089159539905,0.0581106762871506,TRUE
"sru_y1_dynamic",50,5,"auto",4,0.0025504364184079,0.00583494145690586,0.0273645167458914,TRUE
"sru_y1_dynamic",50,5,"auto-weak",0,0.000496148903857548,0.00654787277488592,0.037330955526241,TRUE
"sru_y1_dynamic",50,5,"auto-weak",1,0.000488220379135437,0.00507317065828936,0.0357822474977137,TRUE
"sru_y1_dynamic",50,5,"auto-weak",2,0.000473305258100001,0.00506207844844955,0.0370084407043286,TRUE
"sru_y1_dynamic",50,5,"auto-weak",3,0.0018806867660029,0.0243647553925849,0.199173260564257,TRUE
"sru_y1_dynamic",50,5,"auto-weak",4,0.000510165801598424,0.00588333117149228,0.0436191934492091,TRUE
"sru_y1_dynamic",50,5,"WPMM2",0,0.00180438240191345,0.00531940135062391,0.0307895155187542,TRUE
"sru_y1_dynamic",50,5,"WPMM2",1,0.000501144325803407,0.00468142429603942,0.0358415448970151,TRUE
"sru_y1_dynamic",50,5,"WPMM2",2,0.00191980980604036,0.00576583411452016,0.0343432804742625,TRUE
"sru_y1_dynamic",50,5,"WPMM2",3,0.000491109876504073,0.0136497130574603,0.161668112870902,TRUE
"sru_y1_dynamic",50,5,"WPMM2",4,0.000483392002583427,0.00490555859406545,0.0328063769606896,TRUE
"sru_y1_dynamic",50,5,"WPMM3",0,0.000494081839423675,0.00497625424109515,0.0373421080341288,TRUE
"sru_y1_dynamic",50,5,"WPMM3",1,0.00048441519927935,0.00508923260108308,0.033685413070011,TRUE
"sru_y1_dynamic",50,5,"WPMM3",2,0.000476763195862313,0.00446801073523718,0.0325064361250919,TRUE
"sru_y1_dynamic",50,5,"WPMM3",3,0.000472013718390813,0.00435759504214951,0.0292343912642814,TRUE
"sru_y1_dynamic",50,5,"WPMM3",4,0.00048740055760574,0.00545130597377103,0.0377140897219738,TRUE
"sru_y1_dynamic",50,5,"LSE",0,0.00136119588724752,0.0208822953823518,0.242598873240999,TRUE
"sru_y1_dynamic",50,5,"LSE",1,0.00176138689525922,0.0105278501365891,0.0563278015252045,TRUE
"sru_y1_dynamic",50,5,"LSE",2,0.00160971198432612,0.00674293010395067,0.0371632020645405,TRUE
"sru_y1_dynamic",50,5,"LSE",3,0.00194387501377399,0.00583503377921888,0.0319783783930542,TRUE
"sru_y1_dynamic",50,5,"LSE",4,0.0017370810728136,0.00852198344698502,0.0458780356063783,TRUE
"sru_y1_dynamic",50,5,"ridge-LSE",0,0.00193841054382568,0.0244602690292385,0.174201545872368,TRUE
"sru_y1_dynamic",50,5,"ridge-LSE",1,0.00190340688261305,0.00599302830904606,0.0299860000288199,TRUE
"sru_y1_dynamic",50,5,"ridge-LSE",2,0.00220416735550107,0.0073958947742217,0.0357803235896358,TRUE
"sru_y1_dynamic",50,5,"ridge-LSE",3,0.00169376095295118,0.00667146611901921,0.0339549144638892,TRUE
"sru_y1_dynamic",50,5,"ridge-LSE",4,0.00231588822963146,0.00716112866392947,0.0305873940970631,TRUE
"sru_y1_dynamic",50,5,"Huber",0,0.000518703349657191,0.00392070905214699,0.0259914348404439,TRUE
"sru_y1_dynamic",50,5,"Huber",1,0.00066139860193772,0.0140014048836829,0.117281701029406,TRUE
"sru_y1_dynamic",50,5,"Huber",2,0.000504879937966165,0.00381418044761442,0.024385927001314,TRUE
"sru_y1_dynamic",50,5,"Huber",3,0.00178083484664658,0.00617860499269067,0.0301873441901903,TRUE
"sru_y1_dynamic",50,5,"Huber",4,0.00192764762246823,0.0194287612627875,0.114145090544832,TRUE
"sru_y1_dynamic",50,5,"L1",0,0.00196473619846542,0.00780315487859938,0.0431070017927542,TRUE
"sru_y1_dynamic",50,5,"L1",1,0.00184296564544791,0.00612440104730405,0.0330203677130346,TRUE
"sru_y1_dynamic",50,5,"L1",2,0.000484489520997276,0.00408013312755421,0.0265199839819075,TRUE
"sru_y1_dynamic",50,5,"L1",3,0.00195188183505448,0.0063498390695359,0.033689232719329,TRUE
"sru_y1_dynamic",50,5,"L1",4,0.000484403170224951,0.00423537493412984,0.0286223556922924,TRUE
"sru_y1_dynamic",50,5,"auto-valgate",0,0.000659362740779713,0.103266447484029,1.60259093959651,TRUE
"sru_y1_dynamic",50,5,"auto-valgate",1,0.000499984268039734,0.00602984019453147,0.0406504675756691,TRUE
"sru_y1_dynamic",50,5,"auto-valgate",2,0.000487146680739091,0.00479030261078027,0.0324030453167412,TRUE
"sru_y1_dynamic",50,5,"auto-valgate",3,0.000484188046477494,0.00590636150965192,0.0408713585968787,TRUE
"sru_y1_dynamic",50,5,"auto-valgate",4,0.000504960041500344,0.00750975876314146,0.0656756567481904,TRUE
"sru_y1_dynamic",50,6,"auto",0,0.00675852838120444,0.00844168991893963,0.0178148119979582,TRUE
"sru_y1_dynamic",50,6,"auto",1,0.00731061997235999,0.0088895864019392,0.0178894555921287,TRUE
"sru_y1_dynamic",50,6,"auto",2,0.00634297698895612,0.0130570182971374,0.0467148917793069,TRUE
"sru_y1_dynamic",50,6,"auto",3,0.00701546486431541,0.0191968839878247,0.080018758130575,TRUE
"sru_y1_dynamic",50,6,"auto",4,0.00711689828755415,0.00878789334361456,0.0176527415452665,TRUE
"sru_y1_dynamic",50,6,"auto-weak",0,0.00723099305420952,0.00991590431793654,0.0222529901058151,TRUE
"sru_y1_dynamic",50,6,"auto-weak",1,0.00675714077926366,0.00942144440019521,0.0209593050358655,TRUE
"sru_y1_dynamic",50,6,"auto-weak",2,0.00804644993028242,0.0181990766444525,0.0685204159425853,TRUE
"sru_y1_dynamic",50,6,"auto-weak",3,0.00691320764097939,0.00746936913308945,0.0183989646576472,TRUE
"sru_y1_dynamic",50,6,"auto-weak",4,0.00689466504883048,0.009252429021359,0.020944604001635,TRUE
"sru_y1_dynamic",50,6,"WPMM2",0,0.00669478338174444,0.00930292152160084,0.0208262012790966,TRUE
"sru_y1_dynamic",50,6,"WPMM2",1,0.007974738833429,0.0109506877397896,0.0241516536869463,TRUE
"sru_y1_dynamic",50,6,"WPMM2",2,0.00693472772037922,0.00730592293391917,0.0177575554678274,TRUE
"sru_y1_dynamic",50,6,"WPMM2",3,0.00680726822844778,0.00795762898350109,0.0214172492486786,TRUE
"sru_y1_dynamic",50,6,"WPMM2",4,0.00682439730565037,0.00805505922852614,0.0216569115285209,TRUE
"sru_y1_dynamic",50,6,"WPMM3",0,0.00688561714354176,0.00765661875832611,0.0189692853040712,TRUE
"sru_y1_dynamic",50,6,"WPMM3",1,0.00692273678757104,0.00796223767989295,0.0212175696355254,TRUE
"sru_y1_dynamic",50,6,"WPMM3",2,0.0122691500283346,0.0192277854229923,0.0494261120251244,TRUE
"sru_y1_dynamic",50,6,"WPMM3",3,0.00694252517796766,0.0081109324528634,0.0208799457430271,TRUE
"sru_y1_dynamic",50,6,"WPMM3",4,0.0068135933791573,0.00790100822848655,0.0198992974648062,TRUE
"sru_y1_dynamic",50,6,"LSE",0,0.00716668926843086,0.0100073967392229,0.02587071299419,TRUE
"sru_y1_dynamic",50,6,"LSE",1,0.00620776926290049,0.00827720873218779,0.0187708985549753,TRUE
"sru_y1_dynamic",50,6,"LSE",2,0.00810659043189682,0.011003167049833,0.0223352018727878,TRUE
"sru_y1_dynamic",50,6,"LSE",3,0.00992155641147349,0.0162163768837194,0.0412240402959066,TRUE
"sru_y1_dynamic",50,6,"LSE",4,0.00699105558372036,0.00928011329492434,0.0219859435099504,TRUE
"sru_y1_dynamic",50,6,"ridge-LSE",0,0.00901857090369952,0.0134815714165241,0.0308478266910685,TRUE
"sru_y1_dynamic",50,6,"ridge-LSE",1,0.00872592375677544,0.0119114359381208,0.027677543760064,TRUE
"sru_y1_dynamic",50,6,"ridge-LSE",2,0.0061958730653026,0.00783758243264451,0.0164680703545259,TRUE
"sru_y1_dynamic",50,6,"ridge-LSE",3,0.00666021113758322,0.00835591565042176,0.0183047986306761,TRUE
"sru_y1_dynamic",50,6,"ridge-LSE",4,0.00707304319130043,0.00878195182789747,0.0182774039123731,TRUE
"sru_y1_dynamic",50,6,"Huber",0,0.00682183966141013,0.00776943606627514,0.0191762782516344,TRUE
"sru_y1_dynamic",50,6,"Huber",1,0.00696588946304807,0.00746320938267632,0.0174292967478305,TRUE
"sru_y1_dynamic",50,6,"Huber",2,0.00659299638225865,0.00916718071873904,0.0204101062355511,TRUE
"sru_y1_dynamic",50,6,"Huber",3,0.00683026676256695,0.00790292579275232,0.0203127059557984,TRUE
"sru_y1_dynamic",50,6,"Huber",4,0.00668670025927156,0.00923197792633685,0.0204850019490528,TRUE
"sru_y1_dynamic",50,6,"L1",0,0.00682071448213022,0.00791316148822951,0.020304393315941,TRUE
"sru_y1_dynamic",50,6,"L1",1,0.00685223362218742,0.00942875463762868,0.0218122059595013,TRUE
"sru_y1_dynamic",50,6,"L1",2,0.00690030619796602,0.00794882316964569,0.0203682449970189,TRUE
"sru_y1_dynamic",50,6,"L1",3,0.00739994207614007,0.0100085603459452,0.0216064440564263,TRUE
"sru_y1_dynamic",50,6,"L1",4,0.00668122939668364,0.00884365851977716,0.0203103795441035,TRUE
"sru_y1_dynamic",50,6,"auto-valgate",0,0.00676732296143519,0.00797422926896655,0.021543087654749,TRUE
"sru_y1_dynamic",50,6,"auto-valgate",1,0.00694167542115703,0.00977999422980333,0.0216893053696525,TRUE
"sru_y1_dynamic",50,6,"auto-valgate",2,0.00683902390415963,0.00790516990303653,0.0201496575248285,TRUE
"sru_y1_dynamic",50,6,"auto-valgate",3,0.00694698094104285,0.0077015259671827,0.0184657383634833,TRUE
"sru_y1_dynamic",50,6,"auto-valgate",4,0.00682151568704159,0.00937856781216499,0.0208235790514534,TRUE
"sru_y1_dynamic",50,7,"auto",0,0.00246283650155122,0.0051259584818097,0.0158463165441136,TRUE
"sru_y1_dynamic",50,7,"auto",1,0.00281094941775073,0.00545653625033658,0.0152196000690568,TRUE
"sru_y1_dynamic",50,7,"auto",2,0.00288318699041389,0.00608235637601417,0.0193078068256032,TRUE
"sru_y1_dynamic",50,7,"auto",3,0.00239248543904749,0.00534351669857389,0.0168729314188647,TRUE
"sru_y1_dynamic",50,7,"auto",4,0.00230952377119984,0.00525333937424672,0.0172839353870379,TRUE
"sru_y1_dynamic",50,7,"auto-weak",0,0.00252832680211061,0.00489475598454401,0.0162148938841265,TRUE
"sru_y1_dynamic",50,7,"auto-weak",1,0.00116539606286665,0.00451232920886753,0.0191419022413547,TRUE
"sru_y1_dynamic",50,7,"auto-weak",2,0.00289853130575299,0.0056466406051056,0.0196236570039768,TRUE
"sru_y1_dynamic",50,7,"auto-weak",3,0.0012271049876432,0.0044665469386129,0.0187828379658574,TRUE
"sru_y1_dynamic",50,7,"auto-weak",4,0.00122192651286368,0.00456214016534984,0.0206931291003684,TRUE
"sru_y1_dynamic",50,7,"WPMM2",0,0.00127317571078329,0.004647288975409,0.0208129985569126,TRUE
"sru_y1_dynamic",50,7,"WPMM2",1,0.00122453159715393,0.00454170982055874,0.0198959619788477,TRUE
"sru_y1_dynamic",50,7,"WPMM2",2,0.00289558244932921,0.00591148168688108,0.0200693931077476,TRUE
"sru_y1_dynamic",50,7,"WPMM2",3,0.00293576966972473,0.00583460950860303,0.0198972739068376,TRUE
"sru_y1_dynamic",50,7,"WPMM2",4,0.00285716620783805,0.00584969703754716,0.0196827134908858,TRUE
"sru_y1_dynamic",50,7,"WPMM3",0,0.00125133119837327,0.00461227313324694,0.0209618478429127,TRUE
"sru_y1_dynamic",50,7,"WPMM3",1,0.00122905130077486,0.00443470895562775,0.0189820195921348,TRUE
"sru_y1_dynamic",50,7,"WPMM3",2,0.00128353674999976,0.0045252821955303,0.0184141635860047,TRUE
"sru_y1_dynamic",50,7,"WPMM3",3,0.00279381411600815,0.00571032643274244,0.0191762706200436,TRUE
"sru_y1_dynamic",50,7,"WPMM3",4,0.00128330477794805,0.00445312532777953,0.0200518317933113,TRUE
"sru_y1_dynamic",50,7,"LSE",0,0.00193956458479739,0.0049008609758011,0.0163437024180092,TRUE
"sru_y1_dynamic",50,7,"LSE",1,0.003120738167458,0.00605649441147944,0.0190764542387614,TRUE
"sru_y1_dynamic",50,7,"LSE",2,0.00269589754185715,0.00534373779553483,0.0170042753114631,TRUE
"sru_y1_dynamic",50,7,"LSE",3,0.00237439477347725,0.0052133170856725,0.0169305407193697,TRUE
"sru_y1_dynamic",50,7,"LSE",4,0.00379520178214481,0.00737575181047248,0.0204252108414669,TRUE
"sru_y1_dynamic",50,7,"ridge-LSE",0,0.00225356570898836,0.00504302750990977,0.0163345118287398,TRUE
"sru_y1_dynamic",50,7,"ridge-LSE",1,0.00178022456359624,0.00487620207465599,0.0184913444600042,TRUE
"sru_y1_dynamic",50,7,"ridge-LSE",2,0.00300390197571541,0.00573179755843,0.0172178734404907,TRUE
"sru_y1_dynamic",50,7,"ridge-LSE",3,0.00245794183041136,0.00533650566958641,0.0163723258316993,TRUE
"sru_y1_dynamic",50,7,"ridge-LSE",4,0.00305940789637629,0.00557388145984428,0.0156490056930055,TRUE
"sru_y1_dynamic",50,7,"Huber",0,0.00132900113123888,0.00447466555250592,0.0192790178164256,TRUE
"sru_y1_dynamic",50,7,"Huber",1,0.00261777465707084,0.00552459361452834,0.0182266180553086,TRUE
"sru_y1_dynamic",50,7,"Huber",2,0.00270742444161067,0.00535433756825935,0.0180558379743548,TRUE
"sru_y1_dynamic",50,7,"Huber",3,0.00133118950474315,0.00438737776137897,0.0184654345505247,TRUE
"sru_y1_dynamic",50,7,"Huber",4,0.00132561387082155,0.00446725046208498,0.0191847083340698,TRUE
"sru_y1_dynamic",50,7,"L1",0,0.00258013656787047,0.00533400367171347,0.0176574398070557,TRUE
"sru_y1_dynamic",50,7,"L1",1,0.00129735503451298,0.00447533623315079,0.0180953230933936,TRUE
"sru_y1_dynamic",50,7,"L1",2,0.0012943769095155,0.00450040707509735,0.0191595089047706,TRUE
"sru_y1_dynamic",50,7,"L1",3,0.00132092925436917,0.00447103458632279,0.0178816388893011,TRUE
"sru_y1_dynamic",50,7,"L1",4,0.00127732605017672,0.00449243784091636,0.0181476616663674,TRUE
"sru_y1_dynamic",50,7,"auto-valgate",0,0.00122949792902413,0.00445751592519346,0.0192667647111027,TRUE
"sru_y1_dynamic",50,7,"auto-valgate",1,0.001211357949974,0.00438416754963501,0.0196287710575192,TRUE
"sru_y1_dynamic",50,7,"auto-valgate",2,0.00282031147081027,0.00575811304971229,0.0191675374679703,TRUE
"sru_y1_dynamic",50,7,"auto-valgate",3,0.00276465026945174,0.00570610533754024,0.0197143196156937,TRUE
"sru_y1_dynamic",50,7,"auto-valgate",4,0.00124603642429438,0.00452566031777137,0.020201654372055,TRUE
"sru_y1_dynamic",50,8,"auto",0,0.00435151244807128,0.00530907903019847,0.00867925898857481,TRUE
"sru_y1_dynamic",50,8,"auto",1,0.00419720192871805,0.00467655984557771,0.00723825579381016,TRUE
"sru_y1_dynamic",50,8,"auto",2,0.00297632295478319,0.00365843732218556,0.0066998857219163,TRUE
"sru_y1_dynamic",50,8,"auto",3,0.00385897795357441,0.00435751159278364,0.00705981241549863,TRUE
"sru_y1_dynamic",50,8,"auto",4,0.00355721735019271,0.00412778746928503,0.00692326353787058,TRUE
"sru_y1_dynamic",50,8,"auto-weak",0,0.00209312917013998,0.00281338763415359,0.00781116373118492,TRUE
"sru_y1_dynamic",50,8,"auto-weak",1,0.0037721324617014,0.00468057945562815,0.00791271268798759,TRUE
"sru_y1_dynamic",50,8,"auto-weak",2,0.00213385795084596,0.00289858685850345,0.0076848565472932,TRUE
"sru_y1_dynamic",50,8,"auto-weak",3,0.00209871996835011,0.00283627762874381,0.00786296830684244,TRUE
"sru_y1_dynamic",50,8,"auto-weak",4,0.00213654499278442,0.0028942300649385,0.00764999658272895,TRUE
"sru_y1_dynamic",50,8,"WPMM2",0,0.00368210939174804,0.00461234366098293,0.00813297261071235,TRUE
"sru_y1_dynamic",50,8,"WPMM2",1,0.00359926771086084,0.00452380718380663,0.00813806706110053,TRUE
"sru_y1_dynamic",50,8,"WPMM2",2,0.00368433608999284,0.00464897948008298,0.00814737199121075,TRUE
"sru_y1_dynamic",50,8,"WPMM2",3,0.00211996201507215,0.00285248706411576,0.00770371900723177,TRUE
"sru_y1_dynamic",50,8,"WPMM2",4,0.00208932504554628,0.00281392786934613,0.00783463909861555,TRUE
"sru_y1_dynamic",50,8,"WPMM3",0,0.00371305440794601,0.00464727890768413,0.00811293192432574,TRUE
"sru_y1_dynamic",50,8,"WPMM3",1,0.00209319463627033,0.00281550969164552,0.00782663361258894,TRUE
"sru_y1_dynamic",50,8,"WPMM3",2,0.00208921535314632,0.00281238249408581,0.00778720787697083,TRUE
"sru_y1_dynamic",50,8,"WPMM3",3,0.00212638742805534,0.00288009812266282,0.00776586720997849,TRUE
"sru_y1_dynamic",50,8,"WPMM3",4,0.00212320789015981,0.00285243653187516,0.00765863295894114,TRUE
"sru_y1_dynamic",50,8,"LSE",0,0.0054770006723675,0.00622647321394314,0.00940597034855584,TRUE
"sru_y1_dynamic",50,8,"LSE",1,0.0046738302611885,0.00565010015128655,0.0090230705389315,TRUE
"sru_y1_dynamic",50,8,"LSE",2,0.00336385031080308,0.00400625044413969,0.00689182492412658,TRUE
"sru_y1_dynamic",50,8,"LSE",3,0.00383560915684547,0.00483012718832858,0.00835272638590641,TRUE
"sru_y1_dynamic",50,8,"LSE",4,0.00386951663572097,0.00443522147042358,0.00708905780944184,TRUE
"sru_y1_dynamic",50,8,"ridge-LSE",0,0.00399039864856802,0.0044779997180934,0.00705646371954197,TRUE
"sru_y1_dynamic",50,8,"ridge-LSE",1,0.00445189743279804,0.00530009064634952,0.00882124751817765,TRUE
"sru_y1_dynamic",50,8,"ridge-LSE",2,0.00305942098905467,0.00377711403752956,0.00673164307017915,TRUE
"sru_y1_dynamic",50,8,"ridge-LSE",3,0.00468857172014623,0.00502280653021923,0.00753163654245462,TRUE
"sru_y1_dynamic",50,8,"ridge-LSE",4,0.00242543076002889,0.0032875867327224,0.0068382452116418,TRUE
"sru_y1_dynamic",50,8,"Huber",0,0.00210171699792996,0.00282874841942162,0.00747096352904125,TRUE
"sru_y1_dynamic",50,8,"Huber",1,0.00213920812680064,0.00290972899455214,0.00757542148879879,TRUE
"sru_y1_dynamic",50,8,"Huber",2,0.0022923130231125,0.0030799607865166,0.0068974685540467,TRUE
"sru_y1_dynamic",50,8,"Huber",3,0.00425794485540052,0.00520843745074631,0.00831462951230578,TRUE
"sru_y1_dynamic",50,8,"Huber",4,0.0021132090416251,0.00283853513654715,0.00737808455484626,TRUE
"sru_y1_dynamic",50,8,"L1",0,0.0041144446317892,0.00506997876047991,0.00827323125049019,TRUE
"sru_y1_dynamic",50,8,"L1",1,0.00214862005019716,0.00288036040916962,0.00741005467077823,TRUE
"sru_y1_dynamic",50,8,"L1",2,0.00518418580064343,0.00591355170782453,0.00855073161988472,TRUE
"sru_y1_dynamic",50,8,"L1",3,0.00212933943667534,0.00289686096167422,0.00766375282411182,TRUE
"sru_y1_dynamic",50,8,"L1",4,0.00409797101815664,0.00504401897378798,0.00827546268990342,TRUE
"sru_y1_dynamic",50,8,"auto-valgate",0,0.00359244648702092,0.00450529614739128,0.00816250692834918,TRUE
"sru_y1_dynamic",50,8,"auto-valgate",1,0.00211657762834372,0.00280896172379019,0.0074851424263793,TRUE
"sru_y1_dynamic",50,8,"auto-valgate",2,0.00220250349860724,0.00290369980046944,0.00740377249679971,TRUE
"sru_y1_dynamic",50,8,"auto-valgate",3,0.0036181260473023,0.00455599716668539,0.00815607153668583,TRUE
"sru_y1_dynamic",50,8,"auto-valgate",4,0.00401046610483705,0.00499872110934596,0.00830784620220957,TRUE
"sru_y1_dynamic",50,9,"auto",0,0.00336998765754718,0.00408174763600375,0.0060880573515397,TRUE
"sru_y1_dynamic",50,9,"auto",1,0.00511042572350348,0.00574747271347753,0.0086418951570484,TRUE
"sru_y1_dynamic",50,9,"auto",2,0.00324087761713392,0.0040068284092284,0.00607568917884347,TRUE
"sru_y1_dynamic",50,9,"auto",3,0.00310375137433326,0.00395739139033188,0.00619233314167168,TRUE
"sru_y1_dynamic",50,9,"auto",4,0.00353271043857028,0.0042318746868829,0.00614074275334194,TRUE
"sru_y1_dynamic",50,9,"auto-weak",0,0.00331360637001216,0.00398310220682271,0.00799297358928509,TRUE
"sru_y1_dynamic",50,9,"auto-weak",1,0.00234293779590133,0.00267331002096913,0.00704198988366591,TRUE
"sru_y1_dynamic",50,9,"auto-weak",2,0.00329485828581533,0.00396339337631383,0.00802627116873661,TRUE
"sru_y1_dynamic",50,9,"auto-weak",3,0.00329605139629994,0.00395379466106197,0.00790515087379546,TRUE
"sru_y1_dynamic",50,9,"auto-weak",4,0.0032885648197916,0.00392327595840108,0.00796302448209861,TRUE
"sru_y1_dynamic",50,9,"WPMM2",0,0.00329974219186514,0.00391529206599763,0.00790943433800473,TRUE
"sru_y1_dynamic",50,9,"WPMM2",1,0.00328853089315287,0.00396246602247744,0.00800125156780981,TRUE
"sru_y1_dynamic",50,9,"WPMM2",2,0.00328182156391803,0.00390304997431514,0.00784604015393963,TRUE
"sru_y1_dynamic",50,9,"WPMM2",3,0.00234785812400213,0.00264948287244026,0.00708714273973468,TRUE
"sru_y1_dynamic",50,9,"WPMM2",4,0.00234029652256438,0.00267794100360873,0.00703222709339514,TRUE
"sru_y1_dynamic",50,9,"WPMM3",0,0.00330956561849951,0.00396742378299721,0.00796118369624584,TRUE
"sru_y1_dynamic",50,9,"WPMM3",1,0.00234157655228928,0.00265862026250403,0.00706367714523948,TRUE
"sru_y1_dynamic",50,9,"WPMM3",2,0.00326062206466885,0.00388807612105767,0.00784821723269198,TRUE
"sru_y1_dynamic",50,9,"WPMM3",3,0.00330255778891554,0.0039476045063365,0.00791816783585956,TRUE
"sru_y1_dynamic",50,9,"WPMM3",4,0.00327847776793286,0.00402352462733052,0.00797953635747555,TRUE
"sru_y1_dynamic",50,9,"LSE",0,0.0039329664335748,0.00467413421795394,0.00811033482114533,TRUE
"sru_y1_dynamic",50,9,"LSE",1,0.00375264834563578,0.00460250618191503,0.00797617180055554,TRUE
"sru_y1_dynamic",50,9,"LSE",2,0.00397750748372606,0.00480849654632496,0.00804866976309088,TRUE
"sru_y1_dynamic",50,9,"LSE",3,0.00344577752488113,0.00409559240542648,0.00617961291369327,TRUE
"sru_y1_dynamic",50,9,"LSE",4,0.0027295708463972,0.0034099340184298,0.00610151433691399,TRUE
"sru_y1_dynamic",50,9,"ridge-LSE",0,0.0028212866080888,0.00348510536186831,0.00612829895370992,TRUE
"sru_y1_dynamic",50,9,"ridge-LSE",1,0.00254159466552505,0.00338729974326505,0.00609006424273551,TRUE
"sru_y1_dynamic",50,9,"ridge-LSE",2,0.00272118546716456,0.00343444176247639,0.00611092837747044,TRUE
"sru_y1_dynamic",50,9,"ridge-LSE",3,0.00382552463362868,0.00447321208874373,0.00765982688315523,TRUE
"sru_y1_dynamic",50,9,"ridge-LSE",4,0.00487522225997677,0.0055592492338797,0.00832425320605605,TRUE
"sru_y1_dynamic",50,9,"Huber",0,0.00228103481413535,0.00267102295561457,0.00675097247853483,TRUE
"sru_y1_dynamic",50,9,"Huber",1,0.00228790607427172,0.0026625141954497,0.00679689838255404,TRUE
"sru_y1_dynamic",50,9,"Huber",2,0.00330797389875952,0.00405954552373715,0.00803105584010628,TRUE
"sru_y1_dynamic",50,9,"Huber",3,0.00230050417002686,0.00266934986533971,0.00682270356444468,TRUE
"sru_y1_dynamic",50,9,"Huber",4,0.00328077571384424,0.00389138791432388,0.00783929576441743,TRUE
"sru_y1_dynamic",50,9,"L1",0,0.00331827640773373,0.00395797494876352,0.00797932445335637,TRUE
"sru_y1_dynamic",50,9,"L1",1,0.00232245819110697,0.00267862779501976,0.00696314933183123,TRUE
"sru_y1_dynamic",50,9,"L1",2,0.00232819364503127,0.00267497760431381,0.00699916097548844,TRUE
"sru_y1_dynamic",50,9,"L1",3,0.00233121081704299,0.00267254260026025,0.00695780425173704,TRUE
"sru_y1_dynamic",50,9,"L1",4,0.00233015380596442,0.00267872979828734,0.00698662391182646,TRUE
"sru_y1_dynamic",50,9,"auto-valgate",0,0.00233014725549483,0.0026664286242876,0.0070183405719384,TRUE
"sru_y1_dynamic",50,9,"auto-valgate",1,0.00331972355935897,0.00397130071038703,0.00799715339446658,TRUE
"sru_y1_dynamic",50,9,"auto-valgate",2,0.00321568167758366,0.00384964469793736,0.00760937632141989,TRUE
"sru_y1_dynamic",50,9,"auto-valgate",3,0.00232064171775344,0.00270423925249447,0.00692528728901664,TRUE
"sru_y1_dynamic",50,9,"auto-valgate",4,0.00234866096504775,0.0026550618202674,0.00709025346233382,TRUE
"sru_y1_dynamic",50,10,"auto",0,0.00296315306414244,0.00419007894624075,0.00927116022669212,TRUE
"sru_y1_dynamic",50,10,"auto",1,0.0031617246284308,0.00435924641120085,0.00943324148015488,TRUE
"sru_y1_dynamic",50,10,"auto",2,0.00392520041093847,0.00646935613635176,0.0157464033856699,TRUE
"sru_y1_dynamic",50,10,"auto",3,0.0029577854649907,0.00431895527260321,0.0100145229083836,TRUE
"sru_y1_dynamic",50,10,"auto",4,0.00299889753218707,0.00431313137028483,0.0096710335276435,TRUE
"sru_y1_dynamic",50,10,"auto-weak",0,0.00173206841088485,0.00323059879177818,0.0101081174818811,TRUE
"sru_y1_dynamic",50,10,"auto-weak",1,0.00177292267393837,0.0032773937891593,0.010698699877402,TRUE
"sru_y1_dynamic",50,10,"auto-weak",2,0.00173912674096624,0.00326945162781989,0.0108498912658961,TRUE
"sru_y1_dynamic",50,10,"auto-weak",3,0.0030101871876655,0.00525282098683679,0.0132877674629783,TRUE
"sru_y1_dynamic",50,10,"auto-weak",4,0.0017372246956617,0.00314619272216974,0.00994540559362686,TRUE
"sru_y1_dynamic",50,10,"WPMM2",0,0.0017377379059831,0.00316506661735208,0.0102526212507312,TRUE
"sru_y1_dynamic",50,10,"WPMM2",1,0.00171303931624395,0.00311907273228055,0.00985794387969772,TRUE
"sru_y1_dynamic",50,10,"WPMM2",2,0.00173907771661065,0.00323743071521458,0.0107444259172368,TRUE
"sru_y1_dynamic",50,10,"WPMM2",3,0.00310686869153291,0.00526896329929861,0.0131315620025978,TRUE
"sru_y1_dynamic",50,10,"WPMM2",4,0.00166608150957681,0.00318715705848813,0.0105798486174236,TRUE
"sru_y1_dynamic",50,10,"WPMM3",0,0.00173203864016098,0.00318434258814987,0.0102539950730705,TRUE
"sru_y1_dynamic",50,10,"WPMM3",1,0.0030087586755352,0.00519505550971372,0.013178150590911,TRUE
"sru_y1_dynamic",50,10,"WPMM3",2,0.0017320361372848,0.00336721944348324,0.0107014181086505,TRUE
"sru_y1_dynamic",50,10,"WPMM3",3,0.00172690022951345,0.00314250835847456,0.0100654299620362,TRUE
"sru_y1_dynamic",50,10,"WPMM3",4,0.00165750494204489,0.0030885092203876,0.00985606900054493,TRUE
"sru_y1_dynamic",50,10,"LSE",0,0.00244920221340796,0.00391470516622593,0.00898350680679358,TRUE
"sru_y1_dynamic",50,10,"LSE",1,0.00216773214311161,0.00367364443017664,0.00912095749170702,TRUE
"sru_y1_dynamic",50,10,"LSE",2,0.00359681900636443,0.00579169014119081,0.0137863104589403,TRUE
"sru_y1_dynamic",50,10,"LSE",3,0.00397761799235022,0.00597949251334843,0.0142659909018008,TRUE
"sru_y1_dynamic",50,10,"LSE",4,0.00400521198861088,0.00599833302786495,0.013460908202188,TRUE
"sru_y1_dynamic",50,10,"ridge-LSE",0,0.0021680287783194,0.00369658215468836,0.00919140021904289,TRUE
"sru_y1_dynamic",50,10,"ridge-LSE",1,0.00280663362332985,0.00420643833840335,0.0100739794798204,TRUE
"sru_y1_dynamic",50,10,"ridge-LSE",2,0.00199974304833166,0.00362735379931328,0.00923024702845971,TRUE
"sru_y1_dynamic",50,10,"ridge-LSE",3,0.00516185083875385,0.00690891257202576,0.014074833407133,TRUE
"sru_y1_dynamic",50,10,"ridge-LSE",4,0.00351370814093223,0.00471028856838551,0.00947371122252739,TRUE
"sru_y1_dynamic",50,10,"Huber",0,0.00296095462972823,0.00494140093790553,0.0120996513085683,TRUE
"sru_y1_dynamic",50,10,"Huber",1,0.00176904686702713,0.00306582186729671,0.00934916690252726,TRUE
"sru_y1_dynamic",50,10,"Huber",2,0.00301054499818404,0.00503609866009747,0.0128138280094164,TRUE
"sru_y1_dynamic",50,10,"Huber",3,0.00163546668519371,0.00302457315868605,0.00931917807430579,TRUE
"sru_y1_dynamic",50,10,"Huber",4,0.00165052844285866,0.0030495037369039,0.00966478347988082,TRUE
"sru_y1_dynamic",50,10,"L1",0,0.00302003578537041,0.0048607401613323,0.0113719136979609,TRUE
"sru_y1_dynamic",50,10,"L1",1,0.00294584192578046,0.00505748225403164,0.0128135594043564,TRUE
"sru_y1_dynamic",50,10,"L1",2,0.00164733168356667,0.00303941704714824,0.00964575012347119,TRUE
"sru_y1_dynamic",50,10,"L1",3,0.00294932800840421,0.00492285275297827,0.0122051676020347,TRUE
"sru_y1_dynamic",50,10,"L1",4,0.00296945832335986,0.0049424427928168,0.0123522309388432,TRUE
"sru_y1_dynamic",50,10,"auto-valgate",0,0.00173168132138698,0.00313059485755679,0.00997899430872698,TRUE
"sru_y1_dynamic",50,10,"auto-valgate",1,0.0017364509649269,0.00313511443781772,0.00988057753780075,TRUE
"sru_y1_dynamic",50,10,"auto-valgate",2,0.00297546391148465,0.00532878929799077,0.0132855719358273,TRUE
"sru_y1_dynamic",50,10,"auto-valgate",3,0.0029895581731931,0.00523650298388542,0.0135110566316348,TRUE
"sru_y1_dynamic",50,10,"auto-valgate",4,0.00176483712501974,0.00325698341748369,0.0103871612703647,TRUE
"gas_turbine_co_2015_raw",20,1,"auto",0,0.443728348811121,0.550306339707376,0.984097023900572,TRUE
"gas_turbine_co_2015_raw",20,1,"auto",1,0.77948834705868,1.27525557162879,2.87035680364601,TRUE
"gas_turbine_co_2015_raw",20,1,"auto",2,1.21430582380291,1.52988226149279,2.95954166742883,TRUE
"gas_turbine_co_2015_raw",20,1,"auto",3,0.514415814885126,0.663293092735338,1.38479998016235,TRUE
"gas_turbine_co_2015_raw",20,1,"auto",4,0.621712171498118,0.715794617614264,1.14490904331014,TRUE
"gas_turbine_co_2015_raw",20,1,"auto-weak",0,0.470136483760815,0.858359697716693,2.62663276271161,TRUE
"gas_turbine_co_2015_raw",20,1,"auto-weak",1,0.375362075816093,0.45623182156405,0.822396895281728,TRUE
"gas_turbine_co_2015_raw",20,1,"auto-weak",2,0.46188091426318,0.897540348035127,2.8109297150869,TRUE
"gas_turbine_co_2015_raw",20,1,"auto-weak",3,0.452351097557574,0.846748251592392,2.67756261152797,TRUE
"gas_turbine_co_2015_raw",20,1,"auto-weak",4,0.533705373300786,0.703382064300986,1.34873115548395,TRUE
"gas_turbine_co_2015_raw",20,1,"WPMM2",0,0.413086843787905,0.497298099760751,0.859741378482706,TRUE
"gas_turbine_co_2015_raw",20,1,"WPMM2",1,0.402539061632634,0.858295984945862,2.86940571629777,TRUE
"gas_turbine_co_2015_raw",20,1,"WPMM2",2,0.398233625665839,0.47495901936591,0.836570392766279,TRUE
"gas_turbine_co_2015_raw",20,1,"WPMM2",3,0.421533725032843,0.519077107347891,0.942562379562597,TRUE
"gas_turbine_co_2015_raw",20,1,"WPMM2",4,0.426529340148044,0.70387835853598,1.88619864723104,TRUE
"gas_turbine_co_2015_raw",20,1,"WPMM3",0,0.424278907291799,0.583696903680108,1.20680927108854,TRUE
"gas_turbine_co_2015_raw",20,1,"WPMM3",1,0.396594526057457,0.496120363950853,0.951517144395259,TRUE
"gas_turbine_co_2015_raw",20,1,"WPMM3",2,0.393335502107738,0.475337147044057,0.88575836352136,TRUE
"gas_turbine_co_2015_raw",20,1,"WPMM3",3,0.399343907940491,0.515296849741998,1.0631427670037,TRUE
"gas_turbine_co_2015_raw",20,1,"WPMM3",4,0.416981477018468,0.755491864051182,2.10876344435484,TRUE
"gas_turbine_co_2015_raw",20,1,"LSE",0,0.42330435950881,1.09822490367982,4.44366834268252,TRUE
"gas_turbine_co_2015_raw",20,1,"LSE",1,0.751356875775671,1.22065394800806,2.71401877546971,TRUE
"gas_turbine_co_2015_raw",20,1,"LSE",2,0.525077726313423,0.88748948321782,2.46595195972835,TRUE
"gas_turbine_co_2015_raw",20,1,"LSE",3,0.643481372550625,0.84986416448028,1.56156805315797,TRUE
"gas_turbine_co_2015_raw",20,1,"LSE",4,0.641432878675633,0.796695278956886,1.48283791862571,TRUE
"gas_turbine_co_2015_raw",20,1,"ridge-LSE",0,0.7003105301148,0.79048485426861,1.20798938819907,TRUE
"gas_turbine_co_2015_raw",20,1,"ridge-LSE",1,0.752930578314795,1.13669434545287,2.5766687895253,TRUE
"gas_turbine_co_2015_raw",20,1,"ridge-LSE",2,0.560892760394102,0.611552788914935,0.995701382993744,TRUE
"gas_turbine_co_2015_raw",20,1,"ridge-LSE",3,0.707788261358582,1.42131481006208,4.12289136740581,TRUE
"gas_turbine_co_2015_raw",20,1,"ridge-LSE",4,0.705236695864001,1.38229264731796,4.18413699222564,TRUE
"gas_turbine_co_2015_raw",20,1,"Huber",0,0.51726756592195,0.595487697862069,0.973067632717316,TRUE
"gas_turbine_co_2015_raw",20,1,"Huber",1,0.505063409563518,0.752396490514156,1.69891293890764,TRUE
"gas_turbine_co_2015_raw",20,1,"Huber",2,0.519164940908851,0.933590854521478,2.72892488418774,TRUE
"gas_turbine_co_2015_raw",20,1,"Huber",3,0.3978704283922,0.484094413453508,0.852216401288668,TRUE
"gas_turbine_co_2015_raw",20,1,"Huber",4,0.426422890424503,0.502007501601826,0.873703250471646,TRUE
"gas_turbine_co_2015_raw",20,1,"L1",0,0.486936144747537,0.565865445115878,0.981342182732193,TRUE
"gas_turbine_co_2015_raw",20,1,"L1",1,0.357721457910176,0.446712949134162,0.859732407194428,TRUE
"gas_turbine_co_2015_raw",20,1,"L1",2,0.605268285550725,0.681484256101538,1.06657945715127,TRUE
"gas_turbine_co_2015_raw",20,1,"L1",3,0.613892264645426,0.752741063859453,1.27538983885208,TRUE
"gas_turbine_co_2015_raw",20,1,"L1",4,0.601715347396538,0.701745421465065,1.23208683249018,TRUE
"gas_turbine_co_2015_raw",20,1,"auto-valgate",0,0.438146291420145,0.550835024593031,1.06335306243448,TRUE
"gas_turbine_co_2015_raw",20,1,"auto-valgate",1,0.575405849018686,0.933794804247882,2.33338057118358,TRUE
"gas_turbine_co_2015_raw",20,1,"auto-valgate",2,0.426221995315232,0.586560984266483,1.26462744113951,TRUE
"gas_turbine_co_2015_raw",20,1,"auto-valgate",3,0.52782606010273,0.614059060998748,1.04868196644938,TRUE
"gas_turbine_co_2015_raw",20,1,"auto-valgate",4,0.368587666723606,0.459249499718565,0.898453354869838,TRUE
"gas_turbine_co_2015_raw",20,2,"auto",0,0.392808928936291,0.43376667937065,0.634190098354904,TRUE
"gas_turbine_co_2015_raw",20,2,"auto",1,0.387142810062835,0.426918270590151,0.662849949614442,TRUE
"gas_turbine_co_2015_raw",20,2,"auto",2,0.380415116998157,0.417224847808422,0.622155201161211,TRUE
"gas_turbine_co_2015_raw",20,2,"auto",3,0.423005326887284,0.472209532553681,0.7122653975847,TRUE
"gas_turbine_co_2015_raw",20,2,"auto",4,0.372325339194028,0.41216875852781,0.604617529895696,TRUE
"gas_turbine_co_2015_raw",20,2,"auto-weak",0,0.386825104512643,0.430272093398515,0.655342899119405,TRUE
"gas_turbine_co_2015_raw",20,2,"auto-weak",1,0.36187224254117,0.411672515631582,0.632400706494192,TRUE
"gas_turbine_co_2015_raw",20,2,"auto-weak",2,0.382423402651582,0.434708425040818,0.680848546075645,TRUE
"gas_turbine_co_2015_raw",20,2,"auto-weak",3,0.379683217008604,0.429208905740386,0.662414868501091,TRUE
"gas_turbine_co_2015_raw",20,2,"auto-weak",4,0.339853695531542,0.403577760243246,0.656637739800762,TRUE
"gas_turbine_co_2015_raw",20,2,"WPMM2",0,0.357470107483247,0.4138580317182,0.626114995455389,TRUE
"gas_turbine_co_2015_raw",20,2,"WPMM2",1,0.356511335719236,0.404464442226407,0.611716721038195,TRUE
"gas_turbine_co_2015_raw",20,2,"WPMM2",2,0.357548886841666,0.412743025513114,0.658636913018953,TRUE
"gas_turbine_co_2015_raw",20,2,"WPMM2",3,0.363523464159724,0.413953445080138,0.640429806402261,TRUE
"gas_turbine_co_2015_raw",20,2,"WPMM2",4,0.367202258766028,0.416209867426755,0.661074938470632,TRUE
"gas_turbine_co_2015_raw",20,2,"WPMM3",0,0.370810194330142,0.419397550286003,0.660191745762219,TRUE
"gas_turbine_co_2015_raw",20,2,"WPMM3",1,0.354490018073833,0.412870557747484,0.64362124771869,TRUE
"gas_turbine_co_2015_raw",20,2,"WPMM3",2,0.382853363196998,0.419964942919592,0.620127784328548,TRUE
"gas_turbine_co_2015_raw",20,2,"WPMM3",3,0.355859849285003,0.411151960051191,0.637894460894982,TRUE
"gas_turbine_co_2015_raw",20,2,"WPMM3",4,0.39279938195476,0.439371900219126,0.66276527174931,TRUE
"gas_turbine_co_2015_raw",20,2,"LSE",0,0.381048574422271,0.427077261164778,0.637951591393366,TRUE
"gas_turbine_co_2015_raw",20,2,"LSE",1,0.381522810580794,0.436208513875948,0.68644329315665,TRUE
"gas_turbine_co_2015_raw",20,2,"LSE",2,0.371534520410604,0.411431650274843,0.626861934514988,TRUE
"gas_turbine_co_2015_raw",20,2,"LSE",3,0.429573222860631,0.473016385103294,0.722943025599418,TRUE
"gas_turbine_co_2015_raw",20,2,"LSE",4,0.426278562924914,0.468839266759792,0.710115334956766,TRUE
"gas_turbine_co_2015_raw",20,2,"ridge-LSE",0,0.370960602545782,0.421389342918869,0.65086712700442,TRUE
"gas_turbine_co_2015_raw",20,2,"ridge-LSE",1,0.329542660211193,0.390664990227098,0.626693725081338,TRUE
"gas_turbine_co_2015_raw",20,2,"ridge-LSE",2,0.444864130932595,0.489661452906407,0.728559980519221,TRUE
"gas_turbine_co_2015_raw",20,2,"ridge-LSE",3,0.323645890009207,0.375889530175829,0.585857957831786,TRUE
"gas_turbine_co_2015_raw",20,2,"ridge-LSE",4,0.449181361872458,0.487542365604341,0.734842491502497,TRUE
"gas_turbine_co_2015_raw",20,2,"Huber",0,0.351591183885927,0.404049966403583,0.628031828479809,TRUE
"gas_turbine_co_2015_raw",20,2,"Huber",1,0.3526841779952,0.408688675831261,0.648752167838043,TRUE
"gas_turbine_co_2015_raw",20,2,"Huber",2,0.353599358956217,0.397246618333419,0.590933759708782,TRUE
"gas_turbine_co_2015_raw",20,2,"Huber",3,0.373625638824862,0.413434907874983,0.61165359724091,TRUE
"gas_turbine_co_2015_raw",20,2,"Huber",4,0.365745517929366,0.413891684610167,0.631064386917013,TRUE
"gas_turbine_co_2015_raw",20,2,"L1",0,0.364073776370337,0.415312514892783,0.634788539664735,TRUE
"gas_turbine_co_2015_raw",20,2,"L1",1,0.343230471843188,0.400139823149516,0.626097080506274,TRUE
"gas_turbine_co_2015_raw",20,2,"L1",2,0.351244675871254,0.40110254575518,0.607563142826631,TRUE
"gas_turbine_co_2015_raw",20,2,"L1",3,0.3446886027123,0.406128876305309,0.655597528318696,TRUE
"gas_turbine_co_2015_raw",20,2,"L1",4,0.364638723715218,0.419142555321853,0.647556831235015,TRUE
"gas_turbine_co_2015_raw",20,2,"auto-valgate",0,0.387327431523302,0.433475598467657,0.675192722164034,TRUE
"gas_turbine_co_2015_raw",20,2,"auto-valgate",1,0.357016411158498,0.410592537237423,0.636321874246776,TRUE
"gas_turbine_co_2015_raw",20,2,"auto-valgate",2,0.369868671971665,0.416474704088488,0.644216026952995,TRUE
"gas_turbine_co_2015_raw",20,2,"auto-valgate",3,0.416488060397997,0.459853877695717,0.712356774591489,TRUE
"gas_turbine_co_2015_raw",20,2,"auto-valgate",4,0.371428929613538,0.413957748217735,0.612803285424559,TRUE
"gas_turbine_co_2015_raw",20,3,"auto",0,0.572570753179745,0.730397854891987,1.5994499183432,TRUE
"gas_turbine_co_2015_raw",20,3,"auto",1,0.600843062233032,0.730407312713181,1.37157881004791,TRUE
"gas_turbine_co_2015_raw",20,3,"auto",2,0.580991807448429,0.738546232257542,1.60699843914086,TRUE
"gas_turbine_co_2015_raw",20,3,"auto",3,0.566396699763927,0.710091834609493,1.5387501709294,TRUE
"gas_turbine_co_2015_raw",20,3,"auto",4,0.581571880758648,0.735503924962687,1.58615220609413,TRUE
"gas_turbine_co_2015_raw",20,3,"auto-weak",0,0.535737540998686,0.67842456618136,1.42836255959343,TRUE
"gas_turbine_co_2015_raw",20,3,"auto-weak",1,0.523277061051077,0.665030062931093,1.27402471919149,TRUE
"gas_turbine_co_2015_raw",20,3,"auto-weak",2,0.539379505158346,0.68603966737695,1.43437644549108,TRUE
"gas_turbine_co_2015_raw",20,3,"auto-weak",3,0.653100837543249,0.78624447607947,1.549158733775,TRUE
"gas_turbine_co_2015_raw",20,3,"auto-weak",4,0.654442941329791,0.786579136212331,1.54809010701436,TRUE
"gas_turbine_co_2015_raw",20,3,"WPMM2",0,0.551284725365247,0.713630802518525,1.60991743593128,TRUE
"gas_turbine_co_2015_raw",20,3,"WPMM2",1,0.562323423512475,0.697580221943901,1.34723586320207,TRUE
"gas_turbine_co_2015_raw",20,3,"WPMM2",2,0.538288186495001,0.671415771632881,1.20154276866369,TRUE
"gas_turbine_co_2015_raw",20,3,"WPMM2",3,0.52471147777419,0.675788995471792,1.45409422422152,TRUE
"gas_turbine_co_2015_raw",20,3,"WPMM2",4,0.557098278679713,0.712907545998008,1.57631932384854,TRUE
"gas_turbine_co_2015_raw",20,3,"WPMM3",0,0.558724782635156,0.677538135138122,1.13277995408144,TRUE
"gas_turbine_co_2015_raw",20,3,"WPMM3",1,0.585012127392878,0.716201208744702,1.34557758796062,TRUE
"gas_turbine_co_2015_raw",20,3,"WPMM3",2,0.56107574999971,0.714138805070579,1.59167419884879,TRUE
"gas_turbine_co_2015_raw",20,3,"WPMM3",3,0.510030190641602,0.652090246738957,1.32549151532312,TRUE
"gas_turbine_co_2015_raw",20,3,"WPMM3",4,0.550545817492425,0.693767758398156,1.40920464321398,TRUE
"gas_turbine_co_2015_raw",20,3,"LSE",0,0.614840084116009,0.765902926620837,1.63041727788712,TRUE
"gas_turbine_co_2015_raw",20,3,"LSE",1,0.618200437403654,0.76915722503777,1.67296317475772,TRUE
"gas_turbine_co_2015_raw",20,3,"LSE",2,0.520433398913147,0.665146679892037,1.38753734592343,TRUE
"gas_turbine_co_2015_raw",20,3,"LSE",3,0.548547871008043,0.697589034685546,1.538880701136,TRUE
"gas_turbine_co_2015_raw",20,3,"LSE",4,0.565474256772245,0.728739593994904,1.54804011024874,TRUE
"gas_turbine_co_2015_raw",20,3,"ridge-LSE",0,0.599445228017628,0.762091697313514,1.55960111803219,TRUE
"gas_turbine_co_2015_raw",20,3,"ridge-LSE",1,0.62335205242415,0.752585616835311,1.38426177423673,TRUE
"gas_turbine_co_2015_raw",20,3,"ridge-LSE",2,0.606065722022788,0.774081932139402,1.61875624093583,TRUE
"gas_turbine_co_2015_raw",20,3,"ridge-LSE",3,0.581286085478344,0.730671248818923,1.48160176465389,TRUE
"gas_turbine_co_2015_raw",20,3,"ridge-LSE",4,0.560461171524664,0.757949387291915,2.25582712961549,TRUE
"gas_turbine_co_2015_raw",20,3,"Huber",0,0.544806209421414,0.690270619348867,1.29988095418168,TRUE
"gas_turbine_co_2015_raw",20,3,"Huber",1,0.596461998657915,0.759002951208052,1.58418264163572,TRUE
"gas_turbine_co_2015_raw",20,3,"Huber",2,0.580889236018445,0.72358559299387,1.45297810379305,TRUE
"gas_turbine_co_2015_raw",20,3,"Huber",3,0.60448879625724,0.761110758350763,1.53390734140638,TRUE
"gas_turbine_co_2015_raw",20,3,"Huber",4,0.590212056125349,0.768127190776045,1.83005780077827,TRUE
"gas_turbine_co_2015_raw",20,3,"L1",0,0.678556224467074,0.832820897389845,1.65659135442973,TRUE
"gas_turbine_co_2015_raw",20,3,"L1",1,0.573225445304852,0.739602073957431,1.63225769542186,TRUE
"gas_turbine_co_2015_raw",20,3,"L1",2,0.591570240395988,0.746013352665814,1.50564496038646,TRUE
"gas_turbine_co_2015_raw",20,3,"L1",3,0.589732613944384,0.743293893120811,1.58653092823551,TRUE
"gas_turbine_co_2015_raw",20,3,"L1",4,0.534219157560084,0.686570341703663,1.51651848180719,TRUE
"gas_turbine_co_2015_raw",20,3,"auto-valgate",0,0.610719994697782,0.752204544638301,1.4639463841852,TRUE
"gas_turbine_co_2015_raw",20,3,"auto-valgate",1,0.582015884469041,0.710841417530841,1.29594984002862,TRUE
"gas_turbine_co_2015_raw",20,3,"auto-valgate",2,0.545632808096293,0.681117851154735,1.22240251533939,TRUE
"gas_turbine_co_2015_raw",20,3,"auto-valgate",3,0.520057081953096,0.66430315011991,1.33450369173762,TRUE
"gas_turbine_co_2015_raw",20,3,"auto-valgate",4,0.6997787815909,0.822650529983744,1.4386621486922,TRUE
"gas_turbine_co_2015_raw",20,4,"auto",0,0.628178284611688,0.706969522426059,1.36307731924932,TRUE
"gas_turbine_co_2015_raw",20,4,"auto",1,0.606852798979541,0.695410792322695,1.40635117884506,TRUE
"gas_turbine_co_2015_raw",20,4,"auto",2,0.64792926692186,0.732310346037074,1.45198462525279,TRUE
"gas_turbine_co_2015_raw",20,4,"auto",3,0.610789085944982,0.697788559265272,1.42996747006078,TRUE
"gas_turbine_co_2015_raw",20,4,"auto",4,0.617192556816649,0.704284757476564,1.43015903579988,TRUE
"gas_turbine_co_2015_raw",20,4,"auto-weak",0,0.627795332417477,0.698603850674965,1.22758110736297,TRUE
"gas_turbine_co_2015_raw",20,4,"auto-weak",1,0.584531036173428,0.679435743984515,1.38987781783451,TRUE
"gas_turbine_co_2015_raw",20,4,"auto-weak",2,0.594969943957353,0.678107446554564,1.33575579055877,TRUE
"gas_turbine_co_2015_raw",20,4,"auto-weak",3,0.593014364110345,0.681118703952696,1.34569584360788,TRUE
"gas_turbine_co_2015_raw",20,4,"auto-weak",4,0.586254477198077,0.66734943348258,1.22530843525496,TRUE
"gas_turbine_co_2015_raw",20,4,"WPMM2",0,0.611551753767739,0.716579685349075,1.48393224999172,TRUE
"gas_turbine_co_2015_raw",20,4,"WPMM2",1,0.631105682527394,0.726598871484442,1.47847391592142,TRUE
"gas_turbine_co_2015_raw",20,4,"WPMM2",2,0.59332840997603,0.669383195229331,1.30158459544887,TRUE
"gas_turbine_co_2015_raw",20,4,"WPMM2",3,0.611973710153346,0.703435564801662,1.47251862931765,TRUE
"gas_turbine_co_2015_raw",20,4,"WPMM2",4,0.593098138426189,0.680423915283723,1.34861618679267,TRUE
"gas_turbine_co_2015_raw",20,4,"WPMM3",0,0.60022722171459,0.702008699966648,1.50323409439503,TRUE
"gas_turbine_co_2015_raw",20,4,"WPMM3",1,0.604168267097078,0.707025706517777,1.46415336523639,TRUE
"gas_turbine_co_2015_raw",20,4,"WPMM3",2,0.588389378175616,0.672235681070327,1.30684309561133,TRUE
"gas_turbine_co_2015_raw",20,4,"WPMM3",3,0.632300770299892,0.700062343790264,1.278708995679,TRUE
"gas_turbine_co_2015_raw",20,4,"WPMM3",4,0.579019913246493,0.672566993266533,1.41219845958635,TRUE
"gas_turbine_co_2015_raw",20,4,"LSE",0,0.611949813269977,0.714007859148858,1.42065402876105,TRUE
"gas_turbine_co_2015_raw",20,4,"LSE",1,0.655591312126906,0.754576813720058,1.41999231409707,TRUE
"gas_turbine_co_2015_raw",20,4,"LSE",2,0.620329697335047,0.720978813361722,1.39887204240648,TRUE
"gas_turbine_co_2015_raw",20,4,"LSE",3,0.636585952486751,0.733255503960879,1.39354176794576,TRUE
"gas_turbine_co_2015_raw",20,4,"LSE",4,0.632049604117404,0.709817123436607,1.39722884359305,TRUE
"gas_turbine_co_2015_raw",20,4,"ridge-LSE",0,0.600334175451692,0.694602672480121,1.42754722695707,TRUE
"gas_turbine_co_2015_raw",20,4,"ridge-LSE",1,0.632360031646025,0.725484691585278,1.38311155384681,TRUE
"gas_turbine_co_2015_raw",20,4,"ridge-LSE",2,0.644637558711642,0.737667464984669,1.33819046526066,TRUE
"gas_turbine_co_2015_raw",20,4,"ridge-LSE",3,0.588599825339127,0.678292060299713,1.42551939643943,TRUE
"gas_turbine_co_2015_raw",20,4,"ridge-LSE",4,0.634510510878382,0.723366932653792,1.51026772225892,TRUE
"gas_turbine_co_2015_raw",20,4,"Huber",0,0.596612386532432,0.682079586248761,1.34643209206528,TRUE
"gas_turbine_co_2015_raw",20,4,"Huber",1,0.604730028143545,0.690296532965144,1.42518841413168,TRUE
"gas_turbine_co_2015_raw",20,4,"Huber",2,0.6063595693919,0.695936032490559,1.31219924898358,TRUE
"gas_turbine_co_2015_raw",20,4,"Huber",3,0.619689399853169,0.69887978563436,1.33855966153902,TRUE
"gas_turbine_co_2015_raw",20,4,"Huber",4,0.598557369454674,0.684010582214064,1.38570730712998,TRUE
"gas_turbine_co_2015_raw",20,4,"L1",0,0.597077611764427,0.68591314931098,1.42091952928694,TRUE
"gas_turbine_co_2015_raw",20,4,"L1",1,0.61729592830238,0.710821366655569,1.47893300262339,TRUE
"gas_turbine_co_2015_raw",20,4,"L1",2,0.5995478303979,0.692111384520564,1.4370564729919,TRUE
"gas_turbine_co_2015_raw",20,4,"L1",3,0.598207347037623,0.695012549833808,1.51523079501133,TRUE
"gas_turbine_co_2015_raw",20,4,"L1",4,0.638308226367132,0.712156462583994,1.36490051746558,TRUE
"gas_turbine_co_2015_raw",20,4,"auto-valgate",0,0.621097184117355,0.70069575546972,1.39593906706425,TRUE
"gas_turbine_co_2015_raw",20,4,"auto-valgate",1,0.609503306290381,0.70285138650375,1.49501423194762,TRUE
"gas_turbine_co_2015_raw",20,4,"auto-valgate",2,0.624563979882348,0.712262452282521,1.49189132647085,TRUE
"gas_turbine_co_2015_raw",20,4,"auto-valgate",3,0.606642219642471,0.704026805449505,1.52547326842225,TRUE
"gas_turbine_co_2015_raw",20,4,"auto-valgate",4,0.620283639520615,0.69146632928677,1.35547811506121,TRUE
"gas_turbine_co_2015_raw",20,5,"auto",0,0.81633075584301,1.01193291721421,2.20843600058066,TRUE
"gas_turbine_co_2015_raw",20,5,"auto",1,0.84967696736215,1.0156633766689,2.21474308040668,TRUE
"gas_turbine_co_2015_raw",20,5,"auto",2,0.846883414876938,0.987453145062634,2.18353316330947,TRUE
"gas_turbine_co_2015_raw",20,5,"auto",3,0.789641471291754,0.969872935710005,2.17117881675224,TRUE
"gas_turbine_co_2015_raw",20,5,"auto",4,0.895387540016609,1.05509939805189,2.2433944883016,TRUE
"gas_turbine_co_2015_raw",20,5,"auto-weak",0,0.71742393586126,0.918573733681898,2.15775633692466,TRUE
"gas_turbine_co_2015_raw",20,5,"auto-weak",1,0.702620568461367,0.885769729709144,2.14693693946643,TRUE
"gas_turbine_co_2015_raw",20,5,"auto-weak",2,0.755548596019224,0.942486786045679,2.16240557318096,TRUE
"gas_turbine_co_2015_raw",20,5,"auto-weak",3,0.720094845318812,0.922874643779483,2.1582427041664,TRUE
"gas_turbine_co_2015_raw",20,5,"auto-weak",4,0.790817224229566,0.952820378082635,2.16791207162695,TRUE
"gas_turbine_co_2015_raw",20,5,"WPMM2",0,0.822006947474334,0.981879942330815,2.19190113359063,TRUE
"gas_turbine_co_2015_raw",20,5,"WPMM2",1,0.71668331750512,0.899947229150744,2.13576757164387,TRUE
"gas_turbine_co_2015_raw",20,5,"WPMM2",2,0.704507405478177,0.887092437697586,2.12549428914274,TRUE
"gas_turbine_co_2015_raw",20,5,"WPMM2",3,0.705807300089383,0.889287190205233,2.13278588266755,TRUE
"gas_turbine_co_2015_raw",20,5,"WPMM2",4,0.716053970883252,0.918322306932858,2.16455002555524,TRUE
"gas_turbine_co_2015_raw",20,5,"WPMM3",0,0.680392028689673,0.870775314779673,2.11187455241074,TRUE
"gas_turbine_co_2015_raw",20,5,"WPMM3",1,0.851361810754655,1.00702316846785,2.21738064036645,TRUE
"gas_turbine_co_2015_raw",20,5,"WPMM3",2,0.682990754605797,0.874986286956352,2.11650193403715,TRUE
"gas_turbine_co_2015_raw",20,5,"WPMM3",3,0.761182953435195,0.936358073188829,2.12863079557543,TRUE
"gas_turbine_co_2015_raw",20,5,"WPMM3",4,0.724944715981521,0.924605042772509,2.15945641620703,TRUE
"gas_turbine_co_2015_raw",20,5,"LSE",0,0.794010268971848,0.990366162094253,2.19316675902378,TRUE
"gas_turbine_co_2015_raw",20,5,"LSE",1,0.771888371168996,0.950161481877277,2.15764578016817,TRUE
"gas_turbine_co_2015_raw",20,5,"LSE",2,0.859995282324686,1.0589991608469,2.22937021501698,TRUE
"gas_turbine_co_2015_raw",20,5,"LSE",3,0.717411373237286,0.919582742681407,2.15725905647903,TRUE
"gas_turbine_co_2015_raw",20,5,"LSE",4,0.777496947089854,0.985127992496221,2.17956006600897,TRUE
"gas_turbine_co_2015_raw",20,5,"ridge-LSE",0,0.802075869008465,0.960465801476178,2.14625599425003,TRUE
"gas_turbine_co_2015_raw",20,5,"ridge-LSE",1,0.777351903088556,0.987039057261873,2.2072508936432,TRUE
"gas_turbine_co_2015_raw",20,5,"ridge-LSE",2,0.721772519185535,0.921973542798044,2.15398825306725,TRUE
"gas_turbine_co_2015_raw",20,5,"ridge-LSE",3,0.732986460748898,0.916956944968825,2.1370132170337,TRUE
"gas_turbine_co_2015_raw",20,5,"ridge-LSE",4,0.770126011739769,0.966851841368113,2.18374590284951,TRUE
"gas_turbine_co_2015_raw",20,5,"Huber",0,0.763888204286135,0.948517796162988,2.16955380127166,TRUE
"gas_turbine_co_2015_raw",20,5,"Huber",1,0.759471023891171,0.945615719864573,2.16609541196581,TRUE
"gas_turbine_co_2015_raw",20,5,"Huber",2,0.762806893387676,0.950650083135157,2.16692403903244,TRUE
"gas_turbine_co_2015_raw",20,5,"Huber",3,0.747219063500849,0.941223790433103,2.16642858881851,TRUE
"gas_turbine_co_2015_raw",20,5,"Huber",4,0.76083026170838,0.953933239201974,2.16802738162879,TRUE
"gas_turbine_co_2015_raw",20,5,"L1",0,0.759087029344838,0.946041043635655,2.16658541495955,TRUE
"gas_turbine_co_2015_raw",20,5,"L1",1,0.691075117043376,0.888499508314386,2.13353486923546,TRUE
"gas_turbine_co_2015_raw",20,5,"L1",2,0.840425958983391,0.997756155038089,2.20505027169493,TRUE
"gas_turbine_co_2015_raw",20,5,"L1",3,0.763269054406164,0.954594416048162,2.1703788439611,TRUE
"gas_turbine_co_2015_raw",20,5,"L1",4,0.768618097565186,0.94954220453844,2.16288663999093,TRUE
"gas_turbine_co_2015_raw",20,5,"auto-valgate",0,0.740603142984965,0.940253517466701,2.16474755297768,TRUE
"gas_turbine_co_2015_raw",20,5,"auto-valgate",1,0.736472297415152,0.932610321643647,2.16154577721952,TRUE
"gas_turbine_co_2015_raw",20,5,"auto-valgate",2,0.722039114911945,0.901655374935835,2.12279575007067,TRUE
"gas_turbine_co_2015_raw",20,5,"auto-valgate",3,0.730270907748879,0.937972175322449,2.17586027837326,TRUE
"gas_turbine_co_2015_raw",20,5,"auto-valgate",4,0.768410182868219,0.961389666304167,2.17968609660129,TRUE
"gas_turbine_co_2015_raw",20,6,"auto",0,0.842010577360088,0.978654560400291,2.23139061108697,TRUE
"gas_turbine_co_2015_raw",20,6,"auto",1,0.818581019024079,0.970002539646644,2.33278045100964,TRUE
"gas_turbine_co_2015_raw",20,6,"auto",2,0.841101288155472,0.934962732723021,2.06130233588356,TRUE
"gas_turbine_co_2015_raw",20,6,"auto",3,0.83776150580491,0.958521025517714,2.07141491147161,TRUE
"gas_turbine_co_2015_raw",20,6,"auto",4,0.83421791119298,0.9175719411986,2.03949111937589,TRUE
"gas_turbine_co_2015_raw",20,6,"auto-weak",0,0.806084590108946,0.99157799579829,2.60709958693657,TRUE
"gas_turbine_co_2015_raw",20,6,"auto-weak",1,0.832661493344521,0.946210568836228,2.01789251637479,TRUE
"gas_turbine_co_2015_raw",20,6,"auto-weak",2,0.824825499231839,0.981197800197819,2.32052108430082,TRUE
"gas_turbine_co_2015_raw",20,6,"auto-weak",3,0.797208621257867,0.928238932042196,2.05679130765319,TRUE
"gas_turbine_co_2015_raw",20,6,"auto-weak",4,0.829903886652446,0.924816189486188,2.07837810628358,TRUE
"gas_turbine_co_2015_raw",20,6,"WPMM2",0,0.827097050938889,1.06062037075681,2.8943978682578,TRUE
"gas_turbine_co_2015_raw",20,6,"WPMM2",1,0.824411762814205,0.966985566386693,2.2604173904758,TRUE
"gas_turbine_co_2015_raw",20,6,"WPMM2",2,0.82661641653717,0.919805061415333,2.04233103436734,TRUE
"gas_turbine_co_2015_raw",20,6,"WPMM2",3,0.792174378380089,0.92080756343823,2.08592894310859,TRUE
"gas_turbine_co_2015_raw",20,6,"WPMM2",4,0.806399379034633,0.97649092106371,2.42056524189059,TRUE
"gas_turbine_co_2015_raw",20,6,"WPMM3",0,0.830992109499415,0.972722974579922,2.1873128359,TRUE
"gas_turbine_co_2015_raw",20,6,"WPMM3",1,0.809391627703401,1.04488008704931,3.19603640657512,TRUE
"gas_turbine_co_2015_raw",20,6,"WPMM3",2,0.834989212019834,1.00811393811083,2.78927451229218,TRUE
"gas_turbine_co_2015_raw",20,6,"WPMM3",3,0.857310735840334,0.942407466138095,2.10959511797115,TRUE
"gas_turbine_co_2015_raw",20,6,"WPMM3",4,0.814090670030289,1.05195047297987,3.29748495798339,TRUE
"gas_turbine_co_2015_raw",20,6,"LSE",0,0.865376250149212,1.12230779732151,3.36171295893195,TRUE
"gas_turbine_co_2015_raw",20,6,"LSE",1,0.836946880436992,0.94012685804302,1.93239863272148,TRUE
"gas_turbine_co_2015_raw",20,6,"LSE",2,0.853848569540088,1.2655655117731,5.34536620480383,TRUE
"gas_turbine_co_2015_raw",20,6,"LSE",3,0.879294024820005,1.33009883412532,5.51380573512116,TRUE
"gas_turbine_co_2015_raw",20,6,"LSE",4,0.84275368515284,1.0289039042608,2.56325595483892,TRUE
"gas_turbine_co_2015_raw",20,6,"ridge-LSE",0,0.85472306803198,1.08642670059245,3.11355209628097,TRUE
"gas_turbine_co_2015_raw",20,6,"ridge-LSE",1,0.860689231140716,1.17661573302609,4.20850003299385,TRUE
"gas_turbine_co_2015_raw",20,6,"ridge-LSE",2,0.829954892677817,1.30261885555838,6.3667211949149,TRUE
"gas_turbine_co_2015_raw",20,6,"ridge-LSE",3,0.871166517102393,1.05564093616098,2.60889142500471,TRUE
"gas_turbine_co_2015_raw",20,6,"ridge-LSE",4,0.858103022625681,1.19066543388985,4.51848431688952,TRUE
"gas_turbine_co_2015_raw",20,6,"Huber",0,0.812909009686179,0.965156176141063,2.14761642594427,TRUE
"gas_turbine_co_2015_raw",20,6,"Huber",1,0.785699096915673,0.91841014556938,2.14962630477256,TRUE
"gas_turbine_co_2015_raw",20,6,"Huber",2,0.825249819445529,0.993345953771411,2.5764082610562,TRUE
"gas_turbine_co_2015_raw",20,6,"Huber",3,0.806117055530147,0.946321706922613,2.21368991325347,TRUE
"gas_turbine_co_2015_raw",20,6,"Huber",4,0.812242536870882,0.938538360363962,2.03846164001874,TRUE
"gas_turbine_co_2015_raw",20,6,"L1",0,0.827660915169459,0.942091743461448,2.13833486062553,TRUE
"gas_turbine_co_2015_raw",20,6,"L1",1,0.861165972346037,0.947493283234687,2.07545502146648,TRUE
"gas_turbine_co_2015_raw",20,6,"L1",2,0.777366196877759,0.914255739098746,2.09235601208026,TRUE
"gas_turbine_co_2015_raw",20,6,"L1",3,0.843469307818929,1.03750826262626,2.83664736489745,TRUE
"gas_turbine_co_2015_raw",20,6,"L1",4,0.809712072902404,0.939065401906403,2.21845738979135,TRUE
"gas_turbine_co_2015_raw",20,6,"auto-valgate",0,0.788237247302137,0.928422732523444,2.12474059653466,TRUE
"gas_turbine_co_2015_raw",20,6,"auto-valgate",1,0.810908455419343,1.00504905098396,2.59970277240051,TRUE
"gas_turbine_co_2015_raw",20,6,"auto-valgate",2,0.800063816243497,0.984147806351397,2.56798139227693,TRUE
"gas_turbine_co_2015_raw",20,6,"auto-valgate",3,0.812816196821227,0.981761242826126,2.33785208060498,TRUE
"gas_turbine_co_2015_raw",20,6,"auto-valgate",4,0.821361538860243,1.15905360015408,4.20334257032112,TRUE
"gas_turbine_co_2015_raw",20,7,"auto",0,0.763448592536538,0.801916582057889,1.16518149263745,TRUE
"gas_turbine_co_2015_raw",20,7,"auto",1,0.759054954206164,0.795788712129935,1.11066945388893,TRUE
"gas_turbine_co_2015_raw",20,7,"auto",2,0.757798468845193,0.791732773557128,1.14177394408495,TRUE
"gas_turbine_co_2015_raw",20,7,"auto",3,0.790830548898298,1.00871203212884,3.55656642700039,TRUE
"gas_turbine_co_2015_raw",20,7,"auto",4,0.771648993838076,0.947107955213693,2.82911235438876,TRUE
"gas_turbine_co_2015_raw",20,7,"auto-weak",0,0.760096909235704,0.798395554564554,1.0955767368117,TRUE
"gas_turbine_co_2015_raw",20,7,"auto-weak",1,0.731658796694347,0.752630888524311,1.01270368032216,TRUE
"gas_turbine_co_2015_raw",20,7,"auto-weak",2,0.795099452947388,0.826963671431125,1.14262086276216,TRUE
"gas_turbine_co_2015_raw",20,7,"auto-weak",3,0.797291398587808,1.30169977604232,7.33233884777457,TRUE
"gas_turbine_co_2015_raw",20,7,"auto-weak",4,0.78404999766259,0.834869145563142,1.27819339994649,TRUE
"gas_turbine_co_2015_raw",20,7,"WPMM2",0,0.789902853925828,0.843738511661112,1.32060749448004,TRUE
"gas_turbine_co_2015_raw",20,7,"WPMM2",1,0.788096115465826,0.884682431419164,1.64850870004921,TRUE
"gas_turbine_co_2015_raw",20,7,"WPMM2",2,0.784621509251652,0.827148406987254,1.16343537558398,TRUE
"gas_turbine_co_2015_raw",20,7,"WPMM2",3,0.792719998059578,0.876579772136274,1.61072588579155,TRUE
"gas_turbine_co_2015_raw",20,7,"WPMM2",4,0.803586762135548,0.940388420193423,2.2802333468715,TRUE
"gas_turbine_co_2015_raw",20,7,"WPMM3",0,0.775378144912117,0.790618724723825,1.03037519212344,TRUE
"gas_turbine_co_2015_raw",20,7,"WPMM3",1,0.759625577764337,0.816828551799623,1.24840337255391,TRUE
"gas_turbine_co_2015_raw",20,7,"WPMM3",2,0.797765796237466,1.01446203375247,3.28642888189338,TRUE
"gas_turbine_co_2015_raw",20,7,"WPMM3",3,0.805822462570099,0.896047888771341,1.65375437185808,TRUE
"gas_turbine_co_2015_raw",20,7,"WPMM3",4,0.795276014598558,0.996931653724866,3.04225825375924,TRUE
"gas_turbine_co_2015_raw",20,7,"LSE",0,0.782002030028198,0.873671356153908,1.66840077502863,TRUE
"gas_turbine_co_2015_raw",20,7,"LSE",1,0.79294756614416,0.892021264147931,1.7551737726317,TRUE
"gas_turbine_co_2015_raw",20,7,"LSE",2,0.783993644223623,0.900658333863951,1.95265596087697,TRUE
"gas_turbine_co_2015_raw",20,7,"LSE",3,0.779980749642649,1.00874603527408,3.31067140183777,TRUE
"gas_turbine_co_2015_raw",20,7,"LSE",4,0.775262796717742,0.867239488665432,1.55188823973398,TRUE
"gas_turbine_co_2015_raw",20,7,"ridge-LSE",0,0.776595797352605,0.846365463508579,1.42207892530937,TRUE
"gas_turbine_co_2015_raw",20,7,"ridge-LSE",1,0.754386395037213,0.848669933280768,1.50583563560076,TRUE
"gas_turbine_co_2015_raw",20,7,"ridge-LSE",2,0.79093956889081,0.915306649039404,2.10142507251228,TRUE
"gas_turbine_co_2015_raw",20,7,"ridge-LSE",3,0.781469045596139,0.87772793728855,1.75716863587826,TRUE
"gas_turbine_co_2015_raw",20,7,"ridge-LSE",4,0.785449644310497,0.899025587614815,1.94405616434016,TRUE
"gas_turbine_co_2015_raw",20,7,"Huber",0,0.791091397768401,0.849334205185209,1.33215131331008,TRUE
"gas_turbine_co_2015_raw",20,7,"Huber",1,0.785778157712719,0.840972943038327,1.32166469425667,TRUE
"gas_turbine_co_2015_raw",20,7,"Huber",2,0.794202885079887,0.853499308679575,1.36562466373558,TRUE
"gas_turbine_co_2015_raw",20,7,"Huber",3,0.794225753519129,0.878131893523533,1.64318109678293,TRUE
"gas_turbine_co_2015_raw",20,7,"Huber",4,0.797653041507159,0.880210044262171,1.61837131143306,TRUE
"gas_turbine_co_2015_raw",20,7,"L1",0,0.780058180586122,0.835632096655442,1.27961061899549,TRUE
"gas_turbine_co_2015_raw",20,7,"L1",1,0.772572313046658,0.830637987666778,1.31211532827581,TRUE
"gas_turbine_co_2015_raw",20,7,"L1",2,0.733423085223915,0.797834945040336,1.25316451897053,TRUE
"gas_turbine_co_2015_raw",20,7,"L1",3,0.77531140171762,0.833521988865801,1.31366565328276,TRUE
"gas_turbine_co_2015_raw",20,7,"L1",4,0.793550249984567,0.859225404033293,1.4036608533837,TRUE
"gas_turbine_co_2015_raw",20,7,"auto-valgate",0,0.783960409697471,0.901573611536622,1.94605751429688,TRUE
"gas_turbine_co_2015_raw",20,7,"auto-valgate",1,0.806797391648958,0.873444032058958,1.38766285375786,TRUE
"gas_turbine_co_2015_raw",20,7,"auto-valgate",2,0.796958820786012,0.863825410825915,1.42492060037034,TRUE
"gas_turbine_co_2015_raw",20,7,"auto-valgate",3,0.793630582813566,0.860742571652855,1.44765096284426,TRUE
"gas_turbine_co_2015_raw",20,7,"auto-valgate",4,0.793859811888846,0.854310253509485,1.35322876399725,TRUE
"gas_turbine_co_2015_raw",20,8,"auto",0,0.827950050136774,0.881903778307961,1.18936961967133,TRUE
"gas_turbine_co_2015_raw",20,8,"auto",1,0.805611746221072,0.869852843590838,1.30780456878711,TRUE
"gas_turbine_co_2015_raw",20,8,"auto",2,0.823626588035528,0.878874859379007,1.27856289189496,TRUE
"gas_turbine_co_2015_raw",20,8,"auto",3,0.795865997906865,0.851744060422305,1.239757102257,TRUE
"gas_turbine_co_2015_raw",20,8,"auto",4,0.830014141530752,0.884629156372033,1.2893520965526,TRUE
"gas_turbine_co_2015_raw",20,8,"auto-weak",0,0.796755757725506,0.867079603649376,1.34853137547788,TRUE
"gas_turbine_co_2015_raw",20,8,"auto-weak",1,0.811309812365955,0.87605503732013,1.31944418290782,TRUE
"gas_turbine_co_2015_raw",20,8,"auto-weak",2,0.792303951782918,0.974060780187737,2.80133418043843,TRUE
"gas_turbine_co_2015_raw",20,8,"auto-weak",3,0.784121247099609,0.846482897802449,1.25973256277379,TRUE
"gas_turbine_co_2015_raw",20,8,"auto-weak",4,0.81987098869358,0.881868869745828,1.26867994428273,TRUE
"gas_turbine_co_2015_raw",20,8,"WPMM2",0,0.804202043363247,0.867811977457451,1.31374679160871,TRUE
"gas_turbine_co_2015_raw",20,8,"WPMM2",1,0.808696647069443,0.881179498592621,1.32848417940537,TRUE
"gas_turbine_co_2015_raw",20,8,"WPMM2",2,0.797654630651363,0.867659822770796,1.3382868462542,TRUE
"gas_turbine_co_2015_raw",20,8,"WPMM2",3,0.796976771086491,0.862378989875984,1.26659614234813,TRUE
"gas_turbine_co_2015_raw",20,8,"WPMM2",4,0.792315446161573,0.832984639109343,1.12262963283651,TRUE
"gas_turbine_co_2015_raw",20,8,"WPMM3",0,0.797135804900542,0.870683996468538,1.34772420714528,TRUE
"gas_turbine_co_2015_raw",20,8,"WPMM3",1,0.796886352426517,0.874160981103002,1.3566429363919,TRUE
"gas_turbine_co_2015_raw",20,8,"WPMM3",2,0.810674170533942,0.86945450114009,1.2513308147036,TRUE
"gas_turbine_co_2015_raw",20,8,"WPMM3",3,0.755701104496612,0.818865112134475,1.22379270356574,TRUE
"gas_turbine_co_2015_raw",20,8,"WPMM3",4,0.775697850889487,0.800809124109381,1.04592550792394,TRUE
"gas_turbine_co_2015_raw",20,8,"LSE",0,0.809215528868981,0.877255657655237,1.33266222442619,TRUE
"gas_turbine_co_2015_raw",20,8,"LSE",1,0.847364627314099,0.927881856352785,1.32988644856999,TRUE
"gas_turbine_co_2015_raw",20,8,"LSE",2,0.789076986011709,0.86670901587927,1.38252005811444,TRUE
"gas_turbine_co_2015_raw",20,8,"LSE",3,0.807452057148721,0.875500128613056,1.31597523371796,TRUE
"gas_turbine_co_2015_raw",20,8,"LSE",4,0.80576143843327,0.91582591382704,1.58798168196965,TRUE
"gas_turbine_co_2015_raw",20,8,"ridge-LSE",0,0.840840918233321,0.921763991518548,1.37863761398994,TRUE
"gas_turbine_co_2015_raw",20,8,"ridge-LSE",1,0.840435354314921,0.916891318460941,1.32162980585392,TRUE
"gas_turbine_co_2015_raw",20,8,"ridge-LSE",2,0.808273363330195,0.900987912791,1.39209347732802,TRUE
"gas_turbine_co_2015_raw",20,8,"ridge-LSE",3,0.779690388399777,0.855594429346072,1.25996778760349,TRUE
"gas_turbine_co_2015_raw",20,8,"ridge-LSE",4,0.790971199124723,0.857181099398456,1.29172402873731,TRUE
"gas_turbine_co_2015_raw",20,8,"Huber",0,0.80924891036537,0.871340416644649,1.25692924883257,TRUE
"gas_turbine_co_2015_raw",20,8,"Huber",1,0.808814852547717,0.868733680303659,1.23055515392646,TRUE
"gas_turbine_co_2015_raw",20,8,"Huber",2,0.825119315111422,0.896514664152668,1.37378247165753,TRUE
"gas_turbine_co_2015_raw",20,8,"Huber",3,0.808461480935156,0.874572698638815,1.33330901709474,TRUE
"gas_turbine_co_2015_raw",20,8,"Huber",4,0.795110298522271,0.861310011782048,1.26538941840835,TRUE
"gas_turbine_co_2015_raw",20,8,"L1",0,0.819168568998397,0.886853728849806,1.34134923155011,TRUE
"gas_turbine_co_2015_raw",20,8,"L1",1,0.778026105903982,0.848764020551781,1.29523896351829,TRUE
"gas_turbine_co_2015_raw",20,8,"L1",2,0.815731388156421,0.875935166354284,1.31299547649651,TRUE
"gas_turbine_co_2015_raw",20,8,"L1",3,0.811944966285301,0.88225021658292,1.31289945385408,TRUE
"gas_turbine_co_2015_raw",20,8,"L1",4,0.781963530318657,0.857679779050898,1.34254048546175,TRUE
"gas_turbine_co_2015_raw",20,8,"auto-valgate",0,0.784132159819275,0.84849597128865,1.25293634298406,TRUE
"gas_turbine_co_2015_raw",20,8,"auto-valgate",1,0.80537737434428,0.887532921777872,1.36163922826885,TRUE
"gas_turbine_co_2015_raw",20,8,"auto-valgate",2,0.772636949423542,0.837975902033098,1.22996423368871,TRUE
"gas_turbine_co_2015_raw",20,8,"auto-valgate",3,0.817851130451649,0.892398524270013,1.38091180813099,TRUE
"gas_turbine_co_2015_raw",20,8,"auto-valgate",4,0.780972831119493,0.85393844198357,1.30614123723462,TRUE
"gas_turbine_co_2015_raw",20,9,"auto",0,0.515626884670175,0.556331843989229,0.749497767989876,TRUE
"gas_turbine_co_2015_raw",20,9,"auto",1,0.541779587494191,0.59141384346444,0.817082156669056,TRUE
"gas_turbine_co_2015_raw",20,9,"auto",2,0.51625468073307,0.55486311946161,0.756770403173613,TRUE
"gas_turbine_co_2015_raw",20,9,"auto",3,0.565737455736954,0.617269094762504,0.828706057049643,TRUE
"gas_turbine_co_2015_raw",20,9,"auto",4,0.612876574012853,0.653266008413705,0.851734074960699,TRUE
"gas_turbine_co_2015_raw",20,9,"auto-weak",0,0.50614030152802,0.559653793713044,0.77470049918255,TRUE
"gas_turbine_co_2015_raw",20,9,"auto-weak",1,0.49239067994387,0.531946373995106,0.723284585736335,TRUE
"gas_turbine_co_2015_raw",20,9,"auto-weak",2,0.484117036399198,0.540872119403645,0.763552193187119,TRUE
"gas_turbine_co_2015_raw",20,9,"auto-weak",3,0.609089493603719,0.643543302833075,0.869934413097345,TRUE
"gas_turbine_co_2015_raw",20,9,"auto-weak",4,0.649736284210471,0.681719698346914,0.883291988476428,TRUE
"gas_turbine_co_2015_raw",20,9,"WPMM2",0,0.508004495011068,0.556165862641221,0.773083919197714,TRUE
"gas_turbine_co_2015_raw",20,9,"WPMM2",1,0.507970543983773,0.562434106550284,0.783273431620985,TRUE
"gas_turbine_co_2015_raw",20,9,"WPMM2",2,0.507298848592261,0.555028359415076,0.766871676771612,TRUE
"gas_turbine_co_2015_raw",20,9,"WPMM2",3,0.54597258270306,0.598292354124884,0.813657458819637,TRUE
"gas_turbine_co_2015_raw",20,9,"WPMM2",4,0.492494053010856,0.537572218568657,0.744043020013825,TRUE
"gas_turbine_co_2015_raw",20,9,"WPMM3",0,0.523858883385128,0.572076827084333,0.808239883474962,TRUE
"gas_turbine_co_2015_raw",20,9,"WPMM3",1,0.56899380351219,0.59765059935131,0.79151050888002,TRUE
"gas_turbine_co_2015_raw",20,9,"WPMM3",2,0.537136663366767,0.571756490307058,0.787345915247822,TRUE
"gas_turbine_co_2015_raw",20,9,"WPMM3",3,0.536075931632948,0.585135648825435,0.814813332093,TRUE
"gas_turbine_co_2015_raw",20,9,"WPMM3",4,0.564401242620966,0.600027955879755,0.815747665320101,TRUE
"gas_turbine_co_2015_raw",20,9,"LSE",0,0.631636054140763,0.692122169126579,0.918718154899244,TRUE
"gas_turbine_co_2015_raw",20,9,"LSE",1,0.536787293507686,0.608787471723417,0.86637967488927,TRUE
"gas_turbine_co_2015_raw",20,9,"LSE",2,0.648745621211045,0.674553801342567,0.891549001399023,TRUE
"gas_turbine_co_2015_raw",20,9,"LSE",3,0.528415623425772,0.578430008087729,0.800418182717653,TRUE
"gas_turbine_co_2015_raw",20,9,"LSE",4,0.506992557270888,0.541335797124105,0.732298873799632,TRUE
"gas_turbine_co_2015_raw",20,9,"ridge-LSE",0,0.528497151643556,0.571462791862909,0.769929354967866,TRUE
"gas_turbine_co_2015_raw",20,9,"ridge-LSE",1,0.555310360262898,0.627875150878143,0.861987004648761,TRUE
"gas_turbine_co_2015_raw",20,9,"ridge-LSE",2,0.651924271129509,0.690784821689,0.911478004957012,TRUE
"gas_turbine_co_2015_raw",20,9,"ridge-LSE",3,0.544981350366886,0.591613381649708,0.801764280458504,TRUE
"gas_turbine_co_2015_raw",20,9,"ridge-LSE",4,0.655287158150526,0.692443119455816,0.899636766912298,TRUE
"gas_turbine_co_2015_raw",20,9,"Huber",0,0.498169474654007,0.533181873346201,0.728601337897321,TRUE
"gas_turbine_co_2015_raw",20,9,"Huber",1,0.528359696523956,0.579604496058189,0.798265297677788,TRUE
"gas_turbine_co_2015_raw",20,9,"Huber",2,0.500961392152537,0.54706796879598,0.75151686835129,TRUE
"gas_turbine_co_2015_raw",20,9,"Huber",3,0.512917329444395,0.559712379478992,0.765954260961552,TRUE
"gas_turbine_co_2015_raw",20,9,"Huber",4,0.624702179233755,0.674819880723002,0.90584345786833,TRUE
"gas_turbine_co_2015_raw",20,9,"L1",0,0.521424892011646,0.573219113440884,0.790466011126251,TRUE
"gas_turbine_co_2015_raw",20,9,"L1",1,0.526780304362915,0.578483148097426,0.785640537994477,TRUE
"gas_turbine_co_2015_raw",20,9,"L1",2,0.530386447446592,0.576640269122512,0.784900697490537,TRUE
"gas_turbine_co_2015_raw",20,9,"L1",3,0.486753127761174,0.53495699106211,0.731684374604374,TRUE
"gas_turbine_co_2015_raw",20,9,"L1",4,0.583108362532357,0.633607137420289,0.857436227658459,TRUE
"gas_turbine_co_2015_raw",20,9,"auto-valgate",0,0.54187313532081,0.587674184534508,0.820683671253446,TRUE
"gas_turbine_co_2015_raw",20,9,"auto-valgate",1,0.493866725629642,0.537083307637099,0.728143836584794,TRUE
"gas_turbine_co_2015_raw",20,9,"auto-valgate",2,0.530816973967341,0.56613629546061,0.759261713641457,TRUE
"gas_turbine_co_2015_raw",20,9,"auto-valgate",3,0.67180795668662,0.705241870798829,0.914517687306927,TRUE
"gas_turbine_co_2015_raw",20,9,"auto-valgate",4,0.549058346570689,0.592840756639962,0.818997037606469,TRUE
"gas_turbine_co_2015_raw",20,10,"auto",0,0.530374667995279,0.555349631911098,0.706865688431289,TRUE
"gas_turbine_co_2015_raw",20,10,"auto",1,0.56326306814394,0.598494834059546,0.746296795638995,TRUE
"gas_turbine_co_2015_raw",20,10,"auto",2,0.509833981790518,0.552274363554371,0.721192187839405,TRUE
"gas_turbine_co_2015_raw",20,10,"auto",3,0.491051684759232,0.532785745250639,0.716258386177169,TRUE
"gas_turbine_co_2015_raw",20,10,"auto",4,0.513004447496734,0.565483573134761,0.782025711315507,TRUE
"gas_turbine_co_2015_raw",20,10,"auto-weak",0,0.481078711020484,0.496955568903123,0.618546334077508,TRUE
"gas_turbine_co_2015_raw",20,10,"auto-weak",1,0.4814056892235,0.490468125211862,0.612918855400066,TRUE
"gas_turbine_co_2015_raw",20,10,"auto-weak",2,0.487637731111906,0.499649592598236,0.623905208736017,TRUE
"gas_turbine_co_2015_raw",20,10,"auto-weak",3,0.482965676722069,0.502929942381042,0.640255728766722,TRUE
"gas_turbine_co_2015_raw",20,10,"auto-weak",4,0.525297884028873,0.539243434719999,0.665321372641574,TRUE
"gas_turbine_co_2015_raw",20,10,"WPMM2",0,0.534588101622515,0.537145058474191,0.643311840510752,TRUE
"gas_turbine_co_2015_raw",20,10,"WPMM2",1,0.457041108741818,0.467869095409061,0.59122412733595,TRUE
"gas_turbine_co_2015_raw",20,10,"WPMM2",2,0.55116580103284,0.563291737464386,0.664896396353919,TRUE
"gas_turbine_co_2015_raw",20,10,"WPMM2",3,0.553775204933421,0.568585718947007,0.689377113545872,TRUE
"gas_turbine_co_2015_raw",20,10,"WPMM2",4,0.530415066613673,0.568879934538089,0.725913521672945,TRUE
"gas_turbine_co_2015_raw",20,10,"WPMM3",0,0.509090273805579,0.520344727852454,0.643122610021529,TRUE
"gas_turbine_co_2015_raw",20,10,"WPMM3",1,0.486841754451233,0.506827635927557,0.639506699121276,TRUE
"gas_turbine_co_2015_raw",20,10,"WPMM3",2,0.485966281126626,0.506244741873823,0.635947702631646,TRUE
"gas_turbine_co_2015_raw",20,10,"WPMM3",3,0.482103807209195,0.502694018526157,0.64822530802055,TRUE
"gas_turbine_co_2015_raw",20,10,"WPMM3",4,0.501067647586351,0.501544964737713,0.61664109275803,TRUE
"gas_turbine_co_2015_raw",20,10,"LSE",0,0.503290088606618,0.533138080376095,0.685889413973136,TRUE
"gas_turbine_co_2015_raw",20,10,"LSE",1,0.602724674842854,0.637482654270414,0.811858472323291,TRUE
"gas_turbine_co_2015_raw",20,10,"LSE",2,0.505966618480849,0.550131127739627,0.72751867923029,TRUE
"gas_turbine_co_2015_raw",20,10,"LSE",3,0.594430283893428,0.6140770516077,0.714067297408838,TRUE
"gas_turbine_co_2015_raw",20,10,"LSE",4,0.54964368617164,0.594893786774353,0.766375181848966,TRUE
"gas_turbine_co_2015_raw",20,10,"ridge-LSE",0,0.538968497988093,0.593960932102988,0.767452210319297,TRUE
"gas_turbine_co_2015_raw",20,10,"ridge-LSE",1,0.544416218675267,0.596154947958474,0.773687603463427,TRUE
"gas_turbine_co_2015_raw",20,10,"ridge-LSE",2,0.580744559496354,0.609152770838943,0.734662926870559,TRUE
"gas_turbine_co_2015_raw",20,10,"ridge-LSE",3,0.518558278104142,0.561449715479359,0.757299719731652,TRUE
"gas_turbine_co_2015_raw",20,10,"ridge-LSE",4,0.571881481822582,0.583431052696398,0.681731482319151,TRUE
"gas_turbine_co_2015_raw",20,10,"Huber",0,0.466570590036876,0.493682231906855,0.649258457022862,TRUE
"gas_turbine_co_2015_raw",20,10,"Huber",1,0.4690777386916,0.496224075144189,0.64307907126562,TRUE
"gas_turbine_co_2015_raw",20,10,"Huber",2,0.483901661812109,0.501289207967388,0.643906670509508,TRUE
"gas_turbine_co_2015_raw",20,10,"Huber",3,0.489065632529308,0.505287748537052,0.642245181959056,TRUE
"gas_turbine_co_2015_raw",20,10,"Huber",4,0.493678631449903,0.517500668361748,0.65625064130743,TRUE
"gas_turbine_co_2015_raw",20,10,"L1",0,0.490809826820191,0.515591407653165,0.671746632411437,TRUE
"gas_turbine_co_2015_raw",20,10,"L1",1,0.502597928478175,0.529163141123927,0.691686604254033,TRUE
"gas_turbine_co_2015_raw",20,10,"L1",2,0.524441528528869,0.547415152409752,0.677337741820268,TRUE
"gas_turbine_co_2015_raw",20,10,"L1",3,0.494264091927592,0.51313118392809,0.65644518470445,TRUE
"gas_turbine_co_2015_raw",20,10,"L1",4,0.47675825649781,0.507833890756431,0.673863363966963,TRUE
"gas_turbine_co_2015_raw",20,10,"auto-valgate",0,0.479354675096811,0.519101928656973,0.693288668732176,TRUE
"gas_turbine_co_2015_raw",20,10,"auto-valgate",1,0.50005725738953,0.515514514898024,0.642566656668847,TRUE
"gas_turbine_co_2015_raw",20,10,"auto-valgate",2,0.516108154335182,0.534283186817991,0.680162356665265,TRUE
"gas_turbine_co_2015_raw",20,10,"auto-valgate",3,0.514319557276166,0.522097994934404,0.633977526548058,TRUE
"gas_turbine_co_2015_raw",20,10,"auto-valgate",4,0.498667434005818,0.514177834288392,0.633475837359107,TRUE
"gas_turbine_co_2015_raw",50,1,"auto",0,0.55500254929057,0.963337811768021,2.87110520425917,TRUE
"gas_turbine_co_2015_raw",50,1,"auto",1,1.37182358188436,2.91500171945776,8.40333320310543,TRUE
"gas_turbine_co_2015_raw",50,1,"auto",2,0.755722319126958,1.08627735351082,2.36784516541747,TRUE
"gas_turbine_co_2015_raw",50,1,"auto",3,1.59064145707546,4.64912840390751,16.8845241353261,TRUE
"gas_turbine_co_2015_raw",50,1,"auto",4,0.556487043885575,0.710969159447177,1.35507974579712,TRUE
"gas_turbine_co_2015_raw",50,1,"auto-weak",0,0.582150921742287,0.963842084252481,2.53203440466719,TRUE
"gas_turbine_co_2015_raw",50,1,"auto-weak",1,0.388531105585184,0.500099045484019,0.922219901127332,TRUE
"gas_turbine_co_2015_raw",50,1,"auto-weak",2,0.486375685604252,0.763845206039367,2.04109225667833,TRUE
"gas_turbine_co_2015_raw",50,1,"auto-weak",3,0.513713463114107,0.872112989698294,2.41370247540454,TRUE
"gas_turbine_co_2015_raw",50,1,"auto-weak",4,1.32169207804731,1.49862931533745,2.77202100026115,TRUE
"gas_turbine_co_2015_raw",50,1,"WPMM2",0,0.511309316725781,0.594587483348375,1.02591063981736,TRUE
"gas_turbine_co_2015_raw",50,1,"WPMM2",1,0.748743621539205,0.980243302502545,2.15141331936678,TRUE
"gas_turbine_co_2015_raw",50,1,"WPMM2",2,0.801006267575272,0.98159015762738,2.04861827552304,TRUE
"gas_turbine_co_2015_raw",50,1,"WPMM2",3,0.569010845860702,0.635890582944645,0.984447904480501,TRUE
"gas_turbine_co_2015_raw",50,1,"WPMM2",4,0.397826537209928,0.492790815689143,0.925676192348749,TRUE
"gas_turbine_co_2015_raw",50,1,"WPMM3",0,0.401064176625253,0.664217642054887,1.80611974429108,TRUE
"gas_turbine_co_2015_raw",50,1,"WPMM3",1,0.496952706828556,0.563428438363395,0.997092137206186,TRUE
"gas_turbine_co_2015_raw",50,1,"WPMM3",2,0.639988876827567,0.975789112200259,2.12009249136707,TRUE
"gas_turbine_co_2015_raw",50,1,"WPMM3",3,0.478473554833042,0.820622606193904,2.38262820877331,TRUE
"gas_turbine_co_2015_raw",50,1,"WPMM3",4,0.464064236158576,0.659755034628945,1.31328398151082,TRUE
"gas_turbine_co_2015_raw",50,1,"LSE",0,1.49919849844631,4.09866028113165,14.2870803099322,TRUE
"gas_turbine_co_2015_raw",50,1,"LSE",1,0.947874023103869,1.10970533376912,1.67603615994199,TRUE
"gas_turbine_co_2015_raw",50,1,"LSE",2,0.926070802532044,0.995351561518434,1.52674192326453,TRUE
"gas_turbine_co_2015_raw",50,1,"LSE",3,0.579942808807647,0.693831435283622,1.14175551943233,TRUE
"gas_turbine_co_2015_raw",50,1,"LSE",4,0.910476206560859,1.15501256125126,2.06435237162521,TRUE
"gas_turbine_co_2015_raw",50,1,"ridge-LSE",0,0.946227353702165,1.53517609866832,3.7770600645343,TRUE
"gas_turbine_co_2015_raw",50,1,"ridge-LSE",1,1.93247596351199,2.43179307391963,5.29401461207673,TRUE
"gas_turbine_co_2015_raw",50,1,"ridge-LSE",2,0.759040440833941,0.959435099620523,1.63053804377868,TRUE
"gas_turbine_co_2015_raw",50,1,"ridge-LSE",3,0.613789089363477,0.6836294444244,1.02145749732841,TRUE
"gas_turbine_co_2015_raw",50,1,"ridge-LSE",4,1.30308572943847,2.12880573958272,5.63947403948918,TRUE
"gas_turbine_co_2015_raw",50,1,"Huber",0,0.485634699137546,0.58119234251158,1.13974552637944,TRUE
"gas_turbine_co_2015_raw",50,1,"Huber",1,0.411749486841602,0.551063777748594,1.07062097772693,TRUE
"gas_turbine_co_2015_raw",50,1,"Huber",2,0.785454052011244,1.05260858357401,1.95047491622383,TRUE
"gas_turbine_co_2015_raw",50,1,"Huber",3,0.426226045609697,0.537895668098828,1.06513606680954,TRUE
"gas_turbine_co_2015_raw",50,1,"Huber",4,0.488458185747906,0.557442224003569,1.00709643374239,TRUE
"gas_turbine_co_2015_raw",50,1,"L1",0,0.654281099555736,0.91727166398651,1.98827975909094,TRUE
"gas_turbine_co_2015_raw",50,1,"L1",1,0.374979518869833,0.464079714662168,0.857174963597853,TRUE
"gas_turbine_co_2015_raw",50,1,"L1",2,0.409067734272327,0.489469077653062,0.896017988949628,TRUE
"gas_turbine_co_2015_raw",50,1,"L1",3,0.612714550544692,0.912963324882697,2.38965770042799,TRUE
"gas_turbine_co_2015_raw",50,1,"L1",4,0.396790250392993,0.511682658912809,0.963918985311399,TRUE
"gas_turbine_co_2015_raw",50,1,"auto-valgate",0,0.54890584764466,0.635532608393981,1.0100130669862,TRUE
"gas_turbine_co_2015_raw",50,1,"auto-valgate",1,1.47378169107136,2.4945398404746,6.74299765350275,TRUE
"gas_turbine_co_2015_raw",50,1,"auto-valgate",2,0.620141704106084,1.57401387404576,7.81891922447323,TRUE
"gas_turbine_co_2015_raw",50,1,"auto-valgate",3,0.858309362523708,1.19736944663009,2.35993143678887,TRUE
"gas_turbine_co_2015_raw",50,1,"auto-valgate",4,0.78718373151655,0.991448491874144,1.74403376120208,TRUE
"gas_turbine_co_2015_raw",50,2,"auto",0,0.427145026295542,0.471344965001928,0.694509272203783,TRUE
"gas_turbine_co_2015_raw",50,2,"auto",1,0.421613084031249,0.466134452772489,0.702947527002094,TRUE
"gas_turbine_co_2015_raw",50,2,"auto",2,0.422396036490554,0.469966219477834,0.710533875930785,TRUE
"gas_turbine_co_2015_raw",50,2,"auto",3,0.379236931086437,0.41407362551353,0.610263250364418,TRUE
"gas_turbine_co_2015_raw",50,2,"auto",4,0.422647300697575,0.471623947257978,0.711668324015701,TRUE
"gas_turbine_co_2015_raw",50,2,"auto-weak",0,0.405389763097486,0.449527535024153,0.688854411098899,TRUE
"gas_turbine_co_2015_raw",50,2,"auto-weak",1,0.351974419268759,0.404441712102613,0.638713723990215,TRUE
"gas_turbine_co_2015_raw",50,2,"auto-weak",2,0.405812384885207,0.446914576883929,0.682520444049906,TRUE
"gas_turbine_co_2015_raw",50,2,"auto-weak",3,0.395223644755934,0.435596403343788,0.632165119110774,TRUE
"gas_turbine_co_2015_raw",50,2,"auto-weak",4,0.394446100268401,0.440391076824476,0.676423444523687,TRUE
"gas_turbine_co_2015_raw",50,2,"WPMM2",0,0.382503963124711,0.430227092901748,0.666615301548999,TRUE
"gas_turbine_co_2015_raw",50,2,"WPMM2",1,0.333800384447615,0.394641356711823,0.627910519700594,TRUE
"gas_turbine_co_2015_raw",50,2,"WPMM2",2,0.471331718523231,0.497179859030388,0.711146551156769,TRUE
"gas_turbine_co_2015_raw",50,2,"WPMM2",3,0.337521967684706,0.394107381841431,0.646299140499048,TRUE
"gas_turbine_co_2015_raw",50,2,"WPMM2",4,0.357661896096621,0.404457918196442,0.606969921531271,TRUE
"gas_turbine_co_2015_raw",50,2,"WPMM3",0,0.350622238822926,0.404718135174968,0.639038552769295,TRUE
"gas_turbine_co_2015_raw",50,2,"WPMM3",1,0.420577437551668,0.448092802697618,0.676593278652388,TRUE
"gas_turbine_co_2015_raw",50,2,"WPMM3",2,0.36301953455342,0.409502323408249,0.62935161982403,TRUE
"gas_turbine_co_2015_raw",50,2,"WPMM3",3,0.374250557949316,0.41813133376762,0.625663365789702,TRUE
"gas_turbine_co_2015_raw",50,2,"WPMM3",4,0.418047175675492,0.454854749896926,0.67686465408176,TRUE
"gas_turbine_co_2015_raw",50,2,"LSE",0,0.366066918341487,0.422760307016358,0.687465627500412,TRUE
"gas_turbine_co_2015_raw",50,2,"LSE",1,0.379063012503715,0.419802869163617,0.615567935521022,TRUE
"gas_turbine_co_2015_raw",50,2,"LSE",2,0.400925988349974,0.452245197489475,0.693002200348798,TRUE
"gas_turbine_co_2015_raw",50,2,"LSE",3,0.431991313688951,0.466511280577153,0.670213006323469,TRUE
"gas_turbine_co_2015_raw",50,2,"LSE",4,0.345838788219152,0.41278693302141,0.679521098153279,TRUE
"gas_turbine_co_2015_raw",50,2,"ridge-LSE",0,0.405799158744543,0.447972684702747,0.671872668427339,TRUE
"gas_turbine_co_2015_raw",50,2,"ridge-LSE",1,0.386887546611823,0.438046244306038,0.675577699544228,TRUE
"gas_turbine_co_2015_raw",50,2,"ridge-LSE",2,0.378239590563593,0.437131973835766,0.703343249356304,TRUE
"gas_turbine_co_2015_raw",50,2,"ridge-LSE",3,0.374002821715723,0.430892021687905,0.685071372803145,TRUE
"gas_turbine_co_2015_raw",50,2,"ridge-LSE",4,0.392613275135333,0.445192124472299,0.684430590411009,TRUE
"gas_turbine_co_2015_raw",50,2,"Huber",0,0.372082002846447,0.427059704627003,0.652472426113691,TRUE
"gas_turbine_co_2015_raw",50,2,"Huber",1,0.412707904931229,0.459714757524195,0.71103379789802,TRUE
"gas_turbine_co_2015_raw",50,2,"Huber",2,0.352227352615323,0.39602071506156,0.590342632295888,TRUE
"gas_turbine_co_2015_raw",50,2,"Huber",3,0.372688766175527,0.416187529204252,0.623816755973881,TRUE
"gas_turbine_co_2015_raw",50,2,"Huber",4,0.39421431863758,0.444074242751514,0.680758765286925,TRUE
"gas_turbine_co_2015_raw",50,2,"L1",0,0.384966930023622,0.427387829643501,0.633006093059453,TRUE
"gas_turbine_co_2015_raw",50,2,"L1",1,0.353987982319026,0.401082446025012,0.610546804598436,TRUE
"gas_turbine_co_2015_raw",50,2,"L1",2,0.38002833569988,0.416682088864552,0.618183693624499,TRUE
"gas_turbine_co_2015_raw",50,2,"L1",3,0.368695210086468,0.415528236517893,0.63579399928123,TRUE
"gas_turbine_co_2015_raw",50,2,"L1",4,0.357931553444877,0.407786065223017,0.620190870010438,TRUE
"gas_turbine_co_2015_raw",50,2,"auto-valgate",0,0.373403138939884,0.411397997449711,0.597603830694427,TRUE
"gas_turbine_co_2015_raw",50,2,"auto-valgate",1,0.329757670919661,0.387294601248963,0.616117520197777,TRUE
"gas_turbine_co_2015_raw",50,2,"auto-valgate",2,0.376279976546096,0.420428478474704,0.653229283799851,TRUE
"gas_turbine_co_2015_raw",50,2,"auto-valgate",3,0.410756730808293,0.460217957510714,0.718093648210024,TRUE
"gas_turbine_co_2015_raw",50,2,"auto-valgate",4,0.379864706588958,0.418212041553783,0.620966907217177,TRUE
"gas_turbine_co_2015_raw",50,3,"auto",0,0.605366791758795,0.768436628065899,1.58786730219544,TRUE
"gas_turbine_co_2015_raw",50,3,"auto",1,0.635411690979104,0.791649514424858,1.62100733136101,TRUE
"gas_turbine_co_2015_raw",50,3,"auto",2,0.665340476929217,0.81586506889298,1.57719140709125,TRUE
"gas_turbine_co_2015_raw",50,3,"auto",3,0.630921110469401,0.780532943163124,1.60662190541736,TRUE
"gas_turbine_co_2015_raw",50,3,"auto",4,0.657525695477045,0.822359781404086,1.85324970680361,TRUE
"gas_turbine_co_2015_raw",50,3,"auto-weak",0,0.529955285506768,0.669737663379937,1.35299615108147,TRUE
"gas_turbine_co_2015_raw",50,3,"auto-weak",1,0.595620685611246,0.804045569097343,2.35026710764024,TRUE
"gas_turbine_co_2015_raw",50,3,"auto-weak",2,0.629539479823441,0.789372885543795,1.6697318107075,TRUE
"gas_turbine_co_2015_raw",50,3,"auto-weak",3,0.569679661133797,0.722449939659013,1.60936086875097,TRUE
"gas_turbine_co_2015_raw",50,3,"auto-weak",4,0.539238489516682,0.687680076431316,1.3085488513369,TRUE
"gas_turbine_co_2015_raw",50,3,"WPMM2",0,0.615080422393027,0.747373585577552,1.35007905345098,TRUE
"gas_turbine_co_2015_raw",50,3,"WPMM2",1,0.651468512500068,0.780770573746479,1.38099301620021,TRUE
"gas_turbine_co_2015_raw",50,3,"WPMM2",2,0.627858512445393,0.791851355922606,1.60574377878089,TRUE
"gas_turbine_co_2015_raw",50,3,"WPMM2",3,0.689611854510288,0.835491703247135,1.56277956724694,TRUE
"gas_turbine_co_2015_raw",50,3,"WPMM2",4,0.552567044751856,0.710503027990193,1.49768796545785,TRUE
"gas_turbine_co_2015_raw",50,3,"WPMM3",0,0.588270818629015,0.721027793968146,1.29514771379373,TRUE
"gas_turbine_co_2015_raw",50,3,"WPMM3",1,0.625015051518301,0.74902442543863,1.23591395934384,TRUE
"gas_turbine_co_2015_raw",50,3,"WPMM3",2,0.555300468955959,0.692597012702513,1.37546290612237,TRUE
"gas_turbine_co_2015_raw",50,3,"WPMM3",3,0.528213637267353,0.668714594259878,1.34138873447393,TRUE
"gas_turbine_co_2015_raw",50,3,"WPMM3",4,0.662592759997468,0.822113259263255,1.68617307381693,TRUE
"gas_turbine_co_2015_raw",50,3,"LSE",0,0.59352016722656,0.722549087065067,1.4451307809333,TRUE
"gas_turbine_co_2015_raw",50,3,"LSE",1,0.629228026685753,0.787455000552642,1.56184802901229,TRUE
"gas_turbine_co_2015_raw",50,3,"LSE",2,0.624075047378696,0.768434075689186,1.56732928984751,TRUE
"gas_turbine_co_2015_raw",50,3,"LSE",3,0.561200146881399,0.72014431945254,1.48067828514847,TRUE
"gas_turbine_co_2015_raw",50,3,"LSE",4,0.540193253889976,0.683120820742954,1.39963563913731,TRUE
"gas_turbine_co_2015_raw",50,3,"ridge-LSE",0,0.611752788246046,0.760213681161823,1.56850741344461,TRUE
"gas_turbine_co_2015_raw",50,3,"ridge-LSE",1,0.585316745969833,0.745554231185444,1.51078701883524,TRUE
"gas_turbine_co_2015_raw",50,3,"ridge-LSE",2,0.62167191556373,0.785118570467582,1.60192994032208,TRUE
"gas_turbine_co_2015_raw",50,3,"ridge-LSE",3,0.605736324169954,0.738923360139473,1.44653342955948,TRUE
"gas_turbine_co_2015_raw",50,3,"ridge-LSE",4,0.621638026582714,0.774050574367817,1.57338232279196,TRUE
"gas_turbine_co_2015_raw",50,3,"Huber",0,0.547071507536422,0.703322815073072,1.48536126059508,TRUE
"gas_turbine_co_2015_raw",50,3,"Huber",1,0.572727703879573,0.713683777723591,1.42517616615596,TRUE
"gas_turbine_co_2015_raw",50,3,"Huber",2,0.716351632982555,0.875387135693787,1.65762411389919,TRUE
"gas_turbine_co_2015_raw",50,3,"Huber",3,0.578066549005834,0.709773244708402,1.32051350977589,TRUE
"gas_turbine_co_2015_raw",50,3,"Huber",4,0.692449000369569,0.847702948291875,1.71760375682789,TRUE
"gas_turbine_co_2015_raw",50,3,"L1",0,0.561835702175599,0.718031067342591,1.59705007876985,TRUE
"gas_turbine_co_2015_raw",50,3,"L1",1,0.623491415908184,0.786086612481892,1.59666933480678,TRUE
"gas_turbine_co_2015_raw",50,3,"L1",2,0.594845282049694,0.743938207941595,1.46378205742978,TRUE
"gas_turbine_co_2015_raw",50,3,"L1",3,0.587106024843558,0.740609809879061,1.45702636395205,TRUE
"gas_turbine_co_2015_raw",50,3,"L1",4,0.674347425215772,0.81288069850372,1.52814260627044,TRUE
"gas_turbine_co_2015_raw",50,3,"auto-valgate",0,0.557329298985745,0.699472801931315,1.25518608902632,TRUE
"gas_turbine_co_2015_raw",50,3,"auto-valgate",1,0.554415533312957,0.704053477488355,1.50737677399462,TRUE
"gas_turbine_co_2015_raw",50,3,"auto-valgate",2,0.586123130132209,0.722093708561963,1.37165686412688,TRUE
"gas_turbine_co_2015_raw",50,3,"auto-valgate",3,0.578372246497411,0.722146339128476,1.46355604678718,TRUE
"gas_turbine_co_2015_raw",50,3,"auto-valgate",4,0.597301154360317,0.74331475916446,1.33607968584449,TRUE
"gas_turbine_co_2015_raw",50,4,"auto",0,0.636831545817038,0.719992775865846,1.36359423519158,TRUE
"gas_turbine_co_2015_raw",50,4,"auto",1,0.629638731877306,0.715018715207527,1.41890209054069,TRUE
"gas_turbine_co_2015_raw",50,4,"auto",2,0.64109113608715,0.73082473673297,1.52601511401935,TRUE
"gas_turbine_co_2015_raw",50,4,"auto",3,0.610411242601437,0.696703103439092,1.40159131229216,TRUE
"gas_turbine_co_2015_raw",50,4,"auto",4,0.607611614753094,0.711079513546489,1.48364805189014,TRUE
"gas_turbine_co_2015_raw",50,4,"auto-weak",0,0.581033441330629,0.670574852851486,1.33162211245321,TRUE
"gas_turbine_co_2015_raw",50,4,"auto-weak",1,0.629949150747729,0.724630590592512,1.48991910516879,TRUE
"gas_turbine_co_2015_raw",50,4,"auto-weak",2,0.659219911392285,0.734397084374153,1.33426125227867,TRUE
"gas_turbine_co_2015_raw",50,4,"auto-weak",3,0.610580591254263,0.69983156229394,1.36024433249709,TRUE
"gas_turbine_co_2015_raw",50,4,"auto-weak",4,0.594486005592084,0.696508120549957,1.37945533503554,TRUE
"gas_turbine_co_2015_raw",50,4,"WPMM2",0,0.610591209042179,0.694601243433946,1.29564378289034,TRUE
"gas_turbine_co_2015_raw",50,4,"WPMM2",1,0.636208144294723,0.70750564185371,1.2887589404744,TRUE
"gas_turbine_co_2015_raw",50,4,"WPMM2",2,0.58728828640718,0.683683693746499,1.40262300462698,TRUE
"gas_turbine_co_2015_raw",50,4,"WPMM2",3,0.604584206158137,0.68314904445529,1.28545368918143,TRUE
"gas_turbine_co_2015_raw",50,4,"WPMM2",4,0.611374696691982,0.696217641427504,1.30767662046463,TRUE
"gas_turbine_co_2015_raw",50,4,"WPMM3",0,0.573953960235753,0.674471290322683,1.39295512983832,TRUE
"gas_turbine_co_2015_raw",50,4,"WPMM3",1,0.58922710829447,0.682621920490624,1.41686682984265,TRUE
"gas_turbine_co_2015_raw",50,4,"WPMM3",2,0.615217342969362,0.688307460538381,1.33774247567035,TRUE
"gas_turbine_co_2015_raw",50,4,"WPMM3",3,0.604038009802779,0.679621048143933,1.28256277232312,TRUE
"gas_turbine_co_2015_raw",50,4,"WPMM3",4,0.616725493408833,0.697462184401513,1.37065534387491,TRUE
"gas_turbine_co_2015_raw",50,4,"LSE",0,0.59091521370599,0.680830717938328,1.32028978682141,TRUE
"gas_turbine_co_2015_raw",50,4,"LSE",1,0.618700619105455,0.716846318027148,1.38263741068617,TRUE
"gas_turbine_co_2015_raw",50,4,"LSE",2,0.637183794899235,0.733425469590448,1.47332565885892,TRUE
"gas_turbine_co_2015_raw",50,4,"LSE",3,0.647859581790446,0.742241048832323,1.31536200937144,TRUE
"gas_turbine_co_2015_raw",50,4,"LSE",4,0.65143058727239,0.745107583431726,1.32967318790179,TRUE
"gas_turbine_co_2015_raw",50,4,"ridge-LSE",0,0.633187064145862,0.73108190788168,1.45808523885413,TRUE
"gas_turbine_co_2015_raw",50,4,"ridge-LSE",1,0.627019332505847,0.726738985318911,1.35190477215642,TRUE
"gas_turbine_co_2015_raw",50,4,"ridge-LSE",2,0.630363713034564,0.722182022500392,1.3605262990184,TRUE
"gas_turbine_co_2015_raw",50,4,"ridge-LSE",3,0.664524693733131,0.749366945813309,1.39750966042667,TRUE
"gas_turbine_co_2015_raw",50,4,"ridge-LSE",4,0.675720552509728,0.760132624910836,1.41254579562856,TRUE
"gas_turbine_co_2015_raw",50,4,"Huber",0,0.624038187154241,0.719977922704555,1.3763904836075,TRUE
"gas_turbine_co_2015_raw",50,4,"Huber",1,0.607229520314658,0.708867017261857,1.45202686197912,TRUE
"gas_turbine_co_2015_raw",50,4,"Huber",2,0.633972050495519,0.70914876485723,1.3561707822523,TRUE
"gas_turbine_co_2015_raw",50,4,"Huber",3,0.641874515209161,0.734884677485206,1.4755922110753,TRUE
"gas_turbine_co_2015_raw",50,4,"Huber",4,0.619571861509439,0.69386961868682,1.34642989786305,TRUE
"gas_turbine_co_2015_raw",50,4,"L1",0,0.647210527785204,0.731552447738688,1.41673047959511,TRUE
"gas_turbine_co_2015_raw",50,4,"L1",1,0.591574264519393,0.686706945964448,1.43537574647242,TRUE
"gas_turbine_co_2015_raw",50,4,"L1",2,0.60742779358673,0.714761195856958,1.47567831584472,TRUE
"gas_turbine_co_2015_raw",50,4,"L1",3,0.652728443097668,0.739603187088906,1.41873833045969,TRUE
"gas_turbine_co_2015_raw",50,4,"L1",4,0.62461058425201,0.706460127265875,1.35472861833753,TRUE
"gas_turbine_co_2015_raw",50,4,"auto-valgate",0,0.600640589733227,0.678484086084912,1.31350037819216,TRUE
"gas_turbine_co_2015_raw",50,4,"auto-valgate",1,0.598991617680747,0.692285505201003,1.36163611355024,TRUE
"gas_turbine_co_2015_raw",50,4,"auto-valgate",2,0.599299194082956,0.681984798161277,1.29547959236629,TRUE
"gas_turbine_co_2015_raw",50,4,"auto-valgate",3,0.622294309172866,0.721614926004568,1.50061835442875,TRUE
"gas_turbine_co_2015_raw",50,4,"auto-valgate",4,0.61877544698324,0.686965501604261,1.22688829661526,TRUE
"gas_turbine_co_2015_raw",50,5,"auto",0,0.858309485694688,1.04876483242579,2.22152074009032,TRUE
"gas_turbine_co_2015_raw",50,5,"auto",1,0.781376242787452,0.969937342555185,2.18383230178295,TRUE
"gas_turbine_co_2015_raw",50,5,"auto",2,0.814929097685929,0.972358602514287,2.17371439114864,TRUE
"gas_turbine_co_2015_raw",50,5,"auto",3,0.796468203874712,0.983843759997089,2.18554081450716,TRUE
"gas_turbine_co_2015_raw",50,5,"auto",4,0.89396382622457,1.06156753797645,2.23891169602959,TRUE
"gas_turbine_co_2015_raw",50,5,"auto-weak",0,0.743294928616162,0.930152972326013,2.15167056607718,TRUE
"gas_turbine_co_2015_raw",50,5,"auto-weak",1,0.71500183698242,0.903363286858096,2.13921795083127,TRUE
"gas_turbine_co_2015_raw",50,5,"auto-weak",2,0.732891256928843,0.926332201462175,2.15995530732693,TRUE
"gas_turbine_co_2015_raw",50,5,"auto-weak",3,0.77088308440153,0.976070798138118,2.19017953677248,TRUE
"gas_turbine_co_2015_raw",50,5,"auto-weak",4,0.75018136778471,0.949857367670189,2.17059621250202,TRUE
"gas_turbine_co_2015_raw",50,5,"WPMM2",0,0.713285615615443,0.917813020435695,2.16969826483415,TRUE
"gas_turbine_co_2015_raw",50,5,"WPMM2",1,0.737544293228702,0.935538393456033,2.16627118066514,TRUE
"gas_turbine_co_2015_raw",50,5,"WPMM2",2,0.747697099917491,0.945742268194615,2.16931147394239,TRUE
"gas_turbine_co_2015_raw",50,5,"WPMM2",3,0.646932724271487,0.846955335198857,2.11606562537717,TRUE
"gas_turbine_co_2015_raw",50,5,"WPMM2",4,0.764679135242009,0.935086499730322,2.15277504319431,TRUE
"gas_turbine_co_2015_raw",50,5,"WPMM3",0,0.737377118126063,0.92208222779869,2.15704691300666,TRUE
"gas_turbine_co_2015_raw",50,5,"WPMM3",1,0.746953914531125,0.941196524070985,2.16392565429303,TRUE
"gas_turbine_co_2015_raw",50,5,"WPMM3",2,0.755883621789489,0.955196799227619,2.17498892203817,TRUE
"gas_turbine_co_2015_raw",50,5,"WPMM3",3,0.770968544907071,0.954534061729247,2.16029566589302,TRUE
"gas_turbine_co_2015_raw",50,5,"WPMM3",4,0.715208646984364,0.906497619791624,2.14155924155291,TRUE
"gas_turbine_co_2015_raw",50,5,"LSE",0,0.777616471641321,0.970200095509622,2.17645695037098,TRUE
"gas_turbine_co_2015_raw",50,5,"LSE",1,0.721936690565067,0.926420764659807,2.16880722038425,TRUE
"gas_turbine_co_2015_raw",50,5,"LSE",2,0.800359264012978,0.978662587687956,2.18107901647858,TRUE
"gas_turbine_co_2015_raw",50,5,"LSE",3,0.745022355472867,0.945424241760127,2.16719448290401,TRUE
"gas_turbine_co_2015_raw",50,5,"LSE",4,0.832560254734615,1.01000379334694,2.19804731701415,TRUE
"gas_turbine_co_2015_raw",50,5,"ridge-LSE",0,0.785460409949946,0.97724086971123,2.18303864702646,TRUE
"gas_turbine_co_2015_raw",50,5,"ridge-LSE",1,0.795348361452899,0.978362865114485,2.18120002664254,TRUE
"gas_turbine_co_2015_raw",50,5,"ridge-LSE",2,0.815475371125316,0.98051458935996,2.17485403616442,TRUE
"gas_turbine_co_2015_raw",50,5,"ridge-LSE",3,0.749580757392247,0.943504862180374,2.17468762989314,TRUE
"gas_turbine_co_2015_raw",50,5,"ridge-LSE",4,0.812331514100621,1.01908253994343,2.19825816656784,TRUE
"gas_turbine_co_2015_raw",50,5,"Huber",0,0.774950309890915,0.953220961578089,2.16275676503972,TRUE
"gas_turbine_co_2015_raw",50,5,"Huber",1,0.761678235922254,0.95318676986784,2.1731891654974,TRUE
"gas_turbine_co_2015_raw",50,5,"Huber",2,0.759830592718137,0.95345654517832,2.16938242027941,TRUE
"gas_turbine_co_2015_raw",50,5,"Huber",3,0.725297851464445,0.912062591672658,2.15230535128859,TRUE
"gas_turbine_co_2015_raw",50,5,"Huber",4,0.791862258254034,0.975723917311488,2.18849733779692,TRUE
"gas_turbine_co_2015_raw",50,5,"L1",0,0.789244739267801,0.976054481897935,2.18930774319494,TRUE
"gas_turbine_co_2015_raw",50,5,"L1",1,0.748310797607348,0.941587313417286,2.16849569104099,TRUE
"gas_turbine_co_2015_raw",50,5,"L1",2,0.746522479228457,0.930685108808609,2.16142584376326,TRUE
"gas_turbine_co_2015_raw",50,5,"L1",3,0.773395791969491,0.965827045141058,2.18255855634635,TRUE
"gas_turbine_co_2015_raw",50,5,"L1",4,0.806194364776649,1.00625840371396,2.2107417033037,TRUE
"gas_turbine_co_2015_raw",50,5,"auto-valgate",0,0.791287211747976,0.970753762986302,2.17782015537543,TRUE
"gas_turbine_co_2015_raw",50,5,"auto-valgate",1,0.782286314432144,0.993415534053259,2.20124182799349,TRUE
"gas_turbine_co_2015_raw",50,5,"auto-valgate",2,0.718092947323242,0.912976673775287,2.14849215342265,TRUE
"gas_turbine_co_2015_raw",50,5,"auto-valgate",3,0.764703752003753,0.972237026432913,2.18597665628999,TRUE
"gas_turbine_co_2015_raw",50,5,"auto-valgate",4,0.773122279768904,0.965760755846653,2.18142742432015,TRUE
"gas_turbine_co_2015_raw",50,6,"auto",0,0.878433977910472,1.06378416736016,2.59014989728279,TRUE
"gas_turbine_co_2015_raw",50,6,"auto",1,0.837208371134681,0.950916954872794,2.03605222859433,TRUE
"gas_turbine_co_2015_raw",50,6,"auto",2,0.824387148561611,0.99115579064307,2.34036383171211,TRUE
"gas_turbine_co_2015_raw",50,6,"auto",3,0.810176967640912,0.952120618732578,2.19057978420869,TRUE
"gas_turbine_co_2015_raw",50,6,"auto",4,0.839196158807615,0.904030591707042,1.99428288275403,TRUE
"gas_turbine_co_2015_raw",50,6,"auto-weak",0,0.820230294696044,0.948118137031427,2.08729113577447,TRUE
"gas_turbine_co_2015_raw",50,6,"auto-weak",1,0.812228687334058,0.976645280719347,2.23147890052041,TRUE
"gas_turbine_co_2015_raw",50,6,"auto-weak",2,0.800912598848246,1.20939211728195,5.57335727837898,TRUE
"gas_turbine_co_2015_raw",50,6,"auto-weak",3,0.795195636090888,0.926341496952198,2.10294681716161,TRUE
"gas_turbine_co_2015_raw",50,6,"auto-weak",4,0.850721104654428,0.940335562373089,2.12397441523699,TRUE
"gas_turbine_co_2015_raw",50,6,"WPMM2",0,0.826451343466271,1.01374540976143,2.48996033995306,TRUE
"gas_turbine_co_2015_raw",50,6,"WPMM2",1,0.81803865325198,0.948349450284868,2.20448620410515,TRUE
"gas_turbine_co_2015_raw",50,6,"WPMM2",2,0.821262236867759,0.973271351251581,2.38044385484947,TRUE
"gas_turbine_co_2015_raw",50,6,"WPMM2",3,0.837613052078057,1.00304260037534,2.38421097123522,TRUE
"gas_turbine_co_2015_raw",50,6,"WPMM2",4,0.803866844530349,0.983354592941704,2.51411207059327,TRUE
"gas_turbine_co_2015_raw",50,6,"WPMM3",0,0.811508945736538,0.985906216346206,2.51374393217409,TRUE
"gas_turbine_co_2015_raw",50,6,"WPMM3",1,0.813580746997118,0.97693158066243,2.39232534896823,TRUE
"gas_turbine_co_2015_raw",50,6,"WPMM3",2,0.848011020448311,0.945731145875454,2.13986416218191,TRUE
"gas_turbine_co_2015_raw",50,6,"WPMM3",3,0.815847578315946,1.10069500157759,3.54695009293361,TRUE
"gas_turbine_co_2015_raw",50,6,"WPMM3",4,0.804058789004562,0.99053844383673,2.51283890675372,TRUE
"gas_turbine_co_2015_raw",50,6,"LSE",0,0.852016477991566,1.15622758142312,4.07179055762156,TRUE
"gas_turbine_co_2015_raw",50,6,"LSE",1,0.828989756082061,1.01450345062694,2.55697708527774,TRUE
"gas_turbine_co_2015_raw",50,6,"LSE",2,0.854480982153323,1.77026137651204,14.4147974924306,TRUE
"gas_turbine_co_2015_raw",50,6,"LSE",3,0.851516304368902,1.46864883811201,8.21750057942762,TRUE
"gas_turbine_co_2015_raw",50,6,"LSE",4,0.850798353423993,1.08474708557298,3.04766406710535,TRUE
"gas_turbine_co_2015_raw",50,6,"ridge-LSE",0,0.849237187584418,1.09798012623536,3.237396207199,TRUE
"gas_turbine_co_2015_raw",50,6,"ridge-LSE",1,0.834530307972965,1.30283759574983,6.8464225434573,TRUE
"gas_turbine_co_2015_raw",50,6,"ridge-LSE",2,0.854086366793814,1.05465734054899,3.05603351575511,TRUE
"gas_turbine_co_2015_raw",50,6,"ridge-LSE",3,0.815673482049747,0.955549727682532,2.21775733183069,TRUE
"gas_turbine_co_2015_raw",50,6,"ridge-LSE",4,0.81226405883941,0.938310041762352,1.96500911059374,TRUE
"gas_turbine_co_2015_raw",50,6,"Huber",0,0.834644621709765,1.58112602696365,10.3004248912107,TRUE
"gas_turbine_co_2015_raw",50,6,"Huber",1,0.788096829950285,1.01662519619882,3.12525917026197,TRUE
"gas_turbine_co_2015_raw",50,6,"Huber",2,0.817999376023546,0.955870907932551,2.25345171520939,TRUE
"gas_turbine_co_2015_raw",50,6,"Huber",3,0.830048485799975,1.09215769422414,3.40523415839497,TRUE
"gas_turbine_co_2015_raw",50,6,"Huber",4,0.889145694646757,0.968001794522291,2.13095702164235,TRUE
"gas_turbine_co_2015_raw",50,6,"L1",0,0.826224145131589,1.06236277429137,3.34390655942339,TRUE
"gas_turbine_co_2015_raw",50,6,"L1",1,0.781467194177655,0.913604218619989,2.0867289244615,TRUE
"gas_turbine_co_2015_raw",50,6,"L1",2,0.775854081054342,0.910825426046205,2.11626006381749,TRUE
"gas_turbine_co_2015_raw",50,6,"L1",3,0.869061390290274,1.44658967569024,7.66615692049817,TRUE
"gas_turbine_co_2015_raw",50,6,"L1",4,0.821373777792946,0.947216526665144,2.21853530727397,TRUE
"gas_turbine_co_2015_raw",50,6,"auto-valgate",0,0.796654589812714,1.05698155391456,3.35749785151746,TRUE
"gas_turbine_co_2015_raw",50,6,"auto-valgate",1,0.823150789611545,1.11331896447049,3.55523129894211,TRUE
"gas_turbine_co_2015_raw",50,6,"auto-valgate",2,0.828907373070997,1.53032518380403,9.28884213123476,TRUE
"gas_turbine_co_2015_raw",50,6,"auto-valgate",3,0.836269753575113,1.04771501221571,2.70703045336644,TRUE
"gas_turbine_co_2015_raw",50,6,"auto-valgate",4,0.809569405565716,1.1010772481282,3.60278794453109,TRUE
"gas_turbine_co_2015_raw",50,7,"auto",0,0.775907030097212,0.843630368425035,1.40905833905563,TRUE
"gas_turbine_co_2015_raw",50,7,"auto",1,0.788941712472747,1.09524476579485,4.38256457750549,TRUE
"gas_turbine_co_2015_raw",50,7,"auto",2,0.758399070200525,0.844953460327983,1.56759949823774,TRUE
"gas_turbine_co_2015_raw",50,7,"auto",3,0.774622881793224,0.852459878353328,1.53180274482063,TRUE
"gas_turbine_co_2015_raw",50,7,"auto",4,0.760955737620379,0.800475877007003,1.14220784729042,TRUE
"gas_turbine_co_2015_raw",50,7,"auto-weak",0,0.773543780480418,0.890458588565546,1.89242318168851,TRUE
"gas_turbine_co_2015_raw",50,7,"auto-weak",1,0.78975279395065,0.806199493520165,1.04777868307874,TRUE
"gas_turbine_co_2015_raw",50,7,"auto-weak",2,0.8033922842367,0.813356476880056,1.05615630340405,TRUE
"gas_turbine_co_2015_raw",50,7,"auto-weak",3,0.797167953614429,1.00663347843479,3.19652937651756,TRUE
"gas_turbine_co_2015_raw",50,7,"auto-weak",4,0.789018000816591,0.885444883167999,1.75162022939308,TRUE
"gas_turbine_co_2015_raw",50,7,"WPMM2",0,0.79314290202747,0.861126724848767,1.45532046861754,TRUE
"gas_turbine_co_2015_raw",50,7,"WPMM2",1,0.77046956597434,0.853789239747832,1.52133127980105,TRUE
"gas_turbine_co_2015_raw",50,7,"WPMM2",2,0.785940390302664,0.844612151329216,1.32417024412,TRUE
"gas_turbine_co_2015_raw",50,7,"WPMM2",3,0.7916258677221,0.892509201001836,1.78114623668428,TRUE
"gas_turbine_co_2015_raw",50,7,"WPMM2",4,0.737014441331719,0.791852982852107,1.21444369375824,TRUE
"gas_turbine_co_2015_raw",50,7,"WPMM3",0,0.78785631555711,0.852503768944636,1.40791884369805,TRUE
"gas_turbine_co_2015_raw",50,7,"WPMM3",1,0.797094290884981,0.996709545189106,2.97157034624262,TRUE
"gas_turbine_co_2015_raw",50,7,"WPMM3",2,0.787462676099254,0.956937438022187,2.60708350450526,TRUE
"gas_turbine_co_2015_raw",50,7,"WPMM3",3,0.793265192406762,0.879410703469579,1.61104783515776,TRUE
"gas_turbine_co_2015_raw",50,7,"WPMM3",4,0.795779251148947,0.995465607396816,3.11716117122974,TRUE
"gas_turbine_co_2015_raw",50,7,"LSE",0,0.791665112874222,0.862363251401147,1.5435196763864,TRUE
"gas_turbine_co_2015_raw",50,7,"LSE",1,0.797240286969501,0.891349757719067,1.71223595093931,TRUE
"gas_turbine_co_2015_raw",50,7,"LSE",2,0.776025114068726,0.914008803891247,2.02160770621115,TRUE
"gas_turbine_co_2015_raw",50,7,"LSE",3,0.795288888728652,1.16900887847502,5.58368694199318,TRUE
"gas_turbine_co_2015_raw",50,7,"LSE",4,0.778137558499581,0.904864940875608,2.06001451211433,TRUE
"gas_turbine_co_2015_raw",50,7,"ridge-LSE",0,0.785887165960262,0.867137403629982,1.570011490452,TRUE
"gas_turbine_co_2015_raw",50,7,"ridge-LSE",1,0.778890195375848,1.14034612193383,5.31234697446652,TRUE
"gas_turbine_co_2015_raw",50,7,"ridge-LSE",2,0.802604925140606,0.909121392518426,1.80261824560135,TRUE
"gas_turbine_co_2015_raw",50,7,"ridge-LSE",3,0.793922540431505,0.900362824410717,1.82901007684879,TRUE
"gas_turbine_co_2015_raw",50,7,"ridge-LSE",4,0.812441488166886,1.07713142892428,4.10374942527505,TRUE
"gas_turbine_co_2015_raw",50,7,"Huber",0,0.784619755889642,0.837399370950472,1.25228301459623,TRUE
"gas_turbine_co_2015_raw",50,7,"Huber",1,0.759052464333299,0.823299385534243,1.24722016486496,TRUE
"gas_turbine_co_2015_raw",50,7,"Huber",2,0.783328401691767,0.843961294579126,1.37866779269903,TRUE
"gas_turbine_co_2015_raw",50,7,"Huber",3,0.796093313376068,0.894942179939367,1.82180483244945,TRUE
"gas_turbine_co_2015_raw",50,7,"Huber",4,0.786303860339459,0.803634672979157,1.04388879721294,TRUE
"gas_turbine_co_2015_raw",50,7,"L1",0,0.791647351257762,0.841647480009656,1.23966094783836,TRUE
"gas_turbine_co_2015_raw",50,7,"L1",1,0.786229888642341,0.843072484957356,1.32302043596141,TRUE
"gas_turbine_co_2015_raw",50,7,"L1",2,0.785140835792272,0.853830221554927,1.37856888162212,TRUE
"gas_turbine_co_2015_raw",50,7,"L1",3,0.742920820569091,0.8236921872498,1.444921168424,TRUE
"gas_turbine_co_2015_raw",50,7,"L1",4,0.756681872299536,0.819872652229507,1.30404062147917,TRUE
"gas_turbine_co_2015_raw",50,7,"auto-valgate",0,0.794339458010104,0.907689358183581,1.94703899924377,TRUE
"gas_turbine_co_2015_raw",50,7,"auto-valgate",1,0.790123168195276,0.883516430037637,1.73454032566484,TRUE
"gas_turbine_co_2015_raw",50,7,"auto-valgate",2,0.795881724300222,0.89702496095184,1.75118604264489,TRUE
"gas_turbine_co_2015_raw",50,7,"auto-valgate",3,0.789339794262326,0.88038118693308,1.67929967359324,TRUE
"gas_turbine_co_2015_raw",50,7,"auto-valgate",4,0.812496185022095,0.887368331555353,1.49750139397931,TRUE
"gas_turbine_co_2015_raw",50,8,"auto",0,0.84013566324538,0.903162219509015,1.25847560125616,TRUE
"gas_turbine_co_2015_raw",50,8,"auto",1,0.807037054121848,0.890000439161412,1.33106931731605,TRUE
"gas_turbine_co_2015_raw",50,8,"auto",2,0.813834813919777,0.866184945413091,1.26846008714204,TRUE
"gas_turbine_co_2015_raw",50,8,"auto",3,0.806251265667687,0.871672724558005,1.29373172421687,TRUE
"gas_turbine_co_2015_raw",50,8,"auto",4,0.802714156155746,0.864824337748133,1.26261301639877,TRUE
"gas_turbine_co_2015_raw",50,8,"auto-weak",0,0.80242799745499,0.87174580664417,1.34315570384622,TRUE
"gas_turbine_co_2015_raw",50,8,"auto-weak",1,0.765840052952077,0.835173424187861,1.23992948554604,TRUE
"gas_turbine_co_2015_raw",50,8,"auto-weak",2,0.810706931611681,0.866572607745687,1.23349969583035,TRUE
"gas_turbine_co_2015_raw",50,8,"auto-weak",3,0.861611717671263,0.965091641708776,1.63504153141303,TRUE
"gas_turbine_co_2015_raw",50,8,"auto-weak",4,0.813133194601329,0.880291985988285,1.30063973907835,TRUE
"gas_turbine_co_2015_raw",50,8,"WPMM2",0,0.762288953797864,0.880185684170494,1.69782975814566,TRUE
"gas_turbine_co_2015_raw",50,8,"WPMM2",1,0.790761575007997,0.854370164538162,1.24764972629574,TRUE
"gas_turbine_co_2015_raw",50,8,"WPMM2",2,0.794337196610608,0.862780127176053,1.34316477554726,TRUE
"gas_turbine_co_2015_raw",50,8,"WPMM2",3,0.799029618517347,0.86525156129342,1.30739330032849,TRUE
"gas_turbine_co_2015_raw",50,8,"WPMM2",4,0.783705239773965,0.91882861815796,2.06116941327438,TRUE
"gas_turbine_co_2015_raw",50,8,"WPMM3",0,0.763183573251221,0.832284003444323,1.25089193771342,TRUE
"gas_turbine_co_2015_raw",50,8,"WPMM3",1,0.774980565552107,0.830296593138182,1.17151984718734,TRUE
"gas_turbine_co_2015_raw",50,8,"WPMM3",2,0.801370772438184,0.846068733831296,1.14158411138146,TRUE
"gas_turbine_co_2015_raw",50,8,"WPMM3",3,0.784642721493871,0.851474586856416,1.29783663747649,TRUE
"gas_turbine_co_2015_raw",50,8,"WPMM3",4,0.7609369334093,0.96386646325701,2.94379919252653,TRUE
"gas_turbine_co_2015_raw",50,8,"LSE",0,0.805847282211444,0.882675593904261,1.30618288380098,TRUE
"gas_turbine_co_2015_raw",50,8,"LSE",1,0.80014861217923,0.879822495422727,1.29776070442736,TRUE
"gas_turbine_co_2015_raw",50,8,"LSE",2,0.794384305767662,0.909229744265987,1.81039465289888,TRUE
"gas_turbine_co_2015_raw",50,8,"LSE",3,0.848609322001563,0.933882740932583,1.3710970495845,TRUE
"gas_turbine_co_2015_raw",50,8,"LSE",4,0.807819691319514,0.897749218085334,1.57868218898775,TRUE
"gas_turbine_co_2015_raw",50,8,"ridge-LSE",0,0.816633056248906,0.881250492881758,1.25829553321392,TRUE
"gas_turbine_co_2015_raw",50,8,"ridge-LSE",1,0.877787864128551,0.960599715014476,1.390834178509,TRUE
"gas_turbine_co_2015_raw",50,8,"ridge-LSE",2,0.849293651949952,0.931620729085309,1.34452814604784,TRUE
"gas_turbine_co_2015_raw",50,8,"ridge-LSE",3,0.790051234917103,0.86790330016616,1.27442124747545,TRUE
"gas_turbine_co_2015_raw",50,8,"ridge-LSE",4,0.8128602144056,0.888335380120692,1.33000590702612,TRUE
"gas_turbine_co_2015_raw",50,8,"Huber",0,0.792077099648727,0.861089808558927,1.32813921356844,TRUE
"gas_turbine_co_2015_raw",50,8,"Huber",1,0.792111184185335,0.863648005663799,1.33099553726971,TRUE
"gas_turbine_co_2015_raw",50,8,"Huber",2,0.782655454652709,0.905917956395416,1.80411788331553,TRUE
"gas_turbine_co_2015_raw",50,8,"Huber",3,0.803561974866429,0.869455898494542,1.33328901306043,TRUE
"gas_turbine_co_2015_raw",50,8,"Huber",4,0.817032926458394,0.883677020727379,1.29789746152936,TRUE
"gas_turbine_co_2015_raw",50,8,"L1",0,0.798557050796758,0.866170369475886,1.27435776266636,TRUE
"gas_turbine_co_2015_raw",50,8,"L1",1,0.775631818656087,0.841814731023311,1.28256568188867,TRUE
"gas_turbine_co_2015_raw",50,8,"L1",2,0.801424083710858,0.87368080374757,1.30995634158415,TRUE
"gas_turbine_co_2015_raw",50,8,"L1",3,0.822961202230849,0.868949345467179,1.20170631858756,TRUE
"gas_turbine_co_2015_raw",50,8,"L1",4,0.790529905250517,0.861869086548303,1.31402121726377,TRUE
"gas_turbine_co_2015_raw",50,8,"auto-valgate",0,0.803212648582011,0.897152262032865,1.51743956876296,TRUE
"gas_turbine_co_2015_raw",50,8,"auto-valgate",1,0.813329542222881,0.875243549270092,1.30836060846255,TRUE
"gas_turbine_co_2015_raw",50,8,"auto-valgate",2,0.769137475373858,0.83417151002554,1.23774028248301,TRUE
"gas_turbine_co_2015_raw",50,8,"auto-valgate",3,0.874822242480988,0.947625045001287,1.3521604771735,TRUE
"gas_turbine_co_2015_raw",50,8,"auto-valgate",4,0.86223660988081,0.929994454433442,1.33138479749948,TRUE
"gas_turbine_co_2015_raw",50,9,"auto",0,0.612643671528063,0.64993333780198,0.825830892596389,TRUE
"gas_turbine_co_2015_raw",50,9,"auto",1,0.54526494816965,0.604326151704272,0.82289416685829,TRUE
"gas_turbine_co_2015_raw",50,9,"auto",2,0.52611026562796,0.570979972210344,0.770990243581321,TRUE
"gas_turbine_co_2015_raw",50,9,"auto",3,0.553941136317557,0.609446604957074,0.821722017213977,TRUE
"gas_turbine_co_2015_raw",50,9,"auto",4,0.667817786614998,0.705706648955286,0.898846054242154,TRUE
"gas_turbine_co_2015_raw",50,9,"auto-weak",0,0.707255869441644,0.737961734279365,0.928465908251449,TRUE
"gas_turbine_co_2015_raw",50,9,"auto-weak",1,0.499585341991332,0.546547650776576,0.755908683767436,TRUE
"gas_turbine_co_2015_raw",50,9,"auto-weak",2,0.503130102693461,0.557535880342465,0.781144068146174,TRUE
"gas_turbine_co_2015_raw",50,9,"auto-weak",3,0.515654010755586,0.563981285266686,0.780644778845026,TRUE
"gas_turbine_co_2015_raw",50,9,"auto-weak",4,0.685292728182657,0.706378174751448,0.895536077019603,TRUE
"gas_turbine_co_2015_raw",50,9,"WPMM2",0,0.520128636933309,0.575281486880111,0.798454224047062,TRUE
"gas_turbine_co_2015_raw",50,9,"WPMM2",1,0.5061796431917,0.549376798337969,0.745776252683786,TRUE
"gas_turbine_co_2015_raw",50,9,"WPMM2",2,0.585059826851043,0.628083967282056,0.84409869174159,TRUE
"gas_turbine_co_2015_raw",50,9,"WPMM2",3,0.49860876969712,0.539638247766632,0.73892854870743,TRUE
"gas_turbine_co_2015_raw",50,9,"WPMM2",4,0.516587518193727,0.561225276934547,0.763038706919333,TRUE
"gas_turbine_co_2015_raw",50,9,"WPMM3",0,0.543500965533729,0.589267157465916,0.811521387717512,TRUE
"gas_turbine_co_2015_raw",50,9,"WPMM3",1,0.513384896114113,0.575067862251769,0.808597998551867,TRUE
"gas_turbine_co_2015_raw",50,9,"WPMM3",2,0.51287337929342,0.564722057595901,0.778548249256413,TRUE
"gas_turbine_co_2015_raw",50,9,"WPMM3",3,0.483457070038189,0.538821712016571,0.768438050526626,TRUE
"gas_turbine_co_2015_raw",50,9,"WPMM3",4,0.507333735908442,0.557272457449183,0.777359149209459,TRUE
"gas_turbine_co_2015_raw",50,9,"LSE",0,0.639462921869881,0.714084936305208,0.976491409402222,TRUE
"gas_turbine_co_2015_raw",50,9,"LSE",1,0.634927863784187,0.681487861342397,0.896304784103651,TRUE
"gas_turbine_co_2015_raw",50,9,"LSE",2,0.607117786668555,0.637822839532721,0.848217058098271,TRUE
"gas_turbine_co_2015_raw",50,9,"LSE",3,0.56378009500697,0.58834727415709,0.767063447159052,TRUE
"gas_turbine_co_2015_raw",50,9,"LSE",4,0.665061308767125,0.713760022568994,0.947770628617104,TRUE
"gas_turbine_co_2015_raw",50,9,"ridge-LSE",0,0.556890856169674,0.605930439200072,0.812657858097095,TRUE
"gas_turbine_co_2015_raw",50,9,"ridge-LSE",1,0.682314840284516,0.710008817668808,0.88833594160027,TRUE
"gas_turbine_co_2015_raw",50,9,"ridge-LSE",2,0.526608700723503,0.586841116262425,0.804059018730557,TRUE
"gas_turbine_co_2015_raw",50,9,"ridge-LSE",3,0.572468247213252,0.626091862578486,0.821576744046937,TRUE
"gas_turbine_co_2015_raw",50,9,"ridge-LSE",4,0.559648554277303,0.627610173633208,0.86578496702122,TRUE
"gas_turbine_co_2015_raw",50,9,"Huber",0,0.506185337938124,0.537298854878847,0.732522658860666,TRUE
"gas_turbine_co_2015_raw",50,9,"Huber",1,0.508585722576776,0.565879291440982,0.770380499224981,TRUE
"gas_turbine_co_2015_raw",50,9,"Huber",2,0.609730986801439,0.658830751356732,0.871633099814725,TRUE
"gas_turbine_co_2015_raw",50,9,"Huber",3,0.539977118485607,0.584830070373506,0.79414798317825,TRUE
"gas_turbine_co_2015_raw",50,9,"Huber",4,0.560346602062936,0.609326084511335,0.820187386067908,TRUE
"gas_turbine_co_2015_raw",50,9,"L1",0,0.574487781834531,0.623919050640338,0.849889752982815,TRUE
"gas_turbine_co_2015_raw",50,9,"L1",1,0.708693281919219,0.735506102903644,0.935851653785583,TRUE
"gas_turbine_co_2015_raw",50,9,"L1",2,0.590946992114033,0.634821156730048,0.848897163524523,TRUE
"gas_turbine_co_2015_raw",50,9,"L1",3,0.499393276576409,0.544599060265556,0.756124335639923,TRUE
"gas_turbine_co_2015_raw",50,9,"L1",4,0.50584138982651,0.560477750984524,0.771275664445305,TRUE
"gas_turbine_co_2015_raw",50,9,"auto-valgate",0,0.608654520227975,0.661399860841175,0.890677085432534,TRUE
"gas_turbine_co_2015_raw",50,9,"auto-valgate",1,0.514172281991722,0.551983648166612,0.746773941058133,TRUE
"gas_turbine_co_2015_raw",50,9,"auto-valgate",2,0.516021774692362,0.575084893708864,0.801923582339149,TRUE
"gas_turbine_co_2015_raw",50,9,"auto-valgate",3,0.505945997730148,0.557293577000485,0.775970904060762,TRUE
"gas_turbine_co_2015_raw",50,9,"auto-valgate",4,0.659498513397586,0.701573390494312,0.904954395303475,TRUE
"gas_turbine_co_2015_raw",50,10,"auto",0,0.507855696608814,0.620489435375283,0.96160397596335,TRUE
"gas_turbine_co_2015_raw",50,10,"auto",1,0.499269420486601,0.546237962532867,0.737148227070039,TRUE
"gas_turbine_co_2015_raw",50,10,"auto",2,0.497001665834313,0.539263866556432,0.717389018204539,TRUE
"gas_turbine_co_2015_raw",50,10,"auto",3,0.520062952572988,0.555319240929393,0.74245928235521,TRUE
"gas_turbine_co_2015_raw",50,10,"auto",4,0.554213037149245,0.582599982138192,0.747903751327669,TRUE
"gas_turbine_co_2015_raw",50,10,"auto-weak",0,0.483855137686747,0.491144991836503,0.603692240275373,TRUE
"gas_turbine_co_2015_raw",50,10,"auto-weak",1,0.538837655744545,0.543702562315013,0.656528676122046,TRUE
"gas_turbine_co_2015_raw",50,10,"auto-weak",2,0.501849551168265,0.517470662961515,0.658850521293482,TRUE
"gas_turbine_co_2015_raw",50,10,"auto-weak",3,0.484423321710097,0.495178119602758,0.61759557997445,TRUE
"gas_turbine_co_2015_raw",50,10,"auto-weak",4,0.519265237551529,0.521072857406018,0.633365555043379,TRUE
"gas_turbine_co_2015_raw",50,10,"WPMM2",0,0.519615675480064,0.530042217621609,0.652758755528884,TRUE
"gas_turbine_co_2015_raw",50,10,"WPMM2",1,0.535661071628279,0.541058059222462,0.636654956905137,TRUE
"gas_turbine_co_2015_raw",50,10,"WPMM2",2,0.59059908414074,0.603871079078549,0.697695542795898,TRUE
"gas_turbine_co_2015_raw",50,10,"WPMM2",3,0.550939125796126,0.55511516101607,0.668741352648318,TRUE
"gas_turbine_co_2015_raw",50,10,"WPMM2",4,0.522263106711152,0.551910638961788,0.692113481499475,TRUE
"gas_turbine_co_2015_raw",50,10,"WPMM3",0,0.496082016433174,0.52183704109851,0.671342535475656,TRUE
"gas_turbine_co_2015_raw",50,10,"WPMM3",1,0.494769322448123,0.503412495404596,0.626449851579601,TRUE
"gas_turbine_co_2015_raw",50,10,"WPMM3",2,0.495736613104605,0.520652571557601,0.674150685412547,TRUE
"gas_turbine_co_2015_raw",50,10,"WPMM3",3,0.528807826961488,0.536212448314649,0.654236208336942,TRUE
"gas_turbine_co_2015_raw",50,10,"WPMM3",4,0.645078622152764,0.65333256207246,0.786148579865116,TRUE
"gas_turbine_co_2015_raw",50,10,"LSE",0,0.528520392892462,0.548793300602748,0.693266636864539,TRUE
"gas_turbine_co_2015_raw",50,10,"LSE",1,0.510056222799617,0.538352648664005,0.699729544046131,TRUE
"gas_turbine_co_2015_raw",50,10,"LSE",2,0.532316008204927,0.592209441852286,0.838019711477872,TRUE
"gas_turbine_co_2015_raw",50,10,"LSE",3,0.616340135022558,0.637848209987599,0.729993240995576,TRUE
"gas_turbine_co_2015_raw",50,10,"LSE",4,0.663461885714868,0.731920729198439,0.919294003315111,TRUE
"gas_turbine_co_2015_raw",50,10,"ridge-LSE",0,0.535538745167783,0.571339154741081,0.704299257091472,TRUE
"gas_turbine_co_2015_raw",50,10,"ridge-LSE",1,0.545110848461529,0.578217342462473,0.725731060700285,TRUE
"gas_turbine_co_2015_raw",50,10,"ridge-LSE",2,0.565752827282357,0.595991485694209,0.722202503180938,TRUE
"gas_turbine_co_2015_raw",50,10,"ridge-LSE",3,0.547852782532252,0.571857369574645,0.70107976311533,TRUE
"gas_turbine_co_2015_raw",50,10,"ridge-LSE",4,0.481467688378621,0.531769555012607,0.703916591084311,TRUE
"gas_turbine_co_2015_raw",50,10,"Huber",0,0.513650385655936,0.518350349159519,0.627885945860891,TRUE
"gas_turbine_co_2015_raw",50,10,"Huber",1,0.536723967667161,0.552561181424922,0.65716743909232,TRUE
"gas_turbine_co_2015_raw",50,10,"Huber",2,0.520126782610067,0.528406632310796,0.657392645039325,TRUE
"gas_turbine_co_2015_raw",50,10,"Huber",3,0.471507367095748,0.491776060693219,0.617150395282083,TRUE
"gas_turbine_co_2015_raw",50,10,"Huber",4,0.670935545440321,0.687614065068675,0.816737182866392,TRUE
"gas_turbine_co_2015_raw",50,10,"L1",0,0.484570109779898,0.500707561266522,0.620735060186063,TRUE
"gas_turbine_co_2015_raw",50,10,"L1",1,0.533742412220974,0.559505605073231,0.718611953677549,TRUE
"gas_turbine_co_2015_raw",50,10,"L1",2,0.508700862541545,0.538464134415416,0.681439385990179,TRUE
"gas_turbine_co_2015_raw",50,10,"L1",3,0.513492304609312,0.537406250007403,0.68088708485745,TRUE
"gas_turbine_co_2015_raw",50,10,"L1",4,0.496282159463415,0.51023700380812,0.637960593225266,TRUE
"gas_turbine_co_2015_raw",50,10,"auto-valgate",0,0.541767944475452,0.552719172608765,0.68638632506028,TRUE
"gas_turbine_co_2015_raw",50,10,"auto-valgate",1,0.628554997490129,0.636887680451494,0.780908525773765,TRUE
"gas_turbine_co_2015_raw",50,10,"auto-valgate",2,0.497555921867736,0.516281970968754,0.652870705520648,TRUE
"gas_turbine_co_2015_raw",50,10,"auto-valgate",3,0.5212904026799,0.536601569071258,0.667679258792354,TRUE
"gas_turbine_co_2015_raw",50,10,"auto-valgate",4,0.515281464498005,0.523362308625176,0.625376744402918,TRUE
"gas_turbine_nox_2015_raw",20,1,"auto",0,4.23051849831388,5.10972549736237,7.67460092813236,TRUE
"gas_turbine_nox_2015_raw",20,1,"auto",1,5.86666006930449,6.47805458587695,11.2010619219334,TRUE
"gas_turbine_nox_2015_raw",20,1,"auto",2,4.06246033491981,5.00753051682998,10.5538915445282,TRUE
"gas_turbine_nox_2015_raw",20,1,"auto",3,3.91687067913177,4.56630261679963,7.55747172007938,TRUE
"gas_turbine_nox_2015_raw",20,1,"auto",4,4.31610241244039,5.36990683962961,8.84541360652432,TRUE
"gas_turbine_nox_2015_raw",20,1,"auto-weak",0,4.38119849911373,4.6677782077636,6.67009945114306,TRUE
"gas_turbine_nox_2015_raw",20,1,"auto-weak",1,2.79919726643726,3.59571684703697,6.83193665912643,TRUE
"gas_turbine_nox_2015_raw",20,1,"auto-weak",2,11.8300324396798,24.3153253933095,71.2495031768652,TRUE
"gas_turbine_nox_2015_raw",20,1,"auto-weak",3,10.6024089340035,27.0006322894017,82.6740867359205,TRUE
"gas_turbine_nox_2015_raw",20,1,"auto-weak",4,5.4190989043333,6.58701450265276,11.6814026976496,TRUE
"gas_turbine_nox_2015_raw",20,1,"WPMM2",0,6.84990203426984,8.6095584779626,15.9010562730424,TRUE
"gas_turbine_nox_2015_raw",20,1,"WPMM2",1,4.10249907432738,5.14183137205937,8.46679291870913,TRUE
"gas_turbine_nox_2015_raw",20,1,"WPMM2",2,4.65167318224877,5.41804851335765,9.29775973660844,TRUE
"gas_turbine_nox_2015_raw",20,1,"WPMM2",3,3.68508896861047,4.3568728741723,6.77407550369187,TRUE
"gas_turbine_nox_2015_raw",20,1,"WPMM2",4,6.18164414946776,8.4883416628627,17.8952086758273,TRUE
"gas_turbine_nox_2015_raw",20,1,"WPMM3",0,4.79484423707117,5.73266377761078,10.315950296851,TRUE
"gas_turbine_nox_2015_raw",20,1,"WPMM3",1,6.85917851796269,9.00773606150841,20.2184186297016,TRUE
"gas_turbine_nox_2015_raw",20,1,"WPMM3",2,3.7330879367501,4.42664014957628,6.92175168416489,TRUE
"gas_turbine_nox_2015_raw",20,1,"WPMM3",3,3.11569845554879,3.81702958682607,6.4504104172826,TRUE
"gas_turbine_nox_2015_raw",20,1,"WPMM3",4,3.5614784664472,3.96415550859956,6.65174632056144,TRUE
"gas_turbine_nox_2015_raw",20,1,"LSE",0,4.20970441655889,4.84810949408836,6.82675907432653,TRUE
"gas_turbine_nox_2015_raw",20,1,"LSE",1,3.88848907049609,4.4661701525477,6.34124482734619,TRUE
"gas_turbine_nox_2015_raw",20,1,"LSE",2,4.41231060750796,4.93321606365019,6.48403279711879,TRUE
"gas_turbine_nox_2015_raw",20,1,"LSE",3,3.01545627570718,3.64090842762826,6.12018793718431,TRUE
"gas_turbine_nox_2015_raw",20,1,"LSE",4,4.53513738288259,4.99993108003775,6.51447963159638,TRUE
"gas_turbine_nox_2015_raw",20,1,"ridge-LSE",0,5.05630945593258,5.09364350238834,8.28191175988595,TRUE
"gas_turbine_nox_2015_raw",20,1,"ridge-LSE",1,3.89430327928771,4.37979062683613,6.00302866612855,TRUE
"gas_turbine_nox_2015_raw",20,1,"ridge-LSE",2,4.53911945000724,4.9567061580885,6.52049823072067,TRUE
"gas_turbine_nox_2015_raw",20,1,"ridge-LSE",3,3.26484156221157,4.09626689224073,7.31577187959352,TRUE
"gas_turbine_nox_2015_raw",20,1,"ridge-LSE",4,4.03671403218405,4.67432893842073,6.77113007216638,TRUE
"gas_turbine_nox_2015_raw",20,1,"Huber",0,5.29273582640534,7.59966534774158,16.5810042109895,TRUE
"gas_turbine_nox_2015_raw",20,1,"Huber",1,3.91714342203862,4.71542092402299,7.20130638544729,TRUE
"gas_turbine_nox_2015_raw",20,1,"Huber",2,6.65348750573444,7.53938514976919,13.3647203485641,TRUE
"gas_turbine_nox_2015_raw",20,1,"Huber",3,3.82492740242471,4.62129365457864,6.92989108984756,TRUE
"gas_turbine_nox_2015_raw",20,1,"Huber",4,3.82048078254475,4.37783795064595,6.39186308774415,TRUE
"gas_turbine_nox_2015_raw",20,1,"L1",0,4.11033335519494,4.92663831370904,7.78513667724701,TRUE
"gas_turbine_nox_2015_raw",20,1,"L1",1,3.99665674597146,4.62463496665891,6.86027968046043,TRUE
"gas_turbine_nox_2015_raw",20,1,"L1",2,6.1170252923132,6.26664449989311,10.5718310809771,TRUE
"gas_turbine_nox_2015_raw",20,1,"L1",3,3.79849212155472,4.31939191708664,7.81975726946523,TRUE
"gas_turbine_nox_2015_raw",20,1,"L1",4,5.39615618129888,8.19463987645081,16.6810533830604,TRUE
"gas_turbine_nox_2015_raw",20,1,"auto-valgate",0,4.82266467379562,5.72500875052587,10.3167931013612,TRUE
"gas_turbine_nox_2015_raw",20,1,"auto-valgate",1,6.34699101241642,11.1198382348791,27.8829112237549,TRUE
"gas_turbine_nox_2015_raw",20,1,"auto-valgate",2,4.31108772003778,4.57483031765583,8.49767446618862,TRUE
"gas_turbine_nox_2015_raw",20,1,"auto-valgate",3,6.08474160746915,8.08736733422327,16.2363579603051,TRUE
"gas_turbine_nox_2015_raw",20,1,"auto-valgate",4,5.35226940224379,5.64103479223198,7.8351495022241,TRUE
"gas_turbine_nox_2015_raw",20,2,"auto",0,2.56157875419696,2.83899335481993,3.93542193828831,TRUE
"gas_turbine_nox_2015_raw",20,2,"auto",1,2.68191541183377,2.95574571576504,4.05578525041783,TRUE
"gas_turbine_nox_2015_raw",20,2,"auto",2,2.63733213838154,2.92906662839612,4.05693032960853,TRUE
"gas_turbine_nox_2015_raw",20,2,"auto",3,2.6049148510863,2.97297279176183,4.6382460640579,TRUE
"gas_turbine_nox_2015_raw",20,2,"auto",4,2.70409546021908,3.00026294763216,4.02642004786192,TRUE
"gas_turbine_nox_2015_raw",20,2,"auto-weak",0,2.71578612734256,3.05277324723925,4.37883295075293,TRUE
"gas_turbine_nox_2015_raw",20,2,"auto-weak",1,2.43536442703639,2.84796024350997,4.72106056948155,TRUE
"gas_turbine_nox_2015_raw",20,2,"auto-weak",2,2.52573247397092,2.80599654459406,4.04502242255319,TRUE
"gas_turbine_nox_2015_raw",20,2,"auto-weak",3,2.35264529878608,2.73439149915534,4.62000480504244,TRUE
"gas_turbine_nox_2015_raw",20,2,"auto-weak",4,2.61837786263403,2.97436650797141,4.64762539638107,TRUE
"gas_turbine_nox_2015_raw",20,2,"WPMM2",0,2.27585498620185,2.64682033875007,4.15516611100636,TRUE
"gas_turbine_nox_2015_raw",20,2,"WPMM2",1,2.40281717830681,2.77261090335714,4.25380767883631,TRUE
"gas_turbine_nox_2015_raw",20,2,"WPMM2",2,2.52873240760133,2.80916352761165,4.33792050435063,TRUE
"gas_turbine_nox_2015_raw",20,2,"WPMM2",3,2.37912830709124,2.76565721333759,4.56342348502623,TRUE
"gas_turbine_nox_2015_raw",20,2,"WPMM2",4,2.40909649703267,2.68863909430204,4.27044107614258,TRUE
"gas_turbine_nox_2015_raw",20,2,"WPMM3",0,2.46753761335229,2.8199891995872,4.59303782203976,TRUE
"gas_turbine_nox_2015_raw",20,2,"WPMM3",1,2.44720483044486,2.81146456178503,4.6052793452794,TRUE
"gas_turbine_nox_2015_raw",20,2,"WPMM3",2,2.50119955267555,2.86569204423749,4.66047947511691,TRUE
"gas_turbine_nox_2015_raw",20,2,"WPMM3",3,2.41812391695735,2.76512608265382,4.58978228004009,TRUE
"gas_turbine_nox_2015_raw",20,2,"WPMM3",4,2.55158121520458,2.90472806284045,4.66297619853265,TRUE
"gas_turbine_nox_2015_raw",20,2,"LSE",0,2.48104753599984,2.77752653166048,4.3522332214113,TRUE
"gas_turbine_nox_2015_raw",20,2,"LSE",1,2.29373457523857,2.53805974436536,3.72843799465026,TRUE
"gas_turbine_nox_2015_raw",20,2,"LSE",2,2.79246980932692,3.08429612701001,4.34119255532661,TRUE
"gas_turbine_nox_2015_raw",20,2,"LSE",3,2.45791040737818,2.72688324482841,3.8843129466731,TRUE
"gas_turbine_nox_2015_raw",20,2,"LSE",4,2.66115441151329,2.9252242152701,4.45220416184183,TRUE
"gas_turbine_nox_2015_raw",20,2,"ridge-LSE",0,2.57810219159971,2.86863593701254,4.40681327727494,TRUE
"gas_turbine_nox_2015_raw",20,2,"ridge-LSE",1,2.75330831307685,3.03869748980977,4.54880317561943,TRUE
"gas_turbine_nox_2015_raw",20,2,"ridge-LSE",2,2.46426634017467,2.71257377737303,3.87630607250289,TRUE
"gas_turbine_nox_2015_raw",20,2,"ridge-LSE",3,2.49072432750308,2.78055096695239,3.91854359295034,TRUE
"gas_turbine_nox_2015_raw",20,2,"ridge-LSE",4,2.46485958419898,2.7233880871437,3.91441496128793,TRUE
"gas_turbine_nox_2015_raw",20,2,"Huber",0,2.50910412957135,2.76249669987226,4.09200640964131,TRUE
"gas_turbine_nox_2015_raw",20,2,"Huber",1,2.42137271689,2.73288391642137,3.88789883001638,TRUE
"gas_turbine_nox_2015_raw",20,2,"Huber",2,2.47090208223959,2.83543104499177,4.1143651443772,TRUE
"gas_turbine_nox_2015_raw",20,2,"Huber",3,2.47964648188206,2.78633254132212,4.01443419556322,TRUE
"gas_turbine_nox_2015_raw",20,2,"Huber",4,2.37430710345978,2.72019785458479,4.42914150744908,TRUE
"gas_turbine_nox_2015_raw",20,2,"L1",0,2.45286194749106,2.72813080945214,4.0518496083881,TRUE
"gas_turbine_nox_2015_raw",20,2,"L1",1,2.34040673252405,2.6925288839981,4.47902462744816,TRUE
"gas_turbine_nox_2015_raw",20,2,"L1",2,2.43680001523718,2.73997696185694,4.05934197037124,TRUE
"gas_turbine_nox_2015_raw",20,2,"L1",3,2.4311091572571,2.79722946004731,4.01611020680275,TRUE
"gas_turbine_nox_2015_raw",20,2,"L1",4,2.48592172634882,2.76796697639987,4.07599899696576,TRUE
"gas_turbine_nox_2015_raw",20,2,"auto-valgate",0,2.59328647331937,2.89480136579034,4.51086350017491,TRUE
"gas_turbine_nox_2015_raw",20,2,"auto-valgate",1,2.60943733067698,2.95220765499785,4.0920868013155,TRUE
"gas_turbine_nox_2015_raw",20,2,"auto-valgate",2,2.5568396769798,2.92623526704985,4.68651409878573,TRUE
"gas_turbine_nox_2015_raw",20,2,"auto-valgate",3,2.66771898803199,2.95012436013086,4.21019264529064,TRUE
"gas_turbine_nox_2015_raw",20,2,"auto-valgate",4,2.7193843107029,2.97844731741716,4.18606466276049,TRUE
"gas_turbine_nox_2015_raw",20,3,"auto",0,2.53463678722764,3.24881869216205,5.57480081106812,TRUE
"gas_turbine_nox_2015_raw",20,3,"auto",1,2.96563792531293,3.69727966201317,6.28489124814984,TRUE
"gas_turbine_nox_2015_raw",20,3,"auto",2,2.76329275827683,3.47494582942203,5.73232538826015,TRUE
"gas_turbine_nox_2015_raw",20,3,"auto",3,2.92534627619441,3.69780085416369,6.37613914546098,TRUE
"gas_turbine_nox_2015_raw",20,3,"auto",4,3.19518795868345,3.8407019772253,6.79836467197147,TRUE
"gas_turbine_nox_2015_raw",20,3,"auto-weak",0,3.30223181046264,4.1123074266232,6.81687231274674,TRUE
"gas_turbine_nox_2015_raw",20,3,"auto-weak",1,2.77153999030499,3.58841773283956,6.27653173247343,TRUE
"gas_turbine_nox_2015_raw",20,3,"auto-weak",2,3.01484391206544,3.40984736784556,5.06576519719198,TRUE
"gas_turbine_nox_2015_raw",20,3,"auto-weak",3,2.9721765359393,3.36323568294554,4.95601145254878,TRUE
"gas_turbine_nox_2015_raw",20,3,"auto-weak",4,2.81193836368995,3.57247247663705,6.3643625693057,TRUE
"gas_turbine_nox_2015_raw",20,3,"WPMM2",0,3.01492406213403,3.72375497518766,5.94089750415561,TRUE
"gas_turbine_nox_2015_raw",20,3,"WPMM2",1,3.22723017202228,4.00418033995291,6.42798031376822,TRUE
"gas_turbine_nox_2015_raw",20,3,"WPMM2",2,3.12925513881095,3.9194505687639,6.41449800349417,TRUE
"gas_turbine_nox_2015_raw",20,3,"WPMM2",3,2.92981875781561,3.6234681931602,5.8265190110286,TRUE
"gas_turbine_nox_2015_raw",20,3,"WPMM2",4,3.08701880586997,3.68162591339203,5.8643333202794,TRUE
"gas_turbine_nox_2015_raw",20,3,"WPMM3",0,3.27346729144331,4.03299030795576,6.60219124167691,TRUE
"gas_turbine_nox_2015_raw",20,3,"WPMM3",1,3.12564328867403,3.94738210117725,6.62698339480989,TRUE
"gas_turbine_nox_2015_raw",20,3,"WPMM3",2,2.89176744678557,3.63954504285231,6.86959077519901,TRUE
"gas_turbine_nox_2015_raw",20,3,"WPMM3",3,3.24324818460938,4.04952185065952,6.8042359648371,TRUE
"gas_turbine_nox_2015_raw",20,3,"WPMM3",4,3.10559172953434,3.82428466641857,5.96353769053165,TRUE
"gas_turbine_nox_2015_raw",20,3,"LSE",0,2.989639687377,3.64102671251131,6.46777455506143,TRUE
"gas_turbine_nox_2015_raw",20,3,"LSE",1,3.3250814761386,3.86568104990985,6.0514453081526,TRUE
"gas_turbine_nox_2015_raw",20,3,"LSE",2,2.84744153397673,3.46404251250458,5.55890271974901,TRUE
"gas_turbine_nox_2015_raw",20,3,"LSE",3,3.05245215259317,3.68579998111063,6.25823506273015,TRUE
"gas_turbine_nox_2015_raw",20,3,"LSE",4,3.01667265484978,3.67212948591377,5.91456039565791,TRUE
"gas_turbine_nox_2015_raw",20,3,"ridge-LSE",0,2.84613061169694,3.52268987495096,5.84131530714561,TRUE
"gas_turbine_nox_2015_raw",20,3,"ridge-LSE",1,2.50683616644671,3.16537772239368,5.4802137030567,TRUE
"gas_turbine_nox_2015_raw",20,3,"ridge-LSE",2,3.17386472003556,3.81308627075196,6.08497950761344,TRUE
"gas_turbine_nox_2015_raw",20,3,"ridge-LSE",3,2.98516779201154,3.60308867021545,5.99729598228815,TRUE
"gas_turbine_nox_2015_raw",20,3,"ridge-LSE",4,2.96196605992523,3.5725258666263,5.79957505807141,TRUE
"gas_turbine_nox_2015_raw",20,3,"Huber",0,3.06382155002813,3.82275730233956,6.54228540811295,TRUE
"gas_turbine_nox_2015_raw",20,3,"Huber",1,2.58145352002475,3.24502769315022,5.50299996724873,TRUE
"gas_turbine_nox_2015_raw",20,3,"Huber",2,3.12674559149,3.84684914001647,6.39399521245351,TRUE
"gas_turbine_nox_2015_raw",20,3,"Huber",3,2.78092405665326,3.51783174716863,6.40084493294386,TRUE
"gas_turbine_nox_2015_raw",20,3,"Huber",4,3.07608292835878,3.7689249004292,6.32055058280807,TRUE
"gas_turbine_nox_2015_raw",20,3,"L1",0,2.93810390085499,3.82595960147438,8.14105952900417,TRUE
"gas_turbine_nox_2015_raw",20,3,"L1",1,2.70666150921954,3.48335245782001,6.01205320306908,TRUE
"gas_turbine_nox_2015_raw",20,3,"L1",2,3.08565530134295,3.86990582227001,6.41717397012381,TRUE
"gas_turbine_nox_2015_raw",20,3,"L1",3,3.19082056267783,3.86144164611282,6.09562766270279,TRUE
"gas_turbine_nox_2015_raw",20,3,"L1",4,2.76604348541416,3.35383326890178,5.31779462125653,TRUE
"gas_turbine_nox_2015_raw",20,3,"auto-valgate",0,3.11146049869903,3.8685584812615,6.28677198778157,TRUE
"gas_turbine_nox_2015_raw",20,3,"auto-valgate",1,3.29605021837426,4.08501145758886,6.91756706902169,TRUE
"gas_turbine_nox_2015_raw",20,3,"auto-valgate",2,3.11281810893142,3.93802169936453,6.66090781699265,TRUE
"gas_turbine_nox_2015_raw",20,3,"auto-valgate",3,2.75442762458814,3.36974717844808,5.39827031272704,TRUE
"gas_turbine_nox_2015_raw",20,3,"auto-valgate",4,3.09036331246639,3.88130253498136,6.39599280302407,TRUE
"gas_turbine_nox_2015_raw",20,4,"auto",0,2.87169761670124,3.00005834207167,3.83673824432999,TRUE
"gas_turbine_nox_2015_raw",20,4,"auto",1,2.59698761902164,2.80706099933447,3.61844747428548,TRUE
"gas_turbine_nox_2015_raw",20,4,"auto",2,2.63305038180043,2.82731387377576,3.60961423349568,TRUE
"gas_turbine_nox_2015_raw",20,4,"auto",3,2.60238285190814,2.77927473776105,3.65918269564694,TRUE
"gas_turbine_nox_2015_raw",20,4,"auto",4,2.69444460502127,2.84168786083787,3.60987871535101,TRUE
"gas_turbine_nox_2015_raw",20,4,"auto-weak",0,2.63432051728163,2.81306479736386,3.69929300194019,TRUE
"gas_turbine_nox_2015_raw",20,4,"auto-weak",1,2.57717330211689,2.71686331047024,3.68907601257074,TRUE
"gas_turbine_nox_2015_raw",20,4,"auto-weak",2,2.60516297291843,2.77004081564432,3.54270020680042,TRUE
"gas_turbine_nox_2015_raw",20,4,"auto-weak",3,2.59959967060649,2.78643451579991,3.5893368039022,TRUE
"gas_turbine_nox_2015_raw",20,4,"auto-weak",4,2.50982460531544,2.65840252658969,3.58103514883061,TRUE
"gas_turbine_nox_2015_raw",20,4,"WPMM2",0,2.62138707346995,2.73555225968507,3.58158764058964,TRUE
"gas_turbine_nox_2015_raw",20,4,"WPMM2",1,2.55934265182475,2.62161530387836,3.62953523010077,TRUE
"gas_turbine_nox_2015_raw",20,4,"WPMM2",2,2.59988421176744,2.7457072029548,3.61501486291944,TRUE
"gas_turbine_nox_2015_raw",20,4,"WPMM2",3,2.57105519896793,2.70453604410987,3.53853798336424,TRUE
"gas_turbine_nox_2015_raw",20,4,"WPMM2",4,2.53419476967581,2.66279645200725,3.57901042772828,TRUE
"gas_turbine_nox_2015_raw",20,4,"WPMM3",0,2.628265274766,2.84338627770973,4.21359995909997,TRUE
"gas_turbine_nox_2015_raw",20,4,"WPMM3",1,2.64015852908333,2.83178725124612,3.67243232411275,TRUE
"gas_turbine_nox_2015_raw",20,4,"WPMM3",2,2.63763884370702,2.81672154551235,3.62214131338045,TRUE
"gas_turbine_nox_2015_raw",20,4,"WPMM3",3,2.61743404053635,2.78567301880441,3.59189480331715,TRUE
"gas_turbine_nox_2015_raw",20,4,"WPMM3",4,2.5569859796733,2.67364594705166,3.5164803042653,TRUE
"gas_turbine_nox_2015_raw",20,4,"LSE",0,2.70048914337477,2.78868105125172,3.62550253136372,TRUE
"gas_turbine_nox_2015_raw",20,4,"LSE",1,2.74942251574678,2.8572842718456,3.68073423708985,TRUE
"gas_turbine_nox_2015_raw",20,4,"LSE",2,2.66423466145057,2.76396316081527,3.55381912541107,TRUE
"gas_turbine_nox_2015_raw",20,4,"LSE",3,2.90991143015994,3.03885983045996,3.97465641627003,TRUE
"gas_turbine_nox_2015_raw",20,4,"LSE",4,3.0154695556044,3.10943389419646,4.19502746738583,TRUE
"gas_turbine_nox_2015_raw",20,4,"ridge-LSE",0,2.75899800055374,2.85291013922331,3.65953253846194,TRUE
"gas_turbine_nox_2015_raw",20,4,"ridge-LSE",1,2.94128205193993,3.02783831978673,4.01116773192792,TRUE
"gas_turbine_nox_2015_raw",20,4,"ridge-LSE",2,2.95509761259049,3.05134659420852,4.02616341659271,TRUE
"gas_turbine_nox_2015_raw",20,4,"ridge-LSE",3,2.66974367450039,2.85514719792122,3.82282697702933,TRUE
"gas_turbine_nox_2015_raw",20,4,"ridge-LSE",4,2.93257399923456,3.08202839045524,4.11192326298104,TRUE
"gas_turbine_nox_2015_raw",20,4,"Huber",0,2.67406016260677,2.85545952461495,3.66680254423607,TRUE
"gas_turbine_nox_2015_raw",20,4,"Huber",1,2.61989031857854,2.73192612201302,3.59847373442952,TRUE
"gas_turbine_nox_2015_raw",20,4,"Huber",2,2.61635291342458,2.73953722388837,3.54803951199944,TRUE
"gas_turbine_nox_2015_raw",20,4,"Huber",3,2.60791586139827,2.75083393405797,3.65274760691205,TRUE
"gas_turbine_nox_2015_raw",20,4,"Huber",4,2.60813564455104,2.71369593993611,3.62831784056854,TRUE
"gas_turbine_nox_2015_raw",20,4,"L1",0,2.57103687160943,2.7372384446824,3.66522654977598,TRUE
"gas_turbine_nox_2015_raw",20,4,"L1",1,2.75535129804285,2.93727981748048,3.74302850757125,TRUE
"gas_turbine_nox_2015_raw",20,4,"L1",2,2.58719106429576,2.72850496311046,3.69297299187218,TRUE
"gas_turbine_nox_2015_raw",20,4,"L1",3,2.65829358006669,2.79280640906403,3.5912091778067,TRUE
"gas_turbine_nox_2015_raw",20,4,"L1",4,2.67646111092377,2.88620269285801,3.68932264939507,TRUE
"gas_turbine_nox_2015_raw",20,4,"auto-valgate",0,2.6333651586299,2.75983781406234,3.53815565073315,TRUE
"gas_turbine_nox_2015_raw",20,4,"auto-valgate",1,2.75067681874436,2.94038864378769,3.7596934159723,TRUE
"gas_turbine_nox_2015_raw",20,4,"auto-valgate",2,2.62367135637609,2.76870925099021,3.72955748218075,TRUE
"gas_turbine_nox_2015_raw",20,4,"auto-valgate",3,2.6682505473042,2.78424852756214,3.56513370411839,TRUE
"gas_turbine_nox_2015_raw",20,4,"auto-valgate",4,2.71374744936418,2.85623280141859,3.59052653051819,TRUE
"gas_turbine_nox_2015_raw",20,5,"auto",0,3.37553299521259,3.47958318182052,4.68177913580304,TRUE
"gas_turbine_nox_2015_raw",20,5,"auto",1,3.35648603414857,3.43344319507796,4.6280174902835,TRUE
"gas_turbine_nox_2015_raw",20,5,"auto",2,3.51702302303595,3.83738170702996,5.47852045417691,TRUE
"gas_turbine_nox_2015_raw",20,5,"auto",3,3.50317358788006,4.09368456636513,6.44621180494644,TRUE
"gas_turbine_nox_2015_raw",20,5,"auto",4,3.51948528196409,3.8227059869611,5.40460419553814,TRUE
"gas_turbine_nox_2015_raw",20,5,"auto-weak",0,3.82557543643933,4.45972323419442,6.72237365611608,TRUE
"gas_turbine_nox_2015_raw",20,5,"auto-weak",1,3.71017350300353,4.13395833649652,6.01622265223456,TRUE
"gas_turbine_nox_2015_raw",20,5,"auto-weak",2,3.62651726045876,4.04691947057661,6.06587467077799,TRUE
"gas_turbine_nox_2015_raw",20,5,"auto-weak",3,3.63410488301564,4.06683078295735,5.96438995231646,TRUE
"gas_turbine_nox_2015_raw",20,5,"auto-weak",4,3.81590573401089,4.28981025075608,6.1794976652364,TRUE
"gas_turbine_nox_2015_raw",20,5,"WPMM2",0,3.41237013369613,3.75632618737893,5.51451848426195,TRUE
"gas_turbine_nox_2015_raw",20,5,"WPMM2",1,3.68488083536959,4.35164665753341,6.7167019096278,TRUE
"gas_turbine_nox_2015_raw",20,5,"WPMM2",2,3.35752960012803,3.76397980953984,5.63367392437353,TRUE
"gas_turbine_nox_2015_raw",20,5,"WPMM2",3,3.7088426106983,4.18758651648617,6.23848772733531,TRUE
"gas_turbine_nox_2015_raw",20,5,"WPMM2",4,4.04735971222433,4.73466114844688,7.37273519712371,TRUE
"gas_turbine_nox_2015_raw",20,5,"WPMM3",0,3.70247311339724,4.11415018562633,6.01598160754571,TRUE
"gas_turbine_nox_2015_raw",20,5,"WPMM3",1,3.76107097005045,4.33805202325243,6.60931626220209,TRUE
"gas_turbine_nox_2015_raw",20,5,"WPMM3",2,3.58763977577625,4.22537471174314,6.64819341759505,TRUE
"gas_turbine_nox_2015_raw",20,5,"WPMM3",3,3.64463071777696,4.23985421839312,6.59104297143676,TRUE
"gas_turbine_nox_2015_raw",20,5,"WPMM3",4,3.59859314411618,4.32994276408655,7.03431118796868,TRUE
"gas_turbine_nox_2015_raw",20,5,"LSE",0,3.30103410478516,3.46763783720004,4.73489205505677,TRUE
"gas_turbine_nox_2015_raw",20,5,"LSE",1,3.42292445353662,3.74531935431965,5.4553109929885,TRUE
"gas_turbine_nox_2015_raw",20,5,"LSE",2,3.66855204975381,3.90960738002083,5.48810529545403,TRUE
"gas_turbine_nox_2015_raw",20,5,"LSE",3,3.62210547343362,3.76506237690026,5.19329941294978,TRUE
"gas_turbine_nox_2015_raw",20,5,"LSE",4,3.51938090553316,3.71341280990307,5.17993391600286,TRUE
"gas_turbine_nox_2015_raw",20,5,"ridge-LSE",0,3.71733230596475,4.19997777303635,6.32235402209495,TRUE
"gas_turbine_nox_2015_raw",20,5,"ridge-LSE",1,3.4121159105862,3.47729280129709,4.68626139513937,TRUE
"gas_turbine_nox_2015_raw",20,5,"ridge-LSE",2,3.51848139246783,3.66999460974746,5.06486770054764,TRUE
"gas_turbine_nox_2015_raw",20,5,"ridge-LSE",3,3.62822076482125,4.10998223861306,6.17810920881655,TRUE
"gas_turbine_nox_2015_raw",20,5,"ridge-LSE",4,3.5609492206354,3.76117349685332,5.27383704952655,TRUE
"gas_turbine_nox_2015_raw",20,5,"Huber",0,3.36785433499779,3.50851915825797,4.71412790221537,TRUE
"gas_turbine_nox_2015_raw",20,5,"Huber",1,3.49988839796337,3.64553990065188,5.02040622866513,TRUE
"gas_turbine_nox_2015_raw",20,5,"Huber",2,3.72918636260842,4.12219161816505,6.04899854088537,TRUE
"gas_turbine_nox_2015_raw",20,5,"Huber",3,3.54321610221968,3.83386204921843,5.43285044178336,TRUE
"gas_turbine_nox_2015_raw",20,5,"Huber",4,3.56677875549832,3.78296602728797,5.26070619607887,TRUE
"gas_turbine_nox_2015_raw",20,5,"L1",0,3.88717343226435,4.23966927858993,6.05688091274854,TRUE
"gas_turbine_nox_2015_raw",20,5,"L1",1,3.7531231369497,4.18582116070208,6.07374511081868,TRUE
"gas_turbine_nox_2015_raw",20,5,"L1",2,4.03990389114512,4.23229910409456,5.73492473407964,TRUE
"gas_turbine_nox_2015_raw",20,5,"L1",3,3.59196955043784,3.87072100032008,5.60987921398491,TRUE
"gas_turbine_nox_2015_raw",20,5,"L1",4,4.16791333241649,4.46433292690347,6.16118417747223,TRUE
"gas_turbine_nox_2015_raw",20,5,"auto-valgate",0,3.59728895250924,3.92740296518685,5.6210367070827,TRUE
"gas_turbine_nox_2015_raw",20,5,"auto-valgate",1,3.56316044254972,3.71045481999668,5.05988920002571,TRUE
"gas_turbine_nox_2015_raw",20,5,"auto-valgate",2,3.54820295870707,4.1762546893008,6.56094367466401,TRUE
"gas_turbine_nox_2015_raw",20,5,"auto-valgate",3,3.69479898551914,4.03510886269692,5.91453319390464,TRUE
"gas_turbine_nox_2015_raw",20,5,"auto-valgate",4,3.56801794730221,3.82589639707395,5.26474072232737,TRUE
"gas_turbine_nox_2015_raw",20,6,"auto",0,4.05788546243649,4.46178053977054,6.29521433740229,TRUE
"gas_turbine_nox_2015_raw",20,6,"auto",1,3.9203983987958,4.65865034926058,7.12447697424229,TRUE
"gas_turbine_nox_2015_raw",20,6,"auto",2,3.92414304416746,4.40186703310867,6.33046059433282,TRUE
"gas_turbine_nox_2015_raw",20,6,"auto",3,3.92414589556201,4.5921669788447,6.93550781585462,TRUE
"gas_turbine_nox_2015_raw",20,6,"auto",4,3.79978698948771,4.5714676560878,7.24183891556779,TRUE
"gas_turbine_nox_2015_raw",20,6,"auto-weak",0,3.74050526204866,4.38906503969982,6.66772444989981,TRUE
"gas_turbine_nox_2015_raw",20,6,"auto-weak",1,3.80722194249748,4.53372494425081,6.97982594888613,TRUE
"gas_turbine_nox_2015_raw",20,6,"auto-weak",2,3.78045615213874,4.38920619160311,6.59125376016378,TRUE
"gas_turbine_nox_2015_raw",20,6,"auto-weak",3,3.72302659247045,4.01525671552969,5.37660246410062,TRUE
"gas_turbine_nox_2015_raw",20,6,"auto-weak",4,3.80255392843166,4.54649991547482,7.11166101863224,TRUE
"gas_turbine_nox_2015_raw",20,6,"WPMM2",0,3.95253317275301,4.59437310067832,6.65766570201578,TRUE
"gas_turbine_nox_2015_raw",20,6,"WPMM2",1,3.54606178479068,3.74176305815631,4.98284914604174,TRUE
"gas_turbine_nox_2015_raw",20,6,"WPMM2",2,3.91773263358374,4.61713573901483,6.9774949397005,TRUE
"gas_turbine_nox_2015_raw",20,6,"WPMM2",3,3.69665005694087,4.48379010976179,7.25031228915702,TRUE
"gas_turbine_nox_2015_raw",20,6,"WPMM2",4,3.76738749975342,4.44264861956911,6.69379601423272,TRUE
"gas_turbine_nox_2015_raw",20,6,"WPMM3",0,3.92364421108917,4.5924163276919,6.83028983269265,TRUE
"gas_turbine_nox_2015_raw",20,6,"WPMM3",1,3.50633963737652,3.70910103390842,4.92424296910777,TRUE
"gas_turbine_nox_2015_raw",20,6,"WPMM3",2,3.68907820930538,4.0966536741018,5.7318642199898,TRUE
"gas_turbine_nox_2015_raw",20,6,"WPMM3",3,3.74305824376823,4.26764705779722,6.26949745580405,TRUE
"gas_turbine_nox_2015_raw",20,6,"WPMM3",4,3.69383514124114,4.1646402612035,5.91255656743231,TRUE
"gas_turbine_nox_2015_raw",20,6,"LSE",0,4.16708568494748,4.43711782250633,5.99267168604896,TRUE
"gas_turbine_nox_2015_raw",20,6,"LSE",1,4.03040192709805,4.46609274710872,6.43986690308407,TRUE
"gas_turbine_nox_2015_raw",20,6,"LSE",2,4.26129041108649,4.91624989071006,7.31017171691519,TRUE
"gas_turbine_nox_2015_raw",20,6,"LSE",3,4.05699443041538,4.38058307627123,5.68268381439798,TRUE
"gas_turbine_nox_2015_raw",20,6,"LSE",4,4.04305388991005,4.36103850401546,5.80259413985879,TRUE
"gas_turbine_nox_2015_raw",20,6,"ridge-LSE",0,4.18677466232826,4.46444211437855,5.86338212255653,TRUE
"gas_turbine_nox_2015_raw",20,6,"ridge-LSE",1,4.09127512886953,4.52680162870421,6.30369486945715,TRUE
"gas_turbine_nox_2015_raw",20,6,"ridge-LSE",2,3.87672556911527,4.14097873256447,5.32962346624239,TRUE
"gas_turbine_nox_2015_raw",20,6,"ridge-LSE",3,4.1948955643334,4.51922677409397,6.16595309609584,TRUE
"gas_turbine_nox_2015_raw",20,6,"ridge-LSE",4,4.08677902969855,4.36149274479765,5.6525528910245,TRUE
"gas_turbine_nox_2015_raw",20,6,"Huber",0,4.0125291911011,4.59608609204214,6.6168291754734,TRUE
"gas_turbine_nox_2015_raw",20,6,"Huber",1,3.87334258725287,4.55979079001711,6.93226449884167,TRUE
"gas_turbine_nox_2015_raw",20,6,"Huber",2,3.84829897487568,4.42215496805301,6.47341433480991,TRUE
"gas_turbine_nox_2015_raw",20,6,"Huber",3,3.79563455951062,4.41040184667425,6.58178843959066,TRUE
"gas_turbine_nox_2015_raw",20,6,"Huber",4,3.83487326090736,4.21935583645482,5.76879235037441,TRUE
"gas_turbine_nox_2015_raw",20,6,"L1",0,4.00726126449317,4.55427164255702,6.4966968208021,TRUE
"gas_turbine_nox_2015_raw",20,6,"L1",1,3.88545289227935,4.68821683234477,7.35551773888571,TRUE
"gas_turbine_nox_2015_raw",20,6,"L1",2,3.85499446075518,4.40151000009719,6.43121062716743,TRUE
"gas_turbine_nox_2015_raw",20,6,"L1",3,3.9255032903821,4.61162084919731,6.86328012958236,TRUE
"gas_turbine_nox_2015_raw",20,6,"L1",4,3.77074475574494,4.03757620723861,5.26752308286402,TRUE
"gas_turbine_nox_2015_raw",20,6,"auto-valgate",0,3.66781071577716,4.32028415347335,6.64651011516853,TRUE
"gas_turbine_nox_2015_raw",20,6,"auto-valgate",1,3.6654058090855,3.9933527241516,5.54020391549408,TRUE
"gas_turbine_nox_2015_raw",20,6,"auto-valgate",2,3.87657560802076,4.52291964855162,6.71611798835081,TRUE
"gas_turbine_nox_2015_raw",20,6,"auto-valgate",3,3.66529888755171,4.30822583207687,6.5800221832644,TRUE
"gas_turbine_nox_2015_raw",20,6,"auto-valgate",4,3.71254298094665,4.3834918653594,6.66991207051148,TRUE
"gas_turbine_nox_2015_raw",20,7,"auto",0,3.09425603063322,3.20880728245899,4.31751939104979,TRUE
"gas_turbine_nox_2015_raw",20,7,"auto",1,2.94337032567159,3.2056518765667,4.63909548680148,TRUE
"gas_turbine_nox_2015_raw",20,7,"auto",2,2.89876281447215,3.02539606848491,4.11001054315392,TRUE
"gas_turbine_nox_2015_raw",20,7,"auto",3,2.97985065312612,3.1347814742001,4.21142418770651,TRUE
"gas_turbine_nox_2015_raw",20,7,"auto",4,3.03089669362044,3.14847319182087,4.17854717067062,TRUE
"gas_turbine_nox_2015_raw",20,7,"auto-weak",0,2.9201992246521,3.12479302640087,4.3453267797321,TRUE
"gas_turbine_nox_2015_raw",20,7,"auto-weak",1,3.1113002292347,3.37732190752651,4.85217188474466,TRUE
"gas_turbine_nox_2015_raw",20,7,"auto-weak",2,2.80130054224315,2.95582184335309,4.07762150248374,TRUE
"gas_turbine_nox_2015_raw",20,7,"auto-weak",3,3.0976746204291,3.38391639467882,4.79375595158912,TRUE
"gas_turbine_nox_2015_raw",20,7,"auto-weak",4,2.90689097436428,3.15695355199422,4.42200233443348,TRUE
"gas_turbine_nox_2015_raw",20,7,"WPMM2",0,3.07097736774505,3.32959045390285,4.56259016878275,TRUE
"gas_turbine_nox_2015_raw",20,7,"WPMM2",1,2.96363829759344,3.09432796537502,4.24026352508553,TRUE
"gas_turbine_nox_2015_raw",20,7,"WPMM2",2,3.06361301193654,3.28131355993075,4.43256070554215,TRUE
"gas_turbine_nox_2015_raw",20,7,"WPMM2",3,3.07562227841102,3.2923771163034,4.44600053183611,TRUE
"gas_turbine_nox_2015_raw",20,7,"WPMM2",4,3.10585857664046,3.36465033209241,4.76368367685318,TRUE
"gas_turbine_nox_2015_raw",20,7,"WPMM3",0,3.0573321403524,3.29745005806852,4.5646637719099,TRUE
"gas_turbine_nox_2015_raw",20,7,"WPMM3",1,3.0276678517499,3.24214502582604,4.41268450920463,TRUE
"gas_turbine_nox_2015_raw",20,7,"WPMM3",2,3.01125157917973,3.28672359800394,4.68657774109157,TRUE
"gas_turbine_nox_2015_raw",20,7,"WPMM3",3,3.00979669238668,3.28277318282312,4.6931512722683,TRUE
"gas_turbine_nox_2015_raw",20,7,"WPMM3",4,2.88557462523308,3.0389973788751,4.16559519183528,TRUE
"gas_turbine_nox_2015_raw",20,7,"LSE",0,3.04574320963429,3.132565874351,4.21622616160896,TRUE
"gas_turbine_nox_2015_raw",20,7,"LSE",1,3.02786433617296,3.12799091979751,4.23022009461075,TRUE
"gas_turbine_nox_2015_raw",20,7,"LSE",2,3.15855485969896,3.27287028993832,4.30411044356547,TRUE
"gas_turbine_nox_2015_raw",20,7,"LSE",3,3.06044244433042,3.15613241945122,4.25034323540895,TRUE
"gas_turbine_nox_2015_raw",20,7,"LSE",4,3.20559635776566,3.32507759570607,4.38004068001445,TRUE
"gas_turbine_nox_2015_raw",20,7,"ridge-LSE",0,3.10208134185154,3.17366797172963,4.22210108703924,TRUE
"gas_turbine_nox_2015_raw",20,7,"ridge-LSE",1,3.07505444624389,3.31978808341574,4.75896894274843,TRUE
"gas_turbine_nox_2015_raw",20,7,"ridge-LSE",2,3.1338703280915,3.28907895267021,4.4380813959444,TRUE
"gas_turbine_nox_2015_raw",20,7,"ridge-LSE",3,3.08415341382896,3.18146422911381,4.25766197675998,TRUE
"gas_turbine_nox_2015_raw",20,7,"ridge-LSE",4,3.03082885201486,3.11978293007562,4.12327664290169,TRUE
"gas_turbine_nox_2015_raw",20,7,"Huber",0,3.01769253064923,3.3116965885671,4.79698515450028,TRUE
"gas_turbine_nox_2015_raw",20,7,"Huber",1,3.0324337014488,3.27735535529789,4.55403878573994,TRUE
"gas_turbine_nox_2015_raw",20,7,"Huber",2,2.98852380166335,3.12434578162331,4.1616391298464,TRUE
"gas_turbine_nox_2015_raw",20,7,"Huber",3,3.10109275158803,3.3662577662327,4.69165184753021,TRUE
"gas_turbine_nox_2015_raw",20,7,"Huber",4,2.89700074592304,3.19529663968221,4.77235315739537,TRUE
"gas_turbine_nox_2015_raw",20,7,"L1",0,2.98616968186068,3.19773445797429,4.4647479505358,TRUE
"gas_turbine_nox_2015_raw",20,7,"L1",1,2.9696922362119,3.13144772725317,4.25059893550386,TRUE
"gas_turbine_nox_2015_raw",20,7,"L1",2,2.98010917694487,3.20665273546097,4.50810435436451,TRUE
"gas_turbine_nox_2015_raw",20,7,"L1",3,2.93054108059037,3.05920856280987,4.15718870395014,TRUE
"gas_turbine_nox_2015_raw",20,7,"L1",4,3.0503352277473,3.25445901559126,4.52865725088071,TRUE
"gas_turbine_nox_2015_raw",20,7,"auto-valgate",0,3.03605555657336,3.30278587816569,4.707347205841,TRUE
"gas_turbine_nox_2015_raw",20,7,"auto-valgate",1,2.99436477301858,3.25420545314194,4.68215868243246,TRUE
"gas_turbine_nox_2015_raw",20,7,"auto-valgate",2,3.04706863599208,3.29461485867982,4.66452343629931,TRUE
"gas_turbine_nox_2015_raw",20,7,"auto-valgate",3,3.01985277695152,3.29331240026508,4.62132189773728,TRUE
"gas_turbine_nox_2015_raw",20,7,"auto-valgate",4,3.0348698944625,3.25367480015131,4.42499099872831,TRUE
"gas_turbine_nox_2015_raw",20,8,"auto",0,3.13182612907762,3.2878350364688,4.25887201434552,TRUE
"gas_turbine_nox_2015_raw",20,8,"auto",1,2.97933423172585,3.06325553194105,3.96811296175161,TRUE
"gas_turbine_nox_2015_raw",20,8,"auto",2,3.13886054751209,3.25838872610144,4.1880285536999,TRUE
"gas_turbine_nox_2015_raw",20,8,"auto",3,3.16484948152946,3.23320836089383,4.1828749154678,TRUE
"gas_turbine_nox_2015_raw",20,8,"auto",4,3.4059857912656,3.49022533355401,4.41969492147237,TRUE
"gas_turbine_nox_2015_raw",20,8,"auto-weak",0,2.89461541629557,3.13563610355573,4.35082849805693,TRUE
"gas_turbine_nox_2015_raw",20,8,"auto-weak",1,3.05803424537465,3.14274305221035,4.09581466937363,TRUE
"gas_turbine_nox_2015_raw",20,8,"auto-weak",2,2.82822060981489,2.99143361567474,3.94326134518056,TRUE
"gas_turbine_nox_2015_raw",20,8,"auto-weak",3,2.93269093869373,3.06392753382099,4.03174769568966,TRUE
"gas_turbine_nox_2015_raw",20,8,"auto-weak",4,3.09560215799985,3.19942138688796,4.09007443040636,TRUE
"gas_turbine_nox_2015_raw",20,8,"WPMM2",0,2.85007715914266,3.04604121030094,4.03531001504019,TRUE
"gas_turbine_nox_2015_raw",20,8,"WPMM2",1,2.9568099585244,3.17170695048751,4.29799102055115,TRUE
"gas_turbine_nox_2015_raw",20,8,"WPMM2",2,2.87088121574551,3.07908579873305,4.11320142167613,TRUE
"gas_turbine_nox_2015_raw",20,8,"WPMM2",3,2.92401903019225,3.12504518269511,4.22363189926832,TRUE
"gas_turbine_nox_2015_raw",20,8,"WPMM2",4,2.92737559846789,3.13491492441351,4.21083823022625,TRUE
"gas_turbine_nox_2015_raw",20,8,"WPMM3",0,2.86101554969365,3.15690408722824,4.5458650973906,TRUE
"gas_turbine_nox_2015_raw",20,8,"WPMM3",1,2.90043769794339,3.0764103912447,4.06712127947508,TRUE
"gas_turbine_nox_2015_raw",20,8,"WPMM3",2,2.89180877630393,2.98685660491458,3.84747289971365,TRUE
"gas_turbine_nox_2015_raw",20,8,"WPMM3",3,2.78787234986762,2.91798857009947,3.81102707317828,TRUE
"gas_turbine_nox_2015_raw",20,8,"WPMM3",4,2.83089397959255,3.01441601455878,4.02654472900131,TRUE
"gas_turbine_nox_2015_raw",20,8,"LSE",0,3.3582628231863,3.4347017920568,4.34422258431514,TRUE
"gas_turbine_nox_2015_raw",20,8,"LSE",1,3.29521340698139,3.37075201923806,4.24413631742175,TRUE
"gas_turbine_nox_2015_raw",20,8,"LSE",2,3.43007962243138,3.50597160974122,4.42157774217805,TRUE
"gas_turbine_nox_2015_raw",20,8,"LSE",3,3.59597056718709,3.67486543670691,4.64564316023695,TRUE
"gas_turbine_nox_2015_raw",20,8,"LSE",4,3.15249251437562,3.20124513013724,4.01251908883302,TRUE
"gas_turbine_nox_2015_raw",20,8,"ridge-LSE",0,3.34565553323376,3.41651938248836,4.31059236679186,TRUE
"gas_turbine_nox_2015_raw",20,8,"ridge-LSE",1,3.12872034086992,3.15645079434365,3.95839648942321,TRUE
"gas_turbine_nox_2015_raw",20,8,"ridge-LSE",2,3.23728050359733,3.34069557764454,4.22993717307883,TRUE
"gas_turbine_nox_2015_raw",20,8,"ridge-LSE",3,3.38052359065051,3.39340545654131,4.23986402875433,TRUE
"gas_turbine_nox_2015_raw",20,8,"ridge-LSE",4,3.41251169168152,3.49388834321654,4.41381591057055,TRUE
"gas_turbine_nox_2015_raw",20,8,"Huber",0,2.96736916800673,3.08321652657356,4.01080156656819,TRUE
"gas_turbine_nox_2015_raw",20,8,"Huber",1,2.96789918500419,3.12244606196682,4.08763469107402,TRUE
"gas_turbine_nox_2015_raw",20,8,"Huber",2,2.85730176588574,2.96933816376315,3.87162731426538,TRUE
"gas_turbine_nox_2015_raw",20,8,"Huber",3,2.9897800090448,3.06853623247003,3.97136998000584,TRUE
"gas_turbine_nox_2015_raw",20,8,"Huber",4,2.92271205867745,3.02695056465309,3.95731622365485,TRUE
"gas_turbine_nox_2015_raw",20,8,"L1",0,3.06566845617093,3.16074751865775,4.04279809909276,TRUE
"gas_turbine_nox_2015_raw",20,8,"L1",1,3.09456097220683,3.27045711088376,4.41655485499351,TRUE
"gas_turbine_nox_2015_raw",20,8,"L1",2,3.10060442362433,3.19238257740548,4.08705627514565,TRUE
"gas_turbine_nox_2015_raw",20,8,"L1",3,2.94867845349827,3.09920142996042,4.07169195585728,TRUE
"gas_turbine_nox_2015_raw",20,8,"L1",4,2.82793444247351,2.96265555677771,3.86231114540884,TRUE
"gas_turbine_nox_2015_raw",20,8,"auto-valgate",0,3.35498487736101,3.44014944338666,4.36732042686363,TRUE
"gas_turbine_nox_2015_raw",20,8,"auto-valgate",1,2.78973309029269,2.94910993990405,3.90794719606302,TRUE
"gas_turbine_nox_2015_raw",20,8,"auto-valgate",2,2.75362660639185,2.8805467437239,3.79288589096642,TRUE
"gas_turbine_nox_2015_raw",20,8,"auto-valgate",3,2.76393497385979,2.9085197427908,3.80471420585266,TRUE
"gas_turbine_nox_2015_raw",20,8,"auto-valgate",4,3.24090401685999,3.36825064776988,4.27365467299654,TRUE
"gas_turbine_nox_2015_raw",20,9,"auto",0,3.857729977511,3.9675101439206,4.9574478714708,TRUE
"gas_turbine_nox_2015_raw",20,9,"auto",1,4.33955975077846,4.20686277147424,5.27333082612818,TRUE
"gas_turbine_nox_2015_raw",20,9,"auto",2,4.15376596486343,4.06785684994643,5.1422556033484,TRUE
"gas_turbine_nox_2015_raw",20,9,"auto",3,3.99438003599996,3.96470362564965,5.07107131482582,TRUE
"gas_turbine_nox_2015_raw",20,9,"auto",4,3.95802895092111,3.99931773161546,5.01349527543389,TRUE
"gas_turbine_nox_2015_raw",20,9,"auto-weak",0,4.03440133060269,4.12486840627332,5.17857843761465,TRUE
"gas_turbine_nox_2015_raw",20,9,"auto-weak",1,4.08966761255857,4.03365255707877,5.12951818591158,TRUE
"gas_turbine_nox_2015_raw",20,9,"auto-weak",2,3.94347013005412,3.91771686855494,4.96223000448455,TRUE
"gas_turbine_nox_2015_raw",20,9,"auto-weak",3,4.29983138186345,4.35130738751636,5.4543734551302,TRUE
"gas_turbine_nox_2015_raw",20,9,"auto-weak",4,3.83345727335093,3.88257268621103,4.88672842600558,TRUE
"gas_turbine_nox_2015_raw",20,9,"WPMM2",0,3.47935248800751,3.61004585393413,4.78970791656121,TRUE
"gas_turbine_nox_2015_raw",20,9,"WPMM2",1,3.86282773583666,3.85569308337677,4.97555925148996,TRUE
"gas_turbine_nox_2015_raw",20,9,"WPMM2",2,3.57471872762612,3.71056135948198,4.97850930406243,TRUE
"gas_turbine_nox_2015_raw",20,9,"WPMM2",3,3.82140083708141,3.82763206477721,4.96403027381633,TRUE
"gas_turbine_nox_2015_raw",20,9,"WPMM2",4,3.76289497837792,3.78653059477041,4.8957369583808,TRUE
"gas_turbine_nox_2015_raw",20,9,"WPMM3",0,3.50648741294144,3.62199355560477,4.7850224576797,TRUE
"gas_turbine_nox_2015_raw",20,9,"WPMM3",1,3.80381637918024,3.84968881088773,4.92088516325039,TRUE
"gas_turbine_nox_2015_raw",20,9,"WPMM3",2,3.87146770444874,4.00498256054623,5.13055622196004,TRUE
"gas_turbine_nox_2015_raw",20,9,"WPMM3",3,3.9126497598508,3.97979827547766,4.9949871287954,TRUE
"gas_turbine_nox_2015_raw",20,9,"WPMM3",4,3.77656325734295,3.89851304012868,5.00892914070825,TRUE
"gas_turbine_nox_2015_raw",20,9,"LSE",0,4.4603738665197,4.31654606081267,5.39242935783748,TRUE
"gas_turbine_nox_2015_raw",20,9,"LSE",1,4.65961124308917,4.52451994248916,5.56760959149042,TRUE
"gas_turbine_nox_2015_raw",20,9,"LSE",2,4.70576318755733,4.65479859165145,5.67388007284421,TRUE
"gas_turbine_nox_2015_raw",20,9,"LSE",3,4.63276886628994,4.53200601169352,5.55849923296635,TRUE
"gas_turbine_nox_2015_raw",20,9,"LSE",4,4.6640870949299,4.5369424477272,5.58640384610636,TRUE
"gas_turbine_nox_2015_raw",20,9,"ridge-LSE",0,4.18079356671215,4.13087560782366,5.17709966567637,TRUE
"gas_turbine_nox_2015_raw",20,9,"ridge-LSE",1,4.34072064530413,4.27529446940066,5.28560730552404,TRUE
"gas_turbine_nox_2015_raw",20,9,"ridge-LSE",2,4.53074796837205,4.40137562128768,5.45241556620283,TRUE
"gas_turbine_nox_2015_raw",20,9,"ridge-LSE",3,4.16801385956438,4.12374439918156,5.17783863028792,TRUE
"gas_turbine_nox_2015_raw",20,9,"ridge-LSE",4,4.21337593204999,4.14853247196647,5.27203801461259,TRUE
"gas_turbine_nox_2015_raw",20,9,"Huber",0,4.01547148441522,3.98807887024921,5.0110119957973,TRUE
"gas_turbine_nox_2015_raw",20,9,"Huber",1,3.8248380911305,3.90626828781179,5.00361150770637,TRUE
"gas_turbine_nox_2015_raw",20,9,"Huber",2,4.22275223678132,4.14098100485351,5.19502980812307,TRUE
"gas_turbine_nox_2015_raw",20,9,"Huber",3,4.06334769681927,4.02339276121501,5.05563144239051,TRUE
"gas_turbine_nox_2015_raw",20,9,"Huber",4,4.03872719734798,4.02877431295471,5.04705992408489,TRUE
"gas_turbine_nox_2015_raw",20,9,"L1",0,3.96211973828344,4.07202849126288,5.10689427623927,TRUE
"gas_turbine_nox_2015_raw",20,9,"L1",1,4.32952339964991,4.24904324260355,5.28623102481838,TRUE
"gas_turbine_nox_2015_raw",20,9,"L1",2,4.12877955587387,4.07857300015125,5.11850496553511,TRUE
"gas_turbine_nox_2015_raw",20,9,"L1",3,4.15491971330888,4.16405495847395,5.14978343684196,TRUE
"gas_turbine_nox_2015_raw",20,9,"L1",4,4.18438340195315,4.17266119482848,5.1596762126035,TRUE
"gas_turbine_nox_2015_raw",20,9,"auto-valgate",0,3.71837306732874,3.78767597957104,4.89334741987982,TRUE
"gas_turbine_nox_2015_raw",20,9,"auto-valgate",1,3.82275038269121,3.87145515534939,4.86693539981202,TRUE
"gas_turbine_nox_2015_raw",20,9,"auto-valgate",2,4.04757276270504,4.05622050445724,5.0155995488559,TRUE
"gas_turbine_nox_2015_raw",20,9,"auto-valgate",3,3.87311543070816,3.88386083608392,4.87670173532438,TRUE
"gas_turbine_nox_2015_raw",20,9,"auto-valgate",4,4.08085993043998,4.11061591987171,5.16656484792731,TRUE
"gas_turbine_nox_2015_raw",20,10,"auto",0,4.57165729276858,4.77162653628173,5.81149844921265,TRUE
"gas_turbine_nox_2015_raw",20,10,"auto",1,4.50081433948812,4.71378848002599,5.7579950285532,TRUE
"gas_turbine_nox_2015_raw",20,10,"auto",2,4.559015108832,4.75232959152602,5.77019206434404,TRUE
"gas_turbine_nox_2015_raw",20,10,"auto",3,4.4422181886159,4.68965559487475,5.71429144375035,TRUE
"gas_turbine_nox_2015_raw",20,10,"auto",4,4.35130666403612,4.72522052949609,5.86243031459379,TRUE
"gas_turbine_nox_2015_raw",20,10,"auto-weak",0,4.20027146384047,4.59672066289508,5.76667104202112,TRUE
"gas_turbine_nox_2015_raw",20,10,"auto-weak",1,4.38371917536059,4.78828130842885,5.92596157650422,TRUE
"gas_turbine_nox_2015_raw",20,10,"auto-weak",2,4.12661967174846,4.57903172294023,5.87312374241255,TRUE
"gas_turbine_nox_2015_raw",20,10,"auto-weak",3,4.65815191977239,4.73858779912675,5.51563210556983,TRUE
"gas_turbine_nox_2015_raw",20,10,"auto-weak",4,4.52962366921796,4.79199235042481,5.93984256364286,TRUE
"gas_turbine_nox_2015_raw",20,10,"WPMM2",0,4.23182202753393,4.64278639952738,5.8069676528647,TRUE
"gas_turbine_nox_2015_raw",20,10,"WPMM2",1,4.19166853656247,4.63689853803853,5.83515650655646,TRUE
"gas_turbine_nox_2015_raw",20,10,"WPMM2",2,4.08544914124781,4.51577927493999,5.72261116550659,TRUE
"gas_turbine_nox_2015_raw",20,10,"WPMM2",3,4.21509723002987,4.59544882364568,5.71271452318199,TRUE
"gas_turbine_nox_2015_raw",20,10,"WPMM2",4,3.96068789060975,4.42756776889573,5.68107422076472,TRUE
"gas_turbine_nox_2015_raw",20,10,"WPMM3",0,4.35302792570854,4.77597513868435,5.98821528958327,TRUE
"gas_turbine_nox_2015_raw",20,10,"WPMM3",1,4.19888713235,4.6012596583913,5.76302603025654,TRUE
"gas_turbine_nox_2015_raw",20,10,"WPMM3",2,4.33264435812766,4.71275518463743,5.85514031137928,TRUE
"gas_turbine_nox_2015_raw",20,10,"WPMM3",3,4.36539294650399,4.71104108293662,5.83124160765494,TRUE
"gas_turbine_nox_2015_raw",20,10,"WPMM3",4,4.18186411689656,4.64941815296337,5.92848871994623,TRUE
"gas_turbine_nox_2015_raw",20,10,"LSE",0,4.55743473946071,4.73252363835607,5.73204568105384,TRUE
"gas_turbine_nox_2015_raw",20,10,"LSE",1,4.47883105385615,4.62813376600099,5.62385434412399,TRUE
"gas_turbine_nox_2015_raw",20,10,"LSE",2,4.30564679684027,4.50581921253092,5.57746166808461,TRUE
"gas_turbine_nox_2015_raw",20,10,"LSE",3,4.49953282589488,4.70298155917842,5.71813766614113,TRUE
"gas_turbine_nox_2015_raw",20,10,"LSE",4,4.4696676607057,4.64179871598268,5.66913344283729,TRUE
"gas_turbine_nox_2015_raw",20,10,"ridge-LSE",0,4.49217613727398,4.67263156156448,5.7034551400183,TRUE
"gas_turbine_nox_2015_raw",20,10,"ridge-LSE",1,4.56788018362349,4.82819178114424,5.81899175441934,TRUE
"gas_turbine_nox_2015_raw",20,10,"ridge-LSE",2,4.32413904862547,4.53171124881108,5.56137310571813,TRUE
"gas_turbine_nox_2015_raw",20,10,"ridge-LSE",3,4.59503102692924,4.76896229895861,5.81277095356316,TRUE
"gas_turbine_nox_2015_raw",20,10,"ridge-LSE",4,4.48238523231443,4.69255769342212,5.67353241580587,TRUE
"gas_turbine_nox_2015_raw",20,10,"Huber",0,4.4914215618603,4.7800388127226,5.81832449894446,TRUE
"gas_turbine_nox_2015_raw",20,10,"Huber",1,4.14884499256237,4.53814727884031,5.68818917133242,TRUE
"gas_turbine_nox_2015_raw",20,10,"Huber",2,4.16566651137646,4.48343563087287,5.55855413877431,TRUE
"gas_turbine_nox_2015_raw",20,10,"Huber",3,4.39508973285349,4.64261129627935,5.67396383188497,TRUE
"gas_turbine_nox_2015_raw",20,10,"Huber",4,4.41057209234516,4.68241441509424,5.69774331515389,TRUE
"gas_turbine_nox_2015_raw",20,10,"L1",0,4.13627844980086,4.57516071017754,5.84415646681562,TRUE
"gas_turbine_nox_2015_raw",20,10,"L1",1,4.33779235326603,4.77333584277935,5.97478918583016,TRUE
"gas_turbine_nox_2015_raw",20,10,"L1",2,4.41739351629927,4.74284062559484,5.83526624709468,TRUE
"gas_turbine_nox_2015_raw",20,10,"L1",3,4.49672527012547,4.80189269127987,5.84983311263838,TRUE
"gas_turbine_nox_2015_raw",20,10,"L1",4,4.73933270916036,4.99672626476183,6.03003042491649,TRUE
"gas_turbine_nox_2015_raw",20,10,"auto-valgate",0,4.40533128638214,4.67242707775022,5.70460377857779,TRUE
"gas_turbine_nox_2015_raw",20,10,"auto-valgate",1,4.52938857811651,4.8615801882934,5.92522487753386,TRUE
"gas_turbine_nox_2015_raw",20,10,"auto-valgate",2,4.22979287303683,4.61004321353838,5.71693116146951,TRUE
"gas_turbine_nox_2015_raw",20,10,"auto-valgate",3,4.36209056463017,4.74120570301267,5.92955399356182,TRUE
"gas_turbine_nox_2015_raw",20,10,"auto-valgate",4,4.18311160403919,4.54600476621741,5.68855489814174,TRUE
"gas_turbine_nox_2015_raw",50,1,"auto",0,8.28647640972286,12.6728520493734,31.7403946304252,TRUE
"gas_turbine_nox_2015_raw",50,1,"auto",1,6.85818733632309,10.4585575387289,23.5519460716287,TRUE
"gas_turbine_nox_2015_raw",50,1,"auto",2,6.1614339020486,9.16014599693256,19.1148715194668,TRUE
"gas_turbine_nox_2015_raw",50,1,"auto",3,10.4870235177633,14.6648761897255,33.2130127494936,TRUE
"gas_turbine_nox_2015_raw",50,1,"auto",4,11.2310726365838,13.8252908675604,27.9647840670028,TRUE
"gas_turbine_nox_2015_raw",50,1,"auto-weak",0,35.1071963889296,71.1054697619606,215.434528453975,TRUE
"gas_turbine_nox_2015_raw",50,1,"auto-weak",1,5.42731703767971,6.73071210015154,10.9617423254876,TRUE
"gas_turbine_nox_2015_raw",50,1,"auto-weak",2,6.51689236475108,15.6568396920427,44.1598483246736,TRUE
"gas_turbine_nox_2015_raw",50,1,"auto-weak",3,6.6345231683496,7.06862458835259,12.3248535402389,TRUE
"gas_turbine_nox_2015_raw",50,1,"auto-weak",4,8.90723713935358,16.5265187090496,45.4683861297553,TRUE
"gas_turbine_nox_2015_raw",50,1,"WPMM2",0,4.46007763077743,5.53775716742228,11.2739234901333,TRUE
"gas_turbine_nox_2015_raw",50,1,"WPMM2",1,8.96290457599611,13.496417517206,32.7429385073064,TRUE
"gas_turbine_nox_2015_raw",50,1,"WPMM2",2,11.5038823440936,26.9710417533403,78.9608102634135,TRUE
"gas_turbine_nox_2015_raw",50,1,"WPMM2",3,10.3946760820823,15.2489868826671,35.4521264707878,TRUE
"gas_turbine_nox_2015_raw",50,1,"WPMM2",4,37.4487640182927,75.0486577510124,233.11402703205,TRUE
"gas_turbine_nox_2015_raw",50,1,"WPMM3",0,8.95647611249297,13.0925064467738,31.4666154718117,TRUE
"gas_turbine_nox_2015_raw",50,1,"WPMM3",1,35.8808794591466,70.2220674108331,211.233618813306,TRUE
"gas_turbine_nox_2015_raw",50,1,"WPMM3",2,31.2402339527329,62.484905816853,189.366117439268,TRUE
"gas_turbine_nox_2015_raw",50,1,"WPMM3",3,43.2289318463693,83.2804758798218,255.614129203683,TRUE
"gas_turbine_nox_2015_raw",50,1,"WPMM3",4,7.18391407411148,11.5928675776612,28.1296390764317,TRUE
"gas_turbine_nox_2015_raw",50,1,"LSE",0,6.50263833769459,7.28267970582331,10.6283354572019,TRUE
"gas_turbine_nox_2015_raw",50,1,"LSE",1,5.47817589106598,6.38115439907365,9.13585945314428,TRUE
"gas_turbine_nox_2015_raw",50,1,"LSE",2,5.98339372734378,7.17662427953906,12.382618961594,TRUE
"gas_turbine_nox_2015_raw",50,1,"LSE",3,6.39759837903491,9.74398424533415,21.067544201939,TRUE
"gas_turbine_nox_2015_raw",50,1,"LSE",4,5.9875767132382,6.6828729645394,10.7909229213252,TRUE
"gas_turbine_nox_2015_raw",50,1,"ridge-LSE",0,22.2809053621023,36.8308294469561,100.167044004922,TRUE
"gas_turbine_nox_2015_raw",50,1,"ridge-LSE",1,7.96876046485966,8.88925774795323,15.6520484864571,TRUE
"gas_turbine_nox_2015_raw",50,1,"ridge-LSE",2,6.97212463579134,8.49806025837392,16.3857648112462,TRUE
"gas_turbine_nox_2015_raw",50,1,"ridge-LSE",3,6.01176871945791,8.61305021216728,16.4038747721984,TRUE
"gas_turbine_nox_2015_raw",50,1,"ridge-LSE",4,4.57838907808226,5.5598403194007,8.13910520370729,TRUE
"gas_turbine_nox_2015_raw",50,1,"Huber",0,5.84906618196542,7.71262300987601,13.7583627414432,TRUE
"gas_turbine_nox_2015_raw",50,1,"Huber",1,5.94575763681041,9.09689654241958,19.3719124501274,TRUE
"gas_turbine_nox_2015_raw",50,1,"Huber",2,6.3358158547492,9.88261269033412,24.4605892711527,TRUE
"gas_turbine_nox_2015_raw",50,1,"Huber",3,7.49464339000179,15.2950012147645,38.5342030937067,TRUE
"gas_turbine_nox_2015_raw",50,1,"Huber",4,11.6557609264919,17.82177197709,43.6771321937851,TRUE
"gas_turbine_nox_2015_raw",50,1,"L1",0,6.54092009858307,7.50050462471741,13.2232528216922,TRUE
"gas_turbine_nox_2015_raw",50,1,"L1",1,12.2761596415655,14.9759612484741,27.5022997355277,TRUE
"gas_turbine_nox_2015_raw",50,1,"L1",2,9.73438648436219,11.1997993044011,20.6632348545603,TRUE
"gas_turbine_nox_2015_raw",50,1,"L1",3,24.9918848230009,46.5368454007133,136.405240410738,TRUE
"gas_turbine_nox_2015_raw",50,1,"L1",4,7.74828229537969,12.5622171245818,29.8294782384861,TRUE
"gas_turbine_nox_2015_raw",50,1,"auto-valgate",0,13.5633869760108,21.4167081973487,55.4105439563168,TRUE
"gas_turbine_nox_2015_raw",50,1,"auto-valgate",1,26.484161272844,51.7434765767845,154.258475760425,TRUE
"gas_turbine_nox_2015_raw",50,1,"auto-valgate",2,6.4204412403325,7.71840465450347,13.9702869030591,TRUE
"gas_turbine_nox_2015_raw",50,1,"auto-valgate",3,7.57817158690259,11.9111860459158,29.8108206740718,TRUE
"gas_turbine_nox_2015_raw",50,1,"auto-valgate",4,8.16605256264528,10.7366434699565,20.5133246437016,TRUE
"gas_turbine_nox_2015_raw",50,2,"auto",0,2.51925303934011,2.79272071029899,3.82479509489877,TRUE
"gas_turbine_nox_2015_raw",50,2,"auto",1,2.79511512090701,3.06598992120335,4.18620568380595,TRUE
"gas_turbine_nox_2015_raw",50,2,"auto",2,2.68936987918345,3.01043664687622,4.61558443261261,TRUE
"gas_turbine_nox_2015_raw",50,2,"auto",3,2.57199338037172,2.87127287796971,4.17177035049927,TRUE
"gas_turbine_nox_2015_raw",50,2,"auto",4,2.71255602286735,2.98595577062115,4.07645646071927,TRUE
"gas_turbine_nox_2015_raw",50,2,"auto-weak",0,2.48010012025085,2.83456639595105,4.60638518647708,TRUE
"gas_turbine_nox_2015_raw",50,2,"auto-weak",1,2.48700689389822,2.82694403654297,4.75921164022283,TRUE
"gas_turbine_nox_2015_raw",50,2,"auto-weak",2,2.59791888217755,2.82471502406931,3.92931119648184,TRUE
"gas_turbine_nox_2015_raw",50,2,"auto-weak",3,2.43324759740027,2.83481414248748,4.56624611650229,TRUE
"gas_turbine_nox_2015_raw",50,2,"auto-weak",4,2.67087759832937,3.04174012406641,4.6650279718383,TRUE
"gas_turbine_nox_2015_raw",50,2,"WPMM2",0,2.68452683463737,2.99552753607297,4.49326685466068,TRUE
"gas_turbine_nox_2015_raw",50,2,"WPMM2",1,2.52258973900266,2.86940960504588,4.14367618458286,TRUE
"gas_turbine_nox_2015_raw",50,2,"WPMM2",2,2.73982565929309,3.01925201981238,4.29591918494794,TRUE
"gas_turbine_nox_2015_raw",50,2,"WPMM2",3,2.38642727732447,2.79222372797997,4.5732879890242,TRUE
"gas_turbine_nox_2015_raw",50,2,"WPMM2",4,2.54939672122613,2.86094674074086,4.42243947047894,TRUE
"gas_turbine_nox_2015_raw",50,2,"WPMM3",0,2.50180918351418,2.86334478617975,4.6047986671168,TRUE
"gas_turbine_nox_2015_raw",50,2,"WPMM3",1,2.49609870614378,2.86079769736069,4.63649164535359,TRUE
"gas_turbine_nox_2015_raw",50,2,"WPMM3",2,2.5446857035276,2.8853324629409,4.66495584001228,TRUE
"gas_turbine_nox_2015_raw",50,2,"WPMM3",3,2.5085909753571,2.87549992591235,4.67662183776141,TRUE
"gas_turbine_nox_2015_raw",50,2,"WPMM3",4,2.58640569245664,2.90666940629605,4.02710266934982,TRUE
"gas_turbine_nox_2015_raw",50,2,"LSE",0,2.56321427681894,2.87218957161474,4.45412707223243,TRUE
"gas_turbine_nox_2015_raw",50,2,"LSE",1,2.34311221095674,2.60380400107907,3.73468582043304,TRUE
"gas_turbine_nox_2015_raw",50,2,"LSE",2,2.43080604214083,2.69866659568543,3.80267405280683,TRUE
"gas_turbine_nox_2015_raw",50,2,"LSE",3,2.56403116843243,2.84326167877742,4.415104189435,TRUE
"gas_turbine_nox_2015_raw",50,2,"LSE",4,2.63258018426562,2.9808863487568,4.60791283388658,TRUE
"gas_turbine_nox_2015_raw",50,2,"ridge-LSE",0,2.31067465093815,2.50690761200174,3.66089574605599,TRUE
"gas_turbine_nox_2015_raw",50,2,"ridge-LSE",1,2.49987876127499,2.78239527489324,3.90942564696027,TRUE
"gas_turbine_nox_2015_raw",50,2,"ridge-LSE",2,2.45460164789013,2.71886716613992,3.78727262144406,TRUE
"gas_turbine_nox_2015_raw",50,2,"ridge-LSE",3,2.6389301447422,2.96109172614924,4.54963626471445,TRUE
"gas_turbine_nox_2015_raw",50,2,"ridge-LSE",4,2.50653609072559,2.81190791563555,4.39642900977382,TRUE
"gas_turbine_nox_2015_raw",50,2,"Huber",0,2.57100283782737,2.8503707962067,3.89290674362064,TRUE
"gas_turbine_nox_2015_raw",50,2,"Huber",1,2.47924569349124,2.7201481667105,4.0634701788832,TRUE
"gas_turbine_nox_2015_raw",50,2,"Huber",2,2.47250572701157,2.73571383514291,4.01984755810763,TRUE
"gas_turbine_nox_2015_raw",50,2,"Huber",3,2.50266845745466,2.8887310644513,4.62190690964116,TRUE
"gas_turbine_nox_2015_raw",50,2,"Huber",4,2.47419094782108,2.74655261776762,4.11146807786637,TRUE
"gas_turbine_nox_2015_raw",50,2,"L1",0,2.55201050750595,2.91457468386762,4.11983647520554,TRUE
"gas_turbine_nox_2015_raw",50,2,"L1",1,2.43103691205637,2.78610923196869,4.54253306513447,TRUE
"gas_turbine_nox_2015_raw",50,2,"L1",2,2.47628257425981,2.73900989563701,4.06493524306125,TRUE
"gas_turbine_nox_2015_raw",50,2,"L1",3,2.49273932356875,2.70347976700121,4.00606115056248,TRUE
"gas_turbine_nox_2015_raw",50,2,"L1",4,2.57468809986676,2.94817160368763,4.64289705011191,TRUE
"gas_turbine_nox_2015_raw",50,2,"auto-valgate",0,2.88765497520034,3.32655750255125,5.10824004249824,TRUE
"gas_turbine_nox_2015_raw",50,2,"auto-valgate",1,2.63277034387905,2.99387200278537,4.76383758287955,TRUE
"gas_turbine_nox_2015_raw",50,2,"auto-valgate",2,2.74400154399278,3.03628225384527,4.25113124328652,TRUE
"gas_turbine_nox_2015_raw",50,2,"auto-valgate",3,2.63433338617279,2.91244351444029,4.10450764043737,TRUE
"gas_turbine_nox_2015_raw",50,2,"auto-valgate",4,2.47839995792305,2.78381859606884,3.89221018074552,TRUE
"gas_turbine_nox_2015_raw",50,3,"auto",0,2.76499762722044,3.47878071931141,5.94038464962432,TRUE
"gas_turbine_nox_2015_raw",50,3,"auto",1,2.95387140340563,3.55861810484995,6.00106385220083,TRUE
"gas_turbine_nox_2015_raw",50,3,"auto",2,2.85235212165253,3.62586515900976,6.30110995280823,TRUE
"gas_turbine_nox_2015_raw",50,3,"auto",3,2.91724899028547,3.66920440373452,6.27780438246526,TRUE
"gas_turbine_nox_2015_raw",50,3,"auto",4,3.04458200783772,3.66089804667208,6.47101136473285,TRUE
"gas_turbine_nox_2015_raw",50,3,"auto-weak",0,2.88454219670045,3.25218849813018,4.84052387070852,TRUE
"gas_turbine_nox_2015_raw",50,3,"auto-weak",1,3.22997956464089,4.03733315207135,6.65406363918435,TRUE
"gas_turbine_nox_2015_raw",50,3,"auto-weak",2,2.77997275215814,3.21909684406924,4.91398919108644,TRUE
"gas_turbine_nox_2015_raw",50,3,"auto-weak",3,3.35310361371237,4.15617917161506,6.85078148661135,TRUE
"gas_turbine_nox_2015_raw",50,3,"auto-weak",4,2.77056927796394,3.1261224554381,4.55495241811123,TRUE
"gas_turbine_nox_2015_raw",50,3,"WPMM2",0,3.34111338158743,4.10059852894628,6.42495295408578,TRUE
"gas_turbine_nox_2015_raw",50,3,"WPMM2",1,3.03958494783269,3.77911809130056,6.05595682294583,TRUE
"gas_turbine_nox_2015_raw",50,3,"WPMM2",2,3.05547651618787,3.77194627111377,6.01191491321687,TRUE
"gas_turbine_nox_2015_raw",50,3,"WPMM2",3,3.3250567481783,4.15239908677115,6.70795659957935,TRUE
"gas_turbine_nox_2015_raw",50,3,"WPMM2",4,3.24435163731003,4.05473656705899,6.7753446907293,TRUE
"gas_turbine_nox_2015_raw",50,3,"WPMM3",0,3.29847374927341,4.0813061072818,6.61172688984697,TRUE
"gas_turbine_nox_2015_raw",50,3,"WPMM3",1,3.07466525911421,3.8876216747995,6.63330595572693,TRUE
"gas_turbine_nox_2015_raw",50,3,"WPMM3",2,3.30101261367704,3.97848461354343,6.39739555972789,TRUE
"gas_turbine_nox_2015_raw",50,3,"WPMM3",3,3.03010529542275,3.84392200585033,6.57577868819426,TRUE
"gas_turbine_nox_2015_raw",50,3,"WPMM3",4,3.05461958904417,3.78895993378418,6.00482086394158,TRUE
"gas_turbine_nox_2015_raw",50,3,"LSE",0,3.06044146053932,3.59802203920274,5.73853329310062,TRUE
"gas_turbine_nox_2015_raw",50,3,"LSE",1,3.3075960857662,3.88338599301851,6.10567064892645,TRUE
"gas_turbine_nox_2015_raw",50,3,"LSE",2,2.82568245208338,3.37770362809675,5.29684494570186,TRUE
"gas_turbine_nox_2015_raw",50,3,"LSE",3,2.56394500614786,3.36813353971693,6.16404694875647,TRUE
"gas_turbine_nox_2015_raw",50,3,"LSE",4,2.9529227405865,3.62917389641919,6.72434146361442,TRUE
"gas_turbine_nox_2015_raw",50,3,"ridge-LSE",0,2.91186419496038,3.54009586936543,5.75918261474541,TRUE
"gas_turbine_nox_2015_raw",50,3,"ridge-LSE",1,3.09893709409401,3.80992640977986,7.5391893009206,TRUE
"gas_turbine_nox_2015_raw",50,3,"ridge-LSE",2,2.96690784323696,3.65692606889964,6.79827122272357,TRUE
"gas_turbine_nox_2015_raw",50,3,"ridge-LSE",3,2.8756810055441,3.39711518346603,5.29573009464336,TRUE
"gas_turbine_nox_2015_raw",50,3,"ridge-LSE",4,3.01587840136136,3.59975814584323,6.08469837882845,TRUE
"gas_turbine_nox_2015_raw",50,3,"Huber",0,3.24754043703475,3.99099543819946,6.57473429996771,TRUE
"gas_turbine_nox_2015_raw",50,3,"Huber",1,2.83908794454309,3.53746028301553,6.06312104032428,TRUE
"gas_turbine_nox_2015_raw",50,3,"Huber",2,2.82086789629072,3.52717865802514,5.73686011378203,TRUE
"gas_turbine_nox_2015_raw",50,3,"Huber",3,3.08338283398949,3.84327192821936,6.48730636216807,TRUE
"gas_turbine_nox_2015_raw",50,3,"Huber",4,2.76815834425964,3.50276838769965,6.51908678600564,TRUE
"gas_turbine_nox_2015_raw",50,3,"L1",0,2.70864440589287,3.39115875967083,5.64364228462941,TRUE
"gas_turbine_nox_2015_raw",50,3,"L1",1,2.80744339556534,3.53661103354145,6.04093923818097,TRUE
"gas_turbine_nox_2015_raw",50,3,"L1",2,2.85137488395918,3.58680563601873,6.05368088001386,TRUE
"gas_turbine_nox_2015_raw",50,3,"L1",3,3.00309931440109,3.69988434705257,5.91593254239048,TRUE
"gas_turbine_nox_2015_raw",50,3,"L1",4,2.67363592414537,3.30986078189844,5.43267375532576,TRUE
"gas_turbine_nox_2015_raw",50,3,"auto-valgate",0,3.23460025587399,3.97280779313896,6.47712626607316,TRUE
"gas_turbine_nox_2015_raw",50,3,"auto-valgate",1,3.066686008194,3.87615133253094,6.64383237450624,TRUE
"gas_turbine_nox_2015_raw",50,3,"auto-valgate",2,2.9913811634973,3.712345297315,8.41635214290185,TRUE
"gas_turbine_nox_2015_raw",50,3,"auto-valgate",3,2.52101501163784,3.018554816999,4.95216331578049,TRUE
"gas_turbine_nox_2015_raw",50,3,"auto-valgate",4,3.00757764522001,3.42704852520542,5.03102026275741,TRUE
"gas_turbine_nox_2015_raw",50,4,"auto",0,2.89316457695274,3.02476556001142,3.91281699843696,TRUE
"gas_turbine_nox_2015_raw",50,4,"auto",1,2.74588851580866,2.94998243701203,3.79417108389803,TRUE
"gas_turbine_nox_2015_raw",50,4,"auto",2,2.66640112468704,2.92006105598743,3.8593974285457,TRUE
"gas_turbine_nox_2015_raw",50,4,"auto",3,2.70394753011751,2.87775614351123,3.78769089368746,TRUE
"gas_turbine_nox_2015_raw",50,4,"auto",4,2.81352861213477,2.97106150561194,3.79822810604764,TRUE
"gas_turbine_nox_2015_raw",50,4,"auto-weak",0,2.63684755654424,2.82326171290963,3.68392861113711,TRUE
"gas_turbine_nox_2015_raw",50,4,"auto-weak",1,2.52576505870549,2.63850823483599,3.48611609195741,TRUE
"gas_turbine_nox_2015_raw",50,4,"auto-weak",2,2.64621951122294,2.7892159864995,3.55501872744884,TRUE
"gas_turbine_nox_2015_raw",50,4,"auto-weak",3,2.60406626522917,2.78240053730634,3.69807417270323,TRUE
"gas_turbine_nox_2015_raw",50,4,"auto-weak",4,2.60388113852129,2.69810397412123,3.51396125410102,TRUE
"gas_turbine_nox_2015_raw",50,4,"WPMM2",0,2.59857806908873,2.75337664954554,3.64262278218374,TRUE
"gas_turbine_nox_2015_raw",50,4,"WPMM2",1,2.57283074306559,2.75024424926303,3.72065064665836,TRUE
"gas_turbine_nox_2015_raw",50,4,"WPMM2",2,2.629252447281,2.69986605498758,3.78200188332164,TRUE
"gas_turbine_nox_2015_raw",50,4,"WPMM2",3,2.59554723962517,2.73777771399672,3.59427103378694,TRUE
"gas_turbine_nox_2015_raw",50,4,"WPMM2",4,2.57033069118195,2.6740080909558,3.58178781118503,TRUE
"gas_turbine_nox_2015_raw",50,4,"WPMM3",0,2.66002444580371,2.85218533334331,3.66509049415293,TRUE
"gas_turbine_nox_2015_raw",50,4,"WPMM3",1,2.67875489764833,2.7688643743773,3.87578372629592,TRUE
"gas_turbine_nox_2015_raw",50,4,"WPMM3",2,2.61010710125073,2.78875641444315,3.57949445203782,TRUE
"gas_turbine_nox_2015_raw",50,4,"WPMM3",3,2.57956196365672,2.71560524893182,3.4486981907159,TRUE
"gas_turbine_nox_2015_raw",50,4,"WPMM3",4,2.62733653294646,2.82038445285894,3.69609905758152,TRUE
"gas_turbine_nox_2015_raw",50,4,"LSE",0,2.83835632269469,2.93659690343372,3.87920926861083,TRUE
"gas_turbine_nox_2015_raw",50,4,"LSE",1,2.72401504170913,2.82783545071397,3.65858118677247,TRUE
"gas_turbine_nox_2015_raw",50,4,"LSE",2,2.66249802161531,2.78258343005002,3.58219683257248,TRUE
"gas_turbine_nox_2015_raw",50,4,"LSE",3,2.89641650649295,3.01767012295067,3.94018438809591,TRUE
"gas_turbine_nox_2015_raw",50,4,"LSE",4,3.01606177632955,3.10843922726644,4.16522366489368,TRUE
"gas_turbine_nox_2015_raw",50,4,"ridge-LSE",0,2.78131137977697,2.91942561065572,3.8148300921761,TRUE
"gas_turbine_nox_2015_raw",50,4,"ridge-LSE",1,3.50316239179305,3.58188030280729,4.67889665765972,TRUE
"gas_turbine_nox_2015_raw",50,4,"ridge-LSE",2,2.86849919039976,2.9975925855207,3.95999337003876,TRUE
"gas_turbine_nox_2015_raw",50,4,"ridge-LSE",3,2.89732617825196,3.01366720825484,3.99414233759742,TRUE
"gas_turbine_nox_2015_raw",50,4,"ridge-LSE",4,2.89318678294141,3.00147300663469,3.91809185865972,TRUE
"gas_turbine_nox_2015_raw",50,4,"Huber",0,2.77037056004836,2.87486732835659,3.72910188216698,TRUE
"gas_turbine_nox_2015_raw",50,4,"Huber",1,2.58035760103221,2.71670707639453,3.58491693786189,TRUE
"gas_turbine_nox_2015_raw",50,4,"Huber",2,2.63451408163546,2.7808002314344,3.64706859192663,TRUE
"gas_turbine_nox_2015_raw",50,4,"Huber",3,2.60278254977242,2.74201063584518,3.59991817459103,TRUE
"gas_turbine_nox_2015_raw",50,4,"Huber",4,2.58676814655496,2.72923845596691,3.66244092811658,TRUE
"gas_turbine_nox_2015_raw",50,4,"L1",0,2.59292338372404,2.70396224067489,3.74353996576864,TRUE
"gas_turbine_nox_2015_raw",50,4,"L1",1,2.61136188909867,2.726898965061,3.56330081053182,TRUE
"gas_turbine_nox_2015_raw",50,4,"L1",2,2.54851594281151,2.67032306438147,3.53213758577858,TRUE
"gas_turbine_nox_2015_raw",50,4,"L1",3,2.56699620758974,2.82180279641985,3.83854303845739,TRUE
"gas_turbine_nox_2015_raw",50,4,"L1",4,2.71497405800187,2.92063200562415,3.75898138442366,TRUE
"gas_turbine_nox_2015_raw",50,4,"auto-valgate",0,2.63596173936513,2.78252860249256,3.54611625049746,TRUE
"gas_turbine_nox_2015_raw",50,4,"auto-valgate",1,2.5779868886067,2.72074606407223,3.48176623565068,TRUE
"gas_turbine_nox_2015_raw",50,4,"auto-valgate",2,2.73340408958464,2.93208010781248,3.9441117067901,TRUE
"gas_turbine_nox_2015_raw",50,4,"auto-valgate",3,2.59713541837006,2.81176299274904,3.65162617570557,TRUE
"gas_turbine_nox_2015_raw",50,4,"auto-valgate",4,2.59639910684248,2.77643301183898,3.72116233224765,TRUE
"gas_turbine_nox_2015_raw",50,5,"auto",0,3.97104899552385,4.21336008921293,5.76534895806242,TRUE
"gas_turbine_nox_2015_raw",50,5,"auto",1,3.80900258973972,3.87744785258274,5.256772955041,TRUE
"gas_turbine_nox_2015_raw",50,5,"auto",2,3.38621387693315,3.71580247592089,5.45368576682556,TRUE
"gas_turbine_nox_2015_raw",50,5,"auto",3,3.62059085096034,4.06830295120758,5.93181884116746,TRUE
"gas_turbine_nox_2015_raw",50,5,"auto",4,3.53906537139356,3.84920949623356,5.44993129906679,TRUE
"gas_turbine_nox_2015_raw",50,5,"auto-weak",0,3.34808551006588,3.78597033094388,5.71587148013441,TRUE
"gas_turbine_nox_2015_raw",50,5,"auto-weak",1,3.76563831257507,4.37520434124424,6.54377979359278,TRUE
"gas_turbine_nox_2015_raw",50,5,"auto-weak",2,3.79819877787215,4.337499280412,6.48679474431091,TRUE
"gas_turbine_nox_2015_raw",50,5,"auto-weak",3,3.89671471124854,4.40095950055531,6.48184131008048,TRUE
"gas_turbine_nox_2015_raw",50,5,"auto-weak",4,3.68768969266339,4.1053745073689,6.0217198538339,TRUE
"gas_turbine_nox_2015_raw",50,5,"WPMM2",0,3.52704882081669,3.84451813287488,5.51909427363274,TRUE
"gas_turbine_nox_2015_raw",50,5,"WPMM2",1,3.83624842455096,4.45100774280663,6.79657680001829,TRUE
"gas_turbine_nox_2015_raw",50,5,"WPMM2",2,3.61819560702223,4.01713741992924,5.87324361667547,TRUE
"gas_turbine_nox_2015_raw",50,5,"WPMM2",3,4.00362152307416,4.28060202675169,5.9255647347258,TRUE
"gas_turbine_nox_2015_raw",50,5,"WPMM2",4,3.72499679125296,4.06578651107945,5.8560963541314,TRUE
"gas_turbine_nox_2015_raw",50,5,"WPMM3",0,3.67670091782079,4.04420140860794,5.88166460150837,TRUE
"gas_turbine_nox_2015_raw",50,5,"WPMM3",1,3.78981625214493,4.41910743235349,6.84220516747055,TRUE
"gas_turbine_nox_2015_raw",50,5,"WPMM3",2,3.40064389054769,3.79924880536657,5.64188936092754,TRUE
"gas_turbine_nox_2015_raw",50,5,"WPMM3",3,3.58799180904488,3.87679365444267,5.46315367485021,TRUE
"gas_turbine_nox_2015_raw",50,5,"WPMM3",4,3.36706598159121,3.66422654676244,5.18540666621838,TRUE
"gas_turbine_nox_2015_raw",50,5,"LSE",0,3.33651409937273,3.37321209814185,4.49395769626167,TRUE
"gas_turbine_nox_2015_raw",50,5,"LSE",1,3.57461614643836,3.69146080747603,5.03820080525325,TRUE
"gas_turbine_nox_2015_raw",50,5,"LSE",2,3.5797540960992,3.7582140600223,5.22351573680608,TRUE
"gas_turbine_nox_2015_raw",50,5,"LSE",3,3.35449913585716,3.37873226848964,4.49921953560413,TRUE
"gas_turbine_nox_2015_raw",50,5,"LSE",4,3.30637640720304,3.39810140412165,4.62822777905382,TRUE
"gas_turbine_nox_2015_raw",50,5,"ridge-LSE",0,3.24910738144431,3.39794647228641,4.63471144784809,TRUE
"gas_turbine_nox_2015_raw",50,5,"ridge-LSE",1,3.34696644625269,3.39390431422445,4.5681049970435,TRUE
"gas_turbine_nox_2015_raw",50,5,"ridge-LSE",2,3.53563133587093,3.6568228635735,4.99770434328564,TRUE
"gas_turbine_nox_2015_raw",50,5,"ridge-LSE",3,3.32085864746907,3.3901160319846,4.58820918539003,TRUE
"gas_turbine_nox_2015_raw",50,5,"ridge-LSE",4,3.67385936659637,3.93661910082707,5.59530517652314,TRUE
"gas_turbine_nox_2015_raw",50,5,"Huber",0,3.38483841746558,3.51004466934541,4.72631118273705,TRUE
"gas_turbine_nox_2015_raw",50,5,"Huber",1,3.44579221995137,3.54518413839529,4.81368525968494,TRUE
"gas_turbine_nox_2015_raw",50,5,"Huber",2,3.60763015590954,3.9316133861201,5.6377977430338,TRUE
"gas_turbine_nox_2015_raw",50,5,"Huber",3,3.51786029074501,3.8634325020015,5.56317573653499,TRUE
"gas_turbine_nox_2015_raw",50,5,"Huber",4,3.60134717383238,3.85898065032136,5.4435254675255,TRUE
"gas_turbine_nox_2015_raw",50,5,"L1",0,3.63489152584594,3.97697133520757,5.67600882132477,TRUE
"gas_turbine_nox_2015_raw",50,5,"L1",1,3.55577209690362,3.77698357762677,5.29207897635163,TRUE
"gas_turbine_nox_2015_raw",50,5,"L1",2,3.96288846823856,4.11118750959398,5.52955094473813,TRUE
"gas_turbine_nox_2015_raw",50,5,"L1",3,3.61753650408352,4.05386577552202,5.94435404738659,TRUE
"gas_turbine_nox_2015_raw",50,5,"L1",4,3.63880863033322,4.05928141550907,5.91656679458146,TRUE
"gas_turbine_nox_2015_raw",50,5,"auto-valgate",0,3.67098661626662,4.13096325832582,6.09141883748166,TRUE
"gas_turbine_nox_2015_raw",50,5,"auto-valgate",1,3.5125555298487,3.67899456719101,5.06147618505473,TRUE
"gas_turbine_nox_2015_raw",50,5,"auto-valgate",2,3.55589588269136,3.87219596719647,5.48992552437387,TRUE
"gas_turbine_nox_2015_raw",50,5,"auto-valgate",3,3.62788743997216,3.99525055637811,5.65113445311176,TRUE
"gas_turbine_nox_2015_raw",50,5,"auto-valgate",4,3.55376972025934,4.09623429571801,6.33170532274169,TRUE
"gas_turbine_nox_2015_raw",50,6,"auto",0,4.02932500114197,4.51702879921519,6.45890615116626,TRUE
"gas_turbine_nox_2015_raw",50,6,"auto",1,3.88966735721784,4.62014497396083,7.07285967580501,TRUE
"gas_turbine_nox_2015_raw",50,6,"auto",2,3.763146410858,4.19035403213298,5.74952203298827,TRUE
"gas_turbine_nox_2015_raw",50,6,"auto",3,3.94066559083183,4.64312313324426,7.04305024680833,TRUE
"gas_turbine_nox_2015_raw",50,6,"auto",4,3.94016422053512,4.57321364246638,6.87768692081483,TRUE
"gas_turbine_nox_2015_raw",50,6,"auto-weak",0,3.82881605858591,4.46804453020152,6.73585173322232,TRUE
"gas_turbine_nox_2015_raw",50,6,"auto-weak",1,3.75803657329351,4.50227183297567,7.02637023341592,TRUE
"gas_turbine_nox_2015_raw",50,6,"auto-weak",2,4.07632874752155,4.76197021106315,7.01515981584753,TRUE
"gas_turbine_nox_2015_raw",50,6,"auto-weak",3,3.50651592047398,3.82922161374746,5.1639831067199,TRUE
"gas_turbine_nox_2015_raw",50,6,"auto-weak",4,3.7317215037045,4.36747234214312,6.61664907264686,TRUE
"gas_turbine_nox_2015_raw",50,6,"WPMM2",0,3.74548648068251,4.43847666117327,6.78225151344347,TRUE
"gas_turbine_nox_2015_raw",50,6,"WPMM2",1,3.82445845534014,4.3199019524576,6.12785973488571,TRUE
"gas_turbine_nox_2015_raw",50,6,"WPMM2",2,3.95978877631151,4.64894258947624,6.95839471160397,TRUE
"gas_turbine_nox_2015_raw",50,6,"WPMM2",3,3.66314266655676,4.37040636142359,6.83955280949089,TRUE
"gas_turbine_nox_2015_raw",50,6,"WPMM2",4,3.61210673099685,4.07472922757505,5.91874176596244,TRUE
"gas_turbine_nox_2015_raw",50,6,"WPMM3",0,3.84619974769277,4.51874976496501,6.7971135848935,TRUE
"gas_turbine_nox_2015_raw",50,6,"WPMM3",1,3.80813815469769,4.52432002621368,6.9868130973519,TRUE
"gas_turbine_nox_2015_raw",50,6,"WPMM3",2,3.86728646449397,4.16531060044154,5.50294262723134,TRUE
"gas_turbine_nox_2015_raw",50,6,"WPMM3",3,3.71190271152744,4.37204668478025,6.64686175545328,TRUE
"gas_turbine_nox_2015_raw",50,6,"WPMM3",4,3.77164833538767,4.45346468816955,6.75616227601616,TRUE
"gas_turbine_nox_2015_raw",50,6,"LSE",0,4.13141257552958,4.56073054033567,6.43274187803171,TRUE
"gas_turbine_nox_2015_raw",50,6,"LSE",1,4.08986653459577,4.50216441678739,6.3067742930905,TRUE
"gas_turbine_nox_2015_raw",50,6,"LSE",2,4.21389423621141,4.74808352452736,6.87259665693071,TRUE
"gas_turbine_nox_2015_raw",50,6,"LSE",3,4.28630454575569,4.57473806442607,6.23678764370914,TRUE
"gas_turbine_nox_2015_raw",50,6,"LSE",4,4.02710558910087,4.41743168339321,5.90061352825753,TRUE
"gas_turbine_nox_2015_raw",50,6,"ridge-LSE",0,4.08794061059492,4.39004601729793,5.78248969723894,TRUE
"gas_turbine_nox_2015_raw",50,6,"ridge-LSE",1,4.08177023020377,4.7733195468347,7.18266994832606,TRUE
"gas_turbine_nox_2015_raw",50,6,"ridge-LSE",2,3.87626110754771,4.10321490685685,5.31724721838365,TRUE
"gas_turbine_nox_2015_raw",50,6,"ridge-LSE",3,4.1158411281446,4.47921711787278,6.17896979692037,TRUE
"gas_turbine_nox_2015_raw",50,6,"ridge-LSE",4,4.06885085083578,4.57924614050074,6.5709542253191,TRUE
"gas_turbine_nox_2015_raw",50,6,"Huber",0,4.07204760491367,4.7075855110546,7.04371886339293,TRUE
"gas_turbine_nox_2015_raw",50,6,"Huber",1,3.80403997918484,4.51446151550091,6.95978506882716,TRUE
"gas_turbine_nox_2015_raw",50,6,"Huber",2,3.89571202686592,4.46102415909894,6.49505081733714,TRUE
"gas_turbine_nox_2015_raw",50,6,"Huber",3,3.89717882276481,4.63142711896881,7.12743173696463,TRUE
"gas_turbine_nox_2015_raw",50,6,"Huber",4,3.84078072712044,4.24826914037136,5.82641215006297,TRUE
"gas_turbine_nox_2015_raw",50,6,"L1",0,3.91094471555541,4.5403743946132,6.66844944183518,TRUE
"gas_turbine_nox_2015_raw",50,6,"L1",1,3.81870632905316,4.59041312700101,7.17497775238541,TRUE
"gas_turbine_nox_2015_raw",50,6,"L1",2,3.79343783335935,4.39465319933702,6.54705606152828,TRUE
"gas_turbine_nox_2015_raw",50,6,"L1",3,3.91033328674989,4.5457056106335,6.70433977278169,TRUE
"gas_turbine_nox_2015_raw",50,6,"L1",4,3.9533483300284,4.53744151199967,6.56489512569118,TRUE
"gas_turbine_nox_2015_raw",50,6,"auto-valgate",0,3.68108682417386,4.38762144429025,6.77208538717309,TRUE
"gas_turbine_nox_2015_raw",50,6,"auto-valgate",1,3.89239477114782,4.57772978124139,6.89062891920315,TRUE
"gas_turbine_nox_2015_raw",50,6,"auto-valgate",2,3.63748601189742,4.28083985807361,6.58493095582993,TRUE
"gas_turbine_nox_2015_raw",50,6,"auto-valgate",3,3.69641964754115,4.38205990774234,6.77281611757606,TRUE
"gas_turbine_nox_2015_raw",50,6,"auto-valgate",4,3.70249159767333,4.39132156061619,6.71000907608883,TRUE
"gas_turbine_nox_2015_raw",50,7,"auto",0,3.08959110446522,3.22030287099272,4.34616520488112,TRUE
"gas_turbine_nox_2015_raw",50,7,"auto",1,2.96998938439265,3.24830451418202,4.6807583859364,TRUE
"gas_turbine_nox_2015_raw",50,7,"auto",2,2.97040016793256,3.23992971027159,4.66015277472128,TRUE
"gas_turbine_nox_2015_raw",50,7,"auto",3,2.99837987182995,3.13939159884191,4.20191536690202,TRUE
"gas_turbine_nox_2015_raw",50,7,"auto",4,3.12888259849237,3.25390739640747,4.30678191548469,TRUE
"gas_turbine_nox_2015_raw",50,7,"auto-weak",0,2.88546831001632,2.99806573999832,4.11951297606442,TRUE
"gas_turbine_nox_2015_raw",50,7,"auto-weak",1,3.03256713122519,3.31271993855559,4.81070479451405,TRUE
"gas_turbine_nox_2015_raw",50,7,"auto-weak",2,2.94468718095628,3.11582409970289,4.18200920289808,TRUE
"gas_turbine_nox_2015_raw",50,7,"auto-weak",3,3.01927545689439,3.20166299443565,4.33544760994446,TRUE
"gas_turbine_nox_2015_raw",50,7,"auto-weak",4,3.02753679928395,3.29770726451639,4.67474943284165,TRUE
"gas_turbine_nox_2015_raw",50,7,"WPMM2",0,3.118989667669,3.47099354348936,6.21814182388992,TRUE
"gas_turbine_nox_2015_raw",50,7,"WPMM2",1,3.00998552110797,3.27292011407545,4.69541003268653,TRUE
"gas_turbine_nox_2015_raw",50,7,"WPMM2",2,3.07172882676428,3.25959540605374,4.5256474308823,TRUE
"gas_turbine_nox_2015_raw",50,7,"WPMM2",3,3.09552787456313,3.31979199265554,4.50632791392038,TRUE
"gas_turbine_nox_2015_raw",50,7,"WPMM2",4,3.07356033630718,3.33521396988795,4.73760701136465,TRUE
"gas_turbine_nox_2015_raw",50,7,"WPMM3",0,3.05586203787278,3.27674278063348,4.45970724538228,TRUE
"gas_turbine_nox_2015_raw",50,7,"WPMM3",1,3.06144090563909,3.28377896544503,4.47878729333071,TRUE
"gas_turbine_nox_2015_raw",50,7,"WPMM3",2,2.93079412311129,3.22663732913208,4.81596630441005,TRUE
"gas_turbine_nox_2015_raw",50,7,"WPMM3",3,3.00817259618302,3.27906293185881,4.67883560241256,TRUE
"gas_turbine_nox_2015_raw",50,7,"WPMM3",4,2.94231818456312,3.12754094373874,4.31291015939448,TRUE
"gas_turbine_nox_2015_raw",50,7,"LSE",0,3.01275343956893,3.14437929042617,4.24334320588487,TRUE
"gas_turbine_nox_2015_raw",50,7,"LSE",1,3.15497278250438,3.41197710318206,4.9181550765532,TRUE
"gas_turbine_nox_2015_raw",50,7,"LSE",2,3.21994875972929,3.3105253927149,4.42843486568028,TRUE
"gas_turbine_nox_2015_raw",50,7,"LSE",3,3.17792422481741,3.32865336647765,4.43768857245165,TRUE
"gas_turbine_nox_2015_raw",50,7,"LSE",4,3.23423131185457,3.36468336137693,4.42499247338884,TRUE
"gas_turbine_nox_2015_raw",50,7,"ridge-LSE",0,3.121465930397,3.23117664166483,4.21669392348065,TRUE
"gas_turbine_nox_2015_raw",50,7,"ridge-LSE",1,3.14968052612358,3.407478544915,4.79592729527593,TRUE
"gas_turbine_nox_2015_raw",50,7,"ridge-LSE",2,3.11145701123271,3.36874153511271,4.80564640726737,TRUE
"gas_turbine_nox_2015_raw",50,7,"ridge-LSE",3,3.11311732306607,3.20053647637842,4.29637283341498,TRUE
"gas_turbine_nox_2015_raw",50,7,"ridge-LSE",4,3.0264972456423,3.12116008362174,4.2283113736909,TRUE
"gas_turbine_nox_2015_raw",50,7,"Huber",0,3.01837679812472,3.30253242866955,4.81109879660112,TRUE
"gas_turbine_nox_2015_raw",50,7,"Huber",1,2.96334325583386,3.2604845262227,4.82552308411703,TRUE
"gas_turbine_nox_2015_raw",50,7,"Huber",2,3.00732462236167,3.14649473083753,4.20111457850418,TRUE
"gas_turbine_nox_2015_raw",50,7,"Huber",3,2.9926078127773,3.22810778793025,4.48253919493157,TRUE
"gas_turbine_nox_2015_raw",50,7,"Huber",4,3.03540118925156,3.18814475482754,4.30855772754814,TRUE
"gas_turbine_nox_2015_raw",50,7,"L1",0,2.94954876739372,3.17660921969586,4.46083621480205,TRUE
"gas_turbine_nox_2015_raw",50,7,"L1",1,2.98425757365128,3.11129599951015,4.21646934322252,TRUE
"gas_turbine_nox_2015_raw",50,7,"L1",2,3.00369859940613,3.23552350494324,4.48380333060369,TRUE
"gas_turbine_nox_2015_raw",50,7,"L1",3,3.02886161749362,3.28487163782959,4.58330736904819,TRUE
"gas_turbine_nox_2015_raw",50,7,"L1",4,2.97163513686886,3.26904647655238,4.78810634059542,TRUE
"gas_turbine_nox_2015_raw",50,7,"auto-valgate",0,3.00108289992048,3.24908865083619,4.60264967167847,TRUE
"gas_turbine_nox_2015_raw",50,7,"auto-valgate",1,2.99938922958885,3.29017381427063,4.93723641632076,TRUE
"gas_turbine_nox_2015_raw",50,7,"auto-valgate",2,3.05512641988135,3.34616286448639,4.71788476973172,TRUE
"gas_turbine_nox_2015_raw",50,7,"auto-valgate",3,2.99535088486461,3.30867002710315,4.88162096344417,TRUE
"gas_turbine_nox_2015_raw",50,7,"auto-valgate",4,3.03259510848297,3.19510346895858,4.28183177908755,TRUE
"gas_turbine_nox_2015_raw",50,8,"auto",0,3.23092820469134,3.39212762308436,4.46310930154174,TRUE
"gas_turbine_nox_2015_raw",50,8,"auto",1,3.00986415221204,3.09790730922518,4.02851878130155,TRUE
"gas_turbine_nox_2015_raw",50,8,"auto",2,3.41593655469706,3.44816615369305,4.39747653388941,TRUE
"gas_turbine_nox_2015_raw",50,8,"auto",3,3.26750251324083,3.28216791074383,4.16990002394442,TRUE
"gas_turbine_nox_2015_raw",50,8,"auto",4,3.46583440582599,3.53560459752626,4.51614052537553,TRUE
"gas_turbine_nox_2015_raw",50,8,"auto-weak",0,2.88640667103234,3.16520999846882,4.51680339502658,TRUE
"gas_turbine_nox_2015_raw",50,8,"auto-weak",1,2.90878981060791,3.01998586053418,3.93465552166056,TRUE
"gas_turbine_nox_2015_raw",50,8,"auto-weak",2,2.85780431047734,2.97199870993019,3.88460950887989,TRUE
"gas_turbine_nox_2015_raw",50,8,"auto-weak",3,2.97408164979419,3.25241926313317,4.52673211448146,TRUE
"gas_turbine_nox_2015_raw",50,8,"auto-weak",4,3.06995573781218,3.18063022527778,4.04902049007526,TRUE
"gas_turbine_nox_2015_raw",50,8,"WPMM2",0,3.15779622484977,3.38865576826278,4.5360916632649,TRUE
"gas_turbine_nox_2015_raw",50,8,"WPMM2",1,3.21389240680892,3.48814400370438,4.7231330270636,TRUE
"gas_turbine_nox_2015_raw",50,8,"WPMM2",2,2.87923390259228,3.09908628567728,4.11542289531049,TRUE
"gas_turbine_nox_2015_raw",50,8,"WPMM2",3,2.93525419675898,3.16992069954713,4.31254537456308,TRUE
"gas_turbine_nox_2015_raw",50,8,"WPMM2",4,2.94506255240691,3.18512280989636,4.29081638076015,TRUE
"gas_turbine_nox_2015_raw",50,8,"WPMM3",0,2.95354524145645,3.14316965961062,4.19267682308959,TRUE
"gas_turbine_nox_2015_raw",50,8,"WPMM3",1,2.9135371021698,3.10453707210519,4.12902599097259,TRUE
"gas_turbine_nox_2015_raw",50,8,"WPMM3",2,2.9147154007049,3.08781973079857,4.12412898605017,TRUE
"gas_turbine_nox_2015_raw",50,8,"WPMM3",3,2.85442661579475,3.05249945900682,4.06970828173227,TRUE
"gas_turbine_nox_2015_raw",50,8,"WPMM3",4,2.80464874709872,2.95997139554276,3.87715303434955,TRUE
"gas_turbine_nox_2015_raw",50,8,"LSE",0,3.48766959929915,3.55928150346706,4.4679119756778,TRUE
"gas_turbine_nox_2015_raw",50,8,"LSE",1,3.30805063103889,3.40748857727154,4.31150494553372,TRUE
"gas_turbine_nox_2015_raw",50,8,"LSE",2,3.37474261250202,3.42275464387401,4.30550728796845,TRUE
"gas_turbine_nox_2015_raw",50,8,"LSE",3,3.71165840171227,3.78391321078646,4.76261814917018,TRUE
"gas_turbine_nox_2015_raw",50,8,"LSE",4,3.46266542018692,3.55920581552346,4.52346503338929,TRUE
"gas_turbine_nox_2015_raw",50,8,"ridge-LSE",0,3.48604752154663,3.55143450827335,4.46586533737189,TRUE
"gas_turbine_nox_2015_raw",50,8,"ridge-LSE",1,3.36247013439569,3.43031793589418,4.27189361633333,TRUE
"gas_turbine_nox_2015_raw",50,8,"ridge-LSE",2,3.32977288396975,3.41515838876146,4.30631381080226,TRUE
"gas_turbine_nox_2015_raw",50,8,"ridge-LSE",3,3.34283918033282,3.3868967125184,4.21904106228568,TRUE
"gas_turbine_nox_2015_raw",50,8,"ridge-LSE",4,3.39721537638671,3.48695041601003,4.39827610333472,TRUE
"gas_turbine_nox_2015_raw",50,8,"Huber",0,2.9395654548903,3.07319890815765,3.96706772231732,TRUE
"gas_turbine_nox_2015_raw",50,8,"Huber",1,2.91786214827267,3.03226280152735,3.94599051431816,TRUE
"gas_turbine_nox_2015_raw",50,8,"Huber",2,3.01442001565705,3.17251014399949,4.28021823304918,TRUE
"gas_turbine_nox_2015_raw",50,8,"Huber",3,3.01299169108376,3.09484072855084,3.96761852780475,TRUE
"gas_turbine_nox_2015_raw",50,8,"Huber",4,3.11866095749732,3.19987809726168,4.17072344345217,TRUE
"gas_turbine_nox_2015_raw",50,8,"L1",0,3.05129953182693,3.20026078348469,4.1763948743181,TRUE
"gas_turbine_nox_2015_raw",50,8,"L1",1,3.00391468851286,3.14260221346617,4.10556755093022,TRUE
"gas_turbine_nox_2015_raw",50,8,"L1",2,3.0045949681021,3.11342653780645,4.01577094367125,TRUE
"gas_turbine_nox_2015_raw",50,8,"L1",3,2.9979648738814,3.16110411405696,4.15194921839983,TRUE
"gas_turbine_nox_2015_raw",50,8,"L1",4,2.77137947196622,2.97383416969452,4.10401163541677,TRUE
"gas_turbine_nox_2015_raw",50,8,"auto-valgate",0,3.18364621040636,3.29214050653869,4.12644562770966,TRUE
"gas_turbine_nox_2015_raw",50,8,"auto-valgate",1,2.93839724828506,3.0890504159537,4.06756656110204,TRUE
"gas_turbine_nox_2015_raw",50,8,"auto-valgate",2,2.92843354797706,3.07980087997191,4.04240448543051,TRUE
"gas_turbine_nox_2015_raw",50,8,"auto-valgate",3,3.06169213572893,3.09987112494359,3.93723117373215,TRUE
"gas_turbine_nox_2015_raw",50,8,"auto-valgate",4,3.17297361449396,3.32431772964246,4.19753217290776,TRUE
"gas_turbine_nox_2015_raw",50,9,"auto",0,3.92055844314902,3.98958735993865,4.99173959379527,TRUE
"gas_turbine_nox_2015_raw",50,9,"auto",1,4.31157163716499,4.21843041915941,5.27347439503729,TRUE
"gas_turbine_nox_2015_raw",50,9,"auto",2,4.24534046552502,4.14285227640171,5.22413106879235,TRUE
"gas_turbine_nox_2015_raw",50,9,"auto",3,4.56019454410009,4.41018627464634,5.49251355421391,TRUE
"gas_turbine_nox_2015_raw",50,9,"auto",4,3.97151131853337,4.00239703226418,5.01822112542133,TRUE
"gas_turbine_nox_2015_raw",50,9,"auto-weak",0,3.98640860588059,3.96685271085998,5.00538087616206,TRUE
"gas_turbine_nox_2015_raw",50,9,"auto-weak",1,3.76663383424704,3.85921555021274,4.85243040528814,TRUE
"gas_turbine_nox_2015_raw",50,9,"auto-weak",2,3.75924541318717,3.8453492782135,4.93240852741083,TRUE
"gas_turbine_nox_2015_raw",50,9,"auto-weak",3,3.65305207380931,3.71069799805652,4.84844487786091,TRUE
"gas_turbine_nox_2015_raw",50,9,"auto-weak",4,3.98692677419377,4.00825853204717,5.01202120050315,TRUE
"gas_turbine_nox_2015_raw",50,9,"WPMM2",0,3.89806911461042,3.87652703814773,4.99469625423284,TRUE
"gas_turbine_nox_2015_raw",50,9,"WPMM2",1,3.88253990264987,3.95567331407132,4.9856232295091,TRUE
"gas_turbine_nox_2015_raw",50,9,"WPMM2",2,3.64640969812003,3.85795279134007,5.15505741656223,TRUE
"gas_turbine_nox_2015_raw",50,9,"WPMM2",3,3.81706352622636,3.84083522212724,4.88712919334261,TRUE
"gas_turbine_nox_2015_raw",50,9,"WPMM2",4,3.6984936515705,3.75992639322331,4.83746830566653,TRUE
"gas_turbine_nox_2015_raw",50,9,"WPMM3",0,3.5730542334561,3.67142950722767,4.83272542429162,TRUE
"gas_turbine_nox_2015_raw",50,9,"WPMM3",1,3.72123765002004,3.80299513980434,4.82553787165884,TRUE
"gas_turbine_nox_2015_raw",50,9,"WPMM3",2,3.94335262840438,3.92343986494091,5.00693290320992,TRUE
"gas_turbine_nox_2015_raw",50,9,"WPMM3",3,4.05366180978003,4.0838909862656,5.1203564596641,TRUE
"gas_turbine_nox_2015_raw",50,9,"WPMM3",4,3.89089270433072,3.93172480479575,4.92552766362429,TRUE
"gas_turbine_nox_2015_raw",50,9,"LSE",0,5.06753304195927,4.86651235219576,5.9413987175738,TRUE
"gas_turbine_nox_2015_raw",50,9,"LSE",1,4.85333657114885,4.69128792774077,5.74632949421905,TRUE
"gas_turbine_nox_2015_raw",50,9,"LSE",2,4.80219995569784,4.7134134315364,5.72485701819506,TRUE
"gas_turbine_nox_2015_raw",50,9,"LSE",3,4.57607596382138,4.47559636183082,5.51595853150474,TRUE
"gas_turbine_nox_2015_raw",50,9,"LSE",4,4.76233973197993,4.63636989879328,5.66951520037471,TRUE
"gas_turbine_nox_2015_raw",50,9,"ridge-LSE",0,4.2640121206547,4.21687746968468,5.26082413495624,TRUE
"gas_turbine_nox_2015_raw",50,9,"ridge-LSE",1,4.64394903941813,4.52194422467622,5.55256123515795,TRUE
"gas_turbine_nox_2015_raw",50,9,"ridge-LSE",2,4.66212081296065,4.51857544037747,5.57884456063427,TRUE
"gas_turbine_nox_2015_raw",50,9,"ridge-LSE",3,4.54305862669109,4.44049753178889,5.48223535765524,TRUE
"gas_turbine_nox_2015_raw",50,9,"ridge-LSE",4,4.2314114592042,4.18626614472014,5.25758538431946,TRUE
"gas_turbine_nox_2015_raw",50,9,"Huber",0,4.02380073522921,4.00760979481419,5.01592995087884,TRUE
"gas_turbine_nox_2015_raw",50,9,"Huber",1,4.1345713893659,4.1034116769384,5.1232479149765,TRUE
"gas_turbine_nox_2015_raw",50,9,"Huber",2,4.32505236599041,4.24059025366336,5.2817623026146,TRUE
"gas_turbine_nox_2015_raw",50,9,"Huber",3,4.15252721694785,4.09816296736591,5.12950094562013,TRUE
"gas_turbine_nox_2015_raw",50,9,"Huber",4,3.94733022701596,3.92858921910939,4.96047333933296,TRUE
"gas_turbine_nox_2015_raw",50,9,"L1",0,4.31466750863865,4.25649642214901,5.25551632226706,TRUE
"gas_turbine_nox_2015_raw",50,9,"L1",1,4.19074330437189,4.17659552855545,5.16721849361238,TRUE
"gas_turbine_nox_2015_raw",50,9,"L1",2,4.11863790540415,4.0934813658712,5.10510833031191,TRUE
"gas_turbine_nox_2015_raw",50,9,"L1",3,4.09119961097373,4.07004201482958,5.07650797992112,TRUE
"gas_turbine_nox_2015_raw",50,9,"L1",4,3.99565978611299,3.98388642880533,4.98039208656058,TRUE
"gas_turbine_nox_2015_raw",50,9,"auto-valgate",0,3.65078073624393,3.72847586500006,4.83862253281972,TRUE
"gas_turbine_nox_2015_raw",50,9,"auto-valgate",1,4.00641297169639,3.9805080288275,4.96144949429572,TRUE
"gas_turbine_nox_2015_raw",50,9,"auto-valgate",2,4.06333596186931,4.0707179593849,5.03667726685482,TRUE
"gas_turbine_nox_2015_raw",50,9,"auto-valgate",3,4.18767047367486,4.1355881839967,5.10042189752814,TRUE
"gas_turbine_nox_2015_raw",50,9,"auto-valgate",4,3.86625299497639,3.87584474460499,4.88798250981015,TRUE
"gas_turbine_nox_2015_raw",50,10,"auto",0,4.46381611810069,4.67490133474813,5.78299546177663,TRUE
"gas_turbine_nox_2015_raw",50,10,"auto",1,4.51608038106698,4.70892953688711,5.77023197034294,TRUE
"gas_turbine_nox_2015_raw",50,10,"auto",2,4.45557963386164,4.67158241005627,5.7379166007057,TRUE
"gas_turbine_nox_2015_raw",50,10,"auto",3,4.57346758923084,4.77691440022911,5.78797651106863,TRUE
"gas_turbine_nox_2015_raw",50,10,"auto",4,4.57503046080602,4.78086414354835,5.78882956635273,TRUE
"gas_turbine_nox_2015_raw",50,10,"auto-weak",0,4.81144373792693,5.00652826313921,5.98070165444258,TRUE
"gas_turbine_nox_2015_raw",50,10,"auto-weak",1,4.19678664554611,4.60485339600527,5.76564267745836,TRUE
"gas_turbine_nox_2015_raw",50,10,"auto-weak",2,4.54838610000723,4.90844498425279,5.99911553618113,TRUE
"gas_turbine_nox_2015_raw",50,10,"auto-weak",3,4.59714988792108,4.89240647054235,5.96477737943632,TRUE
"gas_turbine_nox_2015_raw",50,10,"auto-weak",4,4.82042652319353,5.04739086369716,6.06194898998289,TRUE
"gas_turbine_nox_2015_raw",50,10,"WPMM2",0,4.26756783191078,4.66000243091785,5.81838806999987,TRUE
"gas_turbine_nox_2015_raw",50,10,"WPMM2",1,4.07937166658003,4.55220644285691,5.80866166441942,TRUE
"gas_turbine_nox_2015_raw",50,10,"WPMM2",2,4.16409245617301,4.5879031777291,5.75191435880796,TRUE
"gas_turbine_nox_2015_raw",50,10,"WPMM2",3,4.2224083423518,4.65212603246238,5.8332913951806,TRUE
"gas_turbine_nox_2015_raw",50,10,"WPMM2",4,4.35958399538512,4.83305711047452,6.12426987568652,TRUE
"gas_turbine_nox_2015_raw",50,10,"WPMM3",0,4.49079405477097,4.61805022736226,5.41180915036715,TRUE
"gas_turbine_nox_2015_raw",50,10,"WPMM3",1,4.62949834259472,4.92860419907163,5.9930827760124,TRUE
"gas_turbine_nox_2015_raw",50,10,"WPMM3",2,4.43715703256822,4.78880513756172,5.88302223133282,TRUE
"gas_turbine_nox_2015_raw",50,10,"WPMM3",3,4.48090394522607,4.8614148864787,6.07225696474239,TRUE
"gas_turbine_nox_2015_raw",50,10,"WPMM3",4,4.07603495150036,4.32056693966597,5.20112345450718,TRUE
"gas_turbine_nox_2015_raw",50,10,"LSE",0,4.57661737961667,4.71371799641203,5.71260604536537,TRUE
"gas_turbine_nox_2015_raw",50,10,"LSE",1,4.53956686879056,4.67903292032131,5.67010842764117,TRUE
"gas_turbine_nox_2015_raw",50,10,"LSE",2,4.56779946213219,4.71976597526216,5.71625373862158,TRUE
"gas_turbine_nox_2015_raw",50,10,"LSE",3,4.7041385109676,4.85498284902514,5.84640781084516,TRUE
"gas_turbine_nox_2015_raw",50,10,"LSE",4,4.58175336422515,4.80013745477708,5.79733253760118,TRUE
"gas_turbine_nox_2015_raw",50,10,"ridge-LSE",0,4.64608504945614,4.78135110672184,5.80500250716017,TRUE
"gas_turbine_nox_2015_raw",50,10,"ridge-LSE",1,4.56368185812499,4.7509505194681,5.80626584003885,TRUE
"gas_turbine_nox_2015_raw",50,10,"ridge-LSE",2,4.51887377217732,4.68221534056579,5.69829302596215,TRUE
"gas_turbine_nox_2015_raw",50,10,"ridge-LSE",3,4.57468869251257,4.72742595383165,5.76229300750664,TRUE
"gas_turbine_nox_2015_raw",50,10,"ridge-LSE",4,4.46873658313807,4.64008749134659,5.69841952946768,TRUE
"gas_turbine_nox_2015_raw",50,10,"Huber",0,4.59783123441751,4.86364587606326,5.8903670513537,TRUE
"gas_turbine_nox_2015_raw",50,10,"Huber",1,4.5116875459164,4.81512068285867,5.87642738439613,TRUE
"gas_turbine_nox_2015_raw",50,10,"Huber",2,4.5238204529216,4.79855472219008,5.83895002149145,TRUE
"gas_turbine_nox_2015_raw",50,10,"Huber",3,4.55680634465113,4.81930238047912,5.86472091452508,TRUE
"gas_turbine_nox_2015_raw",50,10,"Huber",4,4.247296815765,4.56097319141575,5.63931637859484,TRUE
"gas_turbine_nox_2015_raw",50,10,"L1",0,4.24364450823917,4.70221417509525,5.96820530322005,TRUE
"gas_turbine_nox_2015_raw",50,10,"L1",1,4.36027920406565,4.78514766712911,5.97074292833373,TRUE
"gas_turbine_nox_2015_raw",50,10,"L1",2,4.60172660572431,4.88507729202585,5.92421330892138,TRUE
"gas_turbine_nox_2015_raw",50,10,"L1",3,4.65161948896703,4.92035381429621,5.94305413087687,TRUE
"gas_turbine_nox_2015_raw",50,10,"L1",4,4.60000961957145,4.85536042832499,5.88487809681072,TRUE
"gas_turbine_nox_2015_raw",50,10,"auto-valgate",0,4.70173366296634,4.96299837194103,5.94863566765866,TRUE
"gas_turbine_nox_2015_raw",50,10,"auto-valgate",1,4.46375064201085,4.75982125207528,5.8013099638236,TRUE
"gas_turbine_nox_2015_raw",50,10,"auto-valgate",2,4.310312284851,4.65786879578548,5.73795609340857,TRUE
"gas_turbine_nox_2015_raw",50,10,"auto-valgate",3,4.92300744524488,5.16417093567961,6.19656654856873,TRUE
"gas_turbine_nox_2015_raw",50,10,"auto-valgate",4,4.41160796564034,4.7075588006892,5.75537276367267,TRUE
"sru_y2_static",20,1,"auto",0,0.0311887017919743,0.0318706284278992,0.0429147220063156,TRUE
"sru_y2_static",20,1,"auto",1,0.0540484311095275,0.0992428700366996,0.305686214697191,TRUE
"sru_y2_static",20,1,"auto",2,0.054645628511872,0.338949670301905,1.75642052656988,TRUE
"sru_y2_static",20,1,"auto",3,0.0436508847361458,0.043007167081004,0.0500735308927625,TRUE
"sru_y2_static",20,1,"auto",4,0.0336345404186029,0.0886381706124292,0.379024407418051,TRUE
"sru_y2_static",20,1,"auto-weak",0,0.028461408470354,0.0279383506339415,0.0344947225405419,TRUE
"sru_y2_static",20,1,"auto-weak",1,0.032162636860942,0.0391341248225098,0.064515465745951,TRUE
"sru_y2_static",20,1,"auto-weak",2,0.0343728546670101,0.0350945649242684,0.0414701223919793,TRUE
"sru_y2_static",20,1,"auto-weak",3,0.0306648606022333,0.240922330971228,1.28005123062643,TRUE
"sru_y2_static",20,1,"auto-weak",4,0.030792918812524,0.039407444959795,0.0759853052089796,TRUE
"sru_y2_static",20,1,"WPMM2",0,0.0315298227836923,0.031816520324364,0.0372854832538956,TRUE
"sru_y2_static",20,1,"WPMM2",1,0.0300753641857376,0.458215024882356,2.60120310156487,TRUE
"sru_y2_static",20,1,"WPMM2",2,0.0289378752571566,0.0288550275793611,0.0356509463777522,TRUE
"sru_y2_static",20,1,"WPMM2",3,0.0298767809612578,0.117831003505777,0.549122660454975,TRUE
"sru_y2_static",20,1,"WPMM2",4,0.0315942208910949,0.114101037149116,0.515075706352623,TRUE
"sru_y2_static",20,1,"WPMM3",0,0.0307965597039555,0.229805021303832,1.21826510193114,TRUE
"sru_y2_static",20,1,"WPMM3",1,0.0317845815159259,1.12183142810517,6.59951922420862,TRUE
"sru_y2_static",20,1,"WPMM3",2,0.0314050515144319,0.0779078639876875,0.300834115379665,TRUE
"sru_y2_static",20,1,"WPMM3",3,0.0302606965916842,0.384787618790861,2.16209253904258,TRUE
"sru_y2_static",20,1,"WPMM3",4,0.0332555190267842,0.0418111612565601,0.0731919299915292,TRUE
"sru_y2_static",20,1,"LSE",0,0.0361469296149947,0.0348387885879812,0.0417418701821868,TRUE
"sru_y2_static",20,1,"LSE",1,0.0515778092550828,0.0508940170873717,0.0603545632088532,TRUE
"sru_y2_static",20,1,"LSE",2,0.0275468088982751,0.0320580952793633,0.054366400413851,TRUE
"sru_y2_static",20,1,"LSE",3,0.0509971957284544,0.0709260477160195,0.154690789191385,TRUE
"sru_y2_static",20,1,"LSE",4,0.032622815928988,0.0311198931397847,0.0383238756602728,TRUE
"sru_y2_static",20,1,"ridge-LSE",0,0.0553650869149147,0.0552253213990617,0.0640388575042054,TRUE
"sru_y2_static",20,1,"ridge-LSE",1,0.0462487847357671,0.0574174914850882,0.10330252203756,TRUE
"sru_y2_static",20,1,"ridge-LSE",2,0.036115972398806,0.143316013850022,0.670911393782292,TRUE
"sru_y2_static",20,1,"ridge-LSE",3,0.0440523921830023,0.0436060156576778,0.051689031315171,TRUE
"sru_y2_static",20,1,"ridge-LSE",4,0.0452219791688064,0.0448663766714111,0.0524349613964901,TRUE
"sru_y2_static",20,1,"Huber",0,0.0318177394521773,0.0526838949495144,0.149149736703734,TRUE
"sru_y2_static",20,1,"Huber",1,0.0312577975425232,0.0351485880886836,0.057863072368502,TRUE
"sru_y2_static",20,1,"Huber",2,0.0298042437661185,0.0586437292100635,0.196812942844119,TRUE
"sru_y2_static",20,1,"Huber",3,0.0347251762641634,0.404463199978858,2.24266438525877,TRUE
"sru_y2_static",20,1,"Huber",4,0.030021805226174,0.438003222068411,2.47390905476533,TRUE
"sru_y2_static",20,1,"L1",0,0.0309868046620341,0.0323486246248458,0.0420123702395337,TRUE
"sru_y2_static",20,1,"L1",1,0.0340453604875666,0.0399685512007911,0.0702389217821994,TRUE
"sru_y2_static",20,1,"L1",2,0.0315559673301036,0.0323440358054818,0.0432198999551565,TRUE
"sru_y2_static",20,1,"L1",3,0.0314876019849605,0.0335749729796502,0.046194172345679,TRUE
"sru_y2_static",20,1,"L1",4,0.0313769450543105,0.0659322793872477,0.242947322369978,TRUE
"sru_y2_static",20,1,"auto-valgate",0,0.0314842104610145,0.0774076972817855,0.291549992190046,TRUE
"sru_y2_static",20,1,"auto-valgate",1,0.03119358533775,0.0356619392312357,0.055732335553312,TRUE
"sru_y2_static",20,1,"auto-valgate",2,0.0333143767766229,3.02565421655259,18.0574805575678,TRUE
"sru_y2_static",20,1,"auto-valgate",3,0.0307042308419439,0.183353196171906,0.931603648554571,TRUE
"sru_y2_static",20,1,"auto-valgate",4,0.02986326548264,0.0297458659438071,0.0375682058106998,TRUE
"sru_y2_static",20,2,"auto",0,0.0483639625470002,0.0581084008240426,0.0887134330691248,TRUE
"sru_y2_static",20,2,"auto",1,0.052005207214797,0.0614555410122709,0.0860510871890866,TRUE
"sru_y2_static",20,2,"auto",2,0.0487874671999388,0.057039375639054,0.0828763245187927,TRUE
"sru_y2_static",20,2,"auto",3,0.0507508077549672,0.0591134844540143,0.0855355513195054,TRUE
"sru_y2_static",20,2,"auto",4,0.0485933365619079,0.0540283978071998,0.085227262986993,TRUE
"sru_y2_static",20,2,"auto-weak",0,0.0514959781438538,0.0610090541407707,0.0950380176958644,TRUE
"sru_y2_static",20,2,"auto-weak",1,0.0503619001648945,0.0577100689747338,0.0883519165944601,TRUE
"sru_y2_static",20,2,"auto-weak",2,0.046550136058865,0.050388913994699,0.0771763795535151,TRUE
"sru_y2_static",20,2,"auto-weak",3,0.0496487182391988,0.0579034988057676,0.0854074806901229,TRUE
"sru_y2_static",20,2,"auto-weak",4,0.0498988786556863,0.0547048912297446,0.083641477135838,TRUE
"sru_y2_static",20,2,"WPMM2",0,0.0479065028969914,0.0494677072009378,0.0778404929018539,TRUE
"sru_y2_static",20,2,"WPMM2",1,0.0525418218573497,0.0622905686371151,0.088205628628302,TRUE
"sru_y2_static",20,2,"WPMM2",2,0.0494007220463856,0.0533044114427105,0.0791084371940296,TRUE
"sru_y2_static",20,2,"WPMM2",3,0.0504378170448964,0.059108552745136,0.085980579759149,TRUE
"sru_y2_static",20,2,"WPMM2",4,0.0492034946130519,0.0540033121055794,0.0818332090053863,TRUE
"sru_y2_static",20,2,"WPMM3",0,0.0501459396674184,0.0587324348425369,0.0896204936426045,TRUE
"sru_y2_static",20,2,"WPMM3",1,0.0480669267941049,0.0556595925508225,0.082945163947422,TRUE
"sru_y2_static",20,2,"WPMM3",2,0.0487556334459853,0.0554873559583599,0.0810271618067292,TRUE
"sru_y2_static",20,2,"WPMM3",3,0.0488353759033111,0.0550082089078736,0.0824149214415544,TRUE
"sru_y2_static",20,2,"WPMM3",4,0.0475809040454854,0.0512810625362719,0.0785542517278137,TRUE
"sru_y2_static",20,2,"LSE",0,0.0648368596283638,0.0701047980113143,0.0966347383035645,TRUE
"sru_y2_static",20,2,"LSE",1,0.0449821914271538,0.0479853772295968,0.073451619270894,TRUE
"sru_y2_static",20,2,"LSE",2,0.0449681300193717,0.053469957031827,0.0892291133127321,TRUE
"sru_y2_static",20,2,"LSE",3,0.05805216676401,0.0673196237790328,0.11134732386923,TRUE
"sru_y2_static",20,2,"LSE",4,0.0557418271718914,0.0664262451347839,0.0990746376241304,TRUE
"sru_y2_static",20,2,"ridge-LSE",0,0.138167188269505,0.163597489392917,0.302933340340846,TRUE
"sru_y2_static",20,2,"ridge-LSE",1,0.0696273468971657,0.0785990521560518,0.104343643713846,TRUE
"sru_y2_static",20,2,"ridge-LSE",2,0.042910133176467,0.0523525125365351,0.0892621428333953,TRUE
"sru_y2_static",20,2,"ridge-LSE",3,0.053805447528036,0.0641278080300318,0.0930239393882807,TRUE
"sru_y2_static",20,2,"ridge-LSE",4,0.0616761580450826,0.0689179835903725,0.0952235896655935,TRUE
"sru_y2_static",20,2,"Huber",0,0.0464513628980938,0.0524140166415295,0.0822757831134048,TRUE
"sru_y2_static",20,2,"Huber",1,0.0466181943262653,0.0522603697501083,0.0827326199461367,TRUE
"sru_y2_static",20,2,"Huber",2,0.0484509486069705,0.0536823347599596,0.0844203067611557,TRUE
"sru_y2_static",20,2,"Huber",3,0.0481766075989383,0.0539821670855058,0.0835619827365355,TRUE
"sru_y2_static",20,2,"Huber",4,0.0496328715147082,0.0555730082208362,0.0853916590365521,TRUE
"sru_y2_static",20,2,"L1",0,0.0492117441967121,0.0569935661391773,0.0839611762638729,TRUE
"sru_y2_static",20,2,"L1",1,0.0500491229229353,0.0578000427318716,0.084152846797193,TRUE
"sru_y2_static",20,2,"L1",2,0.0494627621085414,0.0542341726719099,0.0845374503766225,TRUE
"sru_y2_static",20,2,"L1",3,0.0490217563836494,0.0567214394276089,0.0834057874905305,TRUE
"sru_y2_static",20,2,"L1",4,0.0482097860892607,0.0535466019720666,0.0835283124913172,TRUE
"sru_y2_static",20,2,"auto-valgate",0,0.0482475733690222,0.0524037600125683,0.0832248063410814,TRUE
"sru_y2_static",20,2,"auto-valgate",1,0.0497104309681763,0.0589914548018355,0.0870074351968072,TRUE
"sru_y2_static",20,2,"auto-valgate",2,0.0488569496857628,0.0525996033265076,0.0835411234380881,TRUE
"sru_y2_static",20,2,"auto-valgate",3,0.048909653027591,0.0544397869213118,0.0841816381946794,TRUE
"sru_y2_static",20,2,"auto-valgate",4,0.0488113425095961,0.0538892937606429,0.0849152438700977,TRUE
"sru_y2_static",20,3,"auto",0,0.0228627722606527,0.0244519152394569,0.0336807816252909,TRUE
"sru_y2_static",20,3,"auto",1,0.0250022204679852,0.0263230436295074,0.0354464420638936,TRUE
"sru_y2_static",20,3,"auto",2,0.0226798208550168,0.0239707378368298,0.0335977641767876,TRUE
"sru_y2_static",20,3,"auto",3,0.0230791314497211,0.0250561258708204,0.0346927794834132,TRUE
"sru_y2_static",20,3,"auto",4,0.0236878022765395,0.0251272518363001,0.0348075220392076,TRUE
"sru_y2_static",20,3,"auto-weak",0,0.02463695908612,0.0264512581821259,0.0363716195623156,TRUE
"sru_y2_static",20,3,"auto-weak",1,0.024310021816175,0.0260963277114746,0.0357891012498007,TRUE
"sru_y2_static",20,3,"auto-weak",2,0.0246006519540989,0.0262106714226374,0.0364686991315511,TRUE
"sru_y2_static",20,3,"auto-weak",3,0.024518090099026,0.0263916741808791,0.0361296766521874,TRUE
"sru_y2_static",20,3,"auto-weak",4,0.0244954481853353,0.0262477342484032,0.0362824998666809,TRUE
"sru_y2_static",20,3,"WPMM2",0,0.0246224674428909,0.0264319607265813,0.0362687844124808,TRUE
"sru_y2_static",20,3,"WPMM2",1,0.0248686039522226,0.0266320092498359,0.0362906999768531,TRUE
"sru_y2_static",20,3,"WPMM2",2,0.0248458169267203,0.0265497052061207,0.0361984604266362,TRUE
"sru_y2_static",20,3,"WPMM2",3,0.026239483697109,0.0276399704442988,0.0375298702210838,TRUE
"sru_y2_static",20,3,"WPMM2",4,0.0258326533175091,0.0271423162441584,0.0370136458986148,TRUE
"sru_y2_static",20,3,"WPMM3",0,0.0243913771705365,0.0260889118165157,0.035994000167959,TRUE
"sru_y2_static",20,3,"WPMM3",1,0.0245278053853888,0.0261000067427896,0.0362253303589666,TRUE
"sru_y2_static",20,3,"WPMM3",2,0.0243623714579682,0.0261126631160449,0.0359049014385626,TRUE
"sru_y2_static",20,3,"WPMM3",3,0.0242566557332648,0.0261206770563661,0.0358116226086393,TRUE
"sru_y2_static",20,3,"WPMM3",4,0.0239216357266032,0.0257144065746287,0.035535651567134,TRUE
"sru_y2_static",20,3,"LSE",0,0.0333634595856051,0.0328040873986316,0.0417039606601193,TRUE
"sru_y2_static",20,3,"LSE",1,0.0535551217667145,0.0493125124240819,0.0661600679425904,TRUE
"sru_y2_static",20,3,"LSE",2,0.0247229584895288,0.0257777997488593,0.0341966261847003,TRUE
"sru_y2_static",20,3,"LSE",3,0.0364727976794975,0.0378577597963847,0.0496956517664955,TRUE
"sru_y2_static",20,3,"LSE",4,0.0486176185094167,0.0470146227295673,0.0605536566608499,TRUE
"sru_y2_static",20,3,"ridge-LSE",0,0.0632113877824221,0.0563377985283047,0.0766881960963135,TRUE
"sru_y2_static",20,3,"ridge-LSE",1,0.0341387558349868,0.0342607773925314,0.0434895670488719,TRUE
"sru_y2_static",20,3,"ridge-LSE",2,0.0315672160438765,0.0320500648475718,0.0399479241157619,TRUE
"sru_y2_static",20,3,"ridge-LSE",3,0.102903421507128,0.0854407691311445,0.125677905794026,TRUE
"sru_y2_static",20,3,"ridge-LSE",4,0.0586726822635591,0.0532590629506195,0.0716650791960012,TRUE
"sru_y2_static",20,3,"Huber",0,0.0255623556160164,0.0269602537776523,0.0359963587171051,TRUE
"sru_y2_static",20,3,"Huber",1,0.0246827426553001,0.0263951420844224,0.0360726192651798,TRUE
"sru_y2_static",20,3,"Huber",2,0.0237303305153188,0.0254921911689114,0.0350341431861814,TRUE
"sru_y2_static",20,3,"Huber",3,0.0257587322696927,0.0271733196560963,0.0358031708982065,TRUE
"sru_y2_static",20,3,"Huber",4,0.0240461674352057,0.0257403176611224,0.0358332740597652,TRUE
"sru_y2_static",20,3,"L1",0,0.0254780763693539,0.0273735419976961,0.0371816793216955,TRUE
"sru_y2_static",20,3,"L1",1,0.0254357626062465,0.0266584868726263,0.036614766111912,TRUE
"sru_y2_static",20,3,"L1",2,0.0249866025207891,0.026819473788052,0.0367873534308667,TRUE
"sru_y2_static",20,3,"L1",3,0.0250493548515578,0.0264691771179427,0.035943210574485,TRUE
"sru_y2_static",20,3,"L1",4,0.031470750680887,0.0319920931189865,0.0407668289072785,TRUE
"sru_y2_static",20,3,"auto-valgate",0,0.0259226622047697,0.0277825010507584,0.0362911322229599,TRUE
"sru_y2_static",20,3,"auto-valgate",1,0.0245779296266316,0.0263574145685422,0.0363422451756176,TRUE
"sru_y2_static",20,3,"auto-valgate",2,0.0242731807125968,0.0260058715956659,0.03591830416949,TRUE
"sru_y2_static",20,3,"auto-valgate",3,0.0291982768657221,0.0297848082682988,0.0386076149719278,TRUE
"sru_y2_static",20,3,"auto-valgate",4,0.0247391577454495,0.0265588753211574,0.0365468344729172,TRUE
"sru_y2_static",20,4,"auto",0,0.0290824494003582,0.0297051665997933,0.0336878336009081,TRUE
"sru_y2_static",20,4,"auto",1,0.0281425509436733,0.0287974395899407,0.0327691873797466,TRUE
"sru_y2_static",20,4,"auto",2,0.028567117749138,0.029213871569298,0.0332022621154003,TRUE
"sru_y2_static",20,4,"auto",3,0.0231183456906674,0.0241360755532642,0.0286537655886197,TRUE
"sru_y2_static",20,4,"auto",4,0.026092590738036,0.0272533137630307,0.0318977074814264,TRUE
"sru_y2_static",20,4,"auto-weak",0,0.0194161338564793,0.020921971757036,0.0269557255939756,TRUE
"sru_y2_static",20,4,"auto-weak",1,0.0216056128807709,0.0226913610467075,0.0276427114949676,TRUE
"sru_y2_static",20,4,"auto-weak",2,0.0171105782961567,0.0188329318298401,0.0251853826197855,TRUE
"sru_y2_static",20,4,"auto-weak",3,0.0183455522685363,0.0198982110940971,0.0257830915595297,TRUE
"sru_y2_static",20,4,"auto-weak",4,0.0253399708567324,0.0261466477466857,0.0304437406912454,TRUE
"sru_y2_static",20,4,"WPMM2",0,0.0198219706969873,0.0211518715583664,0.0263310286794924,TRUE
"sru_y2_static",20,4,"WPMM2",1,0.0187028320646798,0.0202053428197594,0.0258970706862313,TRUE
"sru_y2_static",20,4,"WPMM2",2,0.0200414690578359,0.0213317856787143,0.0265141410822527,TRUE
"sru_y2_static",20,4,"WPMM2",3,0.0178987339583156,0.0194488335522428,0.0253855966638705,TRUE
"sru_y2_static",20,4,"WPMM2",4,0.0180949978533992,0.0195122387499011,0.025336515688804,TRUE
"sru_y2_static",20,4,"WPMM3",0,0.0221278607090187,0.0231842006849696,0.0278142455313011,TRUE
"sru_y2_static",20,4,"WPMM3",1,0.0177574542497121,0.0193296504238152,0.0253945721408728,TRUE
"sru_y2_static",20,4,"WPMM3",2,0.0204154531317711,0.0216500029480889,0.026763966182921,TRUE
"sru_y2_static",20,4,"WPMM3",3,0.0219882160139237,0.023095447037099,0.0277784444574649,TRUE
"sru_y2_static",20,4,"WPMM3",4,0.0211331431649021,0.02231704372344,0.0272541597335415,TRUE
"sru_y2_static",20,4,"LSE",0,0.0214543539667666,0.0227787526795353,0.028781177072988,TRUE
"sru_y2_static",20,4,"LSE",1,0.0190689714422494,0.0203959294967391,0.0257451266909261,TRUE
"sru_y2_static",20,4,"LSE",2,0.0262507144391408,0.0272221743296496,0.0316825446441512,TRUE
"sru_y2_static",20,4,"LSE",3,0.0197518656191868,0.0211041318549622,0.0272953738963145,TRUE
"sru_y2_static",20,4,"LSE",4,0.0237339822752557,0.0250658131224047,0.0298015308818329,TRUE
"sru_y2_static",20,4,"ridge-LSE",0,0.0268957142771958,0.0277921926383434,0.0325495190730533,TRUE
"sru_y2_static",20,4,"ridge-LSE",1,0.0211679925614555,0.0223859935157256,0.0284331377370133,TRUE
"sru_y2_static",20,4,"ridge-LSE",2,0.0295089001656351,0.0304938195983713,0.0348175109139763,TRUE
"sru_y2_static",20,4,"ridge-LSE",3,0.022479425708072,0.0234790936010122,0.0288251499878371,TRUE
"sru_y2_static",20,4,"ridge-LSE",4,0.0269855016086107,0.0279264884716129,0.032869569228255,TRUE
"sru_y2_static",20,4,"Huber",0,0.0213316840922029,0.0224231910511573,0.0273395259591451,TRUE
"sru_y2_static",20,4,"Huber",1,0.0194863068615945,0.0208589290860606,0.0265929023055137,TRUE
"sru_y2_static",20,4,"Huber",2,0.0233133214490306,0.0245000246131776,0.0293831835743833,TRUE
"sru_y2_static",20,4,"Huber",3,0.0206525235340016,0.0218561076903453,0.0269449327922944,TRUE
"sru_y2_static",20,4,"Huber",4,0.0222583194209326,0.0234625361019046,0.0283847802668245,TRUE
"sru_y2_static",20,4,"L1",0,0.0243479803148842,0.025272083262193,0.0297059494611391,TRUE
"sru_y2_static",20,4,"L1",1,0.0237477815825542,0.0246982719690962,0.0291626587416829,TRUE
"sru_y2_static",20,4,"L1",2,0.0229248132820633,0.023984672625219,0.0285868080838325,TRUE
"sru_y2_static",20,4,"L1",3,0.0217336541179306,0.0228424911778461,0.0275857189456167,TRUE
"sru_y2_static",20,4,"L1",4,0.023907273386842,0.0248404690197914,0.0292333290934115,TRUE
"sru_y2_static",20,4,"auto-valgate",0,0.0222001859202668,0.023258952391191,0.0279579614424754,TRUE
"sru_y2_static",20,4,"auto-valgate",1,0.0200798478780948,0.021322113837202,0.0264986194211408,TRUE
"sru_y2_static",20,4,"auto-valgate",2,0.0210824965367626,0.0222094946725572,0.0271502320760036,TRUE
"sru_y2_static",20,4,"auto-valgate",3,0.0207958485578674,0.0219734019745662,0.0270082048510092,TRUE
"sru_y2_static",20,4,"auto-valgate",4,0.0303264898559788,0.0309112091318437,0.0347413561356808,TRUE
"sru_y2_static",20,5,"auto",0,0.0319249242843437,0.032834115012309,0.046944339886436,TRUE
"sru_y2_static",20,5,"auto",1,0.0280109461094914,0.0317531363625089,0.0514047945882595,TRUE
"sru_y2_static",20,5,"auto",2,0.0274139287687511,0.0322929744610706,0.052384828075601,TRUE
"sru_y2_static",20,5,"auto",3,0.0258120595750766,0.0282687238418567,0.0407669207628225,TRUE
"sru_y2_static",20,5,"auto",4,0.0263352632498501,0.0295388047652521,0.0439479868838473,TRUE
"sru_y2_static",20,5,"auto-weak",0,0.0268709934720352,0.0288065721104698,0.0412669647878689,TRUE
"sru_y2_static",20,5,"auto-weak",1,0.0298972301213752,0.0313548783074642,0.0445870302141673,TRUE
"sru_y2_static",20,5,"auto-weak",2,0.0245899499749171,0.0268201172321776,0.0390141479614896,TRUE
"sru_y2_static",20,5,"auto-weak",3,0.0329966183637575,0.0353514230412512,0.0489166636486739,TRUE
"sru_y2_static",20,5,"auto-weak",4,0.0324087428656024,0.03660430669093,0.0564403959786714,TRUE
"sru_y2_static",20,5,"WPMM2",0,0.030977313411962,0.033273006464059,0.0470516051443161,TRUE
"sru_y2_static",20,5,"WPMM2",1,0.0310975650937441,0.0328878184511449,0.0463112084891905,TRUE
"sru_y2_static",20,5,"WPMM2",2,0.0315495440909788,0.0337538939171123,0.0473794769351892,TRUE
"sru_y2_static",20,5,"WPMM2",3,0.0305006739246526,0.0328933800411718,0.0475441657021609,TRUE
"sru_y2_static",20,5,"WPMM2",4,0.0276768769544518,0.0294299442877283,0.0426361222556518,TRUE
"sru_y2_static",20,5,"WPMM3",0,0.0257505256528705,0.0303046864358326,0.050003137471046,TRUE
"sru_y2_static",20,5,"WPMM3",1,0.0296291071851847,0.0316941122964168,0.0458817042612705,TRUE
"sru_y2_static",20,5,"WPMM3",2,0.0299287930885377,0.0309413605538933,0.0424958704105772,TRUE
"sru_y2_static",20,5,"WPMM3",3,0.0296939255444131,0.0318382979065527,0.0473746598385522,TRUE
"sru_y2_static",20,5,"WPMM3",4,0.0293421862078006,0.0343566189314531,0.0546380648703597,TRUE
"sru_y2_static",20,5,"LSE",0,0.0369665519088635,0.038823343476621,0.0520849069936675,TRUE
"sru_y2_static",20,5,"LSE",1,0.0295836183396582,0.0313171869865801,0.0459316156385042,TRUE
"sru_y2_static",20,5,"LSE",2,0.0311318416794318,0.0342448314208449,0.0536172174267164,TRUE
"sru_y2_static",20,5,"LSE",3,0.045428789050685,0.046520473078718,0.0599010760552271,TRUE
"sru_y2_static",20,5,"LSE",4,0.0349399277046485,0.0371097791839063,0.0546961046604846,TRUE
"sru_y2_static",20,5,"ridge-LSE",0,0.0363409755692824,0.0370291135516655,0.052396559345854,TRUE
"sru_y2_static",20,5,"ridge-LSE",1,0.0342249635865505,0.0387804234926979,0.0603768766965538,TRUE
"sru_y2_static",20,5,"ridge-LSE",2,0.0381086089368025,0.039289349595986,0.0521996736967999,TRUE
"sru_y2_static",20,5,"ridge-LSE",3,0.034311428216141,0.0397705028096685,0.0639707441686291,TRUE
"sru_y2_static",20,5,"ridge-LSE",4,0.0277915174141665,0.0424561996058651,0.0860009649878733,TRUE
"sru_y2_static",20,5,"Huber",0,0.0268046721825426,0.0299283526550228,0.0421426469757698,TRUE
"sru_y2_static",20,5,"Huber",1,0.0279605646279529,0.0304369192646001,0.0450201028157622,TRUE
"sru_y2_static",20,5,"Huber",2,0.0271689436660149,0.0297437319566146,0.0430441179720418,TRUE
"sru_y2_static",20,5,"Huber",3,0.0276271221031056,0.0288409137637925,0.0412738532998072,TRUE
"sru_y2_static",20,5,"Huber",4,0.0267829646545956,0.0281320714599375,0.0395575295379998,TRUE
"sru_y2_static",20,5,"L1",0,0.0268389123778005,0.0298376787955479,0.0437247422067344,TRUE
"sru_y2_static",20,5,"L1",1,0.0256264893021415,0.0274856079826908,0.0393754259815313,TRUE
"sru_y2_static",20,5,"L1",2,0.0262290417604374,0.032912861307046,0.0582382189656537,TRUE
"sru_y2_static",20,5,"L1",3,0.0257924454330378,0.0281813076432798,0.0408525984209938,TRUE
"sru_y2_static",20,5,"L1",4,0.0272670443975345,0.0299376384197843,0.0444142002949527,TRUE
"sru_y2_static",20,5,"auto-valgate",0,0.0280102127503337,0.0305279258949337,0.0424880019420175,TRUE
"sru_y2_static",20,5,"auto-valgate",1,0.0242389702897096,0.0290452157878856,0.0470556654085925,TRUE
"sru_y2_static",20,5,"auto-valgate",2,0.0241817765049023,0.026633474259669,0.0378171299485875,TRUE
"sru_y2_static",20,5,"auto-valgate",3,0.0266634130955018,0.0326410874909708,0.0546522807857123,TRUE
"sru_y2_static",20,5,"auto-valgate",4,0.0253776651654749,0.027576353980167,0.0401305567087126,TRUE
"sru_y2_static",20,6,"auto",0,0.200532984858601,0.179338469983103,0.249016288746514,TRUE
"sru_y2_static",20,6,"auto",1,0.43313674540669,0.367371314175074,0.499520176622747,TRUE
"sru_y2_static",20,6,"auto",2,0.140860871825474,0.219262080459256,0.466459820575008,TRUE
"sru_y2_static",20,6,"auto",3,0.37257341551553,0.355977536012652,0.556344777805462,TRUE
"sru_y2_static",20,6,"auto",4,0.383677860389058,0.473062317001196,1.04665889397855,TRUE
"sru_y2_static",20,6,"auto-weak",0,0.0490603650899463,0.0516442951330253,0.0765314433605108,TRUE
"sru_y2_static",20,6,"auto-weak",1,0.211632263937885,0.210406110426233,0.307708156374058,TRUE
"sru_y2_static",20,6,"auto-weak",2,0.127180379864264,0.197080625325936,0.42656159928713,TRUE
"sru_y2_static",20,6,"auto-weak",3,0.240117742343968,0.219887373349825,0.325532337498525,TRUE
"sru_y2_static",20,6,"auto-weak",4,0.13062756849917,0.137224810357487,0.212909228091859,TRUE
"sru_y2_static",20,6,"WPMM2",0,0.057447709698279,0.0584229950765364,0.0760576256238451,TRUE
"sru_y2_static",20,6,"WPMM2",1,0.0517031589002136,0.0607991489432547,0.0971643372391683,TRUE
"sru_y2_static",20,6,"WPMM2",2,1.56550638221859,1.37363376264248,2.10503527470192,TRUE
"sru_y2_static",20,6,"WPMM2",3,0.0495576466568536,0.0565933049909706,0.0881641173053154,TRUE
"sru_y2_static",20,6,"WPMM2",4,0.273784855236676,0.241870557548455,0.329123385837651,TRUE
"sru_y2_static",20,6,"WPMM3",0,1.42123105473274,1.55586246731908,3.72023401354244,TRUE
"sru_y2_static",20,6,"WPMM3",1,0.178697045428545,0.2292377165685,0.411947462292289,TRUE
"sru_y2_static",20,6,"WPMM3",2,0.0612819241536385,0.0626762138290902,0.0819781629462042,TRUE
"sru_y2_static",20,6,"WPMM3",3,0.188009583350916,0.363486195830892,0.927188638502762,TRUE
"sru_y2_static",20,6,"WPMM3",4,0.9677153307731,1.255169109964,2.66309745748774,TRUE
"sru_y2_static",20,6,"LSE",0,0.136100401861438,0.132318646585487,0.200700215452711,TRUE
"sru_y2_static",20,6,"LSE",1,0.205279207154702,0.189759383171402,0.275275837558234,TRUE
"sru_y2_static",20,6,"LSE",2,0.619037569496457,0.593002586206671,0.922407604556406,TRUE
"sru_y2_static",20,6,"LSE",3,0.213510868536124,0.281490094826333,0.801665593951905,TRUE
"sru_y2_static",20,6,"LSE",4,0.308544092284665,0.28585314046685,0.420650076420829,TRUE
"sru_y2_static",20,6,"ridge-LSE",0,0.0937597220404067,0.0970776265211864,0.143687243153092,TRUE
"sru_y2_static",20,6,"ridge-LSE",1,2.65464755174822,2.32413790816808,3.55833125657468,TRUE
"sru_y2_static",20,6,"ridge-LSE",2,0.282478111207078,0.306401291990112,0.580808477740761,TRUE
"sru_y2_static",20,6,"ridge-LSE",3,0.0795631248728385,0.0821686586952772,0.118681618986536,TRUE
"sru_y2_static",20,6,"ridge-LSE",4,0.130885067424337,0.13058480548646,0.193096853639119,TRUE
"sru_y2_static",20,6,"Huber",0,1.36328397313105,1.14775909856261,1.64735924395478,TRUE
"sru_y2_static",20,6,"Huber",1,0.205384762544406,0.177017817079541,0.241307598522857,TRUE
"sru_y2_static",20,6,"Huber",2,1.15386315082287,1.57529742903989,3.45881882069421,TRUE
"sru_y2_static",20,6,"Huber",3,0.270504540097417,0.262708767528864,0.395623252349252,TRUE
"sru_y2_static",20,6,"Huber",4,0.256065683374306,0.253738521802638,0.400000216562337,TRUE
"sru_y2_static",20,6,"L1",0,0.409770444414502,0.379520228116664,0.552452977891647,TRUE
"sru_y2_static",20,6,"L1",1,0.74142906851179,0.62195295148984,0.862386568668822,TRUE
"sru_y2_static",20,6,"L1",2,0.567229996331796,0.551516074741558,0.94456536139109,TRUE
"sru_y2_static",20,6,"L1",3,1.92572520520492,2.55215198393357,5.6836837249208,TRUE
"sru_y2_static",20,6,"L1",4,2.86598186088804,2.47769722330582,3.79315482462505,TRUE
"sru_y2_static",20,6,"auto-valgate",0,9.89474968886796,8.33059917608688,11.572836603684,TRUE
"sru_y2_static",20,6,"auto-valgate",1,1.06045858925075,0.897844836250308,1.25435876069748,TRUE
"sru_y2_static",20,6,"auto-valgate",2,0.630003650884064,0.543291070503398,0.773409306307835,TRUE
"sru_y2_static",20,6,"auto-valgate",3,0.670193716504155,0.943220169250187,2.16084957396614,TRUE
"sru_y2_static",20,6,"auto-valgate",4,0.172452982733549,0.271436307788439,0.599125293092637,TRUE
"sru_y2_static",20,7,"auto",0,0.034857664984909,0.0427292431212641,0.0770914141885826,TRUE
"sru_y2_static",20,7,"auto",1,0.0346678540816934,0.0407578658389409,0.0757068438615722,TRUE
"sru_y2_static",20,7,"auto",2,0.053087549344837,0.0557660451555585,0.085275987455814,TRUE
"sru_y2_static",20,7,"auto",3,0.0345650169416088,0.0406284429320887,0.0756770843993638,TRUE
"sru_y2_static",20,7,"auto",4,0.0315184346862026,0.038244355242702,0.074423411995502,TRUE
"sru_y2_static",20,7,"auto-weak",0,0.0383050227214941,0.0450785963574292,0.0774757165178981,TRUE
"sru_y2_static",20,7,"auto-weak",1,0.0314249550605025,0.0393101868905129,0.0745541092692667,TRUE
"sru_y2_static",20,7,"auto-weak",2,0.0338723253750553,0.0388523616818346,0.0768269959155066,TRUE
"sru_y2_static",20,7,"auto-weak",3,0.035177450708517,0.0417727472413159,0.0770734066092259,TRUE
"sru_y2_static",20,7,"auto-weak",4,0.0333347530932729,0.0391487752230615,0.0754613714421518,TRUE
"sru_y2_static",20,7,"WPMM2",0,0.0413127536750998,0.0482748118631827,0.0836135905206146,TRUE
"sru_y2_static",20,7,"WPMM2",1,0.0322981065868508,0.0370229089652267,0.074806597429814,TRUE
"sru_y2_static",20,7,"WPMM2",2,0.0340934603270049,0.0393200614686459,0.0768774043432567,TRUE
"sru_y2_static",20,7,"WPMM2",3,0.038018141298553,0.0443903289525238,0.0812890298677024,TRUE
"sru_y2_static",20,7,"WPMM2",4,0.035338899133475,0.0410199920612042,0.0776348327993607,TRUE
"sru_y2_static",20,7,"WPMM3",0,0.0411608179731232,0.0482537110619073,0.0787001035054306,TRUE
"sru_y2_static",20,7,"WPMM3",1,0.0339715738391524,0.0391641578998386,0.0755346301388217,TRUE
"sru_y2_static",20,7,"WPMM3",2,0.0333060409376299,0.0392678578442678,0.0766486622831216,TRUE
"sru_y2_static",20,7,"WPMM3",3,0.0331541396518095,0.0401902707443516,0.0750990610475278,TRUE
"sru_y2_static",20,7,"WPMM3",4,0.032411774399049,0.0385915986017123,0.0751063613593202,TRUE
"sru_y2_static",20,7,"LSE",0,0.0457444593186517,0.0523085216420675,0.0832844844500017,TRUE
"sru_y2_static",20,7,"LSE",1,0.0411954547598238,0.0481317442471745,0.0806643457652314,TRUE
"sru_y2_static",20,7,"LSE",2,0.0569003859327822,0.0599799747744297,0.0882937245904644,TRUE
"sru_y2_static",20,7,"LSE",3,0.0374353372938244,0.043706280418509,0.0782061421099014,TRUE
"sru_y2_static",20,7,"LSE",4,0.0358234226530923,0.04083135480732,0.0776747810553938,TRUE
"sru_y2_static",20,7,"ridge-LSE",0,0.037662736038359,0.0425389179196089,0.078810785749248,TRUE
"sru_y2_static",20,7,"ridge-LSE",1,0.0602995359652671,0.061454536383382,0.0892280540727214,TRUE
"sru_y2_static",20,7,"ridge-LSE",2,0.0492179304066299,0.0550715966763321,0.0830284907108117,TRUE
"sru_y2_static",20,7,"ridge-LSE",3,0.0359327605080776,0.0411056645887707,0.0777448494497112,TRUE
"sru_y2_static",20,7,"ridge-LSE",4,0.0383712067131757,0.0455390588011843,0.0791283595473026,TRUE
"sru_y2_static",20,7,"Huber",0,0.0328146600545412,0.0383597598655307,0.0752410499149881,TRUE
"sru_y2_static",20,7,"Huber",1,0.0418054071596487,0.0489375940476007,0.0798013546842511,TRUE
"sru_y2_static",20,7,"Huber",2,0.0389663437255459,0.0460781899455238,0.0790977789082052,TRUE
"sru_y2_static",20,7,"Huber",3,0.0390232335585889,0.0468158551125942,0.0791777382644261,TRUE
"sru_y2_static",20,7,"Huber",4,0.042610806868404,0.0500847532484446,0.0820328948988603,TRUE
"sru_y2_static",20,7,"L1",0,0.0336211001125873,0.0399422834196506,0.074289503448269,TRUE
"sru_y2_static",20,7,"L1",1,0.0418594354427095,0.0490583076918377,0.078600219929949,TRUE
"sru_y2_static",20,7,"L1",2,0.0412064178464134,0.0481164235138787,0.0783302312359735,TRUE
"sru_y2_static",20,7,"L1",3,0.0376467447944064,0.0445373421462242,0.0766779111412678,TRUE
"sru_y2_static",20,7,"L1",4,0.0369075136105507,0.0441139149817456,0.0766693400623501,TRUE
"sru_y2_static",20,7,"auto-valgate",0,0.0377243888901681,0.0453211734308658,0.077230055965109,TRUE
"sru_y2_static",20,7,"auto-valgate",1,0.0392126722341399,0.0457643332548129,0.0796330275374632,TRUE
"sru_y2_static",20,7,"auto-valgate",2,0.0882790721034926,0.0802926796142986,0.113411460260576,TRUE
"sru_y2_static",20,7,"auto-valgate",3,0.0331937674862178,0.0409700502304744,0.0746364396835797,TRUE
"sru_y2_static",20,7,"auto-valgate",4,0.0345648294426458,0.0415768736377466,0.0761207424191152,TRUE
"sru_y2_static",20,8,"auto",0,0.0328933649506516,0.0330618600107809,0.0436311252832054,TRUE
"sru_y2_static",20,8,"auto",1,0.0391837573342629,0.0398941587641072,0.0488508218733047,TRUE
"sru_y2_static",20,8,"auto",2,0.0324261961273629,0.033093103664253,0.0428668801498089,TRUE
"sru_y2_static",20,8,"auto",3,0.0339126236340492,0.0353115180872786,0.0441225221547062,TRUE
"sru_y2_static",20,8,"auto",4,0.0359698348232412,0.0361773553540923,0.0468142124044222,TRUE
"sru_y2_static",20,8,"auto-weak",0,0.0350227342424751,0.035240246585213,0.0458182595730557,TRUE
"sru_y2_static",20,8,"auto-weak",1,0.0414000433278449,0.0428208718400843,0.0603847521138429,TRUE
"sru_y2_static",20,8,"auto-weak",2,0.0358702221073651,0.0362042226857397,0.0465058873809469,TRUE
"sru_y2_static",20,8,"auto-weak",3,0.0332978204250213,0.0338562504567508,0.0441048452588448,TRUE
"sru_y2_static",20,8,"auto-weak",4,0.0351231795830377,0.0350071268780359,0.0456162112400641,TRUE
"sru_y2_static",20,8,"WPMM2",0,0.0328680685726361,0.0335381730833849,0.0435072523512088,TRUE
"sru_y2_static",20,8,"WPMM2",1,0.03354693495644,0.0333581211369743,0.0447350056460029,TRUE
"sru_y2_static",20,8,"WPMM2",2,0.0363226191267726,0.0363823920757804,0.0477925430703469,TRUE
"sru_y2_static",20,8,"WPMM2",3,0.0321561689382374,0.0323051593097237,0.0430059887849942,TRUE
"sru_y2_static",20,8,"WPMM2",4,0.0324861242052523,0.0328391568812173,0.0431387320915722,TRUE
"sru_y2_static",20,8,"WPMM3",0,0.0321526085459963,0.0323728680623928,0.0432769317378352,TRUE
"sru_y2_static",20,8,"WPMM3",1,0.0322114040583221,0.0323158826871131,0.0449716981687363,TRUE
"sru_y2_static",20,8,"WPMM3",2,0.0346146320935442,0.0348563570929691,0.045029440865812,TRUE
"sru_y2_static",20,8,"WPMM3",3,0.0309921511747575,0.0314614197779782,0.0423881642678639,TRUE
"sru_y2_static",20,8,"WPMM3",4,0.0380735113099724,0.0382114771833885,0.0478269316554979,TRUE
"sru_y2_static",20,8,"LSE",0,0.0350753018781016,0.0352772445404854,0.0453089932662451,TRUE
"sru_y2_static",20,8,"LSE",1,0.0359955721982355,0.0366387023868875,0.0480868947820122,TRUE
"sru_y2_static",20,8,"LSE",2,0.0363732974905463,0.0360057080682741,0.0474545189659395,TRUE
"sru_y2_static",20,8,"LSE",3,0.0303453182703947,0.0310583014834446,0.0422213540744232,TRUE
"sru_y2_static",20,8,"LSE",4,0.0344524506493051,0.0354783924951892,0.0479964645925503,TRUE
"sru_y2_static",20,8,"ridge-LSE",0,0.0334883250179409,0.0342412563255304,0.0459124102436722,TRUE
"sru_y2_static",20,8,"ridge-LSE",1,0.0339435573345863,0.0351969764737426,0.0482729809036388,TRUE
"sru_y2_static",20,8,"ridge-LSE",2,0.0345229685169065,0.0358273617494949,0.0490693364323169,TRUE
"sru_y2_static",20,8,"ridge-LSE",3,0.0367418820661375,0.0357259173763127,0.0478735067860381,TRUE
"sru_y2_static",20,8,"ridge-LSE",4,0.0337894681335483,0.0348926186068443,0.0460868910525692,TRUE
"sru_y2_static",20,8,"Huber",0,0.034160674814381,0.0343199119536885,0.0445700864422005,TRUE
"sru_y2_static",20,8,"Huber",1,0.0316807431071461,0.0322269748232178,0.0424250864144653,TRUE
"sru_y2_static",20,8,"Huber",2,0.0385374688224469,0.0389839585379723,0.0489579232271199,TRUE
"sru_y2_static",20,8,"Huber",3,0.0329681105667362,0.0330879459707167,0.0436766283472849,TRUE
"sru_y2_static",20,8,"Huber",4,0.032794749750934,0.0332919344382937,0.0440205387137084,TRUE
"sru_y2_static",20,8,"L1",0,0.0372320548466173,0.0379205932567356,0.0469564408581628,TRUE
"sru_y2_static",20,8,"L1",1,0.0346520931345945,0.0349868107852512,0.0456453827235457,TRUE
"sru_y2_static",20,8,"L1",2,0.0335160803102338,0.0338106377726704,0.0442896117286597,TRUE
"sru_y2_static",20,8,"L1",3,0.0344738308255411,0.0343567871333462,0.0449712946244056,TRUE
"sru_y2_static",20,8,"L1",4,0.0479574469401805,0.0480892329192596,0.0559298120715225,TRUE
"sru_y2_static",20,8,"auto-valgate",0,0.0534138067024503,0.0534124784036914,0.0618150890676997,TRUE
"sru_y2_static",20,8,"auto-valgate",1,0.0335775963835093,0.0338536986171236,0.0440497494222873,TRUE
"sru_y2_static",20,8,"auto-valgate",2,0.0343220856781017,0.0343644874718542,0.0450686088307425,TRUE
"sru_y2_static",20,8,"auto-valgate",3,0.0367750649897585,0.0371102816410854,0.0481503359239963,TRUE
"sru_y2_static",20,8,"auto-valgate",4,0.0345805123751813,0.0346220285585782,0.044997601125934,TRUE
"sru_y2_static",20,9,"auto",0,0.0320370489464396,0.0322905431425978,0.0468699770821624,TRUE
"sru_y2_static",20,9,"auto",1,0.0278472325389364,0.0297280826592714,0.0444338741231055,TRUE
"sru_y2_static",20,9,"auto",2,0.0280868607881449,0.0295753495789647,0.0437402647680608,TRUE
"sru_y2_static",20,9,"auto",3,0.0275018459409468,0.0291822701837762,0.0438356907766041,TRUE
"sru_y2_static",20,9,"auto",4,0.0272454460285678,0.0299298346053493,0.0430089963623599,TRUE
"sru_y2_static",20,9,"auto-weak",0,0.0314572943660264,0.0335910952505176,0.0480337085006617,TRUE
"sru_y2_static",20,9,"auto-weak",1,0.0314414293310869,0.0320658393435731,0.0465914264169805,TRUE
"sru_y2_static",20,9,"auto-weak",2,0.0301870102491761,0.032422939247053,0.0471007813628339,TRUE
"sru_y2_static",20,9,"auto-weak",3,0.0299993270857814,0.0326600606750604,0.0472530378567142,TRUE
"sru_y2_static",20,9,"auto-weak",4,0.030537804032911,0.0320080963722475,0.0465989753150042,TRUE
"sru_y2_static",20,9,"WPMM2",0,0.0308371092735579,0.0321320323846789,0.0469406129060783,TRUE
"sru_y2_static",20,9,"WPMM2",1,0.032848872156542,0.0362862385365867,0.0507775571065715,TRUE
"sru_y2_static",20,9,"WPMM2",2,0.0314189542429092,0.0340541135536004,0.0485884357376186,TRUE
"sru_y2_static",20,9,"WPMM2",3,0.0304822979302227,0.0321501929581888,0.0467034871928076,TRUE
"sru_y2_static",20,9,"WPMM2",4,0.0302888461535998,0.0321673914043629,0.0464567878095754,TRUE
"sru_y2_static",20,9,"WPMM3",0,0.0303137276814527,0.0311607961962104,0.0456633503577735,TRUE
"sru_y2_static",20,9,"WPMM3",1,0.0304870031498803,0.0314709040655207,0.0459977888909698,TRUE
"sru_y2_static",20,9,"WPMM3",2,0.0304184983862007,0.031853523389679,0.0463373201183044,TRUE
"sru_y2_static",20,9,"WPMM3",3,0.0317106621453307,0.0318416304877698,0.0461850824793281,TRUE
"sru_y2_static",20,9,"WPMM3",4,0.0298558238625625,0.0320901368327089,0.0462076453870114,TRUE
"sru_y2_static",20,9,"LSE",0,0.0299756266595141,0.0330317998324015,0.0466620344823967,TRUE
"sru_y2_static",20,9,"LSE",1,0.0298243411901451,0.0307259669259962,0.0458180167508869,TRUE
"sru_y2_static",20,9,"LSE",2,0.0292483867110287,0.0309296313787126,0.0453213241744954,TRUE
"sru_y2_static",20,9,"LSE",3,0.0316682255442495,0.0346795292166685,0.0487319128565431,TRUE
"sru_y2_static",20,9,"LSE",4,0.029325753561055,0.0320541938765196,0.0462396371379145,TRUE
"sru_y2_static",20,9,"ridge-LSE",0,0.0304380543854457,0.0324199136185522,0.0471860138031875,TRUE
"sru_y2_static",20,9,"ridge-LSE",1,0.0306675685919386,0.0336293977754415,0.0474717478801283,TRUE
"sru_y2_static",20,9,"ridge-LSE",2,0.0323794849853563,0.0357389432903385,0.0490072101985208,TRUE
"sru_y2_static",20,9,"ridge-LSE",3,0.0308460266874378,0.032964508583452,0.0477665557078775,TRUE
"sru_y2_static",20,9,"ridge-LSE",4,0.0291662406108298,0.0311829535444089,0.0456053677685347,TRUE
"sru_y2_static",20,9,"Huber",0,0.0308142884279394,0.0323958470708502,0.0470382472422544,TRUE
"sru_y2_static",20,9,"Huber",1,0.0308434572915434,0.0329269283686595,0.047667236784069,TRUE
"sru_y2_static",20,9,"Huber",2,0.0310087834944384,0.0315849455143891,0.0465156636801614,TRUE
"sru_y2_static",20,9,"Huber",3,0.0329630455091428,0.0340452863887702,0.0487418724470005,TRUE
"sru_y2_static",20,9,"Huber",4,0.0325497197533113,0.0333293107866626,0.0480128592137716,TRUE
"sru_y2_static",20,9,"L1",0,0.0304569428388426,0.0313839410809842,0.0459681835172067,TRUE
"sru_y2_static",20,9,"L1",1,0.0293058451309046,0.0309448620503927,0.045340103490136,TRUE
"sru_y2_static",20,9,"L1",2,0.0311320103065554,0.0324132687684653,0.0472472923493988,TRUE
"sru_y2_static",20,9,"L1",3,0.0304205401121235,0.031118087348648,0.0462420135218121,TRUE
"sru_y2_static",20,9,"L1",4,0.0303582634517198,0.0315213520735273,0.0462154766255717,TRUE
"sru_y2_static",20,9,"auto-valgate",0,0.0305029567646463,0.0327108136734538,0.0468566820223231,TRUE
"sru_y2_static",20,9,"auto-valgate",1,0.0301816618841326,0.0308830930523032,0.045156182804849,TRUE
"sru_y2_static",20,9,"auto-valgate",2,0.0302811611467204,0.0302900641492755,0.0448105516621295,TRUE
"sru_y2_static",20,9,"auto-valgate",3,0.0308413245188781,0.0318509642146797,0.0466588459652264,TRUE
"sru_y2_static",20,9,"auto-valgate",4,0.0311725338275167,0.0313674743734973,0.0457955380024056,TRUE
"sru_y2_static",20,10,"auto",0,0.0343273323478835,0.0455378642265553,0.0821705344401148,TRUE
"sru_y2_static",20,10,"auto",1,0.0359181862199904,0.0473922413381889,0.0806205246095423,TRUE
"sru_y2_static",20,10,"auto",2,0.0355118126320802,0.0468027640567345,0.0814093007926093,TRUE
"sru_y2_static",20,10,"auto",3,0.0345665833973078,0.0456792638607415,0.0817369066073825,TRUE
"sru_y2_static",20,10,"auto",4,0.0371818888079448,0.048163034169057,0.0796413302516958,TRUE
"sru_y2_static",20,10,"auto-weak",0,0.039312796479272,0.0522929306493671,0.0859706474871667,TRUE
"sru_y2_static",20,10,"auto-weak",1,0.0344775747671011,0.0465407814023525,0.083273565864008,TRUE
"sru_y2_static",20,10,"auto-weak",2,0.0340504391591722,0.0459347668285408,0.0822086707216752,TRUE
"sru_y2_static",20,10,"auto-weak",3,0.0355400970934831,0.0471444849433201,0.0810888572177183,TRUE
"sru_y2_static",20,10,"auto-weak",4,0.0343943149623531,0.0458552234350765,0.0818614119608306,TRUE
"sru_y2_static",20,10,"WPMM2",0,0.0365845262397428,0.0499989678315902,0.0848766153635205,TRUE
"sru_y2_static",20,10,"WPMM2",1,0.0351763226710748,0.0478884874675823,0.0830268488999177,TRUE
"sru_y2_static",20,10,"WPMM2",2,0.0352343009477682,0.0477574519808543,0.0835383098357528,TRUE
"sru_y2_static",20,10,"WPMM2",3,0.0347396420763041,0.0470641909148755,0.0843959734107411,TRUE
"sru_y2_static",20,10,"WPMM2",4,0.0342019249076504,0.0466168764054772,0.083264084480254,TRUE
"sru_y2_static",20,10,"WPMM3",0,0.0342678332431779,0.0464262517750359,0.0832304395596425,TRUE
"sru_y2_static",20,10,"WPMM3",1,0.0345106839220074,0.0458991063093407,0.0823552142644518,TRUE
"sru_y2_static",20,10,"WPMM3",2,0.0334228836861774,0.0457000992036711,0.0819685693068716,TRUE
"sru_y2_static",20,10,"WPMM3",3,0.0350418004578738,0.0471117261375494,0.0832182274838637,TRUE
"sru_y2_static",20,10,"WPMM3",4,0.0338188127029752,0.0453972374018256,0.082163506361695,TRUE
"sru_y2_static",20,10,"LSE",0,0.0357617684175537,0.0470540036960821,0.0819999133397322,TRUE
"sru_y2_static",20,10,"LSE",1,0.0338636191665848,0.0452761230413457,0.0819076052349755,TRUE
"sru_y2_static",20,10,"LSE",2,0.0337176429390479,0.0452357049665357,0.0822435717720909,TRUE
"sru_y2_static",20,10,"LSE",3,0.0335615080195804,0.0447938614380402,0.0793674508835773,TRUE
"sru_y2_static",20,10,"LSE",4,0.0339690772944525,0.045154748265317,0.0817343597206689,TRUE
"sru_y2_static",20,10,"ridge-LSE",0,0.034255009483252,0.0452306345394323,0.0816631314895971,TRUE
"sru_y2_static",20,10,"ridge-LSE",1,0.0338485427356161,0.0449977549989232,0.0814799569667893,TRUE
"sru_y2_static",20,10,"ridge-LSE",2,0.0331584346235808,0.0455802675992986,0.0823839674382083,TRUE
"sru_y2_static",20,10,"ridge-LSE",3,0.0332821846421121,0.0437276372847034,0.0779278587768992,TRUE
"sru_y2_static",20,10,"ridge-LSE",4,0.0338536882653635,0.0454165626919746,0.0814753992292821,TRUE
"sru_y2_static",20,10,"Huber",0,0.0362263806832627,0.0455782505172553,0.0759310562388254,TRUE
"sru_y2_static",20,10,"Huber",1,0.0338870738226642,0.0458152711460083,0.0834516907265624,TRUE
"sru_y2_static",20,10,"Huber",2,0.034068152186421,0.0459414558845882,0.0830593779839568,TRUE
"sru_y2_static",20,10,"Huber",3,0.0339414798155474,0.0454612279763004,0.0822124709897698,TRUE
"sru_y2_static",20,10,"Huber",4,0.0337699971629956,0.0452645074896242,0.0818965722938218,TRUE
"sru_y2_static",20,10,"L1",0,0.0338894097898467,0.045522742944044,0.0823863732487733,TRUE
"sru_y2_static",20,10,"L1",1,0.0336678937767696,0.0456230531075332,0.0823678277310941,TRUE
"sru_y2_static",20,10,"L1",2,0.033418800995496,0.045150229679518,0.0819783811303748,TRUE
"sru_y2_static",20,10,"L1",3,0.0335954566052757,0.0448362146854997,0.0807141960222326,TRUE
"sru_y2_static",20,10,"L1",4,0.0336535728967639,0.0454023658347508,0.0824052107173319,TRUE
"sru_y2_static",20,10,"auto-valgate",0,0.034345379339984,0.0453467926849322,0.0818433163223192,TRUE
"sru_y2_static",20,10,"auto-valgate",1,0.0413982119946529,0.0483484503292782,0.0699496472693572,TRUE
"sru_y2_static",20,10,"auto-valgate",2,0.0338266711554494,0.046173813331147,0.0832795732156759,TRUE
"sru_y2_static",20,10,"auto-valgate",3,0.0354629271541402,0.0448474537787705,0.0736076664093174,TRUE
"sru_y2_static",20,10,"auto-valgate",4,0.0341588467704445,0.0460694086496133,0.0830037368713172,TRUE
"sru_y2_static",50,1,"auto",0,0.0354544960305788,4.05230326634832,24.2979680105207,TRUE
"sru_y2_static",50,1,"auto",1,0.0298907492698424,0.0322674573820384,0.046535039817409,TRUE
"sru_y2_static",50,1,"auto",2,0.0307423519269754,0.399774645229838,2.25343704802814,TRUE
"sru_y2_static",50,1,"auto",3,0.036173432636282,0.0361438698600853,0.0436739583226544,TRUE
"sru_y2_static",50,1,"auto",4,0.0664564538764328,0.0858919846910682,0.160049903415864,TRUE
"sru_y2_static",50,1,"auto-weak",0,0.0365916826478202,0.050967118627038,0.109988598616077,TRUE
"sru_y2_static",50,1,"auto-weak",1,0.0408652253523586,0.0450548393521367,0.0637705138586689,TRUE
"sru_y2_static",50,1,"auto-weak",2,0.0338996751949434,0.0780551141452683,0.280323947118687,TRUE
"sru_y2_static",50,1,"auto-weak",3,0.0386698323106493,0.114007285013285,0.467569529041228,TRUE
"sru_y2_static",50,1,"auto-weak",4,0.0325231679396702,0.646168406766903,3.72730689407439,TRUE
"sru_y2_static",50,1,"WPMM2",0,0.0305259893506473,0.167859246966855,0.851725957800855,TRUE
"sru_y2_static",50,1,"WPMM2",1,0.0321316915790127,0.0411794235251325,0.077561661768426,TRUE
"sru_y2_static",50,1,"WPMM2",2,0.0334303381079977,0.034048047628901,0.04014676003075,TRUE
"sru_y2_static",50,1,"WPMM2",3,0.0330994045571544,0.243165493186843,1.28037573173894,TRUE
"sru_y2_static",50,1,"WPMM2",4,0.0323883133088392,0.0327645709513532,0.0392032384936434,TRUE
"sru_y2_static",50,1,"WPMM3",0,0.0445073016119609,0.0447667550628228,0.0554162491643355,TRUE
"sru_y2_static",50,1,"WPMM3",1,0.0395489245516564,0.045557384636436,0.072092980811544,TRUE
"sru_y2_static",50,1,"WPMM3",2,0.034382293243443,0.0346261958388389,0.0414196867966905,TRUE
"sru_y2_static",50,1,"WPMM3",3,0.0324063046699987,0.032882392973899,0.0392084659461189,TRUE
"sru_y2_static",50,1,"WPMM3",4,0.0325627576292843,0.0333234756062913,0.0420557419260099,TRUE
"sru_y2_static",50,1,"LSE",0,0.0477389923363504,0.0463577455470359,0.0551247003219927,TRUE
"sru_y2_static",50,1,"LSE",1,0.0787420155473978,0.0799291430943871,0.0868158550079887,TRUE
"sru_y2_static",50,1,"LSE",2,0.0517956463416372,0.0546758765609317,0.0707971823357376,TRUE
"sru_y2_static",50,1,"LSE",3,0.0388780281218821,0.037967130889763,0.0472755974716442,TRUE
"sru_y2_static",50,1,"LSE",4,0.0757346895577057,0.172562974726473,0.611784381148617,TRUE
"sru_y2_static",50,1,"ridge-LSE",0,0.0503279851408752,0.995916091478,5.73819220161771,TRUE
"sru_y2_static",50,1,"ridge-LSE",1,0.0606950665961495,0.0610050593802702,0.0778977929877144,TRUE
"sru_y2_static",50,1,"ridge-LSE",2,0.0382787747797243,0.0369881404499316,0.0447714253592909,TRUE
"sru_y2_static",50,1,"ridge-LSE",3,0.0350581051823894,0.768135881718728,4.44937499740252,TRUE
"sru_y2_static",50,1,"ridge-LSE",4,0.0633287616189256,0.0727100844533501,0.107883872956517,TRUE
"sru_y2_static",50,1,"Huber",0,0.0380833881327137,0.0575174096851587,0.143172075426024,TRUE
"sru_y2_static",50,1,"Huber",1,0.0325238120409834,0.0448507003191961,0.0942805586182058,TRUE
"sru_y2_static",50,1,"Huber",2,0.0317297846004751,0.0319553252611567,0.0382005575723565,TRUE
"sru_y2_static",50,1,"Huber",3,0.0391458576632933,0.0387307951502389,0.0467473006726575,TRUE
"sru_y2_static",50,1,"Huber",4,0.0438271545122136,0.134199025659558,0.571993012520067,TRUE
"sru_y2_static",50,1,"L1",0,0.0329647977121209,1.5904720110154,9.41289089101454,TRUE
"sru_y2_static",50,1,"L1",1,0.0366632407082027,0.211873059508343,1.12059616677029,TRUE
"sru_y2_static",50,1,"L1",2,0.0309580101400717,0.34176124285173,1.89236934060899,TRUE
"sru_y2_static",50,1,"L1",3,0.0351128238072842,2.82447475096388,16.8338178886031,TRUE
"sru_y2_static",50,1,"L1",4,0.0373808982877249,0.0494937324691146,0.0990849012060273,TRUE
"sru_y2_static",50,1,"auto-valgate",0,0.0318576043444409,0.0323816285162622,0.0383701753226907,TRUE
"sru_y2_static",50,1,"auto-valgate",1,0.045740049468037,0.0442088050765754,0.0543117744129473,TRUE
"sru_y2_static",50,1,"auto-valgate",2,0.0539336627014753,0.0516389246441553,0.0633096533875438,TRUE
"sru_y2_static",50,1,"auto-valgate",3,0.0373974585798761,0.0376182075531179,0.0448530074493432,TRUE
"sru_y2_static",50,1,"auto-valgate",4,0.0288547046465094,0.0286732214030385,0.0360420905527225,TRUE
"sru_y2_static",50,2,"auto",0,0.0883824404736281,0.104160049150944,0.159961732659241,TRUE
"sru_y2_static",50,2,"auto",1,0.0534406440606082,0.0639048456362049,0.0881564564601574,TRUE
"sru_y2_static",50,2,"auto",2,0.0833369794844033,0.0963571138975422,0.152668175097125,TRUE
"sru_y2_static",50,2,"auto",3,0.0542876123945827,0.0673640850927034,0.104399218951753,TRUE
"sru_y2_static",50,2,"auto",4,0.0520237885137946,0.0657106246721565,0.116777854708418,TRUE
"sru_y2_static",50,2,"auto-weak",0,0.0472112418723135,0.0533911391555015,0.0821663525990716,TRUE
"sru_y2_static",50,2,"auto-weak",1,0.0498320460241188,0.0585812759338641,0.0875234919086479,TRUE
"sru_y2_static",50,2,"auto-weak",2,0.0491078983180134,0.0540308773899366,0.0843608037397157,TRUE
"sru_y2_static",50,2,"auto-weak",3,0.0469307649777043,0.0511021575270902,0.0793956583716795,TRUE
"sru_y2_static",50,2,"auto-weak",4,0.0509369336874623,0.0599670396959747,0.0856679247237512,TRUE
"sru_y2_static",50,2,"WPMM2",0,0.0502044997028336,0.058483176247419,0.0845062158444173,TRUE
"sru_y2_static",50,2,"WPMM2",1,0.0488148769548,0.0552428658669025,0.0815377930435828,TRUE
"sru_y2_static",50,2,"WPMM2",2,0.0494398335495892,0.0620603282592817,0.101355640332424,TRUE
"sru_y2_static",50,2,"WPMM2",3,0.0496489047195735,0.0579173934526915,0.0837187094256285,TRUE
"sru_y2_static",50,2,"WPMM2",4,0.0495893458376706,0.0571097546210776,0.0842089201707375,TRUE
"sru_y2_static",50,2,"WPMM3",0,0.0549224305300364,0.063099735312033,0.088713719738948,TRUE
"sru_y2_static",50,2,"WPMM3",1,0.0474725062412984,0.0560939254993021,0.0813138073982592,TRUE
"sru_y2_static",50,2,"WPMM3",2,0.049467316846083,0.0559367040621539,0.0880359476814008,TRUE
"sru_y2_static",50,2,"WPMM3",3,0.0492793329720718,0.0570675849812653,0.0838402649124364,TRUE
"sru_y2_static",50,2,"WPMM3",4,0.0638514122572038,0.0713369176685738,0.0947499763481855,TRUE
"sru_y2_static",50,2,"LSE",0,0.0922504412555909,0.103013294893923,0.151814078584271,TRUE
"sru_y2_static",50,2,"LSE",1,0.169017889780093,0.205284420148747,0.367822359555292,TRUE
"sru_y2_static",50,2,"LSE",2,0.0491923755076281,0.0606886754905393,0.0932388170559046,TRUE
"sru_y2_static",50,2,"LSE",3,0.05678768822521,0.062645425321708,0.087029125076152,TRUE
"sru_y2_static",50,2,"LSE",4,0.0469385250655455,0.0555927962895868,0.0840001635263266,TRUE
"sru_y2_static",50,2,"ridge-LSE",0,0.0469728211706162,0.057467283082005,0.0918543197283387,TRUE
"sru_y2_static",50,2,"ridge-LSE",1,0.0473542460207028,0.0566350816170859,0.0885167232537506,TRUE
"sru_y2_static",50,2,"ridge-LSE",2,0.0542838818239936,0.0616057139096473,0.0870390633783101,TRUE
"sru_y2_static",50,2,"ridge-LSE",3,0.159642273268955,0.187509613153053,0.33089513703378,TRUE
"sru_y2_static",50,2,"ridge-LSE",4,0.0444770485804989,0.0568994276977818,0.0977061757174747,TRUE
"sru_y2_static",50,2,"Huber",0,0.0528544805524651,0.0627566729343274,0.0882585939478396,TRUE
"sru_y2_static",50,2,"Huber",1,0.0581972991139369,0.0673892408072646,0.0896992880172423,TRUE
"sru_y2_static",50,2,"Huber",2,0.049452793417627,0.0577055559948743,0.0847732602713838,TRUE
"sru_y2_static",50,2,"Huber",3,0.0468451598323568,0.052796383772745,0.082636201257168,TRUE
"sru_y2_static",50,2,"Huber",4,0.0507938602677379,0.0612546875597778,0.0874586661686484,TRUE
"sru_y2_static",50,2,"L1",0,0.054748301244667,0.060895270659409,0.0901440449390385,TRUE
"sru_y2_static",50,2,"L1",1,0.0491302013686832,0.0577523943257442,0.0838370594733509,TRUE
"sru_y2_static",50,2,"L1",2,0.0502452366652525,0.0587064448600195,0.0833353281896439,TRUE
"sru_y2_static",50,2,"L1",3,0.0522116438528664,0.059416952988934,0.0863406102529587,TRUE
"sru_y2_static",50,2,"L1",4,0.0472471378291423,0.0558774883419661,0.08175954453014,TRUE
"sru_y2_static",50,2,"auto-valgate",0,0.0477332837235284,0.052978061550342,0.0801931989731803,TRUE
"sru_y2_static",50,2,"auto-valgate",1,0.0677766155118354,0.0748018296535816,0.0970742501388506,TRUE
"sru_y2_static",50,2,"auto-valgate",2,0.0478293018041385,0.0551062541565451,0.0832005545517748,TRUE
"sru_y2_static",50,2,"auto-valgate",3,0.055616985172303,0.0677078284224614,0.103865430417259,TRUE
"sru_y2_static",50,2,"auto-valgate",4,0.048552127007729,0.0528982319374096,0.0784217393244611,TRUE
"sru_y2_static",50,3,"auto",0,0.024836646176233,0.026177417811699,0.0347168421547071,TRUE
"sru_y2_static",50,3,"auto",1,0.0234416295565298,0.0248691533251026,0.0344433158768895,TRUE
"sru_y2_static",50,3,"auto",2,0.0757568774378432,0.0668727104181107,0.0948966634214594,TRUE
"sru_y2_static",50,3,"auto",3,0.023652528540587,0.0253061234656396,0.0342555898606649,TRUE
"sru_y2_static",50,3,"auto",4,0.0416938920110454,0.040194988310679,0.0530275867106841,TRUE
"sru_y2_static",50,3,"auto-weak",0,0.0245528689085153,0.0260911418464524,0.0363344894627716,TRUE
"sru_y2_static",50,3,"auto-weak",1,0.0284080610700877,0.0295722048914348,0.0381558889827841,TRUE
"sru_y2_static",50,3,"auto-weak",2,0.0245035770799814,0.0262185162107184,0.0360296564147611,TRUE
"sru_y2_static",50,3,"auto-weak",3,0.0244227520859478,0.0262284029792688,0.0360940687100655,TRUE
"sru_y2_static",50,3,"auto-weak",4,0.0241555777049867,0.0259922513850185,0.0357721776221073,TRUE
"sru_y2_static",50,3,"WPMM2",0,0.0237441590140566,0.0255356029455862,0.0354482097444435,TRUE
"sru_y2_static",50,3,"WPMM2",1,0.0249455993303872,0.0268452302811096,0.0366400961982746,TRUE
"sru_y2_static",50,3,"WPMM2",2,0.0245428684644676,0.0263123075754426,0.0360939046100417,TRUE
"sru_y2_static",50,3,"WPMM2",3,0.0241759885340384,0.0260167629041962,0.0358110972191291,TRUE
"sru_y2_static",50,3,"WPMM2",4,0.0310294092095809,0.03172208184911,0.0408686301262375,TRUE
"sru_y2_static",50,3,"WPMM3",0,0.0244218124651003,0.0262527751965395,0.0358714988567475,TRUE
"sru_y2_static",50,3,"WPMM3",1,0.0243368678028927,0.0261457933285699,0.0357959469796539,TRUE
"sru_y2_static",50,3,"WPMM3",2,0.0238912731494809,0.0257886004691641,0.0356607322066591,TRUE
"sru_y2_static",50,3,"WPMM3",3,0.0232487749169374,0.0247950906748516,0.0349106046270402,TRUE
"sru_y2_static",50,3,"WPMM3",4,0.0238400301340472,0.0256697301251821,0.035548465154198,TRUE
"sru_y2_static",50,3,"LSE",0,0.039934798481171,0.0386010394128816,0.0505632332763904,TRUE
"sru_y2_static",50,3,"LSE",1,0.0391302354868154,0.0374506149797194,0.0478313800952567,TRUE
"sru_y2_static",50,3,"LSE",2,0.0523210911690539,0.0480726510108802,0.064279206599929,TRUE
"sru_y2_static",50,3,"LSE",3,0.0236820548251487,0.0248283309193428,0.0338006543017164,TRUE
"sru_y2_static",50,3,"LSE",4,0.109503547573951,0.0885938106947053,0.132115528934789,TRUE
"sru_y2_static",50,3,"ridge-LSE",0,0.0566083428776439,0.0512136335645385,0.069235821673355,TRUE
"sru_y2_static",50,3,"ridge-LSE",1,0.0886179492659929,0.0785588016837667,0.110649740637908,TRUE
"sru_y2_static",50,3,"ridge-LSE",2,0.0711826834577123,0.0624497744356245,0.0873177670725347,TRUE
"sru_y2_static",50,3,"ridge-LSE",3,0.0252752038400481,0.0270377928697124,0.0363882274805507,TRUE
"sru_y2_static",50,3,"ridge-LSE",4,0.0726529096305573,0.0653832718745286,0.0896301876392968,TRUE
"sru_y2_static",50,3,"Huber",0,0.0239760956799623,0.0253479706995141,0.0350311285147963,TRUE
"sru_y2_static",50,3,"Huber",1,0.0240814405685483,0.0257720081877288,0.0352419722038165,TRUE
"sru_y2_static",50,3,"Huber",2,0.0241197365077447,0.025855300439896,0.0355516096057348,TRUE
"sru_y2_static",50,3,"Huber",3,0.0239093325422742,0.0254557185236225,0.035440283667681,TRUE
"sru_y2_static",50,3,"Huber",4,0.0239853014740659,0.0257619702494275,0.0348783861911619,TRUE
"sru_y2_static",50,3,"L1",0,0.0243346068423265,0.0261824619643767,0.0362252728479811,TRUE
"sru_y2_static",50,3,"L1",1,0.0334139270034016,0.0333784643258352,0.0424550165561597,TRUE
"sru_y2_static",50,3,"L1",2,0.0239746325839882,0.0257085552503486,0.0355029575462275,TRUE
"sru_y2_static",50,3,"L1",3,0.0251701497273441,0.026890787905316,0.0371310514875662,TRUE
"sru_y2_static",50,3,"L1",4,0.0262907755124575,0.0276470841007843,0.0368758133242775,TRUE
"sru_y2_static",50,3,"auto-valgate",0,0.0243721922762776,0.0261354273855405,0.036361797589777,TRUE
"sru_y2_static",50,3,"auto-valgate",1,0.0240671999615735,0.0257930274224459,0.0359783049345212,TRUE
"sru_y2_static",50,3,"auto-valgate",2,0.0241399960473533,0.0257412205897571,0.0357981506931906,TRUE
"sru_y2_static",50,3,"auto-valgate",3,0.0262477447545955,0.0275480902102431,0.0371163986150046,TRUE
"sru_y2_static",50,3,"auto-valgate",4,0.0242547506149144,0.0256016073737158,0.0354379441264345,TRUE
"sru_y2_static",50,4,"auto",0,0.0263432248394376,0.0270788709345507,0.0312952447283591,TRUE
"sru_y2_static",50,4,"auto",1,0.0229644752225954,0.0239093057966452,0.0283503030871035,TRUE
"sru_y2_static",50,4,"auto",2,0.0224225943417259,0.0234030699163763,0.0281316313649301,TRUE
"sru_y2_static",50,4,"auto",3,0.0279955472235486,0.0286424277811925,0.0327025414610728,TRUE
"sru_y2_static",50,4,"auto",4,0.0273552519963885,0.0283176584625425,0.0326153380286289,TRUE
"sru_y2_static",50,4,"auto-weak",0,0.0175217271223159,0.0190876990766858,0.0251658033733438,TRUE
"sru_y2_static",50,4,"auto-weak",1,0.0198286104361038,0.0211334332263266,0.0264998600744847,TRUE
"sru_y2_static",50,4,"auto-weak",2,0.0205070215582592,0.021711024646183,0.0268662710298323,TRUE
"sru_y2_static",50,4,"auto-weak",3,0.0188975161163085,0.0202082757118106,0.0255809815788069,TRUE
"sru_y2_static",50,4,"auto-weak",4,0.0184777152302728,0.0199679334657017,0.0256651745088337,TRUE
"sru_y2_static",50,4,"WPMM2",0,0.0180474004448149,0.0194620764342429,0.0252057421012617,TRUE
"sru_y2_static",50,4,"WPMM2",1,0.021408509853764,0.022502536335941,0.0274417608035769,TRUE
"sru_y2_static",50,4,"WPMM2",2,0.0201785936957134,0.0214782040982253,0.0266066159647581,TRUE
"sru_y2_static",50,4,"WPMM2",3,0.0198031263556341,0.0211619344413956,0.0264506596216131,TRUE
"sru_y2_static",50,4,"WPMM2",4,0.0194332743706544,0.0207794672749205,0.0262246697924972,TRUE
"sru_y2_static",50,4,"WPMM3",0,0.02237635200336,0.0233713341247632,0.0280973951798758,TRUE
"sru_y2_static",50,4,"WPMM3",1,0.0198467694217983,0.0211159382993768,0.0262780000430774,TRUE
"sru_y2_static",50,4,"WPMM3",2,0.0192495222659423,0.0206664308362541,0.0261253984494758,TRUE
"sru_y2_static",50,4,"WPMM3",3,0.0189005509245165,0.0203400665269174,0.0259424540828229,TRUE
"sru_y2_static",50,4,"WPMM3",4,0.0213151858802685,0.02243835266479,0.0274196725622248,TRUE
"sru_y2_static",50,4,"LSE",0,0.020514231365926,0.0215518334415173,0.0278061217976819,TRUE
"sru_y2_static",50,4,"LSE",1,0.0259095833129035,0.026920338285879,0.0322645305896933,TRUE
"sru_y2_static",50,4,"LSE",2,0.0263503368045326,0.0273518796080841,0.0323541501020241,TRUE
"sru_y2_static",50,4,"LSE",3,0.024904014226686,0.0258077981123911,0.0316251572906623,TRUE
"sru_y2_static",50,4,"LSE",4,0.0245960052745169,0.0254994415624941,0.0309857222440026,TRUE
"sru_y2_static",50,4,"ridge-LSE",0,0.022959504219746,0.0241828371831188,0.0292850717188065,TRUE
"sru_y2_static",50,4,"ridge-LSE",1,0.0263089562146614,0.0273936003266114,0.0320133656914322,TRUE
"sru_y2_static",50,4,"ridge-LSE",2,0.0211169017723536,0.0224751499003745,0.0283093078636882,TRUE
"sru_y2_static",50,4,"ridge-LSE",3,0.0188564566471601,0.0202621138656087,0.0270446335420793,TRUE
"sru_y2_static",50,4,"ridge-LSE",4,0.0258372659789098,0.0265594761100894,0.0319911261444285,TRUE
"sru_y2_static",50,4,"Huber",0,0.023246078974171,0.024221854477419,0.0287051228045567,TRUE
"sru_y2_static",50,4,"Huber",1,0.0199663412740604,0.0212956544179204,0.0266548185258805,TRUE
"sru_y2_static",50,4,"Huber",2,0.0234359528428737,0.0244704666077895,0.0291528375683784,TRUE
"sru_y2_static",50,4,"Huber",3,0.0208554196286792,0.0222033906463788,0.0273343118724604,TRUE
"sru_y2_static",50,4,"Huber",4,0.0232745647275956,0.0243745281150433,0.0291777435956313,TRUE
"sru_y2_static",50,4,"L1",0,0.0197732029962976,0.021143649496638,0.0264008713363813,TRUE
"sru_y2_static",50,4,"L1",1,0.0206256610345065,0.0218146289917888,0.0268506104210609,TRUE
"sru_y2_static",50,4,"L1",2,0.0248727277607744,0.0258212103930526,0.0301451110481462,TRUE
"sru_y2_static",50,4,"L1",3,0.0208926234973896,0.0220474593400659,0.0271258123188194,TRUE
"sru_y2_static",50,4,"L1",4,0.0229952009554131,0.0239745048984606,0.0285264325308083,TRUE
"sru_y2_static",50,4,"auto-valgate",0,0.0183782612909942,0.0198347233610772,0.0256343869785461,TRUE
"sru_y2_static",50,4,"auto-valgate",1,0.0242852392747772,0.0252242514366788,0.0296028896726283,TRUE
"sru_y2_static",50,4,"auto-valgate",2,0.0221427992645957,0.0231371436504749,0.0279368591706102,TRUE
"sru_y2_static",50,4,"auto-valgate",3,0.0316515312092853,0.0322294146754748,0.0360246155776388,TRUE
"sru_y2_static",50,4,"auto-valgate",4,0.0257939668839324,0.0265679863215509,0.0307371063513349,TRUE
"sru_y2_static",50,5,"auto",0,0.0268809266898981,0.0299400117410408,0.0452346620060272,TRUE
"sru_y2_static",50,5,"auto",1,0.0317102111441415,0.0348900530249689,0.052326037876823,TRUE
"sru_y2_static",50,5,"auto",2,0.0269173970950174,0.0292198712297356,0.0433379028022303,TRUE
"sru_y2_static",50,5,"auto",3,0.0268903213542337,0.0288958914036837,0.0422944575115256,TRUE
"sru_y2_static",50,5,"auto",4,0.0273788553364442,0.0308085220634,0.0458836417985083,TRUE
"sru_y2_static",50,5,"auto-weak",0,0.027241847326914,0.0303774690560259,0.0447515967854349,TRUE
"sru_y2_static",50,5,"auto-weak",1,0.0299985701036504,0.0324552000840002,0.0480334504654915,TRUE
"sru_y2_static",50,5,"auto-weak",2,0.026595954159286,0.0294138857105413,0.0438246788777431,TRUE
"sru_y2_static",50,5,"auto-weak",3,0.0257458320039645,0.0281671538928731,0.0411927785573231,TRUE
"sru_y2_static",50,5,"auto-weak",4,0.0271360231227384,0.029255598046877,0.0424447503345651,TRUE
"sru_y2_static",50,5,"WPMM2",0,0.0262298211365147,0.0289463586613441,0.0427385545999556,TRUE
"sru_y2_static",50,5,"WPMM2",1,0.025350541471472,0.0278361390715023,0.0409277878177329,TRUE
"sru_y2_static",50,5,"WPMM2",2,0.0279091702587221,0.0311726879962169,0.0470217832210197,TRUE
"sru_y2_static",50,5,"WPMM2",3,0.0293372804123214,0.0413885892580758,0.0877788167002875,TRUE
"sru_y2_static",50,5,"WPMM2",4,0.0306872358551501,0.0334649164753177,0.0501766122097315,TRUE
"sru_y2_static",50,5,"WPMM3",0,0.0288700957055333,0.0310664244279805,0.0456422018470461,TRUE
"sru_y2_static",50,5,"WPMM3",1,0.0295237742879003,0.0306566930068515,0.0435052010456578,TRUE
"sru_y2_static",50,5,"WPMM3",2,0.0304268350976704,0.0319017914544842,0.0454061282673209,TRUE
"sru_y2_static",50,5,"WPMM3",3,0.0269710719666708,0.029376012716813,0.0431927966534892,TRUE
"sru_y2_static",50,5,"WPMM3",4,0.0281416009563369,0.0300488526137571,0.0432989722987319,TRUE
"sru_y2_static",50,5,"LSE",0,0.0336141330837641,0.0353040267007553,0.0493834365878469,TRUE
"sru_y2_static",50,5,"LSE",1,0.0366482764862223,0.0402206720499513,0.0631736529890892,TRUE
"sru_y2_static",50,5,"LSE",2,0.040606653771924,0.0412451743132294,0.0554222692947668,TRUE
"sru_y2_static",50,5,"LSE",3,0.0340603190488531,0.0351927733600752,0.0491706205908526,TRUE
"sru_y2_static",50,5,"LSE",4,0.0520246512573656,0.0535949759605918,0.0671239272615613,TRUE
"sru_y2_static",50,5,"ridge-LSE",0,0.0468817632788517,0.0482302449518812,0.0621648361489786,TRUE
"sru_y2_static",50,5,"ridge-LSE",1,0.0578931174846921,0.0668144523229389,0.0980790378022081,TRUE
"sru_y2_static",50,5,"ridge-LSE",2,0.053454870711058,0.057703899425121,0.0755351390926776,TRUE
"sru_y2_static",50,5,"ridge-LSE",3,0.0515705465377461,0.058262458792105,0.0849925767343584,TRUE
"sru_y2_static",50,5,"ridge-LSE",4,0.0538242550281358,0.0558325537459401,0.0725532275371262,TRUE
"sru_y2_static",50,5,"Huber",0,0.0281409259383173,0.0555006857879937,0.143128811179601,TRUE
"sru_y2_static",50,5,"Huber",1,0.0277560673942487,0.0300938756560345,0.0441602489952095,TRUE
"sru_y2_static",50,5,"Huber",2,0.0303364507369345,0.0603738787445822,0.156386522112915,TRUE
"sru_y2_static",50,5,"Huber",3,0.0248152739683878,0.0276535131945727,0.0405448534835479,TRUE
"sru_y2_static",50,5,"Huber",4,0.0267309368386771,0.0292166007105376,0.0425450150747199,TRUE
"sru_y2_static",50,5,"L1",0,0.0260231074323985,0.0283428835423643,0.0404034958803903,TRUE
"sru_y2_static",50,5,"L1",1,0.0293197044875141,0.0402896145487307,0.0749949401531044,TRUE
"sru_y2_static",50,5,"L1",2,0.0249940222992315,0.0278224125694145,0.0396177630663207,TRUE
"sru_y2_static",50,5,"L1",3,0.029055531987152,0.0451662288561502,0.0944185060206172,TRUE
"sru_y2_static",50,5,"L1",4,0.0285781074024524,0.0303606347294476,0.0440870052761696,TRUE
"sru_y2_static",50,5,"auto-valgate",0,0.0464732285216852,0.0477328954274841,0.0628456883407408,TRUE
"sru_y2_static",50,5,"auto-valgate",1,0.0268689851301497,0.0291051496916278,0.0404408760579134,TRUE
"sru_y2_static",50,5,"auto-valgate",2,0.0251972261543867,0.0271262100818743,0.039370768814817,TRUE
"sru_y2_static",50,5,"auto-valgate",3,0.0271972589903818,0.0328490835007771,0.0537912510503921,TRUE
"sru_y2_static",50,5,"auto-valgate",4,0.0245285427461189,0.0274211214039675,0.0422107902449868,TRUE
"sru_y2_static",50,6,"auto",0,9.10740302941804,8.06857334621118,11.924394386429,TRUE
"sru_y2_static",50,6,"auto",1,0.0736758255438921,0.077101723486191,0.109752430794513,TRUE
"sru_y2_static",50,6,"auto",2,0.261678882513587,0.473064373543758,1.17639862322889,TRUE
"sru_y2_static",50,6,"auto",3,0.251027823589648,0.222200116009249,0.293433188373094,TRUE
"sru_y2_static",50,6,"auto",4,0.147432149354196,0.170357453698154,0.364991252352815,TRUE
"sru_y2_static",50,6,"auto-weak",0,2.15848662149441,1.91716781463758,3.06303126158854,TRUE
"sru_y2_static",50,6,"auto-weak",1,0.157336224207811,0.312711102412854,0.826051600733479,TRUE
"sru_y2_static",50,6,"auto-weak",2,0.469155309683823,0.553468388890604,0.955233052404104,TRUE
"sru_y2_static",50,6,"auto-weak",3,0.893474555304204,0.813309973201972,1.14365815057948,TRUE
"sru_y2_static",50,6,"auto-weak",4,2.55731158892969,2.19931312713429,3.30742655959173,TRUE
"sru_y2_static",50,6,"WPMM2",0,0.719458248427028,0.642656976892618,0.910788172853251,TRUE
"sru_y2_static",50,6,"WPMM2",1,1.36564066684864,1.27018971721218,2.22959980802049,TRUE
"sru_y2_static",50,6,"WPMM2",2,0.195464281722417,0.192960055685051,0.316320388978144,TRUE
"sru_y2_static",50,6,"WPMM2",3,0.285042154050098,0.420146888367548,0.799430021584324,TRUE
"sru_y2_static",50,6,"WPMM2",4,0.826836415341061,1.0211934945322,2.15579265400913,TRUE
"sru_y2_static",50,6,"WPMM3",0,0.0551596995479905,0.0554034759432877,0.0743518736808315,TRUE
"sru_y2_static",50,6,"WPMM3",1,0.264077216408566,0.259416829937141,0.398407236784086,TRUE
"sru_y2_static",50,6,"WPMM3",2,0.0522787964932862,0.0529292211804395,0.0725636938766969,TRUE
"sru_y2_static",50,6,"WPMM3",3,0.146388283611734,0.389434658977235,1.15303122670778,TRUE
"sru_y2_static",50,6,"WPMM3",4,0.35749488927798,0.367964061140445,0.552316086884425,TRUE
"sru_y2_static",50,6,"LSE",0,0.0760125861149155,0.0756434871959671,0.0988022312187868,TRUE
"sru_y2_static",50,6,"LSE",1,0.790557035230017,0.751207184155939,1.29763002190534,TRUE
"sru_y2_static",50,6,"LSE",2,0.273620453689079,0.241142080911091,0.331193267365857,TRUE
"sru_y2_static",50,6,"LSE",3,2.41898306782259,2.13647556663447,3.16645501781904,TRUE
"sru_y2_static",50,6,"LSE",4,0.850471173795628,0.776502846581015,1.19681707677693,TRUE
"sru_y2_static",50,6,"ridge-LSE",0,1.09994826730831,1.06845292776506,1.73963585512529,TRUE
"sru_y2_static",50,6,"ridge-LSE",1,0.719154873781246,0.680360674876025,1.12707937059358,TRUE
"sru_y2_static",50,6,"ridge-LSE",2,0.207294771209211,0.184093310677987,0.249240750537475,TRUE
"sru_y2_static",50,6,"ridge-LSE",3,0.358363581686319,0.385836955244265,0.857824101375899,TRUE
"sru_y2_static",50,6,"ridge-LSE",4,0.1270879678391,0.122917758653652,0.179846242377534,TRUE
"sru_y2_static",50,6,"Huber",0,8.60865645838434,7.46240779510166,11.2932887766996,TRUE
"sru_y2_static",50,6,"Huber",1,0.795382362444306,0.706117538048977,0.978594356830964,TRUE
"sru_y2_static",50,6,"Huber",2,0.0726227915158175,0.162579068015314,0.4434723188492,TRUE
"sru_y2_static",50,6,"Huber",3,0.206862065877595,0.184276874074472,0.239330837272959,TRUE
"sru_y2_static",50,6,"Huber",4,0.167634039490732,0.162159294812996,0.238869735525718,TRUE
"sru_y2_static",50,6,"L1",0,2.36990974450935,2.16662570049896,3.51227049127753,TRUE
"sru_y2_static",50,6,"L1",1,0.220042825650363,0.201690185242956,0.278162155485751,TRUE
"sru_y2_static",50,6,"L1",2,0.173425024289516,0.150772226179836,0.204442850954356,TRUE
"sru_y2_static",50,6,"L1",3,1.81555160226874,1.91351700760381,3.06187745727326,TRUE
"sru_y2_static",50,6,"L1",4,0.312718265281954,0.311549228338775,0.461628975226667,TRUE
"sru_y2_static",50,6,"auto-valgate",0,0.677806231656397,0.677418431745906,1.34683895257057,TRUE
"sru_y2_static",50,6,"auto-valgate",1,0.938158054066266,0.876915588080711,1.45334495395191,TRUE
"sru_y2_static",50,6,"auto-valgate",2,0.139541151609158,0.234847071842753,0.524489529868322,TRUE
"sru_y2_static",50,6,"auto-valgate",3,0.178097861920093,0.158272709854094,0.215504553623686,TRUE
"sru_y2_static",50,6,"auto-valgate",4,0.093856779873961,0.100233514038824,0.113117799770537,TRUE
"sru_y2_static",50,7,"auto",0,0.0410266600418294,0.0476587404027426,0.0805018868827304,TRUE
"sru_y2_static",50,7,"auto",1,0.0492144000006907,0.0536082561297433,0.082873829206799,TRUE
"sru_y2_static",50,7,"auto",2,0.174172188104956,0.164773451117675,0.287975228227248,TRUE
"sru_y2_static",50,7,"auto",3,0.142284107926994,0.135458634999511,0.223086741786397,TRUE
"sru_y2_static",50,7,"auto",4,0.0329522949013393,0.0399866226156258,0.074912219898129,TRUE
"sru_y2_static",50,7,"auto-weak",0,0.033066506195272,0.0390231860028903,0.0753634353282339,TRUE
"sru_y2_static",50,7,"auto-weak",1,0.0325589046096466,0.0391028919574718,0.0750409756692335,TRUE
"sru_y2_static",50,7,"auto-weak",2,0.0347470402920759,0.0409594368948241,0.0761222988764115,TRUE
"sru_y2_static",50,7,"auto-weak",3,0.0326837306947092,0.0399691019636707,0.074956099494746,TRUE
"sru_y2_static",50,7,"auto-weak",4,0.0546118133637226,0.0580981405356195,0.0866300640472446,TRUE
"sru_y2_static",50,7,"WPMM2",0,0.0350563143268432,0.0408426983310916,0.0762590222034649,TRUE
"sru_y2_static",50,7,"WPMM2",1,0.0351689306588974,0.0412896103361496,0.0770908718138546,TRUE
"sru_y2_static",50,7,"WPMM2",2,0.03942153192337,0.0462372542779402,0.0783656051713015,TRUE
"sru_y2_static",50,7,"WPMM2",3,0.0478723745697566,0.0532770067186339,0.0835073565892536,TRUE
"sru_y2_static",50,7,"WPMM2",4,0.0358997272888815,0.0421731294390787,0.0779742225653512,TRUE
"sru_y2_static",50,7,"WPMM3",0,0.0334541090053982,0.0390685514237977,0.0751705138727088,TRUE
"sru_y2_static",50,7,"WPMM3",1,0.033732676755683,0.0398128273924682,0.0758774577482593,TRUE
"sru_y2_static",50,7,"WPMM3",2,0.0359026302475424,0.0430876582123935,0.0762313184656484,TRUE
"sru_y2_static",50,7,"WPMM3",3,0.0360974255096426,0.0411961956178236,0.0766983244855832,TRUE
"sru_y2_static",50,7,"WPMM3",4,0.0322005419720803,0.0383373272332836,0.0752580608316427,TRUE
"sru_y2_static",50,7,"LSE",0,0.0391426036019663,0.0455905338335794,0.0807208059535693,TRUE
"sru_y2_static",50,7,"LSE",1,0.0408947702353901,0.0474915206573479,0.0801684174889703,TRUE
"sru_y2_static",50,7,"LSE",2,0.0660854666879802,0.0654124856574336,0.0947120877091726,TRUE
"sru_y2_static",50,7,"LSE",3,0.0315659051121738,0.0375173867696047,0.0731241384987042,TRUE
"sru_y2_static",50,7,"LSE",4,0.206465970849058,0.163329626562788,0.259009471311337,TRUE
"sru_y2_static",50,7,"ridge-LSE",0,0.10054264939939,0.089135501122135,0.126989434410355,TRUE
"sru_y2_static",50,7,"ridge-LSE",1,0.0391496538787776,0.0478521654706059,0.0785207270040402,TRUE
"sru_y2_static",50,7,"ridge-LSE",2,0.0317937093136019,0.0381568798929202,0.07448369953946,TRUE
"sru_y2_static",50,7,"ridge-LSE",3,0.0397702355142974,0.0487070754847957,0.0793519946776602,TRUE
"sru_y2_static",50,7,"ridge-LSE",4,0.0984600447656008,0.0888431530490978,0.125570074959558,TRUE
"sru_y2_static",50,7,"Huber",0,0.0666455495565414,0.066510261694844,0.0969763788486305,TRUE
"sru_y2_static",50,7,"Huber",1,0.112409632415719,0.106391890680136,0.147591656324214,TRUE
"sru_y2_static",50,7,"Huber",2,1.23241180777084,0.868656889193233,1.62402564543135,TRUE
"sru_y2_static",50,7,"Huber",3,0.0494420634810016,0.056366608458749,0.0857693858099499,TRUE
"sru_y2_static",50,7,"Huber",4,0.0441685584422113,0.0518437531186087,0.0829138787258334,TRUE
"sru_y2_static",50,7,"L1",0,0.0324094300831486,0.0386731054831087,0.0740047047890539,TRUE
"sru_y2_static",50,7,"L1",1,0.0319508175805563,0.0382716482871829,0.0732916275885622,TRUE
"sru_y2_static",50,7,"L1",2,0.063032520811291,0.0633818297388954,0.0911306580475855,TRUE
"sru_y2_static",50,7,"L1",3,0.0528582646186133,0.0600586553652236,0.0901485956815125,TRUE
"sru_y2_static",50,7,"L1",4,0.0333781472986966,0.0396547841806873,0.0743789786108013,TRUE
"sru_y2_static",50,7,"auto-valgate",0,0.0589357705057608,0.0655960832704803,0.101362602934546,TRUE
"sru_y2_static",50,7,"auto-valgate",1,0.0327839157680676,0.0400423672742749,0.0732903992383694,TRUE
"sru_y2_static",50,7,"auto-valgate",2,0.0459271587401052,0.0514571297349415,0.0809275656376286,TRUE
"sru_y2_static",50,7,"auto-valgate",3,0.0395573857389807,0.0449045676683063,0.0779705040807061,TRUE
"sru_y2_static",50,7,"auto-valgate",4,0.0350681189056205,0.0425029859088723,0.0769072659249289,TRUE
"sru_y2_static",50,8,"auto",0,0.0367862473388842,0.0364549281104932,0.0476541347100437,TRUE
"sru_y2_static",50,8,"auto",1,0.0385108069014262,0.0389817034211954,0.0481351648452854,TRUE
"sru_y2_static",50,8,"auto",2,0.0350223400721684,0.0352474700571894,0.0450965755387937,TRUE
"sru_y2_static",50,8,"auto",3,0.0345066128348097,0.0351407458256706,0.0444881352567899,TRUE
"sru_y2_static",50,8,"auto",4,0.0396387763963267,0.0401421423710327,0.049006390320495,TRUE
"sru_y2_static",50,8,"auto-weak",0,0.0375456817761678,0.0377948310077061,0.0477840354812982,TRUE
"sru_y2_static",50,8,"auto-weak",1,0.0343770540782152,0.0338967534981287,0.0458676508126735,TRUE
"sru_y2_static",50,8,"auto-weak",2,0.0322059971163789,0.0327162990024948,0.0457581923556603,TRUE
"sru_y2_static",50,8,"auto-weak",3,0.0412063645574594,0.0405417739240627,0.0508152094573795,TRUE
"sru_y2_static",50,8,"auto-weak",4,0.0421791729940678,0.0434616352195978,0.0553485459869716,TRUE
"sru_y2_static",50,8,"WPMM2",0,0.0315287375267905,0.0319926140968671,0.0424983653097814,TRUE
"sru_y2_static",50,8,"WPMM2",1,0.0392860411289549,0.0396796708604871,0.0523732441141419,TRUE
"sru_y2_static",50,8,"WPMM2",2,0.0383989831379253,0.0391083876628952,0.0507014821221629,TRUE
"sru_y2_static",50,8,"WPMM2",3,0.0319331483165503,0.0319873815452567,0.0428025122592268,TRUE
"sru_y2_static",50,8,"WPMM2",4,0.035336665569797,0.0352919659215069,0.0471329573085637,TRUE
"sru_y2_static",50,8,"WPMM3",0,0.0414863040232304,0.041697698054479,0.0520960140692915,TRUE
"sru_y2_static",50,8,"WPMM3",1,0.0324344902011775,0.0328465040647994,0.043313828753276,TRUE
"sru_y2_static",50,8,"WPMM3",2,0.0363691520588656,0.0362459188625888,0.0474416400564887,TRUE
"sru_y2_static",50,8,"WPMM3",3,0.0322636108072107,0.0321796724494788,0.0445874237605431,TRUE
"sru_y2_static",50,8,"WPMM3",4,0.0386341007658069,0.039502712383257,0.0485354286564845,TRUE
"sru_y2_static",50,8,"LSE",0,0.034834531236432,0.0358223936914472,0.0477307572330998,TRUE
"sru_y2_static",50,8,"LSE",1,0.0357938306340864,0.0372359966682971,0.0516733269837291,TRUE
"sru_y2_static",50,8,"LSE",2,0.0402874566989505,0.0400213203743649,0.0524926440859469,TRUE
"sru_y2_static",50,8,"LSE",3,0.0325935104118462,0.0327934923835534,0.0431077436251648,TRUE
"sru_y2_static",50,8,"LSE",4,0.0332491704886807,0.0341647251716958,0.0453320560501332,TRUE
"sru_y2_static",50,8,"ridge-LSE",0,0.0373561130406597,0.0403500412627029,0.0597276859326855,TRUE
"sru_y2_static",50,8,"ridge-LSE",1,0.0365458504323664,0.0363971984137247,0.0491186385819065,TRUE
"sru_y2_static",50,8,"ridge-LSE",2,0.036315248777656,0.037805484633894,0.0518277708055647,TRUE
"sru_y2_static",50,8,"ridge-LSE",3,0.0296358907683757,0.030927070484699,0.0415713937735483,TRUE
"sru_y2_static",50,8,"ridge-LSE",4,0.0336632827685213,0.03428887669518,0.0458690364799951,TRUE
"sru_y2_static",50,8,"Huber",0,0.0341706053757874,0.034800390115311,0.0443714592354849,TRUE
"sru_y2_static",50,8,"Huber",1,0.0353453309745435,0.0361278601836572,0.0458188696124627,TRUE
"sru_y2_static",50,8,"Huber",2,0.0348409557890361,0.0347643322229529,0.0455450522436367,TRUE
"sru_y2_static",50,8,"Huber",3,0.0337591217642403,0.0335640065382471,0.0444171376275604,TRUE
"sru_y2_static",50,8,"Huber",4,0.032392419303001,0.0324440641530434,0.0433475927056724,TRUE
"sru_y2_static",50,8,"L1",0,0.0325925336034154,0.0324337378421591,0.0440537354952761,TRUE
"sru_y2_static",50,8,"L1",1,0.0417747548928117,0.0422760868959207,0.0544625198427019,TRUE
"sru_y2_static",50,8,"L1",2,0.0346585603732979,0.0349481601216341,0.0453574158847452,TRUE
"sru_y2_static",50,8,"L1",3,0.0343395017847387,0.0346271551612707,0.0448563478211743,TRUE
"sru_y2_static",50,8,"L1",4,0.0339711151637761,0.0340012293330809,0.0446302679538831,TRUE
"sru_y2_static",50,8,"auto-valgate",0,0.0386521532870668,0.0389276490407823,0.0495125619576866,TRUE
"sru_y2_static",50,8,"auto-valgate",1,0.0366875522983295,0.0367151308385199,0.0477435493808118,TRUE
"sru_y2_static",50,8,"auto-valgate",2,0.0360378622194982,0.0360116222928479,0.0464996779151367,TRUE
"sru_y2_static",50,8,"auto-valgate",3,0.0333386427169534,0.0338111156469662,0.0438832130042344,TRUE
"sru_y2_static",50,8,"auto-valgate",4,0.0345973685679451,0.0333929894076253,0.0471807156362822,TRUE
"sru_y2_static",50,9,"auto",0,0.029466582372502,0.0298582285940114,0.0445126963656133,TRUE
"sru_y2_static",50,9,"auto",1,0.0306692236526674,0.0311515046057185,0.045970530524994,TRUE
"sru_y2_static",50,9,"auto",2,0.0321406566977502,0.0330493494797679,0.0477495455047585,TRUE
"sru_y2_static",50,9,"auto",3,0.0303621255882893,0.0315443640554973,0.0461217720688495,TRUE
"sru_y2_static",50,9,"auto",4,0.0292785985948408,0.0299864255246839,0.0450998098130761,TRUE
"sru_y2_static",50,9,"auto-weak",0,0.0300360800160203,0.0309758988302857,0.0455507726394551,TRUE
"sru_y2_static",50,9,"auto-weak",1,0.0305173165398036,0.0325698465994649,0.046463135563355,TRUE
"sru_y2_static",50,9,"auto-weak",2,0.0313642736672353,0.032065522558626,0.0464323775639344,TRUE
"sru_y2_static",50,9,"auto-weak",3,0.0340802864899107,0.0342765113165713,0.04799336827395,TRUE
"sru_y2_static",50,9,"auto-weak",4,0.03099627854489,0.0343573693883798,0.0493875380367382,TRUE
"sru_y2_static",50,9,"WPMM2",0,0.0314666233565334,0.031950382993386,0.0462543971806876,TRUE
"sru_y2_static",50,9,"WPMM2",1,0.030912484945621,0.032538551115103,0.0471469843762362,TRUE
"sru_y2_static",50,9,"WPMM2",2,0.0335762227018571,0.0339096984702724,0.048716678359314,TRUE
"sru_y2_static",50,9,"WPMM2",3,0.0307937402692563,0.0319723252936125,0.0465476342498994,TRUE
"sru_y2_static",50,9,"WPMM2",4,0.0304916880702323,0.0312922057201191,0.0458409555815983,TRUE
"sru_y2_static",50,9,"WPMM3",0,0.0301333443084445,0.0314948125298946,0.046011885756653,TRUE
"sru_y2_static",50,9,"WPMM3",1,0.0300957854018938,0.0312625593345445,0.0458585389036327,TRUE
"sru_y2_static",50,9,"WPMM3",2,0.0307966197674822,0.0311456341828639,0.0456878031914636,TRUE
"sru_y2_static",50,9,"WPMM3",3,0.0303132919173627,0.0321418290470734,0.0465075209163263,TRUE
"sru_y2_static",50,9,"WPMM3",4,0.030588432110687,0.0317053543488415,0.0464813544974956,TRUE
"sru_y2_static",50,9,"LSE",0,0.0312641054546069,0.0334867876242746,0.0477487031568851,TRUE
"sru_y2_static",50,9,"LSE",1,0.0298131762411592,0.0303055192381774,0.0454571315955971,TRUE
"sru_y2_static",50,9,"LSE",2,0.0286884921503768,0.0305760260067245,0.0446954888827884,TRUE
"sru_y2_static",50,9,"LSE",3,0.0306913404656942,0.0325407932165142,0.0475218955766528,TRUE
"sru_y2_static",50,9,"LSE",4,0.0307321189755446,0.0330584435019197,0.0473406528505993,TRUE
"sru_y2_static",50,9,"ridge-LSE",0,0.028727727206524,0.0293870129533392,0.0443151763092921,TRUE
"sru_y2_static",50,9,"ridge-LSE",1,0.0308996192953136,0.0341324583305255,0.0484499554399541,TRUE
"sru_y2_static",50,9,"ridge-LSE",2,0.0311238680095083,0.0341817197582238,0.0479211554296648,TRUE
"sru_y2_static",50,9,"ridge-LSE",3,0.0306471540038742,0.0313867037355977,0.0457666013717552,TRUE
"sru_y2_static",50,9,"ridge-LSE",4,0.0297833379784968,0.0317659392671892,0.0462626335606167,TRUE
"sru_y2_static",50,9,"Huber",0,0.0313747731139128,0.0324619251308878,0.0475321456183826,TRUE
"sru_y2_static",50,9,"Huber",1,0.0294306260313665,0.0300409044526483,0.0443642526552653,TRUE
"sru_y2_static",50,9,"Huber",2,0.0309214245274001,0.0307630661503305,0.0453964134830102,TRUE
"sru_y2_static",50,9,"Huber",3,0.0296762510394753,0.0299357149343411,0.0447912317434208,TRUE
"sru_y2_static",50,9,"Huber",4,0.0324458898217546,0.0320881358949107,0.0461699193734473,TRUE
"sru_y2_static",50,9,"L1",0,0.0352213953055707,0.0360203178692426,0.049741726627829,TRUE
"sru_y2_static",50,9,"L1",1,0.0331954326982621,0.0334732839641552,0.0479534483342976,TRUE
"sru_y2_static",50,9,"L1",2,0.0323503751862209,0.0331752592526231,0.0476414239316279,TRUE
"sru_y2_static",50,9,"L1",3,0.0382337941610945,0.0387141931793809,0.0510772805200215,TRUE
"sru_y2_static",50,9,"L1",4,0.0373966886043168,0.0385296759946238,0.0517080589927774,TRUE
"sru_y2_static",50,9,"auto-valgate",0,0.0268835769339752,0.0299894079534761,0.0425182835433187,TRUE
"sru_y2_static",50,9,"auto-valgate",1,0.0304871801470752,0.0311360677912783,0.0456706665148959,TRUE
"sru_y2_static",50,9,"auto-valgate",2,0.0324808386812171,0.0325398191618762,0.0473024475278399,TRUE
"sru_y2_static",50,9,"auto-valgate",3,0.0329571119934161,0.033585430638744,0.0476780833844973,TRUE
"sru_y2_static",50,9,"auto-valgate",4,0.0340479737209019,0.0344364187124463,0.0481648702259261,TRUE
"sru_y2_static",50,10,"auto",0,0.0357233396663735,0.0467107257140576,0.0813583130097641,TRUE
"sru_y2_static",50,10,"auto",1,0.0379182442277017,0.0497229599285456,0.0812243272529705,TRUE
"sru_y2_static",50,10,"auto",2,0.0342648618778202,0.0459366973497236,0.0816267911205935,TRUE
"sru_y2_static",50,10,"auto",3,0.0339661837019988,0.0454449226436901,0.0818804822640086,TRUE
"sru_y2_static",50,10,"auto",4,0.0371596285026462,0.0493285266151429,0.0816584575586263,TRUE
"sru_y2_static",50,10,"auto-weak",0,0.0335219707803661,0.0453388800484565,0.0821861214788061,TRUE
"sru_y2_static",50,10,"auto-weak",1,0.0383805146647635,0.051214841517139,0.0829622017707787,TRUE
"sru_y2_static",50,10,"auto-weak",2,0.0341408204041277,0.0468319354474643,0.0844950406705263,TRUE
"sru_y2_static",50,10,"auto-weak",3,0.0344365808862944,0.0460553035275268,0.0812445159218175,TRUE
"sru_y2_static",50,10,"auto-weak",4,0.0351499824073547,0.0476171971041593,0.082601469658293,TRUE
"sru_y2_static",50,10,"WPMM2",0,0.0353115915644795,0.0479432661886916,0.0841849267454646,TRUE
"sru_y2_static",50,10,"WPMM2",1,0.0335478133707122,0.0455125163405943,0.0826236995952752,TRUE
"sru_y2_static",50,10,"WPMM2",2,0.0354058285922542,0.047862311078514,0.0839909160750072,TRUE
"sru_y2_static",50,10,"WPMM2",3,0.0362054641459773,0.0479827553341022,0.0810263456531159,TRUE
"sru_y2_static",50,10,"WPMM2",4,0.0336655356189542,0.0455070376940673,0.0830708944477264,TRUE
"sru_y2_static",50,10,"WPMM3",0,0.0349568943818956,0.047255126402266,0.0828505212953914,TRUE
"sru_y2_static",50,10,"WPMM3",1,0.0338461665456208,0.0455270638630484,0.0828726475886084,TRUE
"sru_y2_static",50,10,"WPMM3",2,0.0365043338845766,0.0485914875073323,0.0830465650839613,TRUE
"sru_y2_static",50,10,"WPMM3",3,0.0361348153171453,0.0482614512881275,0.0829861367438145,TRUE
"sru_y2_static",50,10,"WPMM3",4,0.0352461426267076,0.0464777890641188,0.0807871489246535,TRUE
"sru_y2_static",50,10,"LSE",0,0.0343959802211523,0.046196918063196,0.0816509595792667,TRUE
"sru_y2_static",50,10,"LSE",1,0.0335898117735478,0.0448469085168275,0.0798966511929367,TRUE
"sru_y2_static",50,10,"LSE",2,0.0335227010914479,0.044923836202899,0.0818395252427175,TRUE
"sru_y2_static",50,10,"LSE",3,0.0403300288653637,0.0519786228003912,0.0818687690745168,TRUE
"sru_y2_static",50,10,"LSE",4,0.0333656426675631,0.0448837943023711,0.0811820562001187,TRUE
"sru_y2_static",50,10,"ridge-LSE",0,0.0340532081689732,0.0452516857086639,0.0816925088724188,TRUE
"sru_y2_static",50,10,"ridge-LSE",1,0.0332867474283675,0.043788398431026,0.0771602951184881,TRUE
"sru_y2_static",50,10,"ridge-LSE",2,0.0335202449145873,0.0449174004271642,0.081418782673163,TRUE
"sru_y2_static",50,10,"ridge-LSE",3,0.0344251902857456,0.0459676200971805,0.0796850761188908,TRUE
"sru_y2_static",50,10,"ridge-LSE",4,0.0343434947567535,0.0461422195823909,0.0838541305941368,TRUE
"sru_y2_static",50,10,"Huber",0,0.0371616204229125,0.0470640931961659,0.0775561204813546,TRUE
"sru_y2_static",50,10,"Huber",1,0.0338050478727047,0.0455251262331613,0.0829782365612674,TRUE
"sru_y2_static",50,10,"Huber",2,0.0337394528297496,0.0452920596562992,0.0821637842730115,TRUE
"sru_y2_static",50,10,"Huber",3,0.0338581051174578,0.045439140581116,0.0826813573775435,TRUE
"sru_y2_static",50,10,"Huber",4,0.0340043234512636,0.045295367821105,0.0820641854878243,TRUE
"sru_y2_static",50,10,"L1",0,0.0341118192801973,0.0460644241153565,0.0834091573902174,TRUE
"sru_y2_static",50,10,"L1",1,0.0340722191632458,0.0459431184340908,0.0827773983147626,TRUE
"sru_y2_static",50,10,"L1",2,0.0336509006652301,0.0451464854851117,0.0820535555449309,TRUE
"sru_y2_static",50,10,"L1",3,0.0335112256907258,0.0449155115831306,0.0811491863035468,TRUE
"sru_y2_static",50,10,"L1",4,0.0337408790694072,0.0453978552477122,0.0827200403308662,TRUE
"sru_y2_static",50,10,"auto-valgate",0,0.0337168252714432,0.045834689930166,0.0826132259466067,TRUE
"sru_y2_static",50,10,"auto-valgate",1,0.0385806778861091,0.0441487252906892,0.0643800542021172,TRUE
"sru_y2_static",50,10,"auto-valgate",2,0.034073574206417,0.0451615471109634,0.0813746641757247,TRUE
"sru_y2_static",50,10,"auto-valgate",3,0.0343401007554397,0.0454880827700791,0.0808899525668536,TRUE
"sru_y2_static",50,10,"auto-valgate",4,0.0337564606910015,0.0455604756716374,0.0831853388350995,TRUE
