"dataset","protocol","split","arm","method","seed_rep","sigma","library","inner","gap","trmse","mae","rmse","q90","ok","n_LSE","n_Huber","n_L1","n_WPMM2","n_WPMM3"
"islr_credit_balance","random",1,"noweak","auto-valgate",0,2.5,"LSE+Huber+L1","blocked",NA,48.0131300780918,77.2321970418313,146.777562662258,158.987421676809,TRUE,0,10,8,0,0
"islr_credit_balance","random",2,"noweak","auto-valgate",0,2.5,"LSE+Huber+L1","blocked",NA,71.5279934738309,82.4932317165382,133.365823113211,223.045912982036,TRUE,0,7,11,0,0
"islr_credit_balance","random",3,"noweak","auto-valgate",0,2.5,"LSE+Huber+L1","blocked",NA,71.4169496664294,86.2362142432552,140.628635250933,291.861106699141,TRUE,2,14,2,0,0
"islr_credit_balance","random",4,"noweak","auto-valgate",0,2.5,"LSE+Huber+L1","blocked",NA,80.4998656430694,102.7777315276,201.041718963073,352.162160948392,TRUE,3,12,3,0,0
"islr_credit_balance","random",5,"noweak","auto-valgate",0,2.5,"LSE+Huber+L1","blocked",NA,55.048877435026,70.8998950601226,114.705882117951,179.82067373436,TRUE,1,6,11,0,0
"islr_credit_balance","random",6,"noweak","auto-valgate",0,2.5,"LSE+Huber+L1","blocked",NA,41.8808117851244,59.4116535321023,106.571102148445,104.454984227121,TRUE,2,8,8,0,0
"islr_credit_balance","random",7,"noweak","auto-valgate",0,2.5,"LSE+Huber+L1","blocked",NA,74.0379172088557,86.0886300651674,121.049012690036,186.20256643933,TRUE,0,12,6,0,0
"islr_credit_balance","random",8,"noweak","auto-valgate",0,2.5,"LSE+Huber+L1","blocked",NA,50.1745564631301,68.1568613823696,118.271007109957,150.602637146843,TRUE,0,10,8,0,0
"islr_credit_balance","random",9,"noweak","auto-valgate",0,2.5,"LSE+Huber+L1","blocked",NA,48.4754321796854,59.9595207906522,97.246945690777,97.5821611334522,TRUE,0,7,11,0,0
"islr_credit_balance","random",10,"noweak","auto-valgate",0,2.5,"LSE+Huber+L1","blocked",NA,83.4547676829012,91.9445053056839,151.254554285575,325.122649826659,TRUE,2,15,1,0,0
"islr_credit_balance","random",11,"noweak","auto-valgate",0,2.5,"LSE+Huber+L1","blocked",NA,70.1041900680822,95.9420451447296,179.241291284969,366.852625548145,TRUE,0,11,7,0,0
"islr_credit_balance","random",12,"noweak","auto-valgate",0,2.5,"LSE+Huber+L1","blocked",NA,43.2636501451092,68.617581655886,134.770746491689,101.623195483914,TRUE,3,12,3,0,0
"islr_credit_balance","random",13,"noweak","auto-valgate",0,2.5,"LSE+Huber+L1","blocked",NA,61.2862079271351,72.5224378865359,110.854078735118,129.525545142834,TRUE,1,10,7,0,0
"islr_credit_balance","random",14,"noweak","auto-valgate",0,2.5,"LSE+Huber+L1","blocked",NA,66.54201918994,87.8962422439614,156.690528275131,269.808900387959,TRUE,0,6,12,0,0
"islr_credit_balance","random",15,"noweak","auto-valgate",0,2.5,"LSE+Huber+L1","blocked",NA,48.8705836999282,76.1625385827809,143.53702072315,102.04349838309,TRUE,1,8,9,0,0
"islr_credit_balance","random",16,"noweak","auto-valgate",0,2.5,"LSE+Huber+L1","blocked",NA,76.3183772691159,92.8994541129464,152.062347043308,324.607792023467,TRUE,4,13,1,0,0
"islr_credit_balance","random",17,"noweak","auto-valgate",0,2.5,"LSE+Huber+L1","blocked",NA,44.6318075784686,65.4782516021936,124.184104852264,126.838463835612,TRUE,2,10,6,0,0
"islr_credit_balance","random",18,"noweak","auto-valgate",0,2.5,"LSE+Huber+L1","blocked",NA,79.2700679857807,94.267350831035,141.802996063762,210.751264697038,TRUE,2,5,11,0,0
"islr_credit_balance","random",19,"noweak","auto-valgate",0,2.5,"LSE+Huber+L1","blocked",NA,58.0492550215803,74.1021764430343,118.259655496747,123.038240189731,TRUE,0,8,10,0,0
"islr_credit_balance","random",20,"noweak","auto-valgate",0,2.5,"LSE+Huber+L1","blocked",NA,57.4666771584625,70.4116174722532,107.89655249094,116.444527688784,TRUE,2,7,9,0,0
"islr_credit_balance","random",21,"noweak","auto-valgate",0,2.5,"LSE+Huber+L1","blocked",NA,41.5577019376135,59.0845125900118,114.760754905979,93.4457989984993,TRUE,2,12,4,0,0
"islr_credit_balance","random",22,"noweak","auto-valgate",0,2.5,"LSE+Huber+L1","blocked",NA,47.5595195194187,70.2408093804216,127.957258816381,120.479218912259,TRUE,0,9,9,0,0
"islr_credit_balance","random",23,"noweak","auto-valgate",0,2.5,"LSE+Huber+L1","blocked",NA,65.834561138832,82.5367341219736,154.213673172543,320.36291956487,TRUE,2,10,6,0,0
"islr_credit_balance","random",24,"noweak","auto-valgate",0,2.5,"LSE+Huber+L1","blocked",NA,113.721435158786,108.646495497836,176.507766272229,396.490612905816,TRUE,3,11,4,0,0
"islr_credit_balance","random",25,"noweak","auto-valgate",0,2.5,"LSE+Huber+L1","blocked",NA,69.299272656306,78.0850112005125,107.660544468592,166.812567092019,TRUE,0,10,8,0,0
"islr_credit_balance","random",26,"noweak","auto-valgate",0,2.5,"LSE+Huber+L1","blocked",NA,45.6208136554372,62.6155476760235,108.243989421241,97.5938583156066,TRUE,0,14,4,0,0
"islr_credit_balance","random",27,"noweak","auto-valgate",0,2.5,"LSE+Huber+L1","blocked",NA,49.4257765408588,71.2674522616604,123.249804726482,114.967952282362,TRUE,1,7,10,0,0
"islr_credit_balance","random",28,"noweak","auto-valgate",0,2.5,"LSE+Huber+L1","blocked",NA,45.4428382115228,83.7549883175297,176.687635543645,116.363296372126,TRUE,1,10,7,0,0
"islr_credit_balance","random",29,"noweak","auto-valgate",0,2.5,"LSE+Huber+L1","blocked",NA,58.0125307558913,79.3281861788093,133.463244078977,164.193303531556,TRUE,3,13,2,0,0
"islr_credit_balance","random",30,"noweak","auto-valgate",0,2.5,"LSE+Huber+L1","blocked",NA,66.8607229098734,84.62230607834,134.10102455811,153.713226857894,TRUE,4,8,6,0,0
"islr_credit_balance","random",1,"noweak","auto-valgate",1,2.5,"LSE+Huber+L1","blocked",NA,50.1233522286244,76.1785589259643,138.098670092164,154.454454020457,TRUE,0,8,10,0,0
"islr_credit_balance","random",2,"noweak","auto-valgate",1,2.5,"LSE+Huber+L1","blocked",NA,67.4706009767773,77.9442277403705,126.02829595064,246.828371073349,TRUE,0,7,11,0,0
"islr_credit_balance","random",3,"noweak","auto-valgate",1,2.5,"LSE+Huber+L1","blocked",NA,78.0697262881069,99.1865568339814,176.765180714285,356.680666412199,TRUE,4,12,2,0,0
"islr_credit_balance","random",4,"noweak","auto-valgate",1,2.5,"LSE+Huber+L1","blocked",NA,99.6272415479579,101.397603889828,162.157642322236,334.198362738643,TRUE,0,12,6,0,0
"islr_credit_balance","random",5,"noweak","auto-valgate",1,2.5,"LSE+Huber+L1","blocked",NA,74.9139596357129,85.0495017022922,121.270333731824,170.48409651914,TRUE,2,4,12,0,0
"islr_credit_balance","random",6,"noweak","auto-valgate",1,2.5,"LSE+Huber+L1","blocked",NA,60.1989015192203,73.8897025675297,117.62585930373,149.501216336671,TRUE,2,10,6,0,0
"islr_credit_balance","random",7,"noweak","auto-valgate",1,2.5,"LSE+Huber+L1","blocked",NA,70.458517769564,85.2185772411917,130.338336810321,185.878801927643,TRUE,0,12,6,0,0
"islr_credit_balance","random",8,"noweak","auto-valgate",1,2.5,"LSE+Huber+L1","blocked",NA,53.2946302996806,70.234961232618,122.21111934047,152.21875348433,TRUE,1,10,7,0,0
"islr_credit_balance","random",9,"noweak","auto-valgate",1,2.5,"LSE+Huber+L1","blocked",NA,48.970664008211,62.0372422625489,106.207950413577,127.824270189459,TRUE,2,11,5,0,0
"islr_credit_balance","random",10,"noweak","auto-valgate",1,2.5,"LSE+Huber+L1","blocked",NA,79.2339906137153,90.8780090504981,156.27540789653,299.741353786937,TRUE,1,12,5,0,0
"islr_credit_balance","random",11,"noweak","auto-valgate",1,2.5,"LSE+Huber+L1","blocked",NA,71.5308903930179,82.3959545746065,138.961744914205,261.141009529427,TRUE,0,10,8,0,0
"islr_credit_balance","random",12,"noweak","auto-valgate",1,2.5,"LSE+Huber+L1","blocked",NA,45.0543421696504,59.3333658686317,96.3919582037683,110.247431528583,TRUE,1,12,5,0,0
"islr_credit_balance","random",13,"noweak","auto-valgate",1,2.5,"LSE+Huber+L1","blocked",NA,49.7081474024409,58.9526230824423,92.7492487915271,100.76583838721,TRUE,0,10,8,0,0
"islr_credit_balance","random",14,"noweak","auto-valgate",1,2.5,"LSE+Huber+L1","blocked",NA,60.3680958110712,83.4138056138467,150.20479793046,262.330063445437,TRUE,1,9,8,0,0
"islr_credit_balance","random",15,"noweak","auto-valgate",1,2.5,"LSE+Huber+L1","blocked",NA,43.6446561703413,69.7125323320572,134.350734114981,97.6474417167111,TRUE,2,9,7,0,0
"islr_credit_balance","random",16,"noweak","auto-valgate",1,2.5,"LSE+Huber+L1","blocked",NA,72.6846475065033,96.2834696986772,180.020502063174,360.899863820162,TRUE,1,11,6,0,0
"islr_credit_balance","random",17,"noweak","auto-valgate",1,2.5,"LSE+Huber+L1","blocked",NA,44.4572356089548,74.1981019158822,145.546123018464,103.435058020897,TRUE,4,7,7,0,0
"islr_credit_balance","random",18,"noweak","auto-valgate",1,2.5,"LSE+Huber+L1","blocked",NA,81.690869247965,94.4274874404868,160.037995833594,314.474713762874,TRUE,1,10,7,0,0
"islr_credit_balance","random",19,"noweak","auto-valgate",1,2.5,"LSE+Huber+L1","blocked",NA,50.3542900691624,70.2034396765471,123.364017267786,102.791096401946,TRUE,1,6,11,0,0
"islr_credit_balance","random",20,"noweak","auto-valgate",1,2.5,"LSE+Huber+L1","blocked",NA,37.1053477125134,52.4622423824674,101.954705977266,87.7718163394398,TRUE,2,13,3,0,0
"islr_credit_balance","random",21,"noweak","auto-valgate",1,2.5,"LSE+Huber+L1","blocked",NA,53.4715916598187,68.3981682213704,111.673041788128,141.612914803839,TRUE,2,7,9,0,0
"islr_credit_balance","random",22,"noweak","auto-valgate",1,2.5,"LSE+Huber+L1","blocked",NA,48.7161805342206,73.2756599304149,133.428846794197,130.634043578778,TRUE,0,11,7,0,0
"islr_credit_balance","random",23,"noweak","auto-valgate",1,2.5,"LSE+Huber+L1","blocked",NA,45.8571940693742,77.3479844461943,153.118007433526,176.59371226218,TRUE,2,5,11,0,0
"islr_credit_balance","random",24,"noweak","auto-valgate",1,2.5,"LSE+Huber+L1","blocked",NA,109.585564883199,109.369500688794,182.816410657964,412.515069389613,TRUE,4,8,6,0,0
"islr_credit_balance","random",25,"noweak","auto-valgate",1,2.5,"LSE+Huber+L1","blocked",NA,56.9050578863263,78.5453647918671,136.442350802722,159.178207041717,TRUE,1,11,6,0,0
"islr_credit_balance","random",26,"noweak","auto-valgate",1,2.5,"LSE+Huber+L1","blocked",NA,48.1351036629192,64.0612493179067,107.976502928757,105.933248749829,TRUE,1,15,2,0,0
"islr_credit_balance","random",27,"noweak","auto-valgate",1,2.5,"LSE+Huber+L1","blocked",NA,51.5148503646226,81.2779168728592,148.526560877677,126.883972271573,TRUE,1,8,9,0,0
"islr_credit_balance","random",28,"noweak","auto-valgate",1,2.5,"LSE+Huber+L1","blocked",NA,50.0997185643061,76.7596776862523,139.341411942708,154.750177109861,TRUE,1,14,3,0,0
"islr_credit_balance","random",29,"noweak","auto-valgate",1,2.5,"LSE+Huber+L1","blocked",NA,59.4896797670144,81.9608885632471,143.819459785832,227.669104641606,TRUE,0,11,7,0,0
"islr_credit_balance","random",30,"noweak","auto-valgate",1,2.5,"LSE+Huber+L1","blocked",NA,58.8639138580872,78.3825518943119,125.517660149642,147.3358011018,TRUE,1,12,5,0,0
"islr_credit_balance","random",1,"noweak","auto-valgate",2,2.5,"LSE+Huber+L1","blocked",NA,76.390790891718,96.3782542241938,172.908405793381,385.488543412639,TRUE,0,13,5,0,0
"islr_credit_balance","random",2,"noweak","auto-valgate",2,2.5,"LSE+Huber+L1","blocked",NA,69.9915154083138,79.2913825319991,132.100348885222,236.688198379975,TRUE,1,13,4,0,0
"islr_credit_balance","random",3,"noweak","auto-valgate",2,2.5,"LSE+Huber+L1","blocked",NA,65.5152343878084,80.5682560314604,123.208466189398,192.238529951027,TRUE,1,9,8,0,0
"islr_credit_balance","random",4,"noweak","auto-valgate",2,2.5,"LSE+Huber+L1","blocked",NA,105.060859802848,100.927253291427,170.022971264586,379.430146468773,TRUE,4,8,6,0,0
"islr_credit_balance","random",5,"noweak","auto-valgate",2,2.5,"LSE+Huber+L1","blocked",NA,73.1209422496991,86.7362080495629,127.813732098847,218.461068251179,TRUE,1,11,6,0,0
"islr_credit_balance","random",6,"noweak","auto-valgate",2,2.5,"LSE+Huber+L1","blocked",NA,59.9867301312131,79.0379443251645,134.240569783503,173.496500146033,TRUE,2,9,7,0,0
"islr_credit_balance","random",7,"noweak","auto-valgate",2,2.5,"LSE+Huber+L1","blocked",NA,61.4049976629625,73.5880952703781,115.78281746902,186.010047302512,TRUE,1,8,9,0,0
"islr_credit_balance","random",8,"noweak","auto-valgate",2,2.5,"LSE+Huber+L1","blocked",NA,60.52683916037,81.8948326862438,165.335270860336,140.063795991217,TRUE,0,12,6,0,0
"islr_credit_balance","random",9,"noweak","auto-valgate",2,2.5,"LSE+Huber+L1","blocked",NA,65.7447003335179,71.4879532128743,101.585315769641,176.521954764743,TRUE,0,10,8,0,0
"islr_credit_balance","random",10,"noweak","auto-valgate",2,2.5,"LSE+Huber+L1","blocked",NA,88.8593573279645,100.786844742723,179.352389342576,374.402334563535,TRUE,0,12,6,0,0
"islr_credit_balance","random",11,"noweak","auto-valgate",2,2.5,"LSE+Huber+L1","blocked",NA,62.1968958580555,78.6823958088818,132.674833681813,227.863876772399,TRUE,2,15,1,0,0
"islr_credit_balance","random",12,"noweak","auto-valgate",2,2.5,"LSE+Huber+L1","blocked",NA,48.166572604599,63.9955048059216,107.324391230168,103.793351797859,TRUE,0,9,9,0,0
"islr_credit_balance","random",13,"noweak","auto-valgate",2,2.5,"LSE+Huber+L1","blocked",NA,54.2175185260238,59.5067561141115,91.9840211027455,117.410384782381,TRUE,2,3,13,0,0
"islr_credit_balance","random",14,"noweak","auto-valgate",2,2.5,"LSE+Huber+L1","blocked",NA,67.9497389235112,85.9906881942499,155.541311916,314.195623474693,TRUE,2,9,7,0,0
"islr_credit_balance","random",15,"noweak","auto-valgate",2,2.5,"LSE+Huber+L1","blocked",NA,57.1188417822644,83.846344438149,144.130574570036,118.788786489127,TRUE,1,6,11,0,0
"islr_credit_balance","random",16,"noweak","auto-valgate",2,2.5,"LSE+Huber+L1","blocked",NA,70.9797755321694,84.0783920269427,127.169576918448,215.860877970544,TRUE,2,11,5,0,0
"islr_credit_balance","random",17,"noweak","auto-valgate",2,2.5,"LSE+Huber+L1","blocked",NA,42.9561284438583,66.0887449247195,124.947906005043,112.276986749316,TRUE,2,5,11,0,0
"islr_credit_balance","random",18,"noweak","auto-valgate",2,2.5,"LSE+Huber+L1","blocked",NA,83.5418727335401,93.2082072045236,150.218299661257,290.39608810382,TRUE,0,10,8,0,0
"islr_credit_balance","random",19,"noweak","auto-valgate",2,2.5,"LSE+Huber+L1","blocked",NA,50.9790716245579,71.5946894012134,126.142564183682,106.536632606285,TRUE,0,14,4,0,0
"islr_credit_balance","random",20,"noweak","auto-valgate",2,2.5,"LSE+Huber+L1","blocked",NA,44.4581276430153,57.9778479634998,98.9711489155939,92.4387699096111,TRUE,0,12,6,0,0
"islr_credit_balance","random",21,"noweak","auto-valgate",2,2.5,"LSE+Huber+L1","blocked",NA,55.1588634015367,69.2966062474945,111.320614318992,114.57278773131,TRUE,2,12,4,0,0
"islr_credit_balance","random",22,"noweak","auto-valgate",2,2.5,"LSE+Huber+L1","blocked",NA,44.6366691233311,86.086126382304,184.85927654124,151.369622966533,TRUE,2,10,6,0,0
"islr_credit_balance","random",23,"noweak","auto-valgate",2,2.5,"LSE+Huber+L1","blocked",NA,57.0262501620075,78.0677126708784,150.007363072457,287.438326404396,TRUE,4,9,5,0,0
"islr_credit_balance","random",24,"noweak","auto-valgate",2,2.5,"LSE+Huber+L1","blocked",NA,99.9139103751418,101.835363407838,176.306170661881,400.105706520301,TRUE,2,9,7,0,0
"islr_credit_balance","random",25,"noweak","auto-valgate",2,2.5,"LSE+Huber+L1","blocked",NA,75.6126468437899,86.0713872111127,129.48357611747,214.499396823691,TRUE,1,6,11,0,0
"islr_credit_balance","random",26,"noweak","auto-valgate",2,2.5,"LSE+Huber+L1","blocked",NA,41.8460292878629,60.9367667576422,107.007482453861,98.4666707134422,TRUE,2,10,6,0,0
"islr_credit_balance","random",27,"noweak","auto-valgate",2,2.5,"LSE+Huber+L1","blocked",NA,43.4802104706042,68.9036983182075,128.783126413356,97.5461625407492,TRUE,1,7,10,0,0
"islr_credit_balance","random",28,"noweak","auto-valgate",2,2.5,"LSE+Huber+L1","blocked",NA,51.2435866357662,74.9277077596261,133.851804969361,216.375715994886,TRUE,0,11,7,0,0
"islr_credit_balance","random",29,"noweak","auto-valgate",2,2.5,"LSE+Huber+L1","blocked",NA,49.7511333576141,77.5112707019226,147.315549006836,206.243085471119,TRUE,1,9,8,0,0
"islr_credit_balance","random",30,"noweak","auto-valgate",2,2.5,"LSE+Huber+L1","blocked",NA,63.5430210935782,82.141874026596,130.45283950253,148.413738537746,TRUE,2,8,8,0,0
"islr_credit_balance","random",1,"selfreq","auto-valgate",0,2.5,"full","blocked",NA,57.8569032284538,82.4925982592392,137.579673129803,153.481194137543,TRUE,0,6,2,8,2
"islr_credit_balance","random",2,"selfreq","auto-valgate",0,2.5,"full","blocked",NA,63.7212573609561,76.2136096058891,128.165272237464,243.988503145823,TRUE,0,1,3,4,10
"islr_credit_balance","random",3,"selfreq","auto-valgate",0,2.5,"full","blocked",NA,70.607811985725,87.0102276220111,145.427124381392,263.758431120758,TRUE,2,4,1,1,10
"islr_credit_balance","random",4,"selfreq","auto-valgate",0,2.5,"full","blocked",NA,112.226214713816,110.650832617287,195.116556326311,453.392619539383,TRUE,4,1,0,2,11
"islr_credit_balance","random",5,"selfreq","auto-valgate",0,2.5,"full","blocked",NA,57.5084904024691,74.6226795932596,125.142097103015,201.986334456297,TRUE,1,1,6,6,4
"islr_credit_balance","random",6,"selfreq","auto-valgate",0,2.5,"full","blocked",NA,62.0268764784095,77.015501215194,120.235529857177,142.144002539009,TRUE,2,1,0,6,9
"islr_credit_balance","random",7,"selfreq","auto-valgate",0,2.5,"full","blocked",NA,61.9283947714896,88.2292287454203,154.498111612093,266.284215744365,TRUE,0,2,1,6,9
"islr_credit_balance","random",8,"selfreq","auto-valgate",0,2.5,"full","blocked",NA,51.4919049672997,69.5912944868504,118.564772322368,136.705999129596,TRUE,0,2,2,9,5
"islr_credit_balance","random",9,"selfreq","auto-valgate",0,2.5,"full","blocked",NA,50.9311886816428,76.6561750382355,141.245507144377,112.137906819617,TRUE,0,5,3,2,8
"islr_credit_balance","random",10,"selfreq","auto-valgate",0,2.5,"full","blocked",NA,82.0091876462246,87.6398041063474,139.986097186307,293.713801526153,TRUE,0,7,2,6,3
"islr_credit_balance","random",11,"selfreq","auto-valgate",0,2.5,"full","blocked",NA,70.0751328587424,96.7057384509838,182.751714099917,377.80843904907,TRUE,0,2,6,2,8
"islr_credit_balance","random",12,"selfreq","auto-valgate",0,2.5,"full","blocked",NA,42.637645776583,68.2298268580709,134.851052710731,89.7944729291825,TRUE,3,3,3,1,8
"islr_credit_balance","random",13,"selfreq","auto-valgate",0,2.5,"full","blocked",NA,55.3905894266316,65.6460449140486,101.783474527954,117.118997937255,TRUE,1,1,1,7,8
"islr_credit_balance","random",14,"selfreq","auto-valgate",0,2.5,"full","blocked",NA,70.7996644392391,89.7177968928107,161.554825607561,278.717801634625,TRUE,0,3,3,5,7
"islr_credit_balance","random",15,"selfreq","auto-valgate",0,2.5,"full","blocked",NA,41.5626627201282,74.7112349844084,150.38710805958,104.358480817303,TRUE,1,0,2,13,2
"islr_credit_balance","random",16,"selfreq","auto-valgate",0,2.5,"full","blocked",NA,74.3506069464232,92.1847282151866,154.060734645631,358.34884602268,TRUE,3,0,0,7,8
"islr_credit_balance","random",17,"selfreq","auto-valgate",0,2.5,"full","blocked",NA,41.4781298955786,67.1199137808545,133.744831937082,119.587666191117,TRUE,2,1,0,7,8
"islr_credit_balance","random",18,"selfreq","auto-valgate",0,2.5,"full","blocked",NA,80.1587985818043,91.8654187315307,150.749401633305,280.825599371453,TRUE,2,1,5,4,6
"islr_credit_balance","random",19,"selfreq","auto-valgate",0,2.5,"full","blocked",NA,54.5840757490708,75.4309864688412,130.685998271993,114.308763542761,TRUE,0,6,2,7,3
"islr_credit_balance","random",20,"selfreq","auto-valgate",0,2.5,"full","blocked",NA,42.6806184162969,60.1071369542364,112.568694599434,83.1846245471225,TRUE,2,1,1,7,7
"islr_credit_balance","random",21,"selfreq","auto-valgate",0,2.5,"full","blocked",NA,37.6909060274223,57.7199563757239,115.176407190647,90.1328291842612,TRUE,2,2,0,6,8
"islr_credit_balance","random",22,"selfreq","auto-valgate",0,2.5,"full","blocked",NA,55.5401240479749,80.2249829333754,140.008749303065,138.238697132759,TRUE,0,0,0,8,10
"islr_credit_balance","random",23,"selfreq","auto-valgate",0,2.5,"full","blocked",NA,60.4998042536838,79.5711735175511,149.949466305127,304.903845449466,TRUE,2,1,1,2,12
"islr_credit_balance","random",24,"selfreq","auto-valgate",0,2.5,"full","blocked",NA,92.7432512007064,102.84838530527,188.260071082777,462.271461774514,TRUE,4,0,0,1,13
"islr_credit_balance","random",25,"selfreq","auto-valgate",0,2.5,"full","blocked",NA,62.1987000526646,73.9224560583479,117.906081670971,158.746965044147,TRUE,2,2,6,3,5
"islr_credit_balance","random",26,"selfreq","auto-valgate",0,2.5,"full","blocked",NA,44.9306368607914,68.8732184315387,133.848344605811,102.825836003841,TRUE,0,3,0,0,15
"islr_credit_balance","random",27,"selfreq","auto-valgate",0,2.5,"full","blocked",NA,50.3840534162488,77.8847860917257,140.985759392978,123.786013503225,TRUE,1,2,1,2,12
"islr_credit_balance","random",28,"selfreq","auto-valgate",0,2.5,"full","blocked",NA,49.6219312330065,73.8958872290713,137.069191342675,208.113607949577,TRUE,1,4,3,5,5
"islr_credit_balance","random",29,"selfreq","auto-valgate",0,2.5,"full","blocked",NA,49.8695471499413,82.2869840626519,155.165175828294,172.440974117084,TRUE,3,1,1,5,8
"islr_credit_balance","random",30,"selfreq","auto-valgate",0,2.5,"full","blocked",NA,53.35097300009,126.600156390091,521.397190140138,134.513622265102,TRUE,3,2,5,3,5
"islr_credit_balance","random",1,"selfreq","auto-valgate",1,2.5,"full","blocked",NA,50.4832298760147,78.4250066859208,146.466275128031,162.197933372208,TRUE,0,2,3,4,9
"islr_credit_balance","random",2,"selfreq","auto-valgate",1,2.5,"full","blocked",NA,52.9099928108925,74.5977521062852,136.763083547906,165.027382817099,TRUE,0,4,4,2,8
"islr_credit_balance","random",3,"selfreq","auto-valgate",1,2.5,"full","blocked",NA,76.5862586508393,98.0429007304336,177.321093720818,361.293314224418,TRUE,4,1,1,0,12
"islr_credit_balance","random",4,"selfreq","auto-valgate",1,2.5,"full","blocked",NA,101.202423393994,104.224668662951,169.837375811909,365.534808215821,TRUE,0,2,1,5,10
"islr_credit_balance","random",5,"selfreq","auto-valgate",1,2.5,"full","blocked",NA,75.661304174537,86.5440661460759,127.677800017968,206.098870868392,TRUE,2,5,3,1,7
"islr_credit_balance","random",6,"selfreq","auto-valgate",1,2.5,"full","blocked",NA,45.8829955948057,66.6587349725599,124.471414589456,136.150946568387,TRUE,2,2,2,3,9
"islr_credit_balance","random",7,"selfreq","auto-valgate",1,2.5,"full","blocked",NA,72.404592073381,113.801164975747,287.508679370085,312.818848343124,TRUE,0,2,4,3,9
"islr_credit_balance","random",8,"selfreq","auto-valgate",1,2.5,"full","blocked",NA,51.0571094337983,68.2194937358276,120.987045609327,138.483168012033,TRUE,1,2,2,4,9
"islr_credit_balance","random",9,"selfreq","auto-valgate",1,2.5,"full","blocked",NA,43.5014396107827,56.1249319375061,98.8469461238433,98.7871752618561,TRUE,2,0,4,4,8
"islr_credit_balance","random",10,"selfreq","auto-valgate",1,2.5,"full","blocked",NA,78.7741594446402,92.7066859742846,155.66410145938,291.943547133985,TRUE,1,2,1,4,10
"islr_credit_balance","random",11,"selfreq","auto-valgate",1,2.5,"full","blocked",NA,72.051659293424,81.7014589479652,138.10215526954,262.61786678572,TRUE,0,7,4,3,4
"islr_credit_balance","random",12,"selfreq","auto-valgate",1,2.5,"full","blocked",NA,41.0502636748758,59.0099413291958,105.219828512262,88.2759788859459,TRUE,0,3,1,5,9
"islr_credit_balance","random",13,"selfreq","auto-valgate",1,2.5,"full","blocked",NA,47.1504888201261,55.215206323171,89.3784242373027,98.6482103710223,TRUE,0,2,5,3,8
"islr_credit_balance","random",14,"selfreq","auto-valgate",1,2.5,"full","blocked",NA,56.4566731083646,86.100069532615,161.350793964884,213.428554580427,TRUE,1,5,3,4,5
"islr_credit_balance","random",15,"selfreq","auto-valgate",1,2.5,"full","blocked",NA,41.5447765754947,76.9307882031951,157.668049166942,88.3048506979773,TRUE,2,0,0,13,3
"islr_credit_balance","random",16,"selfreq","auto-valgate",1,2.5,"full","blocked",NA,87.3694825954998,98.8085549923919,160.061814833839,355.257012443316,TRUE,0,5,2,4,7
"islr_credit_balance","random",17,"selfreq","auto-valgate",1,2.5,"full","blocked",NA,44.6127227691552,70.8053305919557,134.752321632492,121.40003706823,TRUE,4,3,1,6,4
"islr_credit_balance","random",18,"selfreq","auto-valgate",1,2.5,"full","blocked",NA,68.4150418728045,82.0352010889253,136.002969939146,228.032578586995,TRUE,1,4,4,2,7
"islr_credit_balance","random",19,"selfreq","auto-valgate",1,2.5,"full","blocked",NA,50.9125026590318,76.617305959823,137.623214584241,111.586964273479,TRUE,1,1,3,9,4
"islr_credit_balance","random",20,"selfreq","auto-valgate",1,2.5,"full","blocked",NA,42.2445046663374,55.7888739845295,100.786304735143,96.738095068568,TRUE,2,2,4,1,9
"islr_credit_balance","random",21,"selfreq","auto-valgate",1,2.5,"full","blocked",NA,52.0456213428579,67.5131149185261,117.438494097052,116.219186738834,TRUE,2,1,2,11,2
"islr_credit_balance","random",22,"selfreq","auto-valgate",1,2.5,"full","blocked",NA,46.0685383793061,72.3097863215754,133.072300473636,109.802994123748,TRUE,0,2,4,6,6
"islr_credit_balance","random",23,"selfreq","auto-valgate",1,2.5,"full","blocked",NA,63.1846628925556,80.4688788726732,151.629355001929,283.685140672327,TRUE,2,1,4,4,7
"islr_credit_balance","random",24,"selfreq","auto-valgate",1,2.5,"full","blocked",NA,104.849013935131,113.194358406372,182.371504656125,380.426551154939,TRUE,4,2,2,1,9
"islr_credit_balance","random",25,"selfreq","auto-valgate",1,2.5,"full","blocked",NA,54.9929577002635,71.9857153952642,116.000531772807,142.327969864601,TRUE,1,1,0,10,6
"islr_credit_balance","random",26,"selfreq","auto-valgate",1,2.5,"full","blocked",NA,38.759401702951,60.3641575119795,118.379743212656,88.6537122246941,TRUE,1,1,0,2,14
"islr_credit_balance","random",27,"selfreq","auto-valgate",1,2.5,"full","blocked",NA,49.6485524370341,80.8241136802623,151.05885103549,126.745047433803,TRUE,1,3,1,1,12
"islr_credit_balance","random",28,"selfreq","auto-valgate",1,2.5,"full","blocked",NA,49.8568771820851,75.5808456630142,133.167625811211,172.701232695514,TRUE,1,3,0,5,9
"islr_credit_balance","random",29,"selfreq","auto-valgate",1,2.5,"full","blocked",NA,59.2291383736116,82.690654794033,148.165775760646,228.447224406673,TRUE,0,2,5,3,8
"islr_credit_balance","random",30,"selfreq","auto-valgate",1,2.5,"full","blocked",NA,52.7266612600796,75.9113857645219,132.394869550119,131.486524938561,TRUE,1,9,2,3,3
"islr_credit_balance","random",1,"selfreq","auto-valgate",2,2.5,"full","blocked",NA,73.6246578852577,93.7114213520338,170.502421405496,370.511264616172,TRUE,0,3,0,0,15
"islr_credit_balance","random",2,"selfreq","auto-valgate",2,2.5,"full","blocked",NA,55.1162641019488,75.5506844541401,131.756601090432,167.155251486973,TRUE,1,2,2,4,9
"islr_credit_balance","random",3,"selfreq","auto-valgate",2,2.5,"full","blocked",NA,68.6558177565064,87.7258145847009,148.92053827448,293.671471244936,TRUE,0,2,0,11,5
"islr_credit_balance","random",4,"selfreq","auto-valgate",2,2.5,"full","blocked",NA,102.870989207161,98.9341911713663,170.686780720375,399.622332129754,TRUE,4,1,3,4,6
"islr_credit_balance","random",5,"selfreq","auto-valgate",2,2.5,"full","blocked",NA,53.8594350966631,69.6625964754476,122.743975253892,208.294990035129,TRUE,1,3,3,1,10
"islr_credit_balance","random",6,"selfreq","auto-valgate",2,2.5,"full","blocked",NA,48.950034023748,66.7721902714496,120.507806891288,159.187074091732,TRUE,2,1,1,5,9
"islr_credit_balance","random",7,"selfreq","auto-valgate",2,2.5,"full","blocked",NA,57.3696657612188,79.8409592885935,132.897494214906,149.032223577012,TRUE,1,1,5,3,8
"islr_credit_balance","random",8,"selfreq","auto-valgate",2,2.5,"full","blocked",NA,53.5892475686831,75.1556295784481,129.16355555256,139.889441870478,TRUE,1,6,2,5,4
"islr_credit_balance","random",9,"selfreq","auto-valgate",2,2.5,"full","blocked",NA,44.7096937239608,62.4266487106902,111.968693516995,91.5771139036688,TRUE,1,3,2,4,8
"islr_credit_balance","random",10,"selfreq","auto-valgate",2,2.5,"full","blocked",NA,81.413589361676,96.7124562757716,180.902047220074,363.540716689396,TRUE,0,1,1,6,10
"islr_credit_balance","random",11,"selfreq","auto-valgate",2,2.5,"full","blocked",NA,61.6343241308122,79.248568798336,137.28916525957,199.059089636054,TRUE,3,4,0,1,10
"islr_credit_balance","random",12,"selfreq","auto-valgate",2,2.5,"full","blocked",NA,39.6776932161775,60.2655555992638,115.228528364181,89.2599180335709,TRUE,0,2,0,8,8
"islr_credit_balance","random",13,"selfreq","auto-valgate",2,2.5,"full","blocked",NA,58.9411619229011,67.0014430280739,98.8936484248924,129.110187779622,TRUE,2,0,4,5,7
"islr_credit_balance","random",14,"selfreq","auto-valgate",2,2.5,"full","blocked",NA,70.4185257503046,87.3484686376655,155.875547087238,316.665652590431,TRUE,2,3,6,4,3
"islr_credit_balance","random",15,"selfreq","auto-valgate",2,2.5,"full","blocked",NA,56.7688804287422,83.0448795557012,140.392252253369,117.396834283666,TRUE,1,4,0,7,6
"islr_credit_balance","random",16,"selfreq","auto-valgate",2,2.5,"full","blocked",NA,70.4150778824,92.4207664104444,172.546851417007,340.27669202908,TRUE,2,4,0,3,9
"islr_credit_balance","random",17,"selfreq","auto-valgate",2,2.5,"full","blocked",NA,43.1192606926078,66.2351780597762,126.800400765669,132.141593227923,TRUE,2,2,4,2,8
"islr_credit_balance","random",18,"selfreq","auto-valgate",2,2.5,"full","blocked",NA,74.6532252678348,89.3134623606288,144.187593412489,275.970031199432,TRUE,0,3,1,9,5
"islr_credit_balance","random",19,"selfreq","auto-valgate",2,2.5,"full","blocked",NA,41.6480246820854,73.2208728437062,146.361627770289,98.5535115966766,TRUE,0,4,2,9,3
"islr_credit_balance","random",20,"selfreq","auto-valgate",2,2.5,"full","blocked",NA,52.8661207057034,64.6507989440691,100.814666205793,114.651182709048,TRUE,0,1,5,3,9
"islr_credit_balance","random",21,"selfreq","auto-valgate",2,2.5,"full","blocked",NA,51.0173253208177,69.3804442968453,124.790812842844,101.266619929655,TRUE,4,1,0,3,10
"islr_credit_balance","random",22,"selfreq","auto-valgate",2,2.5,"full","blocked",NA,43.4842893481888,70.391088407857,133.679730860811,123.748390926726,TRUE,2,1,2,5,8
"islr_credit_balance","random",23,"selfreq","auto-valgate",2,2.5,"full","blocked",NA,57.6271286955417,84.1871193844963,172.929151794179,274.858881023997,TRUE,3,1,0,3,11
"islr_credit_balance","random",24,"selfreq","auto-valgate",2,2.5,"full","blocked",NA,96.3741515574182,99.9698327391524,178.936154431166,430.672590432254,TRUE,2,1,1,4,10
"islr_credit_balance","random",25,"selfreq","auto-valgate",2,2.5,"full","blocked",NA,67.8963737099124,82.2655952848858,127.001871803465,193.533095977239,TRUE,1,2,6,3,6
"islr_credit_balance","random",26,"selfreq","auto-valgate",2,2.5,"full","blocked",NA,41.5499880285414,60.4609784257985,106.37472371193,99.1350850877178,TRUE,2,8,4,1,3
"islr_credit_balance","random",27,"selfreq","auto-valgate",2,2.5,"full","blocked",NA,43.8312666822948,67.5335827391126,122.954762618992,137.260196608374,TRUE,1,2,2,4,9
"islr_credit_balance","random",28,"selfreq","auto-valgate",2,2.5,"full","blocked",NA,52.4205133469315,80.0087889655091,148.476450373444,179.690760157809,TRUE,0,5,2,3,8
"islr_credit_balance","random",29,"selfreq","auto-valgate",2,2.5,"full","blocked",NA,54.6767789757052,82.018571909401,154.346518564234,244.861962434798,TRUE,1,2,0,7,8
"islr_credit_balance","random",30,"selfreq","auto-valgate",2,2.5,"full","blocked",NA,51.7557076586097,78.5637707413437,143.650165140556,139.071000934826,TRUE,2,1,5,1,9
"insurance_autobi_loss","random",1,"noweak","auto-valgate",0,2.5,"LSE+Huber+L1","blocked",NA,1.86601153820337,4.82267952722295,20.1063800317077,6.33135944124492,TRUE,0,5,13,0,0
"insurance_autobi_loss","random",2,"noweak","auto-valgate",0,2.5,"LSE+Huber+L1","blocked",NA,1.76296724355886,4.45094530482766,18.559934995381,5.57770498564248,TRUE,0,10,8,0,0
"insurance_autobi_loss","random",3,"noweak","auto-valgate",0,2.5,"LSE+Huber+L1","blocked",NA,1.58918336188735,4.40741758245246,19.4273026599463,4.36481711249374,TRUE,0,15,3,0,0
"insurance_autobi_loss","random",4,"noweak","auto-valgate",0,2.5,"LSE+Huber+L1","blocked",NA,1.87404190823712,4.41047699411682,16.2384404143701,6.36206924126784,TRUE,0,15,3,0,0
"insurance_autobi_loss","random",5,"noweak","auto-valgate",0,2.5,"LSE+Huber+L1","blocked",NA,1.45820572762243,3.51941809749469,14.1984006360541,4.24318118120659,TRUE,0,12,6,0,0
"insurance_autobi_loss","random",6,"noweak","auto-valgate",0,2.5,"LSE+Huber+L1","blocked",NA,1.63732233592043,3.88394618114618,14.825252072294,4.6654930800355,TRUE,0,17,1,0,0
"insurance_autobi_loss","random",7,"noweak","auto-valgate",0,2.5,"LSE+Huber+L1","blocked",NA,1.96784667843338,4.49668897255916,13.7397641160135,7.06645620535913,TRUE,0,18,0,0,0
"insurance_autobi_loss","random",8,"noweak","auto-valgate",0,2.5,"LSE+Huber+L1","blocked",NA,1.58824760223486,4.32106313292711,21.3808368388234,4.40806389402818,TRUE,0,15,3,0,0
"insurance_autobi_loss","random",9,"noweak","auto-valgate",0,2.5,"LSE+Huber+L1","blocked",NA,1.73317443640167,4.35104859216595,18.4233864640601,5.52997680896145,TRUE,0,7,11,0,0
"insurance_autobi_loss","random",10,"noweak","auto-valgate",0,2.5,"LSE+Huber+L1","blocked",NA,1.68678727598523,3.90470402672009,15.2555966750004,5.61863585234298,TRUE,0,14,4,0,0
"insurance_autobi_loss","random",11,"noweak","auto-valgate",0,2.5,"LSE+Huber+L1","blocked",NA,1.92102466581663,5.6204591546423,19.3732633717296,6.39842114433768,TRUE,0,17,1,0,0
"insurance_autobi_loss","random",12,"noweak","auto-valgate",0,2.5,"LSE+Huber+L1","blocked",NA,1.65356667236349,2.76780690377311,8.3382120674017,4.25920065892712,TRUE,0,11,7,0,0
"insurance_autobi_loss","random",13,"noweak","auto-valgate",0,2.5,"LSE+Huber+L1","blocked",NA,1.77779703500097,5.25583902369463,19.822497271236,6.16226010446327,TRUE,0,9,9,0,0
"insurance_autobi_loss","random",14,"noweak","auto-valgate",0,2.5,"LSE+Huber+L1","blocked",NA,1.64298519408777,3.90807563240836,19.3477786265036,4.62010566890962,TRUE,0,17,1,0,0
"insurance_autobi_loss","random",15,"noweak","auto-valgate",0,2.5,"LSE+Huber+L1","blocked",NA,2.31154744553313,7.50051330859215,29.0953421816655,8.40981068361741,TRUE,0,12,6,0,0
"insurance_autobi_loss","random",16,"noweak","auto-valgate",0,2.5,"LSE+Huber+L1","blocked",NA,1.60101922406283,4.66500834832678,21.2442829905252,5.16030202167001,TRUE,0,14,4,0,0
"insurance_autobi_loss","random",17,"noweak","auto-valgate",0,2.5,"LSE+Huber+L1","blocked",NA,1.636309790783,3.27538732878793,9.83235179381212,5.28942841320903,TRUE,0,5,13,0,0
"insurance_autobi_loss","random",18,"noweak","auto-valgate",0,2.5,"LSE+Huber+L1","blocked",NA,1.81611490406945,3.74901320780615,9.81861956576145,7.02665582323507,TRUE,0,15,3,0,0
"insurance_autobi_loss","random",19,"noweak","auto-valgate",0,2.5,"LSE+Huber+L1","blocked",NA,1.59895405321987,3.88954361748617,13.9125706206852,4.11097810318304,TRUE,0,16,2,0,0
"insurance_autobi_loss","random",20,"noweak","auto-valgate",0,2.5,"LSE+Huber+L1","blocked",NA,1.56213892578336,4.43625699304509,20.4849401745642,5.81517047347286,TRUE,0,6,12,0,0
"insurance_autobi_loss","random",21,"noweak","auto-valgate",0,2.5,"LSE+Huber+L1","blocked",NA,1.64762987397553,3.06639846522166,8.22727570588001,4.31375379760339,TRUE,0,12,6,0,0
"insurance_autobi_loss","random",22,"noweak","auto-valgate",0,2.5,"LSE+Huber+L1","blocked",NA,1.68906153082534,3.65008967074176,17.5267047386526,5.01778511452207,TRUE,0,15,3,0,0
"insurance_autobi_loss","random",23,"noweak","auto-valgate",0,2.5,"LSE+Huber+L1","blocked",NA,1.98421784812479,4.94299364722181,17.1910180193731,7.34661309564311,TRUE,0,11,7,0,0
"insurance_autobi_loss","random",24,"noweak","auto-valgate",0,2.5,"LSE+Huber+L1","blocked",NA,1.77426296146549,3.55045731689951,10.7061098434816,5.79363803440049,TRUE,0,7,11,0,0
"insurance_autobi_loss","random",25,"noweak","auto-valgate",0,2.5,"LSE+Huber+L1","blocked",NA,1.96269574362121,4.87033001649177,21.2911264939703,6.58113117247867,TRUE,0,16,2,0,0
"insurance_autobi_loss","random",26,"noweak","auto-valgate",0,2.5,"LSE+Huber+L1","blocked",NA,1.48145938040673,3.0009310485741,8.01345404291245,4.399726334011,TRUE,0,8,10,0,0
"insurance_autobi_loss","random",27,"noweak","auto-valgate",0,2.5,"LSE+Huber+L1","blocked",NA,1.58607560101309,3.22852398684156,12.1947141903778,4.34164728105516,TRUE,0,9,9,0,0
"insurance_autobi_loss","random",28,"noweak","auto-valgate",0,2.5,"LSE+Huber+L1","blocked",NA,1.55719071595512,3.25271751454176,8.97883785692545,5.61970558618592,TRUE,0,15,3,0,0
"insurance_autobi_loss","random",29,"noweak","auto-valgate",0,2.5,"LSE+Huber+L1","blocked",NA,1.72730866460799,5.51848311087645,23.9142082441389,5.26571732044947,TRUE,0,10,8,0,0
"insurance_autobi_loss","random",30,"noweak","auto-valgate",0,2.5,"LSE+Huber+L1","blocked",NA,1.86083598025857,3.35068243405803,8.60873543323215,6.5140970181341,TRUE,0,18,0,0,0
"insurance_autobi_loss","random",1,"noweak","auto-valgate",1,2.5,"LSE+Huber+L1","blocked",NA,1.65676391353664,4.73872926580133,20.106525421777,5.23885924477739,TRUE,0,16,2,0,0
"insurance_autobi_loss","random",2,"noweak","auto-valgate",1,2.5,"LSE+Huber+L1","blocked",NA,1.80040371955131,4.48145109643714,18.5309560637198,5.10529037201759,TRUE,0,7,11,0,0
"insurance_autobi_loss","random",3,"noweak","auto-valgate",1,2.5,"LSE+Huber+L1","blocked",NA,1.56698708598523,4.44072820042147,19.6232284868608,3.98681021522984,TRUE,0,17,1,0,0
"insurance_autobi_loss","random",4,"noweak","auto-valgate",1,2.5,"LSE+Huber+L1","blocked",NA,1.95168661295745,4.42092564973025,16.1247492412661,6.40016781455001,TRUE,0,15,3,0,0
"insurance_autobi_loss","random",5,"noweak","auto-valgate",1,2.5,"LSE+Huber+L1","blocked",NA,1.45502261015403,3.50401177004558,14.1020117450744,4.0380603769287,TRUE,0,8,10,0,0
"insurance_autobi_loss","random",6,"noweak","auto-valgate",1,2.5,"LSE+Huber+L1","blocked",NA,1.62580782011723,3.95472407414453,14.9813449333971,4.76690420167439,TRUE,0,16,2,0,0
"insurance_autobi_loss","random",7,"noweak","auto-valgate",1,2.5,"LSE+Huber+L1","blocked",NA,1.82401364543336,4.37099842460643,13.7105598155824,6.72804205127288,TRUE,0,11,7,0,0
"insurance_autobi_loss","random",8,"noweak","auto-valgate",1,2.5,"LSE+Huber+L1","blocked",NA,1.6351823352182,4.34380937529743,21.3739910774622,4.43011249520182,TRUE,0,15,3,0,0
"insurance_autobi_loss","random",9,"noweak","auto-valgate",1,2.5,"LSE+Huber+L1","blocked",NA,1.69485193653763,4.2981757261068,18.4126936351516,5.84894491990654,TRUE,0,2,16,0,0
"insurance_autobi_loss","random",10,"noweak","auto-valgate",1,2.5,"LSE+Huber+L1","blocked",NA,1.68422973662684,3.90832627588398,15.3211675456093,5.84910772080281,TRUE,0,8,10,0,0
"insurance_autobi_loss","random",11,"noweak","auto-valgate",1,2.5,"LSE+Huber+L1","blocked",NA,1.95205857426017,5.64001264941854,19.4541773040571,7.35418142273995,TRUE,0,17,1,0,0
"insurance_autobi_loss","random",12,"noweak","auto-valgate",1,2.5,"LSE+Huber+L1","blocked",NA,1.66067984550487,2.82639712722479,8.54520218366909,4.11453779879431,TRUE,0,4,14,0,0
"insurance_autobi_loss","random",13,"noweak","auto-valgate",1,2.5,"LSE+Huber+L1","blocked",NA,1.84917442130518,5.30986771277724,19.818480059235,6.76339155157037,TRUE,0,11,7,0,0
"insurance_autobi_loss","random",14,"noweak","auto-valgate",1,2.5,"LSE+Huber+L1","blocked",NA,1.59121786537626,4.12751529553182,19.6503154635056,4.84353690319604,TRUE,0,17,1,0,0
"insurance_autobi_loss","random",15,"noweak","auto-valgate",1,2.5,"LSE+Huber+L1","blocked",NA,2.29623652542746,7.52557416806629,29.1676322849903,8.36406077369434,TRUE,0,9,9,0,0
"insurance_autobi_loss","random",16,"noweak","auto-valgate",1,2.5,"LSE+Huber+L1","blocked",NA,1.63968265856899,4.72686443601919,21.239510657352,4.90429228724585,TRUE,0,9,9,0,0
"insurance_autobi_loss","random",17,"noweak","auto-valgate",1,2.5,"LSE+Huber+L1","blocked",NA,1.85725533841905,3.76106578745298,10.7857533859684,5.50915297909976,TRUE,0,10,8,0,0
"insurance_autobi_loss","random",18,"noweak","auto-valgate",1,2.5,"LSE+Huber+L1","blocked",NA,1.80681226684773,3.81780857602838,10.0128601614976,7.62714317597625,TRUE,0,17,1,0,0
"insurance_autobi_loss","random",19,"noweak","auto-valgate",1,2.5,"LSE+Huber+L1","blocked",NA,1.56371334032804,3.88662984181592,13.9369394386685,4.14229521440441,TRUE,0,16,2,0,0
"insurance_autobi_loss","random",20,"noweak","auto-valgate",1,2.5,"LSE+Huber+L1","blocked",NA,1.61645340557735,4.37590766022531,20.0648889793368,5.76042772232946,TRUE,0,15,3,0,0
"insurance_autobi_loss","random",21,"noweak","auto-valgate",1,2.5,"LSE+Huber+L1","blocked",NA,1.67730328921381,3.45490714092273,9.08185735895348,5.10868423934721,TRUE,0,15,3,0,0
"insurance_autobi_loss","random",22,"noweak","auto-valgate",1,2.5,"LSE+Huber+L1","blocked",NA,1.75780708322246,3.70761012770002,17.5645300592365,5.37708485807496,TRUE,0,16,2,0,0
"insurance_autobi_loss","random",23,"noweak","auto-valgate",1,2.5,"LSE+Huber+L1","blocked",NA,1.92806202918433,4.67083251249567,16.867845700779,6.30122897638093,TRUE,0,17,1,0,0
"insurance_autobi_loss","random",24,"noweak","auto-valgate",1,2.5,"LSE+Huber+L1","blocked",NA,1.79084142165449,3.5308115183894,10.6413978451668,5.76393996012039,TRUE,0,17,1,0,0
"insurance_autobi_loss","random",25,"noweak","auto-valgate",1,2.5,"LSE+Huber+L1","blocked",NA,1.9341044531142,4.90078358558845,21.3476359103994,6.75758254687633,TRUE,0,18,0,0,0
"insurance_autobi_loss","random",26,"noweak","auto-valgate",1,2.5,"LSE+Huber+L1","blocked",NA,1.50015124961468,3.01830583828264,8.04459904930457,4.65131717051348,TRUE,0,17,1,0,0
"insurance_autobi_loss","random",27,"noweak","auto-valgate",1,2.5,"LSE+Huber+L1","blocked",NA,1.62713606582614,3.32847675451142,12.3142560440182,4.50563523456421,TRUE,0,18,0,0,0
"insurance_autobi_loss","random",28,"noweak","auto-valgate",1,2.5,"LSE+Huber+L1","blocked",NA,1.72556543430898,3.10916420605178,7.47518105256696,5.90305417216755,TRUE,0,18,0,0,0
"insurance_autobi_loss","random",29,"noweak","auto-valgate",1,2.5,"LSE+Huber+L1","blocked",NA,1.70458121270626,5.40295774394017,23.8922397453716,5.22243892499182,TRUE,0,9,9,0,0
"insurance_autobi_loss","random",30,"noweak","auto-valgate",1,2.5,"LSE+Huber+L1","blocked",NA,1.77744757395645,3.37437228972862,8.81552963410794,5.90980503889825,TRUE,0,15,3,0,0
"insurance_autobi_loss","random",1,"noweak","auto-valgate",2,2.5,"LSE+Huber+L1","blocked",NA,1.69076236936299,4.70874963618673,20.0186854560586,4.91977260820697,TRUE,0,17,1,0,0
"insurance_autobi_loss","random",2,"noweak","auto-valgate",2,2.5,"LSE+Huber+L1","blocked",NA,1.76650918565669,4.48260963137551,18.6001138761876,5.9904157702588,TRUE,0,17,1,0,0
"insurance_autobi_loss","random",3,"noweak","auto-valgate",2,2.5,"LSE+Huber+L1","blocked",NA,1.50084512095204,4.40091936757039,19.6360513746277,4.06804490410088,TRUE,0,18,0,0,0
"insurance_autobi_loss","random",4,"noweak","auto-valgate",2,2.5,"LSE+Huber+L1","blocked",NA,1.99524144402802,4.40995958282347,16.1326724260677,6.67346586039052,TRUE,0,14,4,0,0
"insurance_autobi_loss","random",5,"noweak","auto-valgate",2,2.5,"LSE+Huber+L1","blocked",NA,1.49073250387859,3.55337439641026,14.3943774610502,4.08850328590826,TRUE,0,17,1,0,0
"insurance_autobi_loss","random",6,"noweak","auto-valgate",2,2.5,"LSE+Huber+L1","blocked",NA,1.5767172933715,3.8563890889143,14.8746354757382,4.80441232788694,TRUE,0,4,14,0,0
"insurance_autobi_loss","random",7,"noweak","auto-valgate",2,2.5,"LSE+Huber+L1","blocked",NA,1.84355957968341,4.38908362213952,13.7097068214471,6.7828506191621,TRUE,0,17,1,0,0
"insurance_autobi_loss","random",8,"noweak","auto-valgate",2,2.5,"LSE+Huber+L1","blocked",NA,1.65875453552916,4.41429599211562,21.3851170880037,4.89394665167228,TRUE,0,10,8,0,0
"insurance_autobi_loss","random",9,"noweak","auto-valgate",2,2.5,"LSE+Huber+L1","blocked",NA,1.71294174559825,4.32457855248795,18.3844481000955,5.3774857929374,TRUE,0,16,2,0,0
"insurance_autobi_loss","random",10,"noweak","auto-valgate",2,2.5,"LSE+Huber+L1","blocked",NA,1.70364102236154,3.91948865380759,15.256100676185,5.70713494702285,TRUE,0,12,6,0,0
"insurance_autobi_loss","random",11,"noweak","auto-valgate",2,2.5,"LSE+Huber+L1","blocked",NA,2.12774597083298,5.77153355220714,19.4797582380225,6.74133317640247,TRUE,0,15,3,0,0
"insurance_autobi_loss","random",12,"noweak","auto-valgate",2,2.5,"LSE+Huber+L1","blocked",NA,1.69623378017985,2.80018832419692,8.48934070442033,4.1284090169349,TRUE,0,2,16,0,0
"insurance_autobi_loss","random",13,"noweak","auto-valgate",2,2.5,"LSE+Huber+L1","blocked",NA,1.76713213129712,5.24954821677424,19.7852915690306,5.94600764429242,TRUE,0,14,4,0,0
"insurance_autobi_loss","random",14,"noweak","auto-valgate",2,2.5,"LSE+Huber+L1","blocked",NA,1.80382973994448,4.29688139328102,19.7965769118214,5.30416328817627,TRUE,0,15,3,0,0
"insurance_autobi_loss","random",15,"noweak","auto-valgate",2,2.5,"LSE+Huber+L1","blocked",NA,2.27200533464343,7.50348380395424,29.1763945682249,8.61987268343883,TRUE,0,16,2,0,0
"insurance_autobi_loss","random",16,"noweak","auto-valgate",2,2.5,"LSE+Huber+L1","blocked",NA,1.79113305336158,5.07566716966472,21.5764214774834,5.79695019514336,TRUE,0,17,1,0,0
"insurance_autobi_loss","random",17,"noweak","auto-valgate",2,2.5,"LSE+Huber+L1","blocked",NA,1.58313139101274,2.98214727940263,9.34815237174302,4.1335956752743,TRUE,0,18,0,0,0
"insurance_autobi_loss","random",18,"noweak","auto-valgate",2,2.5,"LSE+Huber+L1","blocked",NA,1.82689508338117,3.87290693753363,10.0403304449828,7.53315867104926,TRUE,0,12,6,0,0
"insurance_autobi_loss","random",19,"noweak","auto-valgate",2,2.5,"LSE+Huber+L1","blocked",NA,1.52475311442983,3.8858552880121,13.9930767926922,4.27205340582629,TRUE,0,16,2,0,0
"insurance_autobi_loss","random",20,"noweak","auto-valgate",2,2.5,"LSE+Huber+L1","blocked",NA,1.54929279396742,4.40887963582308,20.3786279079478,5.26484902874553,TRUE,0,14,4,0,0
"insurance_autobi_loss","random",21,"noweak","auto-valgate",2,2.5,"LSE+Huber+L1","blocked",NA,1.67535497519291,4.34097885709113,21.2305623111771,4.68480914269173,TRUE,0,10,8,0,0
"insurance_autobi_loss","random",22,"noweak","auto-valgate",2,2.5,"LSE+Huber+L1","blocked",NA,1.73459519139411,3.69186662283184,17.5686676659337,5.273151724108,TRUE,0,18,0,0,0
"insurance_autobi_loss","random",23,"noweak","auto-valgate",2,2.5,"LSE+Huber+L1","blocked",NA,1.93222266561669,4.6802070362116,16.8987559858866,6.42578698891699,TRUE,0,8,10,0,0
"insurance_autobi_loss","random",24,"noweak","auto-valgate",2,2.5,"LSE+Huber+L1","blocked",NA,1.72740556408334,3.48110408961332,10.6358346430072,5.72583537352071,TRUE,0,16,2,0,0
"insurance_autobi_loss","random",25,"noweak","auto-valgate",2,2.5,"LSE+Huber+L1","blocked",NA,1.98587627938685,4.92354073430465,21.3411504553739,6.53137729645475,TRUE,0,10,8,0,0
"insurance_autobi_loss","random",26,"noweak","auto-valgate",2,2.5,"LSE+Huber+L1","blocked",NA,1.54433911373639,3.07087768181478,8.032271077723,4.29513060104794,TRUE,0,18,0,0,0
"insurance_autobi_loss","random",27,"noweak","auto-valgate",2,2.5,"LSE+Huber+L1","blocked",NA,1.59306578489933,3.23110841295778,12.1872559582293,4.67207435586337,TRUE,0,14,4,0,0
"insurance_autobi_loss","random",28,"noweak","auto-valgate",2,2.5,"LSE+Huber+L1","blocked",NA,1.53925542199191,3.05218669932252,7.6696295210004,4.97182503523607,TRUE,0,5,13,0,0
"insurance_autobi_loss","random",29,"noweak","auto-valgate",2,2.5,"LSE+Huber+L1","blocked",NA,1.64471750443445,5.38786699551718,23.9104022477974,5.3713132659852,TRUE,0,0,18,0,0
"insurance_autobi_loss","random",30,"noweak","auto-valgate",2,2.5,"LSE+Huber+L1","blocked",NA,1.95326786832597,3.4528493702195,8.6158510368746,6.98116620957152,TRUE,0,18,0,0,0
"insurance_autobi_loss","random",1,"selfreq","auto-valgate",0,2.5,"full","blocked",NA,1.79772414479325,4.80768071124353,20.1187902052338,5.74391803323631,TRUE,0,0,7,0,11
"insurance_autobi_loss","random",2,"selfreq","auto-valgate",0,2.5,"full","blocked",NA,1.63410768673906,4.37231786231934,18.628909615287,5.4744750777042,TRUE,0,0,0,0,18
"insurance_autobi_loss","random",3,"selfreq","auto-valgate",0,2.5,"full","blocked",NA,1.60821604413024,4.41910245239843,19.4515460841819,4.56409014162555,TRUE,0,0,3,0,15
"insurance_autobi_loss","random",4,"selfreq","auto-valgate",0,2.5,"full","blocked",NA,1.87629506345045,4.37788393005414,16.2730688540823,6.48632347774214,TRUE,0,0,0,0,18
"insurance_autobi_loss","random",5,"selfreq","auto-valgate",0,2.5,"full","blocked",NA,1.41072172734,3.53135219763408,14.4719238960671,4.29297757425628,TRUE,0,0,0,0,18
"insurance_autobi_loss","random",6,"selfreq","auto-valgate",0,2.5,"full","blocked",NA,1.52810527469866,3.83665267770552,14.9362215068413,4.78336307746051,TRUE,0,0,0,0,18
"insurance_autobi_loss","random",7,"selfreq","auto-valgate",0,2.5,"full","blocked",NA,1.83924174123107,4.38068491555333,13.8229161782447,7.0109524798506,TRUE,0,0,0,0,18
"insurance_autobi_loss","random",8,"selfreq","auto-valgate",0,2.5,"full","blocked",NA,1.49427218123754,4.29812332171492,21.4965487658735,5.13638431540492,TRUE,0,0,0,0,18
"insurance_autobi_loss","random",9,"selfreq","auto-valgate",0,2.5,"full","blocked",NA,1.69421935916635,4.32744481661059,18.4904466520325,5.77585908793592,TRUE,0,0,0,0,18
"insurance_autobi_loss","random",10,"selfreq","auto-valgate",0,2.5,"full","blocked",NA,1.6657613567023,3.91633019128743,15.3613446542281,5.7085221955963,TRUE,0,0,0,0,18
"insurance_autobi_loss","random",11,"selfreq","auto-valgate",0,2.5,"full","blocked",NA,1.88284944111678,5.59693932445034,19.3710046356144,6.35351025278976,TRUE,0,3,0,0,15
"insurance_autobi_loss","random",12,"selfreq","auto-valgate",0,2.5,"full","blocked",NA,1.53763476026297,2.69541883329077,8.5809496048141,4.12722437073819,TRUE,0,0,0,0,18
"insurance_autobi_loss","random",13,"selfreq","auto-valgate",0,2.5,"full","blocked",NA,1.7246553884729,5.23606020470423,19.8987505305661,5.83552473322216,TRUE,0,0,0,0,18
"insurance_autobi_loss","random",14,"selfreq","auto-valgate",0,2.5,"full","blocked",NA,1.49840380257947,3.8308983149774,19.4312342575176,4.89244823736585,TRUE,0,0,0,0,18
"insurance_autobi_loss","random",15,"selfreq","auto-valgate",0,2.5,"full","blocked",NA,2.35122308748366,7.54093538387515,29.2054583409271,8.72598820720863,TRUE,0,0,0,0,18
"insurance_autobi_loss","random",16,"selfreq","auto-valgate",0,2.5,"full","blocked",NA,1.63019983894712,4.70639875381215,21.2768368247504,5.37723339468701,TRUE,0,1,0,0,17
"insurance_autobi_loss","random",17,"selfreq","auto-valgate",0,2.5,"full","blocked",NA,1.66045509424709,3.41979056464305,10.1731263609795,5.80738951664855,TRUE,0,0,2,0,16
"insurance_autobi_loss","random",18,"selfreq","auto-valgate",0,2.5,"full","blocked",NA,1.72096173059655,3.77146208679199,10.049824524138,7.27766420739074,TRUE,0,0,1,0,17
"insurance_autobi_loss","random",19,"selfreq","auto-valgate",0,2.5,"full","blocked",NA,1.55644273407706,3.84488630248381,13.8224275758858,4.17082837799706,TRUE,0,1,1,0,16
"insurance_autobi_loss","random",20,"selfreq","auto-valgate",0,2.5,"full","blocked",NA,1.60570950126038,4.48775562821584,20.5050711270271,6.09786617139688,TRUE,0,0,0,0,18
"insurance_autobi_loss","random",21,"selfreq","auto-valgate",0,2.5,"full","blocked",NA,1.51224739450393,2.97583419238728,8.33854249641177,4.62449493543412,TRUE,0,0,0,0,18
"insurance_autobi_loss","random",22,"selfreq","auto-valgate",0,2.5,"full","blocked",NA,1.6201336892158,3.58213188604916,17.5838957034183,5.30089665452994,TRUE,0,0,1,0,17
"insurance_autobi_loss","random",23,"selfreq","auto-valgate",0,2.5,"full","blocked",NA,1.94343142851185,4.70392509288284,17.0202932502067,6.98633998702911,TRUE,0,1,0,0,17
"insurance_autobi_loss","random",24,"selfreq","auto-valgate",0,2.5,"full","blocked",NA,1.67641465240969,3.46091917241225,10.7668236415625,5.90070741410444,TRUE,0,0,0,0,18
"insurance_autobi_loss","random",25,"selfreq","auto-valgate",0,2.5,"full","blocked",NA,2.01483872760327,4.94319430236808,21.378347680928,7.40732536021331,TRUE,0,2,0,0,16
"insurance_autobi_loss","random",26,"selfreq","auto-valgate",0,2.5,"full","blocked",NA,1.4529872549538,3.02626486152239,8.16267185314529,4.62913971991146,TRUE,0,0,0,0,18
"insurance_autobi_loss","random",27,"selfreq","auto-valgate",0,2.5,"full","blocked",NA,1.58646887179943,3.22925607937636,12.1966454153084,4.36254123997561,TRUE,0,3,0,0,15
"insurance_autobi_loss","random",28,"selfreq","auto-valgate",0,2.5,"full","blocked",NA,1.57677280431952,4.44037249225192,25.5036918447925,5.84578443882755,TRUE,0,0,3,0,15
"insurance_autobi_loss","random",29,"selfreq","auto-valgate",0,2.5,"full","blocked",NA,1.63130781192427,5.3982638049573,23.9510689703817,5.644751636591,TRUE,0,0,0,0,18
"insurance_autobi_loss","random",30,"selfreq","auto-valgate",0,2.5,"full","blocked",NA,1.87885917941433,3.35606547660143,8.62072659201535,6.33479758568426,TRUE,0,11,0,0,7
"insurance_autobi_loss","random",1,"selfreq","auto-valgate",1,2.5,"full","blocked",NA,1.70064625853513,4.80609009734005,20.1875524553469,5.68231768877363,TRUE,0,0,0,0,18
"insurance_autobi_loss","random",2,"selfreq","auto-valgate",1,2.5,"full","blocked",NA,1.83278409606769,4.48310526671099,18.5170838865637,5.60151604257537,TRUE,0,1,2,0,15
"insurance_autobi_loss","random",3,"selfreq","auto-valgate",1,2.5,"full","blocked",NA,1.46585771062574,4.3519599957599,19.4718898906797,4.2998774424739,TRUE,0,0,0,0,18
"insurance_autobi_loss","random",4,"selfreq","auto-valgate",1,2.5,"full","blocked",NA,2.16385172298247,6.17433849792079,21.3438124517626,7.90207226563926,TRUE,0,0,0,0,18
"insurance_autobi_loss","random",5,"selfreq","auto-valgate",1,2.5,"full","blocked",NA,1.46501807406971,3.5118368411529,14.3834977713021,4.29109639709391,TRUE,0,0,7,0,11
"insurance_autobi_loss","random",6,"selfreq","auto-valgate",1,2.5,"full","blocked",NA,1.62113406566176,4.15375189341338,15.3350311290689,5.50573725486473,TRUE,0,0,0,0,18
"insurance_autobi_loss","random",7,"selfreq","auto-valgate",1,2.5,"full","blocked",NA,1.82622242400165,4.38495608331885,13.8347479236385,6.81955294002708,TRUE,0,0,0,0,18
"insurance_autobi_loss","random",8,"selfreq","auto-valgate",1,2.5,"full","blocked",NA,1.61567051963936,4.33480593167871,21.3712796236624,4.47952365918876,TRUE,0,7,2,0,9
"insurance_autobi_loss","random",9,"selfreq","auto-valgate",1,2.5,"full","blocked",NA,1.65178635961585,4.33182443352197,18.5040890116372,5.55820264192192,TRUE,0,0,1,0,17
"insurance_autobi_loss","random",10,"selfreq","auto-valgate",1,2.5,"full","blocked",NA,1.67974222687582,3.90889352347085,15.3379110208759,5.78578311964509,TRUE,0,0,5,0,13
"insurance_autobi_loss","random",11,"selfreq","auto-valgate",1,2.5,"full","blocked",NA,1.90325110306689,5.66956902371378,19.6001433768721,6.70023122956477,TRUE,0,0,0,0,18
"insurance_autobi_loss","random",12,"selfreq","auto-valgate",1,2.5,"full","blocked",NA,1.57107102177396,2.68912915438858,8.53547409966279,4.21940619945383,TRUE,0,1,3,0,14
"insurance_autobi_loss","random",13,"selfreq","auto-valgate",1,2.5,"full","blocked",NA,1.84226869009923,5.3079561773849,19.8264339720117,6.44015770009086,TRUE,0,4,1,0,13
"insurance_autobi_loss","random",14,"selfreq","auto-valgate",1,2.5,"full","blocked",NA,1.51898889100552,4.05040296400794,19.624349173394,5.31731839672905,TRUE,0,9,0,0,9
"insurance_autobi_loss","random",15,"selfreq","auto-valgate",1,2.5,"full","blocked",NA,2.37850762486302,7.55952070080023,29.256224058832,8.61710153890026,TRUE,0,0,0,0,18
"insurance_autobi_loss","random",16,"selfreq","auto-valgate",1,2.5,"full","blocked",NA,1.54781966831945,4.69131834585646,21.3772891296561,5.27468700823493,TRUE,0,0,0,0,18
"insurance_autobi_loss","random",17,"selfreq","auto-valgate",1,2.5,"full","blocked",NA,1.76740567244872,3.52941261417483,10.14904692275,5.54470200513592,TRUE,0,0,1,0,17
"insurance_autobi_loss","random",18,"selfreq","auto-valgate",1,2.5,"full","blocked",NA,1.81955139736048,3.91997324406424,10.3557825238165,7.79279002362484,TRUE,0,3,0,0,15
"insurance_autobi_loss","random",19,"selfreq","auto-valgate",1,2.5,"full","blocked",NA,1.49786507738012,3.8254237910065,13.9840085539554,4.33421886482652,TRUE,0,0,5,0,13
"insurance_autobi_loss","random",20,"selfreq","auto-valgate",1,2.5,"full","blocked",NA,1.55903545910339,4.44030061622459,20.4764862257981,5.86301128327424,TRUE,0,0,0,0,18
"insurance_autobi_loss","random",21,"selfreq","auto-valgate",1,2.5,"full","blocked",NA,1.48635423718274,2.97948427529626,8.33226222349821,4.29071731694114,TRUE,0,0,0,0,18
"insurance_autobi_loss","random",22,"selfreq","auto-valgate",1,2.5,"full","blocked",NA,1.56311649727807,3.56201342426309,17.6035819763997,5.2293773359607,TRUE,0,0,0,0,18
"insurance_autobi_loss","random",23,"selfreq","auto-valgate",1,2.5,"full","blocked",NA,1.89114968624706,4.66484190675055,16.8483785682062,6.22067257574588,TRUE,0,6,1,0,11
"insurance_autobi_loss","random",24,"selfreq","auto-valgate",1,2.5,"full","blocked",NA,1.81602638919649,3.59289287127297,10.7195137694311,5.79935664491476,TRUE,0,4,1,0,13
"insurance_autobi_loss","random",25,"selfreq","auto-valgate",1,2.5,"full","blocked",NA,1.92849773662459,4.88700664873925,21.4664379415962,6.92273676569953,TRUE,0,0,0,0,18
"insurance_autobi_loss","random",26,"selfreq","auto-valgate",1,2.5,"full","blocked",NA,1.50476942229696,3.06811235134596,8.10777420786174,5.03551184316194,TRUE,0,5,0,0,13
"insurance_autobi_loss","random",27,"selfreq","auto-valgate",1,2.5,"full","blocked",NA,1.6590736004253,3.238745305051,12.1591774140831,4.96721209643491,TRUE,0,8,0,0,10
"insurance_autobi_loss","random",28,"selfreq","auto-valgate",1,2.5,"full","blocked",NA,1.7219048305076,3.25616960190514,7.88707149024032,6.39296015922361,TRUE,0,0,0,1,17
"insurance_autobi_loss","random",29,"selfreq","auto-valgate",1,2.5,"full","blocked",NA,1.64643731700103,5.35695935470434,23.994102060373,5.48759038816284,TRUE,0,0,0,0,18
"insurance_autobi_loss","random",30,"selfreq","auto-valgate",1,2.5,"full","blocked",NA,1.72384607620168,3.33044822589649,8.94933948665053,6.55682241914441,TRUE,0,0,0,0,18
"insurance_autobi_loss","random",1,"selfreq","auto-valgate",2,2.5,"full","blocked",NA,1.68044348052845,4.73324846645037,20.1240864391123,5.38716345803223,TRUE,0,1,0,0,17
"insurance_autobi_loss","random",2,"selfreq","auto-valgate",2,2.5,"full","blocked",NA,1.62111763719697,4.37120645820789,18.6471491154604,5.48686530230852,TRUE,0,0,0,0,18
"insurance_autobi_loss","random",3,"selfreq","auto-valgate",2,2.5,"full","blocked",NA,1.59930157024161,4.49545978398118,19.6448876546558,4.4472889232636,TRUE,0,7,1,0,10
"insurance_autobi_loss","random",4,"selfreq","auto-valgate",2,2.5,"full","blocked",NA,1.88804169228807,4.39333854973832,16.2695375589154,6.56088166704593,TRUE,0,0,0,0,18
"insurance_autobi_loss","random",5,"selfreq","auto-valgate",2,2.5,"full","blocked",NA,1.44763488305419,3.53264659256278,14.3994131393364,4.10448726405942,TRUE,0,8,1,0,9
"insurance_autobi_loss","random",6,"selfreq","auto-valgate",2,2.5,"full","blocked",NA,1.50614108879668,3.83445458508585,14.9701673718371,4.82962318098834,TRUE,0,0,0,0,18
"insurance_autobi_loss","random",7,"selfreq","auto-valgate",2,2.5,"full","blocked",NA,1.94411040827739,4.48585061893761,13.7422998760556,6.86245084807496,TRUE,0,8,1,0,9
"insurance_autobi_loss","random",8,"selfreq","auto-valgate",2,2.5,"full","blocked",NA,1.51442058380235,4.33387534009433,21.49463060092,4.96003044455703,TRUE,0,0,2,0,16
"insurance_autobi_loss","random",9,"selfreq","auto-valgate",2,2.5,"full","blocked",NA,1.66856104413247,4.31803949524838,18.4774018364697,5.40313479083327,TRUE,0,0,0,0,18
"insurance_autobi_loss","random",10,"selfreq","auto-valgate",2,2.5,"full","blocked",NA,1.82979174696429,4.04314228608257,15.3262533326412,5.73729471552347,TRUE,0,4,7,0,7
"insurance_autobi_loss","random",11,"selfreq","auto-valgate",2,2.5,"full","blocked",NA,1.97831457691451,5.67133922262353,19.5516356922527,6.85789526496815,TRUE,0,0,0,0,18
"insurance_autobi_loss","random",12,"selfreq","auto-valgate",2,2.5,"full","blocked",NA,1.5920744907543,2.74235464967612,8.54316841754953,4.08491499671584,TRUE,0,0,3,0,15
"insurance_autobi_loss","random",13,"selfreq","auto-valgate",2,2.5,"full","blocked",NA,1.7170277810809,5.21173172098074,19.6146901599766,5.63259745988409,TRUE,0,0,0,0,18
"insurance_autobi_loss","random",14,"selfreq","auto-valgate",2,2.5,"full","blocked",NA,1.63552210404275,4.29434726546088,20.0166970044393,5.51495030945883,TRUE,0,1,1,1,15
"insurance_autobi_loss","random",15,"selfreq","auto-valgate",2,2.5,"full","blocked",NA,2.35901009529563,7.54474744663847,29.3089092743198,9.06623737497372,TRUE,0,0,0,0,18
"insurance_autobi_loss","random",16,"selfreq","auto-valgate",2,2.5,"full","blocked",NA,1.73290931340389,5.0189235922099,21.5900239483463,6.54331043840758,TRUE,0,5,0,0,13
"insurance_autobi_loss","random",17,"selfreq","auto-valgate",2,2.5,"full","blocked",NA,1.6376916348829,3.01000249802521,9.35431659462808,5.27062967694991,TRUE,0,2,1,0,15
"insurance_autobi_loss","random",18,"selfreq","auto-valgate",2,2.5,"full","blocked",NA,1.77994682845479,3.72514410564269,9.84379350618918,7.08438103275363,TRUE,0,2,0,0,16
"insurance_autobi_loss","random",19,"selfreq","auto-valgate",2,2.5,"full","blocked",NA,1.46415414669614,3.85878881452334,14.0841014633972,4.85145676029193,TRUE,0,0,0,0,18
"insurance_autobi_loss","random",20,"selfreq","auto-valgate",2,2.5,"full","blocked",NA,1.57278910581979,4.45154774819323,20.4870058617778,5.91832055303243,TRUE,0,0,0,0,18
"insurance_autobi_loss","random",21,"selfreq","auto-valgate",2,2.5,"full","blocked",NA,1.62081189228562,3.56346766438179,10.5209554941133,5.02522969147881,TRUE,0,0,1,0,17
"insurance_autobi_loss","random",22,"selfreq","auto-valgate",2,2.5,"full","blocked",NA,1.69995543781949,3.64766023878767,17.5554556236782,5.31740997914392,TRUE,0,8,0,0,10
"insurance_autobi_loss","random",23,"selfreq","auto-valgate",2,2.5,"full","blocked",NA,1.9705785821518,4.68058519258419,16.9820050449275,6.72482175810126,TRUE,0,0,1,0,17
"insurance_autobi_loss","random",24,"selfreq","auto-valgate",2,2.5,"full","blocked",NA,1.67418712620177,3.4650735026171,10.7505650048368,5.88789205463982,TRUE,0,3,0,0,15
"insurance_autobi_loss","random",25,"selfreq","auto-valgate",2,2.5,"full","blocked",NA,1.92035224740069,4.88057408374228,21.3303069677962,6.51837253588019,TRUE,0,7,0,0,11
"insurance_autobi_loss","random",26,"selfreq","auto-valgate",2,2.5,"full","blocked",NA,1.57870231721344,3.03605909277293,7.9180319922662,4.36658776850321,TRUE,0,8,0,0,10
"insurance_autobi_loss","random",27,"selfreq","auto-valgate",2,2.5,"full","blocked",NA,1.52220733197153,3.21126376257613,12.2522298591166,4.65089345415842,TRUE,0,0,0,0,18
"insurance_autobi_loss","random",28,"selfreq","auto-valgate",2,2.5,"full","blocked",NA,1.50160892604304,2.95027393090212,7.48897460268224,5.23142287343087,TRUE,0,0,0,0,18
"insurance_autobi_loss","random",29,"selfreq","auto-valgate",2,2.5,"full","blocked",NA,1.65820341574056,5.39438742575689,23.915607458051,5.42788020116887,TRUE,0,0,8,0,10
"insurance_autobi_loss","random",30,"selfreq","auto-valgate",2,2.5,"full","blocked",NA,1.86182762907665,3.40816076876649,8.63759281025359,5.62201517064812,TRUE,0,2,2,0,14
"fremtpl2_severity_raw","random",1,"noweak","auto-valgate",0,2.5,"LSE+Huber+L1","blocked",NA,705.677064372737,2872.63741080841,45044.2235249555,2130.67034310747,TRUE,0,14,4,0,0
"fremtpl2_severity_raw","random",2,"noweak","auto-valgate",0,2.5,"LSE+Huber+L1","blocked",NA,647.910359944992,1611.10867548063,10459.4808581007,1936.85563899228,TRUE,0,6,12,0,0
"fremtpl2_severity_raw","random",3,"noweak","auto-valgate",0,2.5,"LSE+Huber+L1","blocked",NA,653.93800664618,4044.65463466325,60886.5454113068,2016.17078873545,TRUE,0,0,18,0,0
"fremtpl2_severity_raw","random",4,"noweak","auto-valgate",0,2.5,"LSE+Huber+L1","blocked",NA,681.171831380828,1360.78952144989,6217.42169739412,2072.5309277884,TRUE,0,18,0,0,0
"fremtpl2_severity_raw","random",5,"noweak","auto-valgate",0,2.5,"LSE+Huber+L1","blocked",NA,668.533955040326,1918.40561331475,11802.2928543461,2102.02124646135,TRUE,0,18,0,0,0
"fremtpl2_severity_raw","random",6,"noweak","auto-valgate",0,2.5,"LSE+Huber+L1","blocked",NA,716.371803575129,1987.60620194268,11986.7622344835,2283.70681573506,TRUE,0,10,8,0,0
"fremtpl2_severity_raw","random",7,"noweak","auto-valgate",0,2.5,"LSE+Huber+L1","blocked",NA,726.704252285138,2970.04784940904,45060.7163716345,2278.23084700166,TRUE,0,18,0,0,0
"fremtpl2_severity_raw","random",8,"noweak","auto-valgate",0,2.5,"LSE+Huber+L1","blocked",NA,779.191819267663,2025.63660486788,11542.4409358757,2592.33796087118,TRUE,0,3,15,0,0
"fremtpl2_severity_raw","random",9,"noweak","auto-valgate",0,2.5,"LSE+Huber+L1","blocked",NA,717.480382494626,1476.61380772897,7817.53686002761,2302.47330706584,TRUE,0,18,0,0,0
"fremtpl2_severity_raw","random",10,"noweak","auto-valgate",0,2.5,"LSE+Huber+L1","blocked",NA,713.012356867869,3110.57938438148,42749.0287583932,2231.74046934742,TRUE,0,4,14,0,0
"fremtpl2_severity_raw","random",11,"noweak","auto-valgate",0,2.5,"LSE+Huber+L1","blocked",NA,717.544458007128,2955.64552814034,45034.3948707664,2377.02546978833,TRUE,0,18,0,0,0
"fremtpl2_severity_raw","random",12,"noweak","auto-valgate",0,2.5,"LSE+Huber+L1","blocked",NA,712.925065838625,1799.7515512166,12120.4309484711,2182.16307091649,TRUE,0,2,16,0,0
"fremtpl2_severity_raw","random",13,"noweak","auto-valgate",0,2.5,"LSE+Huber+L1","blocked",NA,694.827409814212,3889.43156728962,60591.8617395324,2127.89031379796,TRUE,0,14,4,0,0
"fremtpl2_severity_raw","random",14,"noweak","auto-valgate",0,2.5,"LSE+Huber+L1","blocked",NA,682.667630233061,3102.73239466385,45651.0618476319,2048.29267604772,TRUE,0,18,0,0,0
"fremtpl2_severity_raw","random",15,"noweak","auto-valgate",0,2.5,"LSE+Huber+L1","blocked",NA,665.046291431576,1567.21987438829,8080.53996014048,1863.23883599679,TRUE,0,4,14,0,0
"fremtpl2_severity_raw","random",16,"noweak","auto-valgate",0,2.5,"LSE+Huber+L1","blocked",NA,654.069659543806,2020.32973358355,13298.2835537594,1934.83816816054,TRUE,0,7,11,0,0
"fremtpl2_severity_raw","random",17,"noweak","auto-valgate",0,2.5,"LSE+Huber+L1","blocked",NA,691.867441130745,4244.05750824058,61204.3417866739,2141.60802770551,TRUE,0,18,0,0,0
"fremtpl2_severity_raw","random",18,"noweak","auto-valgate",0,2.5,"LSE+Huber+L1","blocked",NA,685.965584101516,3305.03448401228,45747.5982859568,2197.08584859761,TRUE,0,16,2,0,0
"fremtpl2_severity_raw","random",19,"noweak","auto-valgate",0,2.5,"LSE+Huber+L1","blocked",NA,691.897110825497,3180.78880417036,42495.822045321,2115.35157495599,TRUE,0,18,0,0,0
"fremtpl2_severity_raw","random",20,"noweak","auto-valgate",0,2.5,"LSE+Huber+L1","blocked",NA,635.999644781604,2559.68403877994,44662.8353569295,1812.1016816595,TRUE,0,13,5,0,0
"fremtpl2_severity_raw","random",21,"noweak","auto-valgate",0,2.5,"LSE+Huber+L1","blocked",NA,743.021439105162,3195.16232496612,42645.1323033064,2432.68277007195,TRUE,0,14,4,0,0
"fremtpl2_severity_raw","random",22,"noweak","auto-valgate",0,2.5,"LSE+Huber+L1","blocked",NA,685.573904947402,1631.99529967366,10842.5735211228,2031.4484259374,TRUE,0,18,0,0,0
"fremtpl2_severity_raw","random",23,"noweak","auto-valgate",0,2.5,"LSE+Huber+L1","blocked",NA,693.975821482336,2331.33066091554,15030.0118311491,2304.61298989899,TRUE,0,8,10,0,0
"fremtpl2_severity_raw","random",24,"noweak","auto-valgate",0,2.5,"LSE+Huber+L1","blocked",NA,710.7632468175,2864.98525864422,45292.4368538935,2184.87862062078,TRUE,0,0,18,0,0
"fremtpl2_severity_raw","random",25,"noweak","auto-valgate",0,2.5,"LSE+Huber+L1","blocked",NA,692.385933268648,1791.85761855105,11146.1511498927,2012.18680280915,TRUE,0,14,4,0,0
"fremtpl2_severity_raw","random",26,"noweak","auto-valgate",0,2.5,"LSE+Huber+L1","blocked",NA,732.515462064176,3045.55000191417,44973.6903477406,2425.0210727024,TRUE,0,18,0,0,0
"fremtpl2_severity_raw","random",27,"noweak","auto-valgate",0,2.5,"LSE+Huber+L1","blocked",NA,653.82440800317,1595.67724972691,9407.54112775066,2005.48023258712,TRUE,0,0,18,0,0
"fremtpl2_severity_raw","random",28,"noweak","auto-valgate",0,2.5,"LSE+Huber+L1","blocked",NA,664.247554177093,2986.37256356287,42389.6662900182,1930.45248335692,TRUE,0,4,14,0,0
"fremtpl2_severity_raw","random",29,"noweak","auto-valgate",0,2.5,"LSE+Huber+L1","blocked",NA,634.489361218283,1542.85634656305,10677.2636138639,1648.17414439079,TRUE,0,14,4,0,0
"fremtpl2_severity_raw","random",30,"noweak","auto-valgate",0,2.5,"LSE+Huber+L1","blocked",NA,663.272462469313,2381.43870480736,13803.2599087723,2031.89069848175,TRUE,0,3,15,0,0
"fremtpl2_severity_raw","random",1,"noweak","auto-valgate",1,2.5,"LSE+Huber+L1","blocked",NA,723.301595136139,2884.83577631163,45048.4369317418,2084.04733113576,TRUE,0,8,10,0,0
"fremtpl2_severity_raw","random",2,"noweak","auto-valgate",1,2.5,"LSE+Huber+L1","blocked",NA,642.823304153318,1610.75207226357,10467.5714603802,1949.19746275017,TRUE,0,17,1,0,0
"fremtpl2_severity_raw","random",3,"noweak","auto-valgate",1,2.5,"LSE+Huber+L1","blocked",NA,662.639863416416,4068.35789933654,60881.876675243,1981.23443941533,TRUE,0,10,8,0,0
"fremtpl2_severity_raw","random",4,"noweak","auto-valgate",1,2.5,"LSE+Huber+L1","blocked",NA,678.068722569142,1362.39761602034,6216.78434428403,2047.5399141227,TRUE,0,10,8,0,0
"fremtpl2_severity_raw","random",5,"noweak","auto-valgate",1,2.5,"LSE+Huber+L1","blocked",NA,675.752635318224,1924.33855709187,11799.8698407689,2091.16704754165,TRUE,0,1,17,0,0
"fremtpl2_severity_raw","random",6,"noweak","auto-valgate",1,2.5,"LSE+Huber+L1","blocked",NA,716.998492748521,1986.75104652637,11979.731041942,2274.39407799255,TRUE,0,18,0,0,0
"fremtpl2_severity_raw","random",7,"noweak","auto-valgate",1,2.5,"LSE+Huber+L1","blocked",NA,723.612406969618,3095.71816076871,45272.6715165523,2222.39905762801,TRUE,0,13,5,0,0
"fremtpl2_severity_raw","random",8,"noweak","auto-valgate",1,2.5,"LSE+Huber+L1","blocked",NA,786.299373760348,2038.66843013512,11551.997849794,2583.25351530945,TRUE,0,18,0,0,0
"fremtpl2_severity_raw","random",9,"noweak","auto-valgate",1,2.5,"LSE+Huber+L1","blocked",NA,717.378477144274,1477.01611627891,7813.65168440556,2283.23391811303,TRUE,0,18,0,0,0
"fremtpl2_severity_raw","random",10,"noweak","auto-valgate",1,2.5,"LSE+Huber+L1","blocked",NA,699.104604084587,3101.46099034835,42748.1015964377,2259.124340261,TRUE,0,18,0,0,0
"fremtpl2_severity_raw","random",11,"noweak","auto-valgate",1,2.5,"LSE+Huber+L1","blocked",NA,730.212675711505,2969.78320118736,45040.5305382848,2365.57005096542,TRUE,0,18,0,0,0
"fremtpl2_severity_raw","random",12,"noweak","auto-valgate",1,2.5,"LSE+Huber+L1","blocked",NA,714.634307227315,1785.32499427018,12118.667105913,2161.25137101675,TRUE,0,0,18,0,0
"fremtpl2_severity_raw","random",13,"noweak","auto-valgate",1,2.5,"LSE+Huber+L1","blocked",NA,703.69287254885,3904.35614281353,60595.6496413597,2186.67553564677,TRUE,0,10,8,0,0
"fremtpl2_severity_raw","random",14,"noweak","auto-valgate",1,2.5,"LSE+Huber+L1","blocked",NA,679.270038867792,3097.90078245492,45647.1351641064,2120.76623928913,TRUE,0,18,0,0,0
"fremtpl2_severity_raw","random",15,"noweak","auto-valgate",1,2.5,"LSE+Huber+L1","blocked",NA,670.678033104022,1606.5023921338,8114.18388869496,1840.87830511043,TRUE,0,1,17,0,0
"fremtpl2_severity_raw","random",16,"noweak","auto-valgate",1,2.5,"LSE+Huber+L1","blocked",NA,654.895249545915,2004.07405887428,13304.6366059709,1958.81210544061,TRUE,0,0,18,0,0
"fremtpl2_severity_raw","random",17,"noweak","auto-valgate",1,2.5,"LSE+Huber+L1","blocked",NA,689.873880117457,4226.14752949058,61210.7610481024,2041.93162588398,TRUE,0,0,18,0,0
"fremtpl2_severity_raw","random",18,"noweak","auto-valgate",1,2.5,"LSE+Huber+L1","blocked",NA,692.631143505007,3282.38440394315,45752.1267543923,2342.64592585013,TRUE,0,0,18,0,0
"fremtpl2_severity_raw","random",19,"noweak","auto-valgate",1,2.5,"LSE+Huber+L1","blocked",NA,689.993426069842,3175.12522651704,42499.6987675678,2158.58610443372,TRUE,0,18,0,0,0
"fremtpl2_severity_raw","random",20,"noweak","auto-valgate",1,2.5,"LSE+Huber+L1","blocked",NA,639.458392769455,2566.77490288875,44658.0709343524,1771.9917188152,TRUE,0,14,4,0,0
"fremtpl2_severity_raw","random",21,"noweak","auto-valgate",1,2.5,"LSE+Huber+L1","blocked",NA,737.314654656681,3197.94593402292,42646.2070448547,2612.60752384317,TRUE,0,16,2,0,0
"fremtpl2_severity_raw","random",22,"noweak","auto-valgate",1,2.5,"LSE+Huber+L1","blocked",NA,693.21998320822,1686.25598567791,10966.4685646823,2037.76612382744,TRUE,0,18,0,0,0
"fremtpl2_severity_raw","random",23,"noweak","auto-valgate",1,2.5,"LSE+Huber+L1","blocked",NA,697.660237290336,2334.91394279221,15030.4911023898,2269.53347208276,TRUE,0,17,1,0,0
"fremtpl2_severity_raw","random",24,"noweak","auto-valgate",1,2.5,"LSE+Huber+L1","blocked",NA,681.30147679636,2864.84986691623,45288.1954537763,2064.18627091119,TRUE,0,11,7,0,0
"fremtpl2_severity_raw","random",25,"noweak","auto-valgate",1,2.5,"LSE+Huber+L1","blocked",NA,690.225930059208,1789.2730026072,11146.5778921137,2062.80370170796,TRUE,0,4,14,0,0
"fremtpl2_severity_raw","random",26,"noweak","auto-valgate",1,2.5,"LSE+Huber+L1","blocked",NA,730.870227661017,3045.9076516234,44975.545787013,2398.41280081637,TRUE,0,18,0,0,0
"fremtpl2_severity_raw","random",27,"noweak","auto-valgate",1,2.5,"LSE+Huber+L1","blocked",NA,647.322352189734,1605.75010687868,9404.4066433081,1984.79849385953,TRUE,0,18,0,0,0
"fremtpl2_severity_raw","random",28,"noweak","auto-valgate",1,2.5,"LSE+Huber+L1","blocked",NA,659.829724442693,3002.40002072935,42384.610558379,1898.72726938481,TRUE,0,18,0,0,0
"fremtpl2_severity_raw","random",29,"noweak","auto-valgate",1,2.5,"LSE+Huber+L1","blocked",NA,632.708705992838,1635.37040061329,11104.0588970999,1700.62277117269,TRUE,0,4,14,0,0
"fremtpl2_severity_raw","random",30,"noweak","auto-valgate",1,2.5,"LSE+Huber+L1","blocked",NA,659.030494248588,2261.81038682495,13337.0493533088,1940.93572227491,TRUE,0,11,7,0,0
"fremtpl2_severity_raw","random",1,"noweak","auto-valgate",2,2.5,"LSE+Huber+L1","blocked",NA,701.138571572499,2911.27256383392,45068.6068967872,2165.50054162647,TRUE,0,17,1,0,0
"fremtpl2_severity_raw","random",2,"noweak","auto-valgate",2,2.5,"LSE+Huber+L1","blocked",NA,643.853523898802,1612.10348725206,10466.6363946812,1948.52639292208,TRUE,0,11,7,0,0
"fremtpl2_severity_raw","random",3,"noweak","auto-valgate",2,2.5,"LSE+Huber+L1","blocked",NA,652.896624192787,4057.32558251921,60880.8408713797,1965.68442053402,TRUE,0,18,0,0,0
"fremtpl2_severity_raw","random",4,"noweak","auto-valgate",2,2.5,"LSE+Huber+L1","blocked",NA,685.896469992292,1363.04349487833,6214.69096671027,2066.7696615844,TRUE,0,8,10,0,0
"fremtpl2_severity_raw","random",5,"noweak","auto-valgate",2,2.5,"LSE+Huber+L1","blocked",NA,668.29977824109,1911.47109039363,11798.43552365,2053.82472811305,TRUE,0,18,0,0,0
"fremtpl2_severity_raw","random",6,"noweak","auto-valgate",2,2.5,"LSE+Huber+L1","blocked",NA,716.198855883776,1988.19356377311,11976.9410282144,2267.4220544459,TRUE,0,18,0,0,0
"fremtpl2_severity_raw","random",7,"noweak","auto-valgate",2,2.5,"LSE+Huber+L1","blocked",NA,721.092960393179,2954.80314462263,45059.0857912046,2261.30760908647,TRUE,0,13,5,0,0
"fremtpl2_severity_raw","random",8,"noweak","auto-valgate",2,2.5,"LSE+Huber+L1","blocked",NA,792.091562870907,2047.54140586294,11553.4232307251,2642.51822223017,TRUE,0,18,0,0,0
"fremtpl2_severity_raw","random",9,"noweak","auto-valgate",2,2.5,"LSE+Huber+L1","blocked",NA,717.724083779714,1475.23574921612,7818.61499387352,2327.47483970655,TRUE,0,18,0,0,0
"fremtpl2_severity_raw","random",10,"noweak","auto-valgate",2,2.5,"LSE+Huber+L1","blocked",NA,702.502461965558,3104.32397527676,42744.6171137442,2251.18326890003,TRUE,0,18,0,0,0
"fremtpl2_severity_raw","random",11,"noweak","auto-valgate",2,2.5,"LSE+Huber+L1","blocked",NA,724.662204615303,2960.87452650289,45037.5877700647,2368.20738094715,TRUE,0,18,0,0,0
"fremtpl2_severity_raw","random",12,"noweak","auto-valgate",2,2.5,"LSE+Huber+L1","blocked",NA,711.050142088663,1797.02758713192,12119.9343838397,2181.129334578,TRUE,0,15,3,0,0
"fremtpl2_severity_raw","random",13,"noweak","auto-valgate",2,2.5,"LSE+Huber+L1","blocked",NA,702.128777120535,3889.07480678077,60592.6354389654,2073.48286501871,TRUE,0,2,16,0,0
"fremtpl2_severity_raw","random",14,"noweak","auto-valgate",2,2.5,"LSE+Huber+L1","blocked",NA,676.735858227505,3097.36092548266,45652.4590540692,2130.096811196,TRUE,0,15,3,0,0
"fremtpl2_severity_raw","random",15,"noweak","auto-valgate",2,2.5,"LSE+Huber+L1","blocked",NA,666.903543654201,1579.55473630886,8103.93763893633,1882.06768340897,TRUE,0,0,18,0,0
"fremtpl2_severity_raw","random",16,"noweak","auto-valgate",2,2.5,"LSE+Huber+L1","blocked",NA,657.570664356822,2027.37983031671,13295.0723147935,1929.95682588283,TRUE,0,18,0,0,0
"fremtpl2_severity_raw","random",17,"noweak","auto-valgate",2,2.5,"LSE+Huber+L1","blocked",NA,693.05867765774,4241.56441221259,61206.6300069738,2088.0886350024,TRUE,0,15,3,0,0
"fremtpl2_severity_raw","random",18,"noweak","auto-valgate",2,2.5,"LSE+Huber+L1","blocked",NA,686.725504515149,3290.98371840307,45747.7294302478,2258.43363684556,TRUE,0,17,1,0,0
"fremtpl2_severity_raw","random",19,"noweak","auto-valgate",2,2.5,"LSE+Huber+L1","blocked",NA,698.126328628335,3185.03196644125,42499.6238785258,2160.50778818565,TRUE,0,18,0,0,0
"fremtpl2_severity_raw","random",20,"noweak","auto-valgate",2,2.5,"LSE+Huber+L1","blocked",NA,634.527637583816,2563.33318558379,44660.8931204431,1795.11091943125,TRUE,0,18,0,0,0
"fremtpl2_severity_raw","random",21,"noweak","auto-valgate",2,2.5,"LSE+Huber+L1","blocked",NA,738.952475219995,3197.79290932436,42644.9355916911,2519.33236504814,TRUE,0,17,1,0,0
"fremtpl2_severity_raw","random",22,"noweak","auto-valgate",2,2.5,"LSE+Huber+L1","blocked",NA,697.805532516596,1682.19545368663,10930.5259374877,2018.32877789034,TRUE,0,18,0,0,0
"fremtpl2_severity_raw","random",23,"noweak","auto-valgate",2,2.5,"LSE+Huber+L1","blocked",NA,696.985295981786,2328.40641276476,15030.7712988644,2329.27892912722,TRUE,0,18,0,0,0
"fremtpl2_severity_raw","random",24,"noweak","auto-valgate",2,2.5,"LSE+Huber+L1","blocked",NA,682.694861865137,2859.79040126978,45291.1590527048,2057.04565802635,TRUE,0,18,0,0,0
"fremtpl2_severity_raw","random",25,"noweak","auto-valgate",2,2.5,"LSE+Huber+L1","blocked",NA,701.259736146819,1800.28520223054,11144.8205270379,1911.58846689005,TRUE,0,16,2,0,0
"fremtpl2_severity_raw","random",26,"noweak","auto-valgate",2,2.5,"LSE+Huber+L1","blocked",NA,730.424559396709,3044.63530442017,44974.5543931512,2381.60986208169,TRUE,0,18,0,0,0
"fremtpl2_severity_raw","random",27,"noweak","auto-valgate",2,2.5,"LSE+Huber+L1","blocked",NA,657.040000221764,1610.14060845387,9407.13670065751,2004.71617333186,TRUE,0,5,13,0,0
"fremtpl2_severity_raw","random",28,"noweak","auto-valgate",2,2.5,"LSE+Huber+L1","blocked",NA,658.832488512302,2998.83864974215,42386.5287885869,1933.51855229674,TRUE,0,17,1,0,0
"fremtpl2_severity_raw","random",29,"noweak","auto-valgate",2,2.5,"LSE+Huber+L1","blocked",NA,633.690123599577,1543.58663393901,10678.4827068225,1686.72498676847,TRUE,0,18,0,0,0
"fremtpl2_severity_raw","random",30,"noweak","auto-valgate",2,2.5,"LSE+Huber+L1","blocked",NA,660.621760302354,2272.02804880285,13337.4043206028,1949.64420265244,TRUE,0,15,3,0,0
"fremtpl2_severity_raw","random",1,"selfreq","auto-valgate",0,2.5,"full","blocked",NA,697.318693471478,2871.83744530053,45048.664858327,2189.95118577435,TRUE,0,0,0,0,18
"fremtpl2_severity_raw","random",2,"selfreq","auto-valgate",0,2.5,"full","blocked",NA,645.786871970378,1596.95464962298,10475.3787588819,1982.99476586996,TRUE,0,0,1,0,17
"fremtpl2_severity_raw","random",3,"selfreq","auto-valgate",0,2.5,"full","blocked",NA,653.642402477959,4044.73693730413,60886.1727894824,2013.54778797084,TRUE,0,0,18,0,0
"fremtpl2_severity_raw","random",4,"selfreq","auto-valgate",0,2.5,"full","blocked",NA,677.421076541222,1375.60947478683,6237.71352395644,2114.33497861131,TRUE,0,0,0,0,18
"fremtpl2_severity_raw","random",5,"selfreq","auto-valgate",0,2.5,"full","blocked",NA,670.989340546785,1900.14479143442,11802.0523266814,2095.78840721412,TRUE,0,1,0,0,17
"fremtpl2_severity_raw","random",6,"selfreq","auto-valgate",0,2.5,"full","blocked",NA,717.691515679933,1973.85265860023,11986.1531102763,2362.96693766941,TRUE,0,0,1,0,17
"fremtpl2_severity_raw","random",7,"selfreq","auto-valgate",0,2.5,"full","blocked",NA,727.399875290802,3019.98362353565,45094.2179551682,2372.71799640513,TRUE,0,0,0,0,18
"fremtpl2_severity_raw","random",8,"selfreq","auto-valgate",0,2.5,"full","blocked",NA,780.955177496325,2035.26548520951,11560.3000740641,2623.32094200758,TRUE,0,0,3,0,15
"fremtpl2_severity_raw","random",9,"selfreq","auto-valgate",0,2.5,"full","blocked",NA,713.132437497079,1459.16648536053,7823.62991723627,2373.84839705984,TRUE,0,3,0,0,15
"fremtpl2_severity_raw","random",10,"selfreq","auto-valgate",0,2.5,"full","blocked",NA,707.295580787237,3115.14712407749,42756.0312452213,2369.77158912299,TRUE,0,0,0,0,18
"fremtpl2_severity_raw","random",11,"selfreq","auto-valgate",0,2.5,"full","blocked",NA,707.214832961901,2949.31559244121,45041.4026694903,2422.17124122782,TRUE,0,0,0,0,18
"fremtpl2_severity_raw","random",12,"selfreq","auto-valgate",0,2.5,"full","blocked",NA,711.860677050213,1806.58121439307,12128.2249860661,2246.06529401225,TRUE,0,0,0,0,18
"fremtpl2_severity_raw","random",13,"selfreq","auto-valgate",0,2.5,"full","blocked",NA,696.515827130489,3904.55531506946,60600.048128362,2310.38039403196,TRUE,0,0,0,0,18
"fremtpl2_severity_raw","random",14,"selfreq","auto-valgate",0,2.5,"full","blocked",NA,675.118020943615,3078.94018245114,45651.8804058021,2088.90519596019,TRUE,0,1,0,0,17
"fremtpl2_severity_raw","random",15,"selfreq","auto-valgate",0,2.5,"full","blocked",NA,657.975455318278,1629.31477256286,8230.69554248228,1935.39441958386,TRUE,0,0,4,0,14
"fremtpl2_severity_raw","random",16,"selfreq","auto-valgate",0,2.5,"full","blocked",NA,660.129405287123,2027.40902498529,13301.6877474215,1966.71217110685,TRUE,0,1,6,0,11
"fremtpl2_severity_raw","random",17,"selfreq","auto-valgate",0,2.5,"full","blocked",NA,691.648862188234,4237.67582842683,61206.7335770178,2139.5677116919,TRUE,0,3,0,0,15
"fremtpl2_severity_raw","random",18,"selfreq","auto-valgate",0,2.5,"full","blocked",NA,678.725029818059,3299.38643155325,45754.3164957321,2365.40495741708,TRUE,0,0,0,0,18
"fremtpl2_severity_raw","random",19,"selfreq","auto-valgate",0,2.5,"full","blocked",NA,696.711156202875,3190.9703326511,42505.9011088075,2229.35158813855,TRUE,0,0,0,0,18
"fremtpl2_severity_raw","random",20,"selfreq","auto-valgate",0,2.5,"full","blocked",NA,632.796634818541,2546.21629870904,44665.5656853655,1886.85204098009,TRUE,0,1,0,0,17
"fremtpl2_severity_raw","random",21,"selfreq","auto-valgate",0,2.5,"full","blocked",NA,730.338459016035,3189.82337584312,42642.6090098392,2511.63417940818,TRUE,0,1,0,0,17
"fremtpl2_severity_raw","random",22,"selfreq","auto-valgate",0,2.5,"full","blocked",NA,683.609790399404,1619.39958064257,10852.8590468117,2095.63430510912,TRUE,0,1,0,0,17
"fremtpl2_severity_raw","random",23,"selfreq","auto-valgate",0,2.5,"full","blocked",NA,690.965059179507,2337.70148233577,15040.6513810176,2343.93604087509,TRUE,0,0,0,0,18
"fremtpl2_severity_raw","random",24,"selfreq","auto-valgate",0,2.5,"full","blocked",NA,686.077010124677,2849.11725224742,45292.2382335984,2046.95278237672,TRUE,0,0,7,0,11
"fremtpl2_severity_raw","random",25,"selfreq","auto-valgate",0,2.5,"full","blocked",NA,695.498840824337,1797.05287369558,11161.9888470556,2177.97180745876,TRUE,0,0,0,0,18
"fremtpl2_severity_raw","random",26,"selfreq","auto-valgate",0,2.5,"full","blocked",NA,731.716970801996,3052.55079057822,44983.6721902633,2587.11989938712,TRUE,0,0,0,0,18
"fremtpl2_severity_raw","random",27,"selfreq","auto-valgate",0,2.5,"full","blocked",NA,649.015452600509,1611.93580336639,9417.71799852964,2083.78202717105,TRUE,0,0,0,0,18
"fremtpl2_severity_raw","random",28,"selfreq","auto-valgate",0,2.5,"full","blocked",NA,661.128946800003,2987.82531277683,42391.8495876699,1951.57340624845,TRUE,0,1,0,0,17
"fremtpl2_severity_raw","random",29,"selfreq","auto-valgate",0,2.5,"full","blocked",NA,622.321314058538,1577.91149982202,10727.527122413,1741.66434725585,TRUE,0,0,0,0,18
"fremtpl2_severity_raw","random",30,"selfreq","auto-valgate",0,2.5,"full","blocked",NA,663.605006526941,2259.93467390532,13342.3983694487,2026.71087496519,TRUE,0,0,16,0,2
"fremtpl2_severity_raw","random",1,"selfreq","auto-valgate",1,2.5,"full","blocked",NA,707.007763972797,2859.32435743036,45047.2229186699,2062.2160214179,TRUE,0,0,1,0,17
"fremtpl2_severity_raw","random",2,"selfreq","auto-valgate",1,2.5,"full","blocked",NA,638.819631758899,1619.08486383136,10482.7063325006,2063.66625445975,TRUE,0,0,0,0,18
"fremtpl2_severity_raw","random",3,"selfreq","auto-valgate",1,2.5,"full","blocked",NA,644.695439257574,4065.30593077353,60883.8515484547,2104.01274284934,TRUE,0,0,0,0,18
"fremtpl2_severity_raw","random",4,"selfreq","auto-valgate",1,2.5,"full","blocked",NA,672.974491256844,1370.67970366749,6232.35483081047,2093.16409289361,TRUE,0,0,0,0,18
"fremtpl2_severity_raw","random",5,"selfreq","auto-valgate",1,2.5,"full","blocked",NA,666.133252256422,1916.724528785,11807.3328412257,2207.00091221783,TRUE,0,0,3,0,15
"fremtpl2_severity_raw","random",6,"selfreq","auto-valgate",1,2.5,"full","blocked",NA,713.310431206145,1994.33579440469,11994.0839181682,2413.5064157016,TRUE,0,0,0,0,18
"fremtpl2_severity_raw","random",7,"selfreq","auto-valgate",1,2.5,"full","blocked",NA,720.780023817265,2944.80126965111,45066.1176365471,2305.52654403019,TRUE,0,1,0,0,17
"fremtpl2_severity_raw","random",8,"selfreq","auto-valgate",1,2.5,"full","blocked",NA,784.169905161106,2040.23120908287,11560.894935026,2674.02941349453,TRUE,0,1,0,0,17
"fremtpl2_severity_raw","random",9,"selfreq","auto-valgate",1,2.5,"full","blocked",NA,714.758302379057,1480.38014090918,7827.78058322547,2387.89190996153,TRUE,0,1,0,0,17
"fremtpl2_severity_raw","random",10,"selfreq","auto-valgate",1,2.5,"full","blocked",NA,709.27383735054,3118.49173194903,42754.8002778193,2376.22352713042,TRUE,0,0,0,0,18
"fremtpl2_severity_raw","random",11,"selfreq","auto-valgate",1,2.5,"full","blocked",NA,702.985908953034,2948.7642670759,45044.1823369706,2496.46942762357,TRUE,0,0,0,0,18
"fremtpl2_severity_raw","random",12,"selfreq","auto-valgate",1,2.5,"full","blocked",NA,716.101757150422,1785.58391964593,12119.1573371763,2185.70675117748,TRUE,0,0,1,0,17
"fremtpl2_severity_raw","random",13,"selfreq","auto-valgate",1,2.5,"full","blocked",NA,705.025762685544,3905.09798779326,60598.1126403972,2203.90553357618,TRUE,0,0,0,0,18
"fremtpl2_severity_raw","random",14,"selfreq","auto-valgate",1,2.5,"full","blocked",NA,673.859613883456,3100.87447294293,45653.4620383717,2158.48743239173,TRUE,0,0,0,0,18
"fremtpl2_severity_raw","random",15,"selfreq","auto-valgate",1,2.5,"full","blocked",NA,664.24290811366,1560.10745664866,8080.91121639709,1840.21772729235,TRUE,0,0,18,0,0
"fremtpl2_severity_raw","random",16,"selfreq","auto-valgate",1,2.5,"full","blocked",NA,644.518785841974,2022.03437598677,13311.8549435172,2045.09228772031,TRUE,0,0,0,0,18
"fremtpl2_severity_raw","random",17,"selfreq","auto-valgate",1,2.5,"full","blocked",NA,687.623895893689,4222.11909851897,61211.142518626,2033.57880655544,TRUE,0,0,1,0,17
"fremtpl2_severity_raw","random",18,"selfreq","auto-valgate",1,2.5,"full","blocked",NA,677.004504519333,3299.08490176547,45756.902996102,2353.89793822046,TRUE,0,0,0,0,18
"fremtpl2_severity_raw","random",19,"selfreq","auto-valgate",1,2.5,"full","blocked",NA,693.906954956473,3188.20204575734,42507.3554849361,2230.27035343868,TRUE,0,0,0,0,18
"fremtpl2_severity_raw","random",20,"selfreq","auto-valgate",1,2.5,"full","blocked",NA,636.054593934753,2539.02400817909,44666.0181856183,1832.84527977801,TRUE,0,0,1,0,17
"fremtpl2_severity_raw","random",21,"selfreq","auto-valgate",1,2.5,"full","blocked",NA,730.061104859823,3238.28341145394,42673.3332157663,2659.78007892328,TRUE,0,0,0,0,18
"fremtpl2_severity_raw","random",22,"selfreq","auto-valgate",1,2.5,"full","blocked",NA,687.676597327544,1670.56369907721,10906.7145113315,2133.48274924433,TRUE,0,0,0,0,18
"fremtpl2_severity_raw","random",23,"selfreq","auto-valgate",1,2.5,"full","blocked",NA,698.393090645789,2317.80302454126,15033.257665581,2369.40838341305,TRUE,0,0,4,0,14
"fremtpl2_severity_raw","random",24,"selfreq","auto-valgate",1,2.5,"full","blocked",NA,677.372547972101,2863.98895068392,45295.7932559783,2154.36632022784,TRUE,0,0,0,0,18
"fremtpl2_severity_raw","random",25,"selfreq","auto-valgate",1,2.5,"full","blocked",NA,685.41018247559,1801.25345231762,11160.2275938515,2172.01417773219,TRUE,0,0,0,0,18
"fremtpl2_severity_raw","random",26,"selfreq","auto-valgate",1,2.5,"full","blocked",NA,737.663491668509,3058.63019390528,44982.4311894556,2410.79812523338,TRUE,0,0,0,0,18
"fremtpl2_severity_raw","random",27,"selfreq","auto-valgate",1,2.5,"full","blocked",NA,653.882785055084,1594.87501162231,9405.89800781651,2006.52415793091,TRUE,0,0,9,0,9
"fremtpl2_severity_raw","random",28,"selfreq","auto-valgate",1,2.5,"full","blocked",NA,657.178245347273,3010.56671368925,42392.5835372741,2004.8489078164,TRUE,0,0,0,0,18
"fremtpl2_severity_raw","random",29,"selfreq","auto-valgate",1,2.5,"full","blocked",NA,616.419786691541,1540.05544152459,10678.7973375695,1743.23370913895,TRUE,0,0,1,0,17
"fremtpl2_severity_raw","random",30,"selfreq","auto-valgate",1,2.5,"full","blocked",NA,657.808394474832,2261.33488374854,13337.3450002481,1951.26853541418,TRUE,0,1,7,0,10
"fremtpl2_severity_raw","random",1,"selfreq","auto-valgate",2,2.5,"full","blocked",NA,709.557308318283,2871.51754484987,45048.1791828983,2124.01989359483,TRUE,0,1,0,0,17
"fremtpl2_severity_raw","random",2,"selfreq","auto-valgate",2,2.5,"full","blocked",NA,640.893353914086,1623.76333916905,10481.726990961,2067.87854837189,TRUE,0,0,0,0,18
"fremtpl2_severity_raw","random",3,"selfreq","auto-valgate",2,2.5,"full","blocked",NA,645.25729933753,4067.19851674892,60890.6571533818,2071.57958892138,TRUE,0,0,0,0,18
"fremtpl2_severity_raw","random",4,"selfreq","auto-valgate",2,2.5,"full","blocked",NA,675.93701709198,1368.52187279522,6226.06340150456,2101.383463144,TRUE,0,0,4,0,14
"fremtpl2_severity_raw","random",5,"selfreq","auto-valgate",2,2.5,"full","blocked",NA,669.928304681567,1900.86033583141,11799.0727608946,2079.61142133754,TRUE,0,1,0,0,17
"fremtpl2_severity_raw","random",6,"selfreq","auto-valgate",2,2.5,"full","blocked",NA,713.672152103038,1992.80531639974,11989.6776995486,2413.49665666148,TRUE,0,0,0,0,18
"fremtpl2_severity_raw","random",7,"selfreq","auto-valgate",2,2.5,"full","blocked",NA,721.236612363363,2939.4618420075,45064.1484213947,2268.73249642264,TRUE,0,0,1,0,17
"fremtpl2_severity_raw","random",8,"selfreq","auto-valgate",2,2.5,"full","blocked",NA,786.125444782856,2070.40724576138,11625.8530688489,2673.66509079854,TRUE,0,0,2,0,16
"fremtpl2_severity_raw","random",9,"selfreq","auto-valgate",2,2.5,"full","blocked",NA,713.888860308505,1482.06487890559,7832.3559643356,2455.62373942012,TRUE,0,0,0,0,18
"fremtpl2_severity_raw","random",10,"selfreq","auto-valgate",2,2.5,"full","blocked",NA,707.330041913759,3117.10290922263,42751.6838711661,2345.63059083453,TRUE,0,0,0,0,18
"fremtpl2_severity_raw","random",11,"selfreq","auto-valgate",2,2.5,"full","blocked",NA,708.335861573189,2938.64914636688,45043.1559472599,2476.97442373925,TRUE,0,1,0,0,17
"fremtpl2_severity_raw","random",12,"selfreq","auto-valgate",2,2.5,"full","blocked",NA,712.564913213629,1809.19017761192,12131.4013842291,2235.41592315227,TRUE,0,0,0,0,18
"fremtpl2_severity_raw","random",13,"selfreq","auto-valgate",2,2.5,"full","blocked",NA,701.710485306462,3877.29863345708,60596.8370080619,2105.41464144675,TRUE,0,0,4,0,14
"fremtpl2_severity_raw","random",14,"selfreq","auto-valgate",2,2.5,"full","blocked",NA,669.486592803286,3097.8705173032,45657.8340631825,2182.13072428788,TRUE,0,0,0,0,18
"fremtpl2_severity_raw","random",15,"selfreq","auto-valgate",2,2.5,"full","blocked",NA,663.84547623144,1559.80066806601,8079.99622657758,1872.26109706977,TRUE,0,0,10,0,8
"fremtpl2_severity_raw","random",16,"selfreq","auto-valgate",2,2.5,"full","blocked",NA,653.722732870263,2009.41820458484,13310.433305044,1985.47130712295,TRUE,0,1,0,0,17
"fremtpl2_severity_raw","random",17,"selfreq","auto-valgate",2,2.5,"full","blocked",NA,684.471866348754,4245.26307935876,61214.4078852831,2177.56635662967,TRUE,0,0,4,0,14
"fremtpl2_severity_raw","random",18,"selfreq","auto-valgate",2,2.5,"full","blocked",NA,685.019809815545,3301.73596379365,45753.6173590829,2337.5209967496,TRUE,0,0,0,0,18
"fremtpl2_severity_raw","random",19,"selfreq","auto-valgate",2,2.5,"full","blocked",NA,699.191152084956,3196.32973569958,42505.5153059936,2210.10522973928,TRUE,0,0,0,0,18
"fremtpl2_severity_raw","random",20,"selfreq","auto-valgate",2,2.5,"full","blocked",NA,635.385469634037,2550.10431554094,44665.3378579856,1880.33270818198,TRUE,0,1,0,0,17
"fremtpl2_severity_raw","random",21,"selfreq","auto-valgate",2,2.5,"full","blocked",NA,727.540878048718,3194.50700714233,42653.3655511882,2553.30702434636,TRUE,0,0,3,0,15
"fremtpl2_severity_raw","random",22,"selfreq","auto-valgate",2,2.5,"full","blocked",NA,685.142408025161,1641.22632052208,10858.9113310376,2166.19311545943,TRUE,0,0,0,0,18
"fremtpl2_severity_raw","random",23,"selfreq","auto-valgate",2,2.5,"full","blocked",NA,687.791613888505,2336.75756289072,15046.0328462167,2399.59874516963,TRUE,0,0,0,0,18
"fremtpl2_severity_raw","random",24,"selfreq","auto-valgate",2,2.5,"full","blocked",NA,676.584224640589,2862.91534392652,45296.1322384946,2161.37423522271,TRUE,0,0,0,0,18
"fremtpl2_severity_raw","random",25,"selfreq","auto-valgate",2,2.5,"full","blocked",NA,689.390708954026,1803.84627726403,11155.2080946683,2194.63934701074,TRUE,0,0,0,0,18
"fremtpl2_severity_raw","random",26,"selfreq","auto-valgate",2,2.5,"full","blocked",NA,729.792203241308,3049.07118625229,44980.2158792206,2512.26607081771,TRUE,0,0,0,0,18
"fremtpl2_severity_raw","random",27,"selfreq","auto-valgate",2,2.5,"full","blocked",NA,654.748510833356,1595.68114102346,9407.06221982363,2007.7375067039,TRUE,0,0,2,0,16
"fremtpl2_severity_raw","random",28,"selfreq","auto-valgate",2,2.5,"full","blocked",NA,655.055377687378,3007.68542644316,42393.5172458851,1975.78434618809,TRUE,0,0,0,0,18
"fremtpl2_severity_raw","random",29,"selfreq","auto-valgate",2,2.5,"full","blocked",NA,631.376715873276,1539.36892223124,10679.9494466339,1704.5439632525,TRUE,0,1,0,0,17
"fremtpl2_severity_raw","random",30,"selfreq","auto-valgate",2,2.5,"full","blocked",NA,651.852801746132,2278.19451542998,13353.1862232538,2091.36185077401,TRUE,0,0,0,0,18
"insurance_autoclaims_paid","random",1,"noweak","auto-valgate",0,2.5,"LSE+Huber+L1","blocked",NA,971.249459517148,1352.95261719787,2840.94621303037,2970.27460085887,TRUE,0,18,0,0,0
"insurance_autoclaims_paid","random",2,"noweak","auto-valgate",0,2.5,"LSE+Huber+L1","blocked",NA,944.10520286671,1320.81400500103,2545.25442234574,2955.48768158772,TRUE,0,18,0,0,0
"insurance_autoclaims_paid","random",3,"noweak","auto-valgate",0,2.5,"LSE+Huber+L1","blocked",NA,993.600217615825,1437.00556988656,3318.24048569261,3062.08173754182,TRUE,0,18,0,0,0
"insurance_autoclaims_paid","random",4,"noweak","auto-valgate",0,2.5,"LSE+Huber+L1","blocked",NA,942.934773819156,1308.04776464163,2726.92485086107,2842.3715202061,TRUE,0,18,0,0,0
"insurance_autoclaims_paid","random",5,"noweak","auto-valgate",0,2.5,"LSE+Huber+L1","blocked",NA,910.030554012761,1322.04005464227,2957.24389955451,2704.11792983779,TRUE,0,18,0,0,0
"insurance_autoclaims_paid","random",6,"noweak","auto-valgate",0,2.5,"LSE+Huber+L1","blocked",NA,979.252338458136,1387.40065764995,2996.89353575564,3108.06918138877,TRUE,0,18,0,0,0
"insurance_autoclaims_paid","random",7,"noweak","auto-valgate",0,2.5,"LSE+Huber+L1","blocked",NA,873.664392698941,1285.48434821258,2848.51210089986,2666.26172807503,TRUE,0,18,0,0,0
"insurance_autoclaims_paid","random",8,"noweak","auto-valgate",0,2.5,"LSE+Huber+L1","blocked",NA,902.653314383852,1273.40168732633,2434.8308956914,2755.44797114808,TRUE,0,18,0,0,0
"insurance_autoclaims_paid","random",9,"noweak","auto-valgate",0,2.5,"LSE+Huber+L1","blocked",NA,942.326551009609,1283.56990880692,2382.00634860944,2830.57214079941,TRUE,0,18,0,0,0
"insurance_autoclaims_paid","random",10,"noweak","auto-valgate",0,2.5,"LSE+Huber+L1","blocked",NA,931.823267054856,1269.4818186687,2402.60398184311,2972.3520860796,TRUE,0,18,0,0,0
"insurance_autoclaims_paid","random",11,"noweak","auto-valgate",0,2.5,"LSE+Huber+L1","blocked",NA,936.641503613692,1263.93643326446,2341.89201239105,2828.0391403441,TRUE,0,18,0,0,0
"insurance_autoclaims_paid","random",12,"noweak","auto-valgate",0,2.5,"LSE+Huber+L1","blocked",NA,922.460719852404,1321.85127586301,2857.30079768782,2825.89553624711,TRUE,0,18,0,0,0
"insurance_autoclaims_paid","random",13,"noweak","auto-valgate",0,2.5,"LSE+Huber+L1","blocked",NA,982.493573059639,1343.46173360841,2517.82343920389,3039.93534887331,TRUE,0,18,0,0,0
"insurance_autoclaims_paid","random",14,"noweak","auto-valgate",0,2.5,"LSE+Huber+L1","blocked",NA,1039.83147238973,1437.11444746912,2733.66798701545,3313.30625542155,TRUE,0,18,0,0,0
"insurance_autoclaims_paid","random",15,"noweak","auto-valgate",0,2.5,"LSE+Huber+L1","blocked",NA,974.348515740002,1343.18429419811,2834.43180188307,2897.18317286216,TRUE,0,18,0,0,0
"insurance_autoclaims_paid","random",16,"noweak","auto-valgate",0,2.5,"LSE+Huber+L1","blocked",NA,959.414142923713,1380.28181680289,2881.27607132959,3023.17587633824,TRUE,0,18,0,0,0
"insurance_autoclaims_paid","random",17,"noweak","auto-valgate",0,2.5,"LSE+Huber+L1","blocked",NA,948.673553864532,1358.99724054618,2929.08815825587,3028.28595773112,TRUE,0,18,0,0,0
"insurance_autoclaims_paid","random",18,"noweak","auto-valgate",0,2.5,"LSE+Huber+L1","blocked",NA,970.542171553369,1416.09661359395,3081.51836266634,2989.12205944253,TRUE,0,18,0,0,0
"insurance_autoclaims_paid","random",19,"noweak","auto-valgate",0,2.5,"LSE+Huber+L1","blocked",NA,984.600562872964,1372.9454548576,2654.68731161722,3113.51674634709,TRUE,0,18,0,0,0
"insurance_autoclaims_paid","random",20,"noweak","auto-valgate",0,2.5,"LSE+Huber+L1","blocked",NA,949.135538180172,1368.21081430487,2719.86061635288,2985.3475821674,TRUE,0,18,0,0,0
"insurance_autoclaims_paid","random",21,"noweak","auto-valgate",0,2.5,"LSE+Huber+L1","blocked",NA,904.968592579149,1346.72923210607,2896.23556146983,2836.78418790727,TRUE,0,18,0,0,0
"insurance_autoclaims_paid","random",22,"noweak","auto-valgate",0,2.5,"LSE+Huber+L1","blocked",NA,943.676227530502,1334.67441664897,2552.58855118728,2852.15885702857,TRUE,0,18,0,0,0
"insurance_autoclaims_paid","random",23,"noweak","auto-valgate",0,2.5,"LSE+Huber+L1","blocked",NA,943.797812128632,1336.40921406694,2814.48289193419,2876.93308376914,TRUE,0,18,0,0,0
"insurance_autoclaims_paid","random",24,"noweak","auto-valgate",0,2.5,"LSE+Huber+L1","blocked",NA,941.971984470467,1301.28505228721,2422.08913534008,2915.45510080313,TRUE,0,18,0,0,0
"insurance_autoclaims_paid","random",25,"noweak","auto-valgate",0,2.5,"LSE+Huber+L1","blocked",NA,944.841166124202,1302.88593665424,2515.60499552136,2884.18639894254,TRUE,0,18,0,0,0
"insurance_autoclaims_paid","random",26,"noweak","auto-valgate",0,2.5,"LSE+Huber+L1","blocked",NA,925.942236734058,1286.18011871649,2485.16594364474,2917.49034478419,TRUE,0,18,0,0,0
"insurance_autoclaims_paid","random",27,"noweak","auto-valgate",0,2.5,"LSE+Huber+L1","blocked",NA,945.995614200051,1344.1841014378,2811.00502659239,2911.68442069288,TRUE,0,18,0,0,0
"insurance_autoclaims_paid","random",28,"noweak","auto-valgate",0,2.5,"LSE+Huber+L1","blocked",NA,926.537813100793,1315.5964589684,2779.26806307244,2825.64162207808,TRUE,0,18,0,0,0
"insurance_autoclaims_paid","random",29,"noweak","auto-valgate",0,2.5,"LSE+Huber+L1","blocked",NA,976.964876480304,1398.21049426268,3014.17157148956,3053.96100010438,TRUE,0,18,0,0,0
"insurance_autoclaims_paid","random",30,"noweak","auto-valgate",0,2.5,"LSE+Huber+L1","blocked",NA,959.903476059976,1350.33078365275,2636.13306234984,3036.25805323644,TRUE,0,18,0,0,0
"insurance_autoclaims_paid","random",1,"noweak","auto-valgate",1,2.5,"LSE+Huber+L1","blocked",NA,972.452809612073,1354.24476115857,2840.59918784712,2972.39754369323,TRUE,0,18,0,0,0
"insurance_autoclaims_paid","random",2,"noweak","auto-valgate",1,2.5,"LSE+Huber+L1","blocked",NA,943.10835879537,1319.66425154676,2548.68844332459,2969.14269135356,TRUE,0,18,0,0,0
"insurance_autoclaims_paid","random",3,"noweak","auto-valgate",1,2.5,"LSE+Huber+L1","blocked",NA,989.286338480632,1432.71056314173,3316.95300100916,3087.29837027614,TRUE,0,18,0,0,0
"insurance_autoclaims_paid","random",4,"noweak","auto-valgate",1,2.5,"LSE+Huber+L1","blocked",NA,941.882983225018,1310.62618267162,2717.38117795229,2798.11297729164,TRUE,0,18,0,0,0
"insurance_autoclaims_paid","random",5,"noweak","auto-valgate",1,2.5,"LSE+Huber+L1","blocked",NA,911.500867681976,1319.37295817859,2965.43610303917,2719.13134921447,TRUE,0,18,0,0,0
"insurance_autoclaims_paid","random",6,"noweak","auto-valgate",1,2.5,"LSE+Huber+L1","blocked",NA,977.717981583276,1388.26859923397,2999.42924200268,3130.6080012672,TRUE,0,18,0,0,0
"insurance_autoclaims_paid","random",7,"noweak","auto-valgate",1,2.5,"LSE+Huber+L1","blocked",NA,875.987973663478,1290.55078917474,2849.01123909639,2642.09909866082,TRUE,0,18,0,0,0
"insurance_autoclaims_paid","random",8,"noweak","auto-valgate",1,2.5,"LSE+Huber+L1","blocked",NA,900.406294764409,1274.58037599839,2432.60288471331,2732.71350077719,TRUE,0,18,0,0,0
"insurance_autoclaims_paid","random",9,"noweak","auto-valgate",1,2.5,"LSE+Huber+L1","blocked",NA,942.673383313905,1282.39030519951,2388.69843123429,2828.90821334322,TRUE,0,18,0,0,0
"insurance_autoclaims_paid","random",10,"noweak","auto-valgate",1,2.5,"LSE+Huber+L1","blocked",NA,932.059010901221,1271.1221053116,2403.09251928467,2969.78594425525,TRUE,0,18,0,0,0
"insurance_autoclaims_paid","random",11,"noweak","auto-valgate",1,2.5,"LSE+Huber+L1","blocked",NA,936.095068823895,1258.14982755529,2348.83662759613,2879.95762025203,TRUE,0,18,0,0,0
"insurance_autoclaims_paid","random",12,"noweak","auto-valgate",1,2.5,"LSE+Huber+L1","blocked",NA,923.913504864002,1323.09694989082,2852.81050802547,2814.62846314669,TRUE,0,18,0,0,0
"insurance_autoclaims_paid","random",13,"noweak","auto-valgate",1,2.5,"LSE+Huber+L1","blocked",NA,983.871019801417,1346.49762534163,2523.31629222569,3070.85954420641,TRUE,0,18,0,0,0
"insurance_autoclaims_paid","random",14,"noweak","auto-valgate",1,2.5,"LSE+Huber+L1","blocked",NA,1040.53091583331,1433.33273121669,2739.34971677132,3328.06352576289,TRUE,0,18,0,0,0
"insurance_autoclaims_paid","random",15,"noweak","auto-valgate",1,2.5,"LSE+Huber+L1","blocked",NA,977.023088129239,1356.04521854083,2816.19582833432,2827.74001095816,TRUE,0,18,0,0,0
"insurance_autoclaims_paid","random",16,"noweak","auto-valgate",1,2.5,"LSE+Huber+L1","blocked",NA,965.40584559259,1386.48946108993,2879.02680571145,2977.03502818525,TRUE,0,18,0,0,0
"insurance_autoclaims_paid","random",17,"noweak","auto-valgate",1,2.5,"LSE+Huber+L1","blocked",NA,950.583115926427,1364.16662520892,2923.5445444356,3031.92193427841,TRUE,0,18,0,0,0
"insurance_autoclaims_paid","random",18,"noweak","auto-valgate",1,2.5,"LSE+Huber+L1","blocked",NA,963.486099732502,1401.60789728487,3095.84673067066,3027.10579156241,TRUE,0,18,0,0,0
"insurance_autoclaims_paid","random",19,"noweak","auto-valgate",1,2.5,"LSE+Huber+L1","blocked",NA,980.996242860996,1371.19433029167,2651.82863827584,3117.32741596418,TRUE,0,18,0,0,0
"insurance_autoclaims_paid","random",20,"noweak","auto-valgate",1,2.5,"LSE+Huber+L1","blocked",NA,953.549619800632,1374.15033004899,2708.95925915078,2959.67945124231,TRUE,0,18,0,0,0
"insurance_autoclaims_paid","random",21,"noweak","auto-valgate",1,2.5,"LSE+Huber+L1","blocked",NA,905.334995682585,1351.21130844662,2890.93196983886,2780.86642589958,TRUE,0,18,0,0,0
"insurance_autoclaims_paid","random",22,"noweak","auto-valgate",1,2.5,"LSE+Huber+L1","blocked",NA,1141.2287045519,1513.8062083796,2486.46202028297,2352.75649386497,TRUE,1,17,0,0,0
"insurance_autoclaims_paid","random",23,"noweak","auto-valgate",1,2.5,"LSE+Huber+L1","blocked",NA,944.154420782649,1331.5755107472,2822.3595682687,2897.55830109363,TRUE,0,18,0,0,0
"insurance_autoclaims_paid","random",24,"noweak","auto-valgate",1,2.5,"LSE+Huber+L1","blocked",NA,945.04958711657,1298.27935040041,2429.10378005144,2943.38131872321,TRUE,0,18,0,0,0
"insurance_autoclaims_paid","random",25,"noweak","auto-valgate",1,2.5,"LSE+Huber+L1","blocked",NA,948.699112570271,1313.64717382196,2508.48302201092,2816.7958566642,TRUE,0,18,0,0,0
"insurance_autoclaims_paid","random",26,"noweak","auto-valgate",1,2.5,"LSE+Huber+L1","blocked",NA,930.178478252864,1294.12883700864,2478.35786886341,2867.72994227183,TRUE,0,18,0,0,0
"insurance_autoclaims_paid","random",27,"noweak","auto-valgate",1,2.5,"LSE+Huber+L1","blocked",NA,938.023533204946,1338.54785393517,2804.527602121,2920.52734856631,TRUE,0,18,0,0,0
"insurance_autoclaims_paid","random",28,"noweak","auto-valgate",1,2.5,"LSE+Huber+L1","blocked",NA,922.947406738131,1311.02535314396,2785.9845213503,2830.27780057371,TRUE,0,18,0,0,0
"insurance_autoclaims_paid","random",29,"noweak","auto-valgate",1,2.5,"LSE+Huber+L1","blocked",NA,979.552972512419,1401.04104610333,3010.57739342324,3016.72436439088,TRUE,0,18,0,0,0
"insurance_autoclaims_paid","random",30,"noweak","auto-valgate",1,2.5,"LSE+Huber+L1","blocked",NA,963.445566419293,1355.65847799157,2636.22283161866,3068.93980492308,TRUE,0,18,0,0,0
"insurance_autoclaims_paid","random",1,"noweak","auto-valgate",2,2.5,"LSE+Huber+L1","blocked",NA,972.110156710371,1355.80334295781,2837.8642206507,2974.27169003605,TRUE,0,18,0,0,0
"insurance_autoclaims_paid","random",2,"noweak","auto-valgate",2,2.5,"LSE+Huber+L1","blocked",NA,944.597809311353,1325.46245172731,2540.11820727907,2942.76531714645,TRUE,0,18,0,0,0
"insurance_autoclaims_paid","random",3,"noweak","auto-valgate",2,2.5,"LSE+Huber+L1","blocked",NA,992.486876196362,1433.54938879496,3323.28724292494,3107.80301902179,TRUE,0,18,0,0,0
"insurance_autoclaims_paid","random",4,"noweak","auto-valgate",2,2.5,"LSE+Huber+L1","blocked",NA,940.011053987469,1301.70779179468,2731.04186438064,2847.58598002998,TRUE,0,18,0,0,0
"insurance_autoclaims_paid","random",5,"noweak","auto-valgate",2,2.5,"LSE+Huber+L1","blocked",NA,908.827694290285,1320.91385882887,2962.25753078994,2693.4055887785,TRUE,0,18,0,0,0
"insurance_autoclaims_paid","random",6,"noweak","auto-valgate",2,2.5,"LSE+Huber+L1","blocked",NA,976.868142342576,1390.01755969176,2991.0108167004,3103.97401773662,TRUE,0,18,0,0,0
"insurance_autoclaims_paid","random",7,"noweak","auto-valgate",2,2.5,"LSE+Huber+L1","blocked",NA,878.272071955675,1290.02104738987,2850.95836264793,2663.16603764607,TRUE,0,18,0,0,0
"insurance_autoclaims_paid","random",8,"noweak","auto-valgate",2,2.5,"LSE+Huber+L1","blocked",NA,903.086884569347,1272.81549749886,2439.51562152588,2787.92469458411,TRUE,0,18,0,0,0
"insurance_autoclaims_paid","random",9,"noweak","auto-valgate",2,2.5,"LSE+Huber+L1","blocked",NA,943.34058650357,1279.70741331314,2388.62826345288,2864.12243369099,TRUE,0,18,0,0,0
"insurance_autoclaims_paid","random",10,"noweak","auto-valgate",2,2.5,"LSE+Huber+L1","blocked",NA,934.162071111003,1275.01695250361,2399.59228886453,2975.54947182255,TRUE,0,18,0,0,0
"insurance_autoclaims_paid","random",11,"noweak","auto-valgate",2,2.5,"LSE+Huber+L1","blocked",NA,937.62719224376,1266.38563705227,2339.46897740579,2815.7726567607,TRUE,0,18,0,0,0
"insurance_autoclaims_paid","random",12,"noweak","auto-valgate",2,2.5,"LSE+Huber+L1","blocked",NA,924.266953365516,1323.5467589525,2859.06359914524,2821.59977538354,TRUE,0,18,0,0,0
"insurance_autoclaims_paid","random",13,"noweak","auto-valgate",2,2.5,"LSE+Huber+L1","blocked",NA,982.945921832538,1343.0983098849,2521.87666701702,3063.06531124291,TRUE,0,18,0,0,0
"insurance_autoclaims_paid","random",14,"noweak","auto-valgate",2,2.5,"LSE+Huber+L1","blocked",NA,1039.03203200498,1433.3043574646,2738.89689419079,3307.2644270954,TRUE,0,18,0,0,0
"insurance_autoclaims_paid","random",15,"noweak","auto-valgate",2,2.5,"LSE+Huber+L1","blocked",NA,977.386933195676,1349.6492384604,2831.09995965568,2886.25790975665,TRUE,0,18,0,0,0
"insurance_autoclaims_paid","random",16,"noweak","auto-valgate",2,2.5,"LSE+Huber+L1","blocked",NA,960.872801180575,1383.21044007014,2877.27898637013,3026.92894188786,TRUE,0,18,0,0,0
"insurance_autoclaims_paid","random",17,"noweak","auto-valgate",2,2.5,"LSE+Huber+L1","blocked",NA,946.406709741218,1359.13647053911,2923.48975628612,3022.30824294851,TRUE,0,18,0,0,0
"insurance_autoclaims_paid","random",18,"noweak","auto-valgate",2,2.5,"LSE+Huber+L1","blocked",NA,964.198565628928,1406.5169103639,3086.58706590243,3002.14428612071,TRUE,0,18,0,0,0
"insurance_autoclaims_paid","random",19,"noweak","auto-valgate",2,2.5,"LSE+Huber+L1","blocked",NA,989.731695469755,1378.03080267927,2661.52818238233,3129.99509279396,TRUE,0,18,0,0,0
"insurance_autoclaims_paid","random",20,"noweak","auto-valgate",2,2.5,"LSE+Huber+L1","blocked",NA,956.927832634867,1375.51957172825,2711.70599602264,2972.48171865631,TRUE,0,18,0,0,0
"insurance_autoclaims_paid","random",21,"noweak","auto-valgate",2,2.5,"LSE+Huber+L1","blocked",NA,900.886654987307,1346.03323727067,2891.44332808195,2799.56340716755,TRUE,0,18,0,0,0
"insurance_autoclaims_paid","random",22,"noweak","auto-valgate",2,2.5,"LSE+Huber+L1","blocked",NA,944.790102159788,1336.06203404326,2549.46059457317,2896.34851300219,TRUE,0,18,0,0,0
"insurance_autoclaims_paid","random",23,"noweak","auto-valgate",2,2.5,"LSE+Huber+L1","blocked",NA,944.440270009959,1337.76619456501,2815.47382275511,2851.32005896616,TRUE,0,18,0,0,0
"insurance_autoclaims_paid","random",24,"noweak","auto-valgate",2,2.5,"LSE+Huber+L1","blocked",NA,948.927687975486,1307.76356613408,2418.74023302836,2890.97200396118,TRUE,0,18,0,0,0
"insurance_autoclaims_paid","random",25,"noweak","auto-valgate",2,2.5,"LSE+Huber+L1","blocked",NA,943.214902020096,1301.31647107902,2517.75470801637,2891.7770005929,TRUE,0,18,0,0,0
"insurance_autoclaims_paid","random",26,"noweak","auto-valgate",2,2.5,"LSE+Huber+L1","blocked",NA,926.621351562498,1288.79805358429,2484.39129233047,2910.17076351157,TRUE,0,18,0,0,0
"insurance_autoclaims_paid","random",27,"noweak","auto-valgate",2,2.5,"LSE+Huber+L1","blocked",NA,942.489868367899,1344.00638566968,2804.58263470682,2888.29236426757,TRUE,0,18,0,0,0
"insurance_autoclaims_paid","random",28,"noweak","auto-valgate",2,2.5,"LSE+Huber+L1","blocked",NA,925.145620729162,1308.57744449358,2789.92929775402,2861.31053252233,TRUE,0,18,0,0,0
"insurance_autoclaims_paid","random",29,"noweak","auto-valgate",2,2.5,"LSE+Huber+L1","blocked",NA,980.045796489975,1402.87073222549,3013.10821957594,3028.33870852673,TRUE,0,18,0,0,0
"insurance_autoclaims_paid","random",30,"noweak","auto-valgate",2,2.5,"LSE+Huber+L1","blocked",NA,963.789556695521,1359.07295614184,2627.88762926314,2987.52172457586,TRUE,0,18,0,0,0
"insurance_autoclaims_paid","random",1,"selfreq","auto-valgate",0,2.5,"full","blocked",NA,971.249459517148,1352.95261719787,2840.94621303037,2970.27460085887,TRUE,0,18,0,0,0
"insurance_autoclaims_paid","random",2,"selfreq","auto-valgate",0,2.5,"full","blocked",NA,944.10520286671,1320.81400500103,2545.25442234574,2955.48768158772,TRUE,0,18,0,0,0
"insurance_autoclaims_paid","random",3,"selfreq","auto-valgate",0,2.5,"full","blocked",NA,992.907934413976,1436.16957454634,3319.95194139961,3055.85717997295,TRUE,0,18,0,0,0
"insurance_autoclaims_paid","random",4,"selfreq","auto-valgate",0,2.5,"full","blocked",NA,942.934773819156,1308.04776464163,2726.92485086107,2842.3715202061,TRUE,0,18,0,0,0
"insurance_autoclaims_paid","random",5,"selfreq","auto-valgate",0,2.5,"full","blocked",NA,910.030554012761,1322.04005464227,2957.24389955451,2704.11792983779,TRUE,0,18,0,0,0
"insurance_autoclaims_paid","random",6,"selfreq","auto-valgate",0,2.5,"full","blocked",NA,979.252338458136,1387.40065764995,2996.89353575564,3108.06918138877,TRUE,0,18,0,0,0
"insurance_autoclaims_paid","random",7,"selfreq","auto-valgate",0,2.5,"full","blocked",NA,873.664392698941,1285.48434821258,2848.51210089986,2666.26172807503,TRUE,0,18,0,0,0
"insurance_autoclaims_paid","random",8,"selfreq","auto-valgate",0,2.5,"full","blocked",NA,902.027399959598,1274.40468857781,2433.74528893798,2709.20640488825,TRUE,0,18,0,0,0
"insurance_autoclaims_paid","random",9,"selfreq","auto-valgate",0,2.5,"full","blocked",NA,941.5121388669,1283.219400545,2381.24703207443,2834.56867158522,TRUE,0,18,0,0,0
"insurance_autoclaims_paid","random",10,"selfreq","auto-valgate",0,2.5,"full","blocked",NA,931.823267054856,1269.4818186687,2402.60398184311,2972.3520860796,TRUE,0,18,0,0,0
"insurance_autoclaims_paid","random",11,"selfreq","auto-valgate",0,2.5,"full","blocked",NA,936.641503613692,1263.93643326446,2341.89201239105,2828.0391403441,TRUE,0,18,0,0,0
"insurance_autoclaims_paid","random",12,"selfreq","auto-valgate",0,2.5,"full","blocked",NA,922.460719852404,1321.85127586301,2857.30079768782,2825.89553624711,TRUE,0,18,0,0,0
"insurance_autoclaims_paid","random",13,"selfreq","auto-valgate",0,2.5,"full","blocked",NA,981.976520614585,1342.67695166396,2518.24710195585,3044.15477470639,TRUE,0,16,0,0,2
"insurance_autoclaims_paid","random",14,"selfreq","auto-valgate",0,2.5,"full","blocked",NA,1041.14487078764,1438.40420922094,2735.66090386718,3298.62208573751,TRUE,0,18,0,0,0
"insurance_autoclaims_paid","random",15,"selfreq","auto-valgate",0,2.5,"full","blocked",NA,974.348515740002,1343.18429419811,2834.43180188307,2897.18317286216,TRUE,0,18,0,0,0
"insurance_autoclaims_paid","random",16,"selfreq","auto-valgate",0,2.5,"full","blocked",NA,959.414142923713,1380.28181680289,2881.27607132959,3023.17587633824,TRUE,0,14,0,0,4
"insurance_autoclaims_paid","random",17,"selfreq","auto-valgate",0,2.5,"full","blocked",NA,948.673553864532,1358.99724054618,2929.08815825587,3028.28595773112,TRUE,0,18,0,0,0
"insurance_autoclaims_paid","random",18,"selfreq","auto-valgate",0,2.5,"full","blocked",NA,970.542171553369,1416.09661359395,3081.51836266634,2989.12205944253,TRUE,0,18,0,0,0
"insurance_autoclaims_paid","random",19,"selfreq","auto-valgate",0,2.5,"full","blocked",NA,984.600562872964,1372.9454548576,2654.68731161722,3113.51674634709,TRUE,0,18,0,0,0
"insurance_autoclaims_paid","random",20,"selfreq","auto-valgate",0,2.5,"full","blocked",NA,949.135538180172,1368.21081430487,2719.86061635288,2985.3475821674,TRUE,0,18,0,0,0
"insurance_autoclaims_paid","random",21,"selfreq","auto-valgate",0,2.5,"full","blocked",NA,904.968592579149,1346.72923210607,2896.23556146983,2836.78418790727,TRUE,0,18,0,0,0
"insurance_autoclaims_paid","random",22,"selfreq","auto-valgate",0,2.5,"full","blocked",NA,943.676227530502,1334.67441664897,2552.58855118728,2852.15885702857,TRUE,0,18,0,0,0
"insurance_autoclaims_paid","random",23,"selfreq","auto-valgate",0,2.5,"full","blocked",NA,943.797812128632,1336.40921406694,2814.48289193419,2876.93308376914,TRUE,0,18,0,0,0
"insurance_autoclaims_paid","random",24,"selfreq","auto-valgate",0,2.5,"full","blocked",NA,941.971984470467,1301.28505228721,2422.08913534008,2915.45510080313,TRUE,0,18,0,0,0
"insurance_autoclaims_paid","random",25,"selfreq","auto-valgate",0,2.5,"full","blocked",NA,944.991889781556,1302.77620568979,2515.98513569944,2898.5678104627,TRUE,0,18,0,0,0
"insurance_autoclaims_paid","random",26,"selfreq","auto-valgate",0,2.5,"full","blocked",NA,925.942236734058,1286.18011871649,2485.16594364474,2917.49034478419,TRUE,0,18,0,0,0
"insurance_autoclaims_paid","random",27,"selfreq","auto-valgate",0,2.5,"full","blocked",NA,946.369166393603,1343.84629698103,2810.52848146016,2914.50373155042,TRUE,0,18,0,0,0
"insurance_autoclaims_paid","random",28,"selfreq","auto-valgate",0,2.5,"full","blocked",NA,928.139919323808,1317.50657630075,2780.41275823264,2832.37831482607,TRUE,0,13,0,0,5
"insurance_autoclaims_paid","random",29,"selfreq","auto-valgate",0,2.5,"full","blocked",NA,977.039056736111,1397.02971474572,3018.54590498904,3103.95792109242,TRUE,0,18,0,0,0
"insurance_autoclaims_paid","random",30,"selfreq","auto-valgate",0,2.5,"full","blocked",NA,959.903476059976,1350.33078365275,2636.13306234984,3036.25805323644,TRUE,0,18,0,0,0
"insurance_autoclaims_paid","random",1,"selfreq","auto-valgate",1,2.5,"full","blocked",NA,972.452809612073,1354.24476115857,2840.59918784712,2972.39754369323,TRUE,0,18,0,0,0
"insurance_autoclaims_paid","random",2,"selfreq","auto-valgate",1,2.5,"full","blocked",NA,941.377707995743,1318.68293122783,2545.80196619146,2975.5511629496,TRUE,0,18,0,0,0
"insurance_autoclaims_paid","random",3,"selfreq","auto-valgate",1,2.5,"full","blocked",NA,989.131091478231,1432.51174178999,3319.30872499986,3071.04736904985,TRUE,0,18,0,0,0
"insurance_autoclaims_paid","random",4,"selfreq","auto-valgate",1,2.5,"full","blocked",NA,941.548974341085,1310.04526054261,2718.0205746023,2789.21867243134,TRUE,0,9,0,0,9
"insurance_autoclaims_paid","random",5,"selfreq","auto-valgate",1,2.5,"full","blocked",NA,911.500867681976,1319.37295817859,2965.43610303917,2719.13134921447,TRUE,0,18,0,0,0
"insurance_autoclaims_paid","random",6,"selfreq","auto-valgate",1,2.5,"full","blocked",NA,977.869993164052,1388.09006167622,2998.69972589161,3118.26160837679,TRUE,0,18,0,0,0
"insurance_autoclaims_paid","random",7,"selfreq","auto-valgate",1,2.5,"full","blocked",NA,875.987973663478,1290.55078917474,2849.01123909639,2642.09909866082,TRUE,0,18,0,0,0
"insurance_autoclaims_paid","random",8,"selfreq","auto-valgate",1,2.5,"full","blocked",NA,900.406294764409,1274.58037599839,2432.60288471331,2732.71350077719,TRUE,0,18,0,0,0
"insurance_autoclaims_paid","random",9,"selfreq","auto-valgate",1,2.5,"full","blocked",NA,944.079247331421,1283.50595723442,2388.41905688718,2857.92255558423,TRUE,0,18,0,0,0
"insurance_autoclaims_paid","random",10,"selfreq","auto-valgate",1,2.5,"full","blocked",NA,932.059010901221,1271.1221053116,2403.09251928467,2969.78594425525,TRUE,0,18,0,0,0
"insurance_autoclaims_paid","random",11,"selfreq","auto-valgate",1,2.5,"full","blocked",NA,936.095068823895,1258.14982755529,2348.83662759613,2879.95762025203,TRUE,0,18,0,0,0
"insurance_autoclaims_paid","random",12,"selfreq","auto-valgate",1,2.5,"full","blocked",NA,923.913504864002,1323.09694989082,2852.81050802547,2814.62846314669,TRUE,0,18,0,0,0
"insurance_autoclaims_paid","random",13,"selfreq","auto-valgate",1,2.5,"full","blocked",NA,983.871019801417,1346.49762534163,2523.31629222569,3070.85954420641,TRUE,0,18,0,0,0
"insurance_autoclaims_paid","random",14,"selfreq","auto-valgate",1,2.5,"full","blocked",NA,1040.53091583331,1433.33273121669,2739.34971677132,3328.06352576289,TRUE,0,18,0,0,0
"insurance_autoclaims_paid","random",15,"selfreq","auto-valgate",1,2.5,"full","blocked",NA,977.023088129239,1356.04521854083,2816.19582833432,2827.74001095816,TRUE,0,18,0,0,0
"insurance_autoclaims_paid","random",16,"selfreq","auto-valgate",1,2.5,"full","blocked",NA,965.40584559259,1386.48946108993,2879.02680571145,2977.03502818525,TRUE,0,18,0,0,0
"insurance_autoclaims_paid","random",17,"selfreq","auto-valgate",1,2.5,"full","blocked",NA,950.100408432459,1362.54699603682,2921.32021182351,2996.08271056608,TRUE,0,18,0,0,0
"insurance_autoclaims_paid","random",18,"selfreq","auto-valgate",1,2.5,"full","blocked",NA,963.486099732502,1401.60789728487,3095.84673067066,3027.10579156241,TRUE,0,18,0,0,0
"insurance_autoclaims_paid","random",19,"selfreq","auto-valgate",1,2.5,"full","blocked",NA,980.996242860996,1371.19433029167,2651.82863827584,3117.32741596418,TRUE,0,18,0,0,0
"insurance_autoclaims_paid","random",20,"selfreq","auto-valgate",1,2.5,"full","blocked",NA,957.609534649856,1376.42158533805,2709.89798129888,2977.38959327592,TRUE,0,18,0,0,0
"insurance_autoclaims_paid","random",21,"selfreq","auto-valgate",1,2.5,"full","blocked",NA,907.715925136193,1354.63613160924,2894.50877820268,2784.02367071564,TRUE,0,18,0,0,0
"insurance_autoclaims_paid","random",22,"selfreq","auto-valgate",1,2.5,"full","blocked",NA,941.962573343128,1329.91358030242,2558.73355560095,2872.77642817593,TRUE,0,18,0,0,0
"insurance_autoclaims_paid","random",23,"selfreq","auto-valgate",1,2.5,"full","blocked",NA,944.154420782649,1331.5755107472,2822.3595682687,2897.55830109363,TRUE,0,18,0,0,0
"insurance_autoclaims_paid","random",24,"selfreq","auto-valgate",1,2.5,"full","blocked",NA,945.04958711657,1298.27935040041,2429.10378005144,2943.38131872321,TRUE,0,18,0,0,0
"insurance_autoclaims_paid","random",25,"selfreq","auto-valgate",1,2.5,"full","blocked",NA,947.20920778991,1311.17341771434,2507.17439685144,2854.92185452442,TRUE,0,18,0,0,0
"insurance_autoclaims_paid","random",26,"selfreq","auto-valgate",1,2.5,"full","blocked",NA,930.178478252864,1294.12883700864,2478.35786886341,2867.72994227183,TRUE,0,18,0,0,0
"insurance_autoclaims_paid","random",27,"selfreq","auto-valgate",1,2.5,"full","blocked",NA,938.023533204946,1338.54785393517,2804.527602121,2920.52734856631,TRUE,0,18,0,0,0
"insurance_autoclaims_paid","random",28,"selfreq","auto-valgate",1,2.5,"full","blocked",NA,922.947406738131,1311.02535314396,2785.9845213503,2830.27780057371,TRUE,0,18,0,0,0
"insurance_autoclaims_paid","random",29,"selfreq","auto-valgate",1,2.5,"full","blocked",NA,978.966290765564,1400.72885921491,3010.63034153389,3022.48626277823,TRUE,0,13,0,0,5
"insurance_autoclaims_paid","random",30,"selfreq","auto-valgate",1,2.5,"full","blocked",NA,963.445566419293,1355.65847799157,2636.22283161866,3068.93980492308,TRUE,0,18,0,0,0
"insurance_autoclaims_paid","random",1,"selfreq","auto-valgate",2,2.5,"full","blocked",NA,972.110156710371,1355.80334295781,2837.8642206507,2974.27169003605,TRUE,0,18,0,0,0
"insurance_autoclaims_paid","random",2,"selfreq","auto-valgate",2,2.5,"full","blocked",NA,944.597809311353,1325.46245172731,2540.11820727907,2942.76531714645,TRUE,0,18,0,0,0
"insurance_autoclaims_paid","random",3,"selfreq","auto-valgate",2,2.5,"full","blocked",NA,992.486876196362,1433.54938879496,3323.28724292494,3107.80301902179,TRUE,0,18,0,0,0
"insurance_autoclaims_paid","random",4,"selfreq","auto-valgate",2,2.5,"full","blocked",NA,940.011053987469,1301.70779179468,2731.04186438064,2847.58598002998,TRUE,0,18,0,0,0
"insurance_autoclaims_paid","random",5,"selfreq","auto-valgate",2,2.5,"full","blocked",NA,911.011147976728,1321.34058270255,2962.53777945812,2716.19485873903,TRUE,0,18,0,0,0
"insurance_autoclaims_paid","random",6,"selfreq","auto-valgate",2,2.5,"full","blocked",NA,977.697935310931,1389.73646822372,2995.03716310756,3032.51965004132,TRUE,0,8,0,0,10
"insurance_autoclaims_paid","random",7,"selfreq","auto-valgate",2,2.5,"full","blocked",NA,877.18957589674,1288.47422431595,2850.89088971093,2663.34854217435,TRUE,0,18,0,0,0
"insurance_autoclaims_paid","random",8,"selfreq","auto-valgate",2,2.5,"full","blocked",NA,903.086884569347,1272.81549749886,2439.51562152588,2787.92469458411,TRUE,0,18,0,0,0
"insurance_autoclaims_paid","random",9,"selfreq","auto-valgate",2,2.5,"full","blocked",NA,943.34058650357,1279.70741331314,2388.62826345288,2864.12243369099,TRUE,0,18,0,0,0
"insurance_autoclaims_paid","random",10,"selfreq","auto-valgate",2,2.5,"full","blocked",NA,934.162071111003,1275.01695250361,2399.59228886453,2975.54947182255,TRUE,0,18,0,0,0
"insurance_autoclaims_paid","random",11,"selfreq","auto-valgate",2,2.5,"full","blocked",NA,940.167214208941,1267.25911290504,2339.27707171571,2827.00735993426,TRUE,0,18,0,0,0
"insurance_autoclaims_paid","random",12,"selfreq","auto-valgate",2,2.5,"full","blocked",NA,924.266953365516,1323.5467589525,2859.06359914524,2821.59977538354,TRUE,0,18,0,0,0
"insurance_autoclaims_paid","random",13,"selfreq","auto-valgate",2,2.5,"full","blocked",NA,982.945921832538,1343.0983098849,2521.87666701702,3063.06531124291,TRUE,0,18,0,0,0
"insurance_autoclaims_paid","random",14,"selfreq","auto-valgate",2,2.5,"full","blocked",NA,1039.73861076313,1435.14315762464,2738.88513092995,3317.3235302684,TRUE,0,18,0,0,0
"insurance_autoclaims_paid","random",15,"selfreq","auto-valgate",2,2.5,"full","blocked",NA,977.386933195676,1349.6492384604,2831.09995965568,2886.25790975665,TRUE,0,18,0,0,0
"insurance_autoclaims_paid","random",16,"selfreq","auto-valgate",2,2.5,"full","blocked",NA,960.872801180575,1383.21044007014,2877.27898637013,3026.92894188786,TRUE,0,18,0,0,0
"insurance_autoclaims_paid","random",17,"selfreq","auto-valgate",2,2.5,"full","blocked",NA,946.406709741218,1359.13647053911,2923.48975628612,3022.30824294851,TRUE,0,18,0,0,0
"insurance_autoclaims_paid","random",18,"selfreq","auto-valgate",2,2.5,"full","blocked",NA,964.198565628928,1406.5169103639,3086.58706590243,3002.14428612071,TRUE,0,18,0,0,0
"insurance_autoclaims_paid","random",19,"selfreq","auto-valgate",2,2.5,"full","blocked",NA,989.731695469755,1378.03080267927,2661.52818238233,3129.99509279396,TRUE,0,18,0,0,0
"insurance_autoclaims_paid","random",20,"selfreq","auto-valgate",2,2.5,"full","blocked",NA,956.927832634867,1375.51957172825,2711.70599602264,2972.48171865631,TRUE,0,18,0,0,0
"insurance_autoclaims_paid","random",21,"selfreq","auto-valgate",2,2.5,"full","blocked",NA,900.886654987307,1346.03323727067,2891.44332808195,2799.56340716755,TRUE,0,18,0,0,0
"insurance_autoclaims_paid","random",22,"selfreq","auto-valgate",2,2.5,"full","blocked",NA,944.790102159788,1336.06203404326,2549.46059457317,2896.34851300219,TRUE,0,18,0,0,0
"insurance_autoclaims_paid","random",23,"selfreq","auto-valgate",2,2.5,"full","blocked",NA,944.440270009959,1337.76619456501,2815.47382275511,2851.32005896616,TRUE,0,18,0,0,0
"insurance_autoclaims_paid","random",24,"selfreq","auto-valgate",2,2.5,"full","blocked",NA,945.551364524411,1306.52805406402,2417.82640251709,2887.20592358624,TRUE,0,18,0,0,0
"insurance_autoclaims_paid","random",25,"selfreq","auto-valgate",2,2.5,"full","blocked",NA,943.214902020096,1301.31647107902,2517.75470801637,2891.7770005929,TRUE,0,18,0,0,0
"insurance_autoclaims_paid","random",26,"selfreq","auto-valgate",2,2.5,"full","blocked",NA,927.180514064768,1287.81019065788,2484.20406364595,2916.05808716562,TRUE,0,18,0,0,0
"insurance_autoclaims_paid","random",27,"selfreq","auto-valgate",2,2.5,"full","blocked",NA,942.113132482875,1343.35207134206,2803.34968552702,2905.76735245918,TRUE,0,13,0,0,5
"insurance_autoclaims_paid","random",28,"selfreq","auto-valgate",2,2.5,"full","blocked",NA,923.256131559936,1307.6026035479,2787.52026824244,2859.78547182716,TRUE,0,17,0,0,1
"insurance_autoclaims_paid","random",29,"selfreq","auto-valgate",2,2.5,"full","blocked",NA,980.785810980817,1403.57104517272,3013.08629418127,3048.93508807509,TRUE,0,11,0,0,7
"insurance_autoclaims_paid","random",30,"selfreq","auto-valgate",2,2.5,"full","blocked",NA,963.789556695521,1359.07295614184,2627.88762926314,2987.52172457586,TRUE,0,18,0,0,0
"fremtpl2_severity_log","random",1,"noweak","auto-valgate",0,2.5,"LSE+Huber+L1","blocked",NA,0.818224187483289,0.823349163034716,1.29746427129007,2.30378089535312,TRUE,0,18,0,0,0
"fremtpl2_severity_log","random",2,"noweak","auto-valgate",0,2.5,"LSE+Huber+L1","blocked",NA,0.719991205312664,0.728854610140185,1.12477431780547,2.0621935769595,TRUE,0,6,12,0,0
"fremtpl2_severity_log","random",3,"noweak","auto-valgate",0,2.5,"LSE+Huber+L1","blocked",NA,0.762210072277336,0.746268646815906,1.20940147812634,2.23939746286718,TRUE,0,0,18,0,0
"fremtpl2_severity_log","random",4,"noweak","auto-valgate",0,2.5,"LSE+Huber+L1","blocked",NA,0.790313969081933,0.79647804467473,1.2361295827459,2.32527842497044,TRUE,0,8,10,0,0
"fremtpl2_severity_log","random",5,"noweak","auto-valgate",0,2.5,"LSE+Huber+L1","blocked",NA,0.767729638506119,0.812709363792861,1.78345258655912,2.33142871173806,TRUE,0,16,2,0,0
"fremtpl2_severity_log","random",6,"noweak","auto-valgate",0,2.5,"LSE+Huber+L1","blocked",NA,0.841494803724935,0.824901986544958,1.26657251131006,2.49256612485049,TRUE,0,1,17,0,0
"fremtpl2_severity_log","random",7,"noweak","auto-valgate",0,2.5,"LSE+Huber+L1","blocked",NA,0.788564978451347,0.787354757524703,1.21139774828674,2.18999913279916,TRUE,0,14,4,0,0
"fremtpl2_severity_log","random",8,"noweak","auto-valgate",0,2.5,"LSE+Huber+L1","blocked",NA,0.891575991159084,0.871469124061839,1.33291716606779,2.47942295364547,TRUE,0,6,12,0,0
"fremtpl2_severity_log","random",9,"noweak","auto-valgate",0,2.5,"LSE+Huber+L1","blocked",NA,0.779381108802668,0.788902425843298,1.18943967261619,2.14321710932603,TRUE,0,18,0,0,0
"fremtpl2_severity_log","random",10,"noweak","auto-valgate",0,2.5,"LSE+Huber+L1","blocked",NA,0.811075453449767,0.81531144955914,1.26426217923324,2.33025820552448,TRUE,0,18,0,0,0
"fremtpl2_severity_log","random",11,"noweak","auto-valgate",0,2.5,"LSE+Huber+L1","blocked",NA,0.781251440369868,0.797216658026571,1.23888467878898,2.30695036309314,TRUE,0,14,4,0,0
"fremtpl2_severity_log","random",12,"noweak","auto-valgate",0,2.5,"LSE+Huber+L1","blocked",NA,0.776571342931044,0.78950351657043,1.22114913399213,2.24793800042544,TRUE,0,9,9,0,0
"fremtpl2_severity_log","random",13,"noweak","auto-valgate",0,2.5,"LSE+Huber+L1","blocked",NA,0.839104743445346,0.834777013775036,1.30487422920204,2.41676247640229,TRUE,0,2,16,0,0
"fremtpl2_severity_log","random",14,"noweak","auto-valgate",0,2.5,"LSE+Huber+L1","blocked",NA,0.771532878526116,0.828807112688121,1.82658366611576,2.24470151289935,TRUE,0,18,0,0,0
"fremtpl2_severity_log","random",15,"noweak","auto-valgate",0,2.5,"LSE+Huber+L1","blocked",NA,0.819119497089254,0.821787379198807,1.79214674941789,2.46148826116675,TRUE,0,0,18,0,0
"fremtpl2_severity_log","random",16,"noweak","auto-valgate",0,2.5,"LSE+Huber+L1","blocked",NA,0.760662809190738,0.773711294610672,1.20310566100176,2.19170996593033,TRUE,0,1,17,0,0
"fremtpl2_severity_log","random",17,"noweak","auto-valgate",0,2.5,"LSE+Huber+L1","blocked",NA,0.783373434752746,0.798676049085091,1.23220709176827,2.29850673220482,TRUE,0,18,0,0,0
"fremtpl2_severity_log","random",18,"noweak","auto-valgate",0,2.5,"LSE+Huber+L1","blocked",NA,0.798210693555261,0.808864847188224,1.25084514528853,2.30109391482712,TRUE,0,18,0,0,0
"fremtpl2_severity_log","random",19,"noweak","auto-valgate",0,2.5,"LSE+Huber+L1","blocked",NA,0.750849123765949,0.769645420838583,1.20857938019759,2.3111692261746,TRUE,0,4,14,0,0
"fremtpl2_severity_log","random",20,"noweak","auto-valgate",0,2.5,"LSE+Huber+L1","blocked",NA,0.740850114715236,0.756951310044502,1.17220423562273,2.19315221919803,TRUE,0,18,0,0,0
"fremtpl2_severity_log","random",21,"noweak","auto-valgate",0,2.5,"LSE+Huber+L1","blocked",NA,0.850662822065985,0.841799512469104,1.30078838976804,2.42480763689502,TRUE,0,8,10,0,0
"fremtpl2_severity_log","random",22,"noweak","auto-valgate",0,2.5,"LSE+Huber+L1","blocked",NA,0.748451432505715,0.803117941524636,1.58409496288177,2.13005930021838,TRUE,0,18,0,0,0
"fremtpl2_severity_log","random",23,"noweak","auto-valgate",0,2.5,"LSE+Huber+L1","blocked",NA,0.824260045601576,0.803065118418896,1.29132976197722,2.4743418572014,TRUE,0,0,18,0,0
"fremtpl2_severity_log","random",24,"noweak","auto-valgate",0,2.5,"LSE+Huber+L1","blocked",NA,0.77033029303825,0.785828613895617,1.21069644338673,2.25411713296141,TRUE,0,16,2,0,0
"fremtpl2_severity_log","random",25,"noweak","auto-valgate",0,2.5,"LSE+Huber+L1","blocked",NA,0.795364463771728,0.794745742862673,1.20756968036968,2.28739570720737,TRUE,0,13,5,0,0
"fremtpl2_severity_log","random",26,"noweak","auto-valgate",0,2.5,"LSE+Huber+L1","blocked",NA,0.81089084020787,0.822577333081904,1.25724880927442,2.21453349134793,TRUE,0,18,0,0,0
"fremtpl2_severity_log","random",27,"noweak","auto-valgate",0,2.5,"LSE+Huber+L1","blocked",NA,0.741675471793418,0.730115781895376,1.18354781349438,2.18963377486248,TRUE,0,0,18,0,0
"fremtpl2_severity_log","random",28,"noweak","auto-valgate",0,2.5,"LSE+Huber+L1","blocked",NA,0.755764778115511,0.766302717259647,1.19159017898007,2.16173116788705,TRUE,0,18,0,0,0
"fremtpl2_severity_log","random",29,"noweak","auto-valgate",0,2.5,"LSE+Huber+L1","blocked",NA,0.781790906172822,0.788025042211333,1.23452599191494,2.3602860168443,TRUE,0,16,2,0,0
"fremtpl2_severity_log","random",30,"noweak","auto-valgate",0,2.5,"LSE+Huber+L1","blocked",NA,0.806829495437069,0.798237942264725,1.2487983904213,2.37546928418268,TRUE,0,18,0,0,0
"fremtpl2_severity_log","random",1,"noweak","auto-valgate",1,2.5,"LSE+Huber+L1","blocked",NA,0.821132311936172,0.798322858715552,1.26099268786362,2.31806470026977,TRUE,0,0,18,0,0
"fremtpl2_severity_log","random",2,"noweak","auto-valgate",1,2.5,"LSE+Huber+L1","blocked",NA,0.719268533206225,0.731051635538269,1.12482930956166,2.08774968476253,TRUE,0,18,0,0,0
"fremtpl2_severity_log","random",3,"noweak","auto-valgate",1,2.5,"LSE+Huber+L1","blocked",NA,0.759291173701772,0.767854899881595,1.19540911514977,2.14535948891981,TRUE,0,5,13,0,0
"fremtpl2_severity_log","random",4,"noweak","auto-valgate",1,2.5,"LSE+Huber+L1","blocked",NA,0.792190852982865,0.799461061989338,1.2361697308552,2.35844079563326,TRUE,0,1,17,0,0
"fremtpl2_severity_log","random",5,"noweak","auto-valgate",1,2.5,"LSE+Huber+L1","blocked",NA,0.761656177638159,0.805076209166173,1.68135558213348,2.30638615065141,TRUE,0,16,2,0,0
"fremtpl2_severity_log","random",6,"noweak","auto-valgate",1,2.5,"LSE+Huber+L1","blocked",NA,0.843983619705896,0.824708614350262,1.26678964106668,2.47482270644292,TRUE,0,18,0,0,0
"fremtpl2_severity_log","random",7,"noweak","auto-valgate",1,2.5,"LSE+Huber+L1","blocked",NA,0.783341943219185,0.76441360770342,1.23116763508871,2.26596580398007,TRUE,0,0,18,0,0
"fremtpl2_severity_log","random",8,"noweak","auto-valgate",1,2.5,"LSE+Huber+L1","blocked",NA,0.889913496347636,0.867242526053788,1.31198341921646,2.46648739972749,TRUE,0,18,0,0,0
"fremtpl2_severity_log","random",9,"noweak","auto-valgate",1,2.5,"LSE+Huber+L1","blocked",NA,0.780167847130773,0.784326956081411,1.19184780466307,2.1679715010172,TRUE,0,18,0,0,0
"fremtpl2_severity_log","random",10,"noweak","auto-valgate",1,2.5,"LSE+Huber+L1","blocked",NA,0.816362286859718,0.831007509709975,1.35372879044756,2.31233103910048,TRUE,0,2,16,0,0
"fremtpl2_severity_log","random",11,"noweak","auto-valgate",1,2.5,"LSE+Huber+L1","blocked",NA,0.791477311026568,0.802438503694941,1.24822951299757,2.30182794418551,TRUE,0,15,3,0,0
"fremtpl2_severity_log","random",12,"noweak","auto-valgate",1,2.5,"LSE+Huber+L1","blocked",NA,0.781617572992069,0.791388021971271,1.22623837243212,2.24451306934648,TRUE,0,3,15,0,0
"fremtpl2_severity_log","random",13,"noweak","auto-valgate",1,2.5,"LSE+Huber+L1","blocked",NA,0.834773036806952,0.821289225394999,1.28121800230192,2.43816740607741,TRUE,0,16,2,0,0
"fremtpl2_severity_log","random",14,"noweak","auto-valgate",1,2.5,"LSE+Huber+L1","blocked",NA,0.773775687337463,0.811792290384361,1.54399166657008,2.25720820687431,TRUE,0,18,0,0,0
"fremtpl2_severity_log","random",15,"noweak","auto-valgate",1,2.5,"LSE+Huber+L1","blocked",NA,0.816881250684326,0.806558239057478,1.24124310908588,2.36457629897089,TRUE,0,14,4,0,0
"fremtpl2_severity_log","random",16,"noweak","auto-valgate",1,2.5,"LSE+Huber+L1","blocked",NA,0.762305512476839,0.776984345353071,1.20211647098331,2.15431619232366,TRUE,0,18,0,0,0
"fremtpl2_severity_log","random",17,"noweak","auto-valgate",1,2.5,"LSE+Huber+L1","blocked",NA,0.782563851275155,0.79462698153084,1.23529907918491,2.30838260885903,TRUE,0,12,6,0,0
"fremtpl2_severity_log","random",18,"noweak","auto-valgate",1,2.5,"LSE+Huber+L1","blocked",NA,0.797952733880269,0.803317441923648,1.25479691001548,2.32180575603391,TRUE,0,15,3,0,0
"fremtpl2_severity_log","random",19,"noweak","auto-valgate",1,2.5,"LSE+Huber+L1","blocked",NA,0.754214369453828,0.769987794006972,1.21237012152834,2.29469344225756,TRUE,0,8,10,0,0
"fremtpl2_severity_log","random",20,"noweak","auto-valgate",1,2.5,"LSE+Huber+L1","blocked",NA,0.738409535900234,0.75671174512129,1.1709912015353,2.19332585246698,TRUE,0,18,0,0,0
"fremtpl2_severity_log","random",21,"noweak","auto-valgate",1,2.5,"LSE+Huber+L1","blocked",NA,0.857894990027404,0.857873029486445,1.37301957486028,2.48912827397147,TRUE,0,1,17,0,0
"fremtpl2_severity_log","random",22,"noweak","auto-valgate",1,2.5,"LSE+Huber+L1","blocked",NA,0.748284883327636,0.773678124721361,1.20614450922855,2.14292402768964,TRUE,0,9,9,0,0
"fremtpl2_severity_log","random",23,"noweak","auto-valgate",1,2.5,"LSE+Huber+L1","blocked",NA,0.824673207634519,0.821268070358287,1.28137182525081,2.43993673796656,TRUE,0,18,0,0,0
"fremtpl2_severity_log","random",24,"noweak","auto-valgate",1,2.5,"LSE+Huber+L1","blocked",NA,0.772824176885124,0.788077913782779,1.20690691673896,2.27091091125254,TRUE,0,16,2,0,0
"fremtpl2_severity_log","random",25,"noweak","auto-valgate",1,2.5,"LSE+Huber+L1","blocked",NA,0.796733386247716,0.798779643954849,1.20918086719764,2.30683298188234,TRUE,0,18,0,0,0
"fremtpl2_severity_log","random",26,"noweak","auto-valgate",1,2.5,"LSE+Huber+L1","blocked",NA,0.811708352075513,0.823791316403836,1.25533339180008,2.19648398166331,TRUE,0,18,0,0,0
"fremtpl2_severity_log","random",27,"noweak","auto-valgate",1,2.5,"LSE+Huber+L1","blocked",NA,0.736922799651146,0.74202924549714,1.16764715796549,2.11693832866393,TRUE,0,14,4,0,0
"fremtpl2_severity_log","random",28,"noweak","auto-valgate",1,2.5,"LSE+Huber+L1","blocked",NA,0.755991403481525,0.769339171295689,1.19251031626867,2.1628279947128,TRUE,0,18,0,0,0
"fremtpl2_severity_log","random",29,"noweak","auto-valgate",1,2.5,"LSE+Huber+L1","blocked",NA,0.782905834580207,0.791461154316597,1.24715343890489,2.36397806556896,TRUE,0,9,9,0,0
"fremtpl2_severity_log","random",30,"noweak","auto-valgate",1,2.5,"LSE+Huber+L1","blocked",NA,0.813405160811737,0.781290970345727,1.26186851222483,2.43578943133328,TRUE,0,0,18,0,0
"fremtpl2_severity_log","random",1,"noweak","auto-valgate",2,2.5,"LSE+Huber+L1","blocked",NA,0.819782867702174,0.828561954759709,1.36110190038974,2.30477364183874,TRUE,0,14,4,0,0
"fremtpl2_severity_log","random",2,"noweak","auto-valgate",2,2.5,"LSE+Huber+L1","blocked",NA,0.722221396526952,0.737446547925538,1.12793480765399,2.10467045029183,TRUE,0,17,1,0,0
"fremtpl2_severity_log","random",3,"noweak","auto-valgate",2,2.5,"LSE+Huber+L1","blocked",NA,0.763072889610345,0.769893488591653,1.19623344607356,2.16500838782043,TRUE,0,18,0,0,0
"fremtpl2_severity_log","random",4,"noweak","auto-valgate",2,2.5,"LSE+Huber+L1","blocked",NA,0.787535712097564,0.79221806172024,1.23635073417684,2.32894912430923,TRUE,0,16,2,0,0
"fremtpl2_severity_log","random",5,"noweak","auto-valgate",2,2.5,"LSE+Huber+L1","blocked",NA,0.764388551936142,0.791790250168974,1.41477144927391,2.34151878542635,TRUE,0,18,0,0,0
"fremtpl2_severity_log","random",6,"noweak","auto-valgate",2,2.5,"LSE+Huber+L1","blocked",NA,0.842643403619921,0.822807975683836,1.26824027069822,2.50412753644374,TRUE,0,18,0,0,0
"fremtpl2_severity_log","random",7,"noweak","auto-valgate",2,2.5,"LSE+Huber+L1","blocked",NA,0.783634752217503,0.77448680953497,1.31625222205498,2.26983599021703,TRUE,0,0,18,0,0
"fremtpl2_severity_log","random",8,"noweak","auto-valgate",2,2.5,"LSE+Huber+L1","blocked",NA,0.893031047638253,0.884747798554076,1.40827205198239,2.44627771843101,TRUE,0,18,0,0,0
"fremtpl2_severity_log","random",9,"noweak","auto-valgate",2,2.5,"LSE+Huber+L1","blocked",NA,0.775368522949976,0.778129745681804,1.18978431927648,2.16699629069173,TRUE,0,18,0,0,0
"fremtpl2_severity_log","random",10,"noweak","auto-valgate",2,2.5,"LSE+Huber+L1","blocked",NA,0.811903718887433,0.830287742339688,1.40018988875565,2.3708361177433,TRUE,0,18,0,0,0
"fremtpl2_severity_log","random",11,"noweak","auto-valgate",2,2.5,"LSE+Huber+L1","blocked",NA,0.789030302482985,0.796691742359812,1.24647802633219,2.30646152530305,TRUE,0,5,13,0,0
"fremtpl2_severity_log","random",12,"noweak","auto-valgate",2,2.5,"LSE+Huber+L1","blocked",NA,0.777763509093771,0.771553403253546,1.23794084935072,2.27187987863737,TRUE,0,1,17,0,0
"fremtpl2_severity_log","random",13,"noweak","auto-valgate",2,2.5,"LSE+Huber+L1","blocked",NA,0.836130018447175,0.826341558261573,1.26981386244696,2.4150838121752,TRUE,0,18,0,0,0
"fremtpl2_severity_log","random",14,"noweak","auto-valgate",2,2.5,"LSE+Huber+L1","blocked",NA,0.772561063364281,0.808954226371437,1.5264437046205,2.27509676462448,TRUE,0,17,1,0,0
"fremtpl2_severity_log","random",15,"noweak","auto-valgate",2,2.5,"LSE+Huber+L1","blocked",NA,0.816352469330071,0.781139645667131,1.23880351480622,2.45445720125403,TRUE,0,0,18,0,0
"fremtpl2_severity_log","random",16,"noweak","auto-valgate",2,2.5,"LSE+Huber+L1","blocked",NA,0.764355200175207,0.781350908215151,1.20078693501073,2.19612185252975,TRUE,0,18,0,0,0
"fremtpl2_severity_log","random",17,"noweak","auto-valgate",2,2.5,"LSE+Huber+L1","blocked",NA,0.780893097851793,0.786834849023532,1.23177288114399,2.31557891465021,TRUE,0,5,13,0,0
"fremtpl2_severity_log","random",18,"noweak","auto-valgate",2,2.5,"LSE+Huber+L1","blocked",NA,0.796902225060337,0.799678117002284,1.25478814932486,2.29088661637851,TRUE,0,3,15,0,0
"fremtpl2_severity_log","random",19,"noweak","auto-valgate",2,2.5,"LSE+Huber+L1","blocked",NA,0.74889189775499,0.747200989702247,1.22130299373186,2.32038436189033,TRUE,0,0,18,0,0
"fremtpl2_severity_log","random",20,"noweak","auto-valgate",2,2.5,"LSE+Huber+L1","blocked",NA,0.741118177940893,0.758678809568157,1.17279879600287,2.25026871136259,TRUE,0,18,0,0,0
"fremtpl2_severity_log","random",21,"noweak","auto-valgate",2,2.5,"LSE+Huber+L1","blocked",NA,0.861191478498078,0.834055663411033,1.3233344705392,2.55209566245125,TRUE,0,0,18,0,0
"fremtpl2_severity_log","random",22,"noweak","auto-valgate",2,2.5,"LSE+Huber+L1","blocked",NA,0.750034828924614,0.837774815917492,2.38055888782413,2.15508972283276,TRUE,0,18,0,0,0
"fremtpl2_severity_log","random",23,"noweak","auto-valgate",2,2.5,"LSE+Huber+L1","blocked",NA,0.826623307869114,0.806101229644119,1.29383847416778,2.47567929280499,TRUE,0,0,18,0,0
"fremtpl2_severity_log","random",24,"noweak","auto-valgate",2,2.5,"LSE+Huber+L1","blocked",NA,0.772051834881556,0.782018489918471,1.2118846087766,2.25420326835594,TRUE,0,15,3,0,0
"fremtpl2_severity_log","random",25,"noweak","auto-valgate",2,2.5,"LSE+Huber+L1","blocked",NA,0.794871933540246,0.802463072996462,1.20898955194517,2.3028354456099,TRUE,0,18,0,0,0
"fremtpl2_severity_log","random",26,"noweak","auto-valgate",2,2.5,"LSE+Huber+L1","blocked",NA,0.80729350494896,0.819081425196086,1.25019364277906,2.1940250671653,TRUE,0,18,0,0,0
"fremtpl2_severity_log","random",27,"noweak","auto-valgate",2,2.5,"LSE+Huber+L1","blocked",NA,0.737892055982873,0.742797850255849,1.17183116368833,2.16566673418078,TRUE,0,8,10,0,0
"fremtpl2_severity_log","random",28,"noweak","auto-valgate",2,2.5,"LSE+Huber+L1","blocked",NA,0.756448909551731,0.76648742909003,1.19459598955842,2.15436006423079,TRUE,0,16,2,0,0
"fremtpl2_severity_log","random",29,"noweak","auto-valgate",2,2.5,"LSE+Huber+L1","blocked",NA,0.783099107497992,0.805798433681915,1.36932008262822,2.33962236190682,TRUE,0,13,5,0,0
"fremtpl2_severity_log","random",30,"noweak","auto-valgate",2,2.5,"LSE+Huber+L1","blocked",NA,0.8101459645414,0.826017696306586,1.5476444741455,2.39305572207399,TRUE,0,12,6,0,0
"fremtpl2_severity_log","random",1,"selfreq","auto-valgate",0,2.5,"full","blocked",NA,0.819617101960905,0.814864458009967,1.24731247968312,2.30638587827556,TRUE,0,6,0,0,12
"fremtpl2_severity_log","random",2,"selfreq","auto-valgate",0,2.5,"full","blocked",NA,0.717229302465766,0.723121155481114,1.13464149801573,2.07082078878438,TRUE,0,0,0,0,18
"fremtpl2_severity_log","random",3,"selfreq","auto-valgate",0,2.5,"full","blocked",NA,0.765202134748639,0.748128730422996,1.21150361954601,2.27455496118398,TRUE,0,0,18,0,0
"fremtpl2_severity_log","random",4,"selfreq","auto-valgate",0,2.5,"full","blocked",NA,0.788906189285091,0.785944807227754,1.24311030287621,2.35954571384862,TRUE,0,0,1,2,15
"fremtpl2_severity_log","random",5,"selfreq","auto-valgate",0,2.5,"full","blocked",NA,0.763043281758414,0.775299701483903,1.20422215832471,2.30638552473131,TRUE,0,1,0,0,17
"fremtpl2_severity_log","random",6,"selfreq","auto-valgate",0,2.5,"full","blocked",NA,0.84234685976036,0.816172148844704,1.27762697932688,2.55571220316274,TRUE,0,0,3,0,15
"fremtpl2_severity_log","random",7,"selfreq","auto-valgate",0,2.5,"full","blocked",NA,0.782566255014661,0.778583539924123,1.22298592759501,2.22875363799451,TRUE,0,0,0,0,18
"fremtpl2_severity_log","random",8,"selfreq","auto-valgate",0,2.5,"full","blocked",NA,0.890688196129281,0.868437168257944,1.31688571615186,2.45563346120968,TRUE,0,1,0,0,17
"fremtpl2_severity_log","random",9,"selfreq","auto-valgate",0,2.5,"full","blocked",NA,0.779268279362268,0.788083977123989,1.18990064214918,2.16340473809388,TRUE,0,12,0,0,6
"fremtpl2_severity_log","random",10,"selfreq","auto-valgate",0,2.5,"full","blocked",NA,0.81165458709088,0.808668001906836,1.277291804712,2.35812078805628,TRUE,0,0,0,0,18
"fremtpl2_severity_log","random",11,"selfreq","auto-valgate",0,2.5,"full","blocked",NA,0.783997389733727,0.791651699190879,1.25250366856124,2.34873511762748,TRUE,0,0,0,0,18
"fremtpl2_severity_log","random",12,"selfreq","auto-valgate",0,2.5,"full","blocked",NA,0.77308799738601,0.7796074198096,1.23375686155666,2.26439980654755,TRUE,0,0,0,0,18
"fremtpl2_severity_log","random",13,"selfreq","auto-valgate",0,2.5,"full","blocked",NA,0.839378159126675,0.955348972353443,4.33296155908624,2.45088437521782,TRUE,0,2,6,0,10
"fremtpl2_severity_log","random",14,"selfreq","auto-valgate",0,2.5,"full","blocked",NA,0.764476239196161,0.781953495745144,1.24939217359349,2.23895661779803,TRUE,0,0,0,0,18
"fremtpl2_severity_log","random",15,"selfreq","auto-valgate",0,2.5,"full","blocked",NA,0.820398120343582,0.79162180441749,1.24857220924432,2.49045633778567,TRUE,0,0,4,0,14
"fremtpl2_severity_log","random",16,"selfreq","auto-valgate",0,2.5,"full","blocked",NA,0.760071504511935,0.757553322610367,1.21547624140182,2.21801408952706,TRUE,0,0,18,0,0
"fremtpl2_severity_log","random",17,"selfreq","auto-valgate",0,2.5,"full","blocked",NA,0.77800797437382,0.785935534969633,1.2425778424717,2.34232784296764,TRUE,0,0,0,0,18
"fremtpl2_severity_log","random",18,"selfreq","auto-valgate",0,2.5,"full","blocked",NA,0.798537560415607,0.806298784178702,1.25137860096164,2.29384967275861,TRUE,0,3,0,0,15
"fremtpl2_severity_log","random",19,"selfreq","auto-valgate",0,2.5,"full","blocked",NA,0.744978266694236,0.75497871848333,1.21577236923396,2.28672723692895,TRUE,0,0,0,0,18
"fremtpl2_severity_log","random",20,"selfreq","auto-valgate",0,2.5,"full","blocked",NA,0.74032633610795,0.751321330642821,1.16782667336645,2.21012096710425,TRUE,0,6,0,0,12
"fremtpl2_severity_log","random",21,"selfreq","auto-valgate",0,2.5,"full","blocked",NA,0.8516913422386,0.832056290341645,1.31433293583119,2.52645001029197,TRUE,0,0,4,0,14
"fremtpl2_severity_log","random",22,"selfreq","auto-valgate",0,2.5,"full","blocked",NA,0.745900578950789,0.771507015546094,1.18884190621709,2.12387374331842,TRUE,0,2,0,0,16
"fremtpl2_severity_log","random",23,"selfreq","auto-valgate",0,2.5,"full","blocked",NA,0.8234975600151,0.815784256227559,1.28872755840354,2.46831362768143,TRUE,0,0,0,0,18
"fremtpl2_severity_log","random",24,"selfreq","auto-valgate",0,2.5,"full","blocked",NA,0.775674051223575,0.771544982558992,1.22727346041078,2.24980796449213,TRUE,0,0,18,0,0
"fremtpl2_severity_log","random",25,"selfreq","auto-valgate",0,2.5,"full","blocked",NA,0.798550103688746,0.782584294444421,1.21908544839353,2.34024081077428,TRUE,0,0,0,0,18
"fremtpl2_severity_log","random",26,"selfreq","auto-valgate",0,2.5,"full","blocked",NA,0.806514017654659,0.807909702874687,1.26342668430379,2.26961794280347,TRUE,0,0,0,0,18
"fremtpl2_severity_log","random",27,"selfreq","auto-valgate",0,2.5,"full","blocked",NA,0.737207926828976,0.735574586786162,1.18085969085669,2.15212894075804,TRUE,0,0,1,0,17
"fremtpl2_severity_log","random",28,"selfreq","auto-valgate",0,2.5,"full","blocked",NA,0.754865950411374,0.758537846645635,1.2014214021434,2.18663958949506,TRUE,0,0,0,0,18
"fremtpl2_severity_log","random",29,"selfreq","auto-valgate",0,2.5,"full","blocked",NA,0.788286884953016,0.778848174484652,1.24287252198676,2.419472169809,TRUE,0,0,1,2,15
"fremtpl2_severity_log","random",30,"selfreq","auto-valgate",0,2.5,"full","blocked",NA,0.807155319751653,0.789452347987273,1.25614062598708,2.38283174119587,TRUE,0,0,15,0,3
"fremtpl2_severity_log","random",1,"selfreq","auto-valgate",1,2.5,"full","blocked",NA,0.824315734324231,0.808766445307158,1.2630860446725,2.32275693243839,TRUE,0,0,9,0,9
"fremtpl2_severity_log","random",2,"selfreq","auto-valgate",1,2.5,"full","blocked",NA,0.717605156542406,0.715721667215818,1.13640281243732,2.09070908036594,TRUE,0,0,0,0,18
"fremtpl2_severity_log","random",3,"selfreq","auto-valgate",1,2.5,"full","blocked",NA,0.76006215366891,0.764842776981217,1.19533404260238,2.16591117672919,TRUE,0,3,0,3,12
"fremtpl2_severity_log","random",4,"selfreq","auto-valgate",1,2.5,"full","blocked",NA,0.789606042385615,0.78722476254382,1.244595961173,2.38642132186592,TRUE,0,1,3,0,14
"fremtpl2_severity_log","random",5,"selfreq","auto-valgate",1,2.5,"full","blocked",NA,0.759571324361029,0.762987328658201,1.21391595451639,2.36701638703263,TRUE,0,0,1,0,17
"fremtpl2_severity_log","random",6,"selfreq","auto-valgate",1,2.5,"full","blocked",NA,0.843574350135614,0.814346334843803,1.27774373250661,2.56824443456107,TRUE,0,0,0,0,18
"fremtpl2_severity_log","random",7,"selfreq","auto-valgate",1,2.5,"full","blocked",NA,0.778155042559673,0.765202415580879,1.21051507970234,2.20855748025341,TRUE,0,0,1,0,17
"fremtpl2_severity_log","random",8,"selfreq","auto-valgate",1,2.5,"full","blocked",NA,0.888012090042119,0.856772682385269,1.32033956839866,2.54534448371675,TRUE,0,0,0,0,18
"fremtpl2_severity_log","random",9,"selfreq","auto-valgate",1,2.5,"full","blocked",NA,0.780167847130773,0.784326956081411,1.19184780466307,2.1679715010172,TRUE,0,17,0,0,1
"fremtpl2_severity_log","random",10,"selfreq","auto-valgate",1,2.5,"full","blocked",NA,0.817421497975042,0.843376313157425,1.50399749613866,2.35193155135514,TRUE,0,3,1,0,14
"fremtpl2_severity_log","random",11,"selfreq","auto-valgate",1,2.5,"full","blocked",NA,0.786580560849703,0.79199962303606,1.25407709513498,2.32681966765652,TRUE,0,0,0,0,18
"fremtpl2_severity_log","random",12,"selfreq","auto-valgate",1,2.5,"full","blocked",NA,0.772565705127327,0.781631940378514,1.23008182286339,2.25485949998877,TRUE,0,0,0,0,18
"fremtpl2_severity_log","random",13,"selfreq","auto-valgate",1,2.5,"full","blocked",NA,0.835249627966812,0.943176738008614,4.41473496155594,2.42380172562591,TRUE,0,0,0,0,18
"fremtpl2_severity_log","random",14,"selfreq","auto-valgate",1,2.5,"full","blocked",NA,0.773116451101565,0.823028821887682,1.79358733482662,2.26652943326753,TRUE,0,1,0,0,17
"fremtpl2_severity_log","random",15,"selfreq","auto-valgate",1,2.5,"full","blocked",NA,0.816119504489216,0.805810075285432,1.23413611668764,2.34393317567328,TRUE,0,1,0,0,17
"fremtpl2_severity_log","random",16,"selfreq","auto-valgate",1,2.5,"full","blocked",NA,0.762510902387724,0.771911436785709,1.2136540489876,2.16789294353444,TRUE,0,0,0,0,18
"fremtpl2_severity_log","random",17,"selfreq","auto-valgate",1,2.5,"full","blocked",NA,0.779483889793446,0.789056905954199,1.23269845412334,2.29558292402346,TRUE,0,2,13,1,2
"fremtpl2_severity_log","random",18,"selfreq","auto-valgate",1,2.5,"full","blocked",NA,0.792758262056157,0.79070848519675,1.26141408532848,2.33257834892122,TRUE,0,0,1,0,17
"fremtpl2_severity_log","random",19,"selfreq","auto-valgate",1,2.5,"full","blocked",NA,0.74770344724975,0.757394854306662,1.21708349086018,2.32061993547846,TRUE,0,0,1,2,15
"fremtpl2_severity_log","random",20,"selfreq","auto-valgate",1,2.5,"full","blocked",NA,0.739730335763388,0.758679041589711,1.17232093063419,2.21870909236686,TRUE,0,7,0,0,11
"fremtpl2_severity_log","random",21,"selfreq","auto-valgate",1,2.5,"full","blocked",NA,0.856488782594337,0.876079162144694,1.82944449354125,2.49171884742312,TRUE,0,0,0,0,18
"fremtpl2_severity_log","random",22,"selfreq","auto-valgate",1,2.5,"full","blocked",NA,0.752146610695382,0.799740347422074,1.51202808463705,2.15569767343533,TRUE,0,6,3,0,9
"fremtpl2_severity_log","random",23,"selfreq","auto-valgate",1,2.5,"full","blocked",NA,0.826872553805023,0.818131964107789,1.29206238736019,2.4550591230527,TRUE,0,0,0,0,18
"fremtpl2_severity_log","random",24,"selfreq","auto-valgate",1,2.5,"full","blocked",NA,0.772532389864102,0.786452175417215,1.20351388638579,2.21238674863133,TRUE,0,7,0,0,11
"fremtpl2_severity_log","random",25,"selfreq","auto-valgate",1,2.5,"full","blocked",NA,0.796357249389362,0.780835228038256,1.21541037748469,2.38776387804195,TRUE,0,0,12,0,6
"fremtpl2_severity_log","random",26,"selfreq","auto-valgate",1,2.5,"full","blocked",NA,0.802359898320331,0.811602739060314,1.2577382931244,2.19989137598618,TRUE,0,0,0,0,18
"fremtpl2_severity_log","random",27,"selfreq","auto-valgate",1,2.5,"full","blocked",NA,0.738023465871747,0.73831790029514,1.17662577661743,2.20940096795084,TRUE,0,0,0,0,18
"fremtpl2_severity_log","random",28,"selfreq","auto-valgate",1,2.5,"full","blocked",NA,0.756015111565644,0.773557402212923,1.19277877052196,2.19547891956727,TRUE,0,7,0,0,11
"fremtpl2_severity_log","random",29,"selfreq","auto-valgate",1,2.5,"full","blocked",NA,0.785540269002748,0.820545149607116,1.79844374330915,2.42936844795079,TRUE,0,0,1,12,5
"fremtpl2_severity_log","random",30,"selfreq","auto-valgate",1,2.5,"full","blocked",NA,0.813405160811737,0.781290970345727,1.26186851222483,2.43578943133328,TRUE,0,0,18,0,0
"fremtpl2_severity_log","random",1,"selfreq","auto-valgate",2,2.5,"full","blocked",NA,0.818493395618246,0.816099103799569,1.2957946520552,2.2976038812365,TRUE,0,1,0,0,17
"fremtpl2_severity_log","random",2,"selfreq","auto-valgate",2,2.5,"full","blocked",NA,0.717585089890481,0.733591965312272,1.1256859765843,2.09189458690792,TRUE,0,3,0,0,15
"fremtpl2_severity_log","random",3,"selfreq","auto-valgate",2,2.5,"full","blocked",NA,0.765884646789862,0.771873148495971,1.19863906490657,2.14964903956248,TRUE,0,3,0,0,15
"fremtpl2_severity_log","random",4,"selfreq","auto-valgate",2,2.5,"full","blocked",NA,0.787625752463295,0.793248482663924,1.23618181133328,2.34745846969294,TRUE,0,5,1,0,12
"fremtpl2_severity_log","random",5,"selfreq","auto-valgate",2,2.5,"full","blocked",NA,0.760239572332528,0.778617104498509,1.37893586780969,2.36360791384782,TRUE,0,0,0,0,18
"fremtpl2_severity_log","random",6,"selfreq","auto-valgate",2,2.5,"full","blocked",NA,0.842817148984312,0.814870570432026,1.27917160725255,2.58435098787161,TRUE,0,0,1,2,15
"fremtpl2_severity_log","random",7,"selfreq","auto-valgate",2,2.5,"full","blocked",NA,0.785205619928617,0.789458215912639,1.32816018571463,2.24539976802579,TRUE,0,0,0,0,18
"fremtpl2_severity_log","random",8,"selfreq","auto-valgate",2,2.5,"full","blocked",NA,0.890604107300832,0.86828239934889,1.3125033873468,2.45334603556471,TRUE,0,2,0,0,16
"fremtpl2_severity_log","random",9,"selfreq","auto-valgate",2,2.5,"full","blocked",NA,0.777140690355273,0.779595562996923,1.19163876313287,2.16185506869244,TRUE,0,14,0,0,4
"fremtpl2_severity_log","random",10,"selfreq","auto-valgate",2,2.5,"full","blocked",NA,0.814649288943873,0.837042153947961,1.4737830722061,2.31545277335542,TRUE,0,2,0,0,16
"fremtpl2_severity_log","random",11,"selfreq","auto-valgate",2,2.5,"full","blocked",NA,0.779503010867984,0.782114122281696,1.24861264033597,2.35434026451579,TRUE,0,0,1,0,17
"fremtpl2_severity_log","random",12,"selfreq","auto-valgate",2,2.5,"full","blocked",NA,0.7746512955263,0.781758018961484,1.23234099549751,2.26120097624587,TRUE,0,0,1,2,15
"fremtpl2_severity_log","random",13,"selfreq","auto-valgate",2,2.5,"full","blocked",NA,0.831757016795494,0.810505212517973,1.26820380912054,2.4348907261897,TRUE,0,0,0,4,14
"fremtpl2_severity_log","random",14,"selfreq","auto-valgate",2,2.5,"full","blocked",NA,0.7634755775147,0.765214408198349,1.21779578183373,2.23682415542782,TRUE,0,0,0,0,18
"fremtpl2_severity_log","random",15,"selfreq","auto-valgate",2,2.5,"full","blocked",NA,0.818692791090436,1.00894415264024,7.31668732417646,2.44326874476473,TRUE,0,0,15,0,3
"fremtpl2_severity_log","random",16,"selfreq","auto-valgate",2,2.5,"full","blocked",NA,0.758737459120845,0.771289211531486,1.20721371605639,2.20077577818089,TRUE,0,0,0,0,18
"fremtpl2_severity_log","random",17,"selfreq","auto-valgate",2,2.5,"full","blocked",NA,0.778243785996468,0.786207571069127,1.24411131013123,2.3467672461025,TRUE,0,0,0,0,18
"fremtpl2_severity_log","random",18,"selfreq","auto-valgate",2,2.5,"full","blocked",NA,0.793921763639366,0.793341889234615,1.26146286351191,2.28960241535087,TRUE,0,0,0,0,18
"fremtpl2_severity_log","random",19,"selfreq","auto-valgate",2,2.5,"full","blocked",NA,0.745027168816799,0.756837586076808,1.21704675640865,2.29114529706694,TRUE,0,0,0,0,18
"fremtpl2_severity_log","random",20,"selfreq","auto-valgate",2,2.5,"full","blocked",NA,0.743591784776088,0.759400637730068,1.17465216047232,2.18912146582309,TRUE,0,3,1,2,12
"fremtpl2_severity_log","random",21,"selfreq","auto-valgate",2,2.5,"full","blocked",NA,0.855754375427615,0.83819435813813,1.31425726759209,2.508978432566,TRUE,0,0,10,0,8
"fremtpl2_severity_log","random",22,"selfreq","auto-valgate",2,2.5,"full","blocked",NA,0.744669218266664,0.779823423083903,1.27518128343664,2.1607508803235,TRUE,0,0,1,0,17
"fremtpl2_severity_log","random",23,"selfreq","auto-valgate",2,2.5,"full","blocked",NA,0.825394972732411,0.812304351134745,1.29120571757944,2.44477878081092,TRUE,0,0,4,0,14
"fremtpl2_severity_log","random",24,"selfreq","auto-valgate",2,2.5,"full","blocked",NA,0.769421011395065,0.773168022771031,1.22071417135248,2.24669945062813,TRUE,0,0,17,0,1
"fremtpl2_severity_log","random",25,"selfreq","auto-valgate",2,2.5,"full","blocked",NA,0.799208823657506,0.804425104784486,1.211737808234,2.3064576963709,TRUE,0,1,3,0,14
"fremtpl2_severity_log","random",26,"selfreq","auto-valgate",2,2.5,"full","blocked",NA,0.809045652081055,0.82204106393281,1.2558187333941,2.20892045455955,TRUE,0,6,0,0,12
"fremtpl2_severity_log","random",27,"selfreq","auto-valgate",2,2.5,"full","blocked",NA,0.737222822196347,0.737112739971941,1.17865079602183,2.20563556198521,TRUE,0,0,0,0,18
"fremtpl2_severity_log","random",28,"selfreq","auto-valgate",2,2.5,"full","blocked",NA,0.755499885806814,0.759651189645029,1.20329719861926,2.19353125010271,TRUE,0,0,0,0,18
"fremtpl2_severity_log","random",29,"selfreq","auto-valgate",2,2.5,"full","blocked",NA,0.782733797617625,0.777093202812484,1.23969281065935,2.43525519913556,TRUE,0,0,0,11,7
"fremtpl2_severity_log","random",30,"selfreq","auto-valgate",2,2.5,"full","blocked",NA,0.811669915781265,0.809167221536685,1.3691254097437,2.40953574658664,TRUE,0,0,0,0,18
