"dataset","protocol","split","arm","method","seed_rep","sigma","library","inner","gap","trmse","mae","rmse","q90","ok","tail_rmse","tail_mae","n_tail"
"insurance_autobi_loss","random",1,"tail","LSE",0,2.5,"full","blocked",NA,3.60625119004839,5.86318772600818,19.4732978066671,9.39457793121262,TRUE,61.6982909414734,31.8726966736464,26
"insurance_autobi_loss","random",2,"tail","LSE",0,2.5,"full","blocked",NA,3.87421704140319,5.94408491305847,18.4852818088096,9.30017604198335,TRUE,55.1852162198903,26.7844942281006,28
"insurance_autobi_loss","random",3,"tail","LSE",0,2.5,"full","blocked",NA,3.65239661887317,5.8869067016902,19.2668603307365,7.5782855072464,TRUE,75.5713977482112,45.8795482011935,17
"insurance_autobi_loss","random",4,"tail","LSE",0,2.5,"full","blocked",NA,3.62735085604222,5.4600207942061,15.8326362578657,8.29872708913593,TRUE,41.8594062154268,21.1070592493242,37
"insurance_autobi_loss","random",5,"tail","LSE",0,2.5,"full","blocked",NA,3.60521393926289,4.95612432496775,14.1615932634657,8.9494310727277,TRUE,46.638550713986,23.9515566779675,23
"insurance_autobi_loss","random",6,"tail","LSE",0,2.5,"full","blocked",NA,4.3702970617041,5.65789591557687,14.4826346023017,9.84552138595478,TRUE,45.1734076818322,23.8098544493854,25
"insurance_autobi_loss","random",7,"tail","LSE",0,2.5,"full","blocked",NA,4.24251164942122,5.74032171273263,13.0456662154584,10.0313282443978,TRUE,34.3714747742767,21.0631476266088,35
"insurance_autobi_loss","random",8,"tail","LSE",0,2.5,"full","blocked",NA,3.88348026179295,5.87615323172268,21.1187670877514,8.4000395037957,TRUE,68.2828405678731,29.3295486664423,25
"insurance_autobi_loss","random",9,"tail","LSE",0,2.5,"full","blocked",NA,3.71173958080001,5.61155604685056,18.0089681491892,8.32897385708459,TRUE,56.8212466172627,27.6271140979551,26
"insurance_autobi_loss","random",10,"tail","LSE",0,2.5,"full","blocked",NA,3.95228785883532,5.19655866083761,14.9102915029058,9.74548244126854,TRUE,45.7696056947183,20.7697935758655,26
"insurance_autobi_loss","random",11,"tail","LSE",0,2.5,"full","blocked",NA,3.51264381555405,6.52407537847442,18.846749511442,8.95556182938498,TRUE,53.2488220320596,33.5297014422182,33
"insurance_autobi_loss","random",12,"tail","LSE",0,2.5,"full","blocked",NA,4.39515565269467,4.8661429268244,9.01570156855797,9.89020021791879,TRUE,32.3218468183096,19.9818821783407,13
"insurance_autobi_loss","random",13,"tail","LSE",0,2.5,"full","blocked",NA,3.89765965276689,6.59218023603381,19.2614456222384,7.99985714285716,TRUE,61.0874124777052,37.5780054612054,26
"insurance_autobi_loss","random",14,"tail","LSE",0,2.5,"full","blocked",NA,2.94828830645242,5.08433044210164,19.4543447175062,6.93993465115378,TRUE,66.5466957656877,29.9416993731718,22
"insurance_autobi_loss","random",15,"tail","LSE",0,2.5,"full","blocked",NA,2.71999633022329,7.83891171051163,28.6661626750302,6.96570754867356,TRUE,73.7217867364408,40.5735540887493,41
"insurance_autobi_loss","random",16,"tail","LSE",0,2.5,"full","blocked",NA,3.51897929110465,6.01925059282084,20.9727377839114,7.50536534906294,TRUE,66.1594023358501,32.3875551181877,26
"insurance_autobi_loss","random",17,"tail","LSE",0,2.5,"full","blocked",NA,4.90399600580427,5.48524598294871,10.056507011547,10.4461014104764,TRUE,28.7171397734082,15.7829001423002,21
"insurance_autobi_loss","random",18,"tail","LSE",0,2.5,"full","blocked",NA,4.01791382299182,5.16870557329908,9.80070785760477,8.61415198245381,TRUE,25.4389099727521,18.4072091557317,32
"insurance_autobi_loss","random",19,"tail","LSE",0,2.5,"full","blocked",NA,4.04986672108816,5.49532983374789,13.5665402069562,8.63034574331377,TRUE,45.1838721723131,27.5333815436302,22
"insurance_autobi_loss","random",20,"tail","LSE",0,2.5,"full","blocked",NA,3.55333373587049,5.59194276452411,19.9206606797497,8.06015234765939,TRUE,56.2031654890099,23.7233939711894,33
"insurance_autobi_loss","random",21,"tail","LSE",0,2.5,"full","blocked",NA,4.40927645700716,5.19377379612875,9.30373505947991,10.1601545302422,TRUE,25.1265066066339,17.4574628125168,21
"insurance_autobi_loss","random",22,"tail","LSE",0,2.5,"full","blocked",NA,3.51967872376135,4.86989865288125,17.3056528075022,8.01865584984307,TRUE,58.0405480188428,23.7929156750931,23
"insurance_autobi_loss","random",23,"tail","LSE",0,2.5,"full","blocked",NA,3.26608551598209,5.84447326888505,17.3189548790722,8.37708613503779,TRUE,45.303823503036,24.8499127536699,35
"insurance_autobi_loss","random",24,"tail","LSE",0,2.5,"full","blocked",NA,3.3941257652189,4.57297711612383,10.3095231148088,6.84952976322458,TRUE,30.828213578924,18.0208526336651,26
"insurance_autobi_loss","random",25,"tail","LSE",0,2.5,"full","blocked",NA,3.70748508007087,6.01337384975001,20.9738773650016,7.7063187977908,TRUE,56.8301070259949,24.9167082379747,36
"insurance_autobi_loss","random",26,"tail","LSE",0,2.5,"full","blocked",NA,3.7764577016537,4.30125420536506,7.75356499877448,8.55283762935699,TRUE,21.6088320971328,14.5948685655905,25
"insurance_autobi_loss","random",27,"tail","LSE",0,2.5,"full","blocked",NA,4.19745860876858,4.98165709649539,12.2253658467249,9.92392592592592,TRUE,41.562613130872,21.1465136348348,20
"insurance_autobi_loss","random",28,"tail","LSE",0,2.5,"full","blocked",NA,3.38943470391147,4.19373914413729,7.41361669365396,7.6406100818929,TRUE,18.9502603340741,13.1734196164711,31
"insurance_autobi_loss","random",29,"tail","LSE",0,2.5,"full","blocked",NA,2.87486845380371,6.05252124795058,23.4308768042725,7.14103818840834,TRUE,68.9594256555219,34.4432017030952,31
"insurance_autobi_loss","random",30,"tail","LSE",0,2.5,"full","blocked",NA,4.0920723673431,4.7880169847484,8.45246735967568,8.32066760168507,TRUE,21.6494576145903,14.5150961869852,30
"insurance_autobi_loss","random",1,"tail","LSE",1,2.5,"full","blocked",NA,2.86266231484394,5.43413109892342,19.5891630317797,7.23312140052867,TRUE,62.3431589609094,31.8804980948856,26
"insurance_autobi_loss","random",2,"tail","LSE",1,2.5,"full","blocked",NA,3.03302038270723,5.30098908770914,18.2755006884949,7.64294588331837,TRUE,56.0084795049966,28.3871506052505,28
"insurance_autobi_loss","random",3,"tail","LSE",1,2.5,"full","blocked",NA,4.5182395874448,6.49566340336456,19.3397744929648,8.72441185770752,TRUE,75.0990543618408,45.1885226559478,17
"insurance_autobi_loss","random",4,"tail","LSE",1,2.5,"full","blocked",NA,3.61382496502953,5.4445684615203,15.7914646690791,7.94573431024479,TRUE,41.752200966775,20.7603278135921,37
"insurance_autobi_loss","random",5,"tail","LSE",1,2.5,"full","blocked",NA,2.78752402913293,4.38671428171162,14.1467744034583,8.28340824599291,TRUE,47.2688003421704,24.6585501579546,23
"insurance_autobi_loss","random",6,"tail","LSE",1,2.5,"full","blocked",NA,3.48549536144076,5.34670144523785,14.9598543680437,7.1927621325942,TRUE,46.920299557653,26.1866635088171,25
"insurance_autobi_loss","random",7,"tail","LSE",1,2.5,"full","blocked",NA,3.1110941491189,5.17888221076974,13.1838658784839,7.51001158205392,TRUE,35.8321415339235,22.6184293309345,35
"insurance_autobi_loss","random",8,"tail","LSE",1,2.5,"full","blocked",NA,3.26203049694219,5.47389885090015,21.1232314160549,7.06266206565075,TRUE,68.7874556757663,30.2782408546036,25
"insurance_autobi_loss","random",9,"tail","LSE",1,2.5,"full","blocked",NA,4.02702262856524,5.85966411080302,17.9536291995603,9.0061149433526,TRUE,56.3374035658237,27.0709036953334,26
"insurance_autobi_loss","random",10,"tail","LSE",1,2.5,"full","blocked",NA,3.96945415180895,5.22357714915036,14.9018840076669,9.8096589262905,TRUE,46.1476758906574,22.4765864499038,26
"insurance_autobi_loss","random",11,"tail","LSE",1,2.5,"full","blocked",NA,3.51566618870545,6.64162723222084,18.9899745618143,8.77773587890171,TRUE,53.3010851755093,33.5185072612278,33
"insurance_autobi_loss","random",12,"tail","LSE",1,2.5,"full","blocked",NA,3.15146711406118,4.55085525721748,13.6888875953939,7.6154649218667,TRUE,34.1677047783612,23.0644686875143,13
"insurance_autobi_loss","random",13,"tail","LSE",1,2.5,"full","blocked",NA,3.42195887751119,6.27156989624897,19.2695970192986,7.58288688678287,TRUE,61.3779811861372,38.3226316201106,26
"insurance_autobi_loss","random",14,"tail","LSE",1,2.5,"full","blocked",NA,3.67906823181421,5.95600551557053,20.420939854445,9.71535037136761,TRUE,66.5005865950539,29.333736680203,22
"insurance_autobi_loss","random",15,"tail","LSE",1,2.5,"full","blocked",NA,2.72044304787094,7.85218902131924,28.666963487443,7.86816191881644,TRUE,73.7158535420636,40.5569294509253,41
"insurance_autobi_loss","random",16,"tail","LSE",1,2.5,"full","blocked",NA,3.46805974417332,6.02925705522169,21.0047845310116,7.43427546023014,TRUE,66.1696592970173,32.1617090848143,26
"insurance_autobi_loss","random",17,"tail","LSE",1,2.5,"full","blocked",NA,3.94749149332132,5.45611601491595,12.22031013176,8.42525116279071,TRUE,30.1830468928112,17.3035522445114,21
"insurance_autobi_loss","random",18,"tail","LSE",1,2.5,"full","blocked",NA,3.22148086034326,4.71813323222572,10.0072834383902,7.69363528760931,TRUE,26.2061726649713,18.9785454252644,32
"insurance_autobi_loss","random",19,"tail","LSE",1,2.5,"full","blocked",NA,4.08338504629188,5.53293119737405,13.6839705826468,8.21245535714284,TRUE,45.75895491673,28.0098289451902,22
"insurance_autobi_loss","random",20,"tail","LSE",1,2.5,"full","blocked",NA,3.26055976188591,5.48313072866977,19.958745521857,6.87348278604807,TRUE,56.595156490143,24.4431392934673,33
"insurance_autobi_loss","random",21,"tail","LSE",1,2.5,"full","blocked",NA,4.6299001042791,5.41768068940729,9.77536261736678,9.74682045281808,TRUE,24.8220343208195,17.150091726474,21
"insurance_autobi_loss","random",22,"tail","LSE",1,2.5,"full","blocked",NA,4.22541353353217,5.35170919508375,17.494394479734,8.69103722155039,TRUE,58.0485674945168,22.7785846375942,23
"insurance_autobi_loss","random",23,"tail","LSE",1,2.5,"full","blocked",NA,3.97967757148585,6.01696453590517,16.73896031654,10.1896471896232,TRUE,44.3434725292277,23.1075546414217,35
"insurance_autobi_loss","random",24,"tail","LSE",1,2.5,"full","blocked",NA,2.93716638698832,4.24022827813204,10.4313747465322,6.87167894948761,TRUE,31.1344535385154,18.28034928558,26
"insurance_autobi_loss","random",25,"tail","LSE",1,2.5,"full","blocked",NA,2.9601036407547,5.64744947305997,21.1107295768698,6.81981160849538,TRUE,57.5461600624411,26.189426590731,36
"insurance_autobi_loss","random",26,"tail","LSE",1,2.5,"full","blocked",NA,4.15967491939553,4.63896785296207,7.98320671668813,8.94993546411255,TRUE,21.8998853701293,15.0776990299648,25
"insurance_autobi_loss","random",27,"tail","LSE",1,2.5,"full","blocked",NA,3.26684261478485,4.38192590321259,12.0288079659641,8.06931835574808,TRUE,42.1688322449705,22.4552201489349,20
"insurance_autobi_loss","random",28,"tail","LSE",1,2.5,"full","blocked",NA,3.68136996041375,4.30098054313117,7.46772163029257,8.31642580678918,TRUE,18.9395745022048,13.3210677827791,31
"insurance_autobi_loss","random",29,"tail","LSE",1,2.5,"full","blocked",NA,3.29448725007064,6.26121839351266,23.3315820175496,8.06769471125559,TRUE,68.4433881539938,33.5119773326479,31
"insurance_autobi_loss","random",30,"tail","LSE",1,2.5,"full","blocked",NA,3.99379126211694,4.71826166080748,8.51811766980662,8.22270613882145,TRUE,22.4424700184122,14.9947584876394,30
"insurance_autobi_loss","random",1,"tail","LSE",2,2.5,"full","blocked",NA,3.08398811786371,5.53615483563977,19.5464043285368,7.676292994199,TRUE,62.3531777362582,32.4337896563244,26
"insurance_autobi_loss","random",2,"tail","LSE",2,2.5,"full","blocked",NA,3.76679625177058,5.77759791996674,18.2461197254393,8.77418319736342,TRUE,55.5118721853623,27.3440628560155,28
"insurance_autobi_loss","random",3,"tail","LSE",2,2.5,"full","blocked",NA,4.27646372801342,6.38016094559967,19.4594284833707,8.3979712328767,TRUE,75.7926401742154,45.9306860250669,17
"insurance_autobi_loss","random",4,"tail","LSE",2,2.5,"full","blocked",NA,4.4938440289497,6.05810266675276,16.0703426974337,10.3063421132268,TRUE,40.016962852086,18.3072147024831,37
"insurance_autobi_loss","random",5,"tail","LSE",2,2.5,"full","blocked",NA,3.62779260888059,4.99599130448235,14.1403119488335,9.16736547652609,TRUE,46.436551782628,23.6016645274409,23
"insurance_autobi_loss","random",6,"tail","LSE",2,2.5,"full","blocked",NA,4.1119574543707,5.51250653045326,14.6306071220453,8.43826552466282,TRUE,46.1644455425687,24.5737961321507,25
"insurance_autobi_loss","random",7,"tail","LSE",2,2.5,"full","blocked",NA,3.30797126190457,5.39606645409573,13.7467869955595,8.73873293102181,TRUE,34.4216619263753,22.1395755844778,35
"insurance_autobi_loss","random",8,"tail","LSE",2,2.5,"full","blocked",NA,3.39574540381285,5.56357509990141,21.0491431775193,7.97487608974602,TRUE,68.3450464069333,29.5259231380149,25
"insurance_autobi_loss","random",9,"tail","LSE",2,2.5,"full","blocked",NA,3.01807062926403,5.14835613702666,18.0493098311083,7.13574707348314,TRUE,57.5530594793676,28.9840749452626,26
"insurance_autobi_loss","random",10,"tail","LSE",2,2.5,"full","blocked",NA,3.62447835319976,5.24984081286198,15.4466130575413,8.52925255833073,TRUE,47.7374690134031,23.0806163159157,26
"insurance_autobi_loss","random",11,"tail","LSE",2,2.5,"full","blocked",NA,3.58569291672933,6.71808356866651,19.1177075454921,9.81415151280149,TRUE,53.7614133049335,34.3559582323579,33
"insurance_autobi_loss","random",12,"tail","LSE",2,2.5,"full","blocked",NA,3.32558840785669,4.00338280217025,8.6806760937403,7.72924945094219,TRUE,35.3906539987559,22.5830346638511,13
"insurance_autobi_loss","random",13,"tail","LSE",2,2.5,"full","blocked",NA,3.92248081794186,6.58535600251603,19.4252376306966,9.85499042837552,TRUE,61.4845207774813,37.7783013782931,26
"insurance_autobi_loss","random",14,"tail","LSE",2,2.5,"full","blocked",NA,3.54926831551931,5.34704795172302,19.2247097392509,9.09382423852378,TRUE,66.0578435194615,28.7292334194653,22
"insurance_autobi_loss","random",15,"tail","LSE",2,2.5,"full","blocked",NA,2.90709281099843,8.02963031122982,28.7603483196281,7.22958766653666,TRUE,73.9188630098099,40.6126454175287,41
"insurance_autobi_loss","random",16,"tail","LSE",2,2.5,"full","blocked",NA,2.96952435502727,5.65692645371018,21.0034562523648,6.84985410546069,TRUE,67.0547619048965,33.6506877852148,26
"insurance_autobi_loss","random",17,"tail","LSE",2,2.5,"full","blocked",NA,3.69563023426469,4.41740834218961,9.21129762474228,8.07152806235368,TRUE,29.6884730341998,17.15093877558,21
"insurance_autobi_loss","random",18,"tail","LSE",2,2.5,"full","blocked",NA,3.30861432727556,4.76665623764911,9.74518568308707,7.07354335256824,TRUE,26.29239504658,19.0720255518242,32
"insurance_autobi_loss","random",19,"tail","LSE",2,2.5,"full","blocked",NA,4.4312147894414,6.13838767685695,13.9586461979263,8.02165304433866,TRUE,46.4412467188063,28.6447494649145,22
"insurance_autobi_loss","random",20,"tail","LSE",2,2.5,"full","blocked",NA,3.27482422353954,5.46710778965594,19.8237752199728,7.26267705179555,TRUE,55.84672905341,23.5175107911905,33
"insurance_autobi_loss","random",21,"tail","LSE",2,2.5,"full","blocked",NA,4.91478956584186,5.6311764041713,9.25579249989971,9.78896938594946,TRUE,24.6366253703045,17.0254161640474,21
"insurance_autobi_loss","random",22,"tail","LSE",2,2.5,"full","blocked",NA,3.00734297980474,4.4149712423904,17.2444866856472,6.91106798227135,TRUE,58.3527871399341,24.1886272785088,23
"insurance_autobi_loss","random",23,"tail","LSE",2,2.5,"full","blocked",NA,3.3796319475808,5.50326389331258,16.3722982110765,8.0908227201092,TRUE,44.6459561707812,23.0439319976657,35
"insurance_autobi_loss","random",24,"tail","LSE",2,2.5,"full","blocked",NA,2.43911675509263,3.98855699633371,10.5919465449839,5.60534962729077,TRUE,31.9997910337256,19.8048558293868,26
"insurance_autobi_loss","random",25,"tail","LSE",2,2.5,"full","blocked",NA,3.569407739318,6.12448933030798,21.3927425392351,7.76638275693974,TRUE,58.0871657973268,27.2193865287406,36
"insurance_autobi_loss","random",26,"tail","LSE",2,2.5,"full","blocked",NA,3.54502395884353,4.24065912927301,7.86521522132717,7.88707338304578,TRUE,22.860377756748,16.2837226700424,25
"insurance_autobi_loss","random",27,"tail","LSE",2,2.5,"full","blocked",NA,3.81593927025404,4.94124072440385,12.6237169755523,9.44312387851438,TRUE,41.8297217915182,21.1394148888013,20
"insurance_autobi_loss","random",28,"tail","LSE",2,2.5,"full","blocked",NA,3.84889974096005,4.31711443891175,7.56667536838824,9.71721011670576,TRUE,18.4827461876236,13.0246048195887,31
"insurance_autobi_loss","random",29,"tail","LSE",2,2.5,"full","blocked",NA,3.67394055802973,6.69684335527131,23.5302048817053,8.43729079966868,TRUE,68.830923778546,33.9743945285615,31
"insurance_autobi_loss","random",30,"tail","LSE",2,2.5,"full","blocked",NA,4.68048905654043,5.14430471584083,9.04327921218039,10.7745414808194,TRUE,22.4301657478109,14.6497045807347,30
"insurance_autobi_loss","random",1,"tail","ridge-LSE",0,2.5,"full","blocked",NA,3.76389701133143,5.99156397277234,19.4980949089194,10.3670802932454,TRUE,61.6219631976442,32.0594782629445,26
"insurance_autobi_loss","random",2,"tail","ridge-LSE",0,2.5,"full","blocked",NA,3.68224621652528,5.7524019165712,18.2000808743828,8.03627105945682,TRUE,55.4523889834462,27.4914241729542,28
"insurance_autobi_loss","random",3,"tail","ridge-LSE",0,2.5,"full","blocked",NA,3.72213192001425,5.87779408595803,19.2892169244601,8.74749655809332,TRUE,75.4346492320234,45.3064411090114,17
"insurance_autobi_loss","random",4,"tail","ridge-LSE",0,2.5,"full","blocked",NA,3.43516239918141,5.73581547951413,16.1577563846628,7.35605791855057,TRUE,41.6367194710296,20.5946566236788,37
"insurance_autobi_loss","random",5,"tail","ridge-LSE",0,2.5,"full","blocked",NA,3.63700487926599,4.98496352867806,14.2510562422794,9.31257905413335,TRUE,46.9176249302778,24.9288782459708,23
"insurance_autobi_loss","random",6,"tail","ridge-LSE",0,2.5,"full","blocked",NA,4.24582667865605,5.6363281293314,14.4864414000963,8.82760305621784,TRUE,45.4224064546974,23.7016942895268,25
"insurance_autobi_loss","random",7,"tail","ridge-LSE",0,2.5,"full","blocked",NA,4.43681795426608,5.8922698843795,13.0871606495786,10.3827150141866,TRUE,34.3054409606776,21.0551612745469,35
"insurance_autobi_loss","random",8,"tail","ridge-LSE",0,2.5,"full","blocked",NA,2.86351262602078,6.21021423240884,23.7212906497779,6.76787437074655,TRUE,68.8573265823831,32.2029085583345,25
"insurance_autobi_loss","random",9,"tail","ridge-LSE",0,2.5,"full","blocked",NA,3.45312067763646,5.40833347982899,17.9896561166171,8.60953616961468,TRUE,56.8546844574605,27.9303309046637,26
"insurance_autobi_loss","random",10,"tail","ridge-LSE",0,2.5,"full","blocked",NA,4.1283464169858,5.30594013461632,14.804305868729,9.70080650164037,TRUE,45.4213979750347,21.030086593676,26
"insurance_autobi_loss","random",11,"tail","ridge-LSE",0,2.5,"full","blocked",NA,2.94036604895916,6.30017143116683,18.9937322731034,7.65363734932236,TRUE,53.8781435145946,34.4849244084905,33
"insurance_autobi_loss","random",12,"tail","ridge-LSE",0,2.5,"full","blocked",NA,3.64736131408595,4.27726896468411,8.69565990637012,7.84487117590454,TRUE,34.7577164227674,21.6829660929585,13
"insurance_autobi_loss","random",13,"tail","ridge-LSE",0,2.5,"full","blocked",NA,3.47058900371423,6.38740109587864,19.3776808957318,7.33527238124909,TRUE,61.7585647153362,38.9743401170282,26
"insurance_autobi_loss","random",14,"tail","ridge-LSE",0,2.5,"full","blocked",NA,3.46853653486229,5.26785638824363,19.2727916918197,8.02293829798588,TRUE,66.0751550542629,28.9298147361003,22
"insurance_autobi_loss","random",15,"tail","ridge-LSE",0,2.5,"full","blocked",NA,2.71754653166766,7.75648864037569,28.6165312782477,7.01012270565169,TRUE,73.5899265324902,40.3346922392333,41
"insurance_autobi_loss","random",16,"tail","ridge-LSE",0,2.5,"full","blocked",NA,3.18715397368869,8.37398742515511,31.8794862421389,6.72512025850837,TRUE,79.4265596281287,40.2458678186311,26
"insurance_autobi_loss","random",17,"tail","ridge-LSE",0,2.5,"full","blocked",NA,4.37135610237176,5.01367906927232,9.64303495143289,9.44605235859787,TRUE,29.4913223826948,17.1122149953186,21
"insurance_autobi_loss","random",18,"tail","ridge-LSE",0,2.5,"full","blocked",NA,3.59152963328341,4.79906078919179,9.71661397980573,8.51695122192613,TRUE,25.5877152364211,18.3373278960845,32
"insurance_autobi_loss","random",19,"tail","ridge-LSE",0,2.5,"full","blocked",NA,3.98802319295232,5.49325036205604,13.6217948945176,8.51705089550107,TRUE,45.4592611260659,27.7638791008316,22
"insurance_autobi_loss","random",20,"tail","ridge-LSE",0,2.5,"full","blocked",NA,3.68587230307172,5.81011981160875,19.853030435429,8.43009345209718,TRUE,55.961452583362,23.6488447013669,33
"insurance_autobi_loss","random",21,"tail","ridge-LSE",0,2.5,"full","blocked",NA,4.49141685150496,5.15953696566582,8.78566577379344,9.00904821154753,TRUE,25.0172651169425,17.3214832413282,21
"insurance_autobi_loss","random",22,"tail","ridge-LSE",0,2.5,"full","blocked",NA,3.4112773138963,4.68926193467255,17.2788578510214,7.65369356475603,TRUE,58.0883737209999,23.5155782226839,23
"insurance_autobi_loss","random",23,"tail","ridge-LSE",0,2.5,"full","blocked",NA,3.87417113290002,5.81693462944302,16.2875798467378,8.46498777285317,TRUE,44.1230945315306,22.5779254630979,35
"insurance_autobi_loss","random",24,"tail","ridge-LSE",0,2.5,"full","blocked",NA,3.73063594983307,4.74315209618237,10.3659417632254,8.52430216361141,TRUE,30.7477728658942,18.0719051327077,26
"insurance_autobi_loss","random",25,"tail","ridge-LSE",0,2.5,"full","blocked",NA,3.83370370331663,6.11171090641149,20.9829985781588,8.25481573316801,TRUE,56.8150035257555,25.1950049201189,36
"insurance_autobi_loss","random",26,"tail","ridge-LSE",0,2.5,"full","blocked",NA,4.78523856948962,5.70905465685091,8.59290329307561,6.83277110091713,TRUE,23.8229593238958,17.4238154567212,25
"insurance_autobi_loss","random",27,"tail","ridge-LSE",0,2.5,"full","blocked",NA,3.83485122902869,4.71536046873936,12.1663794004073,9.69904538199027,TRUE,41.7088738442518,21.355238060321,20
"insurance_autobi_loss","random",28,"tail","ridge-LSE",0,2.5,"full","blocked",NA,3.54753640841379,4.33250788338488,8.2492479108071,8.36128986055885,TRUE,17.9644593692032,12.2766847792129,31
"insurance_autobi_loss","random",29,"tail","ridge-LSE",0,2.5,"full","blocked",NA,3.27457951572247,6.34921561711693,23.5181921103223,7.90192122652499,TRUE,68.97476035854,34.4803711408526,31
"insurance_autobi_loss","random",30,"tail","ridge-LSE",0,2.5,"full","blocked",NA,4.4422337098285,4.91497750274729,8.47592184484355,9.47131299083495,TRUE,20.9861959394884,13.9193577799327,30
"insurance_autobi_loss","random",1,"tail","ridge-LSE",1,2.5,"full","blocked",NA,2.75941948876693,5.32480822579218,19.6303092101284,7.03246634740086,TRUE,62.7374170041762,32.349124058006,26
"insurance_autobi_loss","random",2,"tail","ridge-LSE",1,2.5,"full","blocked",NA,3.71452932963802,5.99742384465504,19.0763310819588,9.62887670246529,TRUE,55.4326013576966,27.5731341912558,28
"insurance_autobi_loss","random",3,"tail","ridge-LSE",1,2.5,"full","blocked",NA,3.6038801661744,5.79447906427532,19.3609868780989,9.50425758225127,TRUE,75.7214302147133,45.599730122457,17
"insurance_autobi_loss","random",4,"tail","ridge-LSE",1,2.5,"full","blocked",NA,4.19069010178559,5.82150443472144,15.8669088471038,10.2006159357299,TRUE,41.4135980154683,20.5952268176906,37
"insurance_autobi_loss","random",5,"tail","ridge-LSE",1,2.5,"full","blocked",NA,2.51440311690129,4.24504942814929,14.1167499733342,7.05801927843553,TRUE,47.572136984844,25.8013466900579,23
"insurance_autobi_loss","random",6,"tail","ridge-LSE",1,2.5,"full","blocked",NA,3.88728423750571,5.44674335836632,14.4818912249818,8.03605302535218,TRUE,45.8321717810384,24.1674296630083,25
"insurance_autobi_loss","random",7,"tail","ridge-LSE",1,2.5,"full","blocked",NA,5.08184701936249,6.41307138257667,13.2418641578275,10.536891056788,TRUE,34.1021933332794,20.671853933974,35
"insurance_autobi_loss","random",8,"tail","ridge-LSE",1,2.5,"full","blocked",NA,3.81883577986734,6.81587908547225,22.1146792082302,6.31733846682192,TRUE,69.1272832323838,32.685696984324,25
"insurance_autobi_loss","random",9,"tail","ridge-LSE",1,2.5,"full","blocked",NA,3.74955974423138,5.68291098944,18.0436198183967,7.52665296748741,TRUE,57.0933831861203,28.6254498477252,26
"insurance_autobi_loss","random",10,"tail","ridge-LSE",1,2.5,"full","blocked",NA,3.55988455901729,4.90827064994486,14.7795648029598,8.8219730623464,TRUE,45.822489462917,21.6544200759226,26
"insurance_autobi_loss","random",11,"tail","ridge-LSE",1,2.5,"full","blocked",NA,3.62230689393464,6.57192118884472,18.8703723675203,8.09619014083255,TRUE,53.3002216033273,33.2070892362471,33
"insurance_autobi_loss","random",12,"tail","ridge-LSE",1,2.5,"full","blocked",NA,3.58102698345662,4.2615714238493,8.75995855831091,7.30606831367418,TRUE,35.6217603904995,23.0946359493438,13
"insurance_autobi_loss","random",13,"tail","ridge-LSE",1,2.5,"full","blocked",NA,3.77398447347305,6.45214741362622,19.2594976460481,8.66565759975107,TRUE,61.0945918833873,37.6510196982319,26
"insurance_autobi_loss","random",14,"tail","ridge-LSE",1,2.5,"full","blocked",NA,3.25035668592897,5.05498835725025,19.2155754474372,7.20535845936823,TRUE,66.4947076538088,29.3081665629476,22
"insurance_autobi_loss","random",15,"tail","ridge-LSE",1,2.5,"full","blocked",NA,2.98942320843609,8.0276427625524,28.6582579698483,6.68261831498453,TRUE,73.6357261164515,40.3600013713037,41
"insurance_autobi_loss","random",16,"tail","ridge-LSE",1,2.5,"full","blocked",NA,3.7358635527124,6.04293101846408,20.8956031962036,8.03547975253757,TRUE,66.4417271076867,32.5492886997323,26
"insurance_autobi_loss","random",17,"tail","ridge-LSE",1,2.5,"full","blocked",NA,4.18995788395136,25.37044758788,330.741806460208,8.43998548221715,TRUE,30.6319201787079,18.2272709428332,21
"insurance_autobi_loss","random",18,"tail","ridge-LSE",1,2.5,"full","blocked",NA,3.76603430223127,5.03814638878129,9.93181105544772,8.26290562542698,TRUE,26.0688136848922,18.955843452381,32
"insurance_autobi_loss","random",19,"tail","ridge-LSE",1,2.5,"full","blocked",NA,3.19237338403545,4.97308709401353,13.5738370088956,6.71996140065115,TRUE,46.2182957179545,28.9815034381399,22
"insurance_autobi_loss","random",20,"tail","ridge-LSE",1,2.5,"full","blocked",NA,3.16608217771655,5.35168509964682,19.9033291377192,7.10011002521098,TRUE,56.4572523901647,24.4812992931585,33
"insurance_autobi_loss","random",21,"tail","ridge-LSE",1,2.5,"full","blocked",NA,4.96006477565254,7.74589460653683,37.2108967360476,9.55265140597799,TRUE,24.5155459625208,16.8406730960789,21
"insurance_autobi_loss","random",22,"tail","ridge-LSE",1,2.5,"full","blocked",NA,3.90263443340215,5.28351407779767,17.6063971450237,7.7282596908542,TRUE,58.2493322836392,23.0132634598959,23
"insurance_autobi_loss","random",23,"tail","ridge-LSE",1,2.5,"full","blocked",NA,3.70721566740336,5.7018540271236,16.5480208397597,9.9886575905896,TRUE,44.8230707607194,23.2315520812804,35
"insurance_autobi_loss","random",24,"tail","ridge-LSE",1,2.5,"full","blocked",NA,3.72570467100502,4.78625247823303,10.7260383562984,9.25957050960258,TRUE,30.0189021609157,16.9423010067355,26
"insurance_autobi_loss","random",25,"tail","ridge-LSE",1,2.5,"full","blocked",NA,3.6424369586835,6.18554550571573,21.5641559430629,7.84268341475689,TRUE,58.5003570061645,26.4613707790972,36
"insurance_autobi_loss","random",26,"tail","ridge-LSE",1,2.5,"full","blocked",NA,3.00168629022281,3.83878465626519,7.73011741971298,7.36670491388221,TRUE,23.2944286250398,17.0233263041418,25
"insurance_autobi_loss","random",27,"tail","ridge-LSE",1,2.5,"full","blocked",NA,3.83063375684441,5.32558145559642,12.6120929437102,6.94542988507306,TRUE,43.2886966163978,23.679624742182,20
"insurance_autobi_loss","random",28,"tail","ridge-LSE",1,2.5,"full","blocked",NA,2.73931435325734,3.9548623821723,9.08935824260535,6.42185269199279,TRUE,18.9818402798904,13.4096860624827,31
"insurance_autobi_loss","random",29,"tail","ridge-LSE",1,2.5,"full","blocked",NA,2.69306278307426,5.92062194532909,23.2826350878903,6.38775195432925,TRUE,68.6240534838348,34.1641995254605,31
"insurance_autobi_loss","random",30,"tail","ridge-LSE",1,2.5,"full","blocked",NA,4.57806651099116,5.11962181169351,8.99125174275441,9.97828821172609,TRUE,22.7483995432987,15.0786070982983,30
"insurance_autobi_loss","random",1,"tail","ridge-LSE",2,2.5,"full","blocked",NA,2.75769284927318,5.32905082865098,19.5878414315908,7.20899041797376,TRUE,62.6519761409647,32.5095737970739,26
"insurance_autobi_loss","random",2,"tail","ridge-LSE",2,2.5,"full","blocked",NA,4.26049202751874,6.18371083510773,18.2175381698173,9.46703616656601,TRUE,55.0454109212338,26.5678716781559,28
"insurance_autobi_loss","random",3,"tail","ridge-LSE",2,2.5,"full","blocked",NA,3.20899890718327,5.50772204821962,19.2002740328017,7.02133369018112,TRUE,75.6757332718594,46.0244254174525,17
"insurance_autobi_loss","random",4,"tail","ridge-LSE",2,2.5,"full","blocked",NA,3.38443346008683,6.98970380125908,20.7408351428751,8.09826773944821,TRUE,42.2143036069075,21.4778215373559,37
"insurance_autobi_loss","random",5,"tail","ridge-LSE",2,2.5,"full","blocked",NA,2.89107572269801,4.34000566357558,13.8274404673614,7.64208437438589,TRUE,46.2196420542373,24.6568933710116,23
"insurance_autobi_loss","random",6,"tail","ridge-LSE",2,2.5,"full","blocked",NA,3.53527081554722,8.20834036268534,48.8980022001803,7.73490451321213,TRUE,47.1193381830659,26.5562578191081,25
"insurance_autobi_loss","random",7,"tail","ridge-LSE",2,2.5,"full","blocked",NA,4.58387709773289,5.94821453208473,13.0247585385365,10.6009838248185,TRUE,33.9211123205638,20.5800823281535,35
"insurance_autobi_loss","random",8,"tail","ridge-LSE",2,2.5,"full","blocked",NA,2.92773516982992,5.21447181212089,21.0902212132474,6.16398586683807,TRUE,68.8978421934562,30.7646049953448,25
"insurance_autobi_loss","random",9,"tail","ridge-LSE",2,2.5,"full","blocked",NA,3.66004331973201,5.6511279723718,18.045258764819,7.53197326462346,TRUE,57.1362218377666,28.5162449839204,26
"insurance_autobi_loss","random",10,"tail","ridge-LSE",2,2.5,"full","blocked",NA,3.79174173293313,5.20694949715641,15.0927326069277,9.11405242864457,TRUE,45.4301171151624,20.5480136783923,26
"insurance_autobi_loss","random",11,"tail","ridge-LSE",2,2.5,"full","blocked",NA,3.07702182850965,6.39209267292136,19.6205292978363,8.55284939608309,TRUE,52.6458501964611,32.5019250019042,33
"insurance_autobi_loss","random",12,"tail","ridge-LSE",2,2.5,"full","blocked",NA,4.22009215563787,4.70299155867468,8.94796083893319,10.0841978555695,TRUE,33.4917624821088,20.0261571876694,13
"insurance_autobi_loss","random",13,"tail","ridge-LSE",2,2.5,"full","blocked",NA,3.43870015141579,6.18555846026679,19.2039880427278,8.12036957213043,TRUE,61.161610779466,37.9015830211845,26
"insurance_autobi_loss","random",14,"tail","ridge-LSE",2,2.5,"full","blocked",NA,3.81481263865736,5.72749555935416,19.720950422896,8.3221143534996,TRUE,66.070587381021,29.1140256894649,22
"insurance_autobi_loss","random",15,"tail","ridge-LSE",2,2.5,"full","blocked",NA,2.59169143297385,7.74954362905667,28.7095778333394,6.80532888466501,TRUE,73.8669907655947,40.7661371038561,41
"insurance_autobi_loss","random",16,"tail","ridge-LSE",2,2.5,"full","blocked",NA,3.67303809284387,6.01766620161616,20.8104352877639,7.9695610621105,TRUE,66.2431117853686,32.3993980697874,26
"insurance_autobi_loss","random",17,"tail","ridge-LSE",2,2.5,"full","blocked",NA,4.88182254916674,5.37800803371566,9.77943491198457,11.4144277911013,TRUE,28.7668795158645,17.1178213705126,21
"insurance_autobi_loss","random",18,"tail","ridge-LSE",2,2.5,"full","blocked",NA,3.03495265275637,4.47747621685378,9.67099040063551,7.56273908270137,TRUE,26.1868344361225,18.8696345318479,32
"insurance_autobi_loss","random",19,"tail","ridge-LSE",2,2.5,"full","blocked",NA,3.28663880211422,5.00110431307548,13.6094375004951,8.0711705409523,TRUE,46.1482412474737,28.588843030108,22
"insurance_autobi_loss","random",20,"tail","ridge-LSE",2,2.5,"full","blocked",NA,2.82184070925315,5.180017381933,19.9224484833937,6.55275460282528,TRUE,56.6577358865201,24.5322420050193,33
"insurance_autobi_loss","random",21,"tail","ridge-LSE",2,2.5,"full","blocked",NA,4.03171404418071,4.64152174515548,8.29933008217107,8.71727315258427,TRUE,25.0636350749866,17.5237593645004,21
"insurance_autobi_loss","random",22,"tail","ridge-LSE",2,2.5,"full","blocked",NA,3.30764570982402,4.6004845824983,17.217306207776,7.88092154139114,TRUE,57.959390767989,23.6436789101425,23
"insurance_autobi_loss","random",23,"tail","ridge-LSE",2,2.5,"full","blocked",NA,3.47667796526186,5.70203646353957,16.8420416638959,9.07137572755446,TRUE,45.059037184528,24.0284313174472,35
"insurance_autobi_loss","random",24,"tail","ridge-LSE",2,2.5,"full","blocked",NA,3.9321183010091,4.86501934258867,10.3345938017066,9.19221443248481,TRUE,30.1727887124108,17.3264454689698,26
"insurance_autobi_loss","random",25,"tail","ridge-LSE",2,2.5,"full","blocked",NA,3.08861692940577,5.53280580406837,20.7622626114178,7.06661056806764,TRUE,56.424873415341,24.5945864981196,36
"insurance_autobi_loss","random",26,"tail","ridge-LSE",2,2.5,"full","blocked",NA,3.08146158557437,3.9239620343329,7.64624503505304,7.57308583621534,TRUE,22.6210600862694,15.7206179557262,25
"insurance_autobi_loss","random",27,"tail","ridge-LSE",2,2.5,"full","blocked",NA,3.68268997003475,4.92598411903063,12.7188196743193,8.90832746875435,TRUE,41.9294187426116,20.8587073274341,20
"insurance_autobi_loss","random",28,"tail","ridge-LSE",2,2.5,"full","blocked",NA,3.62781013500236,4.19546258525139,7.20815095682137,8.57837987563244,TRUE,17.7598797532688,12.2153387776377,31
"insurance_autobi_loss","random",29,"tail","ridge-LSE",2,2.5,"full","blocked",NA,3.44413431898864,6.43188431215007,23.3857962465233,7.66444384610117,TRUE,68.5281327509006,33.6834677636723,31
"insurance_autobi_loss","random",30,"tail","ridge-LSE",2,2.5,"full","blocked",NA,4.11000772369499,4.84394592975462,8.67993132090506,8.48028170605848,TRUE,22.6496855369337,15.0118620083358,30
"insurance_autobi_loss","random",1,"tail","Huber",0,2.5,"full","blocked",NA,1.69714262236403,4.71054492526762,20.0263033647018,5.11890462609014,TRUE,64.6520784059783,36.3232622206505,26
"insurance_autobi_loss","random",2,"tail","Huber",0,2.5,"full","blocked",NA,1.77809940259265,4.43032019947289,18.4732710928282,5.7927533352764,TRUE,57.4066273705298,30.7093865152173,28
"insurance_autobi_loss","random",3,"tail","Huber",0,2.5,"full","blocked",NA,1.57324746383747,4.4403438671613,19.4503330609414,4.54041970708177,TRUE,77.5690202655388,49.2568545459225,17
"insurance_autobi_loss","random",4,"tail","Huber",0,2.5,"full","blocked",NA,1.96236399484102,4.43768730770351,16.2119397134085,6.5457300407585,TRUE,43.7975806160007,24.1169292677288,37
"insurance_autobi_loss","random",5,"tail","Huber",0,2.5,"full","blocked",NA,1.46549052518428,3.52619742897558,14.1718163420192,4.05391085350011,TRUE,48.5471627432765,28.3693058982596,23
"insurance_autobi_loss","random",6,"tail","Huber",0,2.5,"full","blocked",NA,1.67775212936904,3.97908896169639,14.9023442822947,5.13407959751814,TRUE,48.7853922957617,28.8807261883489,25
"insurance_autobi_loss","random",7,"tail","Huber",0,2.5,"full","blocked",NA,1.79550894159423,4.3656863268606,13.7140317981854,7.32345142667462,TRUE,38.0689204022054,25.6580396400255,35
"insurance_autobi_loss","random",8,"tail","Huber",0,2.5,"full","blocked",NA,1.6434930321598,4.39061897603834,21.3809110466417,4.61571688758272,TRUE,70.4204669863425,34.0404221953023,25
"insurance_autobi_loss","random",9,"tail","Huber",0,2.5,"full","blocked",NA,1.74005632721889,4.33762589424582,18.3784592600941,5.28395630609716,TRUE,59.2738953175559,32.2159057803799,26
"insurance_autobi_loss","random",10,"tail","Huber",0,2.5,"full","blocked",NA,1.70912702406841,3.90019997111125,15.246179079021,5.89272939797981,TRUE,49.0881260997001,27.8047503263155,26
"insurance_autobi_loss","random",11,"tail","Huber",0,2.5,"full","blocked",NA,1.87932844391323,5.63798748285769,19.4886625834316,6.28083675019218,TRUE,55.8439530190443,36.6588692285883,33
"insurance_autobi_loss","random",12,"tail","Huber",0,2.5,"full","blocked",NA,1.65491946163683,3.00190344064616,9.0562146554099,4.28437359458129,TRUE,36.785426428641,26.1076833480749,13
"insurance_autobi_loss","random",13,"tail","Huber",0,2.5,"full","blocked",NA,1.82222093350334,5.28889765026961,19.7586974216855,5.33572331177703,TRUE,63.7425306541432,41.3872829265649,26
"insurance_autobi_loss","random",14,"tail","Huber",0,2.5,"full","blocked",NA,1.58842845937749,3.85927338317597,19.3742948618013,4.43976385938158,TRUE,67.9613348799269,31.9600442661643,22
"insurance_autobi_loss","random",15,"tail","Huber",0,2.5,"full","blocked",NA,2.2940011536461,7.52764466790127,29.1471812449271,8.22817589827762,TRUE,75.1032844604134,42.6488381004765,41
"insurance_autobi_loss","random",16,"tail","Huber",0,2.5,"full","blocked",NA,1.91865385435609,5.05921020256207,21.4431421408798,6.57328873215473,TRUE,68.9504982496201,36.9557492818178,26
"insurance_autobi_loss","random",17,"tail","Huber",0,2.5,"full","blocked",NA,1.50737237706549,2.92372554795798,9.33301583643406,4.01687344536566,TRUE,33.1220555988211,22.1701338799572,21
"insurance_autobi_loss","random",18,"tail","Huber",0,2.5,"full","blocked",NA,1.80485610713645,8.21365106945174,74.3882741346854,7.40186337699343,TRUE,28.4983391091759,22.0539822782144,32
"insurance_autobi_loss","random",19,"tail","Huber",0,2.5,"full","blocked",NA,1.56772509035673,3.87159265941306,13.9370074971363,4.23526923640316,TRUE,48.7269643427019,32.3093566265314,22
"insurance_autobi_loss","random",20,"tail","Huber",0,2.5,"full","blocked",NA,1.52343130445272,4.38706332848167,20.3829820126326,5.18751791117366,TRUE,58.4979127513698,28.1190303573013,33
"insurance_autobi_loss","random",21,"tail","Huber",0,2.5,"full","blocked",NA,1.69095263542084,3.35030186482429,8.93550370438684,4.7470656943474,TRUE,29.0243454505511,22.564643562879,21
"insurance_autobi_loss","random",22,"tail","Huber",0,2.5,"full","blocked",NA,1.70179532055081,3.63132865427414,17.5305715406754,5.08989213374377,TRUE,60.0565849352825,27.5291669641108,23
"insurance_autobi_loss","random",23,"tail","Huber",0,2.5,"full","blocked",NA,1.95262227226811,4.70259402517655,16.936791922219,6.49050658312437,TRUE,47.080768100959,27.5513952720587,35
"insurance_autobi_loss","random",24,"tail","Huber",0,2.5,"full","blocked",NA,1.75982908859186,3.56758989291349,10.7949514146868,5.37539550816402,TRUE,33.4516674122701,21.9728894455265,26
"insurance_autobi_loss","random",25,"tail","Huber",0,2.5,"full","blocked",NA,1.94904282046115,4.8701741551073,21.3605511017114,6.75831692559513,TRUE,58.6639989894734,28.5354737269392,36
"insurance_autobi_loss","random",26,"tail","Huber",0,2.5,"full","blocked",NA,1.52414642234445,3.03090489303408,7.95109785037134,4.24135949811614,TRUE,25.7683065154312,20.1359933281988,25
"insurance_autobi_loss","random",27,"tail","Huber",0,2.5,"full","blocked",NA,1.65703320604938,3.21182342653693,12.1424508925448,4.89611721160164,TRUE,44.3291041134995,25.7146748620645,20
"insurance_autobi_loss","random",28,"tail","Huber",0,2.5,"full","blocked",NA,1.65170861307298,3.13691132031439,7.66345640392445,5.87547438896344,TRUE,21.5670793976548,17.0073453459452,31
"insurance_autobi_loss","random",29,"tail","Huber",0,2.5,"full","blocked",NA,1.73153407558023,5.43399042752799,23.8486623528493,4.93628451712402,TRUE,70.6172431446421,37.3466810797849,31
"insurance_autobi_loss","random",30,"tail","Huber",0,2.5,"full","blocked",NA,1.83791515712357,3.38998351351907,8.74252285584087,5.81167724347251,TRUE,25.8741476083429,19.3050266881132,30
"insurance_autobi_loss","random",1,"tail","Huber",1,2.5,"full","blocked",NA,1.68034213168794,4.727949021946,20.0667288950912,4.99372317806312,TRUE,64.7881916602126,36.5608414398079,26
"insurance_autobi_loss","random",2,"tail","Huber",1,2.5,"full","blocked",NA,1.74356089218085,4.43786605641802,18.5322803705204,5.12681011788469,TRUE,57.6078846841177,31.1235134386587,28
"insurance_autobi_loss","random",3,"tail","Huber",1,2.5,"full","blocked",NA,1.49222274217977,4.3857357871012,19.6673195056992,4.15758385162406,TRUE,78.5045218761267,49.6687425698135,17
"insurance_autobi_loss","random",4,"tail","Huber",1,2.5,"full","blocked",NA,1.90020118273145,4.4009088585847,16.1457852261169,6.20937979174945,TRUE,43.6405196164245,23.8880354344843,37
"insurance_autobi_loss","random",5,"tail","Huber",1,2.5,"full","blocked",NA,1.49869155742468,3.5479255783636,14.3749721367482,4.16962649040765,TRUE,49.2376806370554,28.4159767831608,23
"insurance_autobi_loss","random",6,"tail","Huber",1,2.5,"full","blocked",NA,1.64992821129001,4.13166103539647,15.1507955233453,5.11338800827134,TRUE,49.0484443737099,29.6720095250063,25
"insurance_autobi_loss","random",7,"tail","Huber",1,2.5,"full","blocked",NA,1.88799122639034,4.38555676304814,13.4838122581697,6.6458242620422,TRUE,37.4096854416016,25.4465272725305,35
"insurance_autobi_loss","random",8,"tail","Huber",1,2.5,"full","blocked",NA,1.60085394889971,4.34228468651689,21.4034910445308,4.69837610238752,TRUE,70.5081266783001,34.2890068240776,25
"insurance_autobi_loss","random",9,"tail","Huber",1,2.5,"full","blocked",NA,1.71757243778233,4.33658649271524,18.3888005771531,5.22910840814043,TRUE,59.3141451129531,32.3179886613977,26
"insurance_autobi_loss","random",10,"tail","Huber",1,2.5,"full","blocked",NA,1.76081144370244,3.94252774401776,15.2060045281451,5.68984589427172,TRUE,48.9399487632607,27.5872261991805,26
"insurance_autobi_loss","random",11,"tail","Huber",1,2.5,"full","blocked",NA,1.91708752016884,5.61848608577298,19.4325554704118,6.58362998261152,TRUE,55.6741723719946,36.3927531023144,33
"insurance_autobi_loss","random",12,"tail","Huber",1,2.5,"full","blocked",NA,1.62648315672413,2.74931439005457,8.49590622051923,3.98356485867482,TRUE,37.8754598818362,26.4346729448215,13
"insurance_autobi_loss","random",13,"tail","Huber",1,2.5,"full","blocked",NA,1.77936704390956,5.27214081148405,19.8064297262392,5.18153467235776,TRUE,63.911804694916,41.6129746560528,26
"insurance_autobi_loss","random",14,"tail","Huber",1,2.5,"full","blocked",NA,1.65238391296628,5.03446066360158,25.7539941959816,5.12636957324083,TRUE,68.0200736935664,32.7257190461779,22
"insurance_autobi_loss","random",15,"tail","Huber",1,2.5,"full","blocked",NA,2.38347053281562,7.69010969852837,29.1638263241665,8.45580269133466,TRUE,75.1227837406309,42.6274294581533,41
"insurance_autobi_loss","random",16,"tail","Huber",1,2.5,"full","blocked",NA,1.77618523439065,4.98963794960564,21.4373287835009,6.01382074642619,TRUE,68.8709947630257,36.7926595006584,26
"insurance_autobi_loss","random",17,"tail","Huber",1,2.5,"full","blocked",NA,1.68199022853955,3.13754537353366,9.40821741307458,5.19713086572525,TRUE,32.5761279693979,21.1050085896688,21
"insurance_autobi_loss","random",18,"tail","Huber",1,2.5,"full","blocked",NA,1.70175003247489,3.64785872067597,9.78707520239201,6.17925065600613,TRUE,28.2454692655049,21.5500634812627,32
"insurance_autobi_loss","random",19,"tail","Huber",1,2.5,"full","blocked",NA,1.47894839717882,3.80400909882282,13.8788455427483,4.00858644414829,TRUE,48.5417440011375,32.1265842462533,22
"insurance_autobi_loss","random",20,"tail","Huber",1,2.5,"full","blocked",NA,1.54525896291145,4.42320574270771,20.3712753373793,5.26697543576596,TRUE,58.4629037052438,28.2680320616348,33
"insurance_autobi_loss","random",21,"tail","Huber",1,2.5,"full","blocked",NA,1.79710729479037,3.45830612740921,8.7304566615366,5.39320242789598,TRUE,29.0579325806603,22.4343232059156,21
"insurance_autobi_loss","random",22,"tail","Huber",1,2.5,"full","blocked",NA,1.782553484594,3.67688548517683,17.5195134467577,5.41358530609996,TRUE,59.9145309888593,27.1620606774171,23
"insurance_autobi_loss","random",23,"tail","Huber",1,2.5,"full","blocked",NA,1.95672659449844,4.71866253355806,16.9221853391827,6.38420296845995,TRUE,47.0344656063162,27.4768085864501,35
"insurance_autobi_loss","random",24,"tail","Huber",1,2.5,"full","blocked",NA,1.75624855376068,3.50856124722318,10.6157016172911,5.52476315876231,TRUE,33.8155133115483,22.7396456628774,26
"insurance_autobi_loss","random",25,"tail","Huber",1,2.5,"full","blocked",NA,2.08346539303068,4.95913288945614,21.3202730909932,7.46703461505679,TRUE,58.4608004732693,28.2809571882341,36
"insurance_autobi_loss","random",26,"tail","Huber",1,2.5,"full","blocked",NA,1.47288090850398,2.99828098421962,7.96397617350483,4.31509521511005,TRUE,25.8409443425122,20.2011179278465,25
"insurance_autobi_loss","random",27,"tail","Huber",1,2.5,"full","blocked",NA,1.61244741229793,3.23144061684728,12.1933316566146,4.5409032454809,TRUE,44.568008281662,26.4089403900022,20
"insurance_autobi_loss","random",28,"tail","Huber",1,2.5,"full","blocked",NA,1.66068695305188,3.05547668256324,7.40475734758868,4.95012616837501,TRUE,21.2607517929383,16.535887093312,31
"insurance_autobi_loss","random",29,"tail","Huber",1,2.5,"full","blocked",NA,1.77466433953205,5.44536103065799,23.8300200538125,4.99272915843197,TRUE,70.5533160620097,37.2495845133053,31
"insurance_autobi_loss","random",30,"tail","Huber",1,2.5,"full","blocked",NA,1.95582724068063,3.46403206800032,8.50599614865431,7.06887063026341,TRUE,24.7226310735125,18.4938935674916,30
"insurance_autobi_loss","random",1,"tail","Huber",2,2.5,"full","blocked",NA,1.67018689788307,4.7179899273304,20.0548354713548,4.86769446337507,TRUE,64.7526841985306,36.5110608566301,26
"insurance_autobi_loss","random",2,"tail","Huber",2,2.5,"full","blocked",NA,1.79458981494393,4.445775643317,18.5476537718569,5.86035046451476,TRUE,57.6424088757889,31.0187251099705,28
"insurance_autobi_loss","random",3,"tail","Huber",2,2.5,"full","blocked",NA,1.54230890365457,4.4334790279281,19.6362902767851,4.06958165823893,TRUE,78.3664936694844,49.8632088354665,17
"insurance_autobi_loss","random",4,"tail","Huber",2,2.5,"full","blocked",NA,1.91056635148888,4.38659511563161,16.157928477575,6.36798555794504,TRUE,43.678106908162,23.975634498247,37
"insurance_autobi_loss","random",5,"tail","Huber",2,2.5,"full","blocked",NA,1.51310010521506,3.57366040033486,14.3779415875424,4.31794526648306,TRUE,49.2398702441794,28.3692003231911,23
"insurance_autobi_loss","random",6,"tail","Huber",2,2.5,"full","blocked",NA,1.60267010690744,3.852107292195,14.8603901196825,4.39368187533568,TRUE,48.8052876980657,28.8553749569423,25
"insurance_autobi_loss","random",7,"tail","Huber",2,2.5,"full","blocked",NA,1.84736101176907,4.36875195944672,13.5630269504477,6.80781300846274,TRUE,37.6489525083982,25.7321430446388,35
"insurance_autobi_loss","random",8,"tail","Huber",2,2.5,"full","blocked",NA,1.62455987084277,4.33980716521887,21.3981397012248,4.50532517795457,TRUE,70.4951432929283,34.3099525751945,25
"insurance_autobi_loss","random",9,"tail","Huber",2,2.5,"full","blocked",NA,1.72965942110555,4.34173034808096,18.3762259511779,5.32538702161293,TRUE,59.2718851922775,32.2832909754161,26
"insurance_autobi_loss","random",10,"tail","Huber",2,2.5,"full","blocked",NA,1.69791666070654,3.91890386157204,15.2664292639365,5.54524902310683,TRUE,49.1600925045898,27.9822910703487,26
"insurance_autobi_loss","random",11,"tail","Huber",2,2.5,"full","blocked",NA,1.96414254012334,5.6191135480883,19.2098990998017,6.71294050038992,TRUE,54.9778339421224,35.8548111402861,33
"insurance_autobi_loss","random",12,"tail","Huber",2,2.5,"full","blocked",NA,1.62756754774826,2.74834147958621,8.53452821080405,4.15847304098934,TRUE,38.0542807961839,26.6354596475716,13
"insurance_autobi_loss","random",13,"tail","Huber",2,2.5,"full","blocked",NA,1.88506532876262,5.37786260537212,19.7670839035463,6.37304907344988,TRUE,63.6481816947499,41.2705747287181,26
"insurance_autobi_loss","random",14,"tail","Huber",2,2.5,"full","blocked",NA,1.62844846678922,3.89266978364342,19.3509431539188,4.52135183782329,TRUE,67.8614364305869,31.8864442488742,22
"insurance_autobi_loss","random",15,"tail","Huber",2,2.5,"full","blocked",NA,2.34071325852726,7.53763076070311,29.1202983175013,8.63257229740253,TRUE,75.0037409704817,42.378065392154,41
"insurance_autobi_loss","random",16,"tail","Huber",2,2.5,"full","blocked",NA,1.78633188566575,4.95153352747788,21.3079972963778,6.23889950263579,TRUE,68.2387988254498,35.6170191070308,26
"insurance_autobi_loss","random",17,"tail","Huber",2,2.5,"full","blocked",NA,1.57068602672171,2.99388054102402,9.31597267654178,4.21705920870582,TRUE,32.8568561629408,21.8449880141457,21
"insurance_autobi_loss","random",18,"tail","Huber",2,2.5,"full","blocked",NA,1.79491358423283,3.73977490768815,9.83014466075008,6.99813974197033,TRUE,28.2238062891901,21.5419504771957,32
"insurance_autobi_loss","random",19,"tail","Huber",2,2.5,"full","blocked",NA,1.61245253934898,3.91061229115988,13.9256802645992,4.29463857302235,TRUE,48.6629897826313,32.0165084050833,22
"insurance_autobi_loss","random",20,"tail","Huber",2,2.5,"full","blocked",NA,1.58656719124669,4.43872204697764,20.3008466624558,5.17925987225472,TRUE,58.2517081463107,28.0067907793238,33
"insurance_autobi_loss","random",21,"tail","Huber",2,2.5,"full","blocked",NA,1.68042600401347,3.32189426896655,8.70549348029698,4.55841901222776,TRUE,28.9784048733013,22.4946821905546,21
"insurance_autobi_loss","random",22,"tail","Huber",2,2.5,"full","blocked",NA,1.70634010041739,3.64226776236692,17.5201859831483,4.94227869560493,TRUE,60.0391111717832,27.6542211602857,23
"insurance_autobi_loss","random",23,"tail","Huber",2,2.5,"full","blocked",NA,2.00350240018322,4.73210345577754,16.9285293223321,6.572943302585,TRUE,47.0374033759069,27.4582994916245,35
"insurance_autobi_loss","random",24,"tail","Huber",2,2.5,"full","blocked",NA,1.76556515032695,3.50999301272548,10.659228606651,5.67195896100398,TRUE,34.0394495187093,23.0322460378133,26
"insurance_autobi_loss","random",25,"tail","Huber",2,2.5,"full","blocked",NA,2.07963189768908,4.93765410571998,21.3342290949683,7.31822626771373,TRUE,58.5549158159745,28.5862495356091,36
"insurance_autobi_loss","random",26,"tail","Huber",2,2.5,"full","blocked",NA,1.57031268665372,3.05203572850921,8.02905789205503,5.00992604586736,TRUE,25.9965117444555,20.3532396571448,25
"insurance_autobi_loss","random",27,"tail","Huber",2,2.5,"full","blocked",NA,1.57761943449146,3.21605811418231,12.1919724262562,4.5640979895347,TRUE,44.576791111532,26.4909208266746,20
"insurance_autobi_loss","random",28,"tail","Huber",2,2.5,"full","blocked",NA,1.52456730607806,2.93584975607771,7.37612447885151,4.54151941005757,TRUE,21.5015547461193,16.8845148455211,31
"insurance_autobi_loss","random",29,"tail","Huber",2,2.5,"full","blocked",NA,1.66242129977736,5.39197667050258,23.8492482973567,4.97372415257043,TRUE,70.6256783825511,37.2061682570939,31
"insurance_autobi_loss","random",30,"tail","Huber",2,2.5,"full","blocked",NA,1.71668325299577,3.33160450835947,8.84585386547126,6.09626096108403,TRUE,26.2620049515112,19.711731734474,30
"insurance_autobi_loss","random",1,"tail","L1",0,2.5,"full","blocked",NA,1.75095848251034,4.78662666525099,20.1487632326289,5.44477395718384,TRUE,64.9372157184431,36.6602332865813,26
"insurance_autobi_loss","random",2,"tail","L1",0,2.5,"full","blocked",NA,1.82172172606856,4.46619930482367,18.5684609623964,5.34446043443954,TRUE,57.7124538935287,31.2070313723782,28
"insurance_autobi_loss","random",3,"tail","L1",0,2.5,"full","blocked",NA,1.47624438925599,4.37272960711919,19.6772621972345,4.26259282965634,TRUE,78.5431664961475,50.145801397072,17
"insurance_autobi_loss","random",4,"tail","L1",0,2.5,"full","blocked",NA,1.93356542967423,4.36088284630205,16.2215221270722,6.71309794109522,TRUE,43.8558646492825,24.3139762681683,37
"insurance_autobi_loss","random",5,"tail","L1",0,2.5,"full","blocked",NA,1.48355882799765,3.54721315550987,14.4410006718703,4.29966978077687,TRUE,49.4692736277211,28.8077472133122,23
"insurance_autobi_loss","random",6,"tail","L1",0,2.5,"full","blocked",NA,1.64550237743014,3.88661012745639,14.941172167293,5.40667728623352,TRUE,48.9755457454853,29.0682095878078,25
"insurance_autobi_loss","random",7,"tail","L1",0,2.5,"full","blocked",NA,1.93573079887241,4.37906785700057,13.4598918971731,7.73378568429633,TRUE,37.3209735951932,25.7156321663729,35
"insurance_autobi_loss","random",8,"tail","L1",0,2.5,"full","blocked",NA,1.59929860867901,4.35615620718225,21.5266296591773,4.90696743086799,TRUE,70.9293530122698,34.8538565146527,25
"insurance_autobi_loss","random",9,"tail","L1",0,2.5,"full","blocked",NA,1.6843651541757,4.3065441767414,18.4557186994197,5.67168212144445,TRUE,59.5413419926214,32.8169260513319,26
"insurance_autobi_loss","random",10,"tail","L1",0,2.5,"full","blocked",NA,1.75402375580327,3.85802744582029,15.1061544291163,6.02623934562495,TRUE,48.5309249156888,27.129809038595,26
"insurance_autobi_loss","random",11,"tail","L1",0,2.5,"full","blocked",NA,1.95873497283137,5.62634266562166,19.5190067974572,7.16220569126805,TRUE,55.9205943179474,36.9804607305914,33
"insurance_autobi_loss","random",12,"tail","L1",0,2.5,"full","blocked",NA,1.63832076999271,2.72817370545423,8.58166174290242,4.29725617052648,TRUE,38.2057832849915,26.8390464692853,13
"insurance_autobi_loss","random",13,"tail","L1",0,2.5,"full","blocked",NA,1.80557328635064,5.25814040970394,19.7842217040874,5.70703186108118,TRUE,63.8226223982645,41.6263105483353,26
"insurance_autobi_loss","random",14,"tail","L1",0,2.5,"full","blocked",NA,1.70237021064225,4.10189584415115,19.5761759689999,5.83119525772805,TRUE,68.338854631731,33.2658368148931,22
"insurance_autobi_loss","random",15,"tail","L1",0,2.5,"full","blocked",NA,2.42218451167271,7.54603050430692,29.2339553815245,8.84328821799409,TRUE,75.3129641771356,42.958667919027,41
"insurance_autobi_loss","random",16,"tail","L1",0,2.5,"full","blocked",NA,1.71803020606593,4.85936973789478,21.2730857457821,6.13286614598783,TRUE,68.3123051033437,35.9855927858347,26
"insurance_autobi_loss","random",17,"tail","L1",0,2.5,"full","blocked",NA,1.51553067752098,2.92032433865388,9.35003270008089,3.98366098719682,TRUE,33.1721304121476,22.1969183196545,21
"insurance_autobi_loss","random",18,"tail","L1",0,2.5,"full","blocked",NA,1.85966204635926,4.03323003640801,11.0453196270781,7.12821017287757,TRUE,28.5966341299738,22.2074807289492,32
"insurance_autobi_loss","random",19,"tail","L1",0,2.5,"full","blocked",NA,1.48641843073464,3.74980785713304,13.5297408113457,4.18336314853144,TRUE,47.3047095159325,31.5857880251775,22
"insurance_autobi_loss","random",20,"tail","L1",0,2.5,"full","blocked",NA,1.65052442920296,4.3784721500434,20.1432631216901,6.08179586442213,TRUE,57.7779753176521,28.0577543092056,33
"insurance_autobi_loss","random",21,"tail","L1",0,2.5,"full","blocked",NA,1.53649947291815,2.99004095636243,8.29200491182314,4.56674601368158,TRUE,29.2582131391568,22.8739970600746,21
"insurance_autobi_loss","random",22,"tail","L1",0,2.5,"full","blocked",NA,1.69542894088021,3.64067989587267,17.5849040710606,5.57695936978434,TRUE,60.2304338295043,28.00794298681,23
"insurance_autobi_loss","random",23,"tail","L1",0,2.5,"full","blocked",NA,2.05731881861767,4.70730297926709,16.8956975912499,6.5013325601304,TRUE,46.922523496865,27.2157780119262,35
"insurance_autobi_loss","random",24,"tail","L1",0,2.5,"full","blocked",NA,1.67978102433454,3.45490702312362,10.685864324891,5.71720927092628,TRUE,34.1748415462592,23.2829776943291,26
"insurance_autobi_loss","random",25,"tail","L1",0,2.5,"full","blocked",NA,2.16650727304223,5.06661031434702,21.4217211533574,7.59596383011793,TRUE,58.697144247976,28.8803541400053,36
"insurance_autobi_loss","random",26,"tail","L1",0,2.5,"full","blocked",NA,1.49686313977678,2.99284332338408,8.07445568334744,4.68410593926824,TRUE,26.1907137285638,20.6508878889578,25
"insurance_autobi_loss","random",27,"tail","L1",0,2.5,"full","blocked",NA,1.62697146703861,3.22694896523494,12.2088065446404,5.05689687921912,TRUE,44.5525357970128,26.2596350405497,20
"insurance_autobi_loss","random",28,"tail","L1",0,2.5,"full","blocked",NA,1.5512518950378,2.93488424190885,7.47336363284627,5.36334374466221,TRUE,21.7898581808032,17.2305869472259,31
"insurance_autobi_loss","random",29,"tail","L1",0,2.5,"full","blocked",NA,1.70418875794257,5.36522988187294,23.9084462197205,5.3897594597664,TRUE,70.7949982621803,37.5309852061495,31
"insurance_autobi_loss","random",30,"tail","L1",0,2.5,"full","blocked",NA,1.82878021998902,3.35650278103331,8.88572220193988,6.2091843857579,TRUE,26.3225129612988,19.8612956253042,30
"insurance_autobi_loss","random",1,"tail","L1",1,2.5,"full","blocked",NA,1.7177325348658,4.69991580020597,20.071401887714,5.62314831976915,TRUE,64.7904041558399,36.6550446502631,26
"insurance_autobi_loss","random",2,"tail","L1",1,2.5,"full","blocked",NA,1.78257414512489,4.42024051704433,18.5869154338413,6.03304438292018,TRUE,57.7777764212628,31.4205628906167,28
"insurance_autobi_loss","random",3,"tail","L1",1,2.5,"full","blocked",NA,1.56271529296683,4.4038246215059,19.4589659233686,4.51176678146099,TRUE,77.6013609635915,49.3900061375394,17
"insurance_autobi_loss","random",4,"tail","L1",1,2.5,"full","blocked",NA,1.92559135163428,4.40602508148589,16.208957093212,6.53108154410984,TRUE,43.8145884539194,24.1568096815204,37
"insurance_autobi_loss","random",5,"tail","L1",1,2.5,"full","blocked",NA,1.47415079094819,3.53316007975239,14.4589707013285,4.4726977607046,TRUE,49.5292080663191,28.9199541474784,23
"insurance_autobi_loss","random",6,"tail","L1",1,2.5,"full","blocked",NA,1.58372756093094,3.83947049958096,14.9248051506568,4.92031006325652,TRUE,48.9902390092647,29.027449690009,25
"insurance_autobi_loss","random",7,"tail","L1",1,2.5,"full","blocked",NA,1.83976875342386,4.36406880336449,13.7056014411987,6.95027034379748,TRUE,38.058872002252,25.899559082569,35
"insurance_autobi_loss","random",8,"tail","L1",1,2.5,"full","blocked",NA,1.551678020701,4.27385117753725,21.4396523775255,4.68180343572067,TRUE,70.6496876685868,34.4516861144874,25
"insurance_autobi_loss","random",9,"tail","L1",1,2.5,"full","blocked",NA,1.77763202736533,4.35134417112384,18.4270801977423,5.61356492271875,TRUE,59.416222568886,32.4754028853631,26
"insurance_autobi_loss","random",10,"tail","L1",1,2.5,"full","blocked",NA,1.71360262460959,3.92346849194147,15.3315843747097,6.04207852091741,TRUE,49.3613954154049,28.3851044600217,26
"insurance_autobi_loss","random",11,"tail","L1",1,2.5,"full","blocked",NA,2.0865012365345,5.6454020904403,19.2936184752064,7.55172916245586,TRUE,55.1792821908043,36.2497796058014,33
"insurance_autobi_loss","random",12,"tail","L1",1,2.5,"full","blocked",NA,1.63909455245068,2.77243139002588,8.557685262164,4.56531600573312,TRUE,37.7526738665872,26.003171999821,13
"insurance_autobi_loss","random",13,"tail","L1",1,2.5,"full","blocked",NA,1.74366438814111,5.24827128379598,19.8843006575247,5.57983853075064,TRUE,64.1723224760673,42.0331463737297,26
"insurance_autobi_loss","random",14,"tail","L1",1,2.5,"full","blocked",NA,1.5583640484103,3.85245687651786,19.4179134845836,5.10489157120538,TRUE,68.1144767782992,32.4889690530198,22
"insurance_autobi_loss","random",15,"tail","L1",1,2.5,"full","blocked",NA,2.36395220370729,7.53004567309177,29.2228374665955,8.75087300785068,TRUE,75.282543451231,42.7144448168534,41
"insurance_autobi_loss","random",16,"tail","L1",1,2.5,"full","blocked",NA,1.58235027897665,4.64193164472057,21.3146015860352,5.37943610662609,TRUE,68.8726035176224,36.9425064461,26
"insurance_autobi_loss","random",17,"tail","L1",1,2.5,"full","blocked",NA,1.48497631503931,2.8965036779417,9.38702955731524,3.9655795885067,TRUE,33.3222966509606,22.4687734811564,21
"insurance_autobi_loss","random",18,"tail","L1",1,2.5,"full","blocked",NA,1.80291594634286,3.64274627544127,9.71852647855424,6.25081655772505,TRUE,27.9906443246544,21.2146782874532,32
"insurance_autobi_loss","random",19,"tail","L1",1,2.5,"full","blocked",NA,1.51290222708772,3.81903380087789,13.9957233787926,4.53654686696015,TRUE,48.9271865116666,32.52887221517,22
"insurance_autobi_loss","random",20,"tail","L1",1,2.5,"full","blocked",NA,1.54973350413046,4.41093903751263,20.3900061062436,5.17658888821849,TRUE,58.5157451348114,28.3534801934883,33
"insurance_autobi_loss","random",21,"tail","L1",1,2.5,"full","blocked",NA,1.7410732849043,3.24556915107936,8.43219561744563,5.48140929706529,TRUE,28.9818107581316,22.2448362845472,21
"insurance_autobi_loss","random",22,"tail","L1",1,2.5,"full","blocked",NA,1.70167223819265,3.644959880278,17.6207572108203,5.56166280131675,TRUE,60.3149488828386,28.1340404203897,23
"insurance_autobi_loss","random",23,"tail","L1",1,2.5,"full","blocked",NA,1.94176365063137,4.67631700102773,16.9501892416433,6.84289105378446,TRUE,47.1249582029696,27.6499473786919,35
"insurance_autobi_loss","random",24,"tail","L1",1,2.5,"full","blocked",NA,1.75538022365811,3.47056174105923,10.6847105118881,6.11036647893736,TRUE,34.0748693692713,23.1517667752383,26
"insurance_autobi_loss","random",25,"tail","L1",1,2.5,"full","blocked",NA,2.00510715856164,4.92556241652309,21.3481540297337,6.89758855223639,TRUE,58.6205351468057,28.8586130785225,36
"insurance_autobi_loss","random",26,"tail","L1",1,2.5,"full","blocked",NA,1.45336869335287,3.00774545567072,8.12179113542556,4.75187273385812,TRUE,26.3739737355753,20.8442855235796,25
"insurance_autobi_loss","random",27,"tail","L1",1,2.5,"full","blocked",NA,1.61276758146585,3.32567716858868,12.3801840379914,4.98881537835815,TRUE,44.5940216024903,26.3337824352876,20
"insurance_autobi_loss","random",28,"tail","L1",1,2.5,"full","blocked",NA,1.61978796301164,3.08852706897779,7.82221629951671,6.0616750832972,TRUE,21.8802107385715,17.3717752817287,31
"insurance_autobi_loss","random",29,"tail","L1",1,2.5,"full","blocked",NA,1.69986052698846,5.36497213911884,23.9521602234288,5.41422199835741,TRUE,70.9308690710541,37.7954621285262,31
"insurance_autobi_loss","random",30,"tail","L1",1,2.5,"full","blocked",NA,1.82030675049458,3.33932427152538,8.83949764325809,6.39224003843484,TRUE,26.1864225860932,19.7991486030986,30
"insurance_autobi_loss","random",1,"tail","L1",2,2.5,"full","blocked",NA,1.76091519551271,4.75886225793514,20.1240677061309,5.66303890983209,TRUE,64.9228210575679,36.8331989702911,26
"insurance_autobi_loss","random",2,"tail","L1",2,2.5,"full","blocked",NA,1.77729941216146,4.55607204950037,18.7013420051315,6.01705344822472,TRUE,57.7934632331731,31.5871586727584,28
"insurance_autobi_loss","random",3,"tail","L1",2,2.5,"full","blocked",NA,1.54903400981275,4.36784145182971,19.2832559842875,4.32082836328315,TRUE,76.9206707088829,48.8905663407888,17
"insurance_autobi_loss","random",4,"tail","L1",2,2.5,"full","blocked",NA,1.92001991803537,4.37773604485659,16.1975843503687,6.71018745351433,TRUE,43.783144064681,24.1333698035524,37
"insurance_autobi_loss","random",5,"tail","L1",2,2.5,"full","blocked",NA,1.46989618563162,3.51011817668602,14.3437728083698,4.43651531861667,TRUE,49.1321614737197,28.7524168702175,23
"insurance_autobi_loss","random",6,"tail","L1",2,2.5,"full","blocked",NA,1.64904527110394,3.97232368645744,15.0101053820616,5.42852510697342,TRUE,48.9575013459002,29.2502047674254,25
"insurance_autobi_loss","random",7,"tail","L1",2,2.5,"full","blocked",NA,1.89286214609003,4.32025428003879,13.3306799784848,7.56813067411771,TRUE,36.9713356352218,25.4602433677547,35
"insurance_autobi_loss","random",8,"tail","L1",2,2.5,"full","blocked",NA,1.60357002524474,4.29631355593394,21.3833836108986,4.48954354757148,TRUE,70.4483561669715,34.2352444462135,25
"insurance_autobi_loss","random",9,"tail","L1",2,2.5,"full","blocked",NA,1.72711732279061,4.31710793517958,18.4991379227201,5.86808354462667,TRUE,59.6677555033007,32.9594692304305,26
"insurance_autobi_loss","random",10,"tail","L1",2,2.5,"full","blocked",NA,1.84832291133441,3.97189378652099,15.3199716246739,7.07923238157241,TRUE,49.2261778605943,28.0846215963557,26
"insurance_autobi_loss","random",11,"tail","L1",2,2.5,"full","blocked",NA,2.11504560362788,5.86443984809078,19.6568506103984,7.43401525810135,TRUE,55.8084276090461,36.5670897340153,33
"insurance_autobi_loss","random",12,"tail","L1",2,2.5,"full","blocked",NA,1.59844702008731,2.78006877122671,8.64429652599692,4.23954894273659,TRUE,38.4470249552943,27.1297441973656,13
"insurance_autobi_loss","random",13,"tail","L1",2,2.5,"full","blocked",NA,1.72434011939839,5.23016388951202,19.8963286651441,5.66173743383833,TRUE,64.2147950911344,42.0237669441721,26
"insurance_autobi_loss","random",14,"tail","L1",2,2.5,"full","blocked",NA,1.54622855189742,3.99489885503666,19.5480025906012,5.40889073900289,TRUE,68.3027800785412,33.1747189789833,22
"insurance_autobi_loss","random",15,"tail","L1",2,2.5,"full","blocked",NA,2.38891285656709,7.52580402242022,29.2105336653259,8.67320661394819,TRUE,75.246310968586,42.7120922989933,41
"insurance_autobi_loss","random",16,"tail","L1",2,2.5,"full","blocked",NA,1.80206507904422,4.92556362460827,21.2924605378866,5.89270743594234,TRUE,68.1658203308794,35.5487823075076,26
"insurance_autobi_loss","random",17,"tail","L1",2,2.5,"full","blocked",NA,1.69581262813721,3.16277620355332,9.48066713325611,5.52226793633565,TRUE,32.618905103285,21.3503494150858,21
"insurance_autobi_loss","random",18,"tail","L1",2,2.5,"full","blocked",NA,1.84808353129909,3.90003829672481,10.2027183548834,7.88564197601581,TRUE,28.7027326209306,22.3939874297111,32
"insurance_autobi_loss","random",19,"tail","L1",2,2.5,"full","blocked",NA,1.56266466599759,3.86737249473441,14.0140264286468,4.55294420479268,TRUE,48.9934979923287,32.7994636183113,22
"insurance_autobi_loss","random",20,"tail","L1",2,2.5,"full","blocked",NA,1.54344402055855,4.37762042826887,20.4199375178831,5.56235688068856,TRUE,58.6055754028238,28.4679844481075,33
"insurance_autobi_loss","random",21,"tail","L1",2,2.5,"full","blocked",NA,1.65445138128026,3.06136257738769,8.26606362055591,4.41086715027698,TRUE,29.0893017224175,22.6678896558112,21
"insurance_autobi_loss","random",22,"tail","L1",2,2.5,"full","blocked",NA,1.65719122325055,3.60253624746329,17.5919099659276,5.61241128865203,TRUE,60.2871761236513,28.0697490382436,23
"insurance_autobi_loss","random",23,"tail","L1",2,2.5,"full","blocked",NA,2.230910868512,5.09378683826569,17.2034661733036,9.02714396164914,TRUE,47.322731920542,28.4434600619706,35
"insurance_autobi_loss","random",24,"tail","L1",2,2.5,"full","blocked",NA,1.7478154349928,3.52280372255965,10.7441422400528,6.03059483576389,TRUE,34.1952742971471,23.2796997835185,26
"insurance_autobi_loss","random",25,"tail","L1",2,2.5,"full","blocked",NA,2.12866612807013,4.94043325282064,21.3869063445359,7.6659143884686,TRUE,58.6873481471687,28.750069044122,36
"insurance_autobi_loss","random",26,"tail","L1",2,2.5,"full","blocked",NA,1.48577892458222,3.01955495843534,8.12538497868533,4.5313830765517,TRUE,26.3658802506571,20.8775636503368,25
"insurance_autobi_loss","random",27,"tail","L1",2,2.5,"full","blocked",NA,1.66924916080768,3.49989861772751,12.5011194290864,5.21174836638238,TRUE,44.9368588621819,27.2940914021036,20
"insurance_autobi_loss","random",28,"tail","L1",2,2.5,"full","blocked",NA,1.61160773445629,2.96482294332748,7.42446633625047,5.07911308003027,TRUE,21.5577164966004,16.886698508127,31
"insurance_autobi_loss","random",29,"tail","L1",2,2.5,"full","blocked",NA,1.67829570577344,5.41225992101009,23.9473235960779,5.5439188135672,TRUE,70.9160120038108,37.7033658988522,31
"insurance_autobi_loss","random",30,"tail","L1",2,2.5,"full","blocked",NA,1.79587595967863,3.38089006995145,8.77262315281246,6.56656300444185,TRUE,25.1184927113597,18.984943416845,30
"insurance_autobi_loss","random",1,"tail","auto-valgate",0,2.5,"full","blocked",NA,1.79772414479325,4.80768071124353,20.1187902052338,5.74391803323631,TRUE,64.8444453362991,36.0756141576053,26
"insurance_autobi_loss","random",2,"tail","auto-valgate",0,2.5,"full","blocked",NA,1.63410768673906,4.37231786231934,18.628909615287,5.4744750777042,TRUE,57.9574906630307,31.7067492279803,28
"insurance_autobi_loss","random",3,"tail","auto-valgate",0,2.5,"full","blocked",NA,1.60821604413024,4.41910245239843,19.4515460841819,4.56409014162555,TRUE,77.5575702690747,49.1990754010326,17
"insurance_autobi_loss","random",4,"tail","auto-valgate",0,2.5,"full","blocked",NA,1.87629506345045,4.37788393005414,16.2730688540823,6.48632347774214,TRUE,44.0144342909038,24.3947595267524,37
"insurance_autobi_loss","random",5,"tail","auto-valgate",0,2.5,"full","blocked",NA,1.41072172734,3.53135219763408,14.4719238960671,4.29297757425628,TRUE,49.5974448561152,29.1875802837955,23
"insurance_autobi_loss","random",6,"tail","auto-valgate",0,2.5,"full","blocked",NA,1.52810527469866,3.83665267770552,14.9362215068413,4.78336307746051,TRUE,49.0789760149313,29.3957354391713,25
"insurance_autobi_loss","random",7,"tail","auto-valgate",0,2.5,"full","blocked",NA,1.83924174123107,4.38068491555333,13.8229161782447,7.0109524798506,TRUE,38.3964214418454,26.2705287288922,35
"insurance_autobi_loss","random",8,"tail","auto-valgate",0,2.5,"full","blocked",NA,1.49427218123754,4.29812332171492,21.4965487658735,5.13638431540492,TRUE,70.8518435263902,34.8357689535364,25
"insurance_autobi_loss","random",9,"tail","auto-valgate",0,2.5,"full","blocked",NA,1.69421935916635,4.32744481661059,18.4904466520325,5.77585908793592,TRUE,59.6562127126854,33.0013534767484,26
"insurance_autobi_loss","random",10,"tail","auto-valgate",0,2.5,"full","blocked",NA,1.6657613567023,3.91633019128743,15.3613446542281,5.7085221955963,TRUE,49.4786808915236,28.4841331337607,26
"insurance_autobi_loss","random",11,"tail","auto-valgate",0,2.5,"full","blocked",NA,1.88284944111678,5.59693932445034,19.3710046356144,6.35351025278976,TRUE,55.5064564594495,36.3873353481777,33
"insurance_autobi_loss","random",12,"tail","auto-valgate",0,2.5,"full","blocked",NA,1.53763476026297,2.69541883329077,8.5809496048141,4.12722437073819,TRUE,38.3210818228925,27.0076798913899,13
"insurance_autobi_loss","random",13,"tail","auto-valgate",0,2.5,"full","blocked",NA,1.7246553884729,5.23606020470423,19.8987505305661,5.83552473322216,TRUE,64.2288684191994,42.1499918243536,26
"insurance_autobi_loss","random",14,"tail","auto-valgate",0,2.5,"full","blocked",NA,1.49840380257947,3.8308983149774,19.4312342575176,4.89244823736585,TRUE,68.1979308405226,32.6725281992751,22
"insurance_autobi_loss","random",15,"tail","auto-valgate",0,2.5,"full","blocked",NA,2.35122308748366,7.54093538387515,29.2054583409271,8.72598820720863,TRUE,75.2600500122062,43.0313514050667,41
"insurance_autobi_loss","random",16,"tail","auto-valgate",0,2.5,"full","blocked",NA,1.63019983894712,4.70639875381215,21.2768368247504,5.37723339468701,TRUE,68.7331803091716,36.5861795362414,26
"insurance_autobi_loss","random",17,"tail","auto-valgate",0,2.5,"full","blocked",NA,1.66045509424709,3.41979056464305,10.1731263609795,5.80738951664855,TRUE,33.3837698531664,22.5523274155827,21
"insurance_autobi_loss","random",18,"tail","auto-valgate",0,2.5,"full","blocked",NA,1.72096173059655,3.77146208679199,10.049824524138,7.27766420739074,TRUE,28.8086031104469,22.4585387916616,32
"insurance_autobi_loss","random",19,"tail","auto-valgate",0,2.5,"full","blocked",NA,1.55644273407706,3.84488630248381,13.8224275758858,4.17082837799706,TRUE,48.3055896689783,31.7727166777499,22
"insurance_autobi_loss","random",20,"tail","auto-valgate",0,2.5,"full","blocked",NA,1.60570950126038,4.48775562821584,20.5050711270271,6.09786617139688,TRUE,58.8495369517941,28.9499414676732,33
"insurance_autobi_loss","random",21,"tail","auto-valgate",0,2.5,"full","blocked",NA,1.51224739450393,2.97583419238728,8.33854249641177,4.62449493543412,TRUE,29.4374074527897,22.9666000767075,21
"insurance_autobi_loss","random",22,"tail","auto-valgate",0,2.5,"full","blocked",NA,1.6201336892158,3.58213188604916,17.5838957034183,5.30089665452994,TRUE,60.2762719979702,28.0017458140061,23
"insurance_autobi_loss","random",23,"tail","auto-valgate",0,2.5,"full","blocked",NA,1.94343142851185,4.70392509288284,17.0202932502067,6.98633998702911,TRUE,47.3298220453593,27.996895068697,35
"insurance_autobi_loss","random",24,"tail","auto-valgate",0,2.5,"full","blocked",NA,1.67641465240969,3.46091917241225,10.7668236415625,5.90070741410444,TRUE,34.4515903283892,23.6421723038572,26
"insurance_autobi_loss","random",25,"tail","auto-valgate",0,2.5,"full","blocked",NA,2.01483872760327,4.94319430236808,21.378347680928,7.40732536021331,TRUE,58.6095577763362,28.7677804915371,36
"insurance_autobi_loss","random",26,"tail","auto-valgate",0,2.5,"full","blocked",NA,1.4529872549538,3.02626486152239,8.16267185314529,4.62913971991146,TRUE,26.5144521731086,21.030872168984,25
"insurance_autobi_loss","random",27,"tail","auto-valgate",0,2.5,"full","blocked",NA,1.58646887179943,3.22925607937636,12.1966454153084,4.36254123997561,TRUE,44.5956553525347,26.5041638626228,20
"insurance_autobi_loss","random",28,"tail","auto-valgate",0,2.5,"full","blocked",NA,1.57677280431952,4.44037249225192,25.5036918447925,5.84578443882755,TRUE,21.9062202013633,17.4004710288857,31
"insurance_autobi_loss","random",29,"tail","auto-valgate",0,2.5,"full","blocked",NA,1.63130781192427,5.3982638049573,23.9510689703817,5.644751636591,TRUE,70.9448102189753,37.9522355497036,31
"insurance_autobi_loss","random",30,"tail","auto-valgate",0,2.5,"full","blocked",NA,1.87885917941433,3.35606547660143,8.62072659201535,6.33479758568426,TRUE,25.4686779148295,19.0452493273196,30
"insurance_autobi_loss","random",1,"tail","auto-valgate",1,2.5,"full","blocked",NA,1.70064625853513,4.80609009734005,20.1875524553469,5.68231768877363,TRUE,65.1654664128795,37.2946048244994,26
"insurance_autobi_loss","random",2,"tail","auto-valgate",1,2.5,"full","blocked",NA,1.83278409606769,4.48310526671099,18.5170838865637,5.60151604257537,TRUE,57.5244622282897,30.9000369493185,28
"insurance_autobi_loss","random",3,"tail","auto-valgate",1,2.5,"full","blocked",NA,1.46585771062574,4.3519599957599,19.4718898906797,4.2998774424739,TRUE,77.7147846928058,49.7388611713294,17
"insurance_autobi_loss","random",4,"tail","auto-valgate",1,2.5,"full","blocked",NA,2.16385172298247,6.17433849792079,21.3438124517626,7.90207226563926,TRUE,45.6632876617591,25.4529873681591,37
"insurance_autobi_loss","random",5,"tail","auto-valgate",1,2.5,"full","blocked",NA,1.46501807406971,3.5118368411529,14.3834977713021,4.29109639709391,TRUE,49.2726952111647,28.6509075595555,23
"insurance_autobi_loss","random",6,"tail","auto-valgate",1,2.5,"full","blocked",NA,1.62113406566176,4.15375189341338,15.3350311290689,5.50573725486473,TRUE,49.3347373721445,30.1143673516157,25
"insurance_autobi_loss","random",7,"tail","auto-valgate",1,2.5,"full","blocked",NA,1.82622242400165,4.38495608331885,13.8347479236385,6.81955294002708,TRUE,38.4314011730014,26.2108997130254,35
"insurance_autobi_loss","random",8,"tail","auto-valgate",1,2.5,"full","blocked",NA,1.61567051963936,4.33480593167871,21.3712796236624,4.47952365918876,TRUE,70.4108924129977,34.0662025151565,25
"insurance_autobi_loss","random",9,"tail","auto-valgate",1,2.5,"full","blocked",NA,1.65178635961585,4.33182443352197,18.5040890116372,5.55820264192192,TRUE,59.7152894034467,33.1029481957823,26
"insurance_autobi_loss","random",10,"tail","auto-valgate",1,2.5,"full","blocked",NA,1.67974222687582,3.90889352347085,15.3379110208759,5.78578311964509,TRUE,49.3950158984517,28.3176115007791,26
"insurance_autobi_loss","random",11,"tail","auto-valgate",1,2.5,"full","blocked",NA,1.90325110306689,5.66956902371378,19.6001433768721,6.70023122956477,TRUE,56.1691967562072,37.2460769598442,33
"insurance_autobi_loss","random",12,"tail","auto-valgate",1,2.5,"full","blocked",NA,1.57107102177396,2.68912915438858,8.53547409966279,4.21940619945383,TRUE,38.0760856351538,26.3572325805382,13
"insurance_autobi_loss","random",13,"tail","auto-valgate",1,2.5,"full","blocked",NA,1.84226869009923,5.3079561773849,19.8264339720117,6.44015770009086,TRUE,63.8806560645187,41.4871302301276,26
"insurance_autobi_loss","random",14,"tail","auto-valgate",1,2.5,"full","blocked",NA,1.51898889100552,4.05040296400794,19.624349173394,5.31731839672905,TRUE,68.419278579774,33.5127839446379,22
"insurance_autobi_loss","random",15,"tail","auto-valgate",1,2.5,"full","blocked",NA,2.37850762486302,7.55952070080023,29.256224058832,8.61710153890026,TRUE,75.3824788096041,43.0388622468905,41
"insurance_autobi_loss","random",16,"tail","auto-valgate",1,2.5,"full","blocked",NA,1.54781966831945,4.69131834585646,21.3772891296561,5.27468700823493,TRUE,69.0874397956495,37.1115335467416,26
"insurance_autobi_loss","random",17,"tail","auto-valgate",1,2.5,"full","blocked",NA,1.76740567244872,3.52941261417483,10.14904692275,5.54470200513592,TRUE,33.3418977664163,22.022216741016,21
"insurance_autobi_loss","random",18,"tail","auto-valgate",1,2.5,"full","blocked",NA,1.81955139736048,3.91997324406424,10.3557825238165,7.79279002362484,TRUE,28.9784906635412,22.6950785597377,32
"insurance_autobi_loss","random",19,"tail","auto-valgate",1,2.5,"full","blocked",NA,1.49786507738012,3.8254237910065,13.9840085539554,4.33421886482652,TRUE,48.9174438055819,32.6813095752836,22
"insurance_autobi_loss","random",20,"tail","auto-valgate",1,2.5,"full","blocked",NA,1.55903545910339,4.44030061622459,20.4764862257981,5.86301128327424,TRUE,58.771219100201,28.7183025570019,33
"insurance_autobi_loss","random",21,"tail","auto-valgate",1,2.5,"full","blocked",NA,1.48635423718274,2.97948427529626,8.33226222349821,4.29071731694114,TRUE,29.4489347501531,23.105155864492,21
"insurance_autobi_loss","random",22,"tail","auto-valgate",1,2.5,"full","blocked",NA,1.56311649727807,3.56201342426309,17.6035819763997,5.2293773359607,TRUE,60.364387793592,28.1695321133435,23
"insurance_autobi_loss","random",23,"tail","auto-valgate",1,2.5,"full","blocked",NA,1.89114968624706,4.66484190675055,16.8483785682062,6.22067257574588,TRUE,46.83080179948,27.0958843208018,35
"insurance_autobi_loss","random",24,"tail","auto-valgate",1,2.5,"full","blocked",NA,1.81602638919649,3.59289287127297,10.7195137694311,5.79935664491476,TRUE,34.19009588996,23.3150412120602,26
"insurance_autobi_loss","random",25,"tail","auto-valgate",1,2.5,"full","blocked",NA,1.92849773662459,4.88700664873925,21.4664379415962,6.92273676569953,TRUE,58.9717513116378,29.1883395400621,36
"insurance_autobi_loss","random",26,"tail","auto-valgate",1,2.5,"full","blocked",NA,1.50476942229696,3.06811235134596,8.10777420786174,5.03551184316194,TRUE,26.2302383849855,20.6844861222802,25
"insurance_autobi_loss","random",27,"tail","auto-valgate",1,2.5,"full","blocked",NA,1.6590736004253,3.238745305051,12.1591774140831,4.96721209643491,TRUE,44.3219665415229,25.5374889398353,20
"insurance_autobi_loss","random",28,"tail","auto-valgate",1,2.5,"full","blocked",NA,1.7219048305076,3.25616960190514,7.88707149024032,6.39296015922361,TRUE,21.9021876643124,17.4337994246541,31
"insurance_autobi_loss","random",29,"tail","auto-valgate",1,2.5,"full","blocked",NA,1.64643731700103,5.35695935470434,23.994102060373,5.48759038816284,TRUE,71.0717435669973,38.0945503909834,31
"insurance_autobi_loss","random",30,"tail","auto-valgate",1,2.5,"full","blocked",NA,1.72384607620168,3.33044822589649,8.94933948665053,6.55682241914441,TRUE,26.5841969360536,20.100802808544,30
"insurance_autobi_loss","random",1,"tail","auto-valgate",2,2.5,"full","blocked",NA,1.68044348052845,4.73324846645037,20.1240864391123,5.38716345803223,TRUE,64.9547205402515,36.7751722826899,26
"insurance_autobi_loss","random",2,"tail","auto-valgate",2,2.5,"full","blocked",NA,1.62111763719697,4.37120645820789,18.6471491154604,5.48686530230852,TRUE,58.0192952224975,31.8349499959165,28
"insurance_autobi_loss","random",3,"tail","auto-valgate",2,2.5,"full","blocked",NA,1.59930157024161,4.49545978398118,19.6448876546558,4.4472889232636,TRUE,78.3738800441515,50.0305899499008,17
"insurance_autobi_loss","random",4,"tail","auto-valgate",2,2.5,"full","blocked",NA,1.88804169228807,4.39333854973832,16.2695375589154,6.56088166704593,TRUE,44.0045515863208,24.4463649051181,37
"insurance_autobi_loss","random",5,"tail","auto-valgate",2,2.5,"full","blocked",NA,1.44763488305419,3.53264659256278,14.3994131393364,4.10448726405942,TRUE,49.3405332179721,28.6375799838039,23
"insurance_autobi_loss","random",6,"tail","auto-valgate",2,2.5,"full","blocked",NA,1.50614108879668,3.83445458508585,14.9701673718371,4.82962318098834,TRUE,49.198483829126,29.5361579081046,25
"insurance_autobi_loss","random",7,"tail","auto-valgate",2,2.5,"full","blocked",NA,1.94411040827739,4.48585061893761,13.7422998760556,6.86245084807496,TRUE,38.1227031092072,25.837165624423,35
"insurance_autobi_loss","random",8,"tail","auto-valgate",2,2.5,"full","blocked",NA,1.51442058380235,4.33387534009433,21.49463060092,4.96003044455703,TRUE,70.8262432279818,34.7495269357048,25
"insurance_autobi_loss","random",9,"tail","auto-valgate",2,2.5,"full","blocked",NA,1.66856104413247,4.31803949524838,18.4774018364697,5.40313479083327,TRUE,59.6209124186843,32.8973141282662,26
"insurance_autobi_loss","random",10,"tail","auto-valgate",2,2.5,"full","blocked",NA,1.82979174696429,4.04314228608257,15.3262533326412,5.73729471552347,TRUE,49.3112756447725,28.1724062535922,26
"insurance_autobi_loss","random",11,"tail","auto-valgate",2,2.5,"full","blocked",NA,1.97831457691451,5.67133922262353,19.5516356922527,6.85789526496815,TRUE,56.0140930690696,37.079579945777,33
"insurance_autobi_loss","random",12,"tail","auto-valgate",2,2.5,"full","blocked",NA,1.5920744907543,2.74235464967612,8.54316841754953,4.08491499671584,TRUE,38.1322763048913,26.7431802972771,13
"insurance_autobi_loss","random",13,"tail","auto-valgate",2,2.5,"full","blocked",NA,1.7170277810809,5.21173172098074,19.6146901599766,5.63259745988409,TRUE,63.302424071525,41.6923382615545,26
"insurance_autobi_loss","random",14,"tail","auto-valgate",2,2.5,"full","blocked",NA,1.63552210404275,4.29434726546088,20.0166970044393,5.51495030945883,TRUE,68.3241977007965,33.3246457512086,22
"insurance_autobi_loss","random",15,"tail","auto-valgate",2,2.5,"full","blocked",NA,2.35901009529563,7.54474744663847,29.3089092743198,9.06623737497372,TRUE,75.5319823005613,43.3984338425708,41
"insurance_autobi_loss","random",16,"tail","auto-valgate",2,2.5,"full","blocked",NA,1.73290931340389,5.0189235922099,21.5900239483463,6.54331043840758,TRUE,68.2749694861656,35.214380790204,26
"insurance_autobi_loss","random",17,"tail","auto-valgate",2,2.5,"full","blocked",NA,1.6376916348829,3.01000249802521,9.35431659462808,5.27062967694991,TRUE,33.0462264748777,22.0989756830425,21
"insurance_autobi_loss","random",18,"tail","auto-valgate",2,2.5,"full","blocked",NA,1.77994682845479,3.72514410564269,9.84379350618918,7.08438103275363,TRUE,28.295463145511,21.6354402224168,32
"insurance_autobi_loss","random",19,"tail","auto-valgate",2,2.5,"full","blocked",NA,1.46415414669614,3.85878881452334,14.0841014633972,4.85145676029193,TRUE,49.1881059387116,33.0802245411401,22
"insurance_autobi_loss","random",20,"tail","auto-valgate",2,2.5,"full","blocked",NA,1.57278910581979,4.45154774819323,20.4870058617778,5.91832055303243,TRUE,58.8025757547336,28.8539222499778,33
"insurance_autobi_loss","random",21,"tail","auto-valgate",2,2.5,"full","blocked",NA,1.62081189228562,3.56346766438179,10.5209554941133,5.02522969147881,TRUE,29.3245834988499,22.9065799997869,21
"insurance_autobi_loss","random",22,"tail","auto-valgate",2,2.5,"full","blocked",NA,1.69995543781949,3.64766023878767,17.5554556236782,5.31740997914392,TRUE,60.1372698982575,27.7613879877665,23
"insurance_autobi_loss","random",23,"tail","auto-valgate",2,2.5,"full","blocked",NA,1.9705785821518,4.68058519258419,16.9820050449275,6.72482175810126,TRUE,47.2058371034603,27.6865819840724,35
"insurance_autobi_loss","random",24,"tail","auto-valgate",2,2.5,"full","blocked",NA,1.67418712620177,3.4650735026171,10.7505650048368,5.88789205463982,TRUE,34.3989185410933,23.5768089426622,26
"insurance_autobi_loss","random",25,"tail","auto-valgate",2,2.5,"full","blocked",NA,1.92035224740069,4.88057408374228,21.3303069677962,6.51837253588019,TRUE,58.5840730439611,28.6485816654311,36
"insurance_autobi_loss","random",26,"tail","auto-valgate",2,2.5,"full","blocked",NA,1.57870231721344,3.03605909277293,7.9180319922662,4.36658776850321,TRUE,25.4785169715707,19.2374986155062,25
"insurance_autobi_loss","random",27,"tail","auto-valgate",2,2.5,"full","blocked",NA,1.52220733197153,3.21126376257613,12.2522298591166,4.65089345415842,TRUE,44.8237504562737,26.9046748316343,20
"insurance_autobi_loss","random",28,"tail","auto-valgate",2,2.5,"full","blocked",NA,1.50160892604304,2.95027393090212,7.48897460268224,5.23142287343087,TRUE,21.8712936493181,17.3682420105728,31
"insurance_autobi_loss","random",29,"tail","auto-valgate",2,2.5,"full","blocked",NA,1.65820341574056,5.39438742575689,23.915607458051,5.42788020116887,TRUE,70.8343582432691,37.7461934118096,31
"insurance_autobi_loss","random",30,"tail","auto-valgate",2,2.5,"full","blocked",NA,1.86182762907665,3.40816076876649,8.63759281025359,5.62201517064812,TRUE,25.5157802442057,19.1155039281449,30
"fremtpl2_severity_raw","random",1,"tail","LSE",0,2.5,"full","blocked",NA,1531.02426178106,3565.39087627032,44914.5668370008,3418.61577667601,TRUE,140535.963442685,22390.7592831652,102
"fremtpl2_severity_raw","random",2,"tail","LSE",0,2.5,"full","blocked",NA,2588.06293633164,3344.2420092836,10522.3785660174,3725.30932278481,TRUE,33596.2701127289,10360.5888552986,92
"fremtpl2_severity_raw","random",3,"tail","LSE",0,2.5,"full","blocked",NA,1506.37542401434,4824.25840921754,60823.2059240764,3183.63019767788,TRUE,192241.821638535,34949.9757257598,100
"fremtpl2_severity_raw","random",4,"tail","LSE",0,2.5,"full","blocked",NA,2989.76707341934,3297.45748519251,6863.45201027706,6776.24051281331,TRUE,18889.3507154214,7509.58105076217,99
"fremtpl2_severity_raw","random",5,"tail","LSE",0,2.5,"full","blocked",NA,1905.77840284314,4364.7386893246,18699.6448216451,5216.06202855027,TRUE,52427.28050913,18170.2641966332,101
"fremtpl2_severity_raw","random",6,"tail","LSE",0,2.5,"full","blocked",NA,2700.95546950728,3729.29995816388,11959.6933792435,4386.08306521739,TRUE,34760.9185992768,11373.0441812334,112
"fremtpl2_severity_raw","random",7,"tail","LSE",0,2.5,"full","blocked",NA,1836.48256068589,3975.52297523416,44953.3499247395,3634.15278924363,TRUE,130722.006629791,19899.9669222263,118
"fremtpl2_severity_raw","random",8,"tail","LSE",0,2.5,"full","blocked",NA,2337.94422464417,4016.15104563737,12607.6011024364,7330.50279846089,TRUE,32259.2444461334,12238.6421485506,129
"fremtpl2_severity_raw","random",9,"tail","LSE",0,2.5,"full","blocked",NA,1479.5587145343,2186.71706056986,7810.77006577681,3211.22768312103,TRUE,22790.8271376111,8021.24847050343,112
"fremtpl2_severity_raw","random",10,"tail","LSE",0,2.5,"full","blocked",NA,1292.84920272441,3616.27661976878,42652.8459640832,2677.63568550718,TRUE,126268.043011903,22363.6336202768,114
"fremtpl2_severity_raw","random",11,"tail","LSE",0,2.5,"full","blocked",NA,2090.69199997846,4115.01472584845,44974.9122323853,3415.81123607039,TRUE,133646.237030118,20425.4834589973,113
"fremtpl2_severity_raw","random",12,"tail","LSE",0,2.5,"full","blocked",NA,1939.45465246131,4031.92921704909,14036.3319835574,5860.55633022848,TRUE,35784.1483326423,11517.154294724,115
"fremtpl2_severity_raw","random",13,"tail","LSE",0,2.5,"full","blocked",NA,1697.75432789935,4760.66725658147,60503.2594511869,3169.99071014515,TRUE,187532.725185028,31578.934334191,104
"fremtpl2_severity_raw","random",14,"tail","LSE",0,2.5,"full","blocked",NA,2298.35709823942,4499.57162138756,45570.2334354584,3409.81671066705,TRUE,142504.80741464,23891.7279240592,102
"fremtpl2_severity_raw","random",15,"tail","LSE",0,2.5,"full","blocked",NA,2038.85684047364,5015.82181366253,18810.3986491066,5959.6432730722,TRUE,30605.6551343233,14587.2350090613,86
"fremtpl2_severity_raw","random",16,"tail","LSE",0,2.5,"full","blocked",NA,3047.7069945916,5273.61732856901,17008.6063735106,7066.82722089857,TRUE,43573.6349537425,17210.9245795635,96
"fremtpl2_severity_raw","random",17,"tail","LSE",0,2.5,"full","blocked",NA,1297.11265992616,4868.47870977972,61163.6725095992,3434.10601829924,TRUE,193328.162671922,36802.1875094649,100
"fremtpl2_severity_raw","random",18,"tail","LSE",0,2.5,"full","blocked",NA,2187.30552800947,4597.27597749373,45682.2391848399,3514.38057015591,TRUE,136343.49594214,23658.2287490729,112
"fremtpl2_severity_raw","random",19,"tail","LSE",0,2.5,"full","blocked",NA,2303.12109041009,4585.59371599863,42405.1623063951,3686.48335468566,TRUE,130045.602230066,23773.6769190256,106
"fremtpl2_severity_raw","random",20,"tail","LSE",0,2.5,"full","blocked",NA,2161.04928135695,3974.91616796359,44659.4448205193,5268.36731171225,TRUE,152904.125442307,23377.1414577311,85
"fremtpl2_severity_raw","random",21,"tail","LSE",0,2.5,"full","blocked",NA,2339.01420020782,4670.05244799171,43022.2802689834,6167.0828903151,TRUE,123257.346940092,21769.3364220793,119
"fremtpl2_severity_raw","random",22,"tail","LSE",0,2.5,"full","blocked",NA,2915.51020552642,3599.81567970468,10944.682840149,4036.62165394402,TRUE,33167.940209873,8994.80946928676,101
"fremtpl2_severity_raw","random",23,"tail","LSE",0,2.5,"full","blocked",NA,2384.32995717734,4652.21455464796,16370.2495264279,7983.72720928881,TRUE,46269.954050481,17965.5592788592,106
"fremtpl2_severity_raw","random",24,"tail","LSE",0,2.5,"full","blocked",NA,1635.82231613753,3877.94093057772,45208.5011266469,3509.19391342635,TRUE,142039.695970287,22746.0091997638,101
"fremtpl2_severity_raw","random",25,"tail","LSE",0,2.5,"full","blocked",NA,2293.28046964567,4470.14188902365,15204.3044071857,5996.66642073944,TRUE,35914.3905618119,14098.1837612591,99
"fremtpl2_severity_raw","random",26,"tail","LSE",0,2.5,"full","blocked",NA,1419.46727227174,3688.03350649757,44898.2804554775,2989.58732387653,TRUE,132741.02969343,21545.5410361539,114
"fremtpl2_severity_raw","random",27,"tail","LSE",0,2.5,"full","blocked",NA,2978.26195759918,3622.23973610293,9563.80461656259,4445.52925842696,TRUE,29609.6667938205,10319.610391137,94
"fremtpl2_severity_raw","random",28,"tail","LSE",0,2.5,"full","blocked",NA,2141.79295399445,4238.5558609144,42273.9060537953,4099.72405108462,TRUE,139170.011125855,25659.07978211,92
"fremtpl2_severity_raw","random",29,"tail","LSE",0,2.5,"full","blocked",NA,2261.26797779818,3796.07828665331,12083.2621861129,6735.09762858908,TRUE,37252.7525562485,13717.6176874997,80
"fremtpl2_severity_raw","random",30,"tail","LSE",0,2.5,"full","blocked",NA,1152.76160044864,2656.16176909818,13190.2505878118,2735.32845406598,TRUE,41545.6426496011,17329.6058533986,100
"fremtpl2_severity_raw","random",1,"tail","LSE",1,2.5,"full","blocked",NA,1459.92374132507,3713.28673560157,45028.8639793675,3119.46336340373,TRUE,140765.469076802,22377.3228339819,102
"fremtpl2_severity_raw","random",2,"tail","LSE",1,2.5,"full","blocked",NA,2891.45936884204,3621.98819876606,10575.1049290293,4077.77196249206,TRUE,33498.8603192918,10183.912845674,92
"fremtpl2_severity_raw","random",3,"tail","LSE",1,2.5,"full","blocked",NA,1518.11439737193,4828.29798717036,60837.3603448321,3111.43911561134,TRUE,192290.493507886,34883.7688332795,100
"fremtpl2_severity_raw","random",4,"tail","LSE",1,2.5,"full","blocked",NA,2003.42336021193,3317.3237369673,10620.8779964081,4469.29477068565,TRUE,19818.6144129483,8982.9847981018,99
"fremtpl2_severity_raw","random",5,"tail","LSE",1,2.5,"full","blocked",NA,2463.53151943928,3497.89064723004,11791.7455069263,4109.18980898863,TRUE,36214.2520334858,12265.3856886729,101
"fremtpl2_severity_raw","random",6,"tail","LSE",1,2.5,"full","blocked",NA,1911.46166971143,4287.66679246456,18944.9238917482,5038.02166220723,TRUE,35902.6626516011,13910.1863475647,112
"fremtpl2_severity_raw","random",7,"tail","LSE",1,2.5,"full","blocked",NA,1300.18768863695,3563.62829885359,45046.9387743296,3148.16959517384,TRUE,131041.954014646,20392.6643124716,118
"fremtpl2_severity_raw","random",8,"tail","LSE",1,2.5,"full","blocked",NA,1767.43985446516,3330.25235905678,12096.4625050832,4628.19315144034,TRUE,31791.8387576737,11691.7320846426,129
"fremtpl2_severity_raw","random",9,"tail","LSE",1,2.5,"full","blocked",NA,2365.64797180518,3634.08713333904,9512.64031606295,6210.42741398697,TRUE,23458.9550928491,9344.56738913383,112
"fremtpl2_severity_raw","random",10,"tail","LSE",1,2.5,"full","blocked",NA,2174.34205735545,4366.16234201689,42696.8404984474,3370.0291903687,TRUE,126293.201835598,21435.6836837488,114
"fremtpl2_severity_raw","random",11,"tail","LSE",1,2.5,"full","blocked",NA,2398.12843934271,4297.17158028719,45010.8280202965,5156.22572280953,TRUE,133669.138790743,20260.902425936,113
"fremtpl2_severity_raw","random",12,"tail","LSE",1,2.5,"full","blocked",NA,2378.89014417765,3987.79847442213,13436.21290079,7071.8326332794,TRUE,35939.6466322866,11632.1509792299,115
"fremtpl2_severity_raw","random",13,"tail","LSE",1,2.5,"full","blocked",NA,1767.77267124761,4872.76674674146,60531.0025945041,3544.13295522879,TRUE,187576.108028802,31428.695149881,104
"fremtpl2_severity_raw","random",14,"tail","LSE",1,2.5,"full","blocked",NA,1932.45788921316,4330.10015460151,45869.2183292769,6037.79202621007,TRUE,142616.353448985,24680.1317934406,102
"fremtpl2_severity_raw","random",15,"tail","LSE",1,2.5,"full","blocked",NA,2864.53803771296,3522.22549692329,8252.23868852112,4552.98881632652,TRUE,26279.6685023281,10122.5131007528,86
"fremtpl2_severity_raw","random",16,"tail","LSE",1,2.5,"full","blocked",NA,2735.35459941006,3819.47925218088,13304.6396076534,3953.92931933843,TRUE,42010.0794243163,13915.6084931121,96
"fremtpl2_severity_raw","random",17,"tail","LSE",1,2.5,"full","blocked",NA,1818.068314422,5240.8117560861,61128.0611910611,3013.32661604963,TRUE,193212.250063895,36122.1868403091,100
"fremtpl2_severity_raw","random",18,"tail","LSE",1,2.5,"full","blocked",NA,1338.64230611991,3980.93782129201,45648.8624043871,3341.94359212711,TRUE,136280.932286438,24863.0065261878,112
"fremtpl2_severity_raw","random",19,"tail","LSE",1,2.5,"full","blocked",NA,1544.84459013898,4067.58813177673,42426.0880969225,3649.29786216671,TRUE,130107.077978646,24752.5584297909,106
"fremtpl2_severity_raw","random",20,"tail","LSE",1,2.5,"full","blocked",NA,2335.99452440355,4060.19590434423,44613.7927494226,3618.84145535715,TRUE,152804.310783595,22657.6728975869,85
"fremtpl2_severity_raw","random",21,"tail","LSE",1,2.5,"full","blocked",NA,1495.95488088769,3943.69837187955,42487.1940886497,3195.36669366872,TRUE,123012.573815347,22088.1358300022,119
"fremtpl2_severity_raw","random",22,"tail","LSE",1,2.5,"full","blocked",NA,1665.09119268347,3584.79599621086,13232.7523532603,4427.13994151961,TRUE,34790.6215436697,12222.0149248391,101
"fremtpl2_severity_raw","random",23,"tail","LSE",1,2.5,"full","blocked",NA,1987.40556851555,4372.03399750363,16406.8686936786,6780.67635710057,TRUE,46272.3652736292,18209.0073344423,106
"fremtpl2_severity_raw","random",24,"tail","LSE",1,2.5,"full","blocked",NA,1422.73896085339,3624.95245078237,45109.6774586133,3225.14227619246,TRUE,141806.364030089,22653.2647668525,101
"fremtpl2_severity_raw","random",25,"tail","LSE",1,2.5,"full","blocked",NA,1589.21982406769,4127.62258466486,14479.89256464,4463.16002231165,TRUE,36236.556073014,14114.8161509845,99
"fremtpl2_severity_raw","random",26,"tail","LSE",1,2.5,"full","blocked",NA,1434.86340457185,3784.36856361975,44773.3149604608,4330.87709495275,TRUE,132358.473009025,21665.5543552603,114
"fremtpl2_severity_raw","random",27,"tail","LSE",1,2.5,"full","blocked",NA,2778.59399001162,3465.62129306704,9506.40974687881,4017.59702560819,TRUE,29625.1455299077,10049.6000768581,94
"fremtpl2_severity_raw","random",28,"tail","LSE",1,2.5,"full","blocked",NA,1378.1508118631,3669.3402635861,42181.5486110231,3115.60048768742,TRUE,138963.74645467,26544.2733128287,92
"fremtpl2_severity_raw","random",29,"tail","LSE",1,2.5,"full","blocked",NA,1715.58523595042,3424.76588626311,12253.4817196133,5048.77319611674,TRUE,37440.2381593064,12944.2183627352,80
"fremtpl2_severity_raw","random",30,"tail","LSE",1,2.5,"full","blocked",NA,2719.71759421666,3993.63588885461,13320.9033972476,4690.51092647574,TRUE,41199.8536703474,16410.6475985524,100
"fremtpl2_severity_raw","random",1,"tail","LSE",2,2.5,"full","blocked",NA,2067.45785744997,4037.15441038783,44980.8718024157,3300.78707715134,TRUE,140690.670309283,21724.8499926867,102
"fremtpl2_severity_raw","random",2,"tail","LSE",2,2.5,"full","blocked",NA,2768.82421219852,4586.22258271034,12702.5549681337,7254.23739280867,TRUE,33889.7953817233,13462.7911598473,92
"fremtpl2_severity_raw","random",3,"tail","LSE",2,2.5,"full","blocked",NA,1477.54960134729,4757.71626479847,60791.5855522079,2853.47716563028,TRUE,192182.591978959,35200.3489282167,100
"fremtpl2_severity_raw","random",4,"tail","LSE",2,2.5,"full","blocked",NA,1879.73077820679,3180.26001572424,9169.1755236388,3554.17457043152,TRUE,19886.5581879666,8982.05252515621,99
"fremtpl2_severity_raw","random",5,"tail","LSE",2,2.5,"full","blocked",NA,3037.41460096067,4777.25329064981,14182.1049482274,7021.32027199905,TRUE,37871.1343107964,14905.9567791119,101
"fremtpl2_severity_raw","random",6,"tail","LSE",2,2.5,"full","blocked",NA,1892.94999496893,3866.90730655791,16290.2357528963,4350.37547023435,TRUE,35399.5266375985,13451.7121520153,112
"fremtpl2_severity_raw","random",7,"tail","LSE",2,2.5,"full","blocked",NA,1337.28430445779,3456.85966722174,45005.3946985956,2557.84301883188,TRUE,130958.97022479,20156.8882436046,118
"fremtpl2_severity_raw","random",8,"tail","LSE",2,2.5,"full","blocked",NA,1704.48028520598,3541.21456622433,12652.0812320641,4204.9685201963,TRUE,31872.5149603094,11564.6743079373,129
"fremtpl2_severity_raw","random",9,"tail","LSE",2,2.5,"full","blocked",NA,1872.08375395175,3446.04452380955,10715.0088099858,4205.51717936705,TRUE,23320.6643050063,8453.35584145106,112
"fremtpl2_severity_raw","random",10,"tail","LSE",2,2.5,"full","blocked",NA,2032.9959076442,4355.86495872448,42710.0418410213,5230.26750793738,TRUE,126278.497004622,22111.3526842355,114
"fremtpl2_severity_raw","random",11,"tail","LSE",2,2.5,"full","blocked",NA,1660.90068873121,3727.78513683221,44893.0583901434,3983.3495909303,TRUE,133420.887666922,20762.6098539128,113
"fremtpl2_severity_raw","random",12,"tail","LSE",2,2.5,"full","blocked",NA,1356.87544853659,2487.68182421286,12256.5000735995,3971.04108508456,TRUE,35547.1203786836,11214.5727038468,115
"fremtpl2_severity_raw","random",13,"tail","LSE",2,2.5,"full","blocked",NA,1813.53618170198,4856.14793225352,60495.9407448517,3256.14203586289,TRUE,187495.565977237,31397.8212644801,104
"fremtpl2_severity_raw","random",14,"tail","LSE",2,2.5,"full","blocked",NA,2205.5230567359,4501.34990220592,45623.8458074634,5387.57757595008,TRUE,142553.070155534,24362.9697925066,102
"fremtpl2_severity_raw","random",15,"tail","LSE",2,2.5,"full","blocked",NA,4529.51527709454,10959.7173767968,91870.120721967,10332.6499057886,TRUE,31764.7724154512,15627.7722765391,86
"fremtpl2_severity_raw","random",16,"tail","LSE",2,2.5,"full","blocked",NA,1911.73575214802,4140.80357346741,15930.2644897808,4866.84032680668,TRUE,42975.5989048879,16415.0425873966,96
"fremtpl2_severity_raw","random",17,"tail","LSE",2,2.5,"full","blocked",NA,1429.11705349155,5022.25470353857,60979.1365059775,3786.45603812139,TRUE,192651.569686431,36683.9782845832,100
"fremtpl2_severity_raw","random",18,"tail","LSE",2,2.5,"full","blocked",NA,1515.36573751551,3923.27602734099,45629.9848923815,3349.29290101888,TRUE,136261.874179994,24398.9517030956,112
"fremtpl2_severity_raw","random",19,"tail","LSE",2,2.5,"full","blocked",NA,1948.15688626564,4193.456537697,42486.8370907374,3742.13227021895,TRUE,130352.323261135,24323.3679421007,106
"fremtpl2_severity_raw","random",20,"tail","LSE",2,2.5,"full","blocked",NA,2115.91069114068,3866.39476433466,44634.7339434622,3523.60832739423,TRUE,152910.936525696,22905.0257881761,85
"fremtpl2_severity_raw","random",21,"tail","LSE",2,2.5,"full","blocked",NA,2223.27013168722,4394.76782979778,42539.1539730001,4889.19898092329,TRUE,123088.650135735,21493.7211215299,119
"fremtpl2_severity_raw","random",22,"tail","LSE",2,2.5,"full","blocked",NA,1607.20938594497,3579.4095274678,15621.0407038075,4159.21666076153,TRUE,34718.7183604432,12208.4852066055,101
"fremtpl2_severity_raw","random",23,"tail","LSE",2,2.5,"full","blocked",NA,2573.05681874087,3923.910912586,14965.1089201492,3804.45658872518,TRUE,45285.8258128131,15522.9873034566,106
"fremtpl2_severity_raw","random",24,"tail","LSE",2,2.5,"full","blocked",NA,1493.61641031688,3607.35779094074,45139.633571598,4000.5329082134,TRUE,141895.22025346,23030.3832170645,101
"fremtpl2_severity_raw","random",25,"tail","LSE",2,2.5,"full","blocked",NA,1636.90098017881,4144.85754957992,15711.2657496036,4484.87141220734,TRUE,35777.3971545026,13831.4676017801,99
"fremtpl2_severity_raw","random",26,"tail","LSE",2,2.5,"full","blocked",NA,1950.7825013812,4109.17736424008,44948.9264010781,5696.84103000901,TRUE,132908.182377677,21316.2573670317,114
"fremtpl2_severity_raw","random",27,"tail","LSE",2,2.5,"full","blocked",NA,1244.52013763317,2169.95889002282,9422.37395909891,3080.04847360652,TRUE,30282.311136938,11554.162422798,94
"fremtpl2_severity_raw","random",28,"tail","LSE",2,2.5,"full","blocked",NA,1946.52961702457,3964.02519359921,42334.1404427643,4697.46612428015,TRUE,139381.864810511,26120.6386647841,92
"fremtpl2_severity_raw","random",29,"tail","LSE",2,2.5,"full","blocked",NA,2019.57147159944,3754.08549461055,12694.0011530737,4877.38694566465,TRUE,38851.5203934198,14249.5418050238,80
"fremtpl2_severity_raw","random",30,"tail","LSE",2,2.5,"full","blocked",NA,2162.60503155192,3947.91761839815,13955.1594850126,6376.81087798057,TRUE,41912.6734483996,17724.8981199699,100
"fremtpl2_severity_raw","random",1,"tail","ridge-LSE",0,2.5,"full","blocked",NA,2081.81001443468,4055.77661896374,44987.7310111611,3093.01131181409,TRUE,140712.126573555,21672.4318589171,102
"fremtpl2_severity_raw","random",2,"tail","ridge-LSE",0,2.5,"full","blocked",NA,1582.76769033963,2549.61705861769,10525.4271821875,3431.42570555652,TRUE,34011.7652692861,11556.2170240149,92
"fremtpl2_severity_raw","random",3,"tail","ridge-LSE",0,2.5,"full","blocked",NA,1514.17251886143,4779.42561240878,60820.1401004337,3149.0791072023,TRUE,192262.995160506,35043.2046455981,100
"fremtpl2_severity_raw","random",4,"tail","ridge-LSE",0,2.5,"full","blocked",NA,2958.08982997817,3286.27888468893,6700.98899472626,6985.83461212073,TRUE,18210.1656767051,6996.60015780186,99
"fremtpl2_severity_raw","random",5,"tail","ridge-LSE",0,2.5,"full","blocked",NA,1757.44819147013,3781.0712209863,13315.0061932465,5175.21600148304,TRUE,36842.3458926918,14472.5581778271,101
"fremtpl2_severity_raw","random",6,"tail","ridge-LSE",0,2.5,"full","blocked",NA,1363.26854211895,3412.81574457903,13777.9839499207,4630.79065168372,TRUE,35746.9174600965,13820.001359194,112
"fremtpl2_severity_raw","random",7,"tail","ridge-LSE",0,2.5,"full","blocked",NA,1408.63362799555,3568.10081014655,44991.7660425616,3137.42604261279,TRUE,130888.649593447,20187.3104930866,118
"fremtpl2_severity_raw","random",8,"tail","ridge-LSE",0,2.5,"full","blocked",NA,1673.29328390026,3370.25242350166,12195.6539619173,3983.88083855058,TRUE,31817.3255751449,11700.844108551,129
"fremtpl2_severity_raw","random",9,"tail","ridge-LSE",0,2.5,"full","blocked",NA,1457.49817244836,2114.97617951839,7800.0653692235,3281.98846439088,TRUE,22793.9538413356,8048.37622739188,112
"fremtpl2_severity_raw","random",10,"tail","ridge-LSE",0,2.5,"full","blocked",NA,2204.49096283861,4403.59900649223,42663.565144148,3260.6127526238,TRUE,126190.001807901,21403.429112645,114
"fremtpl2_severity_raw","random",11,"tail","ridge-LSE",0,2.5,"full","blocked",NA,2053.20611193546,4291.53926619881,44981.7095196611,5286.2395905457,TRUE,133533.014372621,20773.2377463731,113
"fremtpl2_severity_raw","random",12,"tail","ridge-LSE",0,2.5,"full","blocked",NA,1345.91890543261,2540.14660551735,12229.5491162844,3276.44159637873,TRUE,35451.3168426283,10998.3835443168,115
"fremtpl2_severity_raw","random",13,"tail","ridge-LSE",0,2.5,"full","blocked",NA,1574.69162282422,4668.96978242139,60506.1518906034,3094.80975645173,TRUE,187529.459978714,31750.1542676057,104
"fremtpl2_severity_raw","random",14,"tail","ridge-LSE",0,2.5,"full","blocked",NA,1313.259083221,3741.61639676738,45684.6674421287,3012.75055779813,TRUE,142826.866738986,24976.5860067734,102
"fremtpl2_severity_raw","random",15,"tail","ridge-LSE",0,2.5,"full","blocked",NA,1954.30499461524,4752.37119486634,27636.7896815787,4058.62552502953,TRUE,30540.3676374086,13279.9843734872,86
"fremtpl2_severity_raw","random",16,"tail","ridge-LSE",0,2.5,"full","blocked",NA,1484.77320612162,3579.23779057491,14957.3149660765,3636.07376592015,TRUE,42504.6575388418,15562.1342648386,96
"fremtpl2_severity_raw","random",17,"tail","ridge-LSE",0,2.5,"full","blocked",NA,1629.51237574741,5072.59689363573,61096.704558529,4094.2343395275,TRUE,193105.601664162,36678.2403170792,100
"fremtpl2_severity_raw","random",18,"tail","ridge-LSE",0,2.5,"full","blocked",NA,2135.04443912491,4726.74823759289,45695.2390680174,5962.48656133028,TRUE,136220.287748529,24569.7416864078,112
"fremtpl2_severity_raw","random",19,"tail","ridge-LSE",0,2.5,"full","blocked",NA,2047.60911303961,4250.97503600416,42366.3478050291,4084.73150335212,TRUE,129956.803415916,23953.0406104113,106
"fremtpl2_severity_raw","random",20,"tail","ridge-LSE",0,2.5,"full","blocked",NA,2281.22928389393,3945.8436967252,44594.1339811388,4691.99747006587,TRUE,152706.565557784,22609.8633096283,85
"fremtpl2_severity_raw","random",21,"tail","ridge-LSE",0,2.5,"full","blocked",NA,2367.7599937646,5043.81224968404,45658.7887989065,4890.55893777177,TRUE,122953.003875942,21148.1630411241,119
"fremtpl2_severity_raw","random",22,"tail","ridge-LSE",0,2.5,"full","blocked",NA,1669.36826983366,3215.62984749624,12226.3812749802,3916.32364155313,TRUE,34009.6177319795,11118.4867342698,101
"fremtpl2_severity_raw","random",23,"tail","ridge-LSE",0,2.5,"full","blocked",NA,2104.78283450014,4592.64346702547,16846.036184886,6623.43797847384,TRUE,46112.208473986,18236.9669229082,106
"fremtpl2_severity_raw","random",24,"tail","ridge-LSE",0,2.5,"full","blocked",NA,2375.6889332246,4201.78271650529,45204.3431416889,4712.04371804905,TRUE,142008.408195009,21672.6232209567,101
"fremtpl2_severity_raw","random",25,"tail","ridge-LSE",0,2.5,"full","blocked",NA,1361.9344910465,2449.16911449264,11177.0780763257,3467.82014925002,TRUE,35060.8154371252,12465.7441499551,99
"fremtpl2_severity_raw","random",26,"tail","ridge-LSE",0,2.5,"full","blocked",NA,1985.93759700028,4106.8852834703,44919.8253692087,5488.25736328624,TRUE,132803.692251356,21549.6984717337,114
"fremtpl2_severity_raw","random",27,"tail","ridge-LSE",0,2.5,"full","blocked",NA,2395.21154557899,3996.47136074413,11365.9346805027,7701.4629665302,TRUE,30705.8070050897,11682.1150290947,94
"fremtpl2_severity_raw","random",28,"tail","ridge-LSE",0,2.5,"full","blocked",NA,2221.18952847296,4261.84846917628,42260.6523623272,4638.86218938956,TRUE,139098.345851885,25593.2901294364,92
"fremtpl2_severity_raw","random",29,"tail","ridge-LSE",0,2.5,"full","blocked",NA,2663.24965833788,3363.71998658401,10753.8078215777,3862.25017868529,TRUE,36789.0362919641,10918.6598591455,80
"fremtpl2_severity_raw","random",30,"tail","ridge-LSE",0,2.5,"full","blocked",NA,2621.06919776657,3967.65579678793,13252.8614703495,4150.79138672544,TRUE,41065.4053099009,15965.4976917207,100
"fremtpl2_severity_raw","random",1,"tail","ridge-LSE",1,2.5,"full","blocked",NA,1332.17880143545,3979.22559919998,45703.29065678,3317.27213589579,TRUE,140824.623250978,22788.6735509153,102
"fremtpl2_severity_raw","random",2,"tail","ridge-LSE",1,2.5,"full","blocked",NA,3012.34616392074,3628.22424286536,10790.331616455,7438.2763552327,TRUE,33431.8178925431,11586.9558969107,92
"fremtpl2_severity_raw","random",3,"tail","ridge-LSE",1,2.5,"full","blocked",NA,1310.4410848224,4659.32171226781,60866.7109309563,3143.94823711887,TRUE,192392.919576195,35084.2784554868,100
"fremtpl2_severity_raw","random",4,"tail","ridge-LSE",1,2.5,"full","blocked",NA,1460.15992650039,2339.83694520917,6902.00433605447,4570.57489032771,TRUE,19462.9713471396,8747.74682495703,99
"fremtpl2_severity_raw","random",5,"tail","ridge-LSE",1,2.5,"full","blocked",NA,2065.11597462767,3804.855250663,13347.0783369772,6508.78910829246,TRUE,36249.1441751358,13786.5993318243,101
"fremtpl2_severity_raw","random",6,"tail","ridge-LSE",1,2.5,"full","blocked",NA,2215.32600037518,3987.07503429604,13169.8546791751,5556.41984724542,TRUE,35896.0406482581,14105.8788096192,112
"fremtpl2_severity_raw","random",7,"tail","ridge-LSE",1,2.5,"full","blocked",NA,2188.21769447197,4237.07810962798,45011.2412296795,3352.17223347962,TRUE,130878.201923064,19339.9939908516,118
"fremtpl2_severity_raw","random",8,"tail","ridge-LSE",1,2.5,"full","blocked",NA,2756.90772701885,3734.09202012351,11522.557302858,3959.64041009045,TRUE,31159.5228217023,9904.48822913322,129
"fremtpl2_severity_raw","random",9,"tail","ridge-LSE",1,2.5,"full","blocked",NA,1577.44974924287,3028.00127090721,9747.40729925024,4196.05383294884,TRUE,23095.8866735852,8374.84585136413,112
"fremtpl2_severity_raw","random",10,"tail","ridge-LSE",1,2.5,"full","blocked",NA,1369.90065890285,4040.68362718039,43744.6996423882,3551.12622590563,TRUE,126067.258085249,22367.3924884357,114
"fremtpl2_severity_raw","random",11,"tail","ridge-LSE",1,2.5,"full","blocked",NA,1641.75077834056,3668.50726312771,44972.2164742879,3717.75284499635,TRUE,133679.581858724,20781.2271816524,113
"fremtpl2_severity_raw","random",12,"tail","ridge-LSE",1,2.5,"full","blocked",NA,1730.80229477566,3373.87264791056,12994.639562411,5439.56123194524,TRUE,35565.2459080646,11544.5527765114,115
"fremtpl2_severity_raw","random",13,"tail","ridge-LSE",1,2.5,"full","blocked",NA,1746.98258879274,4827.57261583169,60435.003605156,3804.01515293516,TRUE,187282.120274509,31654.0625019486,104
"fremtpl2_severity_raw","random",14,"tail","ridge-LSE",1,2.5,"full","blocked",NA,1573.35096217509,4144.1193988002,45552.9170577274,5128.45051581722,TRUE,142302.702656043,25086.9195912921,102
"fremtpl2_severity_raw","random",15,"tail","ridge-LSE",1,2.5,"full","blocked",NA,2877.08136901303,3560.96321677523,8254.1616885519,4478.67675293885,TRUE,26279.0341694197,10111.5253877329,86
"fremtpl2_severity_raw","random",16,"tail","ridge-LSE",1,2.5,"full","blocked",NA,1696.55760279313,4081.33191151697,15719.9080182866,4577.8579115685,TRUE,43166.2830236499,16182.3081568144,96
"fremtpl2_severity_raw","random",17,"tail","ridge-LSE",1,2.5,"full","blocked",NA,1202.62915797642,4736.75427680844,61170.1064218011,2415.68471353575,TRUE,193383.093681673,36861.787338356,100
"fremtpl2_severity_raw","random",18,"tail","ridge-LSE",1,2.5,"full","blocked",NA,1955.05729737377,4389.46739326976,45676.6725768037,2940.10415708813,TRUE,136362.881620803,23834.8060946908,112
"fremtpl2_severity_raw","random",19,"tail","ridge-LSE",1,2.5,"full","blocked",NA,1414.14918250078,3895.85444169165,42450.7886225874,2975.29696625924,TRUE,130250.577229451,24759.873926788,106
"fremtpl2_severity_raw","random",20,"tail","ridge-LSE",1,2.5,"full","blocked",NA,2316.60490759513,4058.37238161231,44637.9514513932,3509.97188309583,TRUE,152890.438944321,22511.0011822203,85
"fremtpl2_severity_raw","random",21,"tail","ridge-LSE",1,2.5,"full","blocked",NA,1534.06852763997,3919.840126493,42562.2366237709,3393.7328184448,TRUE,123250.536872815,22217.0805237895,119
"fremtpl2_severity_raw","random",22,"tail","ridge-LSE",1,2.5,"full","blocked",NA,2983.94758399716,3641.01909467631,11004.5117745598,4281.54105758323,TRUE,33268.4530119702,9239.38919813633,101
"fremtpl2_severity_raw","random",23,"tail","ridge-LSE",1,2.5,"full","blocked",NA,2787.9965644763,4108.30568852919,14981.5887810361,4061.1268368656,TRUE,45215.1127141111,15383.0419136616,106
"fremtpl2_severity_raw","random",24,"tail","ridge-LSE",1,2.5,"full","blocked",NA,1731.73063456177,3944.15166229145,45037.8246064529,4210.94088578307,TRUE,141498.735449234,22810.3286467263,101
"fremtpl2_severity_raw","random",25,"tail","ridge-LSE",1,2.5,"full","blocked",NA,2848.81282518215,3728.43515994215,11257.1856338218,4682.56932537647,TRUE,34505.3317129466,10938.7559467715,99
"fremtpl2_severity_raw","random",26,"tail","ridge-LSE",1,2.5,"full","blocked",NA,2249.13803881685,4345.95954753574,44897.3981601465,3488.46383994994,TRUE,132807.816591534,20601.9395261658,114
"fremtpl2_severity_raw","random",27,"tail","ridge-LSE",1,2.5,"full","blocked",NA,2926.3778236661,3628.31763629706,9524.41841201138,4101.73999107702,TRUE,29536.7801809212,9868.3183244718,94
"fremtpl2_severity_raw","random",28,"tail","ridge-LSE",1,2.5,"full","blocked",NA,2167.9460080354,4249.51271770706,42256.4785406995,4385.55715067614,TRUE,139099.583736881,26093.3537865317,92
"fremtpl2_severity_raw","random",29,"tail","ridge-LSE",1,2.5,"full","blocked",NA,1779.49316680744,3306.8572786006,13229.4495517646,4512.64173824447,TRUE,37295.5635834213,12596.3944862739,80
"fremtpl2_severity_raw","random",30,"tail","ridge-LSE",1,2.5,"full","blocked",NA,2980.94025338997,4215.62631101004,13821.0413573888,10487.94515049,TRUE,41399.5383645958,17447.8603065518,100
"fremtpl2_severity_raw","random",1,"tail","ridge-LSE",2,2.5,"full","blocked",NA,1203.8519073196,3565.17533067902,45016.6650987807,2692.22452005617,TRUE,140677.82164724,22708.3051690811,102
"fremtpl2_severity_raw","random",2,"tail","ridge-LSE",2,2.5,"full","blocked",NA,2686.53029424488,3447.05589399703,10611.8903594104,4587.12075371157,TRUE,33717.4451439305,10631.3770466649,92
"fremtpl2_severity_raw","random",3,"tail","ridge-LSE",2,2.5,"full","blocked",NA,1329.77333382901,4733.48375349819,60883.7486460444,2853.02805628565,TRUE,192431.247115706,35110.2854001554,100
"fremtpl2_severity_raw","random",4,"tail","ridge-LSE",2,2.5,"full","blocked",NA,2337.32982657108,3550.13859354371,8206.32072580841,6238.68881237275,TRUE,20382.8636763856,10326.5956600651,99
"fremtpl2_severity_raw","random",5,"tail","ridge-LSE",2,2.5,"full","blocked",NA,1833.75999835223,3356.36479650519,12332.3147467583,6729.74889576058,TRUE,36052.2758314839,14118.6568706756,101
"fremtpl2_severity_raw","random",6,"tail","ridge-LSE",2,2.5,"full","blocked",NA,2175.26619746063,4711.81176229093,24574.153794566,5060.27250465606,TRUE,35714.3749516689,13553.8337565056,112
"fremtpl2_severity_raw","random",7,"tail","ridge-LSE",2,2.5,"full","blocked",NA,1661.25596917604,3877.31556812005,45019.9442529202,3228.50808836418,TRUE,130921.766608566,19990.1256178311,118
"fremtpl2_severity_raw","random",8,"tail","ridge-LSE",2,2.5,"full","blocked",NA,2235.68781913294,4040.76924669235,13260.3810636715,5867.85196206305,TRUE,31863.9396376293,12387.2194562101,129
"fremtpl2_severity_raw","random",9,"tail","ridge-LSE",2,2.5,"full","blocked",NA,1518.10358697653,2965.23191701553,10051.5153475252,3597.70497342302,TRUE,23268.0280061996,8684.18271265373,112
"fremtpl2_severity_raw","random",10,"tail","ridge-LSE",2,2.5,"full","blocked",NA,2171.19369929097,4296.35705259496,42712.6917048698,5191.24901916232,TRUE,126300.887339373,22072.4356877123,114
"fremtpl2_severity_raw","random",11,"tail","ridge-LSE",2,2.5,"full","blocked",NA,2160.81928906009,4209.23090497151,44991.7297917127,3363.04334789344,TRUE,133686.299051428,20204.6303903081,113
"fremtpl2_severity_raw","random",12,"tail","ridge-LSE",2,2.5,"full","blocked",NA,2715.32344072017,3528.75373475969,12177.7111824825,4022.01350840862,TRUE,34992.9334701988,9612.48838110503,115
"fremtpl2_severity_raw","random",13,"tail","ridge-LSE",2,2.5,"full","blocked",NA,1418.03487224607,4557.24227416056,60554.3751559687,2890.48519319616,TRUE,187703.785886075,31744.4201945858,104
"fremtpl2_severity_raw","random",14,"tail","ridge-LSE",2,2.5,"full","blocked",NA,1449.52880042597,3764.03112080105,45632.0328124221,3480.13824305794,TRUE,142777.120838295,24933.9135181008,102
"fremtpl2_severity_raw","random",15,"tail","ridge-LSE",2,2.5,"full","blocked",NA,1331.20764805028,2247.03331118174,7673.29815133726,3184.90934106386,TRUE,25193.8252402068,11087.8750822612,86
"fremtpl2_severity_raw","random",16,"tail","ridge-LSE",2,2.5,"full","blocked",NA,2762.09832111482,3886.3659828836,13352.7659935386,4855.59154470164,TRUE,42068.4566228724,14047.0726906279,96
"fremtpl2_severity_raw","random",17,"tail","ridge-LSE",2,2.5,"full","blocked",NA,1445.81467217567,4900.76197504912,61128.5316856848,3128.55980637515,TRUE,193236.449124557,36621.62715194,100
"fremtpl2_severity_raw","random",18,"tail","ridge-LSE",2,2.5,"full","blocked",NA,2176.37638918957,4529.1892705766,45670.8671500389,5197.61089610208,TRUE,136276.835883145,24287.3223468837,112
"fremtpl2_severity_raw","random",19,"tail","ridge-LSE",2,2.5,"full","blocked",NA,1419.16640617809,3851.97707781945,42405.31861022,3339.62433264108,TRUE,130158.624653259,25355.1050319481,106
"fremtpl2_severity_raw","random",20,"tail","ridge-LSE",2,2.5,"full","blocked",NA,1728.58445965983,3564.41925638513,44550.3912883721,3659.25344248251,TRUE,152644.64362813,23392.2565012738,85
"fremtpl2_severity_raw","random",21,"tail","ridge-LSE",2,2.5,"full","blocked",NA,2104.80910059014,4341.56541773453,42517.5513553903,4635.77738739922,TRUE,123071.745404476,21699.0371631038,119
"fremtpl2_severity_raw","random",22,"tail","ridge-LSE",2,2.5,"full","blocked",NA,1765.34180083406,3427.46718114558,12484.3067151959,3835.3848760821,TRUE,34267.7758289168,11699.3693447033,101
"fremtpl2_severity_raw","random",23,"tail","ridge-LSE",2,2.5,"full","blocked",NA,2838.10042591285,4152.11305470069,14984.9735357524,4117.38595192899,TRUE,45196.6452191904,15349.3015415307,106
"fremtpl2_severity_raw","random",24,"tail","ridge-LSE",2,2.5,"full","blocked",NA,1598.99833125387,3798.14675369024,45101.2160545507,3572.59313470168,TRUE,141758.528534192,22528.9606111992,101
"fremtpl2_severity_raw","random",25,"tail","ridge-LSE",2,2.5,"full","blocked",NA,1541.37945259078,4037.8902913391,14376.4376635584,3916.1581928534,TRUE,35637.954546053,13906.6804349645,99
"fremtpl2_severity_raw","random",26,"tail","ridge-LSE",2,2.5,"full","blocked",NA,2064.64873917368,4140.9033356616,44938.2469391523,5158.69845331351,TRUE,132874.918547316,21296.2415621949,114
"fremtpl2_severity_raw","random",27,"tail","ridge-LSE",2,2.5,"full","blocked",NA,2793.53638213966,3483.86216867782,9507.11023179679,4028.67261538442,TRUE,29612.2540139849,10020.63897158,94
"fremtpl2_severity_raw","random",28,"tail","ridge-LSE",2,2.5,"full","blocked",NA,1318.17767489038,3609.66913622655,42236.3237221386,3001.86610825302,TRUE,139154.259297145,26768.3498898653,92
"fremtpl2_severity_raw","random",29,"tail","ridge-LSE",2,2.5,"full","blocked",NA,1699.77747362215,3366.27780552298,11983.4737126032,4651.20168831694,TRUE,37299.6068931119,13675.750431039,80
"fremtpl2_severity_raw","random",30,"tail","ridge-LSE",2,2.5,"full","blocked",NA,2333.22556078325,4173.47867605089,14175.4931491645,6987.32603467178,TRUE,42003.5205204178,17794.9947831494,100
"fremtpl2_severity_raw","random",1,"tail","Huber",0,2.5,"full","blocked",NA,708.448359118264,2873.99553832924,45043.3221706032,2086.42009834606,TRUE,141020.595968733,23610.4797155551,102
"fremtpl2_severity_raw","random",2,"tail","Huber",0,2.5,"full","blocked",NA,639.261850991224,1613.76833141787,10473.0195221419,1964.86490253208,TRUE,34465.014186707,12789.3900592491,92
"fremtpl2_severity_raw","random",3,"tail","Huber",0,2.5,"full","blocked",NA,650.460405095829,4059.59248511773,60884.1145963774,1951.54347461295,TRUE,192522.546157923,36308.6038839365,100
"fremtpl2_severity_raw","random",4,"tail","Huber",0,2.5,"full","blocked",NA,681.499138910304,1360.89561243564,6216.40712933425,2059.48422717009,TRUE,19648.4216551216,9192.2959200302,99
"fremtpl2_severity_raw","random",5,"tail","Huber",0,2.5,"full","blocked",NA,670.098725133796,1914.3047296033,11799.3696338332,2121.65250382877,TRUE,37073.1030792544,14608.5906957346,101
"fremtpl2_severity_raw","random",6,"tail","Huber",0,2.5,"full","blocked",NA,712.042128682547,1983.49304482066,11977.0959247157,2281.49154584359,TRUE,35738.0103989415,13791.4695395392,112
"fremtpl2_severity_raw","random",7,"tail","Huber",0,2.5,"full","blocked",NA,725.325669962774,2965.04013574616,45056.8490472499,2284.65682423993,TRUE,131152.191564929,21419.891760147,118
"fremtpl2_severity_raw","random",8,"tail","Huber",0,2.5,"full","blocked",NA,780.836892360295,2026.10644923901,11548.9250506877,2606.90392528511,TRUE,32104.5530094335,12256.0890633994,129
"fremtpl2_severity_raw","random",9,"tail","Huber",0,2.5,"full","blocked",NA,718.430672096023,1476.22793156739,7817.4175670732,2285.85656711597,TRUE,23280.4624639715,9207.25119741529,112
"fremtpl2_severity_raw","random",10,"tail","Huber",0,2.5,"full","blocked",NA,705.279298783653,3103.41605006808,42749.5142824309,2279.3461229326,TRUE,126599.719778977,23493.4314312301,114
"fremtpl2_severity_raw","random",11,"tail","Huber",0,2.5,"full","blocked",NA,726.516390969733,2979.01970265373,45041.8708126646,2548.38548772355,TRUE,133969.164879276,22245.4381195932,113
"fremtpl2_severity_raw","random",12,"tail","Huber",0,2.5,"full","blocked",NA,710.871506734984,1803.7186795309,12122.8542756976,2197.13699729857,TRUE,35700.7702843666,11873.6523545715,115
"fremtpl2_severity_raw","random",13,"tail","Huber",0,2.5,"full","blocked",NA,699.562299489592,3895.5040184805,60590.9098672319,2167.63138830726,TRUE,187873.545273806,33016.8951634962,104
"fremtpl2_severity_raw","random",14,"tail","Huber",0,2.5,"full","blocked",NA,677.265701928662,3095.01626583678,45650.4156374879,2061.45997787285,TRUE,142923.007124892,26023.8645749464,102
"fremtpl2_severity_raw","random",15,"tail","Huber",0,2.5,"full","blocked",NA,669.203914427924,1585.94537579802,8082.75414635126,1862.60919876798,TRUE,27458.4022016303,12830.4323032533,86
"fremtpl2_severity_raw","random",16,"tail","Huber",0,2.5,"full","blocked",NA,652.10122907474,2023.35814087429,13303.504217301,1939.34787890781,TRUE,42888.2470174891,16437.0526820201,96
"fremtpl2_severity_raw","random",17,"tail","Huber",0,2.5,"full","blocked",NA,691.15281090458,4240.13588975095,61207.5687690046,2121.48014100273,TRUE,193544.212994692,37799.3080354541,100
"fremtpl2_severity_raw","random",18,"tail","Huber",0,2.5,"full","blocked",NA,687.584146462382,3298.61010031741,45745.9628478542,2276.92779545959,TRUE,136679.960495025,25669.2860165409,112
"fremtpl2_severity_raw","random",19,"tail","Huber",0,2.5,"full","blocked",NA,691.511659408941,3181.54124249981,42497.7655226652,2120.65655483861,TRUE,130516.169247984,25889.8893830375,106
"fremtpl2_severity_raw","random",20,"tail","Huber",0,2.5,"full","blocked",NA,634.888168837621,2560.13204902628,44659.7436886537,1831.35582388543,TRUE,153165.327597309,24755.1367521611,85
"fremtpl2_severity_raw","random",21,"tail","Huber",0,2.5,"full","blocked",NA,733.930077961532,3198.85484005106,42639.6847476149,2481.19164565744,TRUE,123592.660497966,23093.5789500807,119
"fremtpl2_severity_raw","random",22,"tail","Huber",0,2.5,"full","blocked",NA,703.241752288854,1659.86520083509,10858.1245362951,2196.5034635116,TRUE,34060.0031000085,11611.8649664731,101
"fremtpl2_severity_raw","random",23,"tail","Huber",0,2.5,"full","blocked",NA,703.443861156369,2339.89915403763,15029.1418771495,2168.56663020347,TRUE,46118.5349374442,17798.7025219215,106
"fremtpl2_severity_raw","random",24,"tail","Huber",0,2.5,"full","blocked",NA,680.879066611081,2861.42094098559,45288.7690929446,2035.88699427873,TRUE,142490.500125211,23836.7059346818,101
"fremtpl2_severity_raw","random",25,"tail","Huber",0,2.5,"full","blocked",NA,694.559052846304,1799.41866873994,11148.2104918121,2084.63027060065,TRUE,35362.9951695113,13399.9246157819,99
"fremtpl2_severity_raw","random",26,"tail","Huber",0,2.5,"full","blocked",NA,748.136101171502,3052.13079184049,44977.1295323356,2401.63273008205,TRUE,133196.301179054,22722.276066365,114
"fremtpl2_severity_raw","random",27,"tail","Huber",0,2.5,"full","blocked",NA,657.070430880823,1611.8030883504,9408.08061316078,2009.42084845538,TRUE,30613.3399723715,12444.0577494434,94
"fremtpl2_severity_raw","random",28,"tail","Huber",0,2.5,"full","blocked",NA,663.751417271384,3001.21736845239,42384.3098602616,1879.26059015042,TRUE,139720.217365797,27643.3621371322,92
"fremtpl2_severity_raw","random",29,"tail","Huber",0,2.5,"full","blocked",NA,648.187461508056,1549.86171333008,10676.6665923939,1633.09168180611,TRUE,37673.5177271286,13380.4935055842,80
"fremtpl2_severity_raw","random",30,"tail","Huber",0,2.5,"full","blocked",NA,659.803330757194,2281.5640994247,13349.533419649,2009.38057685964,TRUE,42143.1149921949,18396.4975836989,100
"fremtpl2_severity_raw","random",1,"tail","Huber",1,2.5,"full","blocked",NA,706.211898961695,2865.3400089946,45044.1553893874,2121.11078593846,TRUE,141023.517384578,23626.0234320275,102
"fremtpl2_severity_raw","random",2,"tail","Huber",1,2.5,"full","blocked",NA,640.959102169554,1615.29899221309,10467.7488170201,1985.99718235677,TRUE,34447.2044087096,12777.7152265771,92
"fremtpl2_severity_raw","random",3,"tail","Huber",1,2.5,"full","blocked",NA,658.841809011856,4061.40277016237,60880.8217316629,1950.53296910711,TRUE,192511.88193822,36269.551506336,100
"fremtpl2_severity_raw","random",4,"tail","Huber",1,2.5,"full","blocked",NA,677.474258056519,1357.96846674228,6218.69882909599,2060.26065410399,TRUE,19656.9775840672,9230.14473476669,99
"fremtpl2_severity_raw","random",5,"tail","Huber",1,2.5,"full","blocked",NA,672.867789136901,1924.32753969904,11806.1594579078,2045.21430152361,TRUE,37061.594519848,14596.6681893377,101
"fremtpl2_severity_raw","random",6,"tail","Huber",1,2.5,"full","blocked",NA,716.177785775042,1988.12485464953,11978.4223123789,2217.94444913294,TRUE,35741.3028366222,13785.4008735627,112
"fremtpl2_severity_raw","random",7,"tail","Huber",1,2.5,"full","blocked",NA,722.162134531003,2958.85942930026,45059.9210564995,2219.06486844978,TRUE,131161.826707394,21421.602602437,118
"fremtpl2_severity_raw","random",8,"tail","Huber",1,2.5,"full","blocked",NA,787.0455842182,2038.17207728566,11545.6584197933,2563.8222956865,TRUE,32094.6980398009,12272.7584867099,129
"fremtpl2_severity_raw","random",9,"tail","Huber",1,2.5,"full","blocked",NA,717.353591797478,1477.50518835414,7819.28503570944,2304.58830985131,TRUE,23286.6296806828,9238.34854609201,112
"fremtpl2_severity_raw","random",10,"tail","Huber",1,2.5,"full","blocked",NA,702.322013685207,3102.70619121488,42747.1935792329,2296.58664666809,TRUE,126592.829121463,23460.4931361679,114
"fremtpl2_severity_raw","random",11,"tail","Huber",1,2.5,"full","blocked",NA,707.809999465843,2949.79504198649,45039.420551139,2412.31092055953,TRUE,133971.340015835,22293.2956313017,113
"fremtpl2_severity_raw","random",12,"tail","Huber",1,2.5,"full","blocked",NA,716.31742675775,1797.0637314872,12123.2590504489,2148.71898188975,TRUE,35701.0647753873,11897.3919454853,115
"fremtpl2_severity_raw","random",13,"tail","Huber",1,2.5,"full","blocked",NA,696.974859420614,3885.68433230397,60591.8520338611,2134.40640256318,TRUE,187876.573733218,32987.6417106009,104
"fremtpl2_severity_raw","random",14,"tail","Huber",1,2.5,"full","blocked",NA,676.901813731598,3093.58457283906,45650.5535755891,2104.87635078355,TRUE,142923.332663716,26035.0601309412,102
"fremtpl2_severity_raw","random",15,"tail","Huber",1,2.5,"full","blocked",NA,670.768671205435,1585.84308517141,8079.08957994468,1896.71222617608,TRUE,27445.2767833929,12799.5813017056,86
"fremtpl2_severity_raw","random",16,"tail","Huber",1,2.5,"full","blocked",NA,674.36796697553,2031.99495023685,13293.2060703915,1893.78198482924,TRUE,42851.8194689092,16376.1425242113,96
"fremtpl2_severity_raw","random",17,"tail","Huber",1,2.5,"full","blocked",NA,703.74903807843,4256.00734720944,61205.0112335853,2083.19973705403,TRUE,193535.679771948,37814.5288828363,100
"fremtpl2_severity_raw","random",18,"tail","Huber",1,2.5,"full","blocked",NA,691.738575751624,3303.78985364783,45746.1676842226,2256.05265193026,TRUE,136680.321280912,25656.4327277647,112
"fremtpl2_severity_raw","random",19,"tail","Huber",1,2.5,"full","blocked",NA,690.845530577527,3177.28348377522,42497.6283747704,2129.71807638588,TRUE,130515.797910912,25874.6625284971,106
"fremtpl2_severity_raw","random",20,"tail","Huber",1,2.5,"full","blocked",NA,633.235000211247,2556.08519536509,44660.1218719768,1786.98026086404,TRUE,153166.743371446,24748.37442371,85
"fremtpl2_severity_raw","random",21,"tail","Huber",1,2.5,"full","blocked",NA,733.471699361396,3185.61354701307,42648.753857611,2509.6328164224,TRUE,123619.162786635,23158.9824463776,119
"fremtpl2_severity_raw","random",22,"tail","Huber",1,2.5,"full","blocked",NA,692.430841157635,1643.97754563601,10847.3911790347,2049.88157824689,TRUE,34052.1130864199,11610.0191832307,101
"fremtpl2_severity_raw","random",23,"tail","Huber",1,2.5,"full","blocked",NA,698.722652140972,2330.99846110627,15034.6515318686,2293.77981763288,TRUE,46136.0074489305,17828.6056415774,106
"fremtpl2_severity_raw","random",24,"tail","Huber",1,2.5,"full","blocked",NA,684.737977555935,2866.7407709767,45289.0257257966,2033.31766922394,TRUE,142491.144028211,23818.5246483645,101
"fremtpl2_severity_raw","random",25,"tail","Huber",1,2.5,"full","blocked",NA,706.788532873596,1801.93482703891,11149.1077289092,2084.52886722838,TRUE,35367.7168881621,13404.5871379226,99
"fremtpl2_severity_raw","random",26,"tail","Huber",1,2.5,"full","blocked",NA,730.044040277075,3045.60488896713,44969.8593686629,2378.93889345705,TRUE,133175.486737822,22713.5471873748,114
"fremtpl2_severity_raw","random",27,"tail","Huber",1,2.5,"full","blocked",NA,654.036360790854,1610.23080365475,9404.15938697516,1926.66316530044,TRUE,30601.0104719238,12436.6056480575,94
"fremtpl2_severity_raw","random",28,"tail","Huber",1,2.5,"full","blocked",NA,661.975171152642,2994.92298138116,42384.5011950396,1925.97960704515,TRUE,139720.85354845,27641.4967007631,92
"fremtpl2_severity_raw","random",29,"tail","Huber",1,2.5,"full","blocked",NA,637.133196720092,1544.46271343197,10679.585957349,1696.15036843242,TRUE,37685.3665217929,13441.9770460507,80
"fremtpl2_severity_raw","random",30,"tail","Huber",1,2.5,"full","blocked",NA,664.340141450811,2278.20332712782,13340.0953133094,1987.1715331041,TRUE,42137.9353444031,18370.5609118128,100
"fremtpl2_severity_raw","random",1,"tail","Huber",2,2.5,"full","blocked",NA,702.436430075383,2869.17684458616,45044.0815679309,2045.8328515905,TRUE,141023.312678367,23620.0723293907,102
"fremtpl2_severity_raw","random",2,"tail","Huber",2,2.5,"full","blocked",NA,669.744609732293,1619.5945661964,10458.8637729499,1903.51293137678,TRUE,34412.9987535104,12716.4075444977,92
"fremtpl2_severity_raw","random",3,"tail","Huber",2,2.5,"full","blocked",NA,656.495415474829,4059.37593837086,60880.829190207,1929.18764020769,TRUE,192511.972305928,36269.8934827116,100
"fremtpl2_severity_raw","random",4,"tail","Huber",2,2.5,"full","blocked",NA,679.93534793949,1360.89027166803,6220.29165359416,2056.72546045317,TRUE,19661.2284366091,9213.32752474711,99
"fremtpl2_severity_raw","random",5,"tail","Huber",2,2.5,"full","blocked",NA,671.648544274952,1920.93172774637,11798.4098046267,2109.3168833133,TRUE,37063.5259747082,14593.2994316303,101
"fremtpl2_severity_raw","random",6,"tail","Huber",2,2.5,"full","blocked",NA,713.923710786885,1985.63076195975,11980.3913804107,2323.41670824998,TRUE,35747.7964150712,13823.8033894947,112
"fremtpl2_severity_raw","random",7,"tail","Huber",2,2.5,"full","blocked",NA,733.157406902592,2964.79544858941,45060.6221542058,2363.85191447731,TRUE,131162.854923736,21419.9538138323,118
"fremtpl2_severity_raw","random",8,"tail","Huber",2,2.5,"full","blocked",NA,781.860268834397,2030.46619648672,11546.3938463431,2582.72717840719,TRUE,32097.5363368605,12253.8085901329,129
"fremtpl2_severity_raw","random",9,"tail","Huber",2,2.5,"full","blocked",NA,714.507509413296,1472.97629921001,7820.61751066592,2311.64333843225,TRUE,23291.0727420818,9226.60800412433,112
"fremtpl2_severity_raw","random",10,"tail","Huber",2,2.5,"full","blocked",NA,711.24193197907,3100.65617042317,42746.8287425048,2215.74101472345,TRUE,126591.390976496,23438.7866597309,114
"fremtpl2_severity_raw","random",11,"tail","Huber",2,2.5,"full","blocked",NA,726.564821510904,3000.97818546802,45049.6335274305,2558.67200312933,TRUE,133988.302188278,22467.8958318754,113
"fremtpl2_severity_raw","random",12,"tail","Huber",2,2.5,"full","blocked",NA,716.111892659017,1800.49032726774,12124.1459346209,2193.05427028604,TRUE,35703.6515057714,11896.9354855923,115
"fremtpl2_severity_raw","random",13,"tail","Huber",2,2.5,"full","blocked",NA,699.629292495812,3891.74168491181,60589.7421633309,2180.25822567723,TRUE,187869.90231053,32991.4981871516,104
"fremtpl2_severity_raw","random",14,"tail","Huber",2,2.5,"full","blocked",NA,676.63097531844,3097.88023475753,45650.6937816319,2067.03141602534,TRUE,142921.342448362,26028.9229426696,102
"fremtpl2_severity_raw","random",15,"tail","Huber",2,2.5,"full","blocked",NA,670.551825577202,1586.8125534883,8079.46901716192,1820.10421265156,TRUE,27450.0834160626,12812.4664570376,86
"fremtpl2_severity_raw","random",16,"tail","Huber",2,2.5,"full","blocked",NA,665.575337209503,2026.1000899012,13294.10822244,1932.59550844443,TRUE,42855.7506618143,16403.1465311819,96
"fremtpl2_severity_raw","random",17,"tail","Huber",2,2.5,"full","blocked",NA,700.235586145533,4253.81512341134,61203.0770405354,2137.30247931099,TRUE,193529.709819372,37822.9756430611,100
"fremtpl2_severity_raw","random",18,"tail","Huber",2,2.5,"full","blocked",NA,692.075481788451,3302.41537274644,45746.8358330707,2223.20704258295,TRUE,136682.426188682,25662.9273146347,112
"fremtpl2_severity_raw","random",19,"tail","Huber",2,2.5,"full","blocked",NA,700.507436616158,3180.51398498448,42505.4246544634,2175.68670107586,TRUE,130539.354104734,25926.6145055653,106
"fremtpl2_severity_raw","random",20,"tail","Huber",2,2.5,"full","blocked",NA,635.844338758605,2557.25489290998,44659.604381327,1764.51877065708,TRUE,153164.88373164,24732.6035105141,85
"fremtpl2_severity_raw","random",21,"tail","Huber",2,2.5,"full","blocked",NA,734.486536046962,3194.70009796907,42646.2597273353,2488.07966237542,TRUE,123611.397076579,23125.9898505166,119
"fremtpl2_severity_raw","random",22,"tail","Huber",2,2.5,"full","blocked",NA,684.323822057237,1624.30556732645,10840.6368110526,2182.10949290873,TRUE,34050.2543510887,11616.4633205919,101
"fremtpl2_severity_raw","random",23,"tail","Huber",2,2.5,"full","blocked",NA,691.02138874852,2331.90523777742,15035.9454830675,2260.48624343507,TRUE,46141.1341799787,17860.3973930457,106
"fremtpl2_severity_raw","random",24,"tail","Huber",2,2.5,"full","blocked",NA,683.099547259893,2858.81878902291,45289.0444694335,2050.43518418222,TRUE,142491.303738945,23828.2039290304,101
"fremtpl2_severity_raw","random",25,"tail","Huber",2,2.5,"full","blocked",NA,694.786921470569,1794.00723142289,11147.7421611975,2053.88579738409,TRUE,35365.7938681398,13408.6413841371,99
"fremtpl2_severity_raw","random",26,"tail","Huber",2,2.5,"full","blocked",NA,729.628218932842,3042.29751208105,44975.9154939908,2423.17598499199,TRUE,133193.509439721,22753.2345347078,114
"fremtpl2_severity_raw","random",27,"tail","Huber",2,2.5,"full","blocked",NA,661.096040658746,1614.58351381071,9408.79798320745,2015.15637435205,TRUE,30615.1177336024,12444.1254643042,94
"fremtpl2_severity_raw","random",28,"tail","Huber",2,2.5,"full","blocked",NA,664.992599653052,2998.04586955062,42381.5268204471,1887.40828858333,TRUE,139711.00356348,27654.875951801,92
"fremtpl2_severity_raw","random",29,"tail","Huber",2,2.5,"full","blocked",NA,639.609547622835,1545.88824942251,10678.6723991014,1687.8673379105,TRUE,37681.9340085967,13422.6896665696,80
"fremtpl2_severity_raw","random",30,"tail","Huber",2,2.5,"full","blocked",NA,669.208144346841,2289.07014936508,13340.0038499679,2010.02644670728,TRUE,42124.8225516399,18359.7968568975,100
"fremtpl2_severity_raw","random",1,"tail","L1",0,2.5,"full","blocked",NA,713.559366070554,2890.31641631849,45053.926711556,2069.79771601679,TRUE,141029.202058538,23645.1735913121,102
"fremtpl2_severity_raw","random",2,"tail","L1",0,2.5,"full","blocked",NA,645.555946972294,1598.41610643361,10474.5341436792,1910.32923333239,TRUE,34469.2956059078,12790.6831919389,92
"fremtpl2_severity_raw","random",3,"tail","L1",0,2.5,"full","blocked",NA,654.952245208714,4045.61370209152,60886.8407310858,2017.08036895422,TRUE,192531.066345266,36324.8866655973,100
"fremtpl2_severity_raw","random",4,"tail","L1",0,2.5,"full","blocked",NA,682.15479716586,1346.91754927292,6219.66472781155,2025.65553734289,TRUE,19659.0120649585,9228.82892888298,99
"fremtpl2_severity_raw","random",5,"tail","L1",0,2.5,"full","blocked",NA,675.775393864168,1950.83529906836,11910.6786627992,2074.29504959814,TRUE,37069.2738050457,14590.5073702657,101
"fremtpl2_severity_raw","random",6,"tail","L1",0,2.5,"full","blocked",NA,717.167264328645,1973.79018129819,11983.4282657047,2354.67887273229,TRUE,35756.3462446045,13818.1973310549,112
"fremtpl2_severity_raw","random",7,"tail","L1",0,2.5,"full","blocked",NA,723.080013840985,2951.58349952745,45064.8053901131,2263.64795784789,TRUE,131171.103087317,21427.4464344697,118
"fremtpl2_severity_raw","random",8,"tail","L1",0,2.5,"full","blocked",NA,779.176107230217,2008.07329359685,11548.1692290676,2481.91981844611,TRUE,32103.2001217678,12271.9946089596,129
"fremtpl2_severity_raw","random",9,"tail","L1",0,2.5,"full","blocked",NA,712.93521353253,1456.05005279702,7818.60055520132,2342.00309739356,TRUE,23285.4041158541,9225.91020273886,112
"fremtpl2_severity_raw","random",10,"tail","L1",0,2.5,"full","blocked",NA,712.364515391344,3095.05271942711,42750.8537769024,2244.03155505016,TRUE,126603.370607831,23459.1902399263,114
"fremtpl2_severity_raw","random",11,"tail","L1",0,2.5,"full","blocked",NA,712.736687822745,2937.74133770138,45041.2591210559,2435.48993344484,TRUE,133976.609247359,22278.3272135031,113
"fremtpl2_severity_raw","random",12,"tail","L1",0,2.5,"full","blocked",NA,715.681880716291,1787.36354493562,12118.4990817925,2185.81128511277,TRUE,35687.0147694742,11867.1581398092,115
"fremtpl2_severity_raw","random",13,"tail","L1",0,2.5,"full","blocked",NA,700.200967465476,3877.97365726757,60596.7148185472,2105.17067452343,TRUE,187891.574932681,33018.2021504385,104
"fremtpl2_severity_raw","random",14,"tail","L1",0,2.5,"full","blocked",NA,675.528638929418,3101.0284252336,45663.0722408071,2089.38046148198,TRUE,142933.035135254,26042.8280803077,102
"fremtpl2_severity_raw","random",15,"tail","L1",0,2.5,"full","blocked",NA,666.034902083018,1578.28903396017,8102.38356591596,1880.82965142508,TRUE,27458.5760420785,12829.6814415674,86
"fremtpl2_severity_raw","random",16,"tail","L1",0,2.5,"full","blocked",NA,654.234363054024,2004.69124132639,13306.3175016088,1972.41919798859,TRUE,42897.2256761402,16438.9021464391,96
"fremtpl2_severity_raw","random",17,"tail","L1",0,2.5,"full","blocked",NA,685.080088582894,4221.21365379833,61209.6499607034,2066.4094648193,TRUE,193550.992268923,37814.3817524298,100
"fremtpl2_severity_raw","random",18,"tail","L1",0,2.5,"full","blocked",NA,688.780510863967,3280.83176730466,45750.3650954234,2256.52725826026,TRUE,136693.150176697,25677.4790991787,112
"fremtpl2_severity_raw","random",19,"tail","L1",0,2.5,"full","blocked",NA,694.038361034191,3163.71635284994,42501.5958792665,2153.62813863238,TRUE,130527.885414377,25894.3047069882,106
"fremtpl2_severity_raw","random",20,"tail","L1",0,2.5,"full","blocked",NA,637.232126222067,2542.99375829148,44665.792380309,1854.81608321844,TRUE,153186.123894098,24771.2227251908,85
"fremtpl2_severity_raw","random",21,"tail","L1",0,2.5,"full","blocked",NA,738.287103722869,3181.2703617337,42650.0088457968,2610.86006165452,TRUE,123622.400781981,23159.9051712337,119
"fremtpl2_severity_raw","random",22,"tail","L1",0,2.5,"full","blocked",NA,682.218415023579,1611.43184138743,10847.0898502595,2080.64059864866,TRUE,34071.097353182,11641.2928672573,101
"fremtpl2_severity_raw","random",23,"tail","L1",0,2.5,"full","blocked",NA,692.913990502337,2314.36074756123,15033.4390288047,2354.74745124524,TRUE,46133.6800751955,17845.8852692474,106
"fremtpl2_severity_raw","random",24,"tail","L1",0,2.5,"full","blocked",NA,682.670841352071,2846.86623350964,45292.0342597519,2072.89123712065,TRUE,142500.762567605,23856.2789656328,101
"fremtpl2_severity_raw","random",25,"tail","L1",0,2.5,"full","blocked",NA,692.480082791252,1773.41104212011,11147.0122877011,2047.95334500891,TRUE,35365.3129862605,13420.8962948653,99
"fremtpl2_severity_raw","random",26,"tail","L1",0,2.5,"full","blocked",NA,742.785609874957,3035.3944458662,44978.1834755408,2374.08596191492,TRUE,133199.634220716,22734.981110753,114
"fremtpl2_severity_raw","random",27,"tail","L1",0,2.5,"full","blocked",NA,653.847653846525,1596.18202242701,9407.60299278479,2006.46223957873,TRUE,30613.0845704529,12483.1956033054,94
"fremtpl2_severity_raw","random",28,"tail","L1",0,2.5,"full","blocked",NA,661.734931731326,2984.48514158067,42389.3399507986,1914.87326122734,TRUE,139736.947399212,27701.4332597033,92
"fremtpl2_severity_raw","random",29,"tail","L1",0,2.5,"full","blocked",NA,636.631260574866,1527.84181925903,10675.1487914488,1679.92739882165,TRUE,37670.1182721986,13453.9825137468,80
"fremtpl2_severity_raw","random",30,"tail","L1",0,2.5,"full","blocked",NA,665.779088443192,2263.84364369731,13343.2030852308,2034.48173608449,TRUE,42147.6135692836,18398.8883339926,100
"fremtpl2_severity_raw","random",1,"tail","L1",1,2.5,"full","blocked",NA,706.58615387268,2863.34486632158,45047.1191151989,2077.10218536905,TRUE,141032.448266281,23653.321555509,102
"fremtpl2_severity_raw","random",2,"tail","L1",1,2.5,"full","blocked",NA,645.114380720883,1596.40396000686,10472.5768582639,1954.99927817883,TRUE,34462.9199864311,12788.4520036582,92
"fremtpl2_severity_raw","random",3,"tail","L1",1,2.5,"full","blocked",NA,653.787882314463,4044.2110392379,60886.2856437259,2004.32088575408,TRUE,192529.346872333,36318.7401200583,100
"fremtpl2_severity_raw","random",4,"tail","L1",1,2.5,"full","blocked",NA,679.890035311144,1349.51596814034,6220.51306246357,2037.29722693608,TRUE,19662.4169656811,9246.49014175117,99
"fremtpl2_severity_raw","random",5,"tail","L1",1,2.5,"full","blocked",NA,667.967953322296,1894.74792378526,11799.33071357,2049.97491928232,TRUE,37074.5351069183,14629.4726398167,101
"fremtpl2_severity_raw","random",6,"tail","L1",1,2.5,"full","blocked",NA,716.526329809842,1973.53773306051,11983.0167944568,2363.94482612055,TRUE,35755.2504627036,13821.0814359568,112
"fremtpl2_severity_raw","random",7,"tail","L1",1,2.5,"full","blocked",NA,719.912195194635,2939.42609976285,45063.4511387134,2261.40515497252,TRUE,131172.23662303,21434.4216581204,118
"fremtpl2_severity_raw","random",8,"tail","L1",1,2.5,"full","blocked",NA,779.936755449011,2010.07707573762,11550.9127833331,2508.87567408301,TRUE,32110.8488622085,12282.4647037441,129
"fremtpl2_severity_raw","random",9,"tail","L1",1,2.5,"full","blocked",NA,712.634414635803,1455.33009532787,7817.86438015215,2341.19945463959,TRUE,23283.2906067359,9228.94350140816,112
"fremtpl2_severity_raw","random",10,"tail","L1",1,2.5,"full","blocked",NA,717.1578873592,3098.58975056009,42750.1239439725,2247.77272396111,TRUE,126600.804392418,23449.9274000429,114
"fremtpl2_severity_raw","random",11,"tail","L1",1,2.5,"full","blocked",NA,707.575157372524,2934.02682640624,45041.6391478839,2456.87133390987,TRUE,133977.963778463,22295.0887936136,113
"fremtpl2_severity_raw","random",12,"tail","L1",1,2.5,"full","blocked",NA,714.475184469433,1785.38555007569,12117.1261234317,2162.0437942977,TRUE,35683.2068490953,11843.0327763772,115
"fremtpl2_severity_raw","random",13,"tail","L1",1,2.5,"full","blocked",NA,699.970745708564,3876.95656579022,60595.6267899655,2086.63667060799,TRUE,187888.20697621,33010.6084186347,104
"fremtpl2_severity_raw","random",14,"tail","L1",1,2.5,"full","blocked",NA,672.786960684272,3075.09955935119,45653.3020683084,2108.87800263803,TRUE,142932.321501491,26044.3510283363,102
"fremtpl2_severity_raw","random",15,"tail","L1",1,2.5,"full","blocked",NA,666.014965397068,1568.8034754882,8085.3874441889,1878.16879067632,TRUE,27457.8102627155,12829.2862244318,86
"fremtpl2_severity_raw","random",16,"tail","L1",1,2.5,"full","blocked",NA,654.871991968236,2005.63044710004,13304.6886325279,1955.41449310508,TRUE,42891.8477692355,16431.5488501176,96
"fremtpl2_severity_raw","random",17,"tail","L1",1,2.5,"full","blocked",NA,688.898307019411,4224.4805002766,61210.6928336784,2035.34534413988,TRUE,193554.17315029,37804.948075779,100
"fremtpl2_severity_raw","random",18,"tail","L1",1,2.5,"full","blocked",NA,686.9367224067,3278.17769593477,45750.5394145645,2284.20013872243,TRUE,136693.744983122,25683.2229430536,112
"fremtpl2_severity_raw","random",19,"tail","L1",1,2.5,"full","blocked",NA,693.391369140793,3163.23031612967,42501.4076998304,2160.33224209772,TRUE,130527.337699015,25892.6495335777,106
"fremtpl2_severity_raw","random",20,"tail","L1",1,2.5,"full","blocked",NA,634.360064757907,2539.64468747136,44664.938717974,1850.27888822625,TRUE,153183.292022145,24763.6982809991,85
"fremtpl2_severity_raw","random",21,"tail","L1",1,2.5,"full","blocked",NA,738.198189096217,3180.60175124217,42647.3002353433,2541.64804536274,TRUE,123614.861447869,23133.9320456074,119
"fremtpl2_severity_raw","random",22,"tail","L1",1,2.5,"full","blocked",NA,687.005852012163,1617.91561621951,10848.8087427506,2082.91946390753,TRUE,34075.63515747,11641.9664109141,101
"fremtpl2_severity_raw","random",23,"tail","L1",1,2.5,"full","blocked",NA,690.85254578708,2314.36694850712,15034.2402895027,2267.91268656269,TRUE,46136.1780970234,17843.644350152,106
"fremtpl2_severity_raw","random",24,"tail","L1",1,2.5,"full","blocked",NA,683.248599183218,2847.19780927522,45291.886646735,2079.04574644726,TRUE,142500.273120965,23850.7980350825,101
"fremtpl2_severity_raw","random",25,"tail","L1",1,2.5,"full","blocked",NA,695.838253390335,1784.29447672079,11154.2627999119,2037.28439634718,TRUE,35372.7981961802,13433.7341919184,99
"fremtpl2_severity_raw","random",26,"tail","L1",1,2.5,"full","blocked",NA,732.697587825933,3027.86948269325,44977.7040063304,2480.04519650723,TRUE,133198.672741319,22736.1911085282,114
"fremtpl2_severity_raw","random",27,"tail","L1",1,2.5,"full","blocked",NA,653.372597516175,1595.95188868061,9408.20065563548,2023.76329226488,TRUE,30615.0792926604,12483.3593252787,94
"fremtpl2_severity_raw","random",28,"tail","L1",1,2.5,"full","blocked",NA,664.742165806786,2985.46036373529,42390.2370565675,1920.76255552811,TRUE,139739.757533861,27698.5764968402,92
"fremtpl2_severity_raw","random",29,"tail","L1",1,2.5,"full","blocked",NA,631.482391417102,1523.58625540014,10676.9637041515,1664.58039010927,TRUE,37677.562091665,13460.1079173691,80
"fremtpl2_severity_raw","random",30,"tail","L1",1,2.5,"full","blocked",NA,663.596743025053,2259.74815791723,13340.9503358045,2029.80953090582,TRUE,42140.7915550699,18396.477323492,100
"fremtpl2_severity_raw","random",1,"tail","L1",2,2.5,"full","blocked",NA,708.274103225698,2862.48442136913,45046.8902078641,2058.16509383814,TRUE,141031.832422284,23639.1299682886,102
"fremtpl2_severity_raw","random",2,"tail","L1",2,2.5,"full","blocked",NA,644.764491082537,1596.05338985829,10472.8723497972,1960.86582351966,TRUE,34463.9563238749,12791.0330328471,92
"fremtpl2_severity_raw","random",3,"tail","L1",2,2.5,"full","blocked",NA,651.171873903336,4044.26115486465,60888.0693312029,2017.55702853599,TRUE,192535.068645505,36339.3509490824,100
"fremtpl2_severity_raw","random",4,"tail","L1",2,2.5,"full","blocked",NA,680.81458918528,1346.78469328582,6221.86643006508,2022.43715102139,TRUE,19666.4956965566,9242.12572547352,99
"fremtpl2_severity_raw","random",5,"tail","L1",2,2.5,"full","blocked",NA,671.280746722504,1898.01036017936,11797.8243094196,2045.5115100709,TRUE,37069.2701673059,14615.892572919,101
"fremtpl2_severity_raw","random",6,"tail","L1",2,2.5,"full","blocked",NA,717.986308997849,1974.63686320406,11984.049127017,2369.55435556034,TRUE,35758.0967095868,13822.9725099099,112
"fremtpl2_severity_raw","random",7,"tail","L1",2,2.5,"full","blocked",NA,724.034782312842,2963.03294128873,45067.4590482369,2266.35041765878,TRUE,131175.422020367,21480.247939554,118
"fremtpl2_severity_raw","random",8,"tail","L1",2,2.5,"full","blocked",NA,779.170610197236,2007.86999255335,11549.3569254835,2554.17837907506,TRUE,32106.7845409181,12281.4240691248,129
"fremtpl2_severity_raw","random",9,"tail","L1",2,2.5,"full","blocked",NA,712.066084117043,1454.92184637776,7818.77826614474,2350.12325918334,TRUE,23286.2387758593,9231.58190401728,112
"fremtpl2_severity_raw","random",10,"tail","L1",2,2.5,"full","blocked",NA,714.916751107704,3097.09871835279,42750.3384105724,2226.30660948018,TRUE,126601.704167855,23454.6891399896,114
"fremtpl2_severity_raw","random",11,"tail","L1",2,2.5,"full","blocked",NA,708.039542970346,2934.38873328092,45041.5029846782,2464.41381719084,TRUE,133977.560763692,22297.0719821644,113
"fremtpl2_severity_raw","random",12,"tail","L1",2,2.5,"full","blocked",NA,716.536089193351,1788.87460367801,12119.431367883,2177.44487335235,TRUE,35689.7538149864,11875.7944202018,115
"fremtpl2_severity_raw","random",13,"tail","L1",2,2.5,"full","blocked",NA,697.352068340857,3876.29565501333,60596.2408706216,2104.17771937869,TRUE,187890.19608303,33018.3847177139,104
"fremtpl2_severity_raw","random",14,"tail","L1",2,2.5,"full","blocked",NA,675.02540719004,3121.03419643611,45680.0928663117,2101.29223764188,TRUE,142934.496598157,26048.8946396067,102
"fremtpl2_severity_raw","random",15,"tail","L1",2,2.5,"full","blocked",NA,665.617699966602,1563.03321136669,8081.98133928182,1874.61575109348,TRUE,27460.7931934164,12831.6362789908,86
"fremtpl2_severity_raw","random",16,"tail","L1",2,2.5,"full","blocked",NA,654.943768327573,2004.00539532302,13304.6387790744,1958.91229685699,TRUE,42891.7165267465,16423.1983576796,96
"fremtpl2_severity_raw","random",17,"tail","L1",2,2.5,"full","blocked",NA,686.401806777896,4221.79415548338,61209.4086258629,2057.08281744694,TRUE,193550.187675681,37805.4972416926,100
"fremtpl2_severity_raw","random",18,"tail","L1",2,2.5,"full","blocked",NA,687.620008540866,3280.27193237802,45750.392140158,2256.70688062451,TRUE,136693.27827828,25680.1233338507,112
"fremtpl2_severity_raw","random",19,"tail","L1",2,2.5,"full","blocked",NA,691.756242070907,3162.83641959701,42501.7345807586,2162.92465740016,TRUE,130528.419485163,25902.503881345,106
"fremtpl2_severity_raw","random",20,"tail","L1",2,2.5,"full","blocked",NA,635.567484085717,2539.4620199233,44664.922893358,1850.48424507891,TRUE,153183.193325843,24760.324644214,85
"fremtpl2_severity_raw","random",21,"tail","L1",2,2.5,"full","blocked",NA,736.038766170938,3178.39732828078,42649.4998591078,2573.7876743402,TRUE,123621.294171485,23141.4359168445,119
"fremtpl2_severity_raw","random",22,"tail","L1",2,2.5,"full","blocked",NA,681.641790574804,1612.20926525197,10848.7579278636,2085.55260353466,TRUE,34076.4608139717,11648.1041406544,101
"fremtpl2_severity_raw","random",23,"tail","L1",2,2.5,"full","blocked",NA,692.687185961476,2315.36846811902,15033.309000044,2342.30000484807,TRUE,46133.1662068436,17841.9426279235,106
"fremtpl2_severity_raw","random",24,"tail","L1",2,2.5,"full","blocked",NA,686.038794265106,2847.4349351327,45291.5989945924,2071.00308088748,TRUE,142499.248935374,23843.2132940353,101
"fremtpl2_severity_raw","random",25,"tail","L1",2,2.5,"full","blocked",NA,689.892837778618,1773.77769545345,11149.6636212981,2066.10108428394,TRUE,35374.2318406205,13439.2824568577,99
"fremtpl2_severity_raw","random",26,"tail","L1",2,2.5,"full","blocked",NA,731.892821886019,3028.68067198752,44978.0329372002,2472.72911943917,TRUE,133199.685907649,22744.7160504616,114
"fremtpl2_severity_raw","random",27,"tail","L1",2,2.5,"full","blocked",NA,653.041460205225,1595.55347268022,9408.00471392501,2005.81749765418,TRUE,30614.4790311527,12483.2592000076,94
"fremtpl2_severity_raw","random",28,"tail","L1",2,2.5,"full","blocked",NA,661.821691449929,2984.67556517011,42389.7701109809,1949.01999336253,TRUE,139738.345972701,27708.3489219938,92
"fremtpl2_severity_raw","random",29,"tail","L1",2,2.5,"full","blocked",NA,630.355492185167,1523.68932410477,10677.0142947557,1666.28635477867,TRUE,37677.9851603454,13460.5132806817,80
"fremtpl2_severity_raw","random",30,"tail","L1",2,2.5,"full","blocked",NA,659.504488437732,2258.58117752094,13342.6099285714,2033.18554355799,TRUE,42146.6236076829,18401.8519155772,100
"fremtpl2_severity_raw","random",1,"tail","auto-valgate",0,2.5,"full","blocked",NA,697.318693471478,2871.83744530053,45048.664858327,2189.95118577435,TRUE,141037.92029292,23723.4694975247,102
"fremtpl2_severity_raw","random",2,"tail","auto-valgate",0,2.5,"full","blocked",NA,645.786871970378,1596.95464962298,10475.3787588819,1982.99476586996,TRUE,34472.0007222805,12805.1196001643,92
"fremtpl2_severity_raw","random",3,"tail","auto-valgate",0,2.5,"full","blocked",NA,653.642402477959,4044.73693730413,60886.1727894824,2013.54778797084,TRUE,192528.993917055,36322.8413096805,100
"fremtpl2_severity_raw","random",4,"tail","auto-valgate",0,2.5,"full","blocked",NA,677.421076541222,1375.60947478683,6237.71352395644,2114.33497861131,TRUE,19717.9278723841,9330.03395168974,99
"fremtpl2_severity_raw","random",5,"tail","auto-valgate",0,2.5,"full","blocked",NA,670.989340546785,1900.14479143442,11802.0523266814,2095.78840721412,TRUE,37083.1604666871,14660.5011012533,101
"fremtpl2_severity_raw","random",6,"tail","auto-valgate",0,2.5,"full","blocked",NA,717.691515679933,1973.85265860023,11986.1531102763,2362.96693766941,TRUE,35764.5203708935,13835.1530197001,112
"fremtpl2_severity_raw","random",7,"tail","auto-valgate",0,2.5,"full","blocked",NA,727.399875290802,3019.98362353565,45094.2179551682,2372.71799640513,TRUE,131174.908092319,21511.8184834219,118
"fremtpl2_severity_raw","random",8,"tail","auto-valgate",0,2.5,"full","blocked",NA,780.955177496325,2035.26548520951,11560.3000740641,2623.32094200758,TRUE,32137.965042709,12359.1175724275,129
"fremtpl2_severity_raw","random",9,"tail","auto-valgate",0,2.5,"full","blocked",NA,713.132437497079,1459.16648536053,7823.62991723627,2373.84839705984,TRUE,23300.7059239583,9264.11052823023,112
"fremtpl2_severity_raw","random",10,"tail","auto-valgate",0,2.5,"full","blocked",NA,707.295580787237,3115.14712407749,42756.0312452213,2369.77158912299,TRUE,126618.740620515,23553.5352649954,114
"fremtpl2_severity_raw","random",11,"tail","auto-valgate",0,2.5,"full","blocked",NA,707.214832961901,2949.31559244121,45041.4026694903,2422.17124122782,TRUE,133977.173437121,22304.2788640494,113
"fremtpl2_severity_raw","random",12,"tail","auto-valgate",0,2.5,"full","blocked",NA,711.860677050213,1806.58121439307,12128.2249860661,2246.06529401225,TRUE,35716.9212354195,11941.4812002744,115
"fremtpl2_severity_raw","random",13,"tail","auto-valgate",0,2.5,"full","blocked",NA,696.515827130489,3904.55531506946,60600.048128362,2310.38039403196,TRUE,187900.95278603,33089.862565205,104
"fremtpl2_severity_raw","random",14,"tail","auto-valgate",0,2.5,"full","blocked",NA,675.118020943615,3078.94018245114,45651.8804058021,2088.90519596019,TRUE,142927.797206388,26043.3745402637,102
"fremtpl2_severity_raw","random",15,"tail","auto-valgate",0,2.5,"full","blocked",NA,657.975455318278,1629.31477256286,8230.69554248228,1935.39441958386,TRUE,27504.4133629031,12921.7914375242,86
"fremtpl2_severity_raw","random",16,"tail","auto-valgate",0,2.5,"full","blocked",NA,660.129405287123,2027.40902498529,13301.6877474215,1966.71217110685,TRUE,42881.3081710998,16422.7646708879,96
"fremtpl2_severity_raw","random",17,"tail","auto-valgate",0,2.5,"full","blocked",NA,691.648862188234,4237.67582842683,61206.7335770178,2139.5677116919,TRUE,193541.660855382,37801.0843974398,100
"fremtpl2_severity_raw","random",18,"tail","auto-valgate",0,2.5,"full","blocked",NA,678.725029818059,3299.38643155325,45754.3164957321,2365.40495741708,TRUE,136705.486012515,25777.1396798279,112
"fremtpl2_severity_raw","random",19,"tail","auto-valgate",0,2.5,"full","blocked",NA,696.711156202875,3190.9703326511,42505.9011088075,2229.35158813855,TRUE,130541.021604606,25967.1033697838,106
"fremtpl2_severity_raw","random",20,"tail","auto-valgate",0,2.5,"full","blocked",NA,632.796634818541,2546.21629870904,44665.5656853655,1886.85204098009,TRUE,153185.453178977,24795.6637705656,85
"fremtpl2_severity_raw","random",21,"tail","auto-valgate",0,2.5,"full","blocked",NA,730.338459016035,3189.82337584312,42642.6090098392,2511.63417940818,TRUE,123601.410762274,23123.173733944,119
"fremtpl2_severity_raw","random",22,"tail","auto-valgate",0,2.5,"full","blocked",NA,683.609790399404,1619.39958064257,10852.8590468117,2095.63430510912,TRUE,34088.9999434803,11672.7138517468,101
"fremtpl2_severity_raw","random",23,"tail","auto-valgate",0,2.5,"full","blocked",NA,690.965059179507,2337.70148233577,15040.6513810176,2343.93604087509,TRUE,46156.1531841914,17899.164931901,106
"fremtpl2_severity_raw","random",24,"tail","auto-valgate",0,2.5,"full","blocked",NA,686.077010124677,2849.11725224742,45292.2382335984,2046.95278237672,TRUE,142501.255584383,23839.7881375552,101
"fremtpl2_severity_raw","random",25,"tail","auto-valgate",0,2.5,"full","blocked",NA,695.498840824337,1797.05287369558,11161.9888470556,2177.97180745876,TRUE,35413.6288466511,13523.9963802126,99
"fremtpl2_severity_raw","random",26,"tail","auto-valgate",0,2.5,"full","blocked",NA,731.716970801996,3052.55079057822,44983.6721902633,2587.11989938712,TRUE,133216.633897682,22848.2907031172,114
"fremtpl2_severity_raw","random",27,"tail","auto-valgate",0,2.5,"full","blocked",NA,649.015452600509,1611.93580336639,9417.71799852964,2083.78202717105,TRUE,30646.6239402508,12551.6960447897,94
"fremtpl2_severity_raw","random",28,"tail","auto-valgate",0,2.5,"full","blocked",NA,661.128946800003,2987.82531277683,42391.8495876699,1951.57340624845,TRUE,139745.18727987,27736.6756726986,92
"fremtpl2_severity_raw","random",29,"tail","auto-valgate",0,2.5,"full","blocked",NA,622.321314058538,1577.91149982202,10727.527122413,1741.66434725585,TRUE,37708.5237007036,13541.7944044996,80
"fremtpl2_severity_raw","random",30,"tail","auto-valgate",0,2.5,"full","blocked",NA,663.605006526941,2259.93467390532,13342.3983694487,2026.71087496519,TRUE,42145.3745747797,18403.8606472963,100
"fremtpl2_severity_raw","random",1,"tail","auto-valgate",1,2.5,"full","blocked",NA,707.007763972797,2859.32435743036,45047.2229186699,2062.2160214179,TRUE,141032.981914874,23663.9646001353,102
"fremtpl2_severity_raw","random",2,"tail","auto-valgate",1,2.5,"full","blocked",NA,638.819631758899,1619.08486383136,10482.7063325006,2063.66625445975,TRUE,34496.9647769736,12879.8212196429,92
"fremtpl2_severity_raw","random",3,"tail","auto-valgate",1,2.5,"full","blocked",NA,644.695439257574,4065.30593077353,60883.8515484547,2104.01274284934,TRUE,192521.903968669,36390.0634444325,100
"fremtpl2_severity_raw","random",4,"tail","auto-valgate",1,2.5,"full","blocked",NA,672.974491256844,1370.67970366749,6232.35483081047,2093.16409289361,TRUE,19702.0077904361,9326.39212432473,99
"fremtpl2_severity_raw","random",5,"tail","auto-valgate",1,2.5,"full","blocked",NA,666.133252256422,1916.724528785,11807.3328412257,2207.00091221783,TRUE,37099.7121206992,14693.9077985685,101
"fremtpl2_severity_raw","random",6,"tail","auto-valgate",1,2.5,"full","blocked",NA,713.310431206145,1994.33579440469,11994.0839181682,2413.5064157016,TRUE,35789.5045368373,13914.9420610998,112
"fremtpl2_severity_raw","random",7,"tail","auto-valgate",1,2.5,"full","blocked",NA,720.780023817265,2944.80126965111,45066.1176365471,2305.52654403019,TRUE,131180.080370796,21476.9063408471,118
"fremtpl2_severity_raw","random",8,"tail","auto-valgate",1,2.5,"full","blocked",NA,784.169905161106,2040.23120908287,11560.894935026,2674.02941349453,TRUE,32139.4716302945,12380.22529846,129
"fremtpl2_severity_raw","random",9,"tail","auto-valgate",1,2.5,"full","blocked",NA,714.758302379057,1480.38014090918,7827.78058322547,2387.89190996153,TRUE,23313.368031037,9304.9597405163,112
"fremtpl2_severity_raw","random",10,"tail","auto-valgate",1,2.5,"full","blocked",NA,709.27383735054,3118.49173194903,42754.8002778193,2376.22352713042,TRUE,126615.378579956,23565.0612492142,114
"fremtpl2_severity_raw","random",11,"tail","auto-valgate",1,2.5,"full","blocked",NA,702.985908953034,2948.7642670759,45044.1823369706,2496.46942762357,TRUE,133985.856212453,22370.2671714728,113
"fremtpl2_severity_raw","random",12,"tail","auto-valgate",1,2.5,"full","blocked",NA,716.101757150422,1785.58391964593,12119.1573371763,2185.70675117748,TRUE,35688.9653490626,11874.5760254392,115
"fremtpl2_severity_raw","random",13,"tail","auto-valgate",1,2.5,"full","blocked",NA,705.025762685544,3905.09798779326,60598.1126403972,2203.90553357618,TRUE,187895.799060332,33110.181585539,104
"fremtpl2_severity_raw","random",14,"tail","auto-valgate",1,2.5,"full","blocked",NA,673.859613883456,3100.87447294293,45653.4620383717,2158.48743239173,TRUE,142932.770137811,26117.7797554152,102
"fremtpl2_severity_raw","random",15,"tail","auto-valgate",1,2.5,"full","blocked",NA,664.24290811366,1560.10745664866,8080.91121639709,1840.21772729235,TRUE,27460.0699657531,12830.6398867294,86
"fremtpl2_severity_raw","random",16,"tail","auto-valgate",1,2.5,"full","blocked",NA,644.518785841974,2022.03437598677,13311.8549435172,2045.09228772031,TRUE,42916.2961959777,16513.6154888748,96
"fremtpl2_severity_raw","random",17,"tail","auto-valgate",1,2.5,"full","blocked",NA,687.623895893689,4222.11909851897,61211.142518626,2033.57880655544,TRUE,193555.636044925,37822.8808468499,100
"fremtpl2_severity_raw","random",18,"tail","auto-valgate",1,2.5,"full","blocked",NA,677.004504519333,3299.08490176547,45756.902996102,2353.89793822046,TRUE,136713.266952767,25776.5004412648,112
"fremtpl2_severity_raw","random",19,"tail","auto-valgate",1,2.5,"full","blocked",NA,693.906954956473,3188.20204575734,42507.3554849361,2230.27035343868,TRUE,130545.682150293,26007.7239899308,106
"fremtpl2_severity_raw","random",20,"tail","auto-valgate",1,2.5,"full","blocked",NA,636.054593934753,2539.02400817909,44666.0181856183,1832.84527977801,TRUE,153186.923765116,24770.9508871698,85
"fremtpl2_severity_raw","random",21,"tail","auto-valgate",1,2.5,"full","blocked",NA,730.061104859823,3238.28341145394,42673.3332157663,2659.78007892328,TRUE,123628.774319411,23223.4468785297,119
"fremtpl2_severity_raw","random",22,"tail","auto-valgate",1,2.5,"full","blocked",NA,687.676597327544,1670.56369907721,10906.7145113315,2133.48274924433,TRUE,34097.6046550005,11719.1905149086,101
"fremtpl2_severity_raw","random",23,"tail","auto-valgate",1,2.5,"full","blocked",NA,698.393090645789,2317.80302454126,15033.257665581,2369.40838341305,TRUE,46132.1296433902,17840.3888833413,106
"fremtpl2_severity_raw","random",24,"tail","auto-valgate",1,2.5,"full","blocked",NA,677.372547972101,2863.98895068392,45295.7932559783,2154.36632022784,TRUE,142512.812713621,23935.793754972,101
"fremtpl2_severity_raw","random",25,"tail","auto-valgate",1,2.5,"full","blocked",NA,685.41018247559,1801.25345231762,11160.2275938515,2172.01417773219,TRUE,35408.4638639817,13520.1872994457,99
"fremtpl2_severity_raw","random",26,"tail","auto-valgate",1,2.5,"full","blocked",NA,737.663491668509,3058.63019390528,44982.4311894556,2410.79812523338,TRUE,133212.67342017,22840.8992477106,114
"fremtpl2_severity_raw","random",27,"tail","auto-valgate",1,2.5,"full","blocked",NA,653.882785055084,1594.87501162231,9405.89800781651,2006.52415793091,TRUE,30607.5170434599,12472.7736279996,94
"fremtpl2_severity_raw","random",28,"tail","auto-valgate",1,2.5,"full","blocked",NA,657.178245347273,3010.56671368925,42392.5835372741,2004.8489078164,TRUE,139747.728874077,27774.8552782641,92
"fremtpl2_severity_raw","random",29,"tail","auto-valgate",1,2.5,"full","blocked",NA,616.419786691541,1540.05544152459,10678.7973375695,1743.23370913895,TRUE,37685.9560866446,13525.9172351109,80
"fremtpl2_severity_raw","random",30,"tail","auto-valgate",1,2.5,"full","blocked",NA,657.808394474832,2261.33488374854,13337.3450002481,1951.26853541418,TRUE,42130.1875965894,18364.3354238331,100
"fremtpl2_severity_raw","random",1,"tail","auto-valgate",2,2.5,"full","blocked",NA,709.557308318283,2871.51754484987,45048.1791828983,2124.01989359483,TRUE,141035.995112792,23700.891224781,102
"fremtpl2_severity_raw","random",2,"tail","auto-valgate",2,2.5,"full","blocked",NA,640.893353914086,1623.76333916905,10481.726990961,2067.87854837189,TRUE,34493.4115179151,12876.3323127658,92
"fremtpl2_severity_raw","random",3,"tail","auto-valgate",2,2.5,"full","blocked",NA,645.25729933753,4067.19851674892,60890.6571533818,2071.57958892138,TRUE,192543.418017746,36403.1282286805,100
"fremtpl2_severity_raw","random",4,"tail","auto-valgate",2,2.5,"full","blocked",NA,675.93701709198,1368.52187279522,6226.06340150456,2101.383463144,TRUE,19681.1291746267,9278.87161213358,99
"fremtpl2_severity_raw","random",5,"tail","auto-valgate",2,2.5,"full","blocked",NA,669.928304681567,1900.86033583141,11799.0727608946,2079.61142133754,TRUE,37073.419118252,14645.1653995255,101
"fremtpl2_severity_raw","random",6,"tail","auto-valgate",2,2.5,"full","blocked",NA,713.672152103038,1992.80531639974,11989.6776995486,2413.49665666148,TRUE,35776.0320850006,13893.5454424249,112
"fremtpl2_severity_raw","random",7,"tail","auto-valgate",2,2.5,"full","blocked",NA,721.236612363363,2939.4618420075,45064.1484213947,2268.73249642264,TRUE,131174.23632856,21439.9779345989,118
"fremtpl2_severity_raw","random",8,"tail","auto-valgate",2,2.5,"full","blocked",NA,786.125444782856,2070.40724576138,11625.8530688489,2673.66509079854,TRUE,32150.2791530138,12390.5977333981,129
"fremtpl2_severity_raw","random",9,"tail","auto-valgate",2,2.5,"full","blocked",NA,713.888860308505,1482.06487890559,7832.3559643356,2455.62373942012,TRUE,23327.501920706,9321.24265583614,112
"fremtpl2_severity_raw","random",10,"tail","auto-valgate",2,2.5,"full","blocked",NA,707.330041913759,3117.10290922263,42751.6838711661,2345.63059083453,TRUE,126605.386900099,23546.8623647199,114
"fremtpl2_severity_raw","random",11,"tail","auto-valgate",2,2.5,"full","blocked",NA,708.335861573189,2938.64914636688,45043.1559472599,2476.97442373925,TRUE,133982.4857016,22314.6169578458,113
"fremtpl2_severity_raw","random",12,"tail","auto-valgate",2,2.5,"full","blocked",NA,712.564913213629,1809.19017761192,12131.4013842291,2235.41592315227,TRUE,35726.2922024029,11956.1638813,115
"fremtpl2_severity_raw","random",13,"tail","auto-valgate",2,2.5,"full","blocked",NA,701.710485306462,3877.29863345708,60596.8370080619,2105.41464144675,TRUE,187891.910072485,33012.9736245846,104
"fremtpl2_severity_raw","random",14,"tail","auto-valgate",2,2.5,"full","blocked",NA,669.486592803286,3097.8705173032,45657.8340631825,2182.13072428788,TRUE,142946.650193304,26130.2858689207,102
"fremtpl2_severity_raw","random",15,"tail","auto-valgate",2,2.5,"full","blocked",NA,663.84547623144,1559.80066806601,8079.99622657758,1872.26109706977,TRUE,27457.1386577377,12829.2683359851,86
"fremtpl2_severity_raw","random",16,"tail","auto-valgate",2,2.5,"full","blocked",NA,653.722732870263,2009.41820458484,13310.433305044,1985.47130712295,TRUE,42910.5169538862,16457.9403416018,96
"fremtpl2_severity_raw","random",17,"tail","auto-valgate",2,2.5,"full","blocked",NA,684.471866348754,4245.26307935876,61214.4078852831,2177.56635662967,TRUE,193566.051181066,37898.4337393554,100
"fremtpl2_severity_raw","random",18,"tail","auto-valgate",2,2.5,"full","blocked",NA,685.019809815545,3301.73596379365,45753.6173590829,2337.5209967496,TRUE,136703.174727825,25750.1946366909,112
"fremtpl2_severity_raw","random",19,"tail","auto-valgate",2,2.5,"full","blocked",NA,699.191152084956,3196.32973569958,42505.5153059936,2210.10522973928,TRUE,130539.7133312,25987.8495282953,106
"fremtpl2_severity_raw","random",20,"tail","auto-valgate",2,2.5,"full","blocked",NA,635.385469634037,2550.10431554094,44665.3378579856,1880.33270818198,TRUE,153184.533752742,24800.7649681515,85
"fremtpl2_severity_raw","random",21,"tail","auto-valgate",2,2.5,"full","blocked",NA,727.540878048718,3194.50700714233,42653.3655511882,2553.30702434636,TRUE,123632.929724385,23213.9121693166,119
"fremtpl2_severity_raw","random",22,"tail","auto-valgate",2,2.5,"full","blocked",NA,685.142408025161,1641.22632052208,10858.9113310376,2166.19311545943,TRUE,34107.6861373004,11727.9072706931,101
"fremtpl2_severity_raw","random",23,"tail","auto-valgate",2,2.5,"full","blocked",NA,687.791613888505,2336.75756289072,15046.0328462167,2399.59874516963,TRUE,46172.9278384506,17945.7259267354,106
"fremtpl2_severity_raw","random",24,"tail","auto-valgate",2,2.5,"full","blocked",NA,676.584224640589,2862.91534392652,45296.1322384946,2161.37423522271,TRUE,142513.923570939,23937.9121918908,101
"fremtpl2_severity_raw","random",25,"tail","auto-valgate",2,2.5,"full","blocked",NA,689.390708954026,1803.84627726403,11155.2080946683,2194.63934701074,TRUE,35391.6896433515,13509.3744605683,99
"fremtpl2_severity_raw","random",26,"tail","auto-valgate",2,2.5,"full","blocked",NA,729.792203241308,3049.07118625229,44980.2158792206,2512.26607081771,TRUE,133206.414346777,22836.1517775644,114
"fremtpl2_severity_raw","random",27,"tail","auto-valgate",2,2.5,"full","blocked",NA,654.748510833356,1595.68114102346,9407.06221982363,2007.7375067039,TRUE,30611.2012598232,12482.2100430174,94
"fremtpl2_severity_raw","random",28,"tail","auto-valgate",2,2.5,"full","blocked",NA,655.055377687378,3007.68542644316,42393.5172458851,1975.78434618809,TRUE,139750.918535292,27791.8094464363,92
"fremtpl2_severity_raw","random",29,"tail","auto-valgate",2,2.5,"full","blocked",NA,631.376715873276,1539.36892223124,10679.9494466339,1704.5439632525,TRUE,37687.9322691486,13445.5483896439,80
"fremtpl2_severity_raw","random",30,"tail","auto-valgate",2,2.5,"full","blocked",NA,651.852801746132,2278.19451542998,13353.1862232538,2091.36185077401,TRUE,42181.1760676805,18479.4706852075,100
"insurance_autoclaims_paid","random",1,"tail","LSE",0,2.5,"full","blocked",NA,1170.94503934471,1539.93197572045,2765.09465460281,2292.5050360229,TRUE,7866.15883999465,5800.95639143999,176
"insurance_autoclaims_paid","random",2,"tail","LSE",0,2.5,"full","blocked",NA,1155.11701165398,1512.68056222815,2468.23251776627,2317.6704998418,TRUE,6979.92655204095,5815.38100527429,170
"insurance_autoclaims_paid","random",3,"tail","LSE",0,2.5,"full","blocked",NA,1131.43359914587,1576.61124557261,3249.47980112748,2543.512,TRUE,9354.64372977455,6379.72803278689,183
"insurance_autoclaims_paid","random",4,"tail","LSE",0,2.5,"full","blocked",NA,1146.48821878323,1490.5501674244,2663.2010942123,2191.92186181427,TRUE,8052.51311807648,6017.55062331399,153
"insurance_autoclaims_paid","random",5,"tail","LSE",0,2.5,"full","blocked",NA,1103.7615680846,1486.37589104729,2901.19711353948,2154.57068578923,TRUE,9080.98552391582,6508.78657686032,149
"insurance_autoclaims_paid","random",6,"tail","LSE",0,2.5,"full","blocked",NA,1135.59263151577,1548.12575246616,2922.63166017202,2507.74111493451,TRUE,8396.35257351711,6219.82611477665,178
"insurance_autoclaims_paid","random",7,"tail","LSE",0,2.5,"full","blocked",NA,1138.70819622808,1500.42785066543,2797.50117110252,2026.39648271855,TRUE,8948.21971247193,6581.93797146401,139
"insurance_autoclaims_paid","random",8,"tail","LSE",0,2.5,"full","blocked",NA,1118.57954333313,1465.80040074459,2382.20528252923,2226.30862712701,TRUE,6897.20186288582,5781.65954241319,161
"insurance_autoclaims_paid","random",9,"tail","LSE",0,2.5,"full","blocked",NA,1150.29461606861,1472.55069984754,2320.58557790567,2249.78093586736,TRUE,6633.93505486173,5627.58002695208,160
"insurance_autoclaims_paid","random",10,"tail","LSE",0,2.5,"full","blocked",NA,1130.57824741837,1447.58103831735,2328.32700463277,2372.58361122991,TRUE,6440.44070218848,5315.56638028108,175
"insurance_autoclaims_paid","random",11,"tail","LSE",0,2.5,"full","blocked",NA,1153.66880393015,1447.55741499284,2293.30197714033,2279.30719183834,TRUE,6527.86532421842,5364.75790272589,160
"insurance_autoclaims_paid","random",12,"tail","LSE",0,2.5,"full","blocked",NA,1136.7027734977,1511.41773587253,2790.30873387097,2246.01267117155,TRUE,8283.04890096103,6052.95088749221,163
"insurance_autoclaims_paid","random",13,"tail","LSE",0,2.5,"full","blocked",NA,1168.22489980635,1525.02206154971,2450.20276730804,2498.07828643036,TRUE,6695.14227608814,5576.28450296693,182
"insurance_autoclaims_paid","random",14,"tail","LSE",0,2.5,"full","blocked",NA,1188.04996064355,1593.1884328931,2642.57594879308,2716.64749976609,TRUE,6976.66894747348,5761.75392806451,203
"insurance_autoclaims_paid","random",15,"tail","LSE",0,2.5,"full","blocked",NA,1117.67398302678,1491.68967032723,2754.59604697578,2354.1013729762,TRUE,8156.29684203373,6049.18710666283,164
"insurance_autoclaims_paid","random",16,"tail","LSE",0,2.5,"full","blocked",NA,1152.42285920791,1564.01711410803,2816.53189895458,2465.83536400598,TRUE,8085.57622739765,6205.25087646479,175
"insurance_autoclaims_paid","random",17,"tail","LSE",0,2.5,"full","blocked",NA,1174.65754147833,1564.22116949523,2854.96616338199,2371.27460375027,TRUE,8185.72618641406,6018.53362245696,175
"insurance_autoclaims_paid","random",18,"tail","LSE",0,2.5,"full","blocked",NA,1182.35178627326,1601.7449197485,3012.8244586087,2338.79545897144,TRUE,8683.81101082967,6317.98323423792,176
"insurance_autoclaims_paid","random",19,"tail","LSE",0,2.5,"full","blocked",NA,1188.19322336704,1559.16642071764,2573.70892907941,2336.80967757046,TRUE,7082.48327625917,5767.47768064228,182
"insurance_autoclaims_paid","random",20,"tail","LSE",0,2.5,"full","blocked",NA,1157.42100501016,1546.80748849334,2631.20691844304,2350.01986047593,TRUE,7507.23127879293,6164.87685628384,172
"insurance_autoclaims_paid","random",21,"tail","LSE",0,2.5,"full","blocked",NA,1144.36065268044,1549.94600261481,2831.34914818001,2209.75038841272,TRUE,8514.38801567731,6489.51105440585,159
"insurance_autoclaims_paid","random",22,"tail","LSE",0,2.5,"full","blocked",NA,1115.4805820523,1487.36043286368,2484.98532370198,2314.62134222662,TRUE,7115.07577383956,5954.76138986673,169
"insurance_autoclaims_paid","random",23,"tail","LSE",0,2.5,"full","blocked",NA,1137.85648041605,1515.39387525534,2758.20022120226,2324.43141357354,TRUE,8119.5391436462,6032.75914804977,165
"insurance_autoclaims_paid","random",24,"tail","LSE",0,2.5,"full","blocked",NA,1173.10384511235,1510.4767084853,2361.00398719474,2276.61958819516,TRUE,6607.71680614608,5607.97373575985,168
"insurance_autoclaims_paid","random",25,"tail","LSE",0,2.5,"full","blocked",NA,1154.59467692737,1493.54825730349,2447.08574100615,2268.28853689124,TRUE,7055.02904920494,5749.14510659483,162
"insurance_autoclaims_paid","random",26,"tail","LSE",0,2.5,"full","blocked",NA,1136.51637632755,1477.33974375363,2414.89308307089,2283.5774762267,TRUE,6874.83098476059,5646.56877862472,167
"insurance_autoclaims_paid","random",27,"tail","LSE",0,2.5,"full","blocked",NA,1185.7091047402,1560.27484583334,2741.64301104546,2258.52243785645,TRUE,8001.67895287869,6058.56495271057,165
"insurance_autoclaims_paid","random",28,"tail","LSE",0,2.5,"full","blocked",NA,1175.24865263282,1525.45781857012,2728.10729858617,2202.0147542769,TRUE,7989.99520929162,5856.74083351616,164
"insurance_autoclaims_paid","random",29,"tail","LSE",0,2.5,"full","blocked",NA,1188.91616019754,1595.26413264811,2944.20348707014,2404.8197624657,TRUE,8360.44955857708,6113.94830723633,180
"insurance_autoclaims_paid","random",30,"tail","LSE",0,2.5,"full","blocked",NA,1162.58457933569,1542.4010643052,2554.33318910152,2458.88953397695,TRUE,7107.61584258824,5897.29669053223,179
"insurance_autoclaims_paid","random",1,"tail","LSE",1,2.5,"full","blocked",NA,1222.31001684665,1576.01165478363,2770.03420876726,2284.04245868055,TRUE,7809.70212934175,5720.24514354344,176
"insurance_autoclaims_paid","random",2,"tail","LSE",1,2.5,"full","blocked",NA,1156.18933113742,1511.87650909597,2467.78873401145,2311.41566320826,TRUE,6976.53784697103,5803.54237766711,170
"insurance_autoclaims_paid","random",3,"tail","LSE",1,2.5,"full","blocked",NA,1173.19503265522,1608.2158111186,3249.25279516661,2467.02223911477,TRUE,9309.6437999823,6307.42286954404,183
"insurance_autoclaims_paid","random",4,"tail","LSE",1,2.5,"full","blocked",NA,1153.1881572943,1495.40919016773,2660.3231844223,2226.63335186108,TRUE,8032.50351287701,5985.67321803643,153
"insurance_autoclaims_paid","random",5,"tail","LSE",1,2.5,"full","blocked",NA,1158.08171868982,1528.98953691746,2900.45662320279,2052.06633027447,TRUE,9011.47300294945,6414.81562856307,149
"insurance_autoclaims_paid","random",6,"tail","LSE",1,2.5,"full","blocked",NA,1155.86596553209,1565.26225380485,2917.44291533082,2426.93740526071,TRUE,8355.07742710318,6165.62966486066,178
"insurance_autoclaims_paid","random",7,"tail","LSE",1,2.5,"full","blocked",NA,1135.33690958166,1500.87707261179,2800.96560661958,2038.7402037885,TRUE,8965.65832645672,6598.61915329083,139
"insurance_autoclaims_paid","random",8,"tail","LSE",1,2.5,"full","blocked",NA,1177.12368639202,1500.57682642573,2384.44192660487,2231.13321178307,TRUE,6810.98985652596,5684.13003911829,161
"insurance_autoclaims_paid","random",9,"tail","LSE",1,2.5,"full","blocked",NA,1141.78203370193,1463.64737898465,2314.13020488935,2243.916,TRUE,6627.88970661642,5624.6761875,160
"insurance_autoclaims_paid","random",10,"tail","LSE",1,2.5,"full","blocked",NA,1155.30382781011,1467.24926800472,2328.50968034973,2315.687,TRUE,6399.97312215494,5267.04737142857,175
"insurance_autoclaims_paid","random",11,"tail","LSE",1,2.5,"full","blocked",NA,1184.34131622946,1470.06358807952,2289.61103669362,2161.73333680397,TRUE,6467.45361987366,5302.1862686198,160
"insurance_autoclaims_paid","random",12,"tail","LSE",1,2.5,"full","blocked",NA,1129.08109795287,1499.58935186158,2792.52706715237,2228.49300816938,TRUE,8299.71978459319,6062.6136432968,163
"insurance_autoclaims_paid","random",13,"tail","LSE",1,2.5,"full","blocked",NA,1173.76587905746,1522.82476762168,2446.42516700624,2453.74434166889,TRUE,6671.56382915736,5545.20508321017,182
"insurance_autoclaims_paid","random",14,"tail","LSE",1,2.5,"full","blocked",NA,1168.60852390559,1580.51516683204,2647.1836429835,2739.99774219397,TRUE,7017.25613621117,5805.40381362588,203
"insurance_autoclaims_paid","random",15,"tail","LSE",1,2.5,"full","blocked",NA,1167.99754772441,1526.99294532379,2749.30518435742,2255.34794876543,TRUE,8073.10235212691,5941.16951354911,164
"insurance_autoclaims_paid","random",16,"tail","LSE",1,2.5,"full","blocked",NA,1148.16899986429,1559.86365091235,2811.50651590321,2400.30716831055,TRUE,8074.08826571286,6195.69674006612,175
"insurance_autoclaims_paid","random",17,"tail","LSE",1,2.5,"full","blocked",NA,1138.95981996239,1534.82415700395,2853.06759135217,2465.55455051,TRUE,8224.7287928826,6076.56125846202,175
"insurance_autoclaims_paid","random",18,"tail","LSE",1,2.5,"full","blocked",NA,1173.01572324434,1599.77975188851,3020.63617652494,2412.40894484407,TRUE,8721.95898388582,6364.73391182082,176
"insurance_autoclaims_paid","random",19,"tail","LSE",1,2.5,"full","blocked",NA,1179.75488543454,1554.05092158531,2575.62012341383,2469.78326715878,TRUE,7101.90854925615,5789.25219098767,182
"insurance_autoclaims_paid","random",20,"tail","LSE",1,2.5,"full","blocked",NA,1144.06398341483,1542.1953001402,2632.52124914634,2384.67275,TRUE,7531.43795416148,6197.95124273256,172
"insurance_autoclaims_paid","random",21,"tail","LSE",1,2.5,"full","blocked",NA,1166.97891229026,1564.0444408948,2833.18616619391,2221.34644695067,TRUE,8490.99061514029,6480.47936966905,159
"insurance_autoclaims_paid","random",22,"tail","LSE",1,2.5,"full","blocked",NA,1194.36882379374,1546.18803505003,2481.73344492895,2183.7437050359,TRUE,6987.95853383213,5813.50993955581,169
"insurance_autoclaims_paid","random",23,"tail","LSE",1,2.5,"full","blocked",NA,1157.06554790566,1530.45126308068,2757.63269616894,2291.9231356147,TRUE,8094.15799967878,6002.79814785769,165
"insurance_autoclaims_paid","random",24,"tail","LSE",1,2.5,"full","blocked",NA,1167.83779942166,1504.60043229931,2357.22103866544,2272.15739276407,TRUE,6602.5765101332,5600.39281215157,168
"insurance_autoclaims_paid","random",25,"tail","LSE",1,2.5,"full","blocked",NA,1156.59324918487,1495.26357140994,2440.83938766681,2285.43464327441,TRUE,7022.33366044628,5705.30082998232,162
"insurance_autoclaims_paid","random",26,"tail","LSE",1,2.5,"full","blocked",NA,1116.54516326292,1459.49240350489,2416.44498739997,2363.06808661866,TRUE,6907.92797741875,5690.14048733844,167
"insurance_autoclaims_paid","random",27,"tail","LSE",1,2.5,"full","blocked",NA,1160.01045937635,1541.09841011177,2747.4750860517,2445.09707319856,TRUE,8043.50364307017,6115.36483937001,165
"insurance_autoclaims_paid","random",28,"tail","LSE",1,2.5,"full","blocked",NA,1150.09428842276,1509.92443655742,2729.55013670682,2239.19692855882,TRUE,8029.71978066514,5918.13809358801,164
"insurance_autoclaims_paid","random",29,"tail","LSE",1,2.5,"full","blocked",NA,1177.65098050278,1588.81874679424,2943.4422491548,2467.54157554439,TRUE,8371.78848932795,6141.73123580487,180
"insurance_autoclaims_paid","random",30,"tail","LSE",1,2.5,"full","blocked",NA,1163.25643855799,1543.23377713772,2555.22916191198,2416.90859431967,TRUE,7108.21617311829,5895.57865517365,179
"insurance_autoclaims_paid","random",1,"tail","LSE",2,2.5,"full","blocked",NA,1163.71554344227,1533.91390108199,2767.63632544617,2353.28684391735,TRUE,7884.21345845456,5819.05171198431,176
"insurance_autoclaims_paid","random",2,"tail","LSE",2,2.5,"full","blocked",NA,1160.67835698789,1511.91332611095,2467.47933485212,2304.65463424814,TRUE,6968.69016557745,5795.79264401427,170
"insurance_autoclaims_paid","random",3,"tail","LSE",2,2.5,"full","blocked",NA,1170.72552643112,1601.82615561995,3244.44863589973,2409.22680804029,TRUE,9295.25390755285,6293.01587272428,183
"insurance_autoclaims_paid","random",4,"tail","LSE",2,2.5,"full","blocked",NA,1183.15093911101,1515.8119885043,2658.46377994782,2095.1734035902,TRUE,7984.51916384561,5931.57381485505,153
"insurance_autoclaims_paid","random",5,"tail","LSE",2,2.5,"full","blocked",NA,1116.27325191029,1498.40771506233,2905.67090112793,2173.44631669684,TRUE,9081.63611737508,6499.13868567129,149
"insurance_autoclaims_paid","random",6,"tail","LSE",2,2.5,"full","blocked",NA,1169.32801498398,1575.90530434858,2917.04766360847,2476.05500100984,TRUE,8338.17809714162,6148.47131481558,178
"insurance_autoclaims_paid","random",7,"tail","LSE",2,2.5,"full","blocked",NA,1164.09322214621,1520.83825403159,2802.08930126181,2067.82569866596,TRUE,8931.23558928699,6543.81453948146,139
"insurance_autoclaims_paid","random",8,"tail","LSE",2,2.5,"full","blocked",NA,1189.59316239661,1517.76899955744,2385.36454791294,2104.44791852883,TRUE,6797.58191620987,5661.63122714837,161
"insurance_autoclaims_paid","random",9,"tail","LSE",2,2.5,"full","blocked",NA,1158.02719837193,1477.02046983815,2319.0352837929,2237.71898178545,TRUE,6619.32833879205,5617.371710461,160
"insurance_autoclaims_paid","random",10,"tail","LSE",2,2.5,"full","blocked",NA,1130.359435376,1447.77602464735,2327.72069213658,2343.11679143452,TRUE,6437.97612289517,5310.60504107223,175
"insurance_autoclaims_paid","random",11,"tail","LSE",2,2.5,"full","blocked",NA,1211.82347923221,1490.15397745708,2312.89605875914,2330.00056608754,TRUE,6484.17575810942,5307.26134941149,160
"insurance_autoclaims_paid","random",12,"tail","LSE",2,2.5,"full","blocked",NA,1146.16847700165,1514.57783180165,2792.02752912925,2178.66795851083,TRUE,8276.98433073787,6034.92662410562,163
"insurance_autoclaims_paid","random",13,"tail","LSE",2,2.5,"full","blocked",NA,1163.98251712068,1522.09532414432,2448.00026325886,2485.8697811255,TRUE,6693.73289021267,5574.65001684797,182
"insurance_autoclaims_paid","random",14,"tail","LSE",2,2.5,"full","blocked",NA,1194.98275744341,1594.6402603622,2642.3460262822,2733.57564636731,TRUE,6964.82658095962,5740.19969890403,203
"insurance_autoclaims_paid","random",15,"tail","LSE",2,2.5,"full","blocked",NA,1173.11994007386,1531.38331216359,2750.64466621551,2258.9392157556,TRUE,8071.60776246189,5942.13126187327,164
"insurance_autoclaims_paid","random",16,"tail","LSE",2,2.5,"full","blocked",NA,1158.26036578577,1567.75167650531,2814.31474145996,2426.02,TRUE,8070.35943548903,6184.4332,175
"insurance_autoclaims_paid","random",17,"tail","LSE",2,2.5,"full","blocked",NA,1157.84192055152,1543.98318848035,2850.78393912745,2372.66019955566,TRUE,8192.16755053095,6025.65143414023,175
"insurance_autoclaims_paid","random",18,"tail","LSE",2,2.5,"full","blocked",NA,1118.58113235425,1554.34779827349,3021.22457003556,2420.05115972393,TRUE,8785.55528850174,6451.13724683836,176
"insurance_autoclaims_paid","random",19,"tail","LSE",2,2.5,"full","blocked",NA,1180.19813557937,1554.11674303372,2575.0798528562,2440.87589593184,TRUE,7099.26847990032,5787.09148365919,182
"insurance_autoclaims_paid","random",20,"tail","LSE",2,2.5,"full","blocked",NA,1126.86597333381,1528.37794356034,2636.41534040881,2416.06220758983,TRUE,7564.9923035587,6224.50262001837,172
"insurance_autoclaims_paid","random",21,"tail","LSE",2,2.5,"full","blocked",NA,1139.20204846268,1546.77787503135,2830.30437794702,2191.91480220166,TRUE,8518.1630251051,6513.03163705426,159
"insurance_autoclaims_paid","random",22,"tail","LSE",2,2.5,"full","blocked",NA,1151.56846421793,1516.63933258687,2482.89851953402,2274.32987286516,TRUE,7056.58219327848,5896.2927207134,169
"insurance_autoclaims_paid","random",23,"tail","LSE",2,2.5,"full","blocked",NA,1174.42744633711,1542.71816274712,2756.90554685677,2273.04602520708,TRUE,8069.20627216018,5966.19445948411,165
"insurance_autoclaims_paid","random",24,"tail","LSE",2,2.5,"full","blocked",NA,1178.70511517101,1506.84396491636,2355.50234984268,2297.77610123191,TRUE,6576.616864825,5572.71162721072,168
"insurance_autoclaims_paid","random",25,"tail","LSE",2,2.5,"full","blocked",NA,1169.81594085192,1505.6969071245,2446.95357848314,2224.604107782,TRUE,7032.40229298297,5719.02451067759,162
"insurance_autoclaims_paid","random",26,"tail","LSE",2,2.5,"full","blocked",NA,1134.6610629525,1475.17463806418,2424.11230853721,2462.54126634954,TRUE,6899.6703756765,5679.63139020194,167
"insurance_autoclaims_paid","random",27,"tail","LSE",2,2.5,"full","blocked",NA,1165.40621858648,1545.09141609206,2742.66486248085,2250.11502742275,TRUE,8031.39885312913,6101.02579685111,165
"insurance_autoclaims_paid","random",28,"tail","LSE",2,2.5,"full","blocked",NA,1176.21742616245,1526.43326734603,2734.27663597602,2303.53332104732,TRUE,8005.17189218893,5875.02719234443,164
"insurance_autoclaims_paid","random",29,"tail","LSE",2,2.5,"full","blocked",NA,1148.14985963848,1566.70151952924,2942.87668298723,2472.1962465197,TRUE,8403.52856679944,6190.2298921928,180
"insurance_autoclaims_paid","random",30,"tail","LSE",2,2.5,"full","blocked",NA,1166.60167048658,1544.46961172143,2553.77969035304,2406.05409134863,TRUE,7098.62393366905,5884.46266382102,179
"insurance_autoclaims_paid","random",1,"tail","ridge-LSE",0,2.5,"full","blocked",NA,1192.66507700529,1552.44031343566,2769.77621931784,2322.29054778847,TRUE,7854.10177753998,5774.22888381219,176
"insurance_autoclaims_paid","random",2,"tail","ridge-LSE",0,2.5,"full","blocked",NA,1121.33430625383,1487.75077850534,2466.8945401148,2375.06881096431,TRUE,7025.53583220444,5871.46418911744,170
"insurance_autoclaims_paid","random",3,"tail","ridge-LSE",0,2.5,"full","blocked",NA,1178.16779175194,1610.77606597268,3248.21533480223,2449.07195835521,TRUE,9300.75064848709,6292.19377766735,183
"insurance_autoclaims_paid","random",4,"tail","ridge-LSE",0,2.5,"full","blocked",NA,1151.81245907122,1493.11101174856,2662.20891682012,2204.05172430368,TRUE,8039.90539556361,6007.96669845353,153
"insurance_autoclaims_paid","random",5,"tail","ridge-LSE",0,2.5,"full","blocked",NA,1112.82274530673,1490.52644390941,2906.4072776698,2168.2922756115,TRUE,9088.23964638105,6508.13229388162,149
"insurance_autoclaims_paid","random",6,"tail","ridge-LSE",0,2.5,"full","blocked",NA,1201.00044186,1594.05298416539,2924.73111400749,2436.37419838708,TRUE,8322.96648202411,6116.85285283745,178
"insurance_autoclaims_paid","random",7,"tail","ridge-LSE",0,2.5,"full","blocked",NA,1157.8187866202,1516.30047971966,2798.80917123164,2041.06773594376,TRUE,8928.48402363903,6548.84443576028,139
"insurance_autoclaims_paid","random",8,"tail","ridge-LSE",0,2.5,"full","blocked",NA,1180.68652994522,1508.55888578409,2383.81146459626,2135.11399065419,TRUE,6806.01540199956,5676.15761061413,161
"insurance_autoclaims_paid","random",9,"tail","ridge-LSE",0,2.5,"full","blocked",NA,1177.34446702591,1490.92390535408,2316.38099016724,2177.8516426201,TRUE,6577.88269805976,5567.04660715865,160
"insurance_autoclaims_paid","random",10,"tail","ridge-LSE",0,2.5,"full","blocked",NA,1167.25548407995,1475.01810678507,2333.04427143844,2393.85532701948,TRUE,6396.99849634862,5263.58064014672,175
"insurance_autoclaims_paid","random",11,"tail","ridge-LSE",0,2.5,"full","blocked",NA,1162.4526217946,1456.01532598168,2289.97703366725,2202.33986974112,TRUE,6505.67525806281,5350.69424692652,160
"insurance_autoclaims_paid","random",12,"tail","ridge-LSE",0,2.5,"full","blocked",NA,1152.73158578469,1521.91454438112,2797.40821420297,2196.80631112846,TRUE,8287.48936833719,6042.56515405896,163
"insurance_autoclaims_paid","random",13,"tail","ridge-LSE",0,2.5,"full","blocked",NA,1214.89482766443,1558.19835750511,2447.29103586924,2406.9844702391,TRUE,6612.92365844249,5480.81144760258,182
"insurance_autoclaims_paid","random",14,"tail","ridge-LSE",0,2.5,"full","blocked",NA,1185.2742567622,1590.35362377144,2642.70705458566,2735.88804585513,TRUE,6980.33273260695,5763.43951819454,203
"insurance_autoclaims_paid","random",15,"tail","ridge-LSE",0,2.5,"full","blocked",NA,1184.66443404923,1537.16776699227,2747.38835244872,2232.08164177532,TRUE,8043.79722982011,5913.26624088833,164
"insurance_autoclaims_paid","random",16,"tail","ridge-LSE",0,2.5,"full","blocked",NA,1156.3410581455,1566.05967391428,2812.67888119364,2395.66794649424,TRUE,8068.05687913263,6189.91438045764,175
"insurance_autoclaims_paid","random",17,"tail","ridge-LSE",0,2.5,"full","blocked",NA,1146.43277556402,1534.87127102615,2852.07603287206,2414.65929230833,TRUE,8211.21813695506,6047.02340490881,175
"insurance_autoclaims_paid","random",18,"tail","ridge-LSE",0,2.5,"full","blocked",NA,1152.81372257845,1575.45057039285,3014.02503739433,2426.88347697746,TRUE,8722.43137199763,6368.6146877122,176
"insurance_autoclaims_paid","random",19,"tail","ridge-LSE",0,2.5,"full","blocked",NA,1157.78024192714,1539.38490031484,2573.2589283204,2537.97644914709,TRUE,7126.57800001419,5829.84649586986,182
"insurance_autoclaims_paid","random",20,"tail","ridge-LSE",0,2.5,"full","blocked",NA,1173.56601817901,1567.18515702024,2632.9360293667,2328.48657820862,TRUE,7492.10501700705,6153.66411750405,172
"insurance_autoclaims_paid","random",21,"tail","ridge-LSE",0,2.5,"full","blocked",NA,1127.5126078408,1535.70266574198,2830.50238107228,2312.56261178276,TRUE,8529.05997784528,6540.6585960647,159
"insurance_autoclaims_paid","random",22,"tail","ridge-LSE",0,2.5,"full","blocked",NA,1155.65745944455,1519.90396581925,2487.12452463412,2323.44589384412,TRUE,7065.05775608059,5906.84621098857,169
"insurance_autoclaims_paid","random",23,"tail","ridge-LSE",0,2.5,"full","blocked",NA,1156.90200090241,1530.06965439587,2757.41010253192,2281.17457495287,TRUE,8093.01777185738,6000.65022196358,165
"insurance_autoclaims_paid","random",24,"tail","ridge-LSE",0,2.5,"full","blocked",NA,1136.96001027365,1480.28963711437,2358.52065765238,2354.49643927094,TRUE,6655.09591100362,5661.18039121148,168
"insurance_autoclaims_paid","random",25,"tail","ridge-LSE",0,2.5,"full","blocked",NA,1208.83482156216,1539.89837976787,2451.03084640136,2187.21463228721,TRUE,6987.79603114373,5665.74043911292,162
"insurance_autoclaims_paid","random",26,"tail","ridge-LSE",0,2.5,"full","blocked",NA,1171.43410035986,1503.6054265183,2416.31992331718,2260.13240236339,TRUE,6827.05923013168,5590.40701983954,167
"insurance_autoclaims_paid","random",27,"tail","ridge-LSE",0,2.5,"full","blocked",NA,1181.9531963875,1556.76101168678,2741.55234634266,2271.52611397751,TRUE,8006.30094825935,6064.85704200625,165
"insurance_autoclaims_paid","random",28,"tail","ridge-LSE",0,2.5,"full","blocked",NA,1180.96845239481,1533.87053219757,2732.21446467356,2193.75660444183,TRUE,7997.86023980269,5876.90589093803,164
"insurance_autoclaims_paid","random",29,"tail","ridge-LSE",0,2.5,"full","blocked",NA,1127.33882396311,1549.78568336916,2948.33336332885,2570.6626093699,TRUE,8447.84824521332,6242.49253663947,180
"insurance_autoclaims_paid","random",30,"tail","ridge-LSE",0,2.5,"full","blocked",NA,1174.59324499338,1552.75030474615,2553.95489901164,2359.41363265379,TRUE,7089.09473856198,5872.69516298131,179
"insurance_autoclaims_paid","random",1,"tail","ridge-LSE",1,2.5,"full","blocked",NA,1133.38987318554,1510.3865460209,2771.56641681899,2415.71257535214,TRUE,7936.3595619494,5889.24346339674,176
"insurance_autoclaims_paid","random",2,"tail","ridge-LSE",1,2.5,"full","blocked",NA,1166.71296407981,1521.14280508855,2467.97000383589,2312.14522638123,TRUE,6962.3200352828,5795.47849017889,170
"insurance_autoclaims_paid","random",3,"tail","ridge-LSE",1,2.5,"full","blocked",NA,1157.21479017164,1593.78219491534,3246.09473959254,2512.97970556956,TRUE,9316.34491900408,6333.27021952672,183
"insurance_autoclaims_paid","random",4,"tail","ridge-LSE",1,2.5,"full","blocked",NA,1166.22097610696,1503.44847479262,2661.48819057411,2187.06068640832,TRUE,8016.94019217843,5982.69004160846,153
"insurance_autoclaims_paid","random",5,"tail","ridge-LSE",1,2.5,"full","blocked",NA,1157.73080873718,1525.56614145697,2903.82012245793,2099.4802509247,TRUE,9024.91747094922,6427.51645700619,149
"insurance_autoclaims_paid","random",6,"tail","ridge-LSE",1,2.5,"full","blocked",NA,1178.75739354824,1578.7187620522,2919.8844151179,2485.80940897483,TRUE,8336.29821970314,6148.22347148034,178
"insurance_autoclaims_paid","random",7,"tail","ridge-LSE",1,2.5,"full","blocked",NA,1133.6987885443,1498.63973144735,2798.23547513337,2052.94340011298,TRUE,8958.53963463722,6595.44124947578,139
"insurance_autoclaims_paid","random",8,"tail","ridge-LSE",1,2.5,"full","blocked",NA,1157.90158812442,1488.72429272234,2385.57046632103,2194.63691553453,TRUE,6847.64500127972,5723.25244801774,161
"insurance_autoclaims_paid","random",9,"tail","ridge-LSE",1,2.5,"full","blocked",NA,1162.78677467398,1481.16494015484,2316.98978585622,2237.89757259431,TRUE,6603.20356485563,5599.76668028198,160
"insurance_autoclaims_paid","random",10,"tail","ridge-LSE",1,2.5,"full","blocked",NA,1164.37022675611,1474.28055643946,2329.205536432,2292.59731590996,TRUE,6390.39356056146,5253.0494230792,175
"insurance_autoclaims_paid","random",11,"tail","ridge-LSE",1,2.5,"full","blocked",NA,1173.53826541279,1463.68199151093,2305.88102181436,2256.87556021039,TRUE,6535.04095105765,5359.27415116539,160
"insurance_autoclaims_paid","random",12,"tail","ridge-LSE",1,2.5,"full","blocked",NA,1144.41663270318,1513.82277418187,2793.56747472764,2328.27840638229,TRUE,8277.09524168179,6051.78755808239,163
"insurance_autoclaims_paid","random",13,"tail","ridge-LSE",1,2.5,"full","blocked",NA,1187.22542489807,1539.80930090774,2448.48468909114,2448.14136997438,TRUE,6660.3096210875,5534.51248072855,182
"insurance_autoclaims_paid","random",14,"tail","ridge-LSE",1,2.5,"full","blocked",NA,1184.91199258817,1585.3018187113,2647.84053563542,2773.01854311958,TRUE,6997.77153372428,5780.51018845867,203
"insurance_autoclaims_paid","random",15,"tail","ridge-LSE",1,2.5,"full","blocked",NA,1189.16614521556,1541.72877330992,2749.74022892154,2242.91484656139,TRUE,8047.05229331605,5913.87750740594,164
"insurance_autoclaims_paid","random",16,"tail","ridge-LSE",1,2.5,"full","blocked",NA,1162.52049817358,1569.49240132409,2816.34343001457,2428.13085026462,TRUE,8072.7266668868,6190.58827525622,175
"insurance_autoclaims_paid","random",17,"tail","ridge-LSE",1,2.5,"full","blocked",NA,1158.5873435868,1550.39330253661,2852.47549704866,2382.55232522813,TRUE,8198.34824681784,6041.24092331408,175
"insurance_autoclaims_paid","random",18,"tail","ridge-LSE",1,2.5,"full","blocked",NA,1165.89433952398,1591.55021636838,3015.3878059733,2441.59716047912,TRUE,8710.67144254088,6359.65505252036,176
"insurance_autoclaims_paid","random",19,"tail","ridge-LSE",1,2.5,"full","blocked",NA,1165.81120387894,1548.0557499928,2573.60707338023,2491.15878274826,TRUE,7116.23358989273,5814.88580208377,182
"insurance_autoclaims_paid","random",20,"tail","ridge-LSE",1,2.5,"full","blocked",NA,1161.59813853374,1554.90521722907,2631.90901697987,2349.33282512027,TRUE,7505.34861849311,6167.63148494092,172
"insurance_autoclaims_paid","random",21,"tail","ridge-LSE",1,2.5,"full","blocked",NA,1117.50237597665,1530.53907587163,2832.81148227122,2306.8050300747,TRUE,8552.21083362193,6538.21932808374,159
"insurance_autoclaims_paid","random",22,"tail","ridge-LSE",1,2.5,"full","blocked",NA,1164.00412790189,1527.23217587809,2487.78402649345,2368.28426367375,TRUE,7049.3906355029,5887.9968030358,169
"insurance_autoclaims_paid","random",23,"tail","ridge-LSE",1,2.5,"full","blocked",NA,1172.75361643572,1541.40874285503,2757.5425431733,2253.74470426987,TRUE,8072.55523994597,5970.32594470194,165
"insurance_autoclaims_paid","random",24,"tail","ridge-LSE",1,2.5,"full","blocked",NA,1177.00075690519,1510.48892596481,2358.68830620558,2267.36838217092,TRUE,6592.91443879145,5591.38535827589,168
"insurance_autoclaims_paid","random",25,"tail","ridge-LSE",1,2.5,"full","blocked",NA,1156.46973559241,1497.92649634155,2447.43108311736,2282.53430538352,TRUE,7053.72316956726,5751.15067305353,162
"insurance_autoclaims_paid","random",26,"tail","ridge-LSE",1,2.5,"full","blocked",NA,1183.42490601247,1509.76057283065,2428.99636284928,2444.55336036166,TRUE,6843.60983195644,5612.79997125547,167
"insurance_autoclaims_paid","random",27,"tail","ridge-LSE",1,2.5,"full","blocked",NA,1172.49939376994,1550.86097037522,2750.00572771702,2358.25757854103,TRUE,8037.96962472371,6115.43503471559,165
"insurance_autoclaims_paid","random",28,"tail","ridge-LSE",1,2.5,"full","blocked",NA,1162.00018968757,1512.7670714014,2730.12826774552,2277.53652407729,TRUE,8013.89048582435,5875.07005979069,164
"insurance_autoclaims_paid","random",29,"tail","ridge-LSE",1,2.5,"full","blocked",NA,1166.94032848796,1580.09327081819,2939.55995800323,2517.65241908926,TRUE,8365.75733479073,6151.94532406403,180
"insurance_autoclaims_paid","random",30,"tail","ridge-LSE",1,2.5,"full","blocked",NA,1173.13292448841,1550.44107467409,2553.8752535919,2409.59922852299,TRUE,7090.57918812761,5877.49720560818,179
"insurance_autoclaims_paid","random",1,"tail","ridge-LSE",2,2.5,"full","blocked",NA,1208.08295450743,1566.1891227878,2772.48765934305,2330.58399817881,TRUE,7837.89577474975,5754.63729221867,176
"insurance_autoclaims_paid","random",2,"tail","ridge-LSE",2,2.5,"full","blocked",NA,1159.47548589646,1514.34553187971,2467.32200491686,2328.05449200641,TRUE,6970.39929653033,5804.08106794703,170
"insurance_autoclaims_paid","random",3,"tail","ridge-LSE",2,2.5,"full","blocked",NA,1155.46695038059,1592.30762621422,3247.94960839257,2477.41392327372,TRUE,9323.34728896726,6325.29777690896,183
"insurance_autoclaims_paid","random",4,"tail","ridge-LSE",2,2.5,"full","blocked",NA,1158.61186619827,1499.27713368289,2660.55405128025,2227.11798416785,TRUE,8025.96908388117,5974.99701632585,153
"insurance_autoclaims_paid","random",5,"tail","ridge-LSE",2,2.5,"full","blocked",NA,1162.73298940279,1531.50052907566,2905.08085554813,2074.2947707062,TRUE,9024.10435400609,6420.62832736292,149
"insurance_autoclaims_paid","random",6,"tail","ridge-LSE",2,2.5,"full","blocked",NA,1147.04421408165,1556.28340469367,2917.61889424821,2474.93796698353,TRUE,8366.3479790584,6184.33888400294,178
"insurance_autoclaims_paid","random",7,"tail","ridge-LSE",2,2.5,"full","blocked",NA,1125.66886181006,1493.84167225908,2798.2348551506,2058.69052697776,TRUE,8967.51474876711,6603.56308291933,139
"insurance_autoclaims_paid","random",8,"tail","ridge-LSE",2,2.5,"full","blocked",NA,1176.28488630344,1500.91479892616,2381.09428814712,2253.70473491261,TRUE,6797.00849564226,5677.33526320861,161
"insurance_autoclaims_paid","random",9,"tail","ridge-LSE",2,2.5,"full","blocked",NA,1151.2596800761,1473.04626354676,2318.09428516925,2277.26095037323,TRUE,6626.65433538557,5626.14763637939,160
"insurance_autoclaims_paid","random",10,"tail","ridge-LSE",2,2.5,"full","blocked",NA,1144.303283741,1458.03295300775,2333.00361483208,2399.21202338131,TRUE,6434.60420622941,5308.48295820406,175
"insurance_autoclaims_paid","random",11,"tail","ridge-LSE",2,2.5,"full","blocked",NA,1204.69407370482,1487.54985663768,2308.17082943236,2271.26942212364,TRUE,6484.25323934952,5306.54883435005,160
"insurance_autoclaims_paid","random",12,"tail","ridge-LSE",2,2.5,"full","blocked",NA,1152.18074344752,1517.03837646231,2791.69345863444,2187.63087293141,TRUE,8268.01339528231,6024.04582435404,163
"insurance_autoclaims_paid","random",13,"tail","ridge-LSE",2,2.5,"full","blocked",NA,1164.24690254093,1521.92545108326,2448.25054205257,2466.11809391593,TRUE,6694.10886644407,5574.60373629271,182
"insurance_autoclaims_paid","random",14,"tail","ridge-LSE",2,2.5,"full","blocked",NA,1196.9172682125,1597.36253574192,2644.22521931741,2707.1586138803,TRUE,6967.41522883467,5737.40575736322,203
"insurance_autoclaims_paid","random",15,"tail","ridge-LSE",2,2.5,"full","blocked",NA,1144.20822192064,1511.58878381097,2753.78036823494,2313.73343355906,TRUE,8120.09383083802,6004.08501269683,164
"insurance_autoclaims_paid","random",16,"tail","ridge-LSE",2,2.5,"full","blocked",NA,1167.97340183634,1570.54259759928,2815.11698575894,2465.97714251827,TRUE,8061.78838083884,6174.47026296819,175
"insurance_autoclaims_paid","random",17,"tail","ridge-LSE",2,2.5,"full","blocked",NA,1134.67328877503,1533.30489021024,2852.93810658345,2473.42591263074,TRUE,8228.93882260845,6082.3642499678,175
"insurance_autoclaims_paid","random",18,"tail","ridge-LSE",2,2.5,"full","blocked",NA,1133.84985459763,1565.52014488381,3018.56828788726,2432.71520909762,TRUE,8758.98682684869,6423.17174683646,176
"insurance_autoclaims_paid","random",19,"tail","ridge-LSE",2,2.5,"full","blocked",NA,1186.64152688865,1561.30246223328,2572.35314397968,2462.03875460117,TRUE,7081.75378045995,5773.27634242447,182
"insurance_autoclaims_paid","random",20,"tail","ridge-LSE",2,2.5,"full","blocked",NA,1112.29227242489,1517.59737439812,2634.11138694259,2436.20244312574,TRUE,7576.42337964952,6238.44146412059,172
"insurance_autoclaims_paid","random",21,"tail","ridge-LSE",2,2.5,"full","blocked",NA,1109.93137127177,1525.40110987605,2832.51829857164,2273.67923952974,TRUE,8560.47752548466,6549.2630228224,159
"insurance_autoclaims_paid","random",22,"tail","ridge-LSE",2,2.5,"full","blocked",NA,1164.89521648757,1521.8789111954,2485.25013952466,2286.93121323662,TRUE,7041.3808524698,5866.41943772384,169
"insurance_autoclaims_paid","random",23,"tail","ridge-LSE",2,2.5,"full","blocked",NA,1129.32576794301,1507.75638180029,2759.98562005145,2348.57230341411,TRUE,8137.77002369982,6054.35951510733,165
"insurance_autoclaims_paid","random",24,"tail","ridge-LSE",2,2.5,"full","blocked",NA,1176.54481320987,1512.03040710844,2362.08551136661,2272.86527056137,TRUE,6604.98467104296,5597.94217431105,168
"insurance_autoclaims_paid","random",25,"tail","ridge-LSE",2,2.5,"full","blocked",NA,1163.58037056204,1499.56634951166,2448.64711110611,2318.85757381305,TRUE,7043.51798599844,5726.25695997289,162
"insurance_autoclaims_paid","random",26,"tail","ridge-LSE",2,2.5,"full","blocked",NA,1131.16616112214,1473.51772200802,2413.76137858927,2288.72972265016,TRUE,6878.79001367434,5650.94900642384,167
"insurance_autoclaims_paid","random",27,"tail","ridge-LSE",2,2.5,"full","blocked",NA,1183.03193314354,1552.55215217284,2746.73467898475,2383.39606373598,TRUE,8012.77995496793,6073.9193701255,165
"insurance_autoclaims_paid","random",28,"tail","ridge-LSE",2,2.5,"full","blocked",NA,1165.56000084264,1519.75779184688,2732.69658170863,2242.60143051203,TRUE,8018.0755153979,5889.09822986841,164
"insurance_autoclaims_paid","random",29,"tail","ridge-LSE",2,2.5,"full","blocked",NA,1197.15013981045,1599.86686022854,2939.77366880104,2419.76303315946,TRUE,8336.55222284112,6094.13249999273,180
"insurance_autoclaims_paid","random",30,"tail","ridge-LSE",2,2.5,"full","blocked",NA,1174.93958422334,1551.48045343443,2551.98220508563,2370.33464082993,TRUE,7081.26907968151,5867.8182730545,179
"insurance_autoclaims_paid","random",1,"tail","Huber",0,2.5,"full","blocked",NA,971.610540050452,1351.44481222826,2847.67557426707,2990.377291204,TRUE,8377.03165596464,6470.46095963833,176
"insurance_autoclaims_paid","random",2,"tail","Huber",0,2.5,"full","blocked",NA,944.078939959423,1321.70571842837,2543.29109374002,2965.32300266688,TRUE,7514.01355327449,6442.71072968511,170
"insurance_autoclaims_paid","random",3,"tail","Huber",0,2.5,"full","blocked",NA,992.988676980268,1434.45443778919,3321.66592763446,3041.2164807787,TRUE,9723.39754828305,6907.24299026831,183
"insurance_autoclaims_paid","random",4,"tail","Huber",0,2.5,"full","blocked",NA,942.887510912044,1306.73816699773,2730.55665260983,2847.35642536676,TRUE,8529.2278660257,6641.56156457392,153
"insurance_autoclaims_paid","random",5,"tail","Huber",0,2.5,"full","blocked",NA,909.257715297922,1315.96442469457,2966.82938943308,2740.17428162165,TRUE,9509.81521965167,7102.38073060519,149
"insurance_autoclaims_paid","random",6,"tail","Huber",0,2.5,"full","blocked",NA,979.533632994829,1394.07203675862,2988.90303432895,3007.42475599165,TRUE,8785.75703154838,6740.02011949435,178
"insurance_autoclaims_paid","random",7,"tail","Huber",0,2.5,"full","blocked",NA,875.777659061155,1288.65736017745,2853.50728279993,2660.48807693776,TRUE,9436.03986017986,7221.27182640602,139
"insurance_autoclaims_paid","random",8,"tail","Huber",0,2.5,"full","blocked",NA,897.900753827692,1266.24451569617,2440.14817021132,2811.29604842414,TRUE,7385.9735438035,6358.83908457538,161
"insurance_autoclaims_paid","random",9,"tail","Huber",0,2.5,"full","blocked",NA,945.095008629313,1283.57676797783,2389.96915317753,2858.96458437506,TRUE,7169.91191747727,6254.14671277481,160
"insurance_autoclaims_paid","random",10,"tail","Huber",0,2.5,"full","blocked",NA,935.310894194512,1273.15541624387,2411.85600795882,3027.02122633234,TRUE,6995.54987890617,5973.46336829277,175
"insurance_autoclaims_paid","random",11,"tail","Huber",0,2.5,"full","blocked",NA,936.559355213116,1263.30408038555,2344.84383444379,2881.25392746804,TRUE,7021.35825679606,5959.07410883473,160
"insurance_autoclaims_paid","random",12,"tail","Huber",0,2.5,"full","blocked",NA,921.751099331475,1323.64479041663,2850.16898712795,2833.80638849586,TRUE,8724.61318806854,6641.73904092828,163
"insurance_autoclaims_paid","random",13,"tail","Huber",0,2.5,"full","blocked",NA,980.449019049526,1342.93553428667,2519.49666124534,3030.42904266389,TRUE,7183.4159099075,6151.50321317595,182
"insurance_autoclaims_paid","random",14,"tail","Huber",0,2.5,"full","blocked",NA,1040.20685032202,1440.26666722069,2733.25172351926,3263.7415142606,TRUE,7464.21414834219,6337.51811369226,203
"insurance_autoclaims_paid","random",15,"tail","Huber",0,2.5,"full","blocked",NA,977.03601881531,1344.47925740492,2831.81579235467,2908.67854855596,TRUE,8580.53876766416,6629.85615594108,164
"insurance_autoclaims_paid","random",16,"tail","Huber",0,2.5,"full","blocked",NA,963.5334847444,1385.58808854174,2879.27573129067,3005.91621444274,TRUE,8509.31171330038,6749.67611554397,175
"insurance_autoclaims_paid","random",17,"tail","Huber",0,2.5,"full","blocked",NA,953.327552230877,1367.63368528189,2920.72327890992,2983.54037284209,TRUE,8654.90720674168,6644.44784073198,175
"insurance_autoclaims_paid","random",18,"tail","Huber",0,2.5,"full","blocked",NA,965.289763000997,1408.18106252528,3085.82970155054,2951.06277464249,TRUE,9157.7428373289,6956.67128454615,176
"insurance_autoclaims_paid","random",19,"tail","Huber",0,2.5,"full","blocked",NA,981.566990036915,1372.00796569225,2649.68067500194,3092.56255574758,TRUE,7606.1061965959,6401.68710710856,182
"insurance_autoclaims_paid","random",20,"tail","Huber",0,2.5,"full","blocked",NA,956.60338767982,1375.22202014895,2711.71540977556,2967.70511644294,TRUE,8025.97570776114,6790.60923281922,172
"insurance_autoclaims_paid","random",21,"tail","Huber",0,2.5,"full","blocked",NA,906.714567683739,1347.21913310968,2900.29902116813,2837.7082590279,TRUE,9004.87691619046,7143.72461960049,159
"insurance_autoclaims_paid","random",22,"tail","Huber",0,2.5,"full","blocked",NA,941.654408825407,1331.73175442347,2556.0515406564,2859.75318778959,TRUE,7579.06633615397,6514.00641593688,169
"insurance_autoclaims_paid","random",23,"tail","Huber",0,2.5,"full","blocked",NA,946.031454731883,1334.08672743069,2821.77642829163,2856.95396652968,TRUE,8555.48811869683,6598.91703011374,165
"insurance_autoclaims_paid","random",24,"tail","Huber",0,2.5,"full","blocked",NA,943.204220118912,1302.41123902934,2421.57715045352,2911.39243211496,TRUE,7138.08736556339,6217.90188073856,168
"insurance_autoclaims_paid","random",25,"tail","Huber",0,2.5,"full","blocked",NA,943.367015031818,1305.25777782353,2510.66747492343,2839.88021481666,TRUE,7557.89064909733,6358.61273048606,162
"insurance_autoclaims_paid","random",26,"tail","Huber",0,2.5,"full","blocked",NA,928.725232736805,1290.68242867056,2485.16927790014,2898.90408561297,TRUE,7390.27181227259,6274.95283020056,167
"insurance_autoclaims_paid","random",27,"tail","Huber",0,2.5,"full","blocked",NA,948.197707770213,1345.26636175792,2805.62227748341,2859.40612680432,TRUE,8495.88360417007,6704.71173501254,165
"insurance_autoclaims_paid","random",28,"tail","Huber",0,2.5,"full","blocked",NA,922.983715322533,1308.41553607551,2791.32300545456,2874.64981968033,TRUE,8499.31373930951,6537.48426459111,164
"insurance_autoclaims_paid","random",29,"tail","Huber",0,2.5,"full","blocked",NA,979.8095554818,1404.54810493359,3008.80941143302,3062.58866869899,TRUE,8806.60522687895,6723.06874878571,180
"insurance_autoclaims_paid","random",30,"tail","Huber",0,2.5,"full","blocked",NA,963.466524373374,1355.5253141685,2635.69071598221,2999.70438930013,TRUE,7633.17750712155,6516.98638168494,179
"insurance_autoclaims_paid","random",1,"tail","Huber",1,2.5,"full","blocked",NA,968.644694612206,1357.86594448394,2828.08550778244,2916.50597809874,TRUE,8313.59973842446,6393.865401304,176
"insurance_autoclaims_paid","random",2,"tail","Huber",1,2.5,"full","blocked",NA,944.549283600366,1320.91947933028,2551.55932642211,3000.84458124447,TRUE,7541.30485445813,6473.82226195538,170
"insurance_autoclaims_paid","random",3,"tail","Huber",1,2.5,"full","blocked",NA,994.056232796405,1435.52591123841,3318.42976348486,3084.15021929048,TRUE,9711.94516693238,6896.42158737471,183
"insurance_autoclaims_paid","random",4,"tail","Huber",1,2.5,"full","blocked",NA,945.159712163726,1308.8155295232,2722.89441480133,2862.40002573918,TRUE,8499.73731599511,6600.3612878918,153
"insurance_autoclaims_paid","random",5,"tail","Huber",1,2.5,"full","blocked",NA,912.452612424691,1320.41327224649,2965.33777196736,2716.01151057308,TRUE,9501.90644394232,7082.17077583742,149
"insurance_autoclaims_paid","random",6,"tail","Huber",1,2.5,"full","blocked",NA,977.296514071002,1392.06471274811,2990.551092349,3103.12696892209,TRUE,8794.1129176921,6754.72193993555,178
"insurance_autoclaims_paid","random",7,"tail","Huber",1,2.5,"full","blocked",NA,875.251071937525,1286.88796350667,2849.37343073738,2662.0876837004,TRUE,9420.98938942231,7211.1526867456,139
"insurance_autoclaims_paid","random",8,"tail","Huber",1,2.5,"full","blocked",NA,907.516912410924,1280.92771460484,2433.33687702917,2753.14080097273,TRUE,7352.3289352358,6319.24898089841,161
"insurance_autoclaims_paid","random",9,"tail","Huber",1,2.5,"full","blocked",NA,938.513371465905,1279.94801005213,2383.60078942083,2838.34908973537,TRUE,7157.46234835874,6236.44536559887,160
"insurance_autoclaims_paid","random",10,"tail","Huber",1,2.5,"full","blocked",NA,932.09509637714,1276.87660804747,2398.26693252184,2977.56725283807,TRUE,6953.38597818022,5923.80713290328,175
"insurance_autoclaims_paid","random",11,"tail","Huber",1,2.5,"full","blocked",NA,936.166565590032,1258.85948968907,2353.9155436977,2899.32789528996,TRUE,7051.44276218698,5999.04685317912,160
"insurance_autoclaims_paid","random",12,"tail","Huber",1,2.5,"full","blocked",NA,927.567433367534,1322.07309731244,2857.23975948706,2824.77259516728,TRUE,8742.64828514598,6666.24412815903,163
"insurance_autoclaims_paid","random",13,"tail","Huber",1,2.5,"full","blocked",NA,982.474255948179,1343.48837554424,2520.31570635336,3057.0394834101,TRUE,7184.39014843159,6154.38954716874,182
"insurance_autoclaims_paid","random",14,"tail","Huber",1,2.5,"full","blocked",NA,1039.42872777234,1435.68328346217,2728.45689067336,3289.75002251552,TRUE,7450.64874011452,6328.06750308457,203
"insurance_autoclaims_paid","random",15,"tail","Huber",1,2.5,"full","blocked",NA,977.784377329528,1351.63653380092,2829.21077661433,2900.98810342079,TRUE,8570.95457867727,6603.35067866284,164
"insurance_autoclaims_paid","random",16,"tail","Huber",1,2.5,"full","blocked",NA,965.205996479435,1388.56328257997,2876.91420831289,2995.45915066112,TRUE,8500.00675790115,6739.56019257226,175
"insurance_autoclaims_paid","random",17,"tail","Huber",1,2.5,"full","blocked",NA,948.432240950246,1360.51439766998,2930.92782665121,3027.16315806375,TRUE,8693.12588445977,6693.49425911026,175
"insurance_autoclaims_paid","random",18,"tail","Huber",1,2.5,"full","blocked",NA,967.606402976511,1407.47500337098,3086.10306287814,3032.91061197232,TRUE,9156.40697423812,6963.33801913338,176
"insurance_autoclaims_paid","random",19,"tail","Huber",1,2.5,"full","blocked",NA,982.691627673398,1371.44032473632,2651.75199729705,3106.20646929081,TRUE,7612.76623529922,6414.28586260692,182
"insurance_autoclaims_paid","random",20,"tail","Huber",1,2.5,"full","blocked",NA,951.03425901581,1372.92067112508,2709.70284179104,2938.98527360737,TRUE,8024.59041408075,6785.77162986943,172
"insurance_autoclaims_paid","random",21,"tail","Huber",1,2.5,"full","blocked",NA,908.079877854217,1354.7206685413,2900.044712889,2792.8718792535,TRUE,8981.42174738925,7102.78168608849,159
"insurance_autoclaims_paid","random",22,"tail","Huber",1,2.5,"full","blocked",NA,943.381137993791,1332.65680844603,2557.32076256671,2860.61675858741,TRUE,7581.53628045629,6517.95283974534,169
"insurance_autoclaims_paid","random",23,"tail","Huber",1,2.5,"full","blocked",NA,939.837682943699,1332.46444583301,2818.00599703305,2815.597435661,TRUE,8550.80302048216,6609.56365727989,165
"insurance_autoclaims_paid","random",24,"tail","Huber",1,2.5,"full","blocked",NA,945.624264410417,1300.64980473249,2428.4657058371,2940.81127319913,TRUE,7158.93799400091,6245.34664215672,168
"insurance_autoclaims_paid","random",25,"tail","Huber",1,2.5,"full","blocked",NA,944.628693304138,1306.05321079527,2506.75952690355,2823.43761351803,TRUE,7542.45640638299,6342.24203515243,162
"insurance_autoclaims_paid","random",26,"tail","Huber",1,2.5,"full","blocked",NA,931.236268443142,1293.00529305409,2482.69517285555,2883.53962305896,TRUE,7379.37550164488,6257.59440662355,167
"insurance_autoclaims_paid","random",27,"tail","Huber",1,2.5,"full","blocked",NA,937.259660649964,1336.84424976469,2806.80695671395,2872.3128565098,TRUE,8515.23400220822,6724.98098869289,165
"insurance_autoclaims_paid","random",28,"tail","Huber",1,2.5,"full","blocked",NA,924.020472923056,1312.21218935538,2782.1786385193,2837.81560037166,TRUE,8468.31854163515,6495.13800372699,164
"insurance_autoclaims_paid","random",29,"tail","Huber",1,2.5,"full","blocked",NA,984.314505353492,1409.14708368838,3004.55564811073,3002.82397897453,TRUE,8787.14270598888,6704.11476162466,180
"insurance_autoclaims_paid","random",30,"tail","Huber",1,2.5,"full","blocked",NA,963.233786965129,1356.74691315254,2629.42877146589,3011.3723810603,TRUE,7613.74538797061,6498.10700279133,179
"insurance_autoclaims_paid","random",1,"tail","Huber",2,2.5,"full","blocked",NA,969.756351554642,1350.36018650989,2845.25107643757,2988.47237123779,TRUE,8370.75634495115,6463.25824270252,176
"insurance_autoclaims_paid","random",2,"tail","Huber",2,2.5,"full","blocked",NA,944.257927393005,1321.80271864959,2545.35153418415,2985.44197400196,TRUE,7520.57652564956,6451.70200106731,170
"insurance_autoclaims_paid","random",3,"tail","Huber",2,2.5,"full","blocked",NA,994.432595262243,1435.75800357392,3324.17290372093,3070.71042887544,TRUE,9730.88566882595,6916.71024974929,183
"insurance_autoclaims_paid","random",4,"tail","Huber",2,2.5,"full","blocked",NA,944.584278972958,1306.92280036817,2724.34880018937,2827.49891929273,TRUE,8506.49676179482,6619.77706588399,153
"insurance_autoclaims_paid","random",5,"tail","Huber",2,2.5,"full","blocked",NA,914.42612303903,1323.44711910477,2960.246092926,2698.13369212023,TRUE,9482.43984933068,7057.20416074149,149
"insurance_autoclaims_paid","random",6,"tail","Huber",2,2.5,"full","blocked",NA,978.428200685294,1389.38788870551,2995.50388240223,3087.42459631134,TRUE,8809.24025858185,6776.19782721255,178
"insurance_autoclaims_paid","random",7,"tail","Huber",2,2.5,"full","blocked",NA,878.41107745056,1293.72294248015,2845.4867650566,2629.22670057051,TRUE,9405.72836801842,7187.42307837955,139
"insurance_autoclaims_paid","random",8,"tail","Huber",2,2.5,"full","blocked",NA,904.718259140692,1276.49872101253,2440.38490704381,2771.26365935509,TRUE,7379.60090380561,6350.44593138116,161
"insurance_autoclaims_paid","random",9,"tail","Huber",2,2.5,"full","blocked",NA,940.935184629362,1279.90882861542,2384.88315283501,2835.36145961022,TRUE,7158.88896808196,6239.04116622943,160
"insurance_autoclaims_paid","random",10,"tail","Huber",2,2.5,"full","blocked",NA,930.406556435698,1272.46916994482,2396.00397348517,2980.90936093833,TRUE,6947.17195867039,5915.60804671391,175
"insurance_autoclaims_paid","random",11,"tail","Huber",2,2.5,"full","blocked",NA,937.154202370463,1264.02430175809,2344.63616240087,2849.46122207442,TRUE,7019.5928855951,5956.87289293588,160
"insurance_autoclaims_paid","random",12,"tail","Huber",2,2.5,"full","blocked",NA,926.048044841746,1327.83450778628,2850.5507264321,2814.14883944043,TRUE,8722.10030069203,6634.44628646672,163
"insurance_autoclaims_paid","random",13,"tail","Huber",2,2.5,"full","blocked",NA,984.290162324146,1345.60319552117,2517.75753457426,3061.95892074261,TRUE,7174.00252355022,6147.66889814097,182
"insurance_autoclaims_paid","random",14,"tail","Huber",2,2.5,"full","blocked",NA,1038.89572044956,1435.56530487642,2738.31665659314,3276.60826063599,TRUE,7482.53444938137,6359.24627370746,203
"insurance_autoclaims_paid","random",15,"tail","Huber",2,2.5,"full","blocked",NA,977.302479100636,1348.1387256181,2830.54546480799,2892.52173136523,TRUE,8576.75556868768,6618.08019331614,164
"insurance_autoclaims_paid","random",16,"tail","Huber",2,2.5,"full","blocked",NA,963.466627129203,1383.84849280929,2880.7890349292,3001.95089442199,TRUE,8514.2990287749,6755.19680019128,175
"insurance_autoclaims_paid","random",17,"tail","Huber",2,2.5,"full","blocked",NA,948.582263686389,1359.0217814243,2924.43184627515,3032.85168100975,TRUE,8671.15008423556,6664.78036529458,175
"insurance_autoclaims_paid","random",18,"tail","Huber",2,2.5,"full","blocked",NA,966.00400346795,1404.38317841606,3095.05067303012,3037.86324786828,TRUE,9186.57383802166,6987.19382058666,176
"insurance_autoclaims_paid","random",19,"tail","Huber",2,2.5,"full","blocked",NA,983.430044038312,1372.44554227875,2651.31737197741,3110.1439202304,TRUE,7610.19588719775,6410.4714987262,182
"insurance_autoclaims_paid","random",20,"tail","Huber",2,2.5,"full","blocked",NA,951.197079975909,1374.09442583425,2707.30960720517,2953.35830296345,TRUE,8016.30964834579,6783.48321074859,172
"insurance_autoclaims_paid","random",21,"tail","Huber",2,2.5,"full","blocked",NA,898.694791949145,1342.75864109496,2893.57227434393,2794.41767059456,TRUE,8994.43669532641,7129.16167931516,159
"insurance_autoclaims_paid","random",22,"tail","Huber",2,2.5,"full","blocked",NA,945.095542191539,1331.98139184535,2563.28358924854,2885.52986368455,TRUE,7599.69730531593,6538.4187245044,169
"insurance_autoclaims_paid","random",23,"tail","Huber",2,2.5,"full","blocked",NA,943.105806355367,1333.90479444129,2815.51762614428,2815.15704019714,TRUE,8538.60013639947,6587.00164996164,165
"insurance_autoclaims_paid","random",24,"tail","Huber",2,2.5,"full","blocked",NA,944.424868173633,1302.50364266901,2424.0762243293,2900.28018163229,TRUE,7145.13190964015,6229.98117619304,168
"insurance_autoclaims_paid","random",25,"tail","Huber",2,2.5,"full","blocked",NA,942.445131878526,1297.99473975372,2516.94570556588,2907.89273689808,TRUE,7579.80880533149,6388.00728343066,162
"insurance_autoclaims_paid","random",26,"tail","Huber",2,2.5,"full","blocked",NA,929.896936558284,1291.70845750399,2479.83069803116,2874.13426067109,TRUE,7371.25217972176,6246.92711872863,167
"insurance_autoclaims_paid","random",27,"tail","Huber",2,2.5,"full","blocked",NA,947.09544591511,1345.00833231632,2802.37300148067,2882.67941956341,TRUE,8488.30942870773,6695.17435676323,165
"insurance_autoclaims_paid","random",28,"tail","Huber",2,2.5,"full","blocked",NA,920.46303276283,1307.05281262939,2787.73251756582,2859.08223932344,TRUE,8490.58540565743,6524.64722959679,164
"insurance_autoclaims_paid","random",29,"tail","Huber",2,2.5,"full","blocked",NA,977.699926747665,1399.0557181305,3013.99839161751,3040.18657672444,TRUE,8825.45718249488,6740.72399804553,180
"insurance_autoclaims_paid","random",30,"tail","Huber",2,2.5,"full","blocked",NA,962.947048179016,1356.60744799011,2631.88756357268,2995.80490791581,TRUE,7621.82305151405,6504.96579553685,179
"insurance_autoclaims_paid","random",1,"tail","L1",0,2.5,"full","blocked",NA,988.922932854469,1339.68780038003,2886.82717417015,3210.37925509181,TRUE,8488.05053968256,6638.18992170719,176
"insurance_autoclaims_paid","random",2,"tail","L1",0,2.5,"full","blocked",NA,964.963290109692,1311.47665806083,2605.56000797835,3190.02470833784,TRUE,7700.6406531479,6659.64857281474,170
"insurance_autoclaims_paid","random",3,"tail","L1",0,2.5,"full","blocked",NA,1015.10748301922,1418.99477136822,3373.3770488214,3320.43088481048,TRUE,9872.6593284369,7127.31902870233,183
"insurance_autoclaims_paid","random",4,"tail","L1",0,2.5,"full","blocked",NA,962.496468872721,1287.86846992999,2776.44462561435,3037.76688004935,TRUE,8658.92628817622,6811.31198383153,153
"insurance_autoclaims_paid","random",5,"tail","L1",0,2.5,"full","blocked",NA,919.860161874707,1302.58018868388,3013.18449107952,2901.16199542514,TRUE,9655.15538246757,7297.02254690116,149
"insurance_autoclaims_paid","random",6,"tail","L1",0,2.5,"full","blocked",NA,1008.17676695133,1383.05589149369,3064.88347490442,3310.96212733829,TRUE,9008.55293897032,7024.10265336615,178
"insurance_autoclaims_paid","random",7,"tail","L1",0,2.5,"full","blocked",NA,872.762330884141,1262.02102332464,2892.42560228117,2843.75178504885,TRUE,9570.19818330142,7400.31918691615,139
"insurance_autoclaims_paid","random",8,"tail","L1",0,2.5,"full","blocked",NA,909.491751949911,1246.30966017565,2499.32021898776,3054.64230038716,TRUE,7572.94864642164,6575.66059681445,161
"insurance_autoclaims_paid","random",9,"tail","L1",0,2.5,"full","blocked",NA,959.671370853002,1270.97770819058,2446.18523742277,3082.43883509883,TRUE,7345.81323823986,6454.42985508048,160
"insurance_autoclaims_paid","random",10,"tail","L1",0,2.5,"full","blocked",NA,944.140038430266,1264.31371246535,2448.01332050514,3150.19926041087,TRUE,7106.74927035477,6103.44525302801,175
"insurance_autoclaims_paid","random",11,"tail","L1",0,2.5,"full","blocked",NA,949.118418212455,1240.47021577317,2413.03955873579,3067.25016867064,TRUE,7239.72619342874,6213.26220556378,160
"insurance_autoclaims_paid","random",12,"tail","L1",0,2.5,"full","blocked",NA,952.14996933947,1314.34945599059,2907.37284622627,3056.7778764395,TRUE,8883.02342622921,6844.61144529575,163
"insurance_autoclaims_paid","random",13,"tail","L1",0,2.5,"full","blocked",NA,998.621831720672,1323.33173875607,2583.7868011496,3283.90168742158,TRUE,7379.38900175266,6382.37622051808,182
"insurance_autoclaims_paid","random",14,"tail","L1",0,2.5,"full","blocked",NA,1060.06263441224,1418.45148409626,2795.36018106701,3485.95932938074,TRUE,7647.35639656606,6548.55730036251,203
"insurance_autoclaims_paid","random",15,"tail","L1",0,2.5,"full","blocked",NA,1005.46192501552,1334.0749412829,2892.98036066117,3155.23061664172,TRUE,8757.07205107617,6841.19674295148,164
"insurance_autoclaims_paid","random",16,"tail","L1",0,2.5,"full","blocked",NA,974.71798155436,1360.74895945641,2936.95773035404,3245.22848412329,TRUE,8689.58880246406,6974.82138796601,175
"insurance_autoclaims_paid","random",17,"tail","L1",0,2.5,"full","blocked",NA,966.93169708671,1345.53536814441,2976.28344673945,3202.2499721491,TRUE,8824.62945622576,6856.25799817927,175
"insurance_autoclaims_paid","random",18,"tail","L1",0,2.5,"full","blocked",NA,979.616551668414,1386.75726451978,3140.77895308042,3237.93191376068,TRUE,9324.951462635,7178.53337650542,176
"insurance_autoclaims_paid","random",19,"tail","L1",0,2.5,"full","blocked",NA,1003.301487028,1350.79316517566,2707.30322572151,3339.30026175912,TRUE,7772.7678585397,6600.70740147282,182
"insurance_autoclaims_paid","random",20,"tail","L1",0,2.5,"full","blocked",NA,968.08607098721,1356.0103443881,2776.6455229378,3202.79350412784,TRUE,8230.22340545237,7031.0626039046,172
"insurance_autoclaims_paid","random",21,"tail","L1",0,2.5,"full","blocked",NA,913.079848960061,1326.02373880538,2951.10068281432,3025.76086358124,TRUE,9162.41129228492,7337.91114442562,159
"insurance_autoclaims_paid","random",22,"tail","L1",0,2.5,"full","blocked",NA,959.86191828393,1316.13590451427,2623.58524786402,3096.61138667193,TRUE,7786.47770897541,6757.31566561636,169
"insurance_autoclaims_paid","random",23,"tail","L1",0,2.5,"full","blocked",NA,949.617979786274,1309.64382661664,2873.54604469309,3059.44480517674,TRUE,8726.6301365156,6837.81509020508,165
"insurance_autoclaims_paid","random",24,"tail","L1",0,2.5,"full","blocked",NA,960.43013396959,1281.42132224183,2486.33271914299,3162.67992675833,TRUE,7334.99715994153,6439.08802555227,168
"insurance_autoclaims_paid","random",25,"tail","L1",0,2.5,"full","blocked",NA,960.438175109702,1283.1251846267,2574.15811559337,3086.88935070047,TRUE,7751.5629885707,6587.56948581052,162
"insurance_autoclaims_paid","random",26,"tail","L1",0,2.5,"full","blocked",NA,947.028725250451,1276.68625135936,2546.88413709242,3142.89850717661,TRUE,7578.21465664088,6486.36677863806,167
"insurance_autoclaims_paid","random",27,"tail","L1",0,2.5,"full","blocked",NA,941.297609732335,1312.34431166704,2855.46931693227,3113.63365558047,TRUE,8672.61145240552,6932.06984177168,165
"insurance_autoclaims_paid","random",28,"tail","L1",0,2.5,"full","blocked",NA,932.55090669452,1284.20647796176,2844.34925508442,3128.76822978498,TRUE,8666.96075384493,6748.41709933361,164
"insurance_autoclaims_paid","random",29,"tail","L1",0,2.5,"full","blocked",NA,987.246704369302,1373.27524110901,3068.54292289361,3295.95477066179,TRUE,8996.36229810631,6967.849914427,180
"insurance_autoclaims_paid","random",30,"tail","L1",0,2.5,"full","blocked",NA,979.731024987495,1343.18937853646,2689.27223684079,3259.9354255588,TRUE,7795.1745833547,6711.09175389336,179
"insurance_autoclaims_paid","random",1,"tail","L1",1,2.5,"full","blocked",NA,989.859706452954,1337.26572243049,2896.70896343961,3209.9242336487,TRUE,8520.76165904949,6669.95714565609,176
"insurance_autoclaims_paid","random",2,"tail","L1",1,2.5,"full","blocked",NA,961.247144557203,1306.68439770667,2606.8612687225,3184.22186537876,TRUE,7709.22919759106,6671.04323241786,170
"insurance_autoclaims_paid","random",3,"tail","L1",1,2.5,"full","blocked",NA,1019.15798445292,1419.58143670859,3377.79239187814,3320.68313960548,TRUE,9883.56479441055,7133.63876912415,183
"insurance_autoclaims_paid","random",4,"tail","L1",1,2.5,"full","blocked",NA,961.433357730003,1292.01219863278,2783.26580905837,3064.19545977132,TRUE,8687.67327686248,6842.86827750362,153
"insurance_autoclaims_paid","random",5,"tail","L1",1,2.5,"full","blocked",NA,923.907784295531,1304.85391495857,3017.97973645422,2920.42186003955,TRUE,9669.04377783089,7305.09129571551,149
"insurance_autoclaims_paid","random",6,"tail","L1",1,2.5,"full","blocked",NA,998.099423224775,1378.71773623428,3046.0383042478,3308.94299989294,TRUE,8957.24691149443,6968.79939044893,178
"insurance_autoclaims_paid","random",7,"tail","L1",1,2.5,"full","blocked",NA,880.973298214117,1267.19180444168,2901.63913293747,2862.78055620899,TRUE,9591.58940932276,7430.71994791047,139
"insurance_autoclaims_paid","random",8,"tail","L1",1,2.5,"full","blocked",NA,904.69554302052,1249.01538885174,2492.74378480311,2999.77292579107,TRUE,7556.47965576542,6555.58132235199,161
"insurance_autoclaims_paid","random",9,"tail","L1",1,2.5,"full","blocked",NA,961.592947056135,1269.899001203,2450.13490980125,3041.14655525355,TRUE,7357.46919507179,6466.85514122251,160
"insurance_autoclaims_paid","random",10,"tail","L1",1,2.5,"full","blocked",NA,965.835067447212,1268.34721474564,2477.734815341,3248.85211879973,TRUE,7182.51908003013,6196.23383978658,175
"insurance_autoclaims_paid","random",11,"tail","L1",1,2.5,"full","blocked",NA,940.224583623386,1240.4419012832,2399.13708085947,3088.6583708517,TRUE,7202.96268805977,6173.24284597948,160
"insurance_autoclaims_paid","random",12,"tail","L1",1,2.5,"full","blocked",NA,940.703673023654,1306.01525896236,2907.98188359529,3045.10359279845,TRUE,8898.97247756231,6873.17382144506,163
"insurance_autoclaims_paid","random",13,"tail","L1",1,2.5,"full","blocked",NA,1002.2087796233,1318.11421132345,2596.60740561902,3338.00447886547,TRUE,7417.77579937763,6422.87583605993,182
"insurance_autoclaims_paid","random",14,"tail","L1",1,2.5,"full","blocked",NA,1070.0566273168,1419.00801746031,2802.956530516,3516.69529126072,TRUE,7663.02547759227,6574.63262612272,203
"insurance_autoclaims_paid","random",15,"tail","L1",1,2.5,"full","blocked",NA,997.579601952987,1337.84975959478,2876.13934650848,3087.18470506686,TRUE,8706.8852582004,6795.08411583939,164
"insurance_autoclaims_paid","random",16,"tail","L1",1,2.5,"full","blocked",NA,966.36970051979,1356.9676573671,2930.34622884259,3185.65609908939,TRUE,8675.39041291117,6959.58691778023,175
"insurance_autoclaims_paid","random",17,"tail","L1",1,2.5,"full","blocked",NA,972.24135495202,1347.83279304494,2987.82579269445,3264.7725154569,TRUE,8858.88111041941,6912.03378500412,175
"insurance_autoclaims_paid","random",18,"tail","L1",1,2.5,"full","blocked",NA,981.208073211732,1387.44660827979,3145.29257768974,3233.21780176658,TRUE,9339.1225664766,7195.95639505774,176
"insurance_autoclaims_paid","random",19,"tail","L1",1,2.5,"full","blocked",NA,999.787795889808,1351.07875064798,2715.73021149788,3317.58980422683,TRUE,7806.88120432115,6640.47757473853,182
"insurance_autoclaims_paid","random",20,"tail","L1",1,2.5,"full","blocked",NA,967.551592606308,1359.96873240044,2772.91857140664,3131.8711766551,TRUE,8218.28838578454,7016.3916820682,172
"insurance_autoclaims_paid","random",21,"tail","L1",1,2.5,"full","blocked",NA,914.803425376752,1328.25385159749,2960.0208753002,3055.31769067325,TRUE,9160.08020365101,7332.54913558812,159
"insurance_autoclaims_paid","random",22,"tail","L1",1,2.5,"full","blocked",NA,963.196522885161,1317.44184281814,2625.48769016777,3136.5306737175,TRUE,7788.93869049005,6759.27416508722,169
"insurance_autoclaims_paid","random",23,"tail","L1",1,2.5,"full","blocked",NA,947.879412482508,1311.09986010784,2867.91272847142,3024.40991380024,TRUE,8709.38440006693,6813.5872837018,165
"insurance_autoclaims_paid","random",24,"tail","L1",1,2.5,"full","blocked",NA,964.391396202154,1277.98157321812,2496.25486628528,3188.51557114573,TRUE,7366.92974292326,6482.5020662829,168
"insurance_autoclaims_paid","random",25,"tail","L1",1,2.5,"full","blocked",NA,962.073126165658,1281.19935663483,2575.80786803758,3098.02083518636,TRUE,7757.65029767701,6599.55850692663,162
"insurance_autoclaims_paid","random",26,"tail","L1",1,2.5,"full","blocked",NA,949.653723603802,1281.29191207475,2545.71642431731,3135.12591457414,TRUE,7571.58629153633,6481.89099127511,167
"insurance_autoclaims_paid","random",27,"tail","L1",1,2.5,"full","blocked",NA,943.729244837355,1306.38755751665,2865.64638333183,3149.6434566916,TRUE,8704.98133038283,6964.09529138907,165
"insurance_autoclaims_paid","random",28,"tail","L1",1,2.5,"full","blocked",NA,931.585647194016,1284.38265128199,2844.90792657275,3102.89032447032,TRUE,8670.06281063477,6755.30580950141,164
"insurance_autoclaims_paid","random",29,"tail","L1",1,2.5,"full","blocked",NA,994.950045061233,1376.0154217495,3077.1198069167,3337.99895190606,TRUE,9017.59636524137,6986.57050488044,180
"insurance_autoclaims_paid","random",30,"tail","L1",1,2.5,"full","blocked",NA,984.036931396806,1342.20771629866,2694.6174479725,3239.62682610921,TRUE,7808.88313285646,6723.92556095763,179
"insurance_autoclaims_paid","random",1,"tail","L1",2,2.5,"full","blocked",NA,988.370150660882,1342.35605409468,2888.03996621825,3126.55059116946,TRUE,8492.14965843188,6634.42433660742,176
"insurance_autoclaims_paid","random",2,"tail","L1",2,2.5,"full","blocked",NA,961.720281643092,1307.95276826862,2612.37216704894,3212.66462072336,TRUE,7726.9138680787,6688.12397976167,170
"insurance_autoclaims_paid","random",3,"tail","L1",2,2.5,"full","blocked",NA,1015.55902428114,1418.25954904863,3375.46126501762,3327.19498207646,TRUE,9879.36828831275,7132.61837279491,183
"insurance_autoclaims_paid","random",4,"tail","L1",2,2.5,"full","blocked",NA,965.403728301088,1288.40977467203,2787.774515708,3085.03108084247,TRUE,8697.8555846738,6853.90484772433,153
"insurance_autoclaims_paid","random",5,"tail","L1",2,2.5,"full","blocked",NA,926.67127703384,1303.00423667766,3024.14683585274,2972.61063056225,TRUE,9687.22240574177,7328.4929532054,149
"insurance_autoclaims_paid","random",6,"tail","L1",2,2.5,"full","blocked",NA,996.698459608711,1377.61730373312,3048.32166316793,3325.5789484358,TRUE,8965.98037980849,6974.22563553152,178
"insurance_autoclaims_paid","random",7,"tail","L1",2,2.5,"full","blocked",NA,874.576922839354,1262.71491689191,2899.80317367514,2875.69460068287,TRUE,9592.25388521508,7427.9111417705,139
"insurance_autoclaims_paid","random",8,"tail","L1",2,2.5,"full","blocked",NA,904.507964659643,1248.13433294638,2489.57228130977,2993.76388261753,TRUE,7546.0684185236,6545.90872957991,161
"insurance_autoclaims_paid","random",9,"tail","L1",2,2.5,"full","blocked",NA,970.009402352929,1271.79873754965,2458.18780369487,3116.66729240986,TRUE,7374.7047600217,6496.24941637617,160
"insurance_autoclaims_paid","random",10,"tail","L1",2,2.5,"full","blocked",NA,957.046924894787,1263.55651820692,2470.92967946763,3187.52631016186,TRUE,7169.71541592555,6176.54426528543,175
"insurance_autoclaims_paid","random",11,"tail","L1",2,2.5,"full","blocked",NA,944.518427823486,1244.40091645124,2392.43682382044,3038.69687612606,TRUE,7173.29745629835,6135.12982654349,160
"insurance_autoclaims_paid","random",12,"tail","L1",2,2.5,"full","blocked",NA,935.411772994605,1300.88157474513,2912.63119144027,3067.26848552822,TRUE,8919.56597862347,6901.74950266722,163
"insurance_autoclaims_paid","random",13,"tail","L1",2,2.5,"full","blocked",NA,997.120768179541,1319.85499752174,2581.88043893698,3281.04119235317,TRUE,7374.21498515902,6374.61527156328,182
"insurance_autoclaims_paid","random",14,"tail","L1",2,2.5,"full","blocked",NA,1071.16330649763,1423.2955434907,2801.95540233516,3522.71518044191,TRUE,7657.81980857891,6568.57856361158,203
"insurance_autoclaims_paid","random",15,"tail","L1",2,2.5,"full","blocked",NA,1002.58072423073,1338.32516335314,2883.18625314175,3110.96068533987,TRUE,8725.40572037804,6812.6637955113,164
"insurance_autoclaims_paid","random",16,"tail","L1",2,2.5,"full","blocked",NA,966.693821244287,1357.08824157119,2932.6176863919,3198.0334436826,TRUE,8682.44292951091,6964.45815779815,175
"insurance_autoclaims_paid","random",17,"tail","L1",2,2.5,"full","blocked",NA,968.598432370847,1347.93743008982,2982.88714551109,3269.60905715561,TRUE,8844.80644663875,6889.54918207533,175
"insurance_autoclaims_paid","random",18,"tail","L1",2,2.5,"full","blocked",NA,978.16642571867,1387.51920979447,3141.09351895998,3211.04746937518,TRUE,9326.70008963663,7175.33604672634,176
"insurance_autoclaims_paid","random",19,"tail","L1",2,2.5,"full","blocked",NA,1005.58588496173,1352.22800630364,2719.47182557177,3346.27298640985,TRUE,7813.67772059806,6651.06660812279,182
"insurance_autoclaims_paid","random",20,"tail","L1",2,2.5,"full","blocked",NA,969.572855909263,1359.7363873287,2770.45558733698,3190.06613814576,TRUE,8208.67745642941,7006.6070503672,172
"insurance_autoclaims_paid","random",21,"tail","L1",2,2.5,"full","blocked",NA,902.552584228283,1321.93664859291,2939.33781701345,3008.21859051604,TRUE,9142.71308823819,7297.53750418106,159
"insurance_autoclaims_paid","random",22,"tail","L1",2,2.5,"full","blocked",NA,957.739514207012,1316.37067409588,2617.29233322091,3064.50901540675,TRUE,7767.29179915982,6730.88964002864,169
"insurance_autoclaims_paid","random",23,"tail","L1",2,2.5,"full","blocked",NA,963.567213870359,1314.50270714672,2884.35651342014,3161.06666579719,TRUE,8747.81983214875,6854.53490996949,165
"insurance_autoclaims_paid","random",24,"tail","L1",2,2.5,"full","blocked",NA,956.366288162718,1280.67069427155,2485.35556255968,3140.52438259348,TRUE,7339.16871510933,6448.35152532975,168
"insurance_autoclaims_paid","random",25,"tail","L1",2,2.5,"full","blocked",NA,953.564139675806,1277.3908685275,2572.46594201409,3071.2173624045,TRUE,7756.32808189373,6594.32283280546,162
"insurance_autoclaims_paid","random",26,"tail","L1",2,2.5,"full","blocked",NA,948.473144491351,1281.43567509486,2545.63876016471,3104.69492227715,TRUE,7571.859379013,6482.91292930823,167
"insurance_autoclaims_paid","random",27,"tail","L1",2,2.5,"full","blocked",NA,942.980158706635,1311.84041001801,2860.94729791007,3111.63076391606,TRUE,8689.1616303804,6938.99158014451,165
"insurance_autoclaims_paid","random",28,"tail","L1",2,2.5,"full","blocked",NA,932.455307685412,1283.57117515095,2845.60701422213,3091.08355994777,TRUE,8671.89929452756,6760.59785078883,164
"insurance_autoclaims_paid","random",29,"tail","L1",2,2.5,"full","blocked",NA,991.641087505297,1375.43803961909,3065.51705977839,3285.91318535088,TRUE,8982.49618615665,6947.96890596038,180
"insurance_autoclaims_paid","random",30,"tail","L1",2,2.5,"full","blocked",NA,978.002128155694,1338.62427926254,2691.17470628784,3240.18984276816,TRUE,7803.16716658023,6718.7481368066,179
"insurance_autoclaims_paid","random",1,"tail","auto-valgate",0,2.5,"full","blocked",NA,971.249459517148,1352.95261719787,2840.94621303037,2970.27460085887,TRUE,8355.33701781134,6441.86545891022,176
"insurance_autoclaims_paid","random",2,"tail","auto-valgate",0,2.5,"full","blocked",NA,944.10520286671,1320.81400500103,2545.25442234574,2955.48768158772,TRUE,7520.40973585503,6451.46496175468,170
"insurance_autoclaims_paid","random",3,"tail","auto-valgate",0,2.5,"full","blocked",NA,992.907934413976,1436.16957454634,3319.95194139961,3055.85717997295,TRUE,9717.92935333857,6898.84503712221,183
"insurance_autoclaims_paid","random",4,"tail","auto-valgate",0,2.5,"full","blocked",NA,942.934773819156,1308.04776464163,2726.92485086107,2842.3715202061,TRUE,8516.21469252048,6622.44736606479,153
"insurance_autoclaims_paid","random",5,"tail","auto-valgate",0,2.5,"full","blocked",NA,910.030554012761,1322.04005464227,2957.24389955451,2704.11792983779,TRUE,9477.34873398437,7055.4412758701,149
"insurance_autoclaims_paid","random",6,"tail","auto-valgate",0,2.5,"full","blocked",NA,979.252338458136,1387.40065764995,2996.89353575564,3108.06918138877,TRUE,8813.08869807087,6782.89245703043,178
"insurance_autoclaims_paid","random",7,"tail","auto-valgate",0,2.5,"full","blocked",NA,873.664392698941,1285.48434821258,2848.51210089986,2666.26172807503,TRUE,9420.70950283149,7208.52531461968,139
"insurance_autoclaims_paid","random",8,"tail","auto-valgate",0,2.5,"full","blocked",NA,902.027399959598,1274.40468857781,2433.74528893798,2709.20640488825,TRUE,7359.70888451569,6328.99065250113,161
"insurance_autoclaims_paid","random",9,"tail","auto-valgate",0,2.5,"full","blocked",NA,941.5121388669,1283.219400545,2381.24703207443,2834.56867158522,TRUE,7145.27981864383,6227.71366368469,160
"insurance_autoclaims_paid","random",10,"tail","auto-valgate",0,2.5,"full","blocked",NA,931.823267054856,1269.4818186687,2402.60398184311,2972.3520860796,TRUE,6968.94308709569,5942.48964015749,175
"insurance_autoclaims_paid","random",11,"tail","auto-valgate",0,2.5,"full","blocked",NA,936.641503613692,1263.93643326446,2341.89201239105,2828.0391403441,TRUE,7011.43600351323,5946.0439888478,160
"insurance_autoclaims_paid","random",12,"tail","auto-valgate",0,2.5,"full","blocked",NA,922.460719852404,1321.85127586301,2857.30079768782,2825.89553624711,TRUE,8748.32425817851,6666.73937517816,163
"insurance_autoclaims_paid","random",13,"tail","auto-valgate",0,2.5,"full","blocked",NA,981.976520614585,1342.67695166396,2518.24710195585,3044.15477470639,TRUE,7178.25408177812,6149.45474476647,182
"insurance_autoclaims_paid","random",14,"tail","auto-valgate",0,2.5,"full","blocked",NA,1041.14487078764,1438.40420922094,2735.66090386718,3298.62208573751,TRUE,7471.93171441328,6349.37365127121,203
"insurance_autoclaims_paid","random",15,"tail","auto-valgate",0,2.5,"full","blocked",NA,974.348515740002,1343.18429419811,2834.43180188307,2897.18317286216,TRUE,8592.61559703255,6637.61459330021,164
"insurance_autoclaims_paid","random",16,"tail","auto-valgate",0,2.5,"full","blocked",NA,959.414142923713,1380.28181680289,2881.27607132959,3023.17587633824,TRUE,8520.22477198205,6768.23214714507,175
"insurance_autoclaims_paid","random",17,"tail","auto-valgate",0,2.5,"full","blocked",NA,948.673553864532,1358.99724054618,2929.08815825587,3028.28595773112,TRUE,8687.24522099101,6691.32679491226,175
"insurance_autoclaims_paid","random",18,"tail","auto-valgate",0,2.5,"full","blocked",NA,970.542171553369,1416.09661359395,3081.51836266634,2989.12205944253,TRUE,9138.24738998576,6927.28815717221,176
"insurance_autoclaims_paid","random",19,"tail","auto-valgate",0,2.5,"full","blocked",NA,984.600562872964,1372.9454548576,2654.68731161722,3113.51674634709,TRUE,7620.43154412988,6418.50464461895,182
"insurance_autoclaims_paid","random",20,"tail","auto-valgate",0,2.5,"full","blocked",NA,949.135538180172,1368.21081430487,2719.86061635288,2985.3475821674,TRUE,8060.59927185706,6831.40100391821,172
"insurance_autoclaims_paid","random",21,"tail","auto-valgate",0,2.5,"full","blocked",NA,904.968592579149,1346.72923210607,2896.23556146983,2836.78418790727,TRUE,8996.17677587165,7131.74326050983,159
"insurance_autoclaims_paid","random",22,"tail","auto-valgate",0,2.5,"full","blocked",NA,943.676227530502,1334.67441664897,2552.58855118728,2852.15885702857,TRUE,7564.90754635543,6494.65852400392,169
"insurance_autoclaims_paid","random",23,"tail","auto-valgate",0,2.5,"full","blocked",NA,943.797812128632,1336.40921406694,2814.48289193419,2876.93308376914,TRUE,8534.19810366955,6580.7834104867,165
"insurance_autoclaims_paid","random",24,"tail","auto-valgate",0,2.5,"full","blocked",NA,941.971984470467,1301.28505228721,2422.08913534008,2915.45510080313,TRUE,7141.02605712846,6225.10259903004,168
"insurance_autoclaims_paid","random",25,"tail","auto-valgate",0,2.5,"full","blocked",NA,944.991889781556,1302.77620568979,2515.98513569944,2898.5678104627,TRUE,7574.01257311281,6382.46544775114,162
"insurance_autoclaims_paid","random",26,"tail","auto-valgate",0,2.5,"full","blocked",NA,925.942236734058,1286.18011871649,2485.16594364474,2917.49034478419,TRUE,7393.79181055962,6273.42570302582,167
"insurance_autoclaims_paid","random",27,"tail","auto-valgate",0,2.5,"full","blocked",NA,946.369166393603,1343.84629698103,2810.52848146016,2914.50373155042,TRUE,8514.31791235556,6727.23499958691,165
"insurance_autoclaims_paid","random",28,"tail","auto-valgate",0,2.5,"full","blocked",NA,928.139919323808,1317.50657630075,2780.41275823264,2832.37831482607,TRUE,8458.18813103009,6479.026916866,164
"insurance_autoclaims_paid","random",29,"tail","auto-valgate",0,2.5,"full","blocked",NA,977.039056736111,1397.02971474572,3018.54590498904,3103.95792109242,TRUE,8841.97529286892,6764.70799992332,180
"insurance_autoclaims_paid","random",30,"tail","auto-valgate",0,2.5,"full","blocked",NA,959.903476059976,1350.33078365275,2636.13306234984,3036.25805323644,TRUE,7639.78409772633,6528.4953461604,179
"insurance_autoclaims_paid","random",1,"tail","auto-valgate",1,2.5,"full","blocked",NA,972.452809612073,1354.24476115857,2840.59918784712,2972.39754369323,TRUE,8352.59023301606,6438.99100342084,176
"insurance_autoclaims_paid","random",2,"tail","auto-valgate",1,2.5,"full","blocked",NA,941.377707995743,1318.68293122783,2545.80196619146,2975.5511629496,TRUE,7525.50748983972,6456.34171929886,170
"insurance_autoclaims_paid","random",3,"tail","auto-valgate",1,2.5,"full","blocked",NA,989.131091478231,1432.51174178999,3319.30872499986,3071.04736904985,TRUE,9718.40622683405,6901.52006094296,183
"insurance_autoclaims_paid","random",4,"tail","auto-valgate",1,2.5,"full","blocked",NA,941.548974341085,1310.04526054261,2718.0205746023,2789.21867243134,TRUE,8488.44946399441,6595.1292979249,153
"insurance_autoclaims_paid","random",5,"tail","auto-valgate",1,2.5,"full","blocked",NA,911.500867681976,1319.37295817859,2965.43610303917,2719.13134921447,TRUE,9503.85794310637,7084.0987619114,149
"insurance_autoclaims_paid","random",6,"tail","auto-valgate",1,2.5,"full","blocked",NA,977.869993164052,1388.09006167622,2998.69972589161,3118.26160837679,TRUE,8820.414106503,6792.92531870963,178
"insurance_autoclaims_paid","random",7,"tail","auto-valgate",1,2.5,"full","blocked",NA,875.987973663478,1290.55078917474,2849.01123909639,2642.09909866082,TRUE,9421.39026235495,7205.93529525129,139
"insurance_autoclaims_paid","random",8,"tail","auto-valgate",1,2.5,"full","blocked",NA,900.406294764409,1274.58037599839,2432.60288471331,2732.71350077719,TRUE,7357.80037863458,6327.01151475048,161
"insurance_autoclaims_paid","random",9,"tail","auto-valgate",1,2.5,"full","blocked",NA,944.079247331421,1283.50595723442,2388.41905688718,2857.92255558423,TRUE,7166.54569980198,6255.28693095447,160
"insurance_autoclaims_paid","random",10,"tail","auto-valgate",1,2.5,"full","blocked",NA,932.059010901221,1271.1221053116,2403.09251928467,2969.78594425525,TRUE,6970.26462732772,5944.80813990738,175
"insurance_autoclaims_paid","random",11,"tail","auto-valgate",1,2.5,"full","blocked",NA,936.095068823895,1258.14982755529,2348.83662759613,2879.95762025203,TRUE,7035.34635516318,5977.97573225448,160
"insurance_autoclaims_paid","random",12,"tail","auto-valgate",1,2.5,"full","blocked",NA,923.913504864002,1323.09694989082,2852.81050802547,2814.62846314669,TRUE,8731.73802199721,6652.25171950409,163
"insurance_autoclaims_paid","random",13,"tail","auto-valgate",1,2.5,"full","blocked",NA,983.871019801417,1346.49762534163,2523.31629222569,3070.85954420641,TRUE,7193.01476817715,6163.35632018837,182
"insurance_autoclaims_paid","random",14,"tail","auto-valgate",1,2.5,"full","blocked",NA,1040.53091583331,1433.33273121669,2739.34971677132,3328.06352576289,TRUE,7485.36049078175,6366.29613927441,203
"insurance_autoclaims_paid","random",15,"tail","auto-valgate",1,2.5,"full","blocked",NA,977.023088129239,1356.04521854083,2816.19582833432,2827.74001095816,TRUE,8528.26115397135,6551.61666950322,164
"insurance_autoclaims_paid","random",16,"tail","auto-valgate",1,2.5,"full","blocked",NA,965.40584559259,1386.48946108993,2879.02680571145,2977.03502818525,TRUE,8506.7765611324,6750.18949662463,175
"insurance_autoclaims_paid","random",17,"tail","auto-valgate",1,2.5,"full","blocked",NA,950.100408432459,1362.54699603682,2921.32021182351,2996.08271056608,TRUE,8659.87372277209,6650.15969894115,175
"insurance_autoclaims_paid","random",18,"tail","auto-valgate",1,2.5,"full","blocked",NA,963.486099732502,1401.60789728487,3095.84673067066,3027.10579156241,TRUE,9192.7098716501,7000.24129381518,176
"insurance_autoclaims_paid","random",19,"tail","auto-valgate",1,2.5,"full","blocked",NA,980.996242860996,1371.19433029167,2651.82863827584,3117.32741596418,TRUE,7614.54814674405,6412.09038354583,182
"insurance_autoclaims_paid","random",20,"tail","auto-valgate",1,2.5,"full","blocked",NA,957.609534649856,1376.42158533805,2709.89798129888,2977.38959327592,TRUE,8018.90486755411,6786.39982589699,172
"insurance_autoclaims_paid","random",21,"tail","auto-valgate",1,2.5,"full","blocked",NA,907.715925136193,1354.63613160924,2894.50877820268,2784.02367071564,TRUE,8980.9425877111,7105.96266697949,159
"insurance_autoclaims_paid","random",22,"tail","auto-valgate",1,2.5,"full","blocked",NA,941.962573343128,1329.91358030242,2558.73355560095,2872.77642817593,TRUE,7587.80284788408,6523.0579913369,169
"insurance_autoclaims_paid","random",23,"tail","auto-valgate",1,2.5,"full","blocked",NA,944.154420782649,1331.5755107472,2822.3595682687,2897.55830109363,TRUE,8559.80795865468,6615.86474649063,165
"insurance_autoclaims_paid","random",24,"tail","auto-valgate",1,2.5,"full","blocked",NA,945.04958711657,1298.27935040041,2429.10378005144,2943.38131872321,TRUE,7161.76244314526,6249.86352482792,168
"insurance_autoclaims_paid","random",25,"tail","auto-valgate",1,2.5,"full","blocked",NA,947.20920778991,1311.17341771434,2507.17439685144,2854.92185452442,TRUE,7541.84271049684,6339.03760358478,162
"insurance_autoclaims_paid","random",26,"tail","auto-valgate",1,2.5,"full","blocked",NA,930.178478252864,1294.12883700864,2478.35786886341,2867.72994227183,TRUE,7362.1423835531,6236.64577408269,167
"insurance_autoclaims_paid","random",27,"tail","auto-valgate",1,2.5,"full","blocked",NA,938.023533204946,1338.54785393517,2804.527602121,2920.52734856631,TRUE,8506.64516863666,6713.96423911089,165
"insurance_autoclaims_paid","random",28,"tail","auto-valgate",1,2.5,"full","blocked",NA,922.947406738131,1311.02535314396,2785.9845213503,2830.27780057371,TRUE,8482.44842749082,6512.96858857089,164
"insurance_autoclaims_paid","random",29,"tail","auto-valgate",1,2.5,"full","blocked",NA,978.966290765564,1400.72885921491,3010.63034153389,3022.48626277823,TRUE,8812.30362570722,6737.33216540188,180
"insurance_autoclaims_paid","random",30,"tail","auto-valgate",1,2.5,"full","blocked",NA,963.445566419293,1355.65847799157,2636.22283161866,3068.93980492308,TRUE,7636.33157946455,6522.94683901208,179
"insurance_autoclaims_paid","random",1,"tail","auto-valgate",2,2.5,"full","blocked",NA,972.110156710371,1355.80334295781,2837.8642206507,2974.27169003605,TRUE,8343.61418278654,6428.53614286802,176
"insurance_autoclaims_paid","random",2,"tail","auto-valgate",2,2.5,"full","blocked",NA,944.597809311353,1325.46245172731,2540.11820727907,2942.76531714645,TRUE,7502.81648069808,6429.18500302267,170
"insurance_autoclaims_paid","random",3,"tail","auto-valgate",2,2.5,"full","blocked",NA,992.486876196362,1433.54938879496,3323.28724292494,3107.80301902179,TRUE,9729.37977515691,6917.89026489783,183
"insurance_autoclaims_paid","random",4,"tail","auto-valgate",2,2.5,"full","blocked",NA,940.011053987469,1301.70779179468,2731.04186438064,2847.58598002998,TRUE,8534.37688500787,6648.28170856052,153
"insurance_autoclaims_paid","random",5,"tail","auto-valgate",2,2.5,"full","blocked",NA,911.011147976728,1321.34058270255,2962.53777945812,2716.19485873903,TRUE,9494.67747919806,7071.97803666098,149
"insurance_autoclaims_paid","random",6,"tail","auto-valgate",2,2.5,"full","blocked",NA,977.697935310931,1389.73646822372,2995.03716310756,3032.51965004132,TRUE,8808.07151747627,6769.74561505623,178
"insurance_autoclaims_paid","random",7,"tail","auto-valgate",2,2.5,"full","blocked",NA,877.18957589674,1288.47422431595,2850.89088971093,2663.34854217435,TRUE,9424.23623506949,7213.27921873922,139
"insurance_autoclaims_paid","random",8,"tail","auto-valgate",2,2.5,"full","blocked",NA,903.086884569347,1272.81549749886,2439.51562152588,2787.92469458411,TRUE,7378.0685840523,6351.34266840015,161
"insurance_autoclaims_paid","random",9,"tail","auto-valgate",2,2.5,"full","blocked",NA,943.34058650357,1279.70741331314,2388.62826345288,2864.12243369099,TRUE,7168.86977081176,6253.17547245382,160
"insurance_autoclaims_paid","random",10,"tail","auto-valgate",2,2.5,"full","blocked",NA,934.162071111003,1275.01695250361,2399.59228886453,2975.54947182255,TRUE,6954.52153733285,5923.39183830014,175
"insurance_autoclaims_paid","random",11,"tail","auto-valgate",2,2.5,"full","blocked",NA,940.167214208941,1267.25911290504,2339.27707171571,2827.00735993426,TRUE,6997.94554981954,5933.98788316164,160
"insurance_autoclaims_paid","random",12,"tail","auto-valgate",2,2.5,"full","blocked",NA,924.266953365516,1323.5467589525,2859.06359914524,2821.59977538354,TRUE,8749.47712252919,6663.38617514377,163
"insurance_autoclaims_paid","random",13,"tail","auto-valgate",2,2.5,"full","blocked",NA,982.945921832538,1343.0983098849,2521.87666701702,3063.06531124291,TRUE,7189.16233878712,6161.60432514655,182
"insurance_autoclaims_paid","random",14,"tail","auto-valgate",2,2.5,"full","blocked",NA,1039.73861076313,1435.14315762464,2738.88513092995,3317.3235302684,TRUE,7484.59775631754,6363.78597920888,203
"insurance_autoclaims_paid","random",15,"tail","auto-valgate",2,2.5,"full","blocked",NA,977.386933195676,1349.6492384604,2831.09995965568,2886.25790975665,TRUE,8578.30915816414,6613.99641420038,164
"insurance_autoclaims_paid","random",16,"tail","auto-valgate",2,2.5,"full","blocked",NA,960.872801180575,1383.21044007014,2877.27898637013,3026.92894188786,TRUE,8505.77064068114,6755.6880624125,175
"insurance_autoclaims_paid","random",17,"tail","auto-valgate",2,2.5,"full","blocked",NA,946.406709741218,1359.13647053911,2923.48975628612,3022.30824294851,TRUE,8670.80155950564,6666.41117905514,175
"insurance_autoclaims_paid","random",18,"tail","auto-valgate",2,2.5,"full","blocked",NA,964.198565628928,1406.5169103639,3086.58706590243,3002.14428612071,TRUE,9160.90078367099,6962.21119820738,176
"insurance_autoclaims_paid","random",19,"tail","auto-valgate",2,2.5,"full","blocked",NA,989.731695469755,1378.03080267927,2661.52818238233,3129.99509279396,TRUE,7591.69626790348,6394.79381287344,182
"insurance_autoclaims_paid","random",20,"tail","auto-valgate",2,2.5,"full","blocked",NA,956.927832634867,1375.51957172825,2711.70599602264,2972.48171865631,TRUE,8025.62219093388,6794.28883810225,172
"insurance_autoclaims_paid","random",21,"tail","auto-valgate",2,2.5,"full","blocked",NA,900.886654987307,1346.03323727067,2891.44332808195,2799.56340716755,TRUE,8984.8617180004,7121.110116942,159
"insurance_autoclaims_paid","random",22,"tail","auto-valgate",2,2.5,"full","blocked",NA,944.790102159788,1336.06203404326,2549.46059457317,2896.34851300219,TRUE,7553.18080126538,6486.5241241389,169
"insurance_autoclaims_paid","random",23,"tail","auto-valgate",2,2.5,"full","blocked",NA,944.440270009959,1337.76619456501,2815.47382275511,2851.32005896616,TRUE,8537.38097582217,6584.37116320235,165
"insurance_autoclaims_paid","random",24,"tail","auto-valgate",2,2.5,"full","blocked",NA,945.551364524411,1306.52805406402,2417.82640251709,2887.20592358624,TRUE,7122.57172173546,6203.27699239436,168
"insurance_autoclaims_paid","random",25,"tail","auto-valgate",2,2.5,"full","blocked",NA,943.214902020096,1301.31647107902,2517.75470801637,2891.7770005929,TRUE,7582.44244047447,6392.47874175662,162
"insurance_autoclaims_paid","random",26,"tail","auto-valgate",2,2.5,"full","blocked",NA,927.180514064768,1287.81019065788,2484.20406364595,2916.05808716562,TRUE,7388.87751369584,6266.77032797246,167
"insurance_autoclaims_paid","random",27,"tail","auto-valgate",2,2.5,"full","blocked",NA,942.113132482875,1343.35207134206,2803.34968552702,2905.76735245918,TRUE,8498.52408641468,6706.93976940639,165
"insurance_autoclaims_paid","random",28,"tail","auto-valgate",2,2.5,"full","blocked",NA,923.256131559936,1307.6026035479,2787.52026824244,2859.78547182716,TRUE,8486.9358176954,6518.46536480394,164
"insurance_autoclaims_paid","random",29,"tail","auto-valgate",2,2.5,"full","blocked",NA,980.785810980817,1403.57104517272,3013.08629418127,3048.93508807509,TRUE,8818.34908710179,6736.71299886107,180
"insurance_autoclaims_paid","random",30,"tail","auto-valgate",2,2.5,"full","blocked",NA,963.789556695521,1359.07295614184,2627.88762926314,2987.52172457586,TRUE,7607.71255711431,6491.24458284025,179
"fremtpl2_severity_log","random",1,"tail","LSE",0,2.5,"full","blocked",NA,0.825839296394475,0.83554659669004,1.23603619720007,2.27734419594293,TRUE,2.14727187710177,1.94618136710982,102
"fremtpl2_severity_log","random",2,"tail","LSE",0,2.5,"full","blocked",NA,0.740439793379025,0.76890333692268,1.12248262427225,2.06759615836194,TRUE,2.11361606056776,1.94716715412726,92
"fremtpl2_severity_log","random",3,"tail","LSE",0,2.5,"full","blocked",NA,0.779374353861527,0.801194833242633,1.18985436007507,2.18783153025179,TRUE,2.2650903434611,2.02853465709168,100
"fremtpl2_severity_log","random",4,"tail","LSE",0,2.5,"full","blocked",NA,0.805515807863097,0.826837505331509,1.22132268276014,2.23490310691049,TRUE,2.01999539229558,1.88639025847883,99
"fremtpl2_severity_log","random",5,"tail","LSE",0,2.5,"full","blocked",NA,0.781924166781003,0.811105861424585,1.21023735414913,2.274163124338,TRUE,2.24598542478986,2.04124571185278,101
"fremtpl2_severity_log","random",6,"tail","LSE",0,2.5,"full","blocked",NA,0.864247226458575,0.868890320977622,1.26403663509642,2.33970679197827,TRUE,2.19860995996919,2.02324354020904,112
"fremtpl2_severity_log","random",7,"tail","LSE",0,2.5,"full","blocked",NA,0.810685316503933,0.829221224037847,1.3551022849783,2.20566229584226,TRUE,2.11099941587494,1.91631258989634,118
"fremtpl2_severity_log","random",8,"tail","LSE",0,2.5,"full","blocked",NA,0.902259533950186,0.900100321433979,1.3058574570546,2.3434921623731,TRUE,2.10518517146447,1.92073850621355,129
"fremtpl2_severity_log","random",9,"tail","LSE",0,2.5,"full","blocked",NA,0.80042118604734,0.817556969282826,1.19085229982163,2.16927812621697,TRUE,2.01249932833685,1.88612293962277,112
"fremtpl2_severity_log","random",10,"tail","LSE",0,2.5,"full","blocked",NA,0.822014810836427,0.841741087420777,1.25944187109267,2.2671642343277,TRUE,2.17621462074487,1.95572704624359,114
"fremtpl2_severity_log","random",11,"tail","LSE",0,2.5,"full","blocked",NA,0.825054143217025,0.848515675485902,1.2957572844707,2.25687403565755,TRUE,2.39600169180757,2.04803172235892,113
"fremtpl2_severity_log","random",12,"tail","LSE",0,2.5,"full","blocked",NA,0.796548978616115,0.823347264553332,1.21546110534142,2.22036275561312,TRUE,2.05074715400698,1.8797822059435,115
"fremtpl2_severity_log","random",13,"tail","LSE",0,2.5,"full","blocked",NA,0.840392525428412,0.862620460634115,1.46933165288082,2.30351880835327,TRUE,2.14256011629258,1.91267412069527,104
"fremtpl2_severity_log","random",14,"tail","LSE",0,2.5,"full","blocked",NA,0.80427668808444,0.828379955729523,1.2230303356757,2.17706958104983,TRUE,2.24468425176545,2.03878338932353,102
"fremtpl2_severity_log","random",15,"tail","LSE",0,2.5,"full","blocked",NA,0.824366047015772,0.827762700178369,1.22667362882924,2.27248722400291,TRUE,2.2339887787941,2.08522843256491,86
"fremtpl2_severity_log","random",16,"tail","LSE",0,2.5,"full","blocked",NA,0.787915929912972,0.821292477828874,1.20011616043377,2.22445095734142,TRUE,2.29376222088168,2.09736541877584,96
"fremtpl2_severity_log","random",17,"tail","LSE",0,2.5,"full","blocked",NA,0.806985729917171,0.835137573745429,1.23229059507444,2.26919207617946,TRUE,2.31990750802901,2.05779484224245,100
"fremtpl2_severity_log","random",18,"tail","LSE",0,2.5,"full","blocked",NA,0.814878578924933,0.834564793974869,1.24884929567145,2.25816055661191,TRUE,2.2712162687669,2.03897629363629,112
"fremtpl2_severity_log","random",19,"tail","LSE",0,2.5,"full","blocked",NA,0.767733618206245,0.796685763174964,1.2083860713198,2.26704102919257,TRUE,2.29109310360667,2.05096349612875,106
"fremtpl2_severity_log","random",20,"tail","LSE",0,2.5,"full","blocked",NA,0.758201191691494,0.791645227179623,1.16805730345238,2.1806438850175,TRUE,2.10638114023592,1.91166892987089,85
"fremtpl2_severity_log","random",21,"tail","LSE",0,2.5,"full","blocked",NA,0.865799101991571,0.889583485160801,1.43588141625791,2.37030166455162,TRUE,2.19456509362035,1.97178481265206,119
"fremtpl2_severity_log","random",22,"tail","LSE",0,2.5,"full","blocked",NA,0.766954837933633,0.80477360583795,1.18789808829596,2.13212143648389,TRUE,2.01574198900095,1.8628792188332,101
"fremtpl2_severity_log","random",23,"tail","LSE",0,2.5,"full","blocked",NA,0.845427158814227,0.864531937818407,1.27461415970613,2.29873168506589,TRUE,2.32389599503094,2.10387122834774,106
"fremtpl2_severity_log","random",24,"tail","LSE",0,2.5,"full","blocked",NA,0.788710353019812,0.81110232793943,1.20010155094191,2.2308943334749,TRUE,2.12993829164501,1.93038474796872,101
"fremtpl2_severity_log","random",25,"tail","LSE",0,2.5,"full","blocked",NA,0.808093627766147,0.827184250160184,1.1996714926727,2.24440931301038,TRUE,2.13057252917192,1.94768478620067,99
"fremtpl2_severity_log","random",26,"tail","LSE",0,2.5,"full","blocked",NA,0.836330420134707,0.862191103255029,1.25602992474339,2.17712781561301,TRUE,2.26705748709397,2.07252498821693,114
"fremtpl2_severity_log","random",27,"tail","LSE",0,2.5,"full","blocked",NA,0.755229058280693,0.772480095238556,1.16530164710403,2.13001092711417,TRUE,2.18200954434969,2.00790272659804,94
"fremtpl2_severity_log","random",28,"tail","LSE",0,2.5,"full","blocked",NA,0.781499547063102,0.814281483757027,1.19154633541562,2.07571636068721,TRUE,2.34757707606348,2.11296352270297,92
"fremtpl2_severity_log","random",29,"tail","LSE",0,2.5,"full","blocked",NA,0.795875946983071,0.829095517165063,1.32426063162954,2.27079831736402,TRUE,2.1463304045831,1.9472874344504,80
"fremtpl2_severity_log","random",30,"tail","LSE",0,2.5,"full","blocked",NA,0.822072984941922,0.844443270868168,1.24398812167945,2.30139858176301,TRUE,2.45591230520546,2.2536368237537,100
"fremtpl2_severity_log","random",1,"tail","LSE",1,2.5,"full","blocked",NA,0.827761164851433,0.833143430554798,1.23608523952604,2.27327958940402,TRUE,2.14779339931039,1.94412383463657,102
"fremtpl2_severity_log","random",2,"tail","LSE",1,2.5,"full","blocked",NA,0.730820837012702,0.758263291860457,1.12219680034,2.04536528172808,TRUE,2.08166233512871,1.91251009939072,92
"fremtpl2_severity_log","random",3,"tail","LSE",1,2.5,"full","blocked",NA,0.777167430658266,0.80155336548816,1.190907368723,2.1763477721669,TRUE,2.2523745856273,2.01442407546841,100
"fremtpl2_severity_log","random",4,"tail","LSE",1,2.5,"full","blocked",NA,0.801957914030662,0.821828534908245,1.22178100514539,2.24369200546556,TRUE,2.01574374966647,1.88320859671473,99
"fremtpl2_severity_log","random",5,"tail","LSE",1,2.5,"full","blocked",NA,0.780236060920188,0.802322806765734,1.22418429136329,2.223912682846,TRUE,2.25973949359118,2.06379836183232,101
"fremtpl2_severity_log","random",6,"tail","LSE",1,2.5,"full","blocked",NA,0.85490580595218,0.851033384252333,1.26304673874416,2.37715928938834,TRUE,2.17666846567257,1.99733249683991,112
"fremtpl2_severity_log","random",7,"tail","LSE",1,2.5,"full","blocked",NA,0.816098631891987,0.829458813263091,1.25400898044058,2.1880178341649,TRUE,2.10265511180812,1.90444984321763,118
"fremtpl2_severity_log","random",8,"tail","LSE",1,2.5,"full","blocked",NA,0.905353693802265,0.904270520480647,1.30589405961706,2.33988998108382,TRUE,2.130647961517,1.95016715961314,129
"fremtpl2_severity_log","random",9,"tail","LSE",1,2.5,"full","blocked",NA,0.81367967606055,0.831515917034361,1.19572584984413,2.15008419646924,TRUE,2.00495264725263,1.87467329743541,112
"fremtpl2_severity_log","random",10,"tail","LSE",1,2.5,"full","blocked",NA,0.825546760831029,0.846764860837241,1.26506723876739,2.29946586571552,TRUE,2.1541895941886,1.93722691968211,114
"fremtpl2_severity_log","random",11,"tail","LSE",1,2.5,"full","blocked",NA,0.805497539805016,0.823458481380844,1.24071323184076,2.30175383463074,TRUE,2.14476782627184,1.93149000614933,113
"fremtpl2_severity_log","random",12,"tail","LSE",1,2.5,"full","blocked",NA,0.800511498032189,0.828112092233644,1.21300877283569,2.18529226423612,TRUE,2.04419027473175,1.87533866869789,115
"fremtpl2_severity_log","random",13,"tail","LSE",1,2.5,"full","blocked",NA,0.844857155566923,0.851506784543286,1.2679988496525,2.2963909602812,TRUE,2.15222913160156,1.92027620267511,104
"fremtpl2_severity_log","random",14,"tail","LSE",1,2.5,"full","blocked",NA,0.795567148904224,0.819207581304221,1.21369959697558,2.2099589395774,TRUE,2.27328251947516,2.06945621008735,102
"fremtpl2_severity_log","random",15,"tail","LSE",1,2.5,"full","blocked",NA,0.829997031072028,0.832561266277646,1.22998697388607,2.27630412865502,TRUE,2.2830584470642,2.13691275054016,86
"fremtpl2_severity_log","random",16,"tail","LSE",1,2.5,"full","blocked",NA,0.78126761081796,0.810639337785551,1.19744243863344,2.15848505223303,TRUE,2.2750921661342,2.07051293575927,96
"fremtpl2_severity_log","random",17,"tail","LSE",1,2.5,"full","blocked",NA,0.804675000159344,0.831993300292255,1.23780227904456,2.25572901418163,TRUE,2.27624042792125,2.01190700834608,100
"fremtpl2_severity_log","random",18,"tail","LSE",1,2.5,"full","blocked",NA,0.80757854916785,0.826030710124512,1.24808059569237,2.25724521203219,TRUE,2.24929222124133,2.01765783953369,112
"fremtpl2_severity_log","random",19,"tail","LSE",1,2.5,"full","blocked",NA,0.772760390301657,0.803247614732968,1.21056613010477,2.27154067549492,TRUE,2.33342175288618,2.09347377691808,106
"fremtpl2_severity_log","random",20,"tail","LSE",1,2.5,"full","blocked",NA,0.75959224936784,0.78870992168239,1.16616443652119,2.16459120757957,TRUE,2.11746501971535,1.92490695032848,85
"fremtpl2_severity_log","random",21,"tail","LSE",1,2.5,"full","blocked",NA,0.867061202346351,0.889355585782282,1.33824272506956,2.30449492854161,TRUE,2.19718075956331,1.98133697822846,119
"fremtpl2_severity_log","random",22,"tail","LSE",1,2.5,"full","blocked",NA,0.768679383659505,0.805347628760014,1.20012882851806,2.12512831941009,TRUE,2.03625965818639,1.89783291653715,101
"fremtpl2_severity_log","random",23,"tail","LSE",1,2.5,"full","blocked",NA,0.843890298940914,0.855447593253993,1.28397740367082,2.43079180343552,TRUE,2.36550760230887,2.1366803038041,106
"fremtpl2_severity_log","random",24,"tail","LSE",1,2.5,"full","blocked",NA,0.78958751794016,0.816529896639044,1.19861609883245,2.23967274619628,TRUE,2.14710988485076,1.95042764437196,101
"fremtpl2_severity_log","random",25,"tail","LSE",1,2.5,"full","blocked",NA,0.81203463662154,0.833330228544225,1.20070814542571,2.21970824779473,TRUE,2.16538922277798,1.97844443935748,99
"fremtpl2_severity_log","random",26,"tail","LSE",1,2.5,"full","blocked",NA,0.83647844185265,0.865686768310004,1.25486659360949,2.21785285917725,TRUE,2.2797016982441,2.08929978739951,114
"fremtpl2_severity_log","random",27,"tail","LSE",1,2.5,"full","blocked",NA,0.766862021715195,0.793030586594792,1.16597734375954,2.10389875520696,TRUE,2.23031814877326,2.06173547150312,94
"fremtpl2_severity_log","random",28,"tail","LSE",1,2.5,"full","blocked",NA,0.778190753277455,0.805202228209461,1.18699508404247,2.12886410877695,TRUE,2.3398859249772,2.10884077445672,92
"fremtpl2_severity_log","random",29,"tail","LSE",1,2.5,"full","blocked",NA,0.783282904356263,0.80400823518013,1.21696018858437,2.28509913811536,TRUE,2.10629758341628,1.9054886731712,80
"fremtpl2_severity_log","random",30,"tail","LSE",1,2.5,"full","blocked",NA,0.814159015815238,0.820983419751026,1.241324138593,2.32817850002742,TRUE,2.41117718445142,2.20693199817182,100
"fremtpl2_severity_log","random",1,"tail","LSE",2,2.5,"full","blocked",NA,0.826547422358798,0.832323172822037,1.24343970442958,2.31159850709694,TRUE,2.16635940903596,1.96633472454761,102
"fremtpl2_severity_log","random",2,"tail","LSE",2,2.5,"full","blocked",NA,0.741793393567388,0.773120357722816,1.12114376124541,2.08314017906426,TRUE,2.14678440676181,1.98087837811452,92
"fremtpl2_severity_log","random",3,"tail","LSE",2,2.5,"full","blocked",NA,0.781773297159586,0.807736798079396,1.19387071463091,2.18856862126239,TRUE,2.26308776847523,2.02202847554376,100
"fremtpl2_severity_log","random",4,"tail","LSE",2,2.5,"full","blocked",NA,0.799743206065661,0.816627957394581,1.22434590150143,2.26307544499033,TRUE,1.99504882692034,1.86215168664385,99
"fremtpl2_severity_log","random",5,"tail","LSE",2,2.5,"full","blocked",NA,0.782953587690655,0.81632464485688,1.20929356285963,2.28688305663864,TRUE,2.31537125774875,2.12452797086476,101
"fremtpl2_severity_log","random",6,"tail","LSE",2,2.5,"full","blocked",NA,0.854296815315644,0.856766008894547,1.25929192767461,2.29493121944963,TRUE,2.17871534048125,1.9986150561975,112
"fremtpl2_severity_log","random",7,"tail","LSE",2,2.5,"full","blocked",NA,0.815087233601098,0.822415880601153,1.2101434970159,2.20612421339518,TRUE,2.12526113379471,1.93004263423663,118
"fremtpl2_severity_log","random",8,"tail","LSE",2,2.5,"full","blocked",NA,0.905679762952812,0.900276915264339,1.30645707119297,2.34283514841128,TRUE,2.09950603340353,1.92401123735365,129
"fremtpl2_severity_log","random",9,"tail","LSE",2,2.5,"full","blocked",NA,0.800749786566832,0.821005046280178,1.1885216974851,2.15179252816549,TRUE,1.99995589920771,1.87167283491275,112
"fremtpl2_severity_log","random",10,"tail","LSE",2,2.5,"full","blocked",NA,0.821496217957081,0.835063498850176,1.25715973634376,2.31385165532011,TRUE,2.1550138908344,1.93660969066017,114
"fremtpl2_severity_log","random",11,"tail","LSE",2,2.5,"full","blocked",NA,0.809542742463016,0.82758576294797,1.24819989325161,2.25256791352801,TRUE,2.15536566524099,1.94602684328601,113
"fremtpl2_severity_log","random",12,"tail","LSE",2,2.5,"full","blocked",NA,0.804258299357962,0.834643668001344,1.21590078690084,2.21994487043949,TRUE,2.07256213385929,1.90262858261002,115
"fremtpl2_severity_log","random",13,"tail","LSE",2,2.5,"full","blocked",NA,0.849578657635658,0.849036864932347,1.25743064908977,2.34301284663315,TRUE,2.15308800936612,1.92583924621105,104
"fremtpl2_severity_log","random",14,"tail","LSE",2,2.5,"full","blocked",NA,0.799343868778358,0.830003324472903,1.25772762082544,2.2283097848935,TRUE,2.27280001927116,2.06862163778661,102
"fremtpl2_severity_log","random",15,"tail","LSE",2,2.5,"full","blocked",NA,0.831288160021311,0.838374168429776,1.22683550884665,2.26477856185517,TRUE,2.30186056173867,2.15607659383744,86
"fremtpl2_severity_log","random",16,"tail","LSE",2,2.5,"full","blocked",NA,0.780174332945933,0.811148420224377,1.19914545024181,2.24741627130288,TRUE,2.26063817254619,2.04961574586505,96
"fremtpl2_severity_log","random",17,"tail","LSE",2,2.5,"full","blocked",NA,0.798261876267171,0.82483605309483,1.23288252657667,2.29225749779799,TRUE,2.26658996626543,2.00127675217495,100
"fremtpl2_severity_log","random",18,"tail","LSE",2,2.5,"full","blocked",NA,0.817283174467846,0.838707333136957,1.25088411130286,2.24802601000536,TRUE,2.27375582033286,2.04335444710846,112
"fremtpl2_severity_log","random",19,"tail","LSE",2,2.5,"full","blocked",NA,0.773971579646892,0.804769314118099,1.21092850208363,2.29098442025858,TRUE,2.32106654101208,2.08178077266443,106
"fremtpl2_severity_log","random",20,"tail","LSE",2,2.5,"full","blocked",NA,0.761617748791372,0.789123303903706,1.16696969385235,2.16445426401092,TRUE,2.14229625420031,1.94882914359974,85
"fremtpl2_severity_log","random",21,"tail","LSE",2,2.5,"full","blocked",NA,0.866209086978667,0.90866455446722,1.61116471184802,2.379434330958,TRUE,2.22065896535393,2.00204067838052,119
"fremtpl2_severity_log","random",22,"tail","LSE",2,2.5,"full","blocked",NA,0.770985294135638,0.816691599389876,1.18656870895114,2.12363244655397,TRUE,2.0532829734882,1.90413853792593,101
"fremtpl2_severity_log","random",23,"tail","LSE",2,2.5,"full","blocked",NA,0.834659455746733,0.849531580128306,1.27212970283562,2.36290867218358,TRUE,2.29856783971258,2.07291746632431,106
"fremtpl2_severity_log","random",24,"tail","LSE",2,2.5,"full","blocked",NA,0.794761828011621,0.820690768157775,1.19865772913936,2.23893732217612,TRUE,2.14174142484474,1.9456743505588,101
"fremtpl2_severity_log","random",25,"tail","LSE",2,2.5,"full","blocked",NA,0.810561770817625,0.831260453598825,1.20564825113422,2.21616223242388,TRUE,2.17024847521725,1.98202427339735,99
"fremtpl2_severity_log","random",26,"tail","LSE",2,2.5,"full","blocked",NA,0.823303208513379,0.847184712637767,1.25013778506605,2.20183929148207,TRUE,2.23413842905006,2.03928766182358,114
"fremtpl2_severity_log","random",27,"tail","LSE",2,2.5,"full","blocked",NA,0.76087462504141,0.789725433984392,1.16454513977796,2.12848044233018,TRUE,2.2110873352441,2.04199575310439,94
"fremtpl2_severity_log","random",28,"tail","LSE",2,2.5,"full","blocked",NA,0.771569876532342,0.799085754017403,1.18801461613017,2.07809890972066,TRUE,2.29905332521381,2.05945894544207,92
"fremtpl2_severity_log","random",29,"tail","LSE",2,2.5,"full","blocked",NA,0.794423762117728,0.817711126856641,1.24668215480237,2.27940186914585,TRUE,2.14113831637946,1.94452430393716,80
"fremtpl2_severity_log","random",30,"tail","LSE",2,2.5,"full","blocked",NA,0.827870749371148,0.84461031231292,1.25406935933166,2.38989034963933,TRUE,2.48578043545504,2.29160342889498,100
"fremtpl2_severity_log","random",1,"tail","ridge-LSE",0,2.5,"full","blocked",NA,0.829723334322249,0.844835830369068,1.23853025736046,2.26203035868932,TRUE,2.13506775110874,1.92987157421117,102
"fremtpl2_severity_log","random",2,"tail","ridge-LSE",0,2.5,"full","blocked",NA,0.744587261528691,0.774065502544011,1.12171143377641,2.12360269338176,TRUE,2.14816850782819,1.98548994916856,92
"fremtpl2_severity_log","random",3,"tail","ridge-LSE",0,2.5,"full","blocked",NA,0.774025893103082,0.786506285053395,1.19377772150704,2.16945801424988,TRUE,2.23164211825727,1.99029947586826,100
"fremtpl2_severity_log","random",4,"tail","ridge-LSE",0,2.5,"full","blocked",NA,0.805453080202273,0.83130180936348,1.22242637032709,2.23661964453163,TRUE,2.03287260908443,1.89889475051845,99
"fremtpl2_severity_log","random",5,"tail","ridge-LSE",0,2.5,"full","blocked",NA,0.779513230369372,0.802317986539458,1.21148485526244,2.2855928840737,TRUE,2.2515275629592,2.05440319367036,101
"fremtpl2_severity_log","random",6,"tail","ridge-LSE",0,2.5,"full","blocked",NA,0.857402777955271,0.858049657672623,1.25964845591289,2.3452428774866,TRUE,2.20621102950457,2.0287523071387,112
"fremtpl2_severity_log","random",7,"tail","ridge-LSE",0,2.5,"full","blocked",NA,0.816330684405527,0.820760008013233,1.22205790452716,2.20677129215714,TRUE,2.11186387275231,1.91782703022856,118
"fremtpl2_severity_log","random",8,"tail","ridge-LSE",0,2.5,"full","blocked",NA,0.908006342726848,0.903717027290975,1.30562290379676,2.31576329075075,TRUE,2.13587292556842,1.95625942126869,129
"fremtpl2_severity_log","random",9,"tail","ridge-LSE",0,2.5,"full","blocked",NA,0.795988665060056,0.813550604581568,1.18577114020638,2.13194491545771,TRUE,2.00120170359263,1.87408321183504,112
"fremtpl2_severity_log","random",10,"tail","ridge-LSE",0,2.5,"full","blocked",NA,0.823288395639183,0.847393371532831,1.28852215329271,2.30495954747118,TRUE,2.14700142484557,1.9245388781895,114
"fremtpl2_severity_log","random",11,"tail","ridge-LSE",0,2.5,"full","blocked",NA,0.817894133573228,0.832563335772963,1.24317409491135,2.27161623397088,TRUE,2.16583821438472,1.95898290846695,113
"fremtpl2_severity_log","random",12,"tail","ridge-LSE",0,2.5,"full","blocked",NA,0.807203810386956,0.837848872455916,1.22787786902144,2.20980662848926,TRUE,2.10426968099123,1.92132968359529,115
"fremtpl2_severity_log","random",13,"tail","ridge-LSE",0,2.5,"full","blocked",NA,0.843549237900172,0.864693757095813,1.53544631666904,2.31518981167901,TRUE,2.15413966541555,1.92701430393299,104
"fremtpl2_severity_log","random",14,"tail","ridge-LSE",0,2.5,"full","blocked",NA,0.792799957684153,0.82848542667061,1.31780619036918,2.22791676409312,TRUE,2.27346905735739,2.07192204355515,102
"fremtpl2_severity_log","random",15,"tail","ridge-LSE",0,2.5,"full","blocked",NA,0.835711137022092,0.844710074200967,1.26215386555067,2.30200547990521,TRUE,2.28895906064008,2.14803754044121,86
"fremtpl2_severity_log","random",16,"tail","ridge-LSE",0,2.5,"full","blocked",NA,0.774001524174652,0.798401695489013,1.1958779999726,2.17651491009189,TRUE,2.23959109810344,2.04730304852539,96
"fremtpl2_severity_log","random",17,"tail","ridge-LSE",0,2.5,"full","blocked",NA,0.806972527029097,0.839391877653711,1.23638661794954,2.30378750371591,TRUE,2.31250934935457,2.04970282308342,100
"fremtpl2_severity_log","random",18,"tail","ridge-LSE",0,2.5,"full","blocked",NA,0.815288661717867,0.832904873484795,1.25108038799752,2.2505246856296,TRUE,2.25104332835647,2.01621746241023,112
"fremtpl2_severity_log","random",19,"tail","ridge-LSE",0,2.5,"full","blocked",NA,0.778342825556384,0.812619167516012,1.20991186490586,2.24415208420763,TRUE,2.31063476607588,2.07259313094094,106
"fremtpl2_severity_log","random",20,"tail","ridge-LSE",0,2.5,"full","blocked",NA,0.755080586821025,0.783431069843155,1.16162798425775,2.20365309450459,TRUE,2.11427193956041,1.92280638920674,85
"fremtpl2_severity_log","random",21,"tail","ridge-LSE",0,2.5,"full","blocked",NA,0.863976739195843,0.878032725784878,1.29734021507092,2.40261462431695,TRUE,2.19030098977069,1.96612438129253,119
"fremtpl2_severity_log","random",22,"tail","ridge-LSE",0,2.5,"full","blocked",NA,0.769702626501971,0.802140010985614,1.18563947964607,2.12212659510103,TRUE,2.03466340371568,1.88822463570095,101
"fremtpl2_severity_log","random",23,"tail","ridge-LSE",0,2.5,"full","blocked",NA,0.838412271694428,0.854737247090598,1.27237283154504,2.34007547949061,TRUE,2.31115776884635,2.08715506511926,106
"fremtpl2_severity_log","random",24,"tail","ridge-LSE",0,2.5,"full","blocked",NA,0.787062638375597,0.815461560767711,1.19894059058256,2.25099885905495,TRUE,2.12108940825813,1.92033380866203,101
"fremtpl2_severity_log","random",25,"tail","ridge-LSE",0,2.5,"full","blocked",NA,0.81411240652667,0.83426315212878,1.20583141426664,2.22974874020026,TRUE,2.14906375265441,1.96245897431723,99
"fremtpl2_severity_log","random",26,"tail","ridge-LSE",0,2.5,"full","blocked",NA,0.831834419532884,0.858154963701062,1.25557928647581,2.19651058186032,TRUE,2.24016151381181,2.04408647977447,114
"fremtpl2_severity_log","random",27,"tail","ridge-LSE",0,2.5,"full","blocked",NA,0.747140974006058,0.76446166431889,1.153878464696,2.13373130729462,TRUE,2.17173223125996,1.99850669515647,94
"fremtpl2_severity_log","random",28,"tail","ridge-LSE",0,2.5,"full","blocked",NA,0.774783589383608,0.801939269339012,1.18702601249785,2.08465129167578,TRUE,2.31061341752109,2.07327206568245,92
"fremtpl2_severity_log","random",29,"tail","ridge-LSE",0,2.5,"full","blocked",NA,0.787619517520227,0.81917631360601,1.30093853775773,2.29669644915965,TRUE,2.12456559541971,1.92344048205816,80
"fremtpl2_severity_log","random",30,"tail","ridge-LSE",0,2.5,"full","blocked",NA,0.819829620065121,0.845078237773386,1.34209837771497,2.27860220285742,TRUE,2.43453284055101,2.23233415675046,100
"fremtpl2_severity_log","random",1,"tail","ridge-LSE",1,2.5,"full","blocked",NA,0.829784751928244,0.846218499935406,1.23925439663264,2.24443833546369,TRUE,2.14908867462148,1.94701743576195,102
"fremtpl2_severity_log","random",2,"tail","ridge-LSE",1,2.5,"full","blocked",NA,0.74566175465292,0.779064008149436,1.12229534730255,2.10906653823831,TRUE,2.13771513231991,1.97854470201512,92
"fremtpl2_severity_log","random",3,"tail","ridge-LSE",1,2.5,"full","blocked",NA,0.776596308295138,0.805036025142953,1.1920485276611,2.18784577906916,TRUE,2.24993036642384,2.00981881096083,100
"fremtpl2_severity_log","random",4,"tail","ridge-LSE",1,2.5,"full","blocked",NA,0.806144485086448,0.839340048684943,1.22669983689012,2.24624295925202,TRUE,2.04394882775607,1.9057650051488,99
"fremtpl2_severity_log","random",5,"tail","ridge-LSE",1,2.5,"full","blocked",NA,0.771984512145892,0.795566416999734,1.19919760913872,2.27291198091511,TRUE,2.2308303788086,2.02496039823547,101
"fremtpl2_severity_log","random",6,"tail","ridge-LSE",1,2.5,"full","blocked",NA,0.85904744241185,0.858645965780125,1.26907816507514,2.36362844916594,TRUE,2.24589177625726,2.05620672251761,112
"fremtpl2_severity_log","random",7,"tail","ridge-LSE",1,2.5,"full","blocked",NA,0.817380270335871,0.82401406024418,1.21928343433866,2.16396617734068,TRUE,2.10478275533272,1.90829805132454,118
"fremtpl2_severity_log","random",8,"tail","ridge-LSE",1,2.5,"full","blocked",NA,0.908451691431449,0.906014365593762,1.30523680136575,2.33906644007262,TRUE,2.13309156713581,1.95402712717688,129
"fremtpl2_severity_log","random",9,"tail","ridge-LSE",1,2.5,"full","blocked",NA,0.797262854743267,0.815383728860775,1.18404610276938,2.11685458771831,TRUE,2.00924722807789,1.88123676228878,112
"fremtpl2_severity_log","random",10,"tail","ridge-LSE",1,2.5,"full","blocked",NA,0.82511215778576,0.841368535558589,1.26314330746162,2.29986812306918,TRUE,2.17167077775824,1.9504225272805,114
"fremtpl2_severity_log","random",11,"tail","ridge-LSE",1,2.5,"full","blocked",NA,0.812012635080644,0.831837479571169,1.23767094401801,2.26067756428285,TRUE,2.14903412256965,1.94145707065082,113
"fremtpl2_severity_log","random",12,"tail","ridge-LSE",1,2.5,"full","blocked",NA,0.811462866772381,0.842587479775098,1.22278709806684,2.21801644154122,TRUE,2.08586228793462,1.91858791502567,115
"fremtpl2_severity_log","random",13,"tail","ridge-LSE",1,2.5,"full","blocked",NA,0.839512440526124,0.847484706767337,1.25318853543871,2.3128016722647,TRUE,2.13834561787414,1.90404628014425,104
"fremtpl2_severity_log","random",14,"tail","ridge-LSE",1,2.5,"full","blocked",NA,0.801816174799638,0.843539694367972,1.35558979058233,2.21737025040337,TRUE,2.2685284520733,2.06252644397775,102
"fremtpl2_severity_log","random",15,"tail","ridge-LSE",1,2.5,"full","blocked",NA,0.825876772420835,0.850671068081683,1.51115793531601,2.3028519061096,TRUE,2.26921556739893,2.12401083740392,86
"fremtpl2_severity_log","random",16,"tail","ridge-LSE",1,2.5,"full","blocked",NA,0.777093309293147,0.802825511424744,1.19647361347095,2.20757981076012,TRUE,2.27287038853841,2.0769611996143,96
"fremtpl2_severity_log","random",17,"tail","ridge-LSE",1,2.5,"full","blocked",NA,0.811401218956895,0.839997550275921,1.23122899496038,2.25446444113634,TRUE,2.33327284539106,2.07536610763827,100
"fremtpl2_severity_log","random",18,"tail","ridge-LSE",1,2.5,"full","blocked",NA,0.814405555659479,0.838419808356028,1.24778749370068,2.2354930200528,TRUE,2.28227981194881,2.05455921582957,112
"fremtpl2_severity_log","random",19,"tail","ridge-LSE",1,2.5,"full","blocked",NA,0.776749560643135,0.806032154689148,1.2070514435467,2.22923088211647,TRUE,2.3295259796443,2.09570474219654,106
"fremtpl2_severity_log","random",20,"tail","ridge-LSE",1,2.5,"full","blocked",NA,0.757250259238232,0.789421730868958,1.16351840441713,2.16980759335278,TRUE,2.09444511994819,1.89923061644944,85
"fremtpl2_severity_log","random",21,"tail","ridge-LSE",1,2.5,"full","blocked",NA,0.867503896459598,0.895676274734547,1.39960501802777,2.35069484587889,TRUE,2.20065894914846,1.98048795506526,119
"fremtpl2_severity_log","random",22,"tail","ridge-LSE",1,2.5,"full","blocked",NA,0.763640446929084,0.803840328360091,1.18639162969714,2.12531306553343,TRUE,1.99152285687603,1.83644817491008,101
"fremtpl2_severity_log","random",23,"tail","ridge-LSE",1,2.5,"full","blocked",NA,0.848177494237906,0.862291394966949,1.27614552505751,2.32807211228614,TRUE,2.33068609557458,2.11407795415748,106
"fremtpl2_severity_log","random",24,"tail","ridge-LSE",1,2.5,"full","blocked",NA,0.784531291072712,0.804357439350907,1.19886599987985,2.20466612602733,TRUE,2.11263770374577,1.91713937099607,101
"fremtpl2_severity_log","random",25,"tail","ridge-LSE",1,2.5,"full","blocked",NA,0.815480633892305,0.840104074650288,1.20898864291077,2.24633357495976,TRUE,2.15682960401613,1.96552273750599,99
"fremtpl2_severity_log","random",26,"tail","ridge-LSE",1,2.5,"full","blocked",NA,0.829464402532809,0.851929034803192,1.25452038665783,2.1845969701494,TRUE,2.24161695529667,2.04603742280384,114
"fremtpl2_severity_log","random",27,"tail","ridge-LSE",1,2.5,"full","blocked",NA,0.75300178745312,0.772926607234029,1.1656659394892,2.12932054890419,TRUE,2.17639907938545,2.00260811119139,94
"fremtpl2_severity_log","random",28,"tail","ridge-LSE",1,2.5,"full","blocked",NA,0.77590565586755,0.804567344248935,1.18910920072235,2.08323811130895,TRUE,2.30453657692624,2.06676346807152,92
"fremtpl2_severity_log","random",29,"tail","ridge-LSE",1,2.5,"full","blocked",NA,0.789557250407179,0.812160769360118,1.21899322422114,2.29711858095171,TRUE,2.14757784868434,1.95604122207118,80
"fremtpl2_severity_log","random",30,"tail","ridge-LSE",1,2.5,"full","blocked",NA,0.816232367719162,0.840525616825169,1.34071282422641,2.31256235463033,TRUE,2.43148479092897,2.22921008169022,100
"fremtpl2_severity_log","random",1,"tail","ridge-LSE",2,2.5,"full","blocked",NA,0.833000159230475,0.845598747983744,1.23520459646351,2.25597953199165,TRUE,2.17939834781812,1.98101433179833,102
"fremtpl2_severity_log","random",2,"tail","ridge-LSE",2,2.5,"full","blocked",NA,0.746056830136136,0.784331281107454,1.12827541887491,2.04647985054378,TRUE,2.14720479304823,1.9829304013481,92
"fremtpl2_severity_log","random",3,"tail","ridge-LSE",2,2.5,"full","blocked",NA,0.780412094066412,0.803283619340733,1.18824387865662,2.12883694269804,TRUE,2.2601674645421,2.02195518184713,100
"fremtpl2_severity_log","random",4,"tail","ridge-LSE",2,2.5,"full","blocked",NA,0.800635762115475,0.830206563747275,1.22516124064944,2.25266626184553,TRUE,2.01668235236179,1.87733827079789,99
"fremtpl2_severity_log","random",5,"tail","ridge-LSE",2,2.5,"full","blocked",NA,0.781298878662498,0.807296892410786,1.21036101217731,2.25061759801781,TRUE,2.26704274609734,2.07092305736708,101
"fremtpl2_severity_log","random",6,"tail","ridge-LSE",2,2.5,"full","blocked",NA,0.859393472347572,0.863903763877223,1.26083511614906,2.34439112421647,TRUE,2.20787955133345,2.0304772249475,112
"fremtpl2_severity_log","random",7,"tail","ridge-LSE",2,2.5,"full","blocked",NA,0.822773431899094,0.838641772181212,1.26200656466377,2.16239500446539,TRUE,2.12794979312137,1.93541629148332,118
"fremtpl2_severity_log","random",8,"tail","ridge-LSE",2,2.5,"full","blocked",NA,0.907239361575286,0.907542415542702,1.30748848599658,2.33231954921542,TRUE,2.1329748130292,1.95193457408548,129
"fremtpl2_severity_log","random",9,"tail","ridge-LSE",2,2.5,"full","blocked",NA,0.80960914114411,0.831647000129938,1.19239880328866,2.12306048778708,TRUE,2.02769221674971,1.90133292949789,112
"fremtpl2_severity_log","random",10,"tail","ridge-LSE",2,2.5,"full","blocked",NA,0.819467303976777,0.837433280429455,1.28121686533183,2.29806785111006,TRUE,2.1550059839554,1.93377981586385,114
"fremtpl2_severity_log","random",11,"tail","ridge-LSE",2,2.5,"full","blocked",NA,0.812109207396539,0.82923672828805,1.25172718037947,2.26366538707293,TRUE,2.13747207173928,1.92313156744962,113
"fremtpl2_severity_log","random",12,"tail","ridge-LSE",2,2.5,"full","blocked",NA,0.800750491377785,0.829190451637145,1.21453440441529,2.19491420640717,TRUE,2.06227021926446,1.8928814812671,115
"fremtpl2_severity_log","random",13,"tail","ridge-LSE",2,2.5,"full","blocked",NA,0.844988729929718,0.8445097451184,1.26137297561302,2.33362405424475,TRUE,2.1472880435541,1.9200860790383,104
"fremtpl2_severity_log","random",14,"tail","ridge-LSE",2,2.5,"full","blocked",NA,0.791373648237018,0.819705539958411,1.2141527871144,2.21010622573051,TRUE,2.28977658701865,2.08523398526623,102
"fremtpl2_severity_log","random",15,"tail","ridge-LSE",2,2.5,"full","blocked",NA,0.830630509966465,0.837898603815635,1.22072701691935,2.27636701415906,TRUE,2.31566519430906,2.17234006880202,86
"fremtpl2_severity_log","random",16,"tail","ridge-LSE",2,2.5,"full","blocked",NA,0.775617444076029,0.80422760376986,1.19554677292114,2.16664360427924,TRUE,2.25351680071103,2.0584446127768,96
"fremtpl2_severity_log","random",17,"tail","ridge-LSE",2,2.5,"full","blocked",NA,0.80664079676285,0.834763688922981,1.2367266801613,2.28288663121811,TRUE,2.31686361576415,2.05644040645828,100
"fremtpl2_severity_log","random",18,"tail","ridge-LSE",2,2.5,"full","blocked",NA,0.81564412423875,0.835013096100252,1.25025962575536,2.23058918950272,TRUE,2.26090634052001,2.03449520329378,112
"fremtpl2_severity_log","random",19,"tail","ridge-LSE",2,2.5,"full","blocked",NA,0.787495396228986,0.813412886116494,1.21416830257422,2.19124322915361,TRUE,2.34908252127198,2.1169965583451,106
"fremtpl2_severity_log","random",20,"tail","ridge-LSE",2,2.5,"full","blocked",NA,0.755454218668923,0.782702690464467,1.17249285141775,2.23135068365389,TRUE,2.1558647257803,1.96317712922302,85
"fremtpl2_severity_log","random",21,"tail","ridge-LSE",2,2.5,"full","blocked",NA,0.87131975595131,0.901216941119102,1.39440147561248,2.34560441752609,TRUE,2.24605199996298,2.03100301522781,119
"fremtpl2_severity_log","random",22,"tail","ridge-LSE",2,2.5,"full","blocked",NA,0.77675219940003,0.819669107637731,1.22288386506892,2.09884703855254,TRUE,2.03574749412849,1.88540178378139,101
"fremtpl2_severity_log","random",23,"tail","ridge-LSE",2,2.5,"full","blocked",NA,0.843207947156747,0.854351830390139,1.27442460143897,2.347164554146,TRUE,2.30657391207627,2.0846050559155,106
"fremtpl2_severity_log","random",24,"tail","ridge-LSE",2,2.5,"full","blocked",NA,0.788436291423903,0.813704832261562,1.1993777275962,2.26584073017239,TRUE,2.1283881645342,1.9318675856628,101
"fremtpl2_severity_log","random",25,"tail","ridge-LSE",2,2.5,"full","blocked",NA,0.812160784406506,0.83403695800671,1.20942650360322,2.22163034039789,TRUE,2.13746990405813,1.94889567514608,99
"fremtpl2_severity_log","random",26,"tail","ridge-LSE",2,2.5,"full","blocked",NA,0.835730701555726,0.861822976112732,1.25616910255145,2.19721511594684,TRUE,2.26358268626184,2.06950532087345,114
"fremtpl2_severity_log","random",27,"tail","ridge-LSE",2,2.5,"full","blocked",NA,0.745518501315924,0.760901615357309,1.15880988147456,2.14786959341172,TRUE,2.14991654374812,1.97486841455737,94
"fremtpl2_severity_log","random",28,"tail","ridge-LSE",2,2.5,"full","blocked",NA,0.778576825957915,0.808379541307354,1.18744473412652,2.10707620368442,TRUE,2.3289731209321,2.09041565614509,92
"fremtpl2_severity_log","random",29,"tail","ridge-LSE",2,2.5,"full","blocked",NA,0.795614817923718,0.820534992153744,1.22019463780051,2.24623232928567,TRUE,2.1390232517559,1.93582443489414,80
"fremtpl2_severity_log","random",30,"tail","ridge-LSE",2,2.5,"full","blocked",NA,0.821278616010675,0.85334345953988,1.34270149678612,2.31990692728987,TRUE,2.44183320872696,2.23781542629634,100
"fremtpl2_severity_log","random",1,"tail","Huber",0,2.5,"full","blocked",NA,0.817279038278956,0.814521694093933,1.24760516093832,2.29990598884467,TRUE,2.06043946695502,1.85180550831779,102
"fremtpl2_severity_log","random",2,"tail","Huber",0,2.5,"full","blocked",NA,0.71930362764992,0.727216768514614,1.12508866655258,2.07466039735347,TRUE,2.06056150910897,1.88383167034608,92
"fremtpl2_severity_log","random",3,"tail","Huber",0,2.5,"full","blocked",NA,0.760502868017056,0.767432844523729,1.195329773116,2.14715716877348,TRUE,2.18183226627905,1.93501304765113,100
"fremtpl2_severity_log","random",4,"tail","Huber",0,2.5,"full","blocked",NA,0.78864052721972,0.795005168353942,1.23339750526319,2.3277629488958,TRUE,1.94896837535079,1.80618394636146,99
"fremtpl2_severity_log","random",5,"tail","Huber",0,2.5,"full","blocked",NA,0.766568633322392,0.775599503633575,1.2047347196156,2.31583659904201,TRUE,2.16881305438093,1.96358577311383,101
"fremtpl2_severity_log","random",6,"tail","Huber",0,2.5,"full","blocked",NA,0.839545946608945,0.823373126614487,1.26584782358859,2.47861024230517,TRUE,2.10723606375113,1.91516464373814,112
"fremtpl2_severity_log","random",7,"tail","Huber",0,2.5,"full","blocked",NA,0.792506303755922,0.83944486364711,2.06256533336089,2.21264261315852,TRUE,2.04537294484227,1.84112130715228,118
"fremtpl2_severity_log","random",8,"tail","Huber",0,2.5,"full","blocked",NA,0.886655774007322,0.866499977017734,1.31506656664703,2.49681161145623,TRUE,2.00848478005215,1.81261372137088,129
"fremtpl2_severity_log","random",9,"tail","Huber",0,2.5,"full","blocked",NA,0.777978389889541,0.78521701231205,1.19241279957606,2.13162328101653,TRUE,1.90135352495691,1.76723041400563,112
"fremtpl2_severity_log","random",10,"tail","Huber",0,2.5,"full","blocked",NA,0.812300938535145,0.819507454623661,1.28790380863733,2.32024627619196,TRUE,2.08956554060474,1.85986236934869,114
"fremtpl2_severity_log","random",11,"tail","Huber",0,2.5,"full","blocked",NA,0.785687793005632,0.797516294343507,1.24038595251087,2.3062471457072,TRUE,2.07453626069064,1.8572445766975,113
"fremtpl2_severity_log","random",12,"tail","Huber",0,2.5,"full","blocked",NA,0.781445015784652,0.802018372559998,1.21534110083877,2.19350860513617,TRUE,1.97566629524287,1.79916891303301,115
"fremtpl2_severity_log","random",13,"tail","Huber",0,2.5,"full","blocked",NA,0.835290601361846,0.826832264875231,1.25777230665387,2.38060348746665,TRUE,2.09637034175926,1.86499760393327,104
"fremtpl2_severity_log","random",14,"tail","Huber",0,2.5,"full","blocked",NA,0.771864215404936,0.822190553729109,1.76179353467619,2.21949755490119,TRUE,2.18007447103933,1.96542190560062,102
"fremtpl2_severity_log","random",15,"tail","Huber",0,2.5,"full","blocked",NA,0.817332521584812,0.853516911323213,2.08927925282921,2.3642922592524,TRUE,2.20409580009156,2.0562929741238,86
"fremtpl2_severity_log","random",16,"tail","Huber",0,2.5,"full","blocked",NA,0.76186343230053,0.778954929538817,1.20001510520735,2.16224734085587,TRUE,2.20556681697227,1.99452351477679,96
"fremtpl2_severity_log","random",17,"tail","Huber",0,2.5,"full","blocked",NA,0.782252379756993,0.798373893491802,1.23396394343943,2.33603562116753,TRUE,2.20792869065261,1.9357376858488,100
"fremtpl2_severity_log","random",18,"tail","Huber",0,2.5,"full","blocked",NA,0.797974367292016,0.804133762139358,1.25218669422329,2.31731638392935,TRUE,2.19587116334601,1.95461457252745,112
"fremtpl2_severity_log","random",19,"tail","Huber",0,2.5,"full","blocked",NA,0.753536526450419,0.767452237476918,1.21471163333179,2.29889226227467,TRUE,2.22853588974016,1.9820309951103,106
"fremtpl2_severity_log","random",20,"tail","Huber",0,2.5,"full","blocked",NA,0.737817842906664,0.753794628005668,1.17246273969653,2.17168223956467,TRUE,2.02898513788125,1.82785695049972,85
"fremtpl2_severity_log","random",21,"tail","Huber",0,2.5,"full","blocked",NA,0.856697935259241,0.857130449287559,1.32818552837178,2.42623075020822,TRUE,2.10586763670642,1.87391478791633,119
"fremtpl2_severity_log","random",22,"tail","Huber",0,2.5,"full","blocked",NA,0.747865930987879,0.870080496484819,3.42149773560543,2.13638694155276,TRUE,1.95245141424654,1.79729286058206,101
"fremtpl2_severity_log","random",23,"tail","Huber",0,2.5,"full","blocked",NA,0.825431891615677,0.824967921114594,1.2794124291051,2.42194352847316,TRUE,2.21987718897947,1.99346316724627,106
"fremtpl2_severity_log","random",24,"tail","Huber",0,2.5,"full","blocked",NA,0.771909417657497,0.785931627424599,1.20691443423207,2.22267890812998,TRUE,2.04562089406148,1.83960995984489,101
"fremtpl2_severity_log","random",25,"tail","Huber",0,2.5,"full","blocked",NA,0.797569619027508,0.797813629515256,1.2102966340447,2.34456986403936,TRUE,2.08626498671902,1.89637029749785,99
"fremtpl2_severity_log","random",26,"tail","Huber",0,2.5,"full","blocked",NA,0.804749142206802,0.818760246766233,1.25217307281423,2.1711787539548,TRUE,2.13073603714445,1.92605136879523,114
"fremtpl2_severity_log","random",27,"tail","Huber",0,2.5,"full","blocked",NA,0.736861953815169,0.74188775083697,1.16388685443169,2.14890880570473,TRUE,2.07856393453615,1.90044291908515,94
"fremtpl2_severity_log","random",28,"tail","Huber",0,2.5,"full","blocked",NA,0.757874418260628,0.771783162188041,1.19560211626357,2.17442423261663,TRUE,2.20206830822028,1.95169917119857,92
"fremtpl2_severity_log","random",29,"tail","Huber",0,2.5,"full","blocked",NA,0.785386778134939,0.78985169077077,1.23039657729889,2.38387394144408,TRUE,2.03874134816289,1.8371941710407,80
"fremtpl2_severity_log","random",30,"tail","Huber",0,2.5,"full","blocked",NA,0.81096886441674,0.797371459958034,1.25182623384141,2.39645576891265,TRUE,2.35416830301494,2.14436973630988,100
"fremtpl2_severity_log","random",1,"tail","Huber",1,2.5,"full","blocked",NA,0.819992463003242,0.815137354152131,1.29087680079711,2.3257109037729,TRUE,2.06945768373106,1.85872581639829,102
"fremtpl2_severity_log","random",2,"tail","Huber",1,2.5,"full","blocked",NA,0.720089183736528,0.737073851795094,1.12542523510958,2.05829010037032,TRUE,2.0537432278406,1.87668617452572,92
"fremtpl2_severity_log","random",3,"tail","Huber",1,2.5,"full","blocked",NA,0.758024609745557,0.765784396953989,1.19327324260265,2.15760408723062,TRUE,2.15683905522112,1.90910856011818,100
"fremtpl2_severity_log","random",4,"tail","Huber",1,2.5,"full","blocked",NA,0.788768288109054,0.793989831381599,1.23228247752811,2.30225590186988,TRUE,1.96611962421264,1.82880499285497,99
"fremtpl2_severity_log","random",5,"tail","Huber",1,2.5,"full","blocked",NA,0.764362785723426,0.768922150468363,1.20633151494128,2.36252036286691,TRUE,2.15144030714518,1.94354721612434,101
"fremtpl2_severity_log","random",6,"tail","Huber",1,2.5,"full","blocked",NA,0.839992259729746,0.822603392273243,1.26837071189244,2.49252941719907,TRUE,2.09530290622375,1.90168743084518,112
"fremtpl2_severity_log","random",7,"tail","Huber",1,2.5,"full","blocked",NA,0.785960786516733,0.785869112090135,1.20272826652635,2.18902346456178,TRUE,2.02824504532235,1.82316833724159,118
"fremtpl2_severity_log","random",8,"tail","Huber",1,2.5,"full","blocked",NA,0.88931103367156,0.870162712874052,1.3130160138089,2.47447022957756,TRUE,2.02096205290726,1.83058840230119,129
"fremtpl2_severity_log","random",9,"tail","Huber",1,2.5,"full","blocked",NA,0.780239053537497,0.786955352255104,1.18961212269637,2.18417910521508,TRUE,1.92614522246554,1.79381035561174,112
"fremtpl2_severity_log","random",10,"tail","Huber",1,2.5,"full","blocked",NA,0.812071175781302,0.816377786762698,1.28530313618189,2.35751023802346,TRUE,2.09507667116052,1.86637285671487,114
"fremtpl2_severity_log","random",11,"tail","Huber",1,2.5,"full","blocked",NA,0.785690236209348,0.794355784516355,1.23994903002996,2.30780406148463,TRUE,2.08269631439043,1.86836779045149,113
"fremtpl2_severity_log","random",12,"tail","Huber",1,2.5,"full","blocked",NA,0.778627263869973,0.791178159245727,1.22399807838883,2.22604506178625,TRUE,1.95704003380736,1.77838524045106,115
"fremtpl2_severity_log","random",13,"tail","Huber",1,2.5,"full","blocked",NA,0.831549838524804,0.816582766315876,1.26380394850743,2.42786708714631,TRUE,2.06696747493832,1.83128550542309,104
"fremtpl2_severity_log","random",14,"tail","Huber",1,2.5,"full","blocked",NA,0.765489938756574,0.777696024341867,1.21040151995157,2.24766147141015,TRUE,2.18772359278056,1.97578920770716,102
"fremtpl2_severity_log","random",15,"tail","Huber",1,2.5,"full","blocked",NA,0.815951786513305,0.814871022386287,1.31731837980905,2.36761585519634,TRUE,2.1859740182459,2.03642133697819,86
"fremtpl2_severity_log","random",16,"tail","Huber",1,2.5,"full","blocked",NA,0.762426351989743,0.777832506120303,1.20627036819623,2.16647931260948,TRUE,2.15850176134533,1.9414484990934,96
"fremtpl2_severity_log","random",17,"tail","Huber",1,2.5,"full","blocked",NA,0.789274130945818,0.806627318027411,1.23744945232334,2.30692195609518,TRUE,2.21104816124341,1.93740833825616,100
"fremtpl2_severity_log","random",18,"tail","Huber",1,2.5,"full","blocked",NA,0.796588186979694,0.801994732532874,1.25038977348751,2.31599554275892,TRUE,2.18269409351482,1.94079878425754,112
"fremtpl2_severity_log","random",19,"tail","Huber",1,2.5,"full","blocked",NA,0.746868708476102,0.765252651727198,1.21166922569923,2.28502837526262,TRUE,2.20926859693168,1.95504828910731,106
"fremtpl2_severity_log","random",20,"tail","Huber",1,2.5,"full","blocked",NA,0.739762563829247,0.758952509321356,1.17360332671249,2.19022531879928,TRUE,2.03392466782266,1.83339436894651,85
"fremtpl2_severity_log","random",21,"tail","Huber",1,2.5,"full","blocked",NA,0.862772878189127,0.88030892513033,1.66437549664547,2.48139240296038,TRUE,2.13628961761788,1.90759530948291,119
"fremtpl2_severity_log","random",22,"tail","Huber",1,2.5,"full","blocked",NA,0.752467125257954,0.817843831334276,1.91460404776495,2.13685343475226,TRUE,1.94734930501161,1.79712420993692,101
"fremtpl2_severity_log","random",23,"tail","Huber",1,2.5,"full","blocked",NA,0.835964981601289,0.850956321852949,1.53689783560363,2.50541464359667,TRUE,2.25032512609127,2.01956012121263,106
"fremtpl2_severity_log","random",24,"tail","Huber",1,2.5,"full","blocked",NA,0.772484001084573,0.78931712923658,1.20673593751895,2.27148092749261,TRUE,2.02500424218265,1.81532380449855,101
"fremtpl2_severity_log","random",25,"tail","Huber",1,2.5,"full","blocked",NA,0.797876346982957,0.801300357457953,1.20988885175343,2.30219372089733,TRUE,2.06959651219564,1.87739576874368,99
"fremtpl2_severity_log","random",26,"tail","Huber",1,2.5,"full","blocked",NA,0.807306308790433,0.819777981853505,1.25582361271053,2.20799246628364,TRUE,2.12332736882447,1.91792973988544,114
"fremtpl2_severity_log","random",27,"tail","Huber",1,2.5,"full","blocked",NA,0.736315795318287,0.740753815269101,1.16648805824595,2.15572155748283,TRUE,2.07292082946046,1.89413964271286,94
"fremtpl2_severity_log","random",28,"tail","Huber",1,2.5,"full","blocked",NA,0.756279124255219,0.765921826105042,1.19400396319697,2.17934660673813,TRUE,2.21306535070427,1.96535361414118,92
"fremtpl2_severity_log","random",29,"tail","Huber",1,2.5,"full","blocked",NA,0.782799354761376,0.796415659919327,1.22622207797105,2.34143234155908,TRUE,2.07734739780778,1.88223145098242,80
"fremtpl2_severity_log","random",30,"tail","Huber",1,2.5,"full","blocked",NA,0.812017678354734,0.84165283051568,1.84596841576757,2.37887821390731,TRUE,2.3307982102251,2.11859222059781,100
"fremtpl2_severity_log","random",1,"tail","Huber",2,2.5,"full","blocked",NA,0.818853630331371,0.811996353399271,1.25653111516298,2.30259311103676,TRUE,2.06968317527517,1.86280799523036,102
"fremtpl2_severity_log","random",2,"tail","Huber",2,2.5,"full","blocked",NA,0.718834937484239,0.732694423004691,1.12667463024205,2.0983741006727,TRUE,2.00536542064412,1.82853253585261,92
"fremtpl2_severity_log","random",3,"tail","Huber",2,2.5,"full","blocked",NA,0.758882990350953,0.766508324273416,1.19676172332373,2.16516688295199,TRUE,2.15317261562743,1.90358313614774,100
"fremtpl2_severity_log","random",4,"tail","Huber",2,2.5,"full","blocked",NA,0.791477235251161,0.795105717408607,1.2290276591594,2.30534139714396,TRUE,1.96930278328808,1.83593481826065,99
"fremtpl2_severity_log","random",5,"tail","Huber",2,2.5,"full","blocked",NA,0.762898088486367,0.78310193341768,1.25859102339325,2.31830649574248,TRUE,2.16507280461534,1.95682011726497,101
"fremtpl2_severity_log","random",6,"tail","Huber",2,2.5,"full","blocked",NA,0.842699570837985,0.824551369771915,1.26567315911764,2.48674039522898,TRUE,2.12412221755465,1.93586079178714,112
"fremtpl2_severity_log","random",7,"tail","Huber",2,2.5,"full","blocked",NA,0.791203564196983,0.827764968239772,1.85658547429079,2.2226524859348,TRUE,2.04493457780174,1.83975345018526,118
"fremtpl2_severity_log","random",8,"tail","Huber",2,2.5,"full","blocked",NA,0.889585663193948,0.874867732093641,1.31340860979092,2.45713856437175,TRUE,2.02572645377673,1.83288563782562,129
"fremtpl2_severity_log","random",9,"tail","Huber",2,2.5,"full","blocked",NA,0.778014359450053,0.782170210242717,1.19111441112315,2.15558865910671,TRUE,1.91456920178145,1.78050503482776,112
"fremtpl2_severity_log","random",10,"tail","Huber",2,2.5,"full","blocked",NA,0.80911735163458,0.810115118304485,1.26716292193189,2.35436629510893,TRUE,2.06741491876222,1.83960084123597,114
"fremtpl2_severity_log","random",11,"tail","Huber",2,2.5,"full","blocked",NA,0.787401463956955,0.794549586588128,1.24213984153442,2.29717919804965,TRUE,2.05802743291039,1.84209107306315,113
"fremtpl2_severity_log","random",12,"tail","Huber",2,2.5,"full","blocked",NA,0.780024171142385,0.796606824399258,1.21826062775353,2.22697807306962,TRUE,1.9734695405432,1.79502068807299,115
"fremtpl2_severity_log","random",13,"tail","Huber",2,2.5,"full","blocked",NA,0.839445022252115,0.842364645257503,1.35556724229497,2.41121493798745,TRUE,2.07768832412592,1.84376003283038,104
"fremtpl2_severity_log","random",14,"tail","Huber",2,2.5,"full","blocked",NA,0.770676330766457,0.830339929882383,2.16213024925854,2.307776746328,TRUE,2.18006145382531,1.9671105065189,102
"fremtpl2_severity_log","random",15,"tail","Huber",2,2.5,"full","blocked",NA,0.819130695735506,0.814946957020129,1.32450768409815,2.39180404616157,TRUE,2.18913419925197,2.03732379253062,86
"fremtpl2_severity_log","random",16,"tail","Huber",2,2.5,"full","blocked",NA,0.761548575603482,0.775963971325823,1.19973498866773,2.18640127900407,TRUE,2.18592970988668,1.97716654764636,96
"fremtpl2_severity_log","random",17,"tail","Huber",2,2.5,"full","blocked",NA,0.782280950462731,0.796355221571961,1.23253701132853,2.32755174928768,TRUE,2.19831838921467,1.92608350775678,100
"fremtpl2_severity_log","random",18,"tail","Huber",2,2.5,"full","blocked",NA,0.795505698354436,0.804648248702693,1.24972845426152,2.30326714000026,TRUE,2.18536322606862,1.94223274498151,112
"fremtpl2_severity_log","random",19,"tail","Huber",2,2.5,"full","blocked",NA,0.755509789803333,0.768681826500203,1.21425334357135,2.25759190052074,TRUE,2.24675078695657,2.00064736812139,106
"fremtpl2_severity_log","random",20,"tail","Huber",2,2.5,"full","blocked",NA,0.736378963944338,0.750369003902424,1.17181327473963,2.21620733285353,TRUE,2.03195906432941,1.828187006861,85
"fremtpl2_severity_log","random",21,"tail","Huber",2,2.5,"full","blocked",NA,0.850449860953456,0.841677030839371,1.30107972330802,2.44238993677429,TRUE,2.09768134739658,1.86751854510951,119
"fremtpl2_severity_log","random",22,"tail","Huber",2,2.5,"full","blocked",NA,0.747136705023543,0.768586537199029,1.19354425080121,2.11973408167965,TRUE,1.94696305299297,1.79409759313336,101
"fremtpl2_severity_log","random",23,"tail","Huber",2,2.5,"full","blocked",NA,0.831265138449185,0.827114242099486,1.27746250272188,2.41551429039273,TRUE,2.24720634181194,2.02464035364355,106
"fremtpl2_severity_log","random",24,"tail","Huber",2,2.5,"full","blocked",NA,0.775512084282375,0.787755698076056,1.21066375891174,2.20391719021507,TRUE,2.02872363890978,1.81687412983712,101
"fremtpl2_severity_log","random",25,"tail","Huber",2,2.5,"full","blocked",NA,0.791327488745964,0.793475632655665,1.20566130306416,2.33923886147676,TRUE,2.07150966006247,1.8798991292078,99
"fremtpl2_severity_log","random",26,"tail","Huber",2,2.5,"full","blocked",NA,0.809166539009364,0.821009941406157,1.2555185874435,2.20730462898331,TRUE,2.15358476126812,1.94928272525857,114
"fremtpl2_severity_log","random",27,"tail","Huber",2,2.5,"full","blocked",NA,0.73360473712272,0.735455865262736,1.16650782143532,2.16590016133638,TRUE,2.06985781030029,1.88941702168947,94
"fremtpl2_severity_log","random",28,"tail","Huber",2,2.5,"full","blocked",NA,0.75553510376116,0.766079515839957,1.19844849604302,2.15122558479159,TRUE,2.21631417291317,1.96527051348716,92
"fremtpl2_severity_log","random",29,"tail","Huber",2,2.5,"full","blocked",NA,0.777918375569697,0.788740932441574,1.22573743608356,2.31620597194677,TRUE,2.07056452494343,1.87664927084014,80
"fremtpl2_severity_log","random",30,"tail","Huber",2,2.5,"full","blocked",NA,0.810008311791242,0.811283896185918,1.32034607384774,2.39031865986367,TRUE,2.32591403903326,2.11538040079532,100
"fremtpl2_severity_log","random",1,"tail","L1",0,2.5,"full","blocked",NA,0.821924844366094,0.798529751061317,1.26209315192471,2.3134565111966,TRUE,2.03735852675137,1.82847148567171,102
"fremtpl2_severity_log","random",2,"tail","L1",0,2.5,"full","blocked",NA,0.719908537413531,0.710406939547529,1.14285827817203,2.07460778626512,TRUE,2.01462644276438,1.83168876416193,92
"fremtpl2_severity_log","random",3,"tail","L1",0,2.5,"full","blocked",NA,0.76237804464667,0.746150865795618,1.20932766453273,2.23940504684115,TRUE,2.14736121213951,1.89490448373601,100
"fremtpl2_severity_log","random",4,"tail","L1",0,2.5,"full","blocked",NA,0.792381082228439,0.777125895613443,1.25028931383639,2.36199988025126,TRUE,1.92959242050757,1.79140723799459,99
"fremtpl2_severity_log","random",5,"tail","L1",0,2.5,"full","blocked",NA,0.76471816941185,0.830163845940206,2.6991467834504,2.37391972930035,TRUE,2.13196454253743,1.92428486450655,101
"fremtpl2_severity_log","random",6,"tail","L1",0,2.5,"full","blocked",NA,0.843918378538399,0.805829526626811,1.28018037653139,2.59491219505507,TRUE,2.07992472645242,1.88472478222889,112
"fremtpl2_severity_log","random",7,"tail","L1",0,2.5,"full","blocked",NA,0.783088089078349,0.784904097676042,1.4876384593798,2.272998978754,TRUE,1.99888094536057,1.78677734835997,118
"fremtpl2_severity_log","random",8,"tail","L1",0,2.5,"full","blocked",NA,0.887133726301702,0.844969074744724,1.32653444298881,2.54610224594565,TRUE,1.98177670457158,1.78616412364091,129
"fremtpl2_severity_log","random",9,"tail","L1",0,2.5,"full","blocked",NA,0.774581610866038,0.759533797088878,1.20281152979166,2.19076710996955,TRUE,1.87204304751679,1.73455773146386,112
"fremtpl2_severity_log","random",10,"tail","L1",0,2.5,"full","blocked",NA,0.816363644351151,0.804013944853466,1.28590852519656,2.36101511480889,TRUE,2.0608408219584,1.82525803674676,114
"fremtpl2_severity_log","random",11,"tail","L1",0,2.5,"full","blocked",NA,0.798530897908704,0.801590976839269,1.32977360568861,2.41333314458342,TRUE,2.07620889656395,1.83931151703504,113
"fremtpl2_severity_log","random",12,"tail","L1",0,2.5,"full","blocked",NA,0.778223178661511,0.772136076752979,1.23766241496834,2.26979610337312,TRUE,1.92432099734352,1.74169029176249,115
"fremtpl2_severity_log","random",13,"tail","L1",0,2.5,"full","blocked",NA,0.83834208095513,0.814275532384116,1.31014999130725,2.46250278678422,TRUE,2.0505744315107,1.81557494849689,104
"fremtpl2_severity_log","random",14,"tail","L1",0,2.5,"full","blocked",NA,0.761764311279438,0.777613534254988,1.53858591382647,2.28196362382872,TRUE,2.14090128182683,1.92233067051117,102
"fremtpl2_severity_log","random",15,"tail","L1",0,2.5,"full","blocked",NA,0.818946718028522,0.830353430412363,1.99923651876167,2.46108407324005,TRUE,2.14985227816304,1.99534189270445,86
"fremtpl2_severity_log","random",16,"tail","L1",0,2.5,"full","blocked",NA,0.75976580904469,0.756667520610241,1.21451849006765,2.19332096124204,TRUE,2.1506424510396,1.93453455577994,96
"fremtpl2_severity_log","random",17,"tail","L1",0,2.5,"full","blocked",NA,0.778097133266946,0.775351422995924,1.2457896066862,2.36935496533093,TRUE,2.17288397087843,1.89177657389765,100
"fremtpl2_severity_log","random",18,"tail","L1",0,2.5,"full","blocked",NA,0.794048134016874,0.781004707471066,1.26336560503699,2.38476131509869,TRUE,2.1581174511011,1.91033716819154,112
"fremtpl2_severity_log","random",19,"tail","L1",0,2.5,"full","blocked",NA,0.750265569487308,0.74702594072856,1.22295735724876,2.3237239067218,TRUE,2.19523902564003,1.94018967505381,106
"fremtpl2_severity_log","random",20,"tail","L1",0,2.5,"full","blocked",NA,0.739583206448565,0.733753372855468,1.1831749868885,2.23994276197207,TRUE,1.99149298041289,1.78326392812198,85
"fremtpl2_severity_log","random",21,"tail","L1",0,2.5,"full","blocked",NA,0.85880996479677,0.831791711783384,1.31614155220414,2.5304511962832,TRUE,2.09991459654249,1.86583182098581,119
"fremtpl2_severity_log","random",22,"tail","L1",0,2.5,"full","blocked",NA,0.742905087851968,0.806657833714294,2.12295198634546,2.09320012843067,TRUE,1.93933467897222,1.77934707980282,101
"fremtpl2_severity_log","random",23,"tail","L1",0,2.5,"full","blocked",NA,0.823941070871048,0.803608729131928,1.29231724339836,2.47771743462598,TRUE,2.19533120919955,1.96648947073167,106
"fremtpl2_severity_log","random",24,"tail","L1",0,2.5,"full","blocked",NA,0.771555315230256,0.768033071322823,1.22169562417596,2.25182698090014,TRUE,2.01112078233126,1.80417737468008,101
"fremtpl2_severity_log","random",25,"tail","L1",0,2.5,"full","blocked",NA,0.793468538216181,0.772178010965659,1.21611985255285,2.39087964932742,TRUE,2.0341074749285,1.84079398862844,99
"fremtpl2_severity_log","random",26,"tail","L1",0,2.5,"full","blocked",NA,0.806929321746786,0.799400483393437,1.26376914943284,2.30933228167446,TRUE,2.09772470470336,1.88664607329902,114
"fremtpl2_severity_log","random",27,"tail","L1",0,2.5,"full","blocked",NA,0.741809568548091,0.730701833727321,1.18315875030333,2.18673474284061,TRUE,2.04765269648946,1.86688986713698,94
"fremtpl2_severity_log","random",28,"tail","L1",0,2.5,"full","blocked",NA,0.758028680132379,0.750694877079465,1.20793322538324,2.18390187073578,TRUE,2.1969448711209,1.94626969561739,92
"fremtpl2_severity_log","random",29,"tail","L1",0,2.5,"full","blocked",NA,0.784874822701566,0.769099495431305,1.24200402535085,2.44597419865124,TRUE,2.03829092587143,1.85024740035901,80
"fremtpl2_severity_log","random",30,"tail","L1",0,2.5,"full","blocked",NA,0.815551778590589,0.823239687010642,1.82219608313485,2.44185270415528,TRUE,2.31108515281758,2.0977430763175,100
"fremtpl2_severity_log","random",1,"tail","L1",1,2.5,"full","blocked",NA,0.824381388966642,0.799624037653206,1.2618446845094,2.3275626852838,TRUE,2.04441643671389,1.8348643563876,102
"fremtpl2_severity_log","random",2,"tail","L1",1,2.5,"full","blocked",NA,0.719233881362011,0.710545682030144,1.14211399684012,2.08037443604925,TRUE,2.00728592034013,1.82240984459991,92
"fremtpl2_severity_log","random",3,"tail","L1",1,2.5,"full","blocked",NA,0.762216308093577,0.746037386263193,1.20939872723954,2.23957528437194,TRUE,2.14502540871765,1.89234331092758,100
"fremtpl2_severity_log","random",4,"tail","L1",1,2.5,"full","blocked",NA,0.793124931790824,0.777182860926304,1.24921155325486,2.36709622078497,TRUE,1.92681804524425,1.79051745383596,99
"fremtpl2_severity_log","random",5,"tail","L1",1,2.5,"full","blocked",NA,0.764395749911445,0.773822878065219,1.42045892403639,2.37811550306597,TRUE,2.12808401977216,1.9210140877442,101
"fremtpl2_severity_log","random",6,"tail","L1",1,2.5,"full","blocked",NA,0.844572221081074,0.807275780963074,1.27993907756767,2.60234686971763,TRUE,2.08160548226228,1.88741008664477,112
"fremtpl2_severity_log","random",7,"tail","L1",1,2.5,"full","blocked",NA,0.783760020245966,0.788112509678423,1.54985507127709,2.26587410176092,TRUE,2.00236903477776,1.79147992658317,118
"fremtpl2_severity_log","random",8,"tail","L1",1,2.5,"full","blocked",NA,0.887009448388989,0.845824708964422,1.32547423541231,2.5457961153686,TRUE,1.98371269416361,1.78862050989926,129
"fremtpl2_severity_log","random",9,"tail","L1",1,2.5,"full","blocked",NA,0.776544902708747,0.763181922433788,1.20319374974961,2.2088954314086,TRUE,1.8797897842775,1.7422379449931,112
"fremtpl2_severity_log","random",10,"tail","L1",1,2.5,"full","blocked",NA,0.812680404653483,0.800007614035257,1.2853219379969,2.40638212991268,TRUE,2.05601645906842,1.81881973725033,114
"fremtpl2_severity_log","random",11,"tail","L1",1,2.5,"full","blocked",NA,0.782810614253363,0.776449670054338,1.2522582448087,2.37598424665935,TRUE,2.03473264051983,1.81515668246548,113
"fremtpl2_severity_log","random",12,"tail","L1",1,2.5,"full","blocked",NA,0.776268482213878,0.772191823925549,1.23657857374559,2.26432537884344,TRUE,1.91792935239095,1.73502512725454,115
"fremtpl2_severity_log","random",13,"tail","L1",1,2.5,"full","blocked",NA,0.838753567701101,0.815954590084772,1.32509208081567,2.46002179987315,TRUE,2.04795299151088,1.81210850029854,104
"fremtpl2_severity_log","random",14,"tail","L1",1,2.5,"full","blocked",NA,0.766805495010251,0.786926238995862,1.64351057260328,2.28004964784398,TRUE,2.1463821513033,1.92926805569525,102
"fremtpl2_severity_log","random",15,"tail","L1",1,2.5,"full","blocked",NA,0.818701186308448,0.803523889618212,1.44371310825785,2.48959124780647,TRUE,2.14626797860023,1.99165689423591,86
"fremtpl2_severity_log","random",16,"tail","L1",1,2.5,"full","blocked",NA,0.759560387693702,0.756890136257566,1.21349664472618,2.19552522191413,TRUE,2.15089211473433,1.93603969109855,96
"fremtpl2_severity_log","random",17,"tail","L1",1,2.5,"full","blocked",NA,0.779165551386582,0.77662940625178,1.24607514900747,2.34840231754914,TRUE,2.17527853234813,1.8947742827374,100
"fremtpl2_severity_log","random",18,"tail","L1",1,2.5,"full","blocked",NA,0.793959587438334,0.781286939276215,1.26346954203445,2.37644822795489,TRUE,2.15861991587771,1.91004569466866,112
"fremtpl2_severity_log","random",19,"tail","L1",1,2.5,"full","blocked",NA,0.750015204201112,0.747382624800522,1.22286540816504,2.32245016896071,TRUE,2.1913255721087,1.93595117220809,106
"fremtpl2_severity_log","random",20,"tail","L1",1,2.5,"full","blocked",NA,0.739729868187866,0.732774664531284,1.18352543075798,2.2399141796523,TRUE,1.99698121058588,1.7891614711664,85
"fremtpl2_severity_log","random",21,"tail","L1",1,2.5,"full","blocked",NA,0.857452398485492,0.830617850031043,1.31557001798682,2.52099191408748,TRUE,2.09141864311941,1.85815419289555,119
"fremtpl2_severity_log","random",22,"tail","L1",1,2.5,"full","blocked",NA,0.740372000881894,0.859723280802121,3.68398791491816,2.10508720358803,TRUE,1.9320636195099,1.77181981680913,101
"fremtpl2_severity_log","random",23,"tail","L1",1,2.5,"full","blocked",NA,0.828333846585097,0.80551883946409,1.29364203554354,2.47681074877095,TRUE,2.20100208523216,1.97534311074688,106
"fremtpl2_severity_log","random",24,"tail","L1",1,2.5,"full","blocked",NA,0.772391239727144,0.770666549364935,1.22174090134481,2.27380432084168,TRUE,2.01345912870112,1.80619154250993,101
"fremtpl2_severity_log","random",25,"tail","L1",1,2.5,"full","blocked",NA,0.794692537966762,0.776190214901709,1.21554564551473,2.3844481706189,TRUE,2.04657738549637,1.85416979203711,99
"fremtpl2_severity_log","random",26,"tail","L1",1,2.5,"full","blocked",NA,0.80963621196807,0.80708269769475,1.26520755239945,2.28033325981567,TRUE,2.11271968231031,1.90089793612317,114
"fremtpl2_severity_log","random",27,"tail","L1",1,2.5,"full","blocked",NA,0.743458212147696,0.731573072505759,1.1803255491388,2.18838663261264,TRUE,2.0637009520819,1.88531760231959,94
"fremtpl2_severity_log","random",28,"tail","L1",1,2.5,"full","blocked",NA,0.757860259491686,0.750582338454525,1.20821175379025,2.19142614088575,TRUE,2.19390727845927,1.94281921392666,92
"fremtpl2_severity_log","random",29,"tail","L1",1,2.5,"full","blocked",NA,0.789165837190021,0.79975548868693,1.57924115922577,2.46938274915405,TRUE,2.03785970423615,1.8493000987261,80
"fremtpl2_severity_log","random",30,"tail","L1",1,2.5,"full","blocked",NA,0.815315418052593,0.800866933509271,1.39155286931182,2.44242740983637,TRUE,2.32561905575277,2.1117431124517,100
"fremtpl2_severity_log","random",1,"tail","L1",2,2.5,"full","blocked",NA,0.821002987132036,0.79720196492433,1.26016894114184,2.31512828168324,TRUE,2.04022572779197,1.83128866297041,102
"fremtpl2_severity_log","random",2,"tail","L1",2,2.5,"full","blocked",NA,0.721822205866741,0.714424898157481,1.14184830859729,2.07333588994126,TRUE,2.01575336722139,1.83368666510451,92
"fremtpl2_severity_log","random",3,"tail","L1",2,2.5,"full","blocked",NA,0.764973715927982,0.747123205227488,1.21214332237369,2.26200412465722,TRUE,2.15205470886541,1.89989613697311,100
"fremtpl2_severity_log","random",4,"tail","L1",2,2.5,"full","blocked",NA,0.791820593828804,0.776487596162349,1.24984280385576,2.35854876078224,TRUE,1.92895871841553,1.79071702193053,99
"fremtpl2_severity_log","random",5,"tail","L1",2,2.5,"full","blocked",NA,0.761050034872555,0.751415525160289,1.21672462805132,2.35842815302632,TRUE,2.12231313486196,1.91335819534486,101
"fremtpl2_severity_log","random",6,"tail","L1",2,2.5,"full","blocked",NA,0.844474012191783,0.806702060266005,1.28025231427863,2.60048181831273,TRUE,2.08106090788347,1.88659276288788,112
"fremtpl2_severity_log","random",7,"tail","L1",2,2.5,"full","blocked",NA,0.782479038222788,0.927308162588404,5.50175167889056,2.27533504918417,TRUE,1.99474219619464,1.78166651786598,118
"fremtpl2_severity_log","random",8,"tail","L1",2,2.5,"full","blocked",NA,0.887425937790987,0.845133302044564,1.32552631713576,2.53268689429385,TRUE,1.98960920793714,1.79456332896744,129
"fremtpl2_severity_log","random",9,"tail","L1",2,2.5,"full","blocked",NA,0.776797755725882,0.763505685073711,1.20301291110008,2.20950741291081,TRUE,1.88109185682271,1.74331982208955,112
"fremtpl2_severity_log","random",10,"tail","L1",2,2.5,"full","blocked",NA,0.813656883183074,0.802973339935006,1.28429531555073,2.31998182330107,TRUE,2.06099681014054,1.82597614146227,114
"fremtpl2_severity_log","random",11,"tail","L1",2,2.5,"full","blocked",NA,0.782417007023308,0.775590637158354,1.25089528619995,2.35957850885445,TRUE,2.03247920608358,1.81491909786742,113
"fremtpl2_severity_log","random",12,"tail","L1",2,2.5,"full","blocked",NA,0.778160326365196,0.772708186387553,1.23762217543215,2.27051377775886,TRUE,1.92412336374075,1.74157167711268,115
"fremtpl2_severity_log","random",13,"tail","L1",2,2.5,"full","blocked",NA,0.842528343791238,0.811658092670501,1.28380421642241,2.46428228630863,TRUE,2.05103688994244,1.81597182062903,104
"fremtpl2_severity_log","random",14,"tail","L1",2,2.5,"full","blocked",NA,0.763522361416592,0.768287802875727,1.36344694179273,2.2804511556798,TRUE,2.150295299102,1.93174749886097,102
"fremtpl2_severity_log","random",15,"tail","L1",2,2.5,"full","blocked",NA,0.818202268991762,0.841753568730088,2.27698036399686,2.4514356169624,TRUE,2.15557683959628,2.00136637083889,86
"fremtpl2_severity_log","random",16,"tail","L1",2,2.5,"full","blocked",NA,0.759252851445856,0.756379612290703,1.21394352629872,2.19220823325095,TRUE,2.15036501176188,1.93433468197191,96
"fremtpl2_severity_log","random",17,"tail","L1",2,2.5,"full","blocked",NA,0.778069112132407,0.775523086078431,1.24607701261215,2.37563403446383,TRUE,2.16964450908902,1.88816966750407,100
"fremtpl2_severity_log","random",18,"tail","L1",2,2.5,"full","blocked",NA,0.793787710421095,0.781151855363934,1.26344585693204,2.36493611043226,TRUE,2.15629900025918,1.90748045642064,112
"fremtpl2_severity_log","random",19,"tail","L1",2,2.5,"full","blocked",NA,0.750015055408954,0.747221052765303,1.22267405036523,2.32162267792541,TRUE,2.19620580490401,1.94076240743885,106
"fremtpl2_severity_log","random",20,"tail","L1",2,2.5,"full","blocked",NA,0.739402445475569,0.732955448101529,1.18362072601727,2.23994600481369,TRUE,1.99331006871755,1.78538477226181,85
"fremtpl2_severity_log","random",21,"tail","L1",2,2.5,"full","blocked",NA,0.861712407611504,0.84678768565072,1.42512933350288,2.53962755411364,TRUE,2.09411186495271,1.85878843156763,119
"fremtpl2_severity_log","random",22,"tail","L1",2,2.5,"full","blocked",NA,0.740708819220532,0.842580620890541,3.16361141701823,2.11007300583451,TRUE,1.93780005641005,1.77760063285898,101
"fremtpl2_severity_log","random",23,"tail","L1",2,2.5,"full","blocked",NA,0.826117479494935,0.804994197023284,1.29230204776094,2.4744343754215,TRUE,2.19775665250906,1.97160321400091,106
"fremtpl2_severity_log","random",24,"tail","L1",2,2.5,"full","blocked",NA,0.772549960572674,0.768238399381115,1.22343463272716,2.25560607316782,TRUE,2.00701125542003,1.79987988869019,101
"fremtpl2_severity_log","random",25,"tail","L1",2,2.5,"full","blocked",NA,0.797166526061623,0.78574535713283,1.28717790630363,2.39717331221973,TRUE,2.04009169527653,1.84766978563249,99
"fremtpl2_severity_log","random",26,"tail","L1",2,2.5,"full","blocked",NA,0.806547782584489,0.800087511296694,1.26344757823676,2.30293873281299,TRUE,2.09932900192582,1.88843424878143,114
"fremtpl2_severity_log","random",27,"tail","L1",2,2.5,"full","blocked",NA,0.74351634372264,0.731821851892291,1.18050202426892,2.13852266036091,TRUE,2.06406650025319,1.88534629922096,94
"fremtpl2_severity_log","random",28,"tail","L1",2,2.5,"full","blocked",NA,0.758059267309069,0.751456694177922,1.20625177278355,2.18453510080323,TRUE,2.19981379656175,1.9502748872102,92
"fremtpl2_severity_log","random",29,"tail","L1",2,2.5,"full","blocked",NA,0.788525651432726,0.778522136334819,1.27440448981738,2.44537730557913,TRUE,2.0392592865498,1.84977535426752,80
"fremtpl2_severity_log","random",30,"tail","L1",2,2.5,"full","blocked",NA,0.818369816527551,0.837614026643536,2.13723269683651,2.42736143827393,TRUE,2.32611499428587,2.11450099491815,100
"fremtpl2_severity_log","random",1,"tail","auto-valgate",0,2.5,"full","blocked",NA,0.819617101960905,0.814864458009967,1.24731247968312,2.30638587827556,TRUE,2.07671634482187,1.86539894484562,102
"fremtpl2_severity_log","random",2,"tail","auto-valgate",0,2.5,"full","blocked",NA,0.717229302465766,0.723121155481114,1.13464149801573,2.07082078878438,TRUE,1.96055095042597,1.78006781981311,92
"fremtpl2_severity_log","random",3,"tail","auto-valgate",0,2.5,"full","blocked",NA,0.765202134748639,0.748128730422996,1.21150361954601,2.27455496118398,TRUE,2.15310259187935,1.90106947972895,100
"fremtpl2_severity_log","random",4,"tail","auto-valgate",0,2.5,"full","blocked",NA,0.788906189285091,0.785944807227754,1.24311030287621,2.35954571384862,TRUE,1.92305983784546,1.78194832446426,99
"fremtpl2_severity_log","random",5,"tail","auto-valgate",0,2.5,"full","blocked",NA,0.763043281758414,0.775299701483903,1.20422215832471,2.30638552473131,TRUE,2.18627207463598,1.98285932845471,101
"fremtpl2_severity_log","random",6,"tail","auto-valgate",0,2.5,"full","blocked",NA,0.84234685976036,0.816172148844704,1.27762697932688,2.55571220316274,TRUE,2.07950419092896,1.8813418272022,112
"fremtpl2_severity_log","random",7,"tail","auto-valgate",0,2.5,"full","blocked",NA,0.782566255014661,0.778583539924123,1.22298592759501,2.22875363799451,TRUE,1.97390418073269,1.76197495476317,118
"fremtpl2_severity_log","random",8,"tail","auto-valgate",0,2.5,"full","blocked",NA,0.890688196129281,0.868437168257944,1.31688571615186,2.45563346120968,TRUE,2.00413077132609,1.81405829952426,129
"fremtpl2_severity_log","random",9,"tail","auto-valgate",0,2.5,"full","blocked",NA,0.779268279362268,0.788083977123989,1.18990064214918,2.16340473809388,TRUE,1.91187715476546,1.77838513355818,112
"fremtpl2_severity_log","random",10,"tail","auto-valgate",0,2.5,"full","blocked",NA,0.81165458709088,0.808668001906836,1.277291804712,2.35812078805628,TRUE,2.04488030257166,1.80882612154604,114
"fremtpl2_severity_log","random",11,"tail","auto-valgate",0,2.5,"full","blocked",NA,0.783997389733727,0.791651699190879,1.25250366856124,2.34873511762748,TRUE,1.99100189188227,1.76733931433652,113
"fremtpl2_severity_log","random",12,"tail","auto-valgate",0,2.5,"full","blocked",NA,0.77308799738601,0.7796074198096,1.23375686155666,2.26439980654755,TRUE,1.89049544816369,1.70237169016622,115
"fremtpl2_severity_log","random",13,"tail","auto-valgate",0,2.5,"full","blocked",NA,0.839378159126675,0.955348972353443,4.33296155908624,2.45088437521782,TRUE,2.09847275116312,1.86653815529065,104
"fremtpl2_severity_log","random",14,"tail","auto-valgate",0,2.5,"full","blocked",NA,0.764476239196161,0.781953495745144,1.24939217359349,2.23895661779803,TRUE,2.11921074449515,1.89816227922362,102
"fremtpl2_severity_log","random",15,"tail","auto-valgate",0,2.5,"full","blocked",NA,0.820398120343582,0.79162180441749,1.24857220924432,2.49045633778567,TRUE,2.13959025024064,1.98382401683418,86
"fremtpl2_severity_log","random",16,"tail","auto-valgate",0,2.5,"full","blocked",NA,0.760071504511935,0.757553322610367,1.21547624140182,2.21801408952706,TRUE,2.15757108494003,1.93999312110664,96
"fremtpl2_severity_log","random",17,"tail","auto-valgate",0,2.5,"full","blocked",NA,0.77800797437382,0.785935534969633,1.2425778424717,2.34232784296764,TRUE,2.1483318566959,1.86870210284641,100
"fremtpl2_severity_log","random",18,"tail","auto-valgate",0,2.5,"full","blocked",NA,0.798537560415607,0.806298784178702,1.25137860096164,2.29384967275861,TRUE,2.1951487952132,1.95471656616209,112
"fremtpl2_severity_log","random",19,"tail","auto-valgate",0,2.5,"full","blocked",NA,0.744978266694236,0.75497871848333,1.21577236923396,2.28672723692895,TRUE,2.17542294886728,1.91763163635383,106
"fremtpl2_severity_log","random",20,"tail","auto-valgate",0,2.5,"full","blocked",NA,0.74032633610795,0.751321330642821,1.16782667336645,2.21012096710425,TRUE,2.04470495307899,1.84519645108652,85
"fremtpl2_severity_log","random",21,"tail","auto-valgate",0,2.5,"full","blocked",NA,0.8516913422386,0.832056290341645,1.31433293583119,2.52645001029197,TRUE,2.05367683926327,1.81545983464105,119
"fremtpl2_severity_log","random",22,"tail","auto-valgate",0,2.5,"full","blocked",NA,0.745900578950789,0.771507015546094,1.18884190621709,2.12387374331842,TRUE,1.95597965911608,1.79987306726536,101
"fremtpl2_severity_log","random",23,"tail","auto-valgate",0,2.5,"full","blocked",NA,0.8234975600151,0.815784256227559,1.28872755840354,2.46831362768143,TRUE,2.17712172024465,1.94621314174432,106
"fremtpl2_severity_log","random",24,"tail","auto-valgate",0,2.5,"full","blocked",NA,0.775674051223575,0.771544982558992,1.22727346041078,2.24980796449213,TRUE,2.01206625541276,1.80576346901302,101
"fremtpl2_severity_log","random",25,"tail","auto-valgate",0,2.5,"full","blocked",NA,0.798550103688746,0.782584294444421,1.21908544839353,2.34024081077428,TRUE,2.0229621136748,1.82711977808239,99
"fremtpl2_severity_log","random",26,"tail","auto-valgate",0,2.5,"full","blocked",NA,0.806514017654659,0.807909702874687,1.26342668430379,2.26961794280347,TRUE,2.08264929149881,1.86953970467699,114
"fremtpl2_severity_log","random",27,"tail","auto-valgate",0,2.5,"full","blocked",NA,0.737207926828976,0.735574586786162,1.18085969085669,2.15212894075804,TRUE,2.00799734689294,1.82421731642661,94
"fremtpl2_severity_log","random",28,"tail","auto-valgate",0,2.5,"full","blocked",NA,0.754865950411374,0.758537846645635,1.2014214021434,2.18663958949506,TRUE,2.15828668508828,1.90532378810929,92
"fremtpl2_severity_log","random",29,"tail","auto-valgate",0,2.5,"full","blocked",NA,0.788286884953016,0.778848174484652,1.24287252198676,2.419472169809,TRUE,2.01667940015556,1.82275333215235,80
"fremtpl2_severity_log","random",30,"tail","auto-valgate",0,2.5,"full","blocked",NA,0.807155319751653,0.789452347987273,1.25614062598708,2.38283174119587,TRUE,2.26868738132173,2.04933889507906,100
"fremtpl2_severity_log","random",1,"tail","auto-valgate",1,2.5,"full","blocked",NA,0.824315734324231,0.808766445307158,1.2630860446725,2.32275693243839,TRUE,2.0190245166161,1.80353411702865,102
"fremtpl2_severity_log","random",2,"tail","auto-valgate",1,2.5,"full","blocked",NA,0.717605156542406,0.715721667215818,1.13640281243732,2.09070908036594,TRUE,1.9935115283854,1.81034542676781,92
"fremtpl2_severity_log","random",3,"tail","auto-valgate",1,2.5,"full","blocked",NA,0.76006215366891,0.764842776981217,1.19533404260238,2.16591117672919,TRUE,2.15999120668003,1.91260501319647,100
"fremtpl2_severity_log","random",4,"tail","auto-valgate",1,2.5,"full","blocked",NA,0.789606042385615,0.78722476254382,1.244595961173,2.38642132186592,TRUE,1.9106044599706,1.77058682968782,99
"fremtpl2_severity_log","random",5,"tail","auto-valgate",1,2.5,"full","blocked",NA,0.759571324361029,0.762987328658201,1.21391595451639,2.36701638703263,TRUE,2.09450094498385,1.88166307096041,101
"fremtpl2_severity_log","random",6,"tail","auto-valgate",1,2.5,"full","blocked",NA,0.843574350135614,0.814346334843803,1.27774373250661,2.56824443456107,TRUE,2.07620454542797,1.88206982905198,112
"fremtpl2_severity_log","random",7,"tail","auto-valgate",1,2.5,"full","blocked",NA,0.778155042559673,0.765202415580879,1.21051507970234,2.20855748025341,TRUE,1.98673337193725,1.7737983574451,118
"fremtpl2_severity_log","random",8,"tail","auto-valgate",1,2.5,"full","blocked",NA,0.888012090042119,0.856772682385269,1.32033956839866,2.54534448371675,TRUE,1.99336265584259,1.80098450398006,129
"fremtpl2_severity_log","random",9,"tail","auto-valgate",1,2.5,"full","blocked",NA,0.780167847130773,0.784326956081411,1.19184780466307,2.1679715010172,TRUE,1.91917526135112,1.78686109514387,112
"fremtpl2_severity_log","random",10,"tail","auto-valgate",1,2.5,"full","blocked",NA,0.817421497975042,0.843376313157425,1.50399749613866,2.35193155135514,TRUE,2.10081433329677,1.87447593651872,114
"fremtpl2_severity_log","random",11,"tail","auto-valgate",1,2.5,"full","blocked",NA,0.786580560849703,0.79199962303606,1.25407709513498,2.32681966765652,TRUE,2.01590624924803,1.79461124785284,113
"fremtpl2_severity_log","random",12,"tail","auto-valgate",1,2.5,"full","blocked",NA,0.772565705127327,0.781631940378514,1.23008182286339,2.25485949998877,TRUE,1.89857706122023,1.71357560418538,115
"fremtpl2_severity_log","random",13,"tail","auto-valgate",1,2.5,"full","blocked",NA,0.835249627966812,0.943176738008614,4.41473496155594,2.42380172562591,TRUE,2.03263488948132,1.79663630345926,104
"fremtpl2_severity_log","random",14,"tail","auto-valgate",1,2.5,"full","blocked",NA,0.773116451101565,0.823028821887682,1.79358733482662,2.26652943326753,TRUE,2.16908515017881,1.95568992210049,102
"fremtpl2_severity_log","random",15,"tail","auto-valgate",1,2.5,"full","blocked",NA,0.816119504489216,0.805810075285432,1.23413611668764,2.34393317567328,TRUE,2.16592358728054,2.01228824938469,86
"fremtpl2_severity_log","random",16,"tail","auto-valgate",1,2.5,"full","blocked",NA,0.762510902387724,0.771911436785709,1.2136540489876,2.16789294353444,TRUE,2.13303320297264,1.9115870976625,96
"fremtpl2_severity_log","random",17,"tail","auto-valgate",1,2.5,"full","blocked",NA,0.779483889793446,0.789056905954199,1.23269845412334,2.29558292402346,TRUE,2.19635250645246,1.91964167356513,100
"fremtpl2_severity_log","random",18,"tail","auto-valgate",1,2.5,"full","blocked",NA,0.792758262056157,0.79070848519675,1.26141408532848,2.33257834892122,TRUE,2.13232952240571,1.88165056963727,112
"fremtpl2_severity_log","random",19,"tail","auto-valgate",1,2.5,"full","blocked",NA,0.74770344724975,0.757394854306662,1.21708349086018,2.32061993547846,TRUE,2.19244285685454,1.93272511984651,106
"fremtpl2_severity_log","random",20,"tail","auto-valgate",1,2.5,"full","blocked",NA,0.739730335763388,0.758679041589711,1.17232093063419,2.21870909236686,TRUE,2.02352319740915,1.81926037001746,85
"fremtpl2_severity_log","random",21,"tail","auto-valgate",1,2.5,"full","blocked",NA,0.856488782594337,0.876079162144694,1.82944449354125,2.49171884742312,TRUE,2.08911481032679,1.85363590210815,119
"fremtpl2_severity_log","random",22,"tail","auto-valgate",1,2.5,"full","blocked",NA,0.752146610695382,0.799740347422074,1.51202808463705,2.15569767343533,TRUE,1.94749229164907,1.79164678719175,101
"fremtpl2_severity_log","random",23,"tail","auto-valgate",1,2.5,"full","blocked",NA,0.826872553805023,0.818131964107789,1.29206238736019,2.4550591230527,TRUE,2.16048778760362,1.92876465979931,106
"fremtpl2_severity_log","random",24,"tail","auto-valgate",1,2.5,"full","blocked",NA,0.772532389864102,0.786452175417215,1.20351388638579,2.21238674863133,TRUE,2.0410840130744,1.83355391340773,101
"fremtpl2_severity_log","random",25,"tail","auto-valgate",1,2.5,"full","blocked",NA,0.796357249389362,0.780835228038256,1.21541037748469,2.38776387804195,TRUE,2.05148506363446,1.85465949184456,99
"fremtpl2_severity_log","random",26,"tail","auto-valgate",1,2.5,"full","blocked",NA,0.802359898320331,0.811602739060314,1.2577382931244,2.19989137598618,TRUE,2.08737101376926,1.87765728076904,114
"fremtpl2_severity_log","random",27,"tail","auto-valgate",1,2.5,"full","blocked",NA,0.738023465871747,0.73831790029514,1.17662577661743,2.20940096795084,TRUE,2.0261311696572,1.8437512176103,94
"fremtpl2_severity_log","random",28,"tail","auto-valgate",1,2.5,"full","blocked",NA,0.756015111565644,0.773557402212923,1.19277877052196,2.19547891956727,TRUE,2.22474998972037,1.97381682595442,92
"fremtpl2_severity_log","random",29,"tail","auto-valgate",1,2.5,"full","blocked",NA,0.785540269002748,0.820545149607116,1.79844374330915,2.42936844795079,TRUE,2.01343701766013,1.81997838182875,80
"fremtpl2_severity_log","random",30,"tail","auto-valgate",1,2.5,"full","blocked",NA,0.813405160811737,0.781290970345727,1.26186851222483,2.43578943133328,TRUE,2.31484874119048,2.10073477495738,100
"fremtpl2_severity_log","random",1,"tail","auto-valgate",2,2.5,"full","blocked",NA,0.818493395618246,0.816099103799569,1.2957946520552,2.2976038812365,TRUE,2.03112569790817,1.81838086814619,102
"fremtpl2_severity_log","random",2,"tail","auto-valgate",2,2.5,"full","blocked",NA,0.717585089890481,0.733591965312272,1.1256859765843,2.09189458690792,TRUE,2.04094286859192,1.86226098587461,92
"fremtpl2_severity_log","random",3,"tail","auto-valgate",2,2.5,"full","blocked",NA,0.765884646789862,0.771873148495971,1.19863906490657,2.14964903956248,TRUE,2.18800858720122,1.93893197957803,100
"fremtpl2_severity_log","random",4,"tail","auto-valgate",2,2.5,"full","blocked",NA,0.787625752463295,0.793248482663924,1.23618181133328,2.34745846969294,TRUE,1.93071751520323,1.79102896743545,99
"fremtpl2_severity_log","random",5,"tail","auto-valgate",2,2.5,"full","blocked",NA,0.760239572332528,0.778617104498509,1.37893586780969,2.36360791384782,TRUE,2.10744041607353,1.89496588499019,101
"fremtpl2_severity_log","random",6,"tail","auto-valgate",2,2.5,"full","blocked",NA,0.842817148984312,0.814870570432026,1.27917160725255,2.58435098787161,TRUE,2.05089729847005,1.85655033333307,112
"fremtpl2_severity_log","random",7,"tail","auto-valgate",2,2.5,"full","blocked",NA,0.785205619928617,0.789458215912639,1.32816018571463,2.24539976802579,TRUE,2.00071265326413,1.79297283256415,118
"fremtpl2_severity_log","random",8,"tail","auto-valgate",2,2.5,"full","blocked",NA,0.890604107300832,0.86828239934889,1.3125033873468,2.45334603556471,TRUE,2.03186581247936,1.8420086407843,129
"fremtpl2_severity_log","random",9,"tail","auto-valgate",2,2.5,"full","blocked",NA,0.777140690355273,0.779595562996923,1.19163876313287,2.16185506869244,TRUE,1.91194185393893,1.77851226192809,112
"fremtpl2_severity_log","random",10,"tail","auto-valgate",2,2.5,"full","blocked",NA,0.814649288943873,0.837042153947961,1.4737830722061,2.31545277335542,TRUE,2.09841519591444,1.87042997709358,114
"fremtpl2_severity_log","random",11,"tail","auto-valgate",2,2.5,"full","blocked",NA,0.779503010867984,0.782114122281696,1.24861264033597,2.35434026451579,TRUE,2.00918294455758,1.78965722297612,113
"fremtpl2_severity_log","random",12,"tail","auto-valgate",2,2.5,"full","blocked",NA,0.7746512955263,0.781758018961484,1.23234099549751,2.26120097624587,TRUE,1.90490774363056,1.71731185258314,115
"fremtpl2_severity_log","random",13,"tail","auto-valgate",2,2.5,"full","blocked",NA,0.831757016795494,0.810505212517973,1.26820380912054,2.4348907261897,TRUE,2.02598770545021,1.78960364841295,104
"fremtpl2_severity_log","random",14,"tail","auto-valgate",2,2.5,"full","blocked",NA,0.7634755775147,0.765214408198349,1.21779578183373,2.23682415542782,TRUE,2.13858393818546,1.91867768036849,102
"fremtpl2_severity_log","random",15,"tail","auto-valgate",2,2.5,"full","blocked",NA,0.818692791090436,1.00894415264024,7.31668732417646,2.44326874476473,TRUE,2.15927853640288,2.00466890116624,86
"fremtpl2_severity_log","random",16,"tail","auto-valgate",2,2.5,"full","blocked",NA,0.758737459120845,0.771289211531486,1.20721371605639,2.20077577818089,TRUE,2.12947325135646,1.91242404633572,96
"fremtpl2_severity_log","random",17,"tail","auto-valgate",2,2.5,"full","blocked",NA,0.778243785996468,0.786207571069127,1.24411131013123,2.3467672461025,TRUE,2.13115041131691,1.84635273918355,100
"fremtpl2_severity_log","random",18,"tail","auto-valgate",2,2.5,"full","blocked",NA,0.793921763639366,0.793341889234615,1.26146286351191,2.28960241535087,TRUE,2.11948906741208,1.86919002895776,112
"fremtpl2_severity_log","random",19,"tail","auto-valgate",2,2.5,"full","blocked",NA,0.745027168816799,0.756837586076808,1.21704675640865,2.29114529706694,TRUE,2.1696618330019,1.90937202386219,106
"fremtpl2_severity_log","random",20,"tail","auto-valgate",2,2.5,"full","blocked",NA,0.743591784776088,0.759400637730068,1.17465216047232,2.18912146582309,TRUE,2.04779673835135,1.84598795968549,85
"fremtpl2_severity_log","random",21,"tail","auto-valgate",2,2.5,"full","blocked",NA,0.855754375427615,0.83819435813813,1.31425726759209,2.508978432566,TRUE,2.06276244859647,1.82626938711204,119
"fremtpl2_severity_log","random",22,"tail","auto-valgate",2,2.5,"full","blocked",NA,0.744669218266664,0.779823423083903,1.27518128343664,2.1607508803235,TRUE,1.90398292712151,1.74272889910984,101
"fremtpl2_severity_log","random",23,"tail","auto-valgate",2,2.5,"full","blocked",NA,0.825394972732411,0.812304351134745,1.29120571757944,2.44477878081092,TRUE,2.1885651214146,1.9535820680624,106
"fremtpl2_severity_log","random",24,"tail","auto-valgate",2,2.5,"full","blocked",NA,0.769421011395065,0.773168022771031,1.22071417135248,2.24669945062813,TRUE,1.97702634457227,1.76626540436529,101
"fremtpl2_severity_log","random",25,"tail","auto-valgate",2,2.5,"full","blocked",NA,0.799208823657506,0.804425104784486,1.211737808234,2.3064576963709,TRUE,2.05813439061636,1.86315675675433,99
"fremtpl2_severity_log","random",26,"tail","auto-valgate",2,2.5,"full","blocked",NA,0.809045652081055,0.82204106393281,1.2558187333941,2.20892045455955,TRUE,2.14575276746385,1.94067332755451,114
"fremtpl2_severity_log","random",27,"tail","auto-valgate",2,2.5,"full","blocked",NA,0.737222822196347,0.737112739971941,1.17865079602183,2.20563556198521,TRUE,2.02899787567105,1.84360508815219,94
"fremtpl2_severity_log","random",28,"tail","auto-valgate",2,2.5,"full","blocked",NA,0.755499885806814,0.759651189645029,1.20329719861926,2.19353125010271,TRUE,2.17862493851505,1.92776504203844,92
"fremtpl2_severity_log","random",29,"tail","auto-valgate",2,2.5,"full","blocked",NA,0.782733797617625,0.777093202812484,1.23969281065935,2.43525519913556,TRUE,2.01840131689205,1.82226123336772,80
"fremtpl2_severity_log","random",30,"tail","auto-valgate",2,2.5,"full","blocked",NA,0.811669915781265,0.809167221536685,1.3691254097437,2.40953574658664,TRUE,2.28945294863249,2.07299919497643,100
