"dataset","protocol","split","arm","method","seed_rep","sigma","library","inner","gap","trmse","mae","rmse","q90","ok"
"sru_y1_dynamic","blocked",1,"valgate","auto-valgate",0,2.5,"full","blocked",20,0.00170055111495038,0.0047559081694759,0.0185004259086924,0.0102527810639324,TRUE
"sru_y1_dynamic","blocked",2,"valgate","auto-valgate",0,2.5,"full","blocked",20,0.000619515615073436,0.00130667567143847,0.00427433881149746,0.00353669760124703,TRUE
"sru_y1_dynamic","blocked",3,"valgate","auto-valgate",0,2.5,"full","blocked",20,0.00344777964767818,0.00900159412165055,0.0533923715469722,0.0169241629872521,TRUE
"sru_y1_dynamic","blocked",4,"valgate","auto-valgate",0,2.5,"full","blocked",20,0.00168538476803887,0.00368404039623921,0.0148070542687136,0.00871986860113926,TRUE
"sru_y1_dynamic","blocked",5,"valgate","auto-valgate",0,2.5,"full","blocked",20,0.00203650004479565,0.00289283194656207,0.00866618024181178,0.0104483938118842,TRUE
"sru_y1_dynamic","blocked",1,"valgate","auto-valgate",1,2.5,"full","blocked",20,0.00331710150074661,0.0172031158059768,0.121756386214828,0.0146458314983411,TRUE
"sru_y1_dynamic","blocked",2,"valgate","auto-valgate",1,2.5,"full","blocked",20,0.00209784273224778,0.00256821899636244,0.00467507144380703,0.00568584179167935,TRUE
"sru_y1_dynamic","blocked",3,"valgate","auto-valgate",1,2.5,"full","blocked",20,0.00334063549405017,0.00570699163930522,0.0218143699507741,0.0165286911668458,TRUE
"sru_y1_dynamic","blocked",4,"valgate","auto-valgate",1,2.5,"full","blocked",20,0.00330199344907201,0.00533174469754044,0.0156983834290881,0.0140211759489153,TRUE
"sru_y1_dynamic","blocked",5,"valgate","auto-valgate",1,2.5,"full","blocked",20,0.00202438169531557,0.0029916445613684,0.00925932108588385,0.0102503126637235,TRUE
"sru_y1_dynamic","blocked",1,"valgate","auto-valgate",2,2.5,"full","blocked",20,0.00181739999027829,0.00442168947945932,0.0164605470778328,0.0102684637544465,TRUE
"sru_y1_dynamic","blocked",2,"valgate","auto-valgate",2,2.5,"full","blocked",20,0.00212273822708829,0.00265739271568862,0.00472935233930088,0.0057430273167163,TRUE
"sru_y1_dynamic","blocked",3,"valgate","auto-valgate",2,2.5,"full","blocked",20,0.00336739328367132,0.00590304640594192,0.0232669118664875,0.0166305213705084,TRUE
"sru_y1_dynamic","blocked",4,"valgate","auto-valgate",2,2.5,"full","blocked",20,0.00171908090925929,0.00369179604261805,0.0146040434603742,0.00862004788963222,TRUE
"sru_y1_dynamic","blocked",5,"valgate","auto-valgate",2,2.5,"full","blocked",20,0.00201530814709387,0.002885983234751,0.00853513478729501,0.0103485797744929,TRUE
"sru_y1_dynamic","blocked",1,"valgate","auto-valgate",3,2.5,"full","blocked",20,0.0017545842832431,0.00445390461000942,0.0167609130631113,0.0102793099059536,TRUE
"sru_y1_dynamic","blocked",2,"valgate","auto-valgate",3,2.5,"full","blocked",20,0.00210350967462623,0.00264050816569347,0.00468784015269095,0.00591336381389865,TRUE
"sru_y1_dynamic","blocked",3,"valgate","auto-valgate",3,2.5,"full","blocked",20,0.00473644366456306,0.0138656640129593,0.0649050571993333,0.01904258089236,TRUE
"sru_y1_dynamic","blocked",4,"valgate","auto-valgate",3,2.5,"full","blocked",20,0.00325315016005577,0.00519769780748162,0.0144743482413411,0.0136705842548829,TRUE
"sru_y1_dynamic","blocked",5,"valgate","auto-valgate",3,2.5,"full","blocked",20,0.0019834349323974,0.00286546287185384,0.00843102698704735,0.0101839452484934,TRUE
"sru_y1_dynamic","blocked",1,"rinner","auto-valgate",0,2.5,"full","random",20,0.00171502775013162,0.00414637649310952,0.0152632760951694,0.00999786615819526,TRUE
"sru_y1_dynamic","blocked",2,"rinner","auto-valgate",0,2.5,"full","random",20,0.000589451998162377,0.00125633190245006,0.00436199968575342,0.003515134697842,TRUE
"sru_y1_dynamic","blocked",3,"rinner","auto-valgate",0,2.5,"full","random",20,0.00335881061579134,0.00591832479057451,0.0230442155038158,0.0172070233251666,TRUE
"sru_y1_dynamic","blocked",4,"rinner","auto-valgate",0,2.5,"full","random",20,0.00169028900711236,0.00367333252279286,0.0145331121661714,0.00870156033640246,TRUE
"sru_y1_dynamic","blocked",5,"rinner","auto-valgate",0,2.5,"full","random",20,0.00204188425514676,0.00291370420312991,0.00864872351084936,0.0104369646285601,TRUE
"sru_y1_dynamic","blocked",1,"norobust","auto-valgate",0,2.5,"LSE+WPMM2+WPMM3","blocked",20,0.00171581693637439,0.0050125342375179,0.0227850884253786,0.00997109362298455,TRUE
"sru_y1_dynamic","blocked",2,"norobust","auto-valgate",0,2.5,"LSE+WPMM2+WPMM3","blocked",20,0.000589372786594951,0.00125016421905185,0.00431417291807601,0.00358661713295609,TRUE
"sru_y1_dynamic","blocked",3,"norobust","auto-valgate",0,2.5,"LSE+WPMM2+WPMM3","blocked",20,0.00336316955445029,0.00671906723108913,0.0306746603106319,0.0165540223475068,TRUE
"sru_y1_dynamic","blocked",4,"norobust","auto-valgate",0,2.5,"LSE+WPMM2+WPMM3","blocked",20,0.00168704984505932,0.0036661952617873,0.0145501249921939,0.00874657565119222,TRUE
"sru_y1_dynamic","blocked",5,"norobust","auto-valgate",0,2.5,"LSE+WPMM2+WPMM3","blocked",20,0.00199594460947907,0.0029319663338006,0.0089100262659487,0.010111926394618,TRUE
"sru_y1_dynamic","blocked",1,"sigma","WPMM2",0,1.5,"full","blocked",20,0.00172336287364803,0.00452228558757525,0.0178392573708199,0.00996473817312746,TRUE
"sru_y1_dynamic","blocked",2,"sigma","WPMM2",0,1.5,"full","blocked",20,0.00210368697628254,0.00264934013659409,0.00470112185341265,0.00612297710846994,TRUE
"sru_y1_dynamic","blocked",3,"sigma","WPMM2",0,1.5,"full","blocked",20,0.00334608366157009,0.00580433007045239,0.0225974109192141,0.0164738478486293,TRUE
"sru_y1_dynamic","blocked",4,"sigma","WPMM2",0,1.5,"full","blocked",20,0.00165963657787216,0.00368471092534561,0.0156474791254625,0.00881460351104862,TRUE
"sru_y1_dynamic","blocked",5,"sigma","WPMM2",0,1.5,"full","blocked",20,0.00204887261292491,0.0029179430571028,0.00890789476206533,0.0103156655324243,TRUE
"sru_y1_dynamic","blocked",1,"sigma","WPMM3",0,1.5,"full","blocked",20,0.00170955770735944,0.00467227629628427,0.0176416237591939,0.010429417543015,TRUE
"sru_y1_dynamic","blocked",2,"sigma","WPMM3",0,1.5,"full","blocked",20,0.00206514798672837,0.0025956249772444,0.00469340366350276,0.00594696655047965,TRUE
"sru_y1_dynamic","blocked",3,"sigma","WPMM3",0,1.5,"full","blocked",20,0.00332535183359538,0.00589296840994311,0.0226425000281072,0.0166755854241657,TRUE
"sru_y1_dynamic","blocked",4,"sigma","WPMM3",0,1.5,"full","blocked",20,0.00165954016940671,0.00368470902062987,0.0156514822216185,0.00880911085178288,TRUE
"sru_y1_dynamic","blocked",5,"sigma","WPMM3",0,1.5,"full","blocked",20,0.00316826210082249,0.00468037327558361,0.0111637383269465,0.0132605134498001,TRUE
"sru_y1_dynamic","blocked",1,"sigma","auto-valgate",0,1.5,"full","blocked",20,0.00170982968760081,0.00482115749629527,0.018338866176593,0.0103473913984755,TRUE
"sru_y1_dynamic","blocked",2,"sigma","auto-valgate",0,1.5,"full","blocked",20,0.0005901883497927,0.00126478775845116,0.00426890079246439,0.00357878467359609,TRUE
"sru_y1_dynamic","blocked",3,"sigma","auto-valgate",0,1.5,"full","blocked",20,0.00342605662523907,0.0063367007707053,0.0295934496180512,0.0172322689260658,TRUE
"sru_y1_dynamic","blocked",4,"sigma","auto-valgate",0,1.5,"full","blocked",20,0.00335865970274736,0.0053147173524697,0.0152826967885961,0.0137989075167431,TRUE
"sru_y1_dynamic","blocked",5,"sigma","auto-valgate",0,1.5,"full","blocked",20,0.00203571965653971,0.00288370332425812,0.00861117407352595,0.0104475139441561,TRUE
"sru_y1_dynamic","blocked",1,"sigma","WPMM2",0,4,"full","blocked",20,0.00332714709788524,0.00919054788321811,0.0428087611279878,0.014615203089953,TRUE
"sru_y1_dynamic","blocked",2,"sigma","WPMM2",0,4,"full","blocked",20,0.000588498178849492,0.00124652417285585,0.00434651908632446,0.00359202692933795,TRUE
"sru_y1_dynamic","blocked",3,"sigma","WPMM2",0,4,"full","blocked",20,0.00440597214688793,0.0123486806855256,0.0645942387704952,0.0181620862841028,TRUE
"sru_y1_dynamic","blocked",4,"sigma","WPMM2",0,4,"full","blocked",20,0.00170426846749439,0.00371806473978922,0.0168143718928748,0.00877888675354368,TRUE
"sru_y1_dynamic","blocked",5,"sigma","WPMM2",0,4,"full","blocked",20,0.00200067938970719,0.00292166260366268,0.00832624085578956,0.0102597500177066,TRUE
"sru_y1_dynamic","blocked",1,"sigma","WPMM3",0,4,"full","blocked",20,0.00172810309113005,0.00457097797919669,0.0193772371307675,0.00998705846462634,TRUE
"sru_y1_dynamic","blocked",2,"sigma","WPMM3",0,4,"full","blocked",20,0.00210779283719337,0.00262266687075686,0.00470586990760997,0.00565863973837905,TRUE
"sru_y1_dynamic","blocked",3,"sigma","WPMM3",0,4,"full","blocked",20,0.00341684726604095,0.0061284047367053,0.0260505974427872,0.016961242947246,TRUE
"sru_y1_dynamic","blocked",4,"sigma","WPMM3",0,4,"full","blocked",20,0.00166120125605573,0.00363203073038344,0.0147259758441575,0.00881149449466558,TRUE
"sru_y1_dynamic","blocked",5,"sigma","WPMM3",0,4,"full","blocked",20,0.00311372700295387,0.00448992069968324,0.010649387656381,0.0130145197917522,TRUE
"sru_y1_dynamic","blocked",1,"sigma","auto-valgate",0,4,"full","blocked",20,0.00176459246515582,0.00467931294958984,0.0183346970275561,0.0108355487727037,TRUE
"sru_y1_dynamic","blocked",2,"sigma","auto-valgate",0,4,"full","blocked",20,0.000596657710412773,0.00126019213768458,0.0042823186484359,0.00360297301514208,TRUE
"sru_y1_dynamic","blocked",3,"sigma","auto-valgate",0,4,"full","blocked",20,0.00318288052262092,0.00602622393987099,0.0248958952625563,0.0158859542042993,TRUE
"sru_y1_dynamic","blocked",4,"sigma","auto-valgate",0,4,"full","blocked",20,0.00174404207939463,0.00367065239647631,0.0138836544827649,0.00852415410017154,TRUE
"sru_y1_dynamic","blocked",5,"sigma","auto-valgate",0,4,"full","blocked",20,0.00201891678274521,0.00289639388108986,0.00866300466870614,0.0104037244772289,TRUE
"sru_y1_dynamic","blocked",1,"seeds","auto",1,2.5,"full","blocked",20,0.00433611889358413,0.0398599061279162,0.329590663582917,0.0133764123183573,TRUE
"sru_y1_dynamic","blocked",2,"seeds","auto",1,2.5,"full","blocked",20,0.00273010072706526,0.00328005575416331,0.00502047194260407,0.00612629870017785,TRUE
"sru_y1_dynamic","blocked",3,"seeds","auto",1,2.5,"full","blocked",20,0.00416769467052744,0.00727149006468624,0.0235774995445315,0.0153081069034958,TRUE
"sru_y1_dynamic","blocked",4,"seeds","auto",1,2.5,"full","blocked",20,0.00294296467127333,0.0049050323473946,0.0135311880726729,0.00919602871786501,TRUE
"sru_y1_dynamic","blocked",5,"seeds","auto",1,2.5,"full","blocked",20,0.0040912518881953,0.00578348331752809,0.0113801621932222,0.0122208554780067,TRUE
"sru_y1_dynamic","blocked",1,"seeds","auto",2,2.5,"full","blocked",20,0.00376770036452349,0.0385508394491257,0.391186546089472,0.0151152921247122,TRUE
"sru_y1_dynamic","blocked",2,"seeds","auto",2,2.5,"full","blocked",20,0.00178408840660706,0.00229767279722935,0.00385618353256392,0.00381846353325509,TRUE
"sru_y1_dynamic","blocked",3,"seeds","auto",2,2.5,"full","blocked",20,0.0049973027666553,0.00967006112820082,0.0335257170158289,0.0176902750513778,TRUE
"sru_y1_dynamic","blocked",4,"seeds","auto",2,2.5,"full","blocked",20,0.00311265995337462,0.00475249186681681,0.0122211262127576,0.0124572213289451,TRUE
"sru_y1_dynamic","blocked",5,"seeds","auto",2,2.5,"full","blocked",20,0.00320729785937757,0.00421010402757257,0.0081473365667681,0.00912018834958084,TRUE
"sru_y1_dynamic","blocked",1,"seeds","auto-weak",1,2.5,"full","blocked",20,0.00185945789466318,0.00485956511530335,0.0220898364972198,0.0112176666523538,TRUE
"sru_y1_dynamic","blocked",2,"seeds","auto-weak",1,2.5,"full","blocked",20,0.00209985551646968,0.0026130338224088,0.00469682822574224,0.0055252626894318,TRUE
"sru_y1_dynamic","blocked",3,"seeds","auto-weak",1,2.5,"full","blocked",20,0.00344835086535127,0.00670058117408854,0.0305197053417206,0.0173124416642822,TRUE
"sru_y1_dynamic","blocked",4,"seeds","auto-weak",1,2.5,"full","blocked",20,0.00333459012734432,0.00522921221753166,0.0152267368120913,0.013957691976168,TRUE
"sru_y1_dynamic","blocked",5,"seeds","auto-weak",1,2.5,"full","blocked",20,0.00203493738293032,0.00296665445040019,0.00881773828004918,0.00978761759388434,TRUE
"sru_y1_dynamic","blocked",1,"seeds","auto-weak",2,2.5,"full","blocked",20,0.00319670972450346,0.00602848760663614,0.020138505278275,0.013816570229317,TRUE
"sru_y1_dynamic","blocked",2,"seeds","auto-weak",2,2.5,"full","blocked",20,0.00209061352940934,0.00261313954509681,0.00469275292661,0.00562072254474379,TRUE
"sru_y1_dynamic","blocked",3,"seeds","auto-weak",2,2.5,"full","blocked",20,0.00521403102710333,0.0145713048257945,0.0639587975767022,0.0213008290919928,TRUE
"sru_y1_dynamic","blocked",4,"seeds","auto-weak",2,2.5,"full","blocked",20,0.00168666163953934,0.00369641859700982,0.015321641043127,0.00876403400972845,TRUE
"sru_y1_dynamic","blocked",5,"seeds","auto-weak",2,2.5,"full","blocked",20,0.00317016087733613,0.00469047349911195,0.0109258338101489,0.0131512599770713,TRUE
"sru_y1_dynamic","blocked",1,"seeds","WPMM2",1,2.5,"full","blocked",20,0.00329142169913198,0.00561087599196228,0.0166290635893156,0.0137094355693497,TRUE
"sru_y1_dynamic","blocked",2,"seeds","WPMM2",1,2.5,"full","blocked",20,0.000587392366972172,0.00124144335151905,0.00432726420502505,0.00359280830397133,TRUE
"sru_y1_dynamic","blocked",3,"seeds","WPMM2",1,2.5,"full","blocked",20,0.00345484349815775,0.0062665683314304,0.0259983055182226,0.0167124448750231,TRUE
"sru_y1_dynamic","blocked",4,"seeds","WPMM2",1,2.5,"full","blocked",20,0.00329997373547485,0.00528342960690665,0.0153493034494464,0.013424508669143,TRUE
"sru_y1_dynamic","blocked",5,"seeds","WPMM2",1,2.5,"full","blocked",20,0.00203274208283337,0.00290465751271096,0.00874251970358178,0.0103841225689628,TRUE
"sru_y1_dynamic","blocked",1,"seeds","WPMM2",2,2.5,"full","blocked",20,0.00176598216524819,0.0055547288412298,0.0257567893530194,0.0105105356237308,TRUE
"sru_y1_dynamic","blocked",2,"seeds","WPMM2",2,2.5,"full","blocked",20,0.00208221692361108,0.00260247478766576,0.0046902122144715,0.00551120554877956,TRUE
"sru_y1_dynamic","blocked",3,"seeds","WPMM2",2,2.5,"full","blocked",20,0.00403886757289016,0.007865566507324,0.0289688910407503,0.0164874334695346,TRUE
"sru_y1_dynamic","blocked",4,"seeds","WPMM2",2,2.5,"full","blocked",20,0.00167667352127145,0.00366484786110455,0.0152819912331813,0.00882564438986424,TRUE
"sru_y1_dynamic","blocked",5,"seeds","WPMM2",2,2.5,"full","blocked",20,0.00204937681628427,0.00293244258025181,0.00895605993080381,0.0103760471932554,TRUE
"sru_y1_dynamic","blocked",1,"seeds","WPMM3",1,2.5,"full","blocked",20,0.00174720269468848,0.00470374377255597,0.0181294282652982,0.0104040753983696,TRUE
"sru_y1_dynamic","blocked",2,"seeds","WPMM3",1,2.5,"full","blocked",20,0.0021045948133472,0.00262084206301987,0.0047168486742063,0.00564897612616489,TRUE
"sru_y1_dynamic","blocked",3,"seeds","WPMM3",1,2.5,"full","blocked",20,0.00322061710951468,0.0062476273555471,0.0265019921843011,0.0165101821830755,TRUE
"sru_y1_dynamic","blocked",4,"seeds","WPMM3",1,2.5,"full","blocked",20,0.00169392973820715,0.00362776397769618,0.0136344514101122,0.00897743137937363,TRUE
"sru_y1_dynamic","blocked",5,"seeds","WPMM3",1,2.5,"full","blocked",20,0.00204139923560196,0.00290052134452589,0.00852996316688636,0.0104319184832507,TRUE
"sru_y1_dynamic","blocked",1,"seeds","WPMM3",2,2.5,"full","blocked",20,0.00329369456247576,0.00565273906073052,0.0163666828583103,0.0138387805967947,TRUE
"sru_y1_dynamic","blocked",2,"seeds","WPMM3",2,2.5,"full","blocked",20,0.000588663843178103,0.00124512588407295,0.00431577673727906,0.0035955795569995,TRUE
"sru_y1_dynamic","blocked",3,"seeds","WPMM3",2,2.5,"full","blocked",20,0.0033518461451187,0.00592740971781331,0.0231920692442639,0.0162611460571635,TRUE
"sru_y1_dynamic","blocked",4,"seeds","WPMM3",2,2.5,"full","blocked",20,0.00174255920817574,0.00389374448637366,0.0179064743442578,0.00948393801987628,TRUE
"sru_y1_dynamic","blocked",5,"seeds","WPMM3",2,2.5,"full","blocked",20,0.00204751542926118,0.00293329728136014,0.00896767761602738,0.0104002928527064,TRUE
"sru_y1_dynamic","blocked",1,"seeds","LSE",1,2.5,"full","blocked",20,0.00288448238521134,0.00682973998378791,0.0259011886273786,0.010471713818258,TRUE
"sru_y1_dynamic","blocked",2,"seeds","LSE",1,2.5,"full","blocked",20,0.0028151778783446,0.0031794175189018,0.00501165314441227,0.00645609513909524,TRUE
"sru_y1_dynamic","blocked",3,"seeds","LSE",1,2.5,"full","blocked",20,0.00432284152357508,0.0153481613491569,0.0748875310012116,0.0151478446762553,TRUE
"sru_y1_dynamic","blocked",4,"seeds","LSE",1,2.5,"full","blocked",20,0.00253999495155566,0.00475656490045362,0.0148364616032816,0.00994212612467365,TRUE
"sru_y1_dynamic","blocked",5,"seeds","LSE",1,2.5,"full","blocked",20,0.00279229997211091,0.00386460588492262,0.0076766902240537,0.00778461490538671,TRUE
"sru_y1_dynamic","blocked",1,"seeds","LSE",2,2.5,"full","blocked",20,0.00326862717440781,0.007710860581554,0.0312583612976003,0.0103057748580376,TRUE
"sru_y1_dynamic","blocked",2,"seeds","LSE",2,2.5,"full","blocked",20,0.00247092810553271,0.00293869510143764,0.00496060631950459,0.00643299779814178,TRUE
"sru_y1_dynamic","blocked",3,"seeds","LSE",2,2.5,"full","blocked",20,0.00394554270759113,0.00797269848068329,0.0364538142521849,0.0146590335632395,TRUE
"sru_y1_dynamic","blocked",4,"seeds","LSE",2,2.5,"full","blocked",20,0.00229541952388116,0.00420215063130262,0.013834917197134,0.010084833786691,TRUE
"sru_y1_dynamic","blocked",5,"seeds","LSE",2,2.5,"full","blocked",20,0.00247044250171276,0.0036426589880951,0.00776022764822841,0.00887290697490529,TRUE
"sru_y1_dynamic","blocked",1,"seeds","ridge-LSE",1,2.5,"full","blocked",20,0.00424972426258014,0.00775679157344087,0.0260859913804379,0.0126123533491186,TRUE
"sru_y1_dynamic","blocked",2,"seeds","ridge-LSE",1,2.5,"full","blocked",20,0.00278330087421566,0.00327607435211911,0.00518988262357834,0.00667996256289473,TRUE
"sru_y1_dynamic","blocked",3,"seeds","ridge-LSE",1,2.5,"full","blocked",20,0.00376715403324563,0.0106356420950362,0.0468503339024749,0.0139556548360867,TRUE
"sru_y1_dynamic","blocked",4,"seeds","ridge-LSE",1,2.5,"full","blocked",20,0.00335247783780084,0.00497332845499389,0.0135088598032353,0.0119960120230957,TRUE
"sru_y1_dynamic","blocked",5,"seeds","ridge-LSE",1,2.5,"full","blocked",20,0.0031278227108683,0.00415336621636892,0.00778300788546313,0.00770779249947424,TRUE
"sru_y1_dynamic","blocked",1,"seeds","ridge-LSE",2,2.5,"full","blocked",20,0.00294259346889312,0.00629130881324926,0.0212565681870436,0.00958949438606637,TRUE
"sru_y1_dynamic","blocked",2,"seeds","ridge-LSE",2,2.5,"full","blocked",20,0.00132119180697488,0.00197834166252663,0.00380390989541038,0.00332081368988873,TRUE
"sru_y1_dynamic","blocked",3,"seeds","ridge-LSE",2,2.5,"full","blocked",20,0.00684100489607882,0.0143779933683373,0.0479491691178078,0.0250907534967563,TRUE
"sru_y1_dynamic","blocked",4,"seeds","ridge-LSE",2,2.5,"full","blocked",20,0.00399916410120621,0.00599345793018359,0.0151026618805243,0.0138567413753088,TRUE
"sru_y1_dynamic","blocked",5,"seeds","ridge-LSE",2,2.5,"full","blocked",20,0.00232293060024513,0.00369207373380486,0.00834013540110768,0.00969191302453874,TRUE
"sru_y1_dynamic","blocked",1,"seeds","Huber",1,2.5,"full","blocked",20,0.003322505457745,0.00748949423241289,0.0275041782853512,0.0144228002944258,TRUE
"sru_y1_dynamic","blocked",2,"seeds","Huber",1,2.5,"full","blocked",20,0.000591558228787759,0.0012932160360647,0.00423461473856644,0.00356369468511191,TRUE
"sru_y1_dynamic","blocked",3,"seeds","Huber",1,2.5,"full","blocked",20,0.00426099322433157,0.00817795098817351,0.0291249250569868,0.0152664477150098,TRUE
"sru_y1_dynamic","blocked",4,"seeds","Huber",1,2.5,"full","blocked",20,0.00331111419916629,0.00526731113223242,0.0147851796173463,0.0129813512084195,TRUE
"sru_y1_dynamic","blocked",5,"seeds","Huber",1,2.5,"full","blocked",20,0.00324458594023534,0.0047115877150969,0.0105902740590529,0.0128580828605642,TRUE
"sru_y1_dynamic","blocked",1,"seeds","Huber",2,2.5,"full","blocked",20,0.00327124175079979,0.00686865731065243,0.0228632982913671,0.0135725548631761,TRUE
"sru_y1_dynamic","blocked",2,"seeds","Huber",2,2.5,"full","blocked",20,0.00213955482297539,0.00265543739432009,0.0047593376663965,0.00595597249446008,TRUE
"sru_y1_dynamic","blocked",3,"seeds","Huber",2,2.5,"full","blocked",20,0.00336773880956449,0.00589580228273675,0.0232734059903148,0.0165157842121865,TRUE
"sru_y1_dynamic","blocked",4,"seeds","Huber",2,2.5,"full","blocked",20,0.00365005028618841,0.00547770301627588,0.0143381173652393,0.0125699550009948,TRUE
"sru_y1_dynamic","blocked",5,"seeds","Huber",2,2.5,"full","blocked",20,0.00197822407163402,0.00288061180486016,0.00848601430881189,0.00980149941105776,TRUE
"sru_y1_dynamic","blocked",1,"seeds","L1",1,2.5,"full","blocked",20,0.00175019583982553,0.00444639611620189,0.0175420449872856,0.00998175857760049,TRUE
"sru_y1_dynamic","blocked",2,"seeds","L1",1,2.5,"full","blocked",20,0.00220571195737776,0.00271204594831992,0.00475377444413442,0.00563842471212846,TRUE
"sru_y1_dynamic","blocked",3,"seeds","L1",1,2.5,"full","blocked",20,0.00419834339812399,0.0073869586927426,0.0275545605111636,0.0162138771355553,TRUE
"sru_y1_dynamic","blocked",4,"seeds","L1",1,2.5,"full","blocked",20,0.001713289240035,0.00369143475166358,0.0143883080493212,0.00862553379929434,TRUE
"sru_y1_dynamic","blocked",5,"seeds","L1",1,2.5,"full","blocked",20,0.00202598744571191,0.00287268346323743,0.00847486662018686,0.0104172031424307,TRUE
"sru_y1_dynamic","blocked",1,"seeds","L1",2,2.5,"full","blocked",20,0.0017611352598974,0.00455054532610479,0.018228717937301,0.0103442968618052,TRUE
"sru_y1_dynamic","blocked",2,"seeds","L1",2,2.5,"full","blocked",20,0.00220627683156802,0.00272269686131479,0.00476482040649323,0.00570669337804918,TRUE
"sru_y1_dynamic","blocked",3,"seeds","L1",2,2.5,"full","blocked",20,0.00331755939259935,0.00588918108723323,0.0227469985441759,0.016394566480486,TRUE
"sru_y1_dynamic","blocked",4,"seeds","L1",2,2.5,"full","blocked",20,0.0017067962551127,0.00368409571978236,0.0139651673489325,0.00864695441349247,TRUE
"sru_y1_dynamic","blocked",5,"seeds","L1",2,2.5,"full","blocked",20,0.00203148901074928,0.00288051635723222,0.00852040343479158,0.0104558139725175,TRUE
"sru_y1_dynamic","blocked",1,"gap","auto",0,2.5,"full","blocked",50,0.00265065185773003,0.00543482578235058,0.0166107288315599,0.00999459944759157,TRUE
"sru_y1_dynamic","blocked",2,"gap","auto",0,2.5,"full","blocked",50,0.00148948847305181,0.00207467621654783,0.00382892485449176,0.00340609114544421,TRUE
"sru_y1_dynamic","blocked",3,"gap","auto",0,2.5,"full","blocked",50,0.00435231193031713,0.0139034030145143,0.127832786726989,0.0152605811879522,TRUE
"sru_y1_dynamic","blocked",4,"gap","auto",0,2.5,"full","blocked",50,0.00294573768263178,0.00469777428276692,0.012063624467222,0.0104456590978102,TRUE
"sru_y1_dynamic","blocked",5,"gap","auto",0,2.5,"full","blocked",50,0.00523640874379438,0.00640005792786934,0.0118002233898655,0.0131110132680232,TRUE
"sru_y1_dynamic","blocked",1,"gap","auto-weak",0,2.5,"full","blocked",50,0.00339439521520458,0.00730497546262071,0.0279859646593157,0.0148127328501419,TRUE
"sru_y1_dynamic","blocked",2,"gap","auto-weak",0,2.5,"full","blocked",50,0.000588425484434228,0.00123735825015031,0.00429352304137727,0.00359501474457385,TRUE
"sru_y1_dynamic","blocked",3,"gap","auto-weak",0,2.5,"full","blocked",50,0.00332417967929266,0.00659642480476233,0.0297340253386221,0.016398698322199,TRUE
"sru_y1_dynamic","blocked",4,"gap","auto-weak",0,2.5,"full","blocked",50,0.00165350644821004,0.00367441651060974,0.0149430917335097,0.00881991534864332,TRUE
"sru_y1_dynamic","blocked",5,"gap","auto-weak",0,2.5,"full","blocked",50,0.00314898361738637,0.00434158069682967,0.00971705553957772,0.0130941903839032,TRUE
"sru_y1_dynamic","blocked",1,"gap","WPMM2",0,2.5,"full","blocked",50,0.00344821522753773,0.00931026840101421,0.0515734157156172,0.0147795355436183,TRUE
"sru_y1_dynamic","blocked",2,"gap","WPMM2",0,2.5,"full","blocked",50,0.00207309707995458,0.00261146618096822,0.00467538302819313,0.00575874235590723,TRUE
"sru_y1_dynamic","blocked",3,"gap","WPMM2",0,2.5,"full","blocked",50,0.00414731380376079,0.00775710337107574,0.0276915313417544,0.015747458391679,TRUE
"sru_y1_dynamic","blocked",4,"gap","WPMM2",0,2.5,"full","blocked",50,0.00348036850663479,0.00539417774838795,0.0150674831694714,0.0131609622445185,TRUE
"sru_y1_dynamic","blocked",5,"gap","WPMM2",0,2.5,"full","blocked",50,0.00200945345119682,0.00293898973296637,0.0090058350925259,0.0102574837182189,TRUE
"sru_y1_dynamic","blocked",1,"gap","WPMM3",0,2.5,"full","blocked",50,0.00338109879243662,0.00613174612733889,0.0186647875597844,0.0144351501652691,TRUE
"sru_y1_dynamic","blocked",2,"gap","WPMM3",0,2.5,"full","blocked",50,0.00209136742783492,0.00257940155290316,0.00470016355146134,0.00552334737484445,TRUE
"sru_y1_dynamic","blocked",3,"gap","WPMM3",0,2.5,"full","blocked",50,0.00336280453714715,0.00591186862839882,0.0230915496965067,0.0170889742515886,TRUE
"sru_y1_dynamic","blocked",4,"gap","WPMM3",0,2.5,"full","blocked",50,0.00168018747243815,0.00354403632865814,0.0127761952235501,0.00881375026355077,TRUE
"sru_y1_dynamic","blocked",5,"gap","WPMM3",0,2.5,"full","blocked",50,0.00312841595071424,0.00431944596838037,0.0095629634921518,0.012880066525048,TRUE
"sru_y1_dynamic","blocked",1,"gap","LSE",0,2.5,"full","blocked",50,0.0026331774561463,0.00575164450223472,0.0212592841533666,0.0103044532862772,TRUE
"sru_y1_dynamic","blocked",2,"gap","LSE",0,2.5,"full","blocked",50,0.00173242412190804,0.00235167917483563,0.00403500923754805,0.00392609165456705,TRUE
"sru_y1_dynamic","blocked",3,"gap","LSE",0,2.5,"full","blocked",50,0.00359648389464007,0.00675731269749206,0.025923686658644,0.0152610234049564,TRUE
"sru_y1_dynamic","blocked",4,"gap","LSE",0,2.5,"full","blocked",50,0.00242561794760042,0.00437122071056039,0.0131967796043355,0.0095427704210638,TRUE
"sru_y1_dynamic","blocked",5,"gap","LSE",0,2.5,"full","blocked",50,0.00310246081416754,0.00414394212626412,0.00801089613260039,0.00845453919187766,TRUE
"sru_y1_dynamic","blocked",1,"gap","ridge-LSE",0,2.5,"full","blocked",50,0.00365660818005335,0.0066097237027678,0.0214150595817533,0.013179762459457,TRUE
"sru_y1_dynamic","blocked",2,"gap","ridge-LSE",0,2.5,"full","blocked",50,0.000852323066597923,0.00168150128636571,0.00408637637661261,0.00328701678964603,TRUE
"sru_y1_dynamic","blocked",3,"gap","ridge-LSE",0,2.5,"full","blocked",50,0.00526318245789577,0.00907891615012979,0.028361860763805,0.0156978821121034,TRUE
"sru_y1_dynamic","blocked",4,"gap","ridge-LSE",0,2.5,"full","blocked",50,0.00258453786672746,0.00414957698662288,0.011250000313166,0.00996014647178911,TRUE
"sru_y1_dynamic","blocked",5,"gap","ridge-LSE",0,2.5,"full","blocked",50,0.00351963557952305,0.0045029929408718,0.00860352816651482,0.00988995677203227,TRUE
"sru_y1_dynamic","blocked",1,"gap","Huber",0,2.5,"full","blocked",50,0.00329338778003518,0.00725102821463876,0.0264061110763469,0.0139885841249206,TRUE
"sru_y1_dynamic","blocked",2,"gap","Huber",0,2.5,"full","blocked",50,0.00212148493662069,0.00263599085961125,0.00467983145487199,0.00558986679175021,TRUE
"sru_y1_dynamic","blocked",3,"gap","Huber",0,2.5,"full","blocked",50,0.00386041049794847,0.0163541174218474,0.101459679654037,0.0190082353486501,TRUE
"sru_y1_dynamic","blocked",4,"gap","Huber",0,2.5,"full","blocked",50,0.00175377648451215,0.00370144326045851,0.0136804021016394,0.00839013452926,TRUE
"sru_y1_dynamic","blocked",5,"gap","Huber",0,2.5,"full","blocked",50,0.0031221723288678,0.00446304427848627,0.0105260016023389,0.0126649430432354,TRUE
"sru_y1_dynamic","blocked",1,"gap","L1",0,2.5,"full","blocked",50,0.0018773322865137,0.00500815077730747,0.0210775842292767,0.0106682944884501,TRUE
"sru_y1_dynamic","blocked",2,"gap","L1",0,2.5,"full","blocked",50,0.00228570023457134,0.0028080308162101,0.00481837002593692,0.00595810312233583,TRUE
"sru_y1_dynamic","blocked",3,"gap","L1",0,2.5,"full","blocked",50,0.00441960143215017,0.0080863127811534,0.026939818372925,0.015660263329905,TRUE
"sru_y1_dynamic","blocked",4,"gap","L1",0,2.5,"full","blocked",50,0.00172154879170728,0.00369514543927502,0.014618913433848,0.00860243191303901,TRUE
"sru_y1_dynamic","blocked",5,"gap","L1",0,2.5,"full","blocked",50,0.00318541242102702,0.00440427284993919,0.00945683507359832,0.0129186922422247,TRUE
"sru_y1_dynamic","blocked",1,"gap","auto-valgate",0,2.5,"full","blocked",50,0.00176793193277008,0.0073483006755404,0.0430647344151028,0.010247038166229,TRUE
"sru_y1_dynamic","blocked",2,"gap","auto-valgate",0,2.5,"full","blocked",50,0.00210407442927885,0.00260497010906602,0.00470114765841859,0.00554736510683855,TRUE
"sru_y1_dynamic","blocked",3,"gap","auto-valgate",0,2.5,"full","blocked",50,0.00337320729288547,0.00843347151445185,0.0421156109416867,0.0163328509840051,TRUE
"sru_y1_dynamic","blocked",4,"gap","auto-valgate",0,2.5,"full","blocked",50,0.00176879051862706,0.00370717567303258,0.0149584748581436,0.00855083284386316,TRUE
"sru_y1_dynamic","blocked",5,"gap","auto-valgate",0,2.5,"full","blocked",50,0.00317587244796914,0.004673143382364,0.0111645663988122,0.0131564422178915,TRUE
"sru_y1_dynamic","blocked",1,"gap","auto",0,2.5,"full","blocked",100,0.00245212154698391,0.0197770709640427,0.293623711015905,0.0117964074486047,TRUE
"sru_y1_dynamic","blocked",2,"gap","auto",0,2.5,"full","blocked",100,0.00286992377469304,0.00338383955346782,0.00507314166191504,0.00613426801952977,TRUE
"sru_y1_dynamic","blocked",3,"gap","auto",0,2.5,"full","blocked",100,0.0041893746590001,0.032020917076606,0.213041349994445,0.0148187986434307,TRUE
"sru_y1_dynamic","blocked",4,"gap","auto",0,2.5,"full","blocked",100,0.00317966741009225,0.00479919794451629,0.0124228308604972,0.0125019581335565,TRUE
"sru_y1_dynamic","blocked",5,"gap","auto",0,2.5,"full","blocked",100,0.0035129817386674,0.00513657958145967,0.0117619462889918,0.0126428210297394,TRUE
"sru_y1_dynamic","blocked",1,"gap","auto-weak",0,2.5,"full","blocked",100,0.00170804380474618,0.00477099586597189,0.0194628290389174,0.0102287412966258,TRUE
"sru_y1_dynamic","blocked",2,"gap","auto-weak",0,2.5,"full","blocked",100,0.00207466640552615,0.002603016577187,0.0046799849682466,0.00586867816061719,TRUE
"sru_y1_dynamic","blocked",3,"gap","auto-weak",0,2.5,"full","blocked",100,0.00338207159225968,0.0058773738545376,0.0225754044342228,0.0159547055451649,TRUE
"sru_y1_dynamic","blocked",4,"gap","auto-weak",0,2.5,"full","blocked",100,0.00171343923032467,0.00381858608638419,0.0179377247990757,0.00894889291754107,TRUE
"sru_y1_dynamic","blocked",5,"gap","auto-weak",0,2.5,"full","blocked",100,0.00204868651886133,0.00290405048351657,0.0087437240606769,0.0104285133329156,TRUE
"sru_y1_dynamic","blocked",1,"gap","WPMM2",0,2.5,"full","blocked",100,0.00339160300396566,0.00732711207644477,0.0281607663329194,0.0147048080573844,TRUE
"sru_y1_dynamic","blocked",2,"gap","WPMM2",0,2.5,"full","blocked",100,0.00205335888120987,0.00258475369328758,0.00468359980525982,0.00587920833340361,TRUE
"sru_y1_dynamic","blocked",3,"gap","WPMM2",0,2.5,"full","blocked",100,0.00321628637389647,0.00660483703093737,0.0287083183200769,0.0160030021674304,TRUE
"sru_y1_dynamic","blocked",4,"gap","WPMM2",0,2.5,"full","blocked",100,0.00171091798568436,0.00366416582717962,0.0154046285966333,0.0086956935036421,TRUE
"sru_y1_dynamic","blocked",5,"gap","WPMM2",0,2.5,"full","blocked",100,0.00203727705406016,0.00293880959631168,0.00857294051100878,0.0103371281777149,TRUE
"sru_y1_dynamic","blocked",1,"gap","WPMM3",0,2.5,"full","blocked",100,0.00171282529683562,0.00443549203490295,0.01725592057102,0.0102343279052736,TRUE
"sru_y1_dynamic","blocked",2,"gap","WPMM3",0,2.5,"full","blocked",100,0.00208128660278503,0.0025847028940768,0.00469316148333415,0.00547113111381395,TRUE
"sru_y1_dynamic","blocked",3,"gap","WPMM3",0,2.5,"full","blocked",100,0.00334252859531311,0.00664931562244162,0.0326075678486451,0.0159981553006641,TRUE
"sru_y1_dynamic","blocked",4,"gap","WPMM3",0,2.5,"full","blocked",100,0.00346266244525143,0.00539568605653677,0.0151833558915567,0.0133874048396363,TRUE
"sru_y1_dynamic","blocked",5,"gap","WPMM3",0,2.5,"full","blocked",100,0.00203852734211934,0.00300578761112787,0.00910821721628684,0.00991389189490689,TRUE
"sru_y1_dynamic","blocked",1,"gap","LSE",0,2.5,"full","blocked",100,0.00277818902136988,0.00606647797093774,0.0209730976103673,0.0107733074557139,TRUE
"sru_y1_dynamic","blocked",2,"gap","LSE",0,2.5,"full","blocked",100,0.00163108072789665,0.00219940286487901,0.00382062002833082,0.00347559264407714,TRUE
"sru_y1_dynamic","blocked",3,"gap","LSE",0,2.5,"full","blocked",100,0.00367988754562167,0.00676905912627294,0.0273699999817511,0.014877259105649,TRUE
"sru_y1_dynamic","blocked",4,"gap","LSE",0,2.5,"full","blocked",100,0.00345223058587523,0.0050597422441693,0.0127700629231425,0.0116788071916528,TRUE
"sru_y1_dynamic","blocked",5,"gap","LSE",0,2.5,"full","blocked",100,0.00293788004787569,0.00396477832042153,0.00788656752905757,0.00906743140094147,TRUE
"sru_y1_dynamic","blocked",1,"gap","ridge-LSE",0,2.5,"full","blocked",100,0.00481429954390047,0.038954424929129,0.315122120966762,0.0146315501427854,TRUE
"sru_y1_dynamic","blocked",2,"gap","ridge-LSE",0,2.5,"full","blocked",100,0.00171470200284257,0.00222283572770408,0.00385557439784078,0.00385808346333179,TRUE
"sru_y1_dynamic","blocked",3,"gap","ridge-LSE",0,2.5,"full","blocked",100,0.0047046030952089,0.0105852782527514,0.0404694506760501,0.0174954400503743,TRUE
"sru_y1_dynamic","blocked",4,"gap","ridge-LSE",0,2.5,"full","blocked",100,0.00427784907487881,0.00615982412448343,0.0143993384648439,0.0139350349355289,TRUE
"sru_y1_dynamic","blocked",5,"gap","ridge-LSE",0,2.5,"full","blocked",100,0.00354754154770481,0.00443778783489655,0.00787369803196939,0.0078294330798049,TRUE
"sru_y1_dynamic","blocked",1,"gap","Huber",0,2.5,"full","blocked",100,0.00183982236967127,0.00509199418117508,0.0234658152213564,0.0106811104467065,TRUE
"sru_y1_dynamic","blocked",2,"gap","Huber",0,2.5,"full","blocked",100,0.000635329817592777,0.00134248711982186,0.00408116096248376,0.00356888865324497,TRUE
"sru_y1_dynamic","blocked",3,"gap","Huber",0,2.5,"full","blocked",100,0.00461750433431078,0.00774658342119096,0.0240617901338115,0.0162358886136903,TRUE
"sru_y1_dynamic","blocked",4,"gap","Huber",0,2.5,"full","blocked",100,0.00167840333830021,0.0035525358758705,0.0143681129710479,0.00867416736738662,TRUE
"sru_y1_dynamic","blocked",5,"gap","Huber",0,2.5,"full","blocked",100,0.00199768586577671,0.00288959195603807,0.00853518206095944,0.010209991355894,TRUE
"sru_y1_dynamic","blocked",1,"gap","L1",0,2.5,"full","blocked",100,0.00175987804765487,0.00458403460325748,0.0183948919402877,0.0104111823092787,TRUE
"sru_y1_dynamic","blocked",2,"gap","L1",0,2.5,"full","blocked",100,0.00218658420677132,0.0026790758967988,0.00474488941358357,0.00567188175579181,TRUE
"sru_y1_dynamic","blocked",3,"gap","L1",0,2.5,"full","blocked",100,0.00437336813080808,0.00812776871831119,0.0298215757863857,0.0176561282174228,TRUE
"sru_y1_dynamic","blocked",4,"gap","L1",0,2.5,"full","blocked",100,0.00348073095535628,0.00537255140379418,0.0149265894124357,0.0127446429176582,TRUE
"sru_y1_dynamic","blocked",5,"gap","L1",0,2.5,"full","blocked",100,0.00319542485114541,0.00446801300664355,0.00988418466862113,0.0129019109405097,TRUE
"sru_y1_dynamic","blocked",1,"gap","auto-valgate",0,2.5,"full","blocked",100,0.00348397316979116,0.00678237740344108,0.0216703017117146,0.0153313816828964,TRUE
"sru_y1_dynamic","blocked",2,"gap","auto-valgate",0,2.5,"full","blocked",100,0.00209789567712159,0.00261960464646012,0.00471963693495177,0.00579164970953579,TRUE
"sru_y1_dynamic","blocked",3,"gap","auto-valgate",0,2.5,"full","blocked",100,0.00331044403602254,0.00642981953941093,0.0297755782041332,0.0160245588523277,TRUE
"sru_y1_dynamic","blocked",4,"gap","auto-valgate",0,2.5,"full","blocked",100,0.00175277312174026,0.00373725875175726,0.0144592893142795,0.00865425360618239,TRUE
"sru_y1_dynamic","blocked",5,"gap","auto-valgate",0,2.5,"full","blocked",100,0.00204835563364208,0.00293672748664561,0.00901100225702761,0.0103412733962556,TRUE
"sru_y1_dynamic","blocked",1,"repro","Huber",0,2.5,"full","blocked",20,0.00331597995981041,0.00789675924572653,0.0315051126263855,0.0140248458781349,TRUE
"sru_y1_dynamic","blocked",2,"repro","Huber",0,2.5,"full","blocked",20,0.000588315018781773,0.00128153603361423,0.00427183805060702,0.00355775004983094,TRUE
"sru_y1_dynamic","blocked",1,"repro","WPMM2",0,2.5,"full","blocked",20,0.00172336259631574,0.00452228451633893,0.0178392408645197,0.00996473814901327,TRUE
"sru_y1_dynamic","blocked",2,"repro","WPMM2",0,2.5,"full","blocked",20,0.000590796470714,0.00124800543798937,0.00428312490924079,0.00360078096772467,TRUE
"gas_turbine_co_2015_raw","blocked",1,"valgate","auto-valgate",0,2.5,"full","blocked",20,0.408725268403747,0.475959618415998,0.797139459126738,1.06361242187806,TRUE
"gas_turbine_co_2015_raw","blocked",2,"valgate","auto-valgate",0,2.5,"full","blocked",20,0.564556964914734,0.687468973580866,1.44220337056896,1.33545340684011,TRUE
"gas_turbine_co_2015_raw","blocked",3,"valgate","auto-valgate",0,2.5,"full","blocked",20,0.800391718984375,1.04067113828325,2.88825282732665,2.05991438306902,TRUE
"gas_turbine_co_2015_raw","blocked",4,"valgate","auto-valgate",0,2.5,"full","blocked",20,0.778835721465796,0.854478164603764,1.418242272263,1.87250012658261,TRUE
"gas_turbine_co_2015_raw","blocked",5,"valgate","auto-valgate",0,2.5,"full","blocked",20,0.631581331509084,0.679557679879362,0.858633328726737,1.25095467584144,TRUE
"gas_turbine_co_2015_raw","blocked",1,"valgate","auto-valgate",1,2.5,"full","blocked",20,0.458882533094994,0.935415386938657,4.12905403138005,1.19516312299549,TRUE
"gas_turbine_co_2015_raw","blocked",2,"valgate","auto-valgate",1,2.5,"full","blocked",20,0.566643075948108,0.678303910730918,1.40390230594067,1.36564772311306,TRUE
"gas_turbine_co_2015_raw","blocked",3,"valgate","auto-valgate",1,2.5,"full","blocked",20,0.790275751888822,0.942461703205528,2.14799946004578,2.10144794832067,TRUE
"gas_turbine_co_2015_raw","blocked",4,"valgate","auto-valgate",1,2.5,"full","blocked",20,0.777795227364823,0.89230663332441,2.00018005150487,1.88892794051467,TRUE
"gas_turbine_co_2015_raw","blocked",5,"valgate","auto-valgate",1,2.5,"full","blocked",20,0.656009456714033,0.702939229595251,0.886172683537335,1.3411495430057,TRUE
"gas_turbine_co_2015_raw","blocked",1,"valgate","auto-valgate",2,2.5,"full","blocked",20,0.724030767537786,0.808988313858084,1.25363509578559,1.71822951191943,TRUE
"gas_turbine_co_2015_raw","blocked",2,"valgate","auto-valgate",2,2.5,"full","blocked",20,0.584640333780776,0.696928681282833,1.39075185903555,1.33955795293043,TRUE
"gas_turbine_co_2015_raw","blocked",3,"valgate","auto-valgate",2,2.5,"full","blocked",20,0.836137002321683,1.40162975280451,9.03284351976048,2.15823011906929,TRUE
"gas_turbine_co_2015_raw","blocked",4,"valgate","auto-valgate",2,2.5,"full","blocked",20,0.788901970169342,0.849201623914894,1.30343726107928,1.89933633443597,TRUE
"gas_turbine_co_2015_raw","blocked",5,"valgate","auto-valgate",2,2.5,"full","blocked",20,0.720497968193945,0.750119447877908,0.902618954645476,1.3278326029364,TRUE
"gas_turbine_co_2015_raw","blocked",1,"valgate","auto-valgate",3,2.5,"full","blocked",20,0.449959176180401,0.54429026542425,0.929711261459062,1.23969192693492,TRUE
"gas_turbine_co_2015_raw","blocked",2,"valgate","auto-valgate",3,2.5,"full","blocked",20,0.609480011967338,0.735412493504696,1.5660536740195,1.38066079244131,TRUE
"gas_turbine_co_2015_raw","blocked",3,"valgate","auto-valgate",3,2.5,"full","blocked",20,0.819736497494021,1.13875466608213,4.57680614156865,2.14636983427819,TRUE
"gas_turbine_co_2015_raw","blocked",4,"valgate","auto-valgate",3,2.5,"full","blocked",20,0.772177213300619,0.839402967910932,1.36932986011152,1.84366958842488,TRUE
"gas_turbine_co_2015_raw","blocked",5,"valgate","auto-valgate",3,2.5,"full","blocked",20,0.660150113793038,0.71299288078796,0.906343615162517,1.30196447158733,TRUE
"gas_turbine_co_2015_raw","blocked",1,"rinner","auto-valgate",0,2.5,"full","random",20,0.40526384009422,0.484766836351432,0.95618278749325,0.956170979392271,TRUE
"gas_turbine_co_2015_raw","blocked",2,"rinner","auto-valgate",0,2.5,"full","random",20,0.560381278111949,0.68612510526613,1.48232169626882,1.3361617863933,TRUE
"gas_turbine_co_2015_raw","blocked",3,"rinner","auto-valgate",0,2.5,"full","random",20,0.820140370338487,1.17992127389862,5.29078942624947,2.11491658215071,TRUE
"gas_turbine_co_2015_raw","blocked",4,"rinner","auto-valgate",0,2.5,"full","random",20,0.781640175424945,0.848856948338713,1.36902573297373,1.88844954969821,TRUE
"gas_turbine_co_2015_raw","blocked",5,"rinner","auto-valgate",0,2.5,"full","random",20,0.59136810031245,0.643475394063431,0.824831623881521,1.21796912575668,TRUE
"gas_turbine_co_2015_raw","blocked",1,"norobust","auto-valgate",0,2.5,"LSE+WPMM2+WPMM3","blocked",20,0.408725268403747,0.475959618415998,0.797139459126738,1.06361242187806,TRUE
"gas_turbine_co_2015_raw","blocked",2,"norobust","auto-valgate",0,2.5,"LSE+WPMM2+WPMM3","blocked",20,0.562119064531956,0.688966057487095,1.54552993405677,1.36494179465216,TRUE
"gas_turbine_co_2015_raw","blocked",3,"norobust","auto-valgate",0,2.5,"LSE+WPMM2+WPMM3","blocked",20,0.796470148891282,1.04289444301101,3.08653502877137,2.12816408189868,TRUE
"gas_turbine_co_2015_raw","blocked",4,"norobust","auto-valgate",0,2.5,"LSE+WPMM2+WPMM3","blocked",20,0.785448123489225,0.852230889260255,1.36913150499638,1.8861421755572,TRUE
"gas_turbine_co_2015_raw","blocked",5,"norobust","auto-valgate",0,2.5,"LSE+WPMM2+WPMM3","blocked",20,0.631581331509084,0.679557679879362,0.858633328726737,1.25095467584144,TRUE
"gas_turbine_co_2015_raw","blocked",1,"sigma","WPMM2",0,1.5,"full","blocked",20,0.439425506416381,0.558605076291291,0.994070175866433,1.35537309100486,TRUE
"gas_turbine_co_2015_raw","blocked",2,"sigma","WPMM2",0,1.5,"full","blocked",20,0.607568385919141,0.734665844275611,1.54606562470926,1.43489317268054,TRUE
"gas_turbine_co_2015_raw","blocked",3,"sigma","WPMM2",0,1.5,"full","blocked",20,0.789636846923634,0.968390858695922,2.26556114119475,2.07708258230458,TRUE
"gas_turbine_co_2015_raw","blocked",4,"sigma","WPMM2",0,1.5,"full","blocked",20,0.75796005654874,0.818715492218481,1.24974669668122,1.82753295537412,TRUE
"gas_turbine_co_2015_raw","blocked",5,"sigma","WPMM2",0,1.5,"full","blocked",20,0.730761691274731,0.756795278706398,0.921312861125372,1.38738326710527,TRUE
"gas_turbine_co_2015_raw","blocked",1,"sigma","WPMM3",0,1.5,"full","blocked",20,0.422784630757124,0.488068670658435,0.832636603601486,1.12888586445594,TRUE
"gas_turbine_co_2015_raw","blocked",2,"sigma","WPMM3",0,1.5,"full","blocked",20,0.577154972549922,0.699809669580659,1.53042139725191,1.38419043945305,TRUE
"gas_turbine_co_2015_raw","blocked",3,"sigma","WPMM3",0,1.5,"full","blocked",20,0.890115027765972,1.01194330253842,2.23501528779308,2.32223683670453,TRUE
"gas_turbine_co_2015_raw","blocked",4,"sigma","WPMM3",0,1.5,"full","blocked",20,0.789177615046602,0.858874135161687,1.35912987352449,1.86645626413147,TRUE
"gas_turbine_co_2015_raw","blocked",5,"sigma","WPMM3",0,1.5,"full","blocked",20,0.976377048238373,0.99498185528695,1.09539281323847,1.50417049207322,TRUE
"gas_turbine_co_2015_raw","blocked",1,"sigma","auto-valgate",0,1.5,"full","blocked",20,0.416291171334546,0.479965591447619,0.769766156073203,0.97084849964212,TRUE
"gas_turbine_co_2015_raw","blocked",2,"sigma","auto-valgate",0,1.5,"full","blocked",20,0.570078704675066,0.691955129951641,1.45646872989356,1.35393222575051,TRUE
"gas_turbine_co_2015_raw","blocked",3,"sigma","auto-valgate",0,1.5,"full","blocked",20,0.857125631348933,1.2107996434264,5.26848897260853,2.18215344150191,TRUE
"gas_turbine_co_2015_raw","blocked",4,"sigma","auto-valgate",0,1.5,"full","blocked",20,0.785915834785609,0.850594075381657,1.32020938033409,1.89787903120493,TRUE
"gas_turbine_co_2015_raw","blocked",5,"sigma","auto-valgate",0,1.5,"full","blocked",20,0.599280017421025,0.63121482310894,0.787571761875767,1.18200431812169,TRUE
"gas_turbine_co_2015_raw","blocked",1,"sigma","WPMM2",0,4,"full","blocked",20,0.720850216576877,1.40094011749836,3.55565407358567,2.22763715981875,TRUE
"gas_turbine_co_2015_raw","blocked",2,"sigma","WPMM2",0,4,"full","blocked",20,0.622739661999123,0.749720745367416,1.56590424957986,1.45785701073825,TRUE
"gas_turbine_co_2015_raw","blocked",3,"sigma","WPMM2",0,4,"full","blocked",20,0.791290408124889,1.27335381488847,7.33251211625832,2.10396739197361,TRUE
"gas_turbine_co_2015_raw","blocked",4,"sigma","WPMM2",0,4,"full","blocked",20,0.787613802568342,0.852394185791697,1.33851954995896,1.87487885250639,TRUE
"gas_turbine_co_2015_raw","blocked",5,"sigma","WPMM2",0,4,"full","blocked",20,0.703606083492974,0.73566756625164,0.876382440755412,1.25228866580292,TRUE
"gas_turbine_co_2015_raw","blocked",1,"sigma","WPMM3",0,4,"full","blocked",20,0.526823130083422,0.829130185142583,3.04284724232321,1.32633054088415,TRUE
"gas_turbine_co_2015_raw","blocked",2,"sigma","WPMM3",0,4,"full","blocked",20,0.591519997488765,0.728138116081671,1.59440764875475,1.40342003707024,TRUE
"gas_turbine_co_2015_raw","blocked",3,"sigma","WPMM3",0,4,"full","blocked",20,0.764366865996024,0.894173867285145,2.11609828280458,2.09407239043367,TRUE
"gas_turbine_co_2015_raw","blocked",4,"sigma","WPMM3",0,4,"full","blocked",20,0.787025912854939,0.848022394034917,1.32927829004595,1.84189941020796,TRUE
"gas_turbine_co_2015_raw","blocked",5,"sigma","WPMM3",0,4,"full","blocked",20,0.619516810712176,0.655082234682658,0.802439702188176,1.15535521557344,TRUE
"gas_turbine_co_2015_raw","blocked",1,"sigma","auto-valgate",0,4,"full","blocked",20,0.414458705994642,0.477791663252942,0.801300554130607,1.0162170095932,TRUE
"gas_turbine_co_2015_raw","blocked",2,"sigma","auto-valgate",0,4,"full","blocked",20,0.578700596967068,0.697775512490543,1.4597788672607,1.41559236747504,TRUE
"gas_turbine_co_2015_raw","blocked",3,"sigma","auto-valgate",0,4,"full","blocked",20,0.796260370727588,0.998936692172202,2.53612048339748,2.07395478184422,TRUE
"gas_turbine_co_2015_raw","blocked",4,"sigma","auto-valgate",0,4,"full","blocked",20,0.781669150474802,0.858138684648734,1.43404618817122,1.88512411172282,TRUE
"gas_turbine_co_2015_raw","blocked",5,"sigma","auto-valgate",0,4,"full","blocked",20,0.640290690916793,0.675543169720092,0.817596678110422,1.16971704176217,TRUE
"gas_turbine_co_2015_raw","blocked",1,"seeds","auto",1,2.5,"full","blocked",20,0.38863974500956,0.501781618485813,0.922355245663772,1.0936860935168,TRUE
"gas_turbine_co_2015_raw","blocked",2,"seeds","auto",1,2.5,"full","blocked",20,0.604958181858543,0.724383898742234,1.5272551705273,1.3996232878579,TRUE
"gas_turbine_co_2015_raw","blocked",3,"seeds","auto",1,2.5,"full","blocked",20,0.827728076882108,1.00082001541616,2.42120059852581,2.19740903355397,TRUE
"gas_turbine_co_2015_raw","blocked",4,"seeds","auto",1,2.5,"full","blocked",20,0.799194616036441,0.892179852386325,1.7238855088486,1.8918918515344,TRUE
"gas_turbine_co_2015_raw","blocked",5,"seeds","auto",1,2.5,"full","blocked",20,0.7588140133344,0.849223057984934,1.19334410219788,2.00016723755765,TRUE
"gas_turbine_co_2015_raw","blocked",1,"seeds","auto",2,2.5,"full","blocked",20,0.766677673862261,1.51447521200393,3.76710038078612,2.47495977262363,TRUE
"gas_turbine_co_2015_raw","blocked",2,"seeds","auto",2,2.5,"full","blocked",20,0.558440446367745,0.674169774297546,1.4580822185501,1.43963129201103,TRUE
"gas_turbine_co_2015_raw","blocked",3,"seeds","auto",2,2.5,"full","blocked",20,0.793000208241665,0.969959254252825,2.18330064861623,1.99129887017636,TRUE
"gas_turbine_co_2015_raw","blocked",4,"seeds","auto",2,2.5,"full","blocked",20,0.778787116887908,0.829410698026807,1.2050546558756,1.83822111657858,TRUE
"gas_turbine_co_2015_raw","blocked",5,"seeds","auto",2,2.5,"full","blocked",20,0.6453790420256,0.689199635746857,0.869719581131471,1.29629429830386,TRUE
"gas_turbine_co_2015_raw","blocked",1,"seeds","auto-weak",1,2.5,"full","blocked",20,0.478874055940352,0.584399572464193,1.0186580144542,1.28111692689717,TRUE
"gas_turbine_co_2015_raw","blocked",2,"seeds","auto-weak",1,2.5,"full","blocked",20,0.565876743195907,0.680425226554634,1.34396707949102,1.33899895632788,TRUE
"gas_turbine_co_2015_raw","blocked",3,"seeds","auto-weak",1,2.5,"full","blocked",20,0.759278748742048,0.923992987828623,2.10682881293474,2.10653837832091,TRUE
"gas_turbine_co_2015_raw","blocked",4,"seeds","auto-weak",1,2.5,"full","blocked",20,0.782288494843921,0.850687986402444,1.35051529174496,1.85009006472271,TRUE
"gas_turbine_co_2015_raw","blocked",5,"seeds","auto-weak",1,2.5,"full","blocked",20,0.640639863170179,0.676088649841113,0.822094311321444,1.17243220072909,TRUE
"gas_turbine_co_2015_raw","blocked",1,"seeds","auto-weak",2,2.5,"full","blocked",20,0.548035611382219,0.823789649398276,1.98214036493573,1.55192577836402,TRUE
"gas_turbine_co_2015_raw","blocked",2,"seeds","auto-weak",2,2.5,"full","blocked",20,0.564976608014116,0.692766628931924,1.53104588496729,1.38689315652863,TRUE
"gas_turbine_co_2015_raw","blocked",3,"seeds","auto-weak",2,2.5,"full","blocked",20,0.787357379491614,0.923169126694623,2.06480678809693,2.05013887625734,TRUE
"gas_turbine_co_2015_raw","blocked",4,"seeds","auto-weak",2,2.5,"full","blocked",20,0.761865174860891,0.895057987770843,2.37645033156785,1.83465795139657,TRUE
"gas_turbine_co_2015_raw","blocked",5,"seeds","auto-weak",2,2.5,"full","blocked",20,0.597633331389568,0.638824127570377,0.805168636257905,1.19597304974095,TRUE
"gas_turbine_co_2015_raw","blocked",1,"seeds","WPMM2",1,2.5,"full","blocked",20,0.698480949057185,0.775972795635565,1.12246822963127,1.64581022227108,TRUE
"gas_turbine_co_2015_raw","blocked",2,"seeds","WPMM2",1,2.5,"full","blocked",20,0.572844622626607,0.697333773722816,1.56089005525927,1.37090846202763,TRUE
"gas_turbine_co_2015_raw","blocked",3,"seeds","WPMM2",1,2.5,"full","blocked",20,0.794997215113443,0.979960707285978,2.39486030779632,2.09353555795613,TRUE
"gas_turbine_co_2015_raw","blocked",4,"seeds","WPMM2",1,2.5,"full","blocked",20,0.773345673963949,0.83310616976476,1.26678779295947,1.82637563866937,TRUE
"gas_turbine_co_2015_raw","blocked",5,"seeds","WPMM2",1,2.5,"full","blocked",20,0.691403789594048,0.72675443325459,0.846367296526789,1.19522063010599,TRUE
"gas_turbine_co_2015_raw","blocked",1,"seeds","WPMM2",2,2.5,"full","blocked",20,0.441569872221845,0.50033139608967,0.827875083560054,1.17743570529017,TRUE
"gas_turbine_co_2015_raw","blocked",2,"seeds","WPMM2",2,2.5,"full","blocked",20,0.615603961105056,0.73886475831979,1.53481163113221,1.4067176046603,TRUE
"gas_turbine_co_2015_raw","blocked",3,"seeds","WPMM2",2,2.5,"full","blocked",20,0.80202109957175,0.949491326193769,2.13605372625346,2.13382552936671,TRUE
"gas_turbine_co_2015_raw","blocked",4,"seeds","WPMM2",2,2.5,"full","blocked",20,0.778965255921861,0.826204585688418,1.16861174530247,1.80202435867037,TRUE
"gas_turbine_co_2015_raw","blocked",5,"seeds","WPMM2",2,2.5,"full","blocked",20,0.598084041818015,0.62649103036921,0.768149123782006,1.14560501973122,TRUE
"gas_turbine_co_2015_raw","blocked",1,"seeds","WPMM3",1,2.5,"full","blocked",20,0.70440386145742,0.814076811439185,1.26292832602274,1.60730338815322,TRUE
"gas_turbine_co_2015_raw","blocked",2,"seeds","WPMM3",1,2.5,"full","blocked",20,0.573702213471298,0.698638775823935,1.49871083351364,1.40320212480027,TRUE
"gas_turbine_co_2015_raw","blocked",3,"seeds","WPMM3",1,2.5,"full","blocked",20,0.823769044448932,1.20245511957745,5.45764248562529,2.1380683524061,TRUE
"gas_turbine_co_2015_raw","blocked",4,"seeds","WPMM3",1,2.5,"full","blocked",20,0.767159331641993,0.811510854811651,1.15600780834897,1.78056172746209,TRUE
"gas_turbine_co_2015_raw","blocked",5,"seeds","WPMM3",1,2.5,"full","blocked",20,0.65176801220711,0.691122395187989,0.892434656440018,1.38673437863447,TRUE
"gas_turbine_co_2015_raw","blocked",1,"seeds","WPMM3",2,2.5,"full","blocked",20,0.463641364265893,0.553087095566095,0.883773117252017,1.31046439650682,TRUE
"gas_turbine_co_2015_raw","blocked",2,"seeds","WPMM3",2,2.5,"full","blocked",20,0.56744533872769,0.682477500483096,1.41341008291099,1.32481333032911,TRUE
"gas_turbine_co_2015_raw","blocked",3,"seeds","WPMM3",2,2.5,"full","blocked",20,0.782319177160014,0.946905632926794,2.13573567719344,2.03499065084631,TRUE
"gas_turbine_co_2015_raw","blocked",4,"seeds","WPMM3",2,2.5,"full","blocked",20,0.789598409594967,0.915761044955549,2.11823414620865,1.88524056679017,TRUE
"gas_turbine_co_2015_raw","blocked",5,"seeds","WPMM3",2,2.5,"full","blocked",20,0.672944401940893,0.721223339304733,0.917662954218033,1.35034155746659,TRUE
"gas_turbine_co_2015_raw","blocked",1,"seeds","LSE",1,2.5,"full","blocked",20,0.822757403325479,5.74931148264627,23.5062791908183,2.16628319107689,TRUE
"gas_turbine_co_2015_raw","blocked",2,"seeds","LSE",1,2.5,"full","blocked",20,0.673238829297532,0.794747673179396,1.60113765562955,1.50258850676434,TRUE
"gas_turbine_co_2015_raw","blocked",3,"seeds","LSE",1,2.5,"full","blocked",20,0.850646808286284,1.06041556473242,2.80558424284335,2.20215819623179,TRUE
"gas_turbine_co_2015_raw","blocked",4,"seeds","LSE",1,2.5,"full","blocked",20,0.760706260815432,0.842974499816611,1.3548027596127,1.76432498459574,TRUE
"gas_turbine_co_2015_raw","blocked",5,"seeds","LSE",1,2.5,"full","blocked",20,0.610396195270474,0.668536341913951,0.89805337555819,1.296495824439,TRUE
"gas_turbine_co_2015_raw","blocked",1,"seeds","LSE",2,2.5,"full","blocked",20,0.577783218785084,1.9970523550662,7.33756595162078,1.81424235896721,TRUE
"gas_turbine_co_2015_raw","blocked",2,"seeds","LSE",2,2.5,"full","blocked",20,0.596689015658955,0.719608328884783,1.52729240239871,1.44794446645629,TRUE
"gas_turbine_co_2015_raw","blocked",3,"seeds","LSE",2,2.5,"full","blocked",20,0.805105862550339,1.02825361822796,2.72737917166454,2.12310385692934,TRUE
"gas_turbine_co_2015_raw","blocked",4,"seeds","LSE",2,2.5,"full","blocked",20,0.794172742433526,0.870820726349584,1.52106443137317,1.86608487098898,TRUE
"gas_turbine_co_2015_raw","blocked",5,"seeds","LSE",2,2.5,"full","blocked",20,0.684509586523691,0.728621602895758,0.943532968139169,1.47229911277037,TRUE
"gas_turbine_co_2015_raw","blocked",1,"seeds","ridge-LSE",1,2.5,"full","blocked",20,0.600643936177516,5.69744722343874,24.4857125327284,2.36198975447376,TRUE
"gas_turbine_co_2015_raw","blocked",2,"seeds","ridge-LSE",1,2.5,"full","blocked",20,0.629174538908537,0.755364013612186,1.59003858198831,1.4292638151437,TRUE
"gas_turbine_co_2015_raw","blocked",3,"seeds","ridge-LSE",1,2.5,"full","blocked",20,0.828844672815435,0.966828835683345,2.16106662645524,2.15268284957504,TRUE
"gas_turbine_co_2015_raw","blocked",4,"seeds","ridge-LSE",1,2.5,"full","blocked",20,0.786547701804206,0.886058533232384,1.68224829898058,1.89467004432556,TRUE
"gas_turbine_co_2015_raw","blocked",5,"seeds","ridge-LSE",1,2.5,"full","blocked",20,0.674548449968098,0.739434534976775,0.98878657318413,1.36272833667081,TRUE
"gas_turbine_co_2015_raw","blocked",1,"seeds","ridge-LSE",2,2.5,"full","blocked",20,0.655770886746247,0.725951858771372,1.05768544708767,1.56167290813036,TRUE
"gas_turbine_co_2015_raw","blocked",2,"seeds","ridge-LSE",2,2.5,"full","blocked",20,0.679528507644258,0.799600351747494,1.57665642115584,1.44762904418324,TRUE
"gas_turbine_co_2015_raw","blocked",3,"seeds","ridge-LSE",2,2.5,"full","blocked",20,0.76475273660621,0.980344365090811,2.41879051426352,1.98115784092202,TRUE
"gas_turbine_co_2015_raw","blocked",4,"seeds","ridge-LSE",2,2.5,"full","blocked",20,0.815616427418691,0.933794792308686,2.05328299198845,1.83984247984323,TRUE
"gas_turbine_co_2015_raw","blocked",5,"seeds","ridge-LSE",2,2.5,"full","blocked",20,0.698279945416231,0.784061129879693,1.0597973457131,1.51989388223298,TRUE
"gas_turbine_co_2015_raw","blocked",1,"seeds","Huber",1,2.5,"full","blocked",20,0.809765024677289,1.44910926877577,4.09671037938744,2.09446345378428,TRUE
"gas_turbine_co_2015_raw","blocked",2,"seeds","Huber",1,2.5,"full","blocked",20,0.567121131930267,0.679628905866149,1.39787479424281,1.35418884871549,TRUE
"gas_turbine_co_2015_raw","blocked",3,"seeds","Huber",1,2.5,"full","blocked",20,0.808067011649444,1.0055574805122,2.69221462989312,2.15195981187063,TRUE
"gas_turbine_co_2015_raw","blocked",4,"seeds","Huber",1,2.5,"full","blocked",20,0.775901922323863,0.901964419501063,2.34680018419356,1.81132781741887,TRUE
"gas_turbine_co_2015_raw","blocked",5,"seeds","Huber",1,2.5,"full","blocked",20,0.698771981825971,0.818303796085131,1.17975513951329,1.58050937974261,TRUE
"gas_turbine_co_2015_raw","blocked",1,"seeds","Huber",2,2.5,"full","blocked",20,0.487235492456192,1.12210258085785,3.49763279005982,1.58342343660209,TRUE
"gas_turbine_co_2015_raw","blocked",2,"seeds","Huber",2,2.5,"full","blocked",20,0.586309217072228,0.688768730988214,1.36876903598704,1.36520371943653,TRUE
"gas_turbine_co_2015_raw","blocked",3,"seeds","Huber",2,2.5,"full","blocked",20,0.797995083343675,1.11779460318927,4.61745566079454,2.10649880260112,TRUE
"gas_turbine_co_2015_raw","blocked",4,"seeds","Huber",2,2.5,"full","blocked",20,0.794466426047168,0.864540065953057,1.41774667739055,1.88521876985528,TRUE
"gas_turbine_co_2015_raw","blocked",5,"seeds","Huber",2,2.5,"full","blocked",20,0.560502551229386,0.593580402858257,0.752222761618418,1.13207616954016,TRUE
"gas_turbine_co_2015_raw","blocked",1,"seeds","L1",1,2.5,"full","blocked",20,0.44436073030101,0.583046491193039,1.07478182477875,1.2814584117328,TRUE
"gas_turbine_co_2015_raw","blocked",2,"seeds","L1",1,2.5,"full","blocked",20,0.563202941677759,0.670804793415123,1.36505855060283,1.37472778420145,TRUE
"gas_turbine_co_2015_raw","blocked",3,"seeds","L1",1,2.5,"full","blocked",20,0.812359658622565,1.23562586994747,6.64262558231625,2.08974569525428,TRUE
"gas_turbine_co_2015_raw","blocked",4,"seeds","L1",1,2.5,"full","blocked",20,0.764926039675188,0.870866942051088,1.90400033868046,1.82529131824807,TRUE
"gas_turbine_co_2015_raw","blocked",5,"seeds","L1",1,2.5,"full","blocked",20,0.625621066731312,0.671481038207156,0.861596962176122,1.24075071888172,TRUE
"gas_turbine_co_2015_raw","blocked",1,"seeds","L1",2,2.5,"full","blocked",20,0.525292565536789,0.773097161975324,1.51387677081216,1.43690890049733,TRUE
"gas_turbine_co_2015_raw","blocked",2,"seeds","L1",2,2.5,"full","blocked",20,0.582102502594351,0.701410449756109,1.54556830822044,1.38988240249515,TRUE
"gas_turbine_co_2015_raw","blocked",3,"seeds","L1",2,2.5,"full","blocked",20,0.801212365827693,0.946595970933426,2.15937414936802,2.12490335261514,TRUE
"gas_turbine_co_2015_raw","blocked",4,"seeds","L1",2,2.5,"full","blocked",20,0.780612195637301,0.851344711555101,1.37570658967547,1.84762155257476,TRUE
"gas_turbine_co_2015_raw","blocked",5,"seeds","L1",2,2.5,"full","blocked",20,0.645808376471346,0.671897737625576,0.85491752221911,1.30911265427921,TRUE
"gas_turbine_co_2015_raw","blocked",1,"gap","auto",0,2.5,"full","blocked",50,0.677807445095416,0.773069688178961,1.19846238808009,1.68542516320988,TRUE
"gas_turbine_co_2015_raw","blocked",2,"gap","auto",0,2.5,"full","blocked",50,0.644261873907798,0.766326306382105,1.55144775910861,1.42783636347986,TRUE
"gas_turbine_co_2015_raw","blocked",3,"gap","auto",0,2.5,"full","blocked",50,0.852785346440725,0.979819869625208,2.14235731728592,2.17126372075444,TRUE
"gas_turbine_co_2015_raw","blocked",4,"gap","auto",0,2.5,"full","blocked",50,0.770064090256187,0.835222478510979,1.3126576139198,1.79226604175592,TRUE
"gas_turbine_co_2015_raw","blocked",5,"gap","auto",0,2.5,"full","blocked",50,0.629116746150554,0.675357537054475,0.859220702197757,1.25154107298369,TRUE
"gas_turbine_co_2015_raw","blocked",1,"gap","auto-weak",0,2.5,"full","blocked",50,0.474848404534376,0.652657801221528,1.57739054476329,1.2153411370763,TRUE
"gas_turbine_co_2015_raw","blocked",2,"gap","auto-weak",0,2.5,"full","blocked",50,0.610651291143772,0.740260290930567,1.55692338636687,1.37637708831017,TRUE
"gas_turbine_co_2015_raw","blocked",3,"gap","auto-weak",0,2.5,"full","blocked",50,0.826671091209344,1.03684915124521,2.31252539861506,2.01880915436128,TRUE
"gas_turbine_co_2015_raw","blocked",4,"gap","auto-weak",0,2.5,"full","blocked",50,0.791043517802842,0.863770290666144,1.39807669878628,1.87985260219871,TRUE
"gas_turbine_co_2015_raw","blocked",5,"gap","auto-weak",0,2.5,"full","blocked",50,0.605604820267508,0.634773281480352,0.786304717630756,1.15325363384517,TRUE
"gas_turbine_co_2015_raw","blocked",1,"gap","WPMM2",0,2.5,"full","blocked",50,0.456697097681508,0.760409584472502,2.71879945422227,1.12151068866783,TRUE
"gas_turbine_co_2015_raw","blocked",2,"gap","WPMM2",0,2.5,"full","blocked",50,0.630382254846291,0.754090794011515,1.53150284944084,1.40524057446354,TRUE
"gas_turbine_co_2015_raw","blocked",3,"gap","WPMM2",0,2.5,"full","blocked",50,0.763522579961451,0.950826043474393,2.28802693781794,2.06908374824425,TRUE
"gas_turbine_co_2015_raw","blocked",4,"gap","WPMM2",0,2.5,"full","blocked",50,0.785040438096766,0.856830405911416,1.38999606355515,1.86785616454694,TRUE
"gas_turbine_co_2015_raw","blocked",5,"gap","WPMM2",0,2.5,"full","blocked",50,0.71466503863186,0.74613582635073,0.863479399449835,1.2131672354475,TRUE
"gas_turbine_co_2015_raw","blocked",1,"gap","WPMM3",0,2.5,"full","blocked",50,0.46317454390087,0.607013245970903,1.12145239706599,1.41384483259912,TRUE
"gas_turbine_co_2015_raw","blocked",2,"gap","WPMM3",0,2.5,"full","blocked",50,0.576942732941659,0.682977712618774,1.32891911472442,1.36046007804592,TRUE
"gas_turbine_co_2015_raw","blocked",3,"gap","WPMM3",0,2.5,"full","blocked",50,0.755222908449496,0.892628867930439,2.06212671836311,2.05163224012922,TRUE
"gas_turbine_co_2015_raw","blocked",4,"gap","WPMM3",0,2.5,"full","blocked",50,0.786011672261356,0.862507140590577,1.44483832702992,1.88213873997845,TRUE
"gas_turbine_co_2015_raw","blocked",5,"gap","WPMM3",0,2.5,"full","blocked",50,0.628298091926005,0.664686231265067,0.816549768044991,1.18594573685495,TRUE
"gas_turbine_co_2015_raw","blocked",1,"gap","LSE",0,2.5,"full","blocked",50,0.707971088761992,0.763049203127088,1.0588654924074,1.65206103511308,TRUE
"gas_turbine_co_2015_raw","blocked",2,"gap","LSE",0,2.5,"full","blocked",50,0.599871540324002,0.725986717245881,1.42006293264593,1.3199266894565,TRUE
"gas_turbine_co_2015_raw","blocked",3,"gap","LSE",0,2.5,"full","blocked",50,0.846751611717625,1.06577727711711,2.75179588473484,2.16710266500891,TRUE
"gas_turbine_co_2015_raw","blocked",4,"gap","LSE",0,2.5,"full","blocked",50,0.794345721632206,1.01207273880709,2.91674133969935,1.81690207968621,TRUE
"gas_turbine_co_2015_raw","blocked",5,"gap","LSE",0,2.5,"full","blocked",50,0.722753440413084,0.79786737095612,1.02312825397137,1.33280126870876,TRUE
"gas_turbine_co_2015_raw","blocked",1,"gap","ridge-LSE",0,2.5,"full","blocked",50,0.58295969338522,0.661054174189381,0.998042807770375,1.44392614188477,TRUE
"gas_turbine_co_2015_raw","blocked",2,"gap","ridge-LSE",0,2.5,"full","blocked",50,0.567008606533748,0.686401452769429,1.42892611571857,1.28966717983741,TRUE
"gas_turbine_co_2015_raw","blocked",3,"gap","ridge-LSE",0,2.5,"full","blocked",50,0.775008991614131,0.925870423817729,2.09081301777335,2.04482533957609,TRUE
"gas_turbine_co_2015_raw","blocked",4,"gap","ridge-LSE",0,2.5,"full","blocked",50,0.77661154467024,1.01847243975946,4.21630111277847,1.85104413581459,TRUE
"gas_turbine_co_2015_raw","blocked",5,"gap","ridge-LSE",0,2.5,"full","blocked",50,0.843026939450951,0.87662545697363,1.00191107364765,1.397650648569,TRUE
"gas_turbine_co_2015_raw","blocked",1,"gap","Huber",0,2.5,"full","blocked",50,0.413941175779489,0.464816954403629,0.771662170771788,1.08531076353503,TRUE
"gas_turbine_co_2015_raw","blocked",2,"gap","Huber",0,2.5,"full","blocked",50,0.58530646734152,0.708113721664441,1.4978017518359,1.38556707211631,TRUE
"gas_turbine_co_2015_raw","blocked",3,"gap","Huber",0,2.5,"full","blocked",50,0.830931740170543,0.960877524545926,2.13891804281937,2.12504324585825,TRUE
"gas_turbine_co_2015_raw","blocked",4,"gap","Huber",0,2.5,"full","blocked",50,0.790003721602744,0.888837725967612,1.6662102278203,1.8912674018727,TRUE
"gas_turbine_co_2015_raw","blocked",5,"gap","Huber",0,2.5,"full","blocked",50,0.685657442547277,0.712077569867083,0.84869475733223,1.24165417622931,TRUE
"gas_turbine_co_2015_raw","blocked",1,"gap","L1",0,2.5,"full","blocked",50,0.529190692111788,0.68091807563813,1.19092186624027,1.5193112506986,TRUE
"gas_turbine_co_2015_raw","blocked",2,"gap","L1",0,2.5,"full","blocked",50,0.574609373201423,0.684601237984776,1.38601561536927,1.43846362435347,TRUE
"gas_turbine_co_2015_raw","blocked",3,"gap","L1",0,2.5,"full","blocked",50,0.819877266859793,1.09616059135616,4.0612099703125,2.10319091300322,TRUE
"gas_turbine_co_2015_raw","blocked",4,"gap","L1",0,2.5,"full","blocked",50,0.786060863278009,1.06762680282383,5.02408066231257,1.86069744972891,TRUE
"gas_turbine_co_2015_raw","blocked",5,"gap","L1",0,2.5,"full","blocked",50,0.737917651007503,0.842012986997933,1.12688270850771,1.51252685975829,TRUE
"gas_turbine_co_2015_raw","blocked",1,"gap","auto-valgate",0,2.5,"full","blocked",50,0.469745097444213,0.554384158541118,0.939500514488272,1.41141393911822,TRUE
"gas_turbine_co_2015_raw","blocked",2,"gap","auto-valgate",0,2.5,"full","blocked",50,0.574748793975727,0.657653673738585,1.26496102499782,1.52421990003843,TRUE
"gas_turbine_co_2015_raw","blocked",3,"gap","auto-valgate",0,2.5,"full","blocked",50,0.812473373615897,1.09630082256955,3.90614570894214,2.08698923922868,TRUE
"gas_turbine_co_2015_raw","blocked",4,"gap","auto-valgate",0,2.5,"full","blocked",50,0.79134454772432,0.862614344375683,1.41083598872177,1.88767833744224,TRUE
"gas_turbine_co_2015_raw","blocked",5,"gap","auto-valgate",0,2.5,"full","blocked",50,0.601275487817527,0.654070495398327,0.839537558439228,1.21483060149736,TRUE
"gas_turbine_co_2015_raw","blocked",1,"gap","auto",0,2.5,"full","blocked",100,0.620555310989823,0.7419105008073,1.1854103043556,1.54955243083776,TRUE
"gas_turbine_co_2015_raw","blocked",2,"gap","auto",0,2.5,"full","blocked",100,0.665508064839482,0.777218426119267,1.56338119179504,1.46628253243742,TRUE
"gas_turbine_co_2015_raw","blocked",3,"gap","auto",0,2.5,"full","blocked",100,0.903323261688085,1.19143083395523,4.26192209562824,2.35669194382333,TRUE
"gas_turbine_co_2015_raw","blocked",4,"gap","auto",0,2.5,"full","blocked",100,0.767847276725067,0.838223395331477,1.32189213900081,1.78024087643395,TRUE
"gas_turbine_co_2015_raw","blocked",5,"gap","auto",0,2.5,"full","blocked",100,0.729327998660441,0.78623934048991,1.00591860217706,1.41107703779735,TRUE
"gas_turbine_co_2015_raw","blocked",1,"gap","auto-weak",0,2.5,"full","blocked",100,0.49638558391016,1.10363820836692,3.30340857856456,1.58619049220863,TRUE
"gas_turbine_co_2015_raw","blocked",2,"gap","auto-weak",0,2.5,"full","blocked",100,0.624382382336991,0.739347523780133,1.55629017265383,1.39697464294323,TRUE
"gas_turbine_co_2015_raw","blocked",3,"gap","auto-weak",0,2.5,"full","blocked",100,0.832380734963935,1.01262934690603,2.18113250187153,1.96711658742275,TRUE
"gas_turbine_co_2015_raw","blocked",4,"gap","auto-weak",0,2.5,"full","blocked",100,0.786431062130011,0.834799861434943,1.23609317862501,1.84100090444897,TRUE
"gas_turbine_co_2015_raw","blocked",5,"gap","auto-weak",0,2.5,"full","blocked",100,0.754004941629574,0.774613182353054,0.904717526793307,1.30140965942996,TRUE
"gas_turbine_co_2015_raw","blocked",1,"gap","WPMM2",0,2.5,"full","blocked",100,0.475761590969856,0.53760468982135,0.859476867549854,1.22642801578645,TRUE
"gas_turbine_co_2015_raw","blocked",2,"gap","WPMM2",0,2.5,"full","blocked",100,0.586097919064925,0.713566592314568,1.53248330253254,1.39640675054969,TRUE
"gas_turbine_co_2015_raw","blocked",3,"gap","WPMM2",0,2.5,"full","blocked",100,0.827540302811741,1.01706105390317,2.16633124870128,1.98805318145749,TRUE
"gas_turbine_co_2015_raw","blocked",4,"gap","WPMM2",0,2.5,"full","blocked",100,0.772578335598394,0.806613801289144,1.09551743024889,1.79542974833879,TRUE
"gas_turbine_co_2015_raw","blocked",5,"gap","WPMM2",0,2.5,"full","blocked",100,0.719903700424718,0.780347769355713,0.98283802359958,1.50924718921964,TRUE
"gas_turbine_co_2015_raw","blocked",1,"gap","WPMM3",0,2.5,"full","blocked",100,0.44754271320152,0.640920068340903,1.67560590716095,1.22489841215244,TRUE
"gas_turbine_co_2015_raw","blocked",2,"gap","WPMM3",0,2.5,"full","blocked",100,0.618275777044906,0.73650342220143,1.40163854626619,1.38662241015594,TRUE
"gas_turbine_co_2015_raw","blocked",3,"gap","WPMM3",0,2.5,"full","blocked",100,0.78822113685546,0.922386068993827,2.08801643644442,2.077708965305,TRUE
"gas_turbine_co_2015_raw","blocked",4,"gap","WPMM3",0,2.5,"full","blocked",100,0.767772141685805,0.834891691660677,1.31532662318902,1.80331946810553,TRUE
"gas_turbine_co_2015_raw","blocked",5,"gap","WPMM3",0,2.5,"full","blocked",100,1.0112757304737,1.02789699756239,1.13333585450241,1.59308909682392,TRUE
"gas_turbine_co_2015_raw","blocked",1,"gap","LSE",0,2.5,"full","blocked",100,0.49438298737643,0.743962595823642,1.66632576785644,1.61437744291705,TRUE
"gas_turbine_co_2015_raw","blocked",2,"gap","LSE",0,2.5,"full","blocked",100,0.598110512919137,0.713626764786587,1.44526838482286,1.38402290436985,TRUE
"gas_turbine_co_2015_raw","blocked",3,"gap","LSE",0,2.5,"full","blocked",100,0.858818569699812,1.25427407190938,6.01210009529724,2.23818678400477,TRUE
"gas_turbine_co_2015_raw","blocked",4,"gap","LSE",0,2.5,"full","blocked",100,0.802343158602945,0.895445521330524,1.59797711715391,1.87750729459153,TRUE
"gas_turbine_co_2015_raw","blocked",5,"gap","LSE",0,2.5,"full","blocked",100,0.757937843738328,0.820419279873121,1.02575497727171,1.46812790096208,TRUE
"gas_turbine_co_2015_raw","blocked",1,"gap","ridge-LSE",0,2.5,"full","blocked",100,1.02535318741873,1.09722681514138,1.46905904601612,2.24792383133379,TRUE
"gas_turbine_co_2015_raw","blocked",2,"gap","ridge-LSE",0,2.5,"full","blocked",100,0.639546034319523,0.74180475047985,1.46318103428817,1.41707672290845,TRUE
"gas_turbine_co_2015_raw","blocked",3,"gap","ridge-LSE",0,2.5,"full","blocked",100,0.824700047316388,1.04199875470875,2.70505908613243,2.12720047003383,TRUE
"gas_turbine_co_2015_raw","blocked",4,"gap","ridge-LSE",0,2.5,"full","blocked",100,0.783459897690551,0.933846880135353,2.3014042083642,1.84792510224281,TRUE
"gas_turbine_co_2015_raw","blocked",5,"gap","ridge-LSE",0,2.5,"full","blocked",100,0.743886985416006,0.807602444221525,1.00547613248714,1.47556617226135,TRUE
"gas_turbine_co_2015_raw","blocked",1,"gap","Huber",0,2.5,"full","blocked",100,0.541892452466666,0.783061528900679,1.51761705206954,1.59650913753348,TRUE
"gas_turbine_co_2015_raw","blocked",2,"gap","Huber",0,2.5,"full","blocked",100,0.679048601414754,0.7774073850955,1.42416083007711,1.48033312516159,TRUE
"gas_turbine_co_2015_raw","blocked",3,"gap","Huber",0,2.5,"full","blocked",100,0.829444226438665,1.1547151684338,4.84193747552717,2.16157430020633,TRUE
"gas_turbine_co_2015_raw","blocked",4,"gap","Huber",0,2.5,"full","blocked",100,0.772762997613852,0.859705471255089,1.57307812971866,1.83686836438154,TRUE
"gas_turbine_co_2015_raw","blocked",5,"gap","Huber",0,2.5,"full","blocked",100,0.756208907605968,0.779556451685622,0.948773381532471,1.43107450974219,TRUE
"gas_turbine_co_2015_raw","blocked",1,"gap","L1",0,2.5,"full","blocked",100,0.434097776650784,0.505775157649296,0.824218850315276,0.982677550240685,TRUE
"gas_turbine_co_2015_raw","blocked",2,"gap","L1",0,2.5,"full","blocked",100,0.594518792063842,0.719642521092346,1.62405445789579,1.39488243465838,TRUE
"gas_turbine_co_2015_raw","blocked",3,"gap","L1",0,2.5,"full","blocked",100,0.83697484280767,1.38295291583666,9.54440299774378,2.18298120383229,TRUE
"gas_turbine_co_2015_raw","blocked",4,"gap","L1",0,2.5,"full","blocked",100,0.762555767836513,0.831010012316435,1.33989660911321,1.8327251447054,TRUE
"gas_turbine_co_2015_raw","blocked",5,"gap","L1",0,2.5,"full","blocked",100,0.851024929970428,0.898777624927647,1.05622992839705,1.51162449522042,TRUE
"gas_turbine_co_2015_raw","blocked",1,"gap","auto-valgate",0,2.5,"full","blocked",100,0.794168469310632,0.852562057318807,1.19392006362828,1.86135841182127,TRUE
"gas_turbine_co_2015_raw","blocked",2,"gap","auto-valgate",0,2.5,"full","blocked",100,0.642890399422445,0.762033170725259,1.51540118275297,1.45710433411122,TRUE
"gas_turbine_co_2015_raw","blocked",3,"gap","auto-valgate",0,2.5,"full","blocked",100,0.809741372133519,0.970615903733247,2.12871756641634,2.06143563496466,TRUE
"gas_turbine_co_2015_raw","blocked",4,"gap","auto-valgate",0,2.5,"full","blocked",100,0.775097864691435,0.841876901179624,1.35924252765126,1.86279345876989,TRUE
"gas_turbine_co_2015_raw","blocked",5,"gap","auto-valgate",0,2.5,"full","blocked",100,0.788339256371805,0.816807029524135,0.933217972792405,1.34488583949979,TRUE
"gas_turbine_co_2015_raw","blocked",1,"repro","Huber",0,2.5,"full","blocked",20,0.681531551269458,0.780164392850121,1.26610766598086,1.60828200556165,TRUE
"gas_turbine_co_2015_raw","blocked",2,"repro","Huber",0,2.5,"full","blocked",20,0.587422719790197,0.71367000228318,1.55113197014578,1.35489870635835,TRUE
"gas_turbine_co_2015_raw","blocked",1,"repro","WPMM2",0,2.5,"full","blocked",20,0.695999893769669,0.899133435905486,1.52165726735126,1.88419981302698,TRUE
"gas_turbine_co_2015_raw","blocked",2,"repro","WPMM2",0,2.5,"full","blocked",20,0.582854857485018,0.712061816409913,1.53841815504031,1.37673992127845,TRUE
"gas_turbine_nox_2015_raw","blocked",1,"valgate","auto-valgate",0,2.5,"full","blocked",20,3.29705206556221,4.35246785721728,7.73227131750685,9.03143859921986,TRUE
"gas_turbine_nox_2015_raw","blocked",2,"valgate","auto-valgate",0,2.5,"full","blocked",20,2.4252672297342,2.89876393533844,4.69198542736768,6.06684549238136,TRUE
"gas_turbine_nox_2015_raw","blocked",3,"valgate","auto-valgate",0,2.5,"full","blocked",20,3.86629150295656,4.54196667793397,7.07639752966101,9.0574303313082,TRUE
"gas_turbine_nox_2015_raw","blocked",4,"valgate","auto-valgate",0,2.5,"full","blocked",20,2.8881233349643,3.16802032552688,4.59467019320463,6.16567548456459,TRUE
"gas_turbine_nox_2015_raw","blocked",5,"valgate","auto-valgate",0,2.5,"full","blocked",20,5.29518578026295,5.3614468318707,6.31923584085537,9.23660429069495,TRUE
"gas_turbine_nox_2015_raw","blocked",1,"valgate","auto-valgate",1,2.5,"full","blocked",20,4.35462310648114,9.22695721197077,24.8206923396267,13.3527766247819,TRUE
"gas_turbine_nox_2015_raw","blocked",2,"valgate","auto-valgate",1,2.5,"full","blocked",20,2.83491857858266,3.41049417910251,5.46983530764546,6.82861317394622,TRUE
"gas_turbine_nox_2015_raw","blocked",3,"valgate","auto-valgate",1,2.5,"full","blocked",20,3.77689381471481,4.43913121734111,6.96853275941269,9.0287075533333,TRUE
"gas_turbine_nox_2015_raw","blocked",4,"valgate","auto-valgate",1,2.5,"full","blocked",20,3.03524277966553,3.17119452070092,4.23530370279387,6.83271580329537,TRUE
"gas_turbine_nox_2015_raw","blocked",5,"valgate","auto-valgate",1,2.5,"full","blocked",20,5.14213720109628,5.23164930119638,6.19988488750422,9.07667954745818,TRUE
"gas_turbine_nox_2015_raw","blocked",1,"valgate","auto-valgate",2,2.5,"full","blocked",20,6.4087167396185,11.0042322852212,25.6951389402011,20.4620158924976,TRUE
"gas_turbine_nox_2015_raw","blocked",2,"valgate","auto-valgate",2,2.5,"full","blocked",20,2.77047522925387,3.18550661369287,5.62055303259871,7.03745113100411,TRUE
"gas_turbine_nox_2015_raw","blocked",3,"valgate","auto-valgate",2,2.5,"full","blocked",20,3.68929820142505,4.21243107062054,6.42538259492116,8.38680245696447,TRUE
"gas_turbine_nox_2015_raw","blocked",4,"valgate","auto-valgate",2,2.5,"full","blocked",20,2.93366962522449,3.22672908361806,4.64369768147209,6.2456532898483,TRUE
"gas_turbine_nox_2015_raw","blocked",5,"valgate","auto-valgate",2,2.5,"full","blocked",20,5.59025554980531,5.7608641328543,6.76416445027573,9.47105412832158,TRUE
"gas_turbine_nox_2015_raw","blocked",1,"valgate","auto-valgate",3,2.5,"full","blocked",20,3.85027786657709,4.69797714684575,7.85671637495813,9.85734348047423,TRUE
"gas_turbine_nox_2015_raw","blocked",2,"valgate","auto-valgate",3,2.5,"full","blocked",20,2.63708562663673,3.0522703869815,5.21180937962366,6.35021753768151,TRUE
"gas_turbine_nox_2015_raw","blocked",3,"valgate","auto-valgate",3,2.5,"full","blocked",20,3.69496658079008,4.36223849132023,6.75897594685816,8.52582360806835,TRUE
"gas_turbine_nox_2015_raw","blocked",4,"valgate","auto-valgate",3,2.5,"full","blocked",20,2.92832002452848,3.1907630784121,4.57694696053136,6.30469118265554,TRUE
"gas_turbine_nox_2015_raw","blocked",5,"valgate","auto-valgate",3,2.5,"full","blocked",20,5.15957308188117,5.20062570947923,6.21067036240889,9.39589301601008,TRUE
"gas_turbine_nox_2015_raw","blocked",1,"rinner","auto-valgate",0,2.5,"full","random",20,3.60981971038728,6.13468294980697,16.1659650992521,11.4129061937076,TRUE
"gas_turbine_nox_2015_raw","blocked",2,"rinner","auto-valgate",0,2.5,"full","random",20,2.70508726679025,3.24416543947216,5.68040177636994,6.12532162510219,TRUE
"gas_turbine_nox_2015_raw","blocked",3,"rinner","auto-valgate",0,2.5,"full","random",20,3.78381838703921,4.73286036202766,7.90795374390781,9.20127065123667,TRUE
"gas_turbine_nox_2015_raw","blocked",4,"rinner","auto-valgate",0,2.5,"full","random",20,3.00616131693074,3.28192077955714,4.70018534029588,6.72357935023715,TRUE
"gas_turbine_nox_2015_raw","blocked",5,"rinner","auto-valgate",0,2.5,"full","random",20,4.89186450637475,5.20068437706487,6.545913890553,8.87576586634254,TRUE
"gas_turbine_nox_2015_raw","blocked",1,"norobust","auto-valgate",0,2.5,"LSE+WPMM2+WPMM3","blocked",20,4.53188922853008,23.4506227608447,92.0461362909552,23.9990400994024,TRUE
"gas_turbine_nox_2015_raw","blocked",2,"norobust","auto-valgate",0,2.5,"LSE+WPMM2+WPMM3","blocked",20,2.60571671690461,3.06151672302648,5.27968170004463,6.22125259412163,TRUE
"gas_turbine_nox_2015_raw","blocked",3,"norobust","auto-valgate",0,2.5,"LSE+WPMM2+WPMM3","blocked",20,3.86751178134412,4.55492439420198,7.09444816309674,9.07303443849454,TRUE
"gas_turbine_nox_2015_raw","blocked",4,"norobust","auto-valgate",0,2.5,"LSE+WPMM2+WPMM3","blocked",20,2.84563123553145,3.13903050595513,4.59330684338202,6.15593006392999,TRUE
"gas_turbine_nox_2015_raw","blocked",5,"norobust","auto-valgate",0,2.5,"LSE+WPMM2+WPMM3","blocked",20,4.72963929577616,4.89991025618207,5.91066078527769,8.48350374667145,TRUE
"gas_turbine_nox_2015_raw","blocked",1,"sigma","WPMM2",0,1.5,"full","blocked",20,3.77841594208376,9.49962002826158,32.0643066760111,11.9377805063484,TRUE
"gas_turbine_nox_2015_raw","blocked",2,"sigma","WPMM2",0,1.5,"full","blocked",20,2.87622341332001,3.23737354371352,5.21262358175183,6.90419303552249,TRUE
"gas_turbine_nox_2015_raw","blocked",3,"sigma","WPMM2",0,1.5,"full","blocked",20,3.72702405411535,4.30953913170811,6.54693064439054,8.49615189507691,TRUE
"gas_turbine_nox_2015_raw","blocked",4,"sigma","WPMM2",0,1.5,"full","blocked",20,2.76192686532468,2.9569711604366,3.96140032438196,5.86092354304575,TRUE
"gas_turbine_nox_2015_raw","blocked",5,"sigma","WPMM2",0,1.5,"full","blocked",20,5.0616640526221,5.15000729342032,6.17805151530587,8.87202735594043,TRUE
"gas_turbine_nox_2015_raw","blocked",1,"sigma","WPMM3",0,1.5,"full","blocked",20,4.26456111790519,8.06437299675477,20.7265959969514,13.2040063949506,TRUE
"gas_turbine_nox_2015_raw","blocked",2,"sigma","WPMM3",0,1.5,"full","blocked",20,2.86228715763592,3.441866693018,5.5251390458198,6.69893068189174,TRUE
"gas_turbine_nox_2015_raw","blocked",3,"sigma","WPMM3",0,1.5,"full","blocked",20,3.49964660002101,3.97306602378651,6.20010990797202,7.38424340952743,TRUE
"gas_turbine_nox_2015_raw","blocked",4,"sigma","WPMM3",0,1.5,"full","blocked",20,2.99968955148387,3.24170611880556,4.53997500718032,6.58444080979586,TRUE
"gas_turbine_nox_2015_raw","blocked",5,"sigma","WPMM3",0,1.5,"full","blocked",20,5.41232966622495,5.47584665711154,6.46945989960233,9.19641980623486,TRUE
"gas_turbine_nox_2015_raw","blocked",1,"sigma","auto-valgate",0,1.5,"full","blocked",20,3.95530865001155,9.37250406443835,29.8130777394413,12.0022107298459,TRUE
"gas_turbine_nox_2015_raw","blocked",2,"sigma","auto-valgate",0,1.5,"full","blocked",20,2.67658391438396,3.19554458324843,5.06979559628442,6.46588796782481,TRUE
"gas_turbine_nox_2015_raw","blocked",3,"sigma","auto-valgate",0,1.5,"full","blocked",20,3.76353737031618,4.4975784203592,7.11248976535303,9.09273198801978,TRUE
"gas_turbine_nox_2015_raw","blocked",4,"sigma","auto-valgate",0,1.5,"full","blocked",20,2.8913806658459,3.19309578106077,4.646607023788,6.26867901194987,TRUE
"gas_turbine_nox_2015_raw","blocked",5,"sigma","auto-valgate",0,1.5,"full","blocked",20,5.30198491950106,5.36637783388933,6.32290027293295,9.23385178181435,TRUE
"gas_turbine_nox_2015_raw","blocked",1,"sigma","WPMM2",0,4,"full","blocked",20,3.41936160599955,7.28179101521403,22.3019412408683,10.8191816794151,TRUE
"gas_turbine_nox_2015_raw","blocked",2,"sigma","WPMM2",0,4,"full","blocked",20,2.84996184466108,3.27144649853083,5.01545981419423,6.62518400675062,TRUE
"gas_turbine_nox_2015_raw","blocked",3,"sigma","WPMM2",0,4,"full","blocked",20,3.70134757488396,4.13703306071031,5.96013754113521,7.89534332529053,TRUE
"gas_turbine_nox_2015_raw","blocked",4,"sigma","WPMM2",0,4,"full","blocked",20,2.97612900421782,3.18396859156552,4.28083322965414,6.54294500812227,TRUE
"gas_turbine_nox_2015_raw","blocked",5,"sigma","WPMM2",0,4,"full","blocked",20,4.52181732178914,4.71377221794375,5.77509291582585,8.30928440367277,TRUE
"gas_turbine_nox_2015_raw","blocked",1,"sigma","WPMM3",0,4,"full","blocked",20,4.15893287166371,4.68911699239101,6.92929936358854,10.8768848804066,TRUE
"gas_turbine_nox_2015_raw","blocked",2,"sigma","WPMM3",0,4,"full","blocked",20,2.77492951368197,3.34335358768148,5.3485722862623,6.76325760302428,TRUE
"gas_turbine_nox_2015_raw","blocked",3,"sigma","WPMM3",0,4,"full","blocked",20,3.50945368046556,3.80033514665154,5.32906537621723,7.67971296229456,TRUE
"gas_turbine_nox_2015_raw","blocked",4,"sigma","WPMM3",0,4,"full","blocked",20,3.03003537216719,3.16781773592851,4.21391730458182,6.78422377593063,TRUE
"gas_turbine_nox_2015_raw","blocked",5,"sigma","WPMM3",0,4,"full","blocked",20,5.64676961239389,5.7627358883457,6.79029280048355,9.38895658181704,TRUE
"gas_turbine_nox_2015_raw","blocked",1,"sigma","auto-valgate",0,4,"full","blocked",20,3.76544192682441,4.5425663643734,8.02219632966414,9.82116979373323,TRUE
"gas_turbine_nox_2015_raw","blocked",2,"sigma","auto-valgate",0,4,"full","blocked",20,2.69965351120748,3.14197359848819,5.6115402108456,6.51622631957575,TRUE
"gas_turbine_nox_2015_raw","blocked",3,"sigma","auto-valgate",0,4,"full","blocked",20,3.73656291409003,4.42422013051874,7.00401098250279,8.94307289986148,TRUE
"gas_turbine_nox_2015_raw","blocked",4,"sigma","auto-valgate",0,4,"full","blocked",20,2.99266841206221,3.24834366253657,4.57804979227203,6.58639800863424,TRUE
"gas_turbine_nox_2015_raw","blocked",5,"sigma","auto-valgate",0,4,"full","blocked",20,4.74032370775628,4.88567743004145,5.88250768429683,8.59232048561375,TRUE
"gas_turbine_nox_2015_raw","blocked",1,"seeds","auto",1,2.5,"full","blocked",20,7.98287293375034,10.3077088989198,17.8744323730046,23.1239394433533,TRUE
"gas_turbine_nox_2015_raw","blocked",2,"seeds","auto",1,2.5,"full","blocked",20,2.73734569858403,3.27686734497664,5.17990189343802,6.41427294049648,TRUE
"gas_turbine_nox_2015_raw","blocked",3,"seeds","auto",1,2.5,"full","blocked",20,3.74282336129278,4.02939288264895,5.59286360151477,8.1283003685944,TRUE
"gas_turbine_nox_2015_raw","blocked",4,"seeds","auto",1,2.5,"full","blocked",20,3.05879092926891,3.1698329783612,4.18199441665129,6.83498573406132,TRUE
"gas_turbine_nox_2015_raw","blocked",5,"seeds","auto",1,2.5,"full","blocked",20,5.37632724477588,5.43440084747768,6.37297059803319,9.44147105490788,TRUE
"gas_turbine_nox_2015_raw","blocked",1,"seeds","auto",2,2.5,"full","blocked",20,3.1644400543289,3.83719035872426,6.58886594764121,9.3502072693636,TRUE
"gas_turbine_nox_2015_raw","blocked",2,"seeds","auto",2,2.5,"full","blocked",20,2.85870999383931,3.38600723096846,6.25092512957226,6.91162060036825,TRUE
"gas_turbine_nox_2015_raw","blocked",3,"seeds","auto",2,2.5,"full","blocked",20,3.70399504192682,4.14860030745047,6.0139420365479,8.06041418947681,TRUE
"gas_turbine_nox_2015_raw","blocked",4,"seeds","auto",2,2.5,"full","blocked",20,3.0832451065494,3.19848900670526,4.22815461043753,6.95516938293148,TRUE
"gas_turbine_nox_2015_raw","blocked",5,"seeds","auto",2,2.5,"full","blocked",20,4.85201570516614,4.90158799391043,5.93468848885064,9.28037658058062,TRUE
"gas_turbine_nox_2015_raw","blocked",1,"seeds","auto-weak",1,2.5,"full","blocked",20,4.11402921531025,6.87391750696948,15.0389495848732,11.6428011399877,TRUE
"gas_turbine_nox_2015_raw","blocked",2,"seeds","auto-weak",1,2.5,"full","blocked",20,2.78108782011605,3.05542717936068,4.36267179813782,6.50124107152913,TRUE
"gas_turbine_nox_2015_raw","blocked",3,"seeds","auto-weak",1,2.5,"full","blocked",20,3.69875713801467,4.32869463307837,6.71531270830776,8.62290446512678,TRUE
"gas_turbine_nox_2015_raw","blocked",4,"seeds","auto-weak",1,2.5,"full","blocked",20,2.99427353503385,3.26810841467628,4.64058200569865,6.6317323262581,TRUE
"gas_turbine_nox_2015_raw","blocked",5,"seeds","auto-weak",1,2.5,"full","blocked",20,4.7549701568476,4.91238450439424,5.99922927191394,8.41961609679709,TRUE
"gas_turbine_nox_2015_raw","blocked",1,"seeds","auto-weak",2,2.5,"full","blocked",20,5.04109316429405,6.77910096005862,13.8668049905679,12.5110165159843,TRUE
"gas_turbine_nox_2015_raw","blocked",2,"seeds","auto-weak",2,2.5,"full","blocked",20,2.61709293044937,3.19106678705219,5.11377419674503,6.14451674911485,TRUE
"gas_turbine_nox_2015_raw","blocked",3,"seeds","auto-weak",2,2.5,"full","blocked",20,3.59328841309215,3.85718320900465,5.28392768201604,7.55225421146485,TRUE
"gas_turbine_nox_2015_raw","blocked",4,"seeds","auto-weak",2,2.5,"full","blocked",20,2.94955152384846,3.08411315244167,4.10196508985339,6.43819880448247,TRUE
"gas_turbine_nox_2015_raw","blocked",5,"seeds","auto-weak",2,2.5,"full","blocked",20,4.88791030013051,5.0734750393642,6.14347282537544,8.40275189349409,TRUE
"gas_turbine_nox_2015_raw","blocked",1,"seeds","WPMM2",1,2.5,"full","blocked",20,6.79666183718802,14.4143599321482,41.3549878228787,22.0272059530403,TRUE
"gas_turbine_nox_2015_raw","blocked",2,"seeds","WPMM2",1,2.5,"full","blocked",20,2.99796083332039,3.53355322911414,5.5994689081217,7.04287766353966,TRUE
"gas_turbine_nox_2015_raw","blocked",3,"seeds","WPMM2",1,2.5,"full","blocked",20,3.88569220127517,4.23184271559395,5.95994883606542,8.54886435369909,TRUE
"gas_turbine_nox_2015_raw","blocked",4,"seeds","WPMM2",1,2.5,"full","blocked",20,3.00949610965149,3.21588073616562,4.35330272684783,6.53819378984518,TRUE
"gas_turbine_nox_2015_raw","blocked",5,"seeds","WPMM2",1,2.5,"full","blocked",20,4.84634371709457,5.03168996600333,6.06445091461962,8.45876400225588,TRUE
"gas_turbine_nox_2015_raw","blocked",1,"seeds","WPMM2",2,2.5,"full","blocked",20,3.76413395691065,5.67954517997276,16.3278151356092,12.4527228930476,TRUE
"gas_turbine_nox_2015_raw","blocked",2,"seeds","WPMM2",2,2.5,"full","blocked",20,2.9404762784424,3.39917311386168,5.31235130439616,6.83815883299832,TRUE
"gas_turbine_nox_2015_raw","blocked",3,"seeds","WPMM2",2,2.5,"full","blocked",20,3.73682584133489,4.26996171099468,6.44462265586122,8.59275375844748,TRUE
"gas_turbine_nox_2015_raw","blocked",4,"seeds","WPMM2",2,2.5,"full","blocked",20,2.99588265231655,3.23544766120342,4.50626733886488,6.71670191256834,TRUE
"gas_turbine_nox_2015_raw","blocked",5,"seeds","WPMM2",2,2.5,"full","blocked",20,4.48340172583429,4.7202294953962,5.79587170957311,7.97846251577518,TRUE
"gas_turbine_nox_2015_raw","blocked",1,"seeds","WPMM3",1,2.5,"full","blocked",20,5.51281806489958,12.4327057221866,36.2869198806621,19.6298686049641,TRUE
"gas_turbine_nox_2015_raw","blocked",2,"seeds","WPMM3",1,2.5,"full","blocked",20,2.80127645977559,3.29998886229078,5.58609607737877,6.98988858110135,TRUE
"gas_turbine_nox_2015_raw","blocked",3,"seeds","WPMM3",1,2.5,"full","blocked",20,3.7239399592625,4.22121904515892,6.2171529134544,8.36818891501802,TRUE
"gas_turbine_nox_2015_raw","blocked",4,"seeds","WPMM3",1,2.5,"full","blocked",20,3.1547964240792,3.39884501110799,4.63068321337082,6.88613393760639,TRUE
"gas_turbine_nox_2015_raw","blocked",5,"seeds","WPMM3",1,2.5,"full","blocked",20,4.91328184723026,4.8945084753147,5.85294040212155,9.18033832794791,TRUE
"gas_turbine_nox_2015_raw","blocked",1,"seeds","WPMM3",2,2.5,"full","blocked",20,3.82763232481783,7.5572186020825,19.8652523510262,11.9472673187686,TRUE
"gas_turbine_nox_2015_raw","blocked",2,"seeds","WPMM3",2,2.5,"full","blocked",20,2.68910607122173,3.02078813166455,4.33507309396215,6.0603259347742,TRUE
"gas_turbine_nox_2015_raw","blocked",3,"seeds","WPMM3",2,2.5,"full","blocked",20,3.7372181931535,4.1562010369999,5.98756206222736,8.36129180341188,TRUE
"gas_turbine_nox_2015_raw","blocked",4,"seeds","WPMM3",2,2.5,"full","blocked",20,3.05972064718136,3.27589205231272,4.49528463980306,6.74427828721303,TRUE
"gas_turbine_nox_2015_raw","blocked",5,"seeds","WPMM3",2,2.5,"full","blocked",20,5.08771520487664,5.16918262976825,6.13703443146704,8.82795349813104,TRUE
"gas_turbine_nox_2015_raw","blocked",1,"seeds","LSE",1,2.5,"full","blocked",20,7.40918084804156,7.34700343608661,9.98921760732241,15.7272154615156,TRUE
"gas_turbine_nox_2015_raw","blocked",2,"seeds","LSE",1,2.5,"full","blocked",20,2.92231649033304,3.35115953903658,5.60904409151079,6.90461705232648,TRUE
"gas_turbine_nox_2015_raw","blocked",3,"seeds","LSE",1,2.5,"full","blocked",20,3.82527679528774,4.3311508904226,6.47298661341968,8.87896934331372,TRUE
"gas_turbine_nox_2015_raw","blocked",4,"seeds","LSE",1,2.5,"full","blocked",20,3.41619127086241,3.51316068928083,4.53399904049472,7.3376865268105,TRUE
"gas_turbine_nox_2015_raw","blocked",5,"seeds","LSE",1,2.5,"full","blocked",20,5.14604660870019,5.12006857300676,6.15543990785398,9.80476780254824,TRUE
"gas_turbine_nox_2015_raw","blocked",1,"seeds","LSE",2,2.5,"full","blocked",20,5.24209622509166,14.6269210109192,47.3598525349555,17.0692900276433,TRUE
"gas_turbine_nox_2015_raw","blocked",2,"seeds","LSE",2,2.5,"full","blocked",20,2.88840734377481,3.31296626642961,5.35818351919027,6.9023935521294,TRUE
"gas_turbine_nox_2015_raw","blocked",3,"seeds","LSE",2,2.5,"full","blocked",20,3.76321799544948,4.1057951210243,5.79574410958003,8.12158148245559,TRUE
"gas_turbine_nox_2015_raw","blocked",4,"seeds","LSE",2,2.5,"full","blocked",20,3.32645081886748,3.4241688718577,4.4041195309006,7.07631888506407,TRUE
"gas_turbine_nox_2015_raw","blocked",5,"seeds","LSE",2,2.5,"full","blocked",20,5.8915571447564,5.8308546398521,6.84262000224663,10.5973416595481,TRUE
"gas_turbine_nox_2015_raw","blocked",1,"seeds","ridge-LSE",1,2.5,"full","blocked",20,3.51503400501675,4.31517646509107,7.22183008654285,9.82059960726431,TRUE
"gas_turbine_nox_2015_raw","blocked",2,"seeds","ridge-LSE",1,2.5,"full","blocked",20,2.87045803308573,3.34114367085604,5.67261511850083,6.76935518600674,TRUE
"gas_turbine_nox_2015_raw","blocked",3,"seeds","ridge-LSE",1,2.5,"full","blocked",20,3.77669920070037,4.0557288247097,5.64811066398444,8.35778359767274,TRUE
"gas_turbine_nox_2015_raw","blocked",4,"seeds","ridge-LSE",1,2.5,"full","blocked",20,3.26309589428949,3.34749390678869,4.31214545856824,6.8589770041155,TRUE
"gas_turbine_nox_2015_raw","blocked",5,"seeds","ridge-LSE",1,2.5,"full","blocked",20,5.00075774231012,5.08624416510724,6.03175749804119,9.04184813344412,TRUE
"gas_turbine_nox_2015_raw","blocked",1,"seeds","ridge-LSE",2,2.5,"full","blocked",20,5.83341632406436,6.08392863693481,9.23343291154933,12.2065063108584,TRUE
"gas_turbine_nox_2015_raw","blocked",2,"seeds","ridge-LSE",2,2.5,"full","blocked",20,3.10035247062335,3.49035921004158,5.98729295774323,7.2182801741107,TRUE
"gas_turbine_nox_2015_raw","blocked",3,"seeds","ridge-LSE",2,2.5,"full","blocked",20,3.98292278211765,4.37325625084374,6.29252624577193,9.19726514116108,TRUE
"gas_turbine_nox_2015_raw","blocked",4,"seeds","ridge-LSE",2,2.5,"full","blocked",20,3.29517968910871,3.3747190322442,4.36729534669927,6.86519745176868,TRUE
"gas_turbine_nox_2015_raw","blocked",5,"seeds","ridge-LSE",2,2.5,"full","blocked",20,5.3879427722248,5.35656541762882,6.37640536179619,10.029691648824,TRUE
"gas_turbine_nox_2015_raw","blocked",1,"seeds","Huber",1,2.5,"full","blocked",20,4.8021355021235,14.3372537207185,47.824870291112,17.3016020984374,TRUE
"gas_turbine_nox_2015_raw","blocked",2,"seeds","Huber",1,2.5,"full","blocked",20,2.97952109825369,3.4460050780937,5.28206502011122,7.17404600719236,TRUE
"gas_turbine_nox_2015_raw","blocked",3,"seeds","Huber",1,2.5,"full","blocked",20,3.74361386360309,4.45432195865432,7.20911846214344,8.92630330859331,TRUE
"gas_turbine_nox_2015_raw","blocked",4,"seeds","Huber",1,2.5,"full","blocked",20,3.1242579900564,3.32002802691466,4.5173105349844,6.86156030775707,TRUE
"gas_turbine_nox_2015_raw","blocked",5,"seeds","Huber",1,2.5,"full","blocked",20,5.91826606867544,5.90894835086625,6.86909651097563,10.203011675697,TRUE
"gas_turbine_nox_2015_raw","blocked",1,"seeds","Huber",2,2.5,"full","blocked",20,7.77443130615758,10.526004934664,19.2620902138888,24.9994216257305,TRUE
"gas_turbine_nox_2015_raw","blocked",2,"seeds","Huber",2,2.5,"full","blocked",20,2.77382109666304,3.24768370965726,5.28419741396813,6.61154147190475,TRUE
"gas_turbine_nox_2015_raw","blocked",3,"seeds","Huber",2,2.5,"full","blocked",20,3.75651379718693,4.34212732748066,6.6835827726512,8.47657255959242,TRUE
"gas_turbine_nox_2015_raw","blocked",4,"seeds","Huber",2,2.5,"full","blocked",20,2.9960278649303,3.19049653300465,4.36089730759066,6.47437141577017,TRUE
"gas_turbine_nox_2015_raw","blocked",5,"seeds","Huber",2,2.5,"full","blocked",20,4.98954319879672,5.09594669857478,6.09569797231802,8.9729061994818,TRUE
"gas_turbine_nox_2015_raw","blocked",1,"seeds","L1",1,2.5,"full","blocked",20,5.46257552066583,6.24289013217838,9.70040410826525,12.8801499169234,TRUE
"gas_turbine_nox_2015_raw","blocked",2,"seeds","L1",1,2.5,"full","blocked",20,2.89161343543147,3.4414328923557,5.39969411946889,7.10713986277479,TRUE
"gas_turbine_nox_2015_raw","blocked",3,"seeds","L1",1,2.5,"full","blocked",20,3.82345187583024,4.69450016907946,7.66028459229282,9.18782660591114,TRUE
"gas_turbine_nox_2015_raw","blocked",4,"seeds","L1",1,2.5,"full","blocked",20,3.05980688430971,3.18252547930046,4.211922014076,6.53591932577968,TRUE
"gas_turbine_nox_2015_raw","blocked",5,"seeds","L1",1,2.5,"full","blocked",20,5.20656258994651,5.27793952333473,6.26783390186336,9.19188248737759,TRUE
"gas_turbine_nox_2015_raw","blocked",1,"seeds","L1",2,2.5,"full","blocked",20,7.75827735090716,11.1497863626528,21.2757623883493,24.6631853942308,TRUE
"gas_turbine_nox_2015_raw","blocked",2,"seeds","L1",2,2.5,"full","blocked",20,2.89693981898023,3.19777782081584,4.54533754826398,6.4665922002352,TRUE
"gas_turbine_nox_2015_raw","blocked",3,"seeds","L1",2,2.5,"full","blocked",20,3.80326236863114,4.68567795242829,7.68107084093612,9.13426073258384,TRUE
"gas_turbine_nox_2015_raw","blocked",4,"seeds","L1",2,2.5,"full","blocked",20,3.07157804109115,3.2785924806594,4.58417031282229,6.715576709548,TRUE
"gas_turbine_nox_2015_raw","blocked",5,"seeds","L1",2,2.5,"full","blocked",20,5.89128539283509,5.84400052191401,6.69011044417728,9.93959123614582,TRUE
"gas_turbine_nox_2015_raw","blocked",1,"gap","auto",0,2.5,"full","blocked",50,7.02280998222755,8.91999533266404,14.9046227601222,19.2119776176381,TRUE
"gas_turbine_nox_2015_raw","blocked",2,"gap","auto",0,2.5,"full","blocked",50,2.98738231694859,3.40356202454047,5.57752503817421,6.9897952850311,TRUE
"gas_turbine_nox_2015_raw","blocked",3,"gap","auto",0,2.5,"full","blocked",50,3.63590157276706,4.15194912636481,6.16909679049652,7.91672418221539,TRUE
"gas_turbine_nox_2015_raw","blocked",4,"gap","auto",0,2.5,"full","blocked",50,3.02186949301159,3.24268183537193,4.48483640030746,6.59855525470838,TRUE
"gas_turbine_nox_2015_raw","blocked",5,"gap","auto",0,2.5,"full","blocked",50,5.78535885320871,5.8217457361787,6.75204758638304,9.88422542162816,TRUE
"gas_turbine_nox_2015_raw","blocked",1,"gap","auto-weak",0,2.5,"full","blocked",50,7.09545521271332,11.3650196646222,25.9743219737183,20.1457137231534,TRUE
"gas_turbine_nox_2015_raw","blocked",2,"gap","auto-weak",0,2.5,"full","blocked",50,2.91450062044433,3.48011588426079,5.57087791928129,6.93327983484774,TRUE
"gas_turbine_nox_2015_raw","blocked",3,"gap","auto-weak",0,2.5,"full","blocked",50,3.89220234209238,4.41903058535434,6.63812724102575,8.66061059303658,TRUE
"gas_turbine_nox_2015_raw","blocked",4,"gap","auto-weak",0,2.5,"full","blocked",50,3.23697456985929,3.50410533223788,4.82184348209746,6.93882349213218,TRUE
"gas_turbine_nox_2015_raw","blocked",5,"gap","auto-weak",0,2.5,"full","blocked",50,6.21841490109063,6.16790434948856,7.02627872719561,10.1360642773033,TRUE
"gas_turbine_nox_2015_raw","blocked",1,"gap","WPMM2",0,2.5,"full","blocked",50,6.86401055729578,17.109409118757,55.5114453698828,20.5847622718097,TRUE
"gas_turbine_nox_2015_raw","blocked",2,"gap","WPMM2",0,2.5,"full","blocked",50,2.6120412977636,3.0718803472703,4.90524538853777,6.59107919959624,TRUE
"gas_turbine_nox_2015_raw","blocked",3,"gap","WPMM2",0,2.5,"full","blocked",50,3.69545942350389,4.12421226252418,6.06679290719669,8.58566069736355,TRUE
"gas_turbine_nox_2015_raw","blocked",4,"gap","WPMM2",0,2.5,"full","blocked",50,2.9994179499008,3.2050122930001,4.30819981335461,6.44520173337229,TRUE
"gas_turbine_nox_2015_raw","blocked",5,"gap","WPMM2",0,2.5,"full","blocked",50,4.98082945717088,5.10978231400728,6.13604474600077,8.66540884354434,TRUE
"gas_turbine_nox_2015_raw","blocked",1,"gap","WPMM3",0,2.5,"full","blocked",50,8.45446405909726,13.4470495713715,29.1108937829626,25.3772225271564,TRUE
"gas_turbine_nox_2015_raw","blocked",2,"gap","WPMM3",0,2.5,"full","blocked",50,2.80129392032809,3.36261840605149,5.39630854522116,6.44793541124641,TRUE
"gas_turbine_nox_2015_raw","blocked",3,"gap","WPMM3",0,2.5,"full","blocked",50,3.54733844557353,3.91546181488677,5.6218735206007,7.77049692315078,TRUE
"gas_turbine_nox_2015_raw","blocked",4,"gap","WPMM3",0,2.5,"full","blocked",50,3.0438044145966,3.2960839858924,4.61276248660129,6.570489752319,TRUE
"gas_turbine_nox_2015_raw","blocked",5,"gap","WPMM3",0,2.5,"full","blocked",50,5.77144384069584,5.88819871855488,6.88098905650746,9.55552612098296,TRUE
"gas_turbine_nox_2015_raw","blocked",1,"gap","LSE",0,2.5,"full","blocked",50,3.91742357193085,7.36200952286393,17.7780771660382,12.647996766668,TRUE
"gas_turbine_nox_2015_raw","blocked",2,"gap","LSE",0,2.5,"full","blocked",50,2.78367566977259,3.16407307055131,4.60251050198024,6.47157889472082,TRUE
"gas_turbine_nox_2015_raw","blocked",3,"gap","LSE",0,2.5,"full","blocked",50,3.68330941245823,3.86839351191345,5.2121364379936,7.60599238286869,TRUE
"gas_turbine_nox_2015_raw","blocked",4,"gap","LSE",0,2.5,"full","blocked",50,3.18302914671915,3.28714087492067,4.28633387724088,6.78871811787059,TRUE
"gas_turbine_nox_2015_raw","blocked",5,"gap","LSE",0,2.5,"full","blocked",50,6.29343116092484,6.27061332329325,7.24411424791795,10.8128494013992,TRUE
"gas_turbine_nox_2015_raw","blocked",1,"gap","ridge-LSE",0,2.5,"full","blocked",50,5.83231923448335,6.20757293914907,9.74396175355488,13.133692613202,TRUE
"gas_turbine_nox_2015_raw","blocked",2,"gap","ridge-LSE",0,2.5,"full","blocked",50,2.92940663952379,3.3391721697508,5.7094569460808,7.12089946010925,TRUE
"gas_turbine_nox_2015_raw","blocked",3,"gap","ridge-LSE",0,2.5,"full","blocked",50,3.74565595542647,4.030060817746,5.53669961029795,8.31349305784502,TRUE
"gas_turbine_nox_2015_raw","blocked",4,"gap","ridge-LSE",0,2.5,"full","blocked",50,3.24685671134402,3.36341743043184,4.37624458882095,6.91730557956634,TRUE
"gas_turbine_nox_2015_raw","blocked",5,"gap","ridge-LSE",0,2.5,"full","blocked",50,6.25789999336536,6.20337157552016,7.20252585367423,11.0178884904464,TRUE
"gas_turbine_nox_2015_raw","blocked",1,"gap","Huber",0,2.5,"full","blocked",50,7.6304708718227,27.9952137383665,102.32838253625,29.0531718732908,TRUE
"gas_turbine_nox_2015_raw","blocked",2,"gap","Huber",0,2.5,"full","blocked",50,2.82582404641766,3.32665490788432,5.53410552142079,6.7517711149165,TRUE
"gas_turbine_nox_2015_raw","blocked",3,"gap","Huber",0,2.5,"full","blocked",50,3.54421236597415,3.78701632404532,5.23185498656076,7.62770926441169,TRUE
"gas_turbine_nox_2015_raw","blocked",4,"gap","Huber",0,2.5,"full","blocked",50,2.9294510465182,3.16373052668983,4.45701331178133,6.30604262006098,TRUE
"gas_turbine_nox_2015_raw","blocked",5,"gap","Huber",0,2.5,"full","blocked",50,6.39825832243305,6.44777454205314,7.60526024979872,11.3314980759273,TRUE
"gas_turbine_nox_2015_raw","blocked",1,"gap","L1",0,2.5,"full","blocked",50,5.45003714071369,6.62225839267489,13.4597292663686,12.0169758798647,TRUE
"gas_turbine_nox_2015_raw","blocked",2,"gap","L1",0,2.5,"full","blocked",50,2.80043858420115,3.25561374262068,5.0391011837979,6.9286468343195,TRUE
"gas_turbine_nox_2015_raw","blocked",3,"gap","L1",0,2.5,"full","blocked",50,3.74830333044023,4.08891710353037,5.69875175494595,8.03964178467241,TRUE
"gas_turbine_nox_2015_raw","blocked",4,"gap","L1",0,2.5,"full","blocked",50,3.10212684799636,3.23015404800866,4.29417428986962,6.88232589354598,TRUE
"gas_turbine_nox_2015_raw","blocked",5,"gap","L1",0,2.5,"full","blocked",50,5.85491751622313,5.90551428987693,6.84550416596773,9.55477839077584,TRUE
"gas_turbine_nox_2015_raw","blocked",1,"gap","auto-valgate",0,2.5,"full","blocked",50,7.06505382700252,14.5817483102813,40.5797085430685,20.684026183725,TRUE
"gas_turbine_nox_2015_raw","blocked",2,"gap","auto-valgate",0,2.5,"full","blocked",50,2.46944855588298,2.81034973578854,4.18598456362604,5.77617815194205,TRUE
"gas_turbine_nox_2015_raw","blocked",3,"gap","auto-valgate",0,2.5,"full","blocked",50,3.75066241382943,4.40726367568148,6.92237970375394,8.82765038921543,TRUE
"gas_turbine_nox_2015_raw","blocked",4,"gap","auto-valgate",0,2.5,"full","blocked",50,3.2328052613945,3.48159301271392,4.87362290464607,7.06049071780454,TRUE
"gas_turbine_nox_2015_raw","blocked",5,"gap","auto-valgate",0,2.5,"full","blocked",50,4.99877828420741,5.16943498402597,6.17068577169719,8.6418994009432,TRUE
"gas_turbine_nox_2015_raw","blocked",1,"gap","auto",0,2.5,"full","blocked",100,5.43845001135096,6.71685904816163,11.38625399888,13.4642471069889,TRUE
"gas_turbine_nox_2015_raw","blocked",2,"gap","auto",0,2.5,"full","blocked",100,2.969930404488,3.41189444844256,5.73732400115223,6.94849483918407,TRUE
"gas_turbine_nox_2015_raw","blocked",3,"gap","auto",0,2.5,"full","blocked",100,3.66261575724813,3.99487635762342,5.63469569328628,8.05578932242872,TRUE
"gas_turbine_nox_2015_raw","blocked",4,"gap","auto",0,2.5,"full","blocked",100,3.0599528853402,3.27058981777997,4.49831347138401,6.64411189362859,TRUE
"gas_turbine_nox_2015_raw","blocked",5,"gap","auto",0,2.5,"full","blocked",100,5.92827083903489,5.86249144700894,6.73525700650353,10.0829354322251,TRUE
"gas_turbine_nox_2015_raw","blocked",1,"gap","auto-weak",0,2.5,"full","blocked",100,3.79745178158366,4.79240689104118,8.77691592492514,10.7784937312122,TRUE
"gas_turbine_nox_2015_raw","blocked",2,"gap","auto-weak",0,2.5,"full","blocked",100,2.97865489724495,3.54258732473068,5.67185796855393,6.86930466308575,TRUE
"gas_turbine_nox_2015_raw","blocked",3,"gap","auto-weak",0,2.5,"full","blocked",100,3.8739706617791,4.43747204489613,6.74333066687382,8.8479957285556,TRUE
"gas_turbine_nox_2015_raw","blocked",4,"gap","auto-weak",0,2.5,"full","blocked",100,3.08831316924894,3.35621047548492,4.77183671745583,6.806376679614,TRUE
"gas_turbine_nox_2015_raw","blocked",5,"gap","auto-weak",0,2.5,"full","blocked",100,5.34214836499183,5.44127982718981,6.47040011004322,9.0749082085497,TRUE
"gas_turbine_nox_2015_raw","blocked",1,"gap","WPMM2",0,2.5,"full","blocked",100,4.46484221660222,14.0268397384148,51.1615813408604,15.2442712778908,TRUE
"gas_turbine_nox_2015_raw","blocked",2,"gap","WPMM2",0,2.5,"full","blocked",100,2.76192141998376,3.14978512601385,5.06781183520633,6.84780158182681,TRUE
"gas_turbine_nox_2015_raw","blocked",3,"gap","WPMM2",0,2.5,"full","blocked",100,3.65645317137948,4.15205110534192,6.18399681672474,8.30400469445455,TRUE
"gas_turbine_nox_2015_raw","blocked",4,"gap","WPMM2",0,2.5,"full","blocked",100,3.06569199233839,3.34171526495262,4.72198625440133,7.09170879385487,TRUE
"gas_turbine_nox_2015_raw","blocked",5,"gap","WPMM2",0,2.5,"full","blocked",100,4.58256236255343,4.77709501668482,5.82442242280518,8.37652970051907,TRUE
"gas_turbine_nox_2015_raw","blocked",1,"gap","WPMM3",0,2.5,"full","blocked",100,3.75473065431175,7.82139974362134,20.435265200637,12.7269709316652,TRUE
"gas_turbine_nox_2015_raw","blocked",2,"gap","WPMM3",0,2.5,"full","blocked",100,2.85304725356308,3.41387267500787,5.4722077050385,6.65508613859219,TRUE
"gas_turbine_nox_2015_raw","blocked",3,"gap","WPMM3",0,2.5,"full","blocked",100,3.52172032261739,3.91912925623734,5.78456635645101,7.63485060241397,TRUE
"gas_turbine_nox_2015_raw","blocked",4,"gap","WPMM3",0,2.5,"full","blocked",100,3.13427760204952,3.39605520192392,4.76714970125922,7.10212729700734,TRUE
"gas_turbine_nox_2015_raw","blocked",5,"gap","WPMM3",0,2.5,"full","blocked",100,5.74373448235985,5.69717621950382,6.56001883569852,9.81843078767628,TRUE
"gas_turbine_nox_2015_raw","blocked",1,"gap","LSE",0,2.5,"full","blocked",100,5.56926077034695,5.95011987406504,9.63707203987417,12.1211548992103,TRUE
"gas_turbine_nox_2015_raw","blocked",2,"gap","LSE",0,2.5,"full","blocked",100,2.69515299692019,3.18239321883426,4.95352447715607,6.43716841802167,TRUE
"gas_turbine_nox_2015_raw","blocked",3,"gap","LSE",0,2.5,"full","blocked",100,3.92753100129474,4.62332027717985,7.23542829863704,9.27575751415525,TRUE
"gas_turbine_nox_2015_raw","blocked",4,"gap","LSE",0,2.5,"full","blocked",100,3.27439495761791,3.38893686591236,4.45431973268982,6.91926706602966,TRUE
"gas_turbine_nox_2015_raw","blocked",5,"gap","LSE",0,2.5,"full","blocked",100,6.0240313480127,5.9798752833291,6.98423586502278,10.4844331036066,TRUE
"gas_turbine_nox_2015_raw","blocked",1,"gap","ridge-LSE",0,2.5,"full","blocked",100,5.00328230253553,11.9885083602062,34.7231356954839,15.676260383285,TRUE
"gas_turbine_nox_2015_raw","blocked",2,"gap","ridge-LSE",0,2.5,"full","blocked",100,2.81283914381374,3.30937059003401,5.97400029259366,6.98509318156805,TRUE
"gas_turbine_nox_2015_raw","blocked",3,"gap","ridge-LSE",0,2.5,"full","blocked",100,3.68439134532306,3.94051620054831,5.41274058688746,7.88875726741572,TRUE
"gas_turbine_nox_2015_raw","blocked",4,"gap","ridge-LSE",0,2.5,"full","blocked",100,3.30810966816674,3.45139995849309,4.56396750866206,7.17122925163906,TRUE
"gas_turbine_nox_2015_raw","blocked",5,"gap","ridge-LSE",0,2.5,"full","blocked",100,6.5676884921433,6.54107684524954,7.51667370863654,11.1891904845983,TRUE
"gas_turbine_nox_2015_raw","blocked",1,"gap","Huber",0,2.5,"full","blocked",100,5.79327587241776,7.21801986353222,14.966793622815,13.1116922153261,TRUE
"gas_turbine_nox_2015_raw","blocked",2,"gap","Huber",0,2.5,"full","blocked",100,2.88535262519475,3.40226392311034,5.25051710272745,6.94751296213395,TRUE
"gas_turbine_nox_2015_raw","blocked",3,"gap","Huber",0,2.5,"full","blocked",100,3.61364785910054,4.31495686637578,6.80446965180357,8.54917426624337,TRUE
"gas_turbine_nox_2015_raw","blocked",4,"gap","Huber",0,2.5,"full","blocked",100,2.91496467490389,3.16726227407594,4.5011376683431,6.25184777082085,TRUE
"gas_turbine_nox_2015_raw","blocked",5,"gap","Huber",0,2.5,"full","blocked",100,6.41918253802065,6.48880948573242,7.68084869539989,11.6254748639493,TRUE
"gas_turbine_nox_2015_raw","blocked",1,"gap","L1",0,2.5,"full","blocked",100,4.59686603141865,9.17274520445619,24.5160790780359,14.6417422472077,TRUE
"gas_turbine_nox_2015_raw","blocked",2,"gap","L1",0,2.5,"full","blocked",100,2.8339628026942,3.35448362731827,5.32076376404523,6.56833209320515,TRUE
"gas_turbine_nox_2015_raw","blocked",3,"gap","L1",0,2.5,"full","blocked",100,3.60302916249806,3.82647200748495,5.15739456561514,7.63732579329526,TRUE
"gas_turbine_nox_2015_raw","blocked",4,"gap","L1",0,2.5,"full","blocked",100,3.18295407195406,3.42331216572635,4.78986407718109,6.94758647123375,TRUE
"gas_turbine_nox_2015_raw","blocked",5,"gap","L1",0,2.5,"full","blocked",100,5.58299414789689,5.63060033942491,6.55882073390135,9.71542180196192,TRUE
"gas_turbine_nox_2015_raw","blocked",1,"gap","auto-valgate",0,2.5,"full","blocked",100,7.14454136698242,10.703290945738,21.7293525575062,22.293718871746,TRUE
"gas_turbine_nox_2015_raw","blocked",2,"gap","auto-valgate",0,2.5,"full","blocked",100,2.82986639399815,3.38025764178593,5.32841387744377,6.26852302095224,TRUE
"gas_turbine_nox_2015_raw","blocked",3,"gap","auto-valgate",0,2.5,"full","blocked",100,3.6678680488943,4.41188541847954,7.1152741699603,8.95750341530585,TRUE
"gas_turbine_nox_2015_raw","blocked",4,"gap","auto-valgate",0,2.5,"full","blocked",100,3.00926261783376,3.32899856251019,4.83101932173001,6.8648967911769,TRUE
"gas_turbine_nox_2015_raw","blocked",5,"gap","auto-valgate",0,2.5,"full","blocked",100,4.98426569364482,5.14116272816569,6.15886216022556,8.71639612103107,TRUE
"gas_turbine_nox_2015_raw","blocked",1,"repro","Huber",0,2.5,"full","blocked",20,5.40914845288565,6.5196662931043,10.6351060538599,13.097181509125,TRUE
"gas_turbine_nox_2015_raw","blocked",2,"repro","Huber",0,2.5,"full","blocked",20,2.61685713121925,3.10873706010109,5.16151084799604,6.64742564161594,TRUE
"gas_turbine_nox_2015_raw","blocked",1,"repro","WPMM2",0,2.5,"full","blocked",20,3.55398017544247,8.20192917555762,26.5560425260849,11.1892264893217,TRUE
"gas_turbine_nox_2015_raw","blocked",2,"repro","WPMM2",0,2.5,"full","blocked",20,2.84853136954175,3.1969570632523,5.05045500657178,6.88591561460966,TRUE
"islr_credit_balance","random",1,"valgate","auto-valgate",0,2.5,"full","blocked",NA,57.8569032284538,82.4925982592392,137.579673129803,153.481194137543,TRUE
"islr_credit_balance","random",2,"valgate","auto-valgate",0,2.5,"full","blocked",NA,63.7212573609561,76.2136096058891,128.165272237464,243.988503145823,TRUE
"islr_credit_balance","random",3,"valgate","auto-valgate",0,2.5,"full","blocked",NA,70.607811985725,87.0102276220111,145.427124381392,263.758431120758,TRUE
"islr_credit_balance","random",4,"valgate","auto-valgate",0,2.5,"full","blocked",NA,112.226214713816,110.650832617287,195.116556326311,453.392619539383,TRUE
"islr_credit_balance","random",5,"valgate","auto-valgate",0,2.5,"full","blocked",NA,57.5084904024691,74.6226795932596,125.142097103015,201.986334456297,TRUE
"islr_credit_balance","random",6,"valgate","auto-valgate",0,2.5,"full","blocked",NA,62.0268764784095,77.015501215194,120.235529857177,142.144002539009,TRUE
"islr_credit_balance","random",7,"valgate","auto-valgate",0,2.5,"full","blocked",NA,61.9283947714896,88.2292287454203,154.498111612093,266.284215744365,TRUE
"islr_credit_balance","random",8,"valgate","auto-valgate",0,2.5,"full","blocked",NA,51.4919049672997,69.5912944868504,118.564772322368,136.705999129596,TRUE
"islr_credit_balance","random",9,"valgate","auto-valgate",0,2.5,"full","blocked",NA,50.9311886816428,76.6561750382355,141.245507144377,112.137906819617,TRUE
"islr_credit_balance","random",10,"valgate","auto-valgate",0,2.5,"full","blocked",NA,82.0091876462246,87.6398041063474,139.986097186307,293.713801526153,TRUE
"islr_credit_balance","random",11,"valgate","auto-valgate",0,2.5,"full","blocked",NA,70.0751328587424,96.7057384509838,182.751714099917,377.80843904907,TRUE
"islr_credit_balance","random",12,"valgate","auto-valgate",0,2.5,"full","blocked",NA,42.637645776583,68.2298268580709,134.851052710731,89.7944729291825,TRUE
"islr_credit_balance","random",13,"valgate","auto-valgate",0,2.5,"full","blocked",NA,55.3905894266316,65.6460449140486,101.783474527954,117.118997937255,TRUE
"islr_credit_balance","random",14,"valgate","auto-valgate",0,2.5,"full","blocked",NA,70.7996644392391,89.7177968928107,161.554825607561,278.717801634625,TRUE
"islr_credit_balance","random",15,"valgate","auto-valgate",0,2.5,"full","blocked",NA,41.5626627201282,74.7112349844084,150.38710805958,104.358480817303,TRUE
"islr_credit_balance","random",16,"valgate","auto-valgate",0,2.5,"full","blocked",NA,74.3506069464232,92.1847282151866,154.060734645631,358.34884602268,TRUE
"islr_credit_balance","random",17,"valgate","auto-valgate",0,2.5,"full","blocked",NA,41.4781298955786,67.1199137808545,133.744831937082,119.587666191117,TRUE
"islr_credit_balance","random",18,"valgate","auto-valgate",0,2.5,"full","blocked",NA,80.1587985818043,91.8654187315307,150.749401633305,280.825599371453,TRUE
"islr_credit_balance","random",19,"valgate","auto-valgate",0,2.5,"full","blocked",NA,54.5840757490708,75.4309864688412,130.685998271993,114.308763542761,TRUE
"islr_credit_balance","random",20,"valgate","auto-valgate",0,2.5,"full","blocked",NA,42.6806184162969,60.1071369542364,112.568694599434,83.1846245471225,TRUE
"islr_credit_balance","random",21,"valgate","auto-valgate",0,2.5,"full","blocked",NA,37.6909060274223,57.7199563757239,115.176407190647,90.1328291842612,TRUE
"islr_credit_balance","random",22,"valgate","auto-valgate",0,2.5,"full","blocked",NA,55.5401240479749,80.2249829333754,140.008749303065,138.238697132759,TRUE
"islr_credit_balance","random",23,"valgate","auto-valgate",0,2.5,"full","blocked",NA,60.4998042536838,79.5711735175511,149.949466305127,304.903845449466,TRUE
"islr_credit_balance","random",24,"valgate","auto-valgate",0,2.5,"full","blocked",NA,92.7432512007064,102.84838530527,188.260071082777,462.271461774514,TRUE
"islr_credit_balance","random",25,"valgate","auto-valgate",0,2.5,"full","blocked",NA,62.1987000526646,73.9224560583479,117.906081670971,158.746965044147,TRUE
"islr_credit_balance","random",26,"valgate","auto-valgate",0,2.5,"full","blocked",NA,44.9306368607914,68.8732184315387,133.848344605811,102.825836003841,TRUE
"islr_credit_balance","random",27,"valgate","auto-valgate",0,2.5,"full","blocked",NA,50.3840534162488,77.8847860917257,140.985759392978,123.786013503225,TRUE
"islr_credit_balance","random",28,"valgate","auto-valgate",0,2.5,"full","blocked",NA,49.6219312330065,73.8958872290713,137.069191342675,208.113607949577,TRUE
"islr_credit_balance","random",29,"valgate","auto-valgate",0,2.5,"full","blocked",NA,49.8695471499413,82.2869840626519,155.165175828294,172.440974117084,TRUE
"islr_credit_balance","random",30,"valgate","auto-valgate",0,2.5,"full","blocked",NA,53.35097300009,126.600156390091,521.397190140138,134.513622265102,TRUE
"islr_credit_balance","random",1,"valgate","auto-valgate",1,2.5,"full","blocked",NA,50.4832298760147,78.4250066859208,146.466275128031,162.197933372208,TRUE
"islr_credit_balance","random",2,"valgate","auto-valgate",1,2.5,"full","blocked",NA,52.9099928108925,74.5977521062852,136.763083547906,165.027382817099,TRUE
"islr_credit_balance","random",3,"valgate","auto-valgate",1,2.5,"full","blocked",NA,76.5862586508393,98.0429007304336,177.321093720818,361.293314224418,TRUE
"islr_credit_balance","random",4,"valgate","auto-valgate",1,2.5,"full","blocked",NA,101.202423393994,104.224668662951,169.837375811909,365.534808215821,TRUE
"islr_credit_balance","random",5,"valgate","auto-valgate",1,2.5,"full","blocked",NA,75.661304174537,86.5440661460759,127.677800017968,206.098870868392,TRUE
"islr_credit_balance","random",6,"valgate","auto-valgate",1,2.5,"full","blocked",NA,45.8829955948057,66.6587349725599,124.471414589456,136.150946568387,TRUE
"islr_credit_balance","random",7,"valgate","auto-valgate",1,2.5,"full","blocked",NA,72.404592073381,113.801164975747,287.508679370085,312.818848343124,TRUE
"islr_credit_balance","random",8,"valgate","auto-valgate",1,2.5,"full","blocked",NA,51.0571094337983,68.2194937358276,120.987045609327,138.483168012033,TRUE
"islr_credit_balance","random",9,"valgate","auto-valgate",1,2.5,"full","blocked",NA,43.5014396107827,56.1249319375061,98.8469461238433,98.7871752618561,TRUE
"islr_credit_balance","random",10,"valgate","auto-valgate",1,2.5,"full","blocked",NA,78.7741594446402,92.7066859742846,155.66410145938,291.943547133985,TRUE
"islr_credit_balance","random",11,"valgate","auto-valgate",1,2.5,"full","blocked",NA,72.051659293424,81.7014589479652,138.10215526954,262.61786678572,TRUE
"islr_credit_balance","random",12,"valgate","auto-valgate",1,2.5,"full","blocked",NA,41.0502636748758,59.0099413291958,105.219828512262,88.2759788859459,TRUE
"islr_credit_balance","random",13,"valgate","auto-valgate",1,2.5,"full","blocked",NA,47.1504888201261,55.215206323171,89.3784242373027,98.6482103710223,TRUE
"islr_credit_balance","random",14,"valgate","auto-valgate",1,2.5,"full","blocked",NA,56.4566731083646,86.100069532615,161.350793964884,213.428554580427,TRUE
"islr_credit_balance","random",15,"valgate","auto-valgate",1,2.5,"full","blocked",NA,41.5447765754947,76.9307882031951,157.668049166942,88.3048506979773,TRUE
"islr_credit_balance","random",16,"valgate","auto-valgate",1,2.5,"full","blocked",NA,87.3694825954998,98.8085549923919,160.061814833839,355.257012443316,TRUE
"islr_credit_balance","random",17,"valgate","auto-valgate",1,2.5,"full","blocked",NA,44.6127227691552,70.8053305919557,134.752321632492,121.40003706823,TRUE
"islr_credit_balance","random",18,"valgate","auto-valgate",1,2.5,"full","blocked",NA,68.4150418728045,82.0352010889253,136.002969939146,228.032578586995,TRUE
"islr_credit_balance","random",19,"valgate","auto-valgate",1,2.5,"full","blocked",NA,50.9125026590318,76.617305959823,137.623214584241,111.586964273479,TRUE
"islr_credit_balance","random",20,"valgate","auto-valgate",1,2.5,"full","blocked",NA,42.2445046663374,55.7888739845295,100.786304735143,96.738095068568,TRUE
"islr_credit_balance","random",21,"valgate","auto-valgate",1,2.5,"full","blocked",NA,52.0456213428579,67.5131149185261,117.438494097052,116.219186738834,TRUE
"islr_credit_balance","random",22,"valgate","auto-valgate",1,2.5,"full","blocked",NA,46.0685383793061,72.3097863215754,133.072300473636,109.802994123748,TRUE
"islr_credit_balance","random",23,"valgate","auto-valgate",1,2.5,"full","blocked",NA,63.1846628925556,80.4688788726732,151.629355001929,283.685140672327,TRUE
"islr_credit_balance","random",24,"valgate","auto-valgate",1,2.5,"full","blocked",NA,104.849013935131,113.194358406372,182.371504656125,380.426551154939,TRUE
"islr_credit_balance","random",25,"valgate","auto-valgate",1,2.5,"full","blocked",NA,54.9929577002635,71.9857153952642,116.000531772807,142.327969864601,TRUE
"islr_credit_balance","random",26,"valgate","auto-valgate",1,2.5,"full","blocked",NA,38.759401702951,60.3641575119795,118.379743212656,88.6537122246941,TRUE
"islr_credit_balance","random",27,"valgate","auto-valgate",1,2.5,"full","blocked",NA,49.6485524370341,80.8241136802623,151.05885103549,126.745047433803,TRUE
"islr_credit_balance","random",28,"valgate","auto-valgate",1,2.5,"full","blocked",NA,49.8568771820851,75.5808456630142,133.167625811211,172.701232695514,TRUE
"islr_credit_balance","random",29,"valgate","auto-valgate",1,2.5,"full","blocked",NA,59.2291383736116,82.690654794033,148.165775760646,228.447224406673,TRUE
"islr_credit_balance","random",30,"valgate","auto-valgate",1,2.5,"full","blocked",NA,52.7266612600796,75.9113857645219,132.394869550119,131.486524938561,TRUE
"islr_credit_balance","random",1,"valgate","auto-valgate",2,2.5,"full","blocked",NA,73.6246578852577,93.7114213520338,170.502421405496,370.511264616172,TRUE
"islr_credit_balance","random",2,"valgate","auto-valgate",2,2.5,"full","blocked",NA,55.1162641019488,75.5506844541401,131.756601090432,167.155251486973,TRUE
"islr_credit_balance","random",3,"valgate","auto-valgate",2,2.5,"full","blocked",NA,68.6558177565064,87.7258145847009,148.92053827448,293.671471244936,TRUE
"islr_credit_balance","random",4,"valgate","auto-valgate",2,2.5,"full","blocked",NA,102.870989207161,98.9341911713663,170.686780720375,399.622332129754,TRUE
"islr_credit_balance","random",5,"valgate","auto-valgate",2,2.5,"full","blocked",NA,53.8594350966631,69.6625964754476,122.743975253892,208.294990035129,TRUE
"islr_credit_balance","random",6,"valgate","auto-valgate",2,2.5,"full","blocked",NA,48.950034023748,66.7721902714496,120.507806891288,159.187074091732,TRUE
"islr_credit_balance","random",7,"valgate","auto-valgate",2,2.5,"full","blocked",NA,57.3696657612188,79.8409592885935,132.897494214906,149.032223577012,TRUE
"islr_credit_balance","random",8,"valgate","auto-valgate",2,2.5,"full","blocked",NA,53.5892475686831,75.1556295784481,129.16355555256,139.889441870478,TRUE
"islr_credit_balance","random",9,"valgate","auto-valgate",2,2.5,"full","blocked",NA,44.7096937239608,62.4266487106902,111.968693516995,91.5771139036688,TRUE
"islr_credit_balance","random",10,"valgate","auto-valgate",2,2.5,"full","blocked",NA,81.413589361676,96.7124562757716,180.902047220074,363.540716689396,TRUE
"islr_credit_balance","random",11,"valgate","auto-valgate",2,2.5,"full","blocked",NA,61.6343241308122,79.248568798336,137.28916525957,199.059089636054,TRUE
"islr_credit_balance","random",12,"valgate","auto-valgate",2,2.5,"full","blocked",NA,39.6776932161775,60.2655555992638,115.228528364181,89.2599180335709,TRUE
"islr_credit_balance","random",13,"valgate","auto-valgate",2,2.5,"full","blocked",NA,58.9411619229011,67.0014430280739,98.8936484248924,129.110187779622,TRUE
"islr_credit_balance","random",14,"valgate","auto-valgate",2,2.5,"full","blocked",NA,70.4185257503046,87.3484686376655,155.875547087238,316.665652590431,TRUE
"islr_credit_balance","random",15,"valgate","auto-valgate",2,2.5,"full","blocked",NA,56.7688804287422,83.0448795557012,140.392252253369,117.396834283666,TRUE
"islr_credit_balance","random",16,"valgate","auto-valgate",2,2.5,"full","blocked",NA,70.4150778824,92.4207664104444,172.546851417007,340.27669202908,TRUE
"islr_credit_balance","random",17,"valgate","auto-valgate",2,2.5,"full","blocked",NA,43.1192606926078,66.2351780597762,126.800400765669,132.141593227923,TRUE
"islr_credit_balance","random",18,"valgate","auto-valgate",2,2.5,"full","blocked",NA,74.6532252678348,89.3134623606288,144.187593412489,275.970031199432,TRUE
"islr_credit_balance","random",19,"valgate","auto-valgate",2,2.5,"full","blocked",NA,41.6480246820854,73.2208728437062,146.361627770289,98.5535115966766,TRUE
"islr_credit_balance","random",20,"valgate","auto-valgate",2,2.5,"full","blocked",NA,52.8661207057034,64.6507989440691,100.814666205793,114.651182709048,TRUE
"islr_credit_balance","random",21,"valgate","auto-valgate",2,2.5,"full","blocked",NA,51.0173253208177,69.3804442968453,124.790812842844,101.266619929655,TRUE
"islr_credit_balance","random",22,"valgate","auto-valgate",2,2.5,"full","blocked",NA,43.4842893481888,70.391088407857,133.679730860811,123.748390926726,TRUE
"islr_credit_balance","random",23,"valgate","auto-valgate",2,2.5,"full","blocked",NA,57.6271286955417,84.1871193844963,172.929151794179,274.858881023997,TRUE
"islr_credit_balance","random",24,"valgate","auto-valgate",2,2.5,"full","blocked",NA,96.3741515574182,99.9698327391524,178.936154431166,430.672590432254,TRUE
"islr_credit_balance","random",25,"valgate","auto-valgate",2,2.5,"full","blocked",NA,67.8963737099124,82.2655952848858,127.001871803465,193.533095977239,TRUE
"islr_credit_balance","random",26,"valgate","auto-valgate",2,2.5,"full","blocked",NA,41.5499880285414,60.4609784257985,106.37472371193,99.1350850877178,TRUE
"islr_credit_balance","random",27,"valgate","auto-valgate",2,2.5,"full","blocked",NA,43.8312666822948,67.5335827391126,122.954762618992,137.260196608374,TRUE
"islr_credit_balance","random",28,"valgate","auto-valgate",2,2.5,"full","blocked",NA,52.4205133469315,80.0087889655091,148.476450373444,179.690760157809,TRUE
"islr_credit_balance","random",29,"valgate","auto-valgate",2,2.5,"full","blocked",NA,54.6767789757052,82.018571909401,154.346518564234,244.861962434798,TRUE
"islr_credit_balance","random",30,"valgate","auto-valgate",2,2.5,"full","blocked",NA,51.7557076586097,78.5637707413437,143.650165140556,139.071000934826,TRUE
"islr_credit_balance","random",1,"valgate","auto-valgate",3,2.5,"full","blocked",NA,49.7837222798935,78.9098093063298,146.057293416751,152.390788066855,TRUE
"islr_credit_balance","random",2,"valgate","auto-valgate",3,2.5,"full","blocked",NA,62.7676409077557,81.235027214765,132.048437517427,198.947363424582,TRUE
"islr_credit_balance","random",3,"valgate","auto-valgate",3,2.5,"full","blocked",NA,58.515362236631,102.22468059863,238.557795027582,175.531327122569,TRUE
"islr_credit_balance","random",4,"valgate","auto-valgate",3,2.5,"full","blocked",NA,94.5046488910913,128.04468132747,284.272742297114,347.815441879263,TRUE
"islr_credit_balance","random",5,"valgate","auto-valgate",3,2.5,"full","blocked",NA,62.971764191355,74.5309416855325,126.803510265251,235.581850268818,TRUE
"islr_credit_balance","random",6,"valgate","auto-valgate",3,2.5,"full","blocked",NA,45.1703512382585,65.2240683199048,116.553734883573,135.731625653228,TRUE
"islr_credit_balance","random",7,"valgate","auto-valgate",3,2.5,"full","blocked",NA,57.8305635561042,77.3772171901307,122.96691239201,141.777108486902,TRUE
"islr_credit_balance","random",8,"valgate","auto-valgate",3,2.5,"full","blocked",NA,57.8592044918033,74.9408044938132,120.75633538978,119.006580729268,TRUE
"islr_credit_balance","random",9,"valgate","auto-valgate",3,2.5,"full","blocked",NA,49.664887396854,61.975462022095,100.891355440915,107.567758516903,TRUE
"islr_credit_balance","random",10,"valgate","auto-valgate",3,2.5,"full","blocked",NA,71.5886909967557,85.661697906712,155.168456244829,293.893549323932,TRUE
"islr_credit_balance","random",11,"valgate","auto-valgate",3,2.5,"full","blocked",NA,65.3318420837005,80.6579244326396,137.126792164196,240.832179102548,TRUE
"islr_credit_balance","random",12,"valgate","auto-valgate",3,2.5,"full","blocked",NA,42.6860822085134,65.8521830331335,124.691907799141,90.6398901495069,TRUE
"islr_credit_balance","random",13,"valgate","auto-valgate",3,2.5,"full","blocked",NA,48.4289288825655,54.7557014768503,86.9069720358462,105.482605429164,TRUE
"islr_credit_balance","random",14,"valgate","auto-valgate",3,2.5,"full","blocked",NA,83.2222261316248,92.6826474418276,176.678752119039,462.461123848155,TRUE
"islr_credit_balance","random",15,"valgate","auto-valgate",3,2.5,"full","blocked",NA,53.8235689451239,79.7473102578329,137.047860153007,114.785550311688,TRUE
"islr_credit_balance","random",16,"valgate","auto-valgate",3,2.5,"full","blocked",NA,87.6434714047289,105.224577259425,203.510124480892,395.105669660551,TRUE
"islr_credit_balance","random",17,"valgate","auto-valgate",3,2.5,"full","blocked",NA,52.9591079794441,74.448156365656,130.509272516175,121.796939201761,TRUE
"islr_credit_balance","random",18,"valgate","auto-valgate",3,2.5,"full","blocked",NA,73.8284427308618,87.8139561749263,141.159020455165,264.722475187476,TRUE
"islr_credit_balance","random",19,"valgate","auto-valgate",3,2.5,"full","blocked",NA,41.6015588574799,73.4678620333039,150.769966030626,102.121802845195,TRUE
"islr_credit_balance","random",20,"valgate","auto-valgate",3,2.5,"full","blocked",NA,50.0506437706688,64.1332930664544,110.474596073728,104.449770388625,TRUE
"islr_credit_balance","random",21,"valgate","auto-valgate",3,2.5,"full","blocked",NA,44.5384681450866,58.257648565014,98.2082031060367,122.767512702822,TRUE
"islr_credit_balance","random",22,"valgate","auto-valgate",3,2.5,"full","blocked",NA,61.2036486006393,80.4865536520791,133.020834895524,126.319698695233,TRUE
"islr_credit_balance","random",23,"valgate","auto-valgate",3,2.5,"full","blocked",NA,63.4282544120148,83.9914710821297,153.105034679924,280.592090342486,TRUE
"islr_credit_balance","random",24,"valgate","auto-valgate",3,2.5,"full","blocked",NA,104.169017512179,102.879887651342,179.929879888839,413.283005373451,TRUE
"islr_credit_balance","random",25,"valgate","auto-valgate",3,2.5,"full","blocked",NA,57.7539104071019,74.3667606547707,116.790578266964,136.320411262132,TRUE
"islr_credit_balance","random",26,"valgate","auto-valgate",3,2.5,"full","blocked",NA,42.5580392605776,62.2978005186679,116.889752601658,96.8275348453526,TRUE
"islr_credit_balance","random",27,"valgate","auto-valgate",3,2.5,"full","blocked",NA,46.8598612673838,81.1707306879121,156.700496402032,146.551743592466,TRUE
"islr_credit_balance","random",28,"valgate","auto-valgate",3,2.5,"full","blocked",NA,43.2437284350006,78.756997786229,158.7750738971,115.701811710614,TRUE
"islr_credit_balance","random",29,"valgate","auto-valgate",3,2.5,"full","blocked",NA,58.8509732242166,81.7604907866066,155.150761113372,326.507015586666,TRUE
"islr_credit_balance","random",30,"valgate","auto-valgate",3,2.5,"full","blocked",NA,50.6089531832567,81.60815773673,153.480908826705,116.346480903759,TRUE
"islr_credit_balance","random",1,"rinner","auto-valgate",0,2.5,"full","random",NA,55.7585811681209,79.0397688519962,130.055414073175,136.483106335106,TRUE
"islr_credit_balance","random",2,"rinner","auto-valgate",0,2.5,"full","random",NA,62.6729004803158,74.5293006415519,115.646370147092,187.805503956302,TRUE
"islr_credit_balance","random",3,"rinner","auto-valgate",0,2.5,"full","random",NA,67.2793785011581,86.5270481976322,148.915705782474,266.201239375106,TRUE
"islr_credit_balance","random",4,"rinner","auto-valgate",0,2.5,"full","random",NA,112.615640862735,110.963035284773,195.629396029009,455.245170443435,TRUE
"islr_credit_balance","random",5,"rinner","auto-valgate",0,2.5,"full","random",NA,47.8045769408403,65.2762523013561,115.817522806682,162.170607606247,TRUE
"islr_credit_balance","random",6,"rinner","auto-valgate",0,2.5,"full","random",NA,46.9465729821562,66.0129475055559,122.53678444453,134.057200287723,TRUE
"islr_credit_balance","random",7,"rinner","auto-valgate",0,2.5,"full","random",NA,61.9888308528529,87.4311534894864,151.113166297765,268.28081600101,TRUE
"islr_credit_balance","random",8,"rinner","auto-valgate",0,2.5,"full","random",NA,53.5565004535671,69.5973912812538,117.025080792101,151.304982949377,TRUE
"islr_credit_balance","random",9,"rinner","auto-valgate",0,2.5,"full","random",NA,65.0038079039661,82.7424405791591,158.853663445199,133.075078697275,TRUE
"islr_credit_balance","random",10,"rinner","auto-valgate",0,2.5,"full","random",NA,81.7658292137246,85.816865653787,141.148877483369,317.913299083074,TRUE
"islr_credit_balance","random",11,"rinner","auto-valgate",0,2.5,"full","random",NA,69.7957711676134,98.6861454864808,190.16968414504,356.527098061196,TRUE
"islr_credit_balance","random",12,"rinner","auto-valgate",0,2.5,"full","random",NA,42.8101178313341,68.5076291541917,133.85196627813,92.2467093816261,TRUE
"islr_credit_balance","random",13,"rinner","auto-valgate",0,2.5,"full","random",NA,42.8624576526152,55.3633204959443,93.209464755306,84.750095347342,TRUE
"islr_credit_balance","random",14,"rinner","auto-valgate",0,2.5,"full","random",NA,67.4661435276801,87.4942418284134,151.189083407164,259.350075256689,TRUE
"islr_credit_balance","random",15,"rinner","auto-valgate",0,2.5,"full","random",NA,49.5182234993642,73.9135799277005,132.965535802545,122.847991727805,TRUE
"islr_credit_balance","random",16,"rinner","auto-valgate",0,2.5,"full","random",NA,72.8311043943774,90.4554480288877,156.585356773223,339.985488399496,TRUE
"islr_credit_balance","random",17,"rinner","auto-valgate",0,2.5,"full","random",NA,43.2631065954005,70.0905795027159,137.678515650387,117.853511350075,TRUE
"islr_credit_balance","random",18,"rinner","auto-valgate",0,2.5,"full","random",NA,76.6785998112769,89.6939341440467,146.286643424512,277.642787547286,TRUE
"islr_credit_balance","random",19,"rinner","auto-valgate",0,2.5,"full","random",NA,54.3529641201319,74.9689598436249,131.773904167906,112.287275992963,TRUE
"islr_credit_balance","random",20,"rinner","auto-valgate",0,2.5,"full","random",NA,48.534027402504,66.4921936592212,124.561081092715,108.09765823899,TRUE
"islr_credit_balance","random",21,"rinner","auto-valgate",0,2.5,"full","random",NA,40.6760676506815,59.3851110594497,113.32365866994,88.3036906067048,TRUE
"islr_credit_balance","random",22,"rinner","auto-valgate",0,2.5,"full","random",NA,55.1806130188324,80.6659108702433,141.374342248057,138.678973743064,TRUE
"islr_credit_balance","random",23,"rinner","auto-valgate",0,2.5,"full","random",NA,56.6912677514592,83.8816706142853,164.853027840725,249.534215660186,TRUE
"islr_credit_balance","random",24,"rinner","auto-valgate",0,2.5,"full","random",NA,96.6555464918378,105.159591761142,185.10502600162,468.909780934505,TRUE
"islr_credit_balance","random",25,"rinner","auto-valgate",0,2.5,"full","random",NA,57.5256744955037,68.5673636648936,104.147052196015,168.263295848812,TRUE
"islr_credit_balance","random",26,"rinner","auto-valgate",0,2.5,"full","random",NA,43.2953010068647,66.5630338440924,130.895713386678,89.2511537703697,TRUE
"islr_credit_balance","random",27,"rinner","auto-valgate",0,2.5,"full","random",NA,50.1358515412575,76.9414220731508,138.407344324861,117.37032662581,TRUE
"islr_credit_balance","random",28,"rinner","auto-valgate",0,2.5,"full","random",NA,50.1024598732439,74.1873258217318,131.073079059149,171.225971088256,TRUE
"islr_credit_balance","random",29,"rinner","auto-valgate",0,2.5,"full","random",NA,51.6142545338159,79.4641077771522,147.434240972793,232.453682016906,TRUE
"islr_credit_balance","random",30,"rinner","auto-valgate",0,2.5,"full","random",NA,51.3692560771572,81.7428684320774,160.914050309946,177.578981959434,TRUE
"islr_credit_balance","random",1,"norobust","auto-valgate",0,2.5,"LSE+WPMM2+WPMM3","blocked",NA,50.6547668531719,81.8789076859065,152.925983812791,173.667417491619,TRUE
"islr_credit_balance","random",2,"norobust","auto-valgate",0,2.5,"LSE+WPMM2+WPMM3","blocked",NA,63.291495381432,78.0397003842153,131.482763304404,216.992190162506,TRUE
"islr_credit_balance","random",3,"norobust","auto-valgate",0,2.5,"LSE+WPMM2+WPMM3","blocked",NA,71.046852097706,87.9630671737254,150.699536144812,283.447822044552,TRUE
"islr_credit_balance","random",4,"norobust","auto-valgate",0,2.5,"LSE+WPMM2+WPMM3","blocked",NA,112.226214713816,110.650832617287,195.116556326311,453.392619539383,TRUE
"islr_credit_balance","random",5,"norobust","auto-valgate",0,2.5,"LSE+WPMM2+WPMM3","blocked",NA,54.5311973418718,73.2188438925565,124.757533462455,198.208310691575,TRUE
"islr_credit_balance","random",6,"norobust","auto-valgate",0,2.5,"LSE+WPMM2+WPMM3","blocked",NA,62.2260963313426,77.47153198994,121.125748973971,142.254068326827,TRUE
"islr_credit_balance","random",7,"norobust","auto-valgate",0,2.5,"LSE+WPMM2+WPMM3","blocked",NA,62.3513386533962,86.7993147748341,149.92992921054,277.630282357491,TRUE
"islr_credit_balance","random",8,"norobust","auto-valgate",0,2.5,"LSE+WPMM2+WPMM3","blocked",NA,50.2765326661034,70.3084071366625,122.449847593324,121.464461132864,TRUE
"islr_credit_balance","random",9,"norobust","auto-valgate",0,2.5,"LSE+WPMM2+WPMM3","blocked",NA,50.2396462448582,75.5383823176075,143.083719132279,117.85136420375,TRUE
"islr_credit_balance","random",10,"norobust","auto-valgate",0,2.5,"LSE+WPMM2+WPMM3","blocked",NA,78.8105253595746,84.9088867906377,140.990887663847,302.665942372088,TRUE
"islr_credit_balance","random",11,"norobust","auto-valgate",0,2.5,"LSE+WPMM2+WPMM3","blocked",NA,60.0352793274453,86.7275712261393,173.108966969054,378.89309189441,TRUE
"islr_credit_balance","random",12,"norobust","auto-valgate",0,2.5,"LSE+WPMM2+WPMM3","blocked",NA,37.582712509768,65.9309275036461,131.35932496853,86.3332888124154,TRUE
"islr_credit_balance","random",13,"norobust","auto-valgate",0,2.5,"LSE+WPMM2+WPMM3","blocked",NA,53.0379808057259,62.4325042360588,99.4120049038066,118.301044583377,TRUE
"islr_credit_balance","random",14,"norobust","auto-valgate",0,2.5,"LSE+WPMM2+WPMM3","blocked",NA,57.4302940625716,89.1927420509417,162.403771846624,226.756603260318,TRUE
"islr_credit_balance","random",15,"norobust","auto-valgate",0,2.5,"LSE+WPMM2+WPMM3","blocked",NA,41.5626627201282,74.7112349844084,150.38710805958,104.358480817303,TRUE
"islr_credit_balance","random",16,"norobust","auto-valgate",0,2.5,"LSE+WPMM2+WPMM3","blocked",NA,74.3506069464232,92.1847282151866,154.060734645631,358.34884602268,TRUE
"islr_credit_balance","random",17,"norobust","auto-valgate",0,2.5,"LSE+WPMM2+WPMM3","blocked",NA,41.4781298955786,67.1199137808545,133.744831937082,119.587666191117,TRUE
"islr_credit_balance","random",18,"norobust","auto-valgate",0,2.5,"LSE+WPMM2+WPMM3","blocked",NA,74.1547700259486,90.6277525585933,150.715958943882,265.904926138805,TRUE
"islr_credit_balance","random",19,"norobust","auto-valgate",0,2.5,"LSE+WPMM2+WPMM3","blocked",NA,47.1169726758941,70.415462515026,131.226818535622,95.9351295093087,TRUE
"islr_credit_balance","random",20,"norobust","auto-valgate",0,2.5,"LSE+WPMM2+WPMM3","blocked",NA,45.6148613659249,64.980416882152,125.148637866395,94.2441958689018,TRUE
"islr_credit_balance","random",21,"norobust","auto-valgate",0,2.5,"LSE+WPMM2+WPMM3","blocked",NA,37.0148256412721,56.8007488269179,115.05891988517,91.2489143234768,TRUE
"islr_credit_balance","random",22,"norobust","auto-valgate",0,2.5,"LSE+WPMM2+WPMM3","blocked",NA,55.5401240479749,80.2249829333754,140.008749303065,138.238697132759,TRUE
"islr_credit_balance","random",23,"norobust","auto-valgate",0,2.5,"LSE+WPMM2+WPMM3","blocked",NA,60.4998042536838,79.5711735175511,149.949466305127,304.903845449466,TRUE
"islr_credit_balance","random",24,"norobust","auto-valgate",0,2.5,"LSE+WPMM2+WPMM3","blocked",NA,92.7432512007064,102.84838530527,188.260071082777,462.271461774514,TRUE
"islr_credit_balance","random",25,"norobust","auto-valgate",0,2.5,"LSE+WPMM2+WPMM3","blocked",NA,52.8520763194651,64.5409563393478,102.115194940994,169.519397512803,TRUE
"islr_credit_balance","random",26,"norobust","auto-valgate",0,2.5,"LSE+WPMM2+WPMM3","blocked",NA,42.8396197064594,66.4225139617974,130.659167769973,92.1290533992538,TRUE
"islr_credit_balance","random",27,"norobust","auto-valgate",0,2.5,"LSE+WPMM2+WPMM3","blocked",NA,62.018867071717,80.9286936984156,127.157313349711,123.70047408511,TRUE
"islr_credit_balance","random",28,"norobust","auto-valgate",0,2.5,"LSE+WPMM2+WPMM3","blocked",NA,47.3681164726733,73.095911806402,132.80703923546,159.500593777307,TRUE
"islr_credit_balance","random",29,"norobust","auto-valgate",0,2.5,"LSE+WPMM2+WPMM3","blocked",NA,70.1457156832036,89.2113823272912,141.451752104599,198.704267645707,TRUE
"islr_credit_balance","random",30,"norobust","auto-valgate",0,2.5,"LSE+WPMM2+WPMM3","blocked",NA,52.7077423727559,128.472216826531,533.785265993838,108.601756680919,TRUE
"islr_credit_balance","random",1,"sigma","WPMM2",0,1.5,"full","blocked",NA,68.4874466156155,85.4720013740743,144.778404711652,268.310110742566,TRUE
"islr_credit_balance","random",2,"sigma","WPMM2",0,1.5,"full","blocked",NA,56.2277847046329,74.8256670258347,126.316717715407,184.485601517296,TRUE
"islr_credit_balance","random",3,"sigma","WPMM2",0,1.5,"full","blocked",NA,77.5393598434546,86.937773968406,143.790963945115,290.28329648681,TRUE
"islr_credit_balance","random",4,"sigma","WPMM2",0,1.5,"full","blocked",NA,87.2328205331023,99.7986234380126,176.564887479442,398.671647651426,TRUE
"islr_credit_balance","random",5,"sigma","WPMM2",0,1.5,"full","blocked",NA,72.512534547522,87.5229815175865,131.11146042696,160.8120899133,TRUE
"islr_credit_balance","random",6,"sigma","WPMM2",0,1.5,"full","blocked",NA,40.4067609491262,64.6500574716839,127.747892902917,110.962743593666,TRUE
"islr_credit_balance","random",7,"sigma","WPMM2",0,1.5,"full","blocked",NA,51.9927081518386,76.8697224486057,129.006961351099,127.232215094209,TRUE
"islr_credit_balance","random",8,"sigma","WPMM2",0,1.5,"full","blocked",NA,48.4887998552684,75.9739810737382,146.355087462467,138.028538917074,TRUE
"islr_credit_balance","random",9,"sigma","WPMM2",0,1.5,"full","blocked",NA,61.5285186230262,76.6451698064283,117.204831314007,129.153493453999,TRUE
"islr_credit_balance","random",10,"sigma","WPMM2",0,1.5,"full","blocked",NA,80.0381947924548,86.6900576952386,152.615125126317,331.672523070497,TRUE
"islr_credit_balance","random",11,"sigma","WPMM2",0,1.5,"full","blocked",NA,61.9219591969703,87.3680178516449,170.165839736482,269.522651449425,TRUE
"islr_credit_balance","random",12,"sigma","WPMM2",0,1.5,"full","blocked",NA,39.3150860218542,57.3637649918343,105.772631321928,79.6706886096787,TRUE
"islr_credit_balance","random",13,"sigma","WPMM2",0,1.5,"full","blocked",NA,56.8992704862051,64.2630191750624,95.6490404954978,124.351016691242,TRUE
"islr_credit_balance","random",14,"sigma","WPMM2",0,1.5,"full","blocked",NA,75.5846077476231,87.4396016497855,149.655478153787,290.111172104977,TRUE
"islr_credit_balance","random",15,"sigma","WPMM2",0,1.5,"full","blocked",NA,41.9285790414153,67.7529622239291,130.083896993355,90.2966450633371,TRUE
"islr_credit_balance","random",16,"sigma","WPMM2",0,1.5,"full","blocked",NA,76.065739931612,92.7833443017285,156.864478982964,281.419528823804,TRUE
"islr_credit_balance","random",17,"sigma","WPMM2",0,1.5,"full","blocked",NA,43.3984680709335,66.4721135661669,130.415799427798,126.933716483016,TRUE
"islr_credit_balance","random",18,"sigma","WPMM2",0,1.5,"full","blocked",NA,63.1613370854595,77.4730722853154,126.706347841881,223.234174172673,TRUE
"islr_credit_balance","random",19,"sigma","WPMM2",0,1.5,"full","blocked",NA,44.9608336229207,64.3509052623104,117.09307180813,99.9168291689535,TRUE
"islr_credit_balance","random",20,"sigma","WPMM2",0,1.5,"full","blocked",NA,46.6514063135145,60.884672195115,105.418802782369,103.498709846876,TRUE
"islr_credit_balance","random",21,"sigma","WPMM2",0,1.5,"full","blocked",NA,44.7436731199339,58.0337614631349,103.683656034949,107.350762090013,TRUE
"islr_credit_balance","random",22,"sigma","WPMM2",0,1.5,"full","blocked",NA,44.882050931295,68.869742892152,129.88465610457,123.280896278126,TRUE
"islr_credit_balance","random",23,"sigma","WPMM2",0,1.5,"full","blocked",NA,58.0420979469417,79.5704031692052,147.734251348634,233.996437480579,TRUE
"islr_credit_balance","random",24,"sigma","WPMM2",0,1.5,"full","blocked",NA,115.149618789854,109.408152003659,184.85418785523,413.117814759788,TRUE
"islr_credit_balance","random",25,"sigma","WPMM2",0,1.5,"full","blocked",NA,57.089176181833,70.5937030878889,113.944866114798,177.731688136757,TRUE
"islr_credit_balance","random",26,"sigma","WPMM2",0,1.5,"full","blocked",NA,46.6741721759463,66.7233883949994,118.914974117567,103.657895704957,TRUE
"islr_credit_balance","random",27,"sigma","WPMM2",0,1.5,"full","blocked",NA,59.1548673921126,80.553633975652,135.867622723815,131.27102423402,TRUE
"islr_credit_balance","random",28,"sigma","WPMM2",0,1.5,"full","blocked",NA,49.4995320660603,76.3062926056241,136.527348524159,139.056133346013,TRUE
"islr_credit_balance","random",29,"sigma","WPMM2",0,1.5,"full","blocked",NA,58.787719788218,79.1190111728805,138.291526665661,259.860256783127,TRUE
"islr_credit_balance","random",30,"sigma","WPMM2",0,1.5,"full","blocked",NA,57.7980239889477,85.9134400609522,153.015847773596,123.24912125522,TRUE
"islr_credit_balance","random",1,"sigma","WPMM3",0,1.5,"full","blocked",NA,50.2214350652657,77.2058369792301,137.801209682376,144.332884509071,TRUE
"islr_credit_balance","random",2,"sigma","WPMM3",0,1.5,"full","blocked",NA,47.507273539299,67.5465748807987,119.289325188738,128.055063267837,TRUE
"islr_credit_balance","random",3,"sigma","WPMM3",0,1.5,"full","blocked",NA,69.2873379696068,86.8978143507321,145.351191997408,263.437388229126,TRUE
"islr_credit_balance","random",4,"sigma","WPMM3",0,1.5,"full","blocked",NA,86.45504313175,95.4591625995332,169.578668555888,383.7828136707,TRUE
"islr_credit_balance","random",5,"sigma","WPMM3",0,1.5,"full","blocked",NA,43.8436985522445,61.269580141931,110.574314383553,133.472289039568,TRUE
"islr_credit_balance","random",6,"sigma","WPMM3",0,1.5,"full","blocked",NA,45.8661229950517,62.8272481337831,114.406549374584,121.735170101621,TRUE
"islr_credit_balance","random",7,"sigma","WPMM3",0,1.5,"full","blocked",NA,57.8273956580328,79.4518473379115,131.089277987364,193.691661647938,TRUE
"islr_credit_balance","random",8,"sigma","WPMM3",0,1.5,"full","blocked",NA,45.0355321570677,66.8016569549616,123.934870224661,135.280180144767,TRUE
"islr_credit_balance","random",9,"sigma","WPMM3",0,1.5,"full","blocked",NA,44.269641682339,65.7289531816765,130.245856774031,96.3193328306214,TRUE
"islr_credit_balance","random",10,"sigma","WPMM3",0,1.5,"full","blocked",NA,83.2601499306665,89.7026117508709,159.150820859992,352.438408489282,TRUE
"islr_credit_balance","random",11,"sigma","WPMM3",0,1.5,"full","blocked",NA,67.0317852300496,88.8666393892266,157.154827856748,240.896380791588,TRUE
"islr_credit_balance","random",12,"sigma","WPMM3",0,1.5,"full","blocked",NA,44.4011879619647,62.632661204692,109.888979518351,102.086558872789,TRUE
"islr_credit_balance","random",13,"sigma","WPMM3",0,1.5,"full","blocked",NA,44.4304424028775,56.3172788628505,96.0058967453901,92.0982497861671,TRUE
"islr_credit_balance","random",14,"sigma","WPMM3",0,1.5,"full","blocked",NA,96.8686051299737,122.071136878685,333.763909967065,474.989001247905,TRUE
"islr_credit_balance","random",15,"sigma","WPMM3",0,1.5,"full","blocked",NA,44.6042522213443,77.3206345364857,149.195511475591,88.0212200255082,TRUE
"islr_credit_balance","random",16,"sigma","WPMM3",0,1.5,"full","blocked",NA,90.1746566372674,104.493378150121,190.105046954182,441.303755596767,TRUE
"islr_credit_balance","random",17,"sigma","WPMM3",0,1.5,"full","blocked",NA,44.2411839752295,64.5946486585441,120.188328609479,176.694682704718,TRUE
"islr_credit_balance","random",18,"sigma","WPMM3",0,1.5,"full","blocked",NA,76.6135887965609,89.6318568659911,141.325159355219,252.244580604658,TRUE
"islr_credit_balance","random",19,"sigma","WPMM3",0,1.5,"full","blocked",NA,44.3224570904519,68.6278446634664,129.45618391991,111.055864725319,TRUE
"islr_credit_balance","random",20,"sigma","WPMM3",0,1.5,"full","blocked",NA,38.7468281672317,58.0075272697402,113.523753898758,86.7242734467675,TRUE
"islr_credit_balance","random",21,"sigma","WPMM3",0,1.5,"full","blocked",NA,39.8466811388126,58.3224601995262,115.337426438511,93.7289371257578,TRUE
"islr_credit_balance","random",22,"sigma","WPMM3",0,1.5,"full","blocked",NA,46.0213395657335,72.3403358972099,134.648256729539,145.532853058902,TRUE
"islr_credit_balance","random",23,"sigma","WPMM3",0,1.5,"full","blocked",NA,63.0821943066992,88.147861790013,173.729171467978,277.803650798793,TRUE
"islr_credit_balance","random",24,"sigma","WPMM3",0,1.5,"full","blocked",NA,103.637703989708,114.81390209895,190.37145238707,410.550131766105,TRUE
"islr_credit_balance","random",25,"sigma","WPMM3",0,1.5,"full","blocked",NA,65.0267567146119,76.0433302253472,121.034003430104,188.710149871168,TRUE
"islr_credit_balance","random",26,"sigma","WPMM3",0,1.5,"full","blocked",NA,40.114785543296,61.0292182176212,119.655732430651,88.3246419866461,TRUE
"islr_credit_balance","random",27,"sigma","WPMM3",0,1.5,"full","blocked",NA,66.9240173996348,84.0722509637983,128.934479703989,135.500464236215,TRUE
"islr_credit_balance","random",28,"sigma","WPMM3",0,1.5,"full","blocked",NA,42.4952346758472,75.826390159292,148.295233886501,123.92149905234,TRUE
"islr_credit_balance","random",29,"sigma","WPMM3",0,1.5,"full","blocked",NA,52.7474062692682,70.3029864489431,121.659365308216,182.29378883687,TRUE
"islr_credit_balance","random",30,"sigma","WPMM3",0,1.5,"full","blocked",NA,50.5229576596796,76.7716009484123,140.222063950536,119.456974081274,TRUE
"islr_credit_balance","random",1,"sigma","auto-valgate",0,1.5,"full","blocked",NA,49.6383471929785,81.108718824718,154.18325907539,165.513732914941,TRUE
"islr_credit_balance","random",2,"sigma","auto-valgate",0,1.5,"full","blocked",NA,72.1300468182946,84.6723754807676,144.57807191255,246.153870019968,TRUE
"islr_credit_balance","random",3,"sigma","auto-valgate",0,1.5,"full","blocked",NA,75.3921589888673,88.8169408942761,152.83682317652,295.146963548809,TRUE
"islr_credit_balance","random",4,"sigma","auto-valgate",0,1.5,"full","blocked",NA,82.6015323247873,100.552696090911,183.757897457863,355.278870768952,TRUE
"islr_credit_balance","random",5,"sigma","auto-valgate",0,1.5,"full","blocked",NA,56.4316891635449,74.1275572783043,129.538441388244,219.666844185935,TRUE
"islr_credit_balance","random",6,"sigma","auto-valgate",0,1.5,"full","blocked",NA,60.7824291846855,74.8415281917876,116.146820648644,139.335030492142,TRUE
"islr_credit_balance","random",7,"sigma","auto-valgate",0,1.5,"full","blocked",NA,66.0777126940868,89.6947256577603,155.265134927257,337.304895804886,TRUE
"islr_credit_balance","random",8,"sigma","auto-valgate",0,1.5,"full","blocked",NA,52.5978288946415,72.4066431560157,126.162316749663,151.5293368391,TRUE
"islr_credit_balance","random",9,"sigma","auto-valgate",0,1.5,"full","blocked",NA,44.7426022353092,71.1929638933849,138.138187669813,98.5991089479387,TRUE
"islr_credit_balance","random",10,"sigma","auto-valgate",0,1.5,"full","blocked",NA,77.4359580696897,85.2935782313258,146.395947201694,315.38922996717,TRUE
"islr_credit_balance","random",11,"sigma","auto-valgate",0,1.5,"full","blocked",NA,69.6291944812498,96.7188279838742,184.828993245573,376.35191392856,TRUE
"islr_credit_balance","random",12,"sigma","auto-valgate",0,1.5,"full","blocked",NA,39.1000248460986,65.6510929877995,133.682995832617,90.5337430167044,TRUE
"islr_credit_balance","random",13,"sigma","auto-valgate",0,1.5,"full","blocked",NA,54.9817490078675,65.0257222629984,101.143320959309,123.541134344768,TRUE
"islr_credit_balance","random",14,"sigma","auto-valgate",0,1.5,"full","blocked",NA,66.6355722409189,87.3860292765945,151.271893695871,246.061030437902,TRUE
"islr_credit_balance","random",15,"sigma","auto-valgate",0,1.5,"full","blocked",NA,45.2809986579847,71.0422997864426,131.74283233302,99.6370245991414,TRUE
"islr_credit_balance","random",16,"sigma","auto-valgate",0,1.5,"full","blocked",NA,66.5165656713001,89.4080282935011,167.779705990976,335.870846045872,TRUE
"islr_credit_balance","random",17,"sigma","auto-valgate",0,1.5,"full","blocked",NA,41.8397611018246,67.2127197348402,134.150125444622,95.3648320555403,TRUE
"islr_credit_balance","random",18,"sigma","auto-valgate",0,1.5,"full","blocked",NA,69.5905051187243,87.1938654821938,142.361814580574,255.649623028477,TRUE
"islr_credit_balance","random",19,"sigma","auto-valgate",0,1.5,"full","blocked",NA,54.7897652256761,74.7106962582915,128.754968835543,121.795065160934,TRUE
"islr_credit_balance","random",20,"sigma","auto-valgate",0,1.5,"full","blocked",NA,46.1360171259086,63.2410679576939,115.92954510527,106.347349061555,TRUE
"islr_credit_balance","random",21,"sigma","auto-valgate",0,1.5,"full","blocked",NA,43.7220619859203,60.7180120426908,114.153366935296,95.1902490848099,TRUE
"islr_credit_balance","random",22,"sigma","auto-valgate",0,1.5,"full","blocked",NA,43.7775144758716,70.2642953713933,134.971890694355,136.458559008265,TRUE
"islr_credit_balance","random",23,"sigma","auto-valgate",0,1.5,"full","blocked",NA,60.5385748069347,81.1983407466555,142.534476348685,229.524026478648,TRUE
"islr_credit_balance","random",24,"sigma","auto-valgate",0,1.5,"full","blocked",NA,92.2550572881007,101.927660256313,178.558059297047,412.878335716336,TRUE
"islr_credit_balance","random",25,"sigma","auto-valgate",0,1.5,"full","blocked",NA,51.8061966935708,61.9735735257496,97.6140472013594,148.270876788016,TRUE
"islr_credit_balance","random",26,"sigma","auto-valgate",0,1.5,"full","blocked",NA,44.717678858873,65.4865311883799,127.401654486724,110.851230111457,TRUE
"islr_credit_balance","random",27,"sigma","auto-valgate",0,1.5,"full","blocked",NA,51.5256857718931,78.0303012306025,139.519845222679,121.134385328761,TRUE
"islr_credit_balance","random",28,"sigma","auto-valgate",0,1.5,"full","blocked",NA,50.4450568237135,75.9636640859656,140.203258097186,205.099491895982,TRUE
"islr_credit_balance","random",29,"sigma","auto-valgate",0,1.5,"full","blocked",NA,55.8253385165892,77.9094677258897,133.728980915014,165.765503000935,TRUE
"islr_credit_balance","random",30,"sigma","auto-valgate",0,1.5,"full","blocked",NA,58.8584801941901,93.4754461219335,221.319125570651,162.976856854224,TRUE
"islr_credit_balance","random",1,"sigma","WPMM2",0,4,"full","blocked",NA,61.4903061554179,90.9524339851125,159.734419792068,251.971514260219,TRUE
"islr_credit_balance","random",2,"sigma","WPMM2",0,4,"full","blocked",NA,50.9429808371587,72.2383177249255,127.452758508555,138.446135898967,TRUE
"islr_credit_balance","random",3,"sigma","WPMM2",0,4,"full","blocked",NA,90.7322605683646,102.613551428439,175.69577383897,425.876214315903,TRUE
"islr_credit_balance","random",4,"sigma","WPMM2",0,4,"full","blocked",NA,90.2283731445353,111.912194339996,194.853557243543,378.719811291856,TRUE
"islr_credit_balance","random",5,"sigma","WPMM2",0,4,"full","blocked",NA,50.2621686211603,70.5646462395622,119.819270513987,165.571924821401,TRUE
"islr_credit_balance","random",6,"sigma","WPMM2",0,4,"full","blocked",NA,42.6628025871552,67.30584604464,129.95863521162,139.022364046474,TRUE
"islr_credit_balance","random",7,"sigma","WPMM2",0,4,"full","blocked",NA,57.1566944678089,80.0722635319245,137.032388116969,177.981434327068,TRUE
"islr_credit_balance","random",8,"sigma","WPMM2",0,4,"full","blocked",NA,51.0617051762588,74.40537592548,133.569858823885,149.582920609106,TRUE
"islr_credit_balance","random",9,"sigma","WPMM2",0,4,"full","blocked",NA,58.5959322077577,77.3182763405278,136.598241151757,132.985994697014,TRUE
"islr_credit_balance","random",10,"sigma","WPMM2",0,4,"full","blocked",NA,81.0571440641243,87.4392591257498,149.980647374307,334.989019015291,TRUE
"islr_credit_balance","random",11,"sigma","WPMM2",0,4,"full","blocked",NA,51.0824665548555,80.9101487382914,152.374590567428,172.454374052038,TRUE
"islr_credit_balance","random",12,"sigma","WPMM2",0,4,"full","blocked",NA,43.6691770941436,62.4569506108193,112.494968659093,95.9190031669003,TRUE
"islr_credit_balance","random",13,"sigma","WPMM2",0,4,"full","blocked",NA,52.6671609055984,61.8407271165624,92.1113408396022,111.271395533104,TRUE
"islr_credit_balance","random",14,"sigma","WPMM2",0,4,"full","blocked",NA,78.4460164399798,100.714165017599,177.489183148149,432.020682469952,TRUE
"islr_credit_balance","random",15,"sigma","WPMM2",0,4,"full","blocked",NA,47.3569824342956,78.532758807939,145.10055541812,95.5242669345373,TRUE
"islr_credit_balance","random",16,"sigma","WPMM2",0,4,"full","blocked",NA,86.4609730267619,106.183029434539,184.24147008943,404.52798981296,TRUE
"islr_credit_balance","random",17,"sigma","WPMM2",0,4,"full","blocked",NA,46.6558964628074,71.3695849835332,133.328384730512,157.734238252145,TRUE
"islr_credit_balance","random",18,"sigma","WPMM2",0,4,"full","blocked",NA,77.9691680418243,91.7659909866066,147.502894982505,258.161460774932,TRUE
"islr_credit_balance","random",19,"sigma","WPMM2",0,4,"full","blocked",NA,58.6259057741335,79.2861158373008,133.769219282311,119.352860812701,TRUE
"islr_credit_balance","random",20,"sigma","WPMM2",0,4,"full","blocked",NA,42.7515771621241,58.0588090745998,111.94547375284,99.4055246675746,TRUE
"islr_credit_balance","random",21,"sigma","WPMM2",0,4,"full","blocked",NA,40.6820681032166,55.4207053362688,100.610798673576,91.8456771057956,TRUE
"islr_credit_balance","random",22,"sigma","WPMM2",0,4,"full","blocked",NA,42.9754001868939,75.1432121146913,145.735494444661,121.5383614085,TRUE
"islr_credit_balance","random",23,"sigma","WPMM2",0,4,"full","blocked",NA,61.475025481221,99.8927895064684,194.034793403233,184.182518875891,TRUE
"islr_credit_balance","random",24,"sigma","WPMM2",0,4,"full","blocked",NA,108.809864365806,110.388959359462,184.628984045508,430.869922755504,TRUE
"islr_credit_balance","random",25,"sigma","WPMM2",0,4,"full","blocked",NA,51.2955277026825,69.2295827038416,111.599927348498,125.799156870203,TRUE
"islr_credit_balance","random",26,"sigma","WPMM2",0,4,"full","blocked",NA,49.7136464425815,69.5405633820455,124.202594183385,103.943092538056,TRUE
"islr_credit_balance","random",27,"sigma","WPMM2",0,4,"full","blocked",NA,59.7668557423428,81.6803991664056,135.618290172269,129.532308476839,TRUE
"islr_credit_balance","random",28,"sigma","WPMM2",0,4,"full","blocked",NA,48.215007496777,78.0400098550843,145.13108230838,195.486124534069,TRUE
"islr_credit_balance","random",29,"sigma","WPMM2",0,4,"full","blocked",NA,62.5146814185748,85.1905479910716,148.510819917884,276.340985870801,TRUE
"islr_credit_balance","random",30,"sigma","WPMM2",0,4,"full","blocked",NA,50.1774733645267,82.2353766315208,152.314773320151,111.25984474888,TRUE
"islr_credit_balance","random",1,"sigma","WPMM3",0,4,"full","blocked",NA,51.1469583768994,77.236503726742,138.219387524108,143.939791060132,TRUE
"islr_credit_balance","random",2,"sigma","WPMM3",0,4,"full","blocked",NA,56.5247974665036,72.5018468769978,118.424517527491,162.078626923012,TRUE
"islr_credit_balance","random",3,"sigma","WPMM3",0,4,"full","blocked",NA,86.7115677944463,93.7929068479654,143.96335637553,317.18951800951,TRUE
"islr_credit_balance","random",4,"sigma","WPMM3",0,4,"full","blocked",NA,102.512725113969,103.872463012943,164.392727152312,346.377532879342,TRUE
"islr_credit_balance","random",5,"sigma","WPMM3",0,4,"full","blocked",NA,62.8000298595251,77.5103783341708,133.894014812676,215.273759525201,TRUE
"islr_credit_balance","random",6,"sigma","WPMM3",0,4,"full","blocked",NA,58.6235502182063,72.9894053019758,113.163522242813,132.060236181593,TRUE
"islr_credit_balance","random",7,"sigma","WPMM3",0,4,"full","blocked",NA,82.577206231324,94.6633190357235,141.00049193472,252.42293033745,TRUE
"islr_credit_balance","random",8,"sigma","WPMM3",0,4,"full","blocked",NA,62.9305268739611,76.3607330016038,115.705550084486,150.388073211058,TRUE
"islr_credit_balance","random",9,"sigma","WPMM3",0,4,"full","blocked",NA,54.0833783542071,69.7438455675986,113.096064870011,135.257968566077,TRUE
"islr_credit_balance","random",10,"sigma","WPMM3",0,4,"full","blocked",NA,83.5070527824568,87.9242678236856,146.027587079168,329.476957267771,TRUE
"islr_credit_balance","random",11,"sigma","WPMM3",0,4,"full","blocked",NA,72.9418412528466,86.0495603881691,136.996102548737,231.692779816146,TRUE
"islr_credit_balance","random",12,"sigma","WPMM3",0,4,"full","blocked",NA,62.9507032834548,70.1154322021997,107.026701640289,143.61412529302,TRUE
"islr_credit_balance","random",13,"sigma","WPMM3",0,4,"full","blocked",NA,58.6563366058449,66.7190808152537,98.8027249428021,127.918761643795,TRUE
"islr_credit_balance","random",14,"sigma","WPMM3",0,4,"full","blocked",NA,68.0711461395197,90.8936216409041,161.494944740095,295.727264238688,TRUE
"islr_credit_balance","random",15,"sigma","WPMM3",0,4,"full","blocked",NA,45.7877710529952,78.1308795873166,151.764936072803,110.13582587312,TRUE
"islr_credit_balance","random",16,"sigma","WPMM3",0,4,"full","blocked",NA,66.4752840122625,88.0344797558411,152.204925146525,281.937548770218,TRUE
"islr_credit_balance","random",17,"sigma","WPMM3",0,4,"full","blocked",NA,43.0737251503266,65.1457883215444,124.81024647833,116.836991274125,TRUE
"islr_credit_balance","random",18,"sigma","WPMM3",0,4,"full","blocked",NA,58.6794423767454,79.6784511976935,136.068322716486,174.866633717388,TRUE
"islr_credit_balance","random",19,"sigma","WPMM3",0,4,"full","blocked",NA,47.3387073686396,68.3418849495094,125.147611499934,105.875747047895,TRUE
"islr_credit_balance","random",20,"sigma","WPMM3",0,4,"full","blocked",NA,40.7211456027983,61.9129062602839,123.276510297907,81.0040412714684,TRUE
"islr_credit_balance","random",21,"sigma","WPMM3",0,4,"full","blocked",NA,36.8891569446945,54.9240915627578,112.67441714535,83.9273005549415,TRUE
"islr_credit_balance","random",22,"sigma","WPMM3",0,4,"full","blocked",NA,68.1019914787208,81.8285274261553,124.72716815299,140.282077869486,TRUE
"islr_credit_balance","random",23,"sigma","WPMM3",0,4,"full","blocked",NA,67.5561691128912,84.848524988577,153.812336940126,321.562523219953,TRUE
"islr_credit_balance","random",24,"sigma","WPMM3",0,4,"full","blocked",NA,112.420082876836,117.379776795732,184.809221177516,385.700008121396,TRUE
"islr_credit_balance","random",25,"sigma","WPMM3",0,4,"full","blocked",NA,51.5545198353119,72.9212631206105,134.248321310355,126.0653198713,TRUE
"islr_credit_balance","random",26,"sigma","WPMM3",0,4,"full","blocked",NA,41.3188815692,59.4011878913506,107.699542842339,89.2031340686609,TRUE
"islr_credit_balance","random",27,"sigma","WPMM3",0,4,"full","blocked",NA,66.8310360366405,84.0281139232424,129.391669113704,133.649818864214,TRUE
"islr_credit_balance","random",28,"sigma","WPMM3",0,4,"full","blocked",NA,43.6778438931032,78.2840974458023,151.865766842346,126.483219398201,TRUE
"islr_credit_balance","random",29,"sigma","WPMM3",0,4,"full","blocked",NA,61.7296499476874,87.4973691735633,149.960735006961,194.837108138648,TRUE
"islr_credit_balance","random",30,"sigma","WPMM3",0,4,"full","blocked",NA,53.3425705228019,78.8890957561184,138.441037855786,120.060698288151,TRUE
"islr_credit_balance","random",1,"sigma","auto-valgate",0,4,"full","blocked",NA,50.2477031603541,81.1338304886453,151.12355639369,171.002862011757,TRUE
"islr_credit_balance","random",2,"sigma","auto-valgate",0,4,"full","blocked",NA,63.8862224253165,77.5699718744223,129.138813673667,223.383650015618,TRUE
"islr_credit_balance","random",3,"sigma","auto-valgate",0,4,"full","blocked",NA,70.7391317059152,87.8900976736091,146.89531783265,266.928022341349,TRUE
"islr_credit_balance","random",4,"sigma","auto-valgate",0,4,"full","blocked",NA,112.579203571204,111.447204087653,195.552625802842,450.226339331522,TRUE
"islr_credit_balance","random",5,"sigma","auto-valgate",0,4,"full","blocked",NA,54.441250293311,69.3385289271994,112.9981383551,142.171194221939,TRUE
"islr_credit_balance","random",6,"sigma","auto-valgate",0,4,"full","blocked",NA,59.3986663935433,72.0118479104546,111.158680345904,139.809325221802,TRUE
"islr_credit_balance","random",7,"sigma","auto-valgate",0,4,"full","blocked",NA,65.5279613087267,90.8951821866376,171.562177571378,221.03916709968,TRUE
"islr_credit_balance","random",8,"sigma","auto-valgate",0,4,"full","blocked",NA,50.443087236799,70.0278924990227,120.712051912716,119.500678500705,TRUE
"islr_credit_balance","random",9,"sigma","auto-valgate",0,4,"full","blocked",NA,52.0585805948876,76.4473690934186,141.027237530181,115.438974898411,TRUE
"islr_credit_balance","random",10,"sigma","auto-valgate",0,4,"full","blocked",NA,81.9771392301553,87.6067085204656,139.656450370811,293.689703902345,TRUE
"islr_credit_balance","random",11,"sigma","auto-valgate",0,4,"full","blocked",NA,70.0524591143083,96.0644047128691,178.372618887362,372.471244308435,TRUE
"islr_credit_balance","random",12,"sigma","auto-valgate",0,4,"full","blocked",NA,41.7202063323282,67.6209997713505,134.356004729069,93.0701819806294,TRUE
"islr_credit_balance","random",13,"sigma","auto-valgate",0,4,"full","blocked",NA,42.6931489360157,56.3658119100314,93.5513353208275,85.3055725855839,TRUE
"islr_credit_balance","random",14,"sigma","auto-valgate",0,4,"full","blocked",NA,68.5626598203784,87.7969487454919,151.282367240006,275.517110993002,TRUE
"islr_credit_balance","random",15,"sigma","auto-valgate",0,4,"full","blocked",NA,47.6431074099085,78.9270755291932,148.159620505816,99.7963195625916,TRUE
"islr_credit_balance","random",16,"sigma","auto-valgate",0,4,"full","blocked",NA,69.7935000786069,89.1883276018171,161.03882551287,346.513826071914,TRUE
"islr_credit_balance","random",17,"sigma","auto-valgate",0,4,"full","blocked",NA,41.5139623234724,66.6434418094453,131.591047673848,119.067831140274,TRUE
"islr_credit_balance","random",18,"sigma","auto-valgate",0,4,"full","blocked",NA,80.9519667354704,95.2264196207412,145.075298321472,232.287523660476,TRUE
"islr_credit_balance","random",19,"sigma","auto-valgate",0,4,"full","blocked",NA,52.5712496276915,74.5324506149297,133.399709686403,124.397029311092,TRUE
"islr_credit_balance","random",20,"sigma","auto-valgate",0,4,"full","blocked",NA,44.5563836914143,59.0801012368983,111.227097337031,103.28850926992,TRUE
"islr_credit_balance","random",21,"sigma","auto-valgate",0,4,"full","blocked",NA,38.5966993249568,58.1113500905116,115.51839395692,92.3158663454449,TRUE
"islr_credit_balance","random",22,"sigma","auto-valgate",0,4,"full","blocked",NA,42.1333086753303,72.85489820838,143.948520227379,101.821898136481,TRUE
"islr_credit_balance","random",23,"sigma","auto-valgate",0,4,"full","blocked",NA,60.7015853765332,79.6000951170214,151.136780613057,310.22073134514,TRUE
"islr_credit_balance","random",24,"sigma","auto-valgate",0,4,"full","blocked",NA,92.9475616688436,103.075373782251,188.236174409722,463.915255371509,TRUE
"islr_credit_balance","random",25,"sigma","auto-valgate",0,4,"full","blocked",NA,58.7679637707984,68.0570359961667,104.61133820088,175.260754686713,TRUE
"islr_credit_balance","random",26,"sigma","auto-valgate",0,4,"full","blocked",NA,44.3797326585681,67.4618683638636,131.012646615085,95.96604638296,TRUE
"islr_credit_balance","random",27,"sigma","auto-valgate",0,4,"full","blocked",NA,62.6730167770193,83.7139906119857,136.257616619978,127.107168983593,TRUE
"islr_credit_balance","random",28,"sigma","auto-valgate",0,4,"full","blocked",NA,47.8991721043924,74.4724827424996,138.225324831142,202.315169607429,TRUE
"islr_credit_balance","random",29,"sigma","auto-valgate",0,4,"full","blocked",NA,54.7484254839279,78.1894809705826,139.271258025099,218.821049475719,TRUE
"islr_credit_balance","random",30,"sigma","auto-valgate",0,4,"full","blocked",NA,59.4974919811603,92.5500380760232,205.90225816362,147.918262018358,TRUE
"islr_credit_balance","random",1,"seeds","auto",1,2.5,"full","blocked",NA,64.4963414132619,78.9794849383843,121.308995623192,171.297994955442,TRUE
"islr_credit_balance","random",2,"seeds","auto",1,2.5,"full","blocked",NA,65.8573709157072,77.9899986929612,122.502921992843,181.590874755782,TRUE
"islr_credit_balance","random",3,"seeds","auto",1,2.5,"full","blocked",NA,77.8361843236333,89.6606062679472,134.01110635466,218.694402181775,TRUE
"islr_credit_balance","random",4,"seeds","auto",1,2.5,"full","blocked",NA,97.5178890082253,98.6162004782394,162.242981089815,352.319718110183,TRUE
"islr_credit_balance","random",5,"seeds","auto",1,2.5,"full","blocked",NA,73.603841968014,82.7716834503369,115.896879974662,157.252750137282,TRUE
"islr_credit_balance","random",6,"seeds","auto",1,2.5,"full","blocked",NA,51.3595163814643,61.2152706457282,92.2453065759153,105.290476682404,TRUE
"islr_credit_balance","random",7,"seeds","auto",1,2.5,"full","blocked",NA,66.094583478656,79.885991875465,125.155710114717,205.900407604884,TRUE
"islr_credit_balance","random",8,"seeds","auto",1,2.5,"full","blocked",NA,63.5512801420732,69.316697728917,100.497779471163,155.346156022851,TRUE
"islr_credit_balance","random",9,"seeds","auto",1,2.5,"full","blocked",NA,56.8277505211205,62.4826487780601,90.8370864063805,112.266459838502,TRUE
"islr_credit_balance","random",10,"seeds","auto",1,2.5,"full","blocked",NA,84.4308568276119,103.560516280336,169.846641098825,323.052612103377,TRUE
"islr_credit_balance","random",11,"seeds","auto",1,2.5,"full","blocked",NA,60.7242611862575,79.8803165211522,132.885503766869,163.317394130552,TRUE
"islr_credit_balance","random",12,"seeds","auto",1,2.5,"full","blocked",NA,62.6635213310189,71.3003088092546,104.800620216956,132.292550838869,TRUE
"islr_credit_balance","random",13,"seeds","auto",1,2.5,"full","blocked",NA,59.6911791821243,66.7248776771349,95.1855009827675,133.710676054382,TRUE
"islr_credit_balance","random",14,"seeds","auto",1,2.5,"full","blocked",NA,74.2923551299705,89.3351084175524,151.269821534963,307.53169282268,TRUE
"islr_credit_balance","random",15,"seeds","auto",1,2.5,"full","blocked",NA,53.3587243041683,73.6483968736173,126.48959714952,120.967757345399,TRUE
"islr_credit_balance","random",16,"seeds","auto",1,2.5,"full","blocked",NA,71.0093737746402,89.2204745736232,148.83087251893,277.803332294078,TRUE
"islr_credit_balance","random",17,"seeds","auto",1,2.5,"full","blocked",NA,57.4736573290969,73.4042336777096,117.068468014814,120.436530749558,TRUE
"islr_credit_balance","random",18,"seeds","auto",1,2.5,"full","blocked",NA,74.8485792226845,88.8890447929414,131.185414991917,171.01170397913,TRUE
"islr_credit_balance","random",19,"seeds","auto",1,2.5,"full","blocked",NA,59.9246313319593,77.5520016824397,127.62226354087,137.248476847723,TRUE
"islr_credit_balance","random",20,"seeds","auto",1,2.5,"full","blocked",NA,58.3213582717309,67.948417191808,102.976909769558,122.617612333534,TRUE
"islr_credit_balance","random",21,"seeds","auto",1,2.5,"full","blocked",NA,60.0498340524993,71.3644664349,108.511731954902,120.369976278633,TRUE
"islr_credit_balance","random",22,"seeds","auto",1,2.5,"full","blocked",NA,66.7496325585234,80.3372299218575,122.367708259751,160.639703608604,TRUE
"islr_credit_balance","random",23,"seeds","auto",1,2.5,"full","blocked",NA,61.5604029664436,75.2496204434451,136.65002934164,288.153692550974,TRUE
"islr_credit_balance","random",24,"seeds","auto",1,2.5,"full","blocked",NA,111.951336198209,114.551256364364,186.285298937189,419.977725072994,TRUE
"islr_credit_balance","random",25,"seeds","auto",1,2.5,"full","blocked",NA,80.7962743177932,94.6018740362105,145.737355259726,260.666850327716,TRUE
"islr_credit_balance","random",26,"seeds","auto",1,2.5,"full","blocked",NA,46.0487142421377,59.9664788774491,110.129010630477,103.456397190334,TRUE
"islr_credit_balance","random",27,"seeds","auto",1,2.5,"full","blocked",NA,52.9654293059607,73.2875782885373,123.51552559727,131.478764957895,TRUE
"islr_credit_balance","random",28,"seeds","auto",1,2.5,"full","blocked",NA,57.5893246604176,72.7193132829586,114.647170230586,164.035067470137,TRUE
"islr_credit_balance","random",29,"seeds","auto",1,2.5,"full","blocked",NA,61.5283613329952,81.1269306024167,138.394787408721,175.883441320957,TRUE
"islr_credit_balance","random",30,"seeds","auto",1,2.5,"full","blocked",NA,55.791828779124,74.8464115998927,122.567762644798,119.132897176593,TRUE
"islr_credit_balance","random",1,"seeds","auto",2,2.5,"full","blocked",NA,56.3867450063429,77.5612643543353,128.246548558334,145.956865979583,TRUE
"islr_credit_balance","random",2,"seeds","auto",2,2.5,"full","blocked",NA,60.0628597983185,74.0423384162512,125.731310219706,164.36597420815,TRUE
"islr_credit_balance","random",3,"seeds","auto",2,2.5,"full","blocked",NA,74.3302085248081,88.349562323545,139.175503453606,248.325494360523,TRUE
"islr_credit_balance","random",4,"seeds","auto",2,2.5,"full","blocked",NA,92.8986892535296,94.8319336440424,153.696756722185,336.600825613867,TRUE
"islr_credit_balance","random",5,"seeds","auto",2,2.5,"full","blocked",NA,57.6121002201447,70.2478260158312,109.285782850596,179.875967909705,TRUE
"islr_credit_balance","random",6,"seeds","auto",2,2.5,"full","blocked",NA,45.8995715887602,54.4183910932883,81.8775689320744,101.887483990422,TRUE
"islr_credit_balance","random",7,"seeds","auto",2,2.5,"full","blocked",NA,56.4223061774188,75.7307345290961,126.008451129813,129.225077124486,TRUE
"islr_credit_balance","random",8,"seeds","auto",2,2.5,"full","blocked",NA,56.7317343959307,70.383574808873,117.833033161642,124.742517500383,TRUE
"islr_credit_balance","random",9,"seeds","auto",2,2.5,"full","blocked",NA,58.4903040829172,69.2075562372293,106.301308804076,136.504330570273,TRUE
"islr_credit_balance","random",10,"seeds","auto",2,2.5,"full","blocked",NA,85.5477771755737,101.309467761706,173.016492204685,353.445286909531,TRUE
"islr_credit_balance","random",11,"seeds","auto",2,2.5,"full","blocked",NA,58.8302223016771,75.0686451011342,122.190647386065,191.895665055309,TRUE
"islr_credit_balance","random",12,"seeds","auto",2,2.5,"full","blocked",NA,63.4540841361498,71.7683752185097,102.03308190724,143.412451296658,TRUE
"islr_credit_balance","random",13,"seeds","auto",2,2.5,"full","blocked",NA,66.7697790927609,71.2901984834362,98.1225849564937,145.320802876298,TRUE
"islr_credit_balance","random",14,"seeds","auto",2,2.5,"full","blocked",NA,81.5944282470389,100.885498616448,198.284670588596,392.85901147093,TRUE
"islr_credit_balance","random",15,"seeds","auto",2,2.5,"full","blocked",NA,49.0781584962397,75.5166819703846,138.507632237986,109.696640076142,TRUE
"islr_credit_balance","random",16,"seeds","auto",2,2.5,"full","blocked",NA,73.2620632317544,92.1685746201047,148.261570168489,283.315427301006,TRUE
"islr_credit_balance","random",17,"seeds","auto",2,2.5,"full","blocked",NA,60.733784056883,74.8307429928079,117.692540628883,139.685156261508,TRUE
"islr_credit_balance","random",18,"seeds","auto",2,2.5,"full","blocked",NA,75.3357031383594,83.536799252394,131.158804712246,244.977420821461,TRUE
"islr_credit_balance","random",19,"seeds","auto",2,2.5,"full","blocked",NA,64.1090472516805,78.2524173505688,127.1751997542,139.661846532228,TRUE
"islr_credit_balance","random",20,"seeds","auto",2,2.5,"full","blocked",NA,59.5103486299678,71.7074901553422,108.894255063653,134.618235104913,TRUE
"islr_credit_balance","random",21,"seeds","auto",2,2.5,"full","blocked",NA,54.2081233978406,65.7105128037549,99.7025478242015,116.163335574497,TRUE
"islr_credit_balance","random",22,"seeds","auto",2,2.5,"full","blocked",NA,56.4227807253181,76.6230880075823,131.657087407689,125.654049150206,TRUE
"islr_credit_balance","random",23,"seeds","auto",2,2.5,"full","blocked",NA,74.8835204641677,93.5825483994086,157.350819763142,244.070655131318,TRUE
"islr_credit_balance","random",24,"seeds","auto",2,2.5,"full","blocked",NA,106.78178321568,105.812911549186,176.792443129826,418.924762596761,TRUE
"islr_credit_balance","random",25,"seeds","auto",2,2.5,"full","blocked",NA,75.0367850305966,84.4881342572158,123.696730794767,178.72654088906,TRUE
"islr_credit_balance","random",26,"seeds","auto",2,2.5,"full","blocked",NA,59.1511521058711,69.172670009487,98.970289057377,123.898160263138,TRUE
"islr_credit_balance","random",27,"seeds","auto",2,2.5,"full","blocked",NA,55.7469761511192,74.9483033236988,124.848238338373,124.368919612473,TRUE
"islr_credit_balance","random",28,"seeds","auto",2,2.5,"full","blocked",NA,61.2933269631242,74.349958176558,120.423689609783,199.563165656676,TRUE
"islr_credit_balance","random",29,"seeds","auto",2,2.5,"full","blocked",NA,62.6577214598847,83.2127883151206,145.182355540412,228.743831337305,TRUE
"islr_credit_balance","random",30,"seeds","auto",2,2.5,"full","blocked",NA,63.564642853864,78.8448026046573,120.846682056267,175.012061986876,TRUE
"islr_credit_balance","random",1,"seeds","auto-weak",1,2.5,"full","blocked",NA,62.4035047403988,80.9723206140428,131.333388269041,169.178361534024,TRUE
"islr_credit_balance","random",2,"seeds","auto-weak",1,2.5,"full","blocked",NA,61.2068501938934,75.2069261160204,121.911267870511,184.143859355124,TRUE
"islr_credit_balance","random",3,"seeds","auto-weak",1,2.5,"full","blocked",NA,75.0932997836872,87.6578000437085,132.104722601315,249.673649978761,TRUE
"islr_credit_balance","random",4,"seeds","auto-weak",1,2.5,"full","blocked",NA,92.8087998956974,97.808108705347,164.916027013638,360.807216028514,TRUE
"islr_credit_balance","random",5,"seeds","auto-weak",1,2.5,"full","blocked",NA,62.2557568630804,75.167042833817,112.961631736936,158.521071708846,TRUE
"islr_credit_balance","random",6,"seeds","auto-weak",1,2.5,"full","blocked",NA,62.2727190190356,70.3596828850841,96.5976418249019,146.470710331389,TRUE
"islr_credit_balance","random",7,"seeds","auto-weak",1,2.5,"full","blocked",NA,71.4004433861767,84.3279779117575,126.799076162311,191.801316398172,TRUE
"islr_credit_balance","random",8,"seeds","auto-weak",1,2.5,"full","blocked",NA,57.1263796258357,68.7241974225554,108.23298586423,147.067789729017,TRUE
"islr_credit_balance","random",9,"seeds","auto-weak",1,2.5,"full","blocked",NA,57.2430570806586,68.4953316297353,104.875697864031,119.374961395127,TRUE
"islr_credit_balance","random",10,"seeds","auto-weak",1,2.5,"full","blocked",NA,85.3603481470183,91.4035984330088,158.583709770481,351.386458186914,TRUE
"islr_credit_balance","random",11,"seeds","auto-weak",1,2.5,"full","blocked",NA,60.8650088635631,80.9662755697228,148.662338446028,225.953919508411,TRUE
"islr_credit_balance","random",12,"seeds","auto-weak",1,2.5,"full","blocked",NA,60.7986603412969,69.5319909397343,102.140178886746,136.898467906454,TRUE
"islr_credit_balance","random",13,"seeds","auto-weak",1,2.5,"full","blocked",NA,68.785539397281,69.7723892353944,97.7177243592249,156.728562166124,TRUE
"islr_credit_balance","random",14,"seeds","auto-weak",1,2.5,"full","blocked",NA,73.1883430395192,89.5762472063343,151.981929091921,321.130760089287,TRUE
"islr_credit_balance","random",15,"seeds","auto-weak",1,2.5,"full","blocked",NA,49.9355747733325,73.9580133341933,134.81119100763,112.86739123654,TRUE
"islr_credit_balance","random",16,"seeds","auto-weak",1,2.5,"full","blocked",NA,66.2415034774798,86.7389845251842,149.12304807065,224.681038461771,TRUE
"islr_credit_balance","random",17,"seeds","auto-weak",1,2.5,"full","blocked",NA,45.9516754292587,63.5910202491333,115.44514860124,104.688034081093,TRUE
"islr_credit_balance","random",18,"seeds","auto-weak",1,2.5,"full","blocked",NA,90.0230943260773,95.8148681347351,151.448063519147,316.81157040648,TRUE
"islr_credit_balance","random",19,"seeds","auto-weak",1,2.5,"full","blocked",NA,61.265167852716,74.4719263136341,118.659482434459,137.938098644499,TRUE
"islr_credit_balance","random",20,"seeds","auto-weak",1,2.5,"full","blocked",NA,54.0432009858646,63.498716210483,102.494289505828,115.057419126962,TRUE
"islr_credit_balance","random",21,"seeds","auto-weak",1,2.5,"full","blocked",NA,54.2477852245546,66.4059476587741,102.688573559665,117.500002349102,TRUE
"islr_credit_balance","random",22,"seeds","auto-weak",1,2.5,"full","blocked",NA,47.4118046491767,71.8944790096937,131.917861105323,143.103448139027,TRUE
"islr_credit_balance","random",23,"seeds","auto-weak",1,2.5,"full","blocked",NA,57.214036767831,84.3598500955163,168.20108623157,265.860961312673,TRUE
"islr_credit_balance","random",24,"seeds","auto-weak",1,2.5,"full","blocked",NA,105.644899745413,102.771085674182,170.701947642202,371.767284215838,TRUE
"islr_credit_balance","random",25,"seeds","auto-weak",1,2.5,"full","blocked",NA,56.9922500521833,75.3537424192241,126.075263055611,210.067118771486,TRUE
"islr_credit_balance","random",26,"seeds","auto-weak",1,2.5,"full","blocked",NA,51.1842077403427,65.9148416361559,111.987763960054,115.458087336908,TRUE
"islr_credit_balance","random",27,"seeds","auto-weak",1,2.5,"full","blocked",NA,49.9884110499234,67.9662684926319,112.960893741212,106.315026181613,TRUE
"islr_credit_balance","random",28,"seeds","auto-weak",1,2.5,"full","blocked",NA,51.4736418485795,73.2984106631872,126.615461240285,178.936081897331,TRUE
"islr_credit_balance","random",29,"seeds","auto-weak",1,2.5,"full","blocked",NA,73.3173177068486,93.3448754108523,144.177357112347,184.375185433185,TRUE
"islr_credit_balance","random",30,"seeds","auto-weak",1,2.5,"full","blocked",NA,61.2200363235874,75.9248191084273,119.494680220128,135.945304420236,TRUE
"islr_credit_balance","random",1,"seeds","auto-weak",2,2.5,"full","blocked",NA,51.9037672151536,75.0639413001744,134.819167763492,160.990886330624,TRUE
"islr_credit_balance","random",2,"seeds","auto-weak",2,2.5,"full","blocked",NA,72.2741521091389,76.666374794687,109.196796223585,223.913624646082,TRUE
"islr_credit_balance","random",3,"seeds","auto-weak",2,2.5,"full","blocked",NA,80.5062911871608,92.2133096308374,137.195261200752,278.660536292024,TRUE
"islr_credit_balance","random",4,"seeds","auto-weak",2,2.5,"full","blocked",NA,96.7167162914461,96.3767952181244,155.24051056022,334.026569611786,TRUE
"islr_credit_balance","random",5,"seeds","auto-weak",2,2.5,"full","blocked",NA,72.7739482278098,83.5205263106995,124.983347868084,192.884404660672,TRUE
"islr_credit_balance","random",6,"seeds","auto-weak",2,2.5,"full","blocked",NA,43.7896897504817,62.0312605746293,108.455794216538,119.095310046125,TRUE
"islr_credit_balance","random",7,"seeds","auto-weak",2,2.5,"full","blocked",NA,68.706291492546,84.2038189755251,123.023609326766,175.69527562208,TRUE
"islr_credit_balance","random",8,"seeds","auto-weak",2,2.5,"full","blocked",NA,64.6438969703581,76.5915213368434,115.12855731302,143.439124943098,TRUE
"islr_credit_balance","random",9,"seeds","auto-weak",2,2.5,"full","blocked",NA,58.2129318460418,69.2400458295145,102.1101085779,123.219289252427,TRUE
"islr_credit_balance","random",10,"seeds","auto-weak",2,2.5,"full","blocked",NA,84.1390444474574,91.2095904416757,154.98071972197,348.56219779878,TRUE
"islr_credit_balance","random",11,"seeds","auto-weak",2,2.5,"full","blocked",NA,60.0142114988297,75.5490726079623,120.230281377385,179.565140928187,TRUE
"islr_credit_balance","random",12,"seeds","auto-weak",2,2.5,"full","blocked",NA,65.1144331504644,76.0882936544149,119.618755664162,153.807565061541,TRUE
"islr_credit_balance","random",13,"seeds","auto-weak",2,2.5,"full","blocked",NA,72.4136830256671,77.1015328689956,107.176341054438,160.703910912051,TRUE
"islr_credit_balance","random",14,"seeds","auto-weak",2,2.5,"full","blocked",NA,78.9007686997289,90.2435917553634,153.904047811124,288.033630455727,TRUE
"islr_credit_balance","random",15,"seeds","auto-weak",2,2.5,"full","blocked",NA,44.5558956589058,77.3335860753298,148.621818142035,117.634107879552,TRUE
"islr_credit_balance","random",16,"seeds","auto-weak",2,2.5,"full","blocked",NA,69.66111855757,90.1757495550922,151.201273324103,307.490144767841,TRUE
"islr_credit_balance","random",17,"seeds","auto-weak",2,2.5,"full","blocked",NA,63.87089352025,72.5667583456104,110.952433428744,163.327263367118,TRUE
"islr_credit_balance","random",18,"seeds","auto-weak",2,2.5,"full","blocked",NA,77.3107275593878,94.7065493225674,143.248718525042,220.074457681676,TRUE
"islr_credit_balance","random",19,"seeds","auto-weak",2,2.5,"full","blocked",NA,57.7895199103236,75.8951870837628,129.172497419216,126.361095971348,TRUE
"islr_credit_balance","random",20,"seeds","auto-weak",2,2.5,"full","blocked",NA,59.303156758088,69.3048389711675,105.713038190604,127.90849558228,TRUE
"islr_credit_balance","random",21,"seeds","auto-weak",2,2.5,"full","blocked",NA,59.9846448501784,74.9057623109484,115.266798932281,132.663261180063,TRUE
"islr_credit_balance","random",22,"seeds","auto-weak",2,2.5,"full","blocked",NA,63.8160318199963,77.2362832271397,123.130100407833,159.845410719813,TRUE
"islr_credit_balance","random",23,"seeds","auto-weak",2,2.5,"full","blocked",NA,69.8605729317707,85.0145192470319,144.533274952352,259.243724967374,TRUE
"islr_credit_balance","random",24,"seeds","auto-weak",2,2.5,"full","blocked",NA,100.235452212611,108.408646122405,167.985217509951,340.29917793417,TRUE
"islr_credit_balance","random",25,"seeds","auto-weak",2,2.5,"full","blocked",NA,86.7467114600985,95.936070977834,140.110168736275,226.29189799895,TRUE
"islr_credit_balance","random",26,"seeds","auto-weak",2,2.5,"full","blocked",NA,54.9405933050636,61.8297283041105,96.8333116489679,120.415637772826,TRUE
"islr_credit_balance","random",27,"seeds","auto-weak",2,2.5,"full","blocked",NA,54.2107068029662,72.1434922190069,117.533852367922,110.291294369743,TRUE
"islr_credit_balance","random",28,"seeds","auto-weak",2,2.5,"full","blocked",NA,52.5214391039307,75.9561421851864,132.415651929992,138.548819588969,TRUE
"islr_credit_balance","random",29,"seeds","auto-weak",2,2.5,"full","blocked",NA,57.9679971920131,75.1742665372286,134.315700031134,249.761577523334,TRUE
"islr_credit_balance","random",30,"seeds","auto-weak",2,2.5,"full","blocked",NA,51.9993514191544,74.8418552480486,125.970118154919,109.849089510621,TRUE
"islr_credit_balance","random",1,"seeds","WPMM2",1,2.5,"full","blocked",NA,50.7956391556374,77.4670814494565,144.423042492244,144.789133355208,TRUE
"islr_credit_balance","random",2,"seeds","WPMM2",1,2.5,"full","blocked",NA,56.5726219103519,76.4588909043016,134.650791939673,115.570077505804,TRUE
"islr_credit_balance","random",3,"seeds","WPMM2",1,2.5,"full","blocked",NA,56.0446310034677,87.1677466596816,160.476253083255,153.077106672316,TRUE
"islr_credit_balance","random",4,"seeds","WPMM2",1,2.5,"full","blocked",NA,93.7130821974355,98.2133872525794,166.05228528574,362.767667935552,TRUE
"islr_credit_balance","random",5,"seeds","WPMM2",1,2.5,"full","blocked",NA,65.0679643280527,84.248440568546,134.285423586965,144.918074442003,TRUE
"islr_credit_balance","random",6,"seeds","WPMM2",1,2.5,"full","blocked",NA,47.3984859959796,68.7269645440002,125.265669871407,152.226304283307,TRUE
"islr_credit_balance","random",7,"seeds","WPMM2",1,2.5,"full","blocked",NA,57.8355393002748,84.4033529472976,140.591698310915,154.771826783381,TRUE
"islr_credit_balance","random",8,"seeds","WPMM2",1,2.5,"full","blocked",NA,47.4097807298927,72.7974636682133,136.805883386488,116.19323903951,TRUE
"islr_credit_balance","random",9,"seeds","WPMM2",1,2.5,"full","blocked",NA,46.0152714451967,62.8828246212609,109.909783574627,98.1272905666597,TRUE
"islr_credit_balance","random",10,"seeds","WPMM2",1,2.5,"full","blocked",NA,77.5673528822085,89.3172749005073,157.291126518951,325.960239373632,TRUE
"islr_credit_balance","random",11,"seeds","WPMM2",1,2.5,"full","blocked",NA,63.4542849093818,92.5781001516178,181.432004691233,221.207504258882,TRUE
"islr_credit_balance","random",12,"seeds","WPMM2",1,2.5,"full","blocked",NA,37.3809334103047,62.4617309805488,123.391781185567,83.825746704604,TRUE
"islr_credit_balance","random",13,"seeds","WPMM2",1,2.5,"full","blocked",NA,43.9797022402712,55.8856856152309,90.7413169461759,94.4093449222193,TRUE
"islr_credit_balance","random",14,"seeds","WPMM2",1,2.5,"full","blocked",NA,65.624103004153,86.6535972592636,153.705319205849,270.026994575913,TRUE
"islr_credit_balance","random",15,"seeds","WPMM2",1,2.5,"full","blocked",NA,45.9893931052387,81.4363773984867,160.629947256475,122.65092236031,TRUE
"islr_credit_balance","random",16,"seeds","WPMM2",1,2.5,"full","blocked",NA,63.9623803654518,85.862259255516,144.898584903853,197.248843418057,TRUE
"islr_credit_balance","random",17,"seeds","WPMM2",1,2.5,"full","blocked",NA,39.6078175511795,67.6722051340644,133.89339257593,91.0131889269072,TRUE
"islr_credit_balance","random",18,"seeds","WPMM2",1,2.5,"full","blocked",NA,66.323649198958,85.3184943248052,144.715797415058,254.538119686147,TRUE
"islr_credit_balance","random",19,"seeds","WPMM2",1,2.5,"full","blocked",NA,44.5268529276426,70.7414610010012,136.557945308972,95.5169672030774,TRUE
"islr_credit_balance","random",20,"seeds","WPMM2",1,2.5,"full","blocked",NA,40.4148883773183,58.1285245116838,113.8877052608,83.630500466318,TRUE
"islr_credit_balance","random",21,"seeds","WPMM2",1,2.5,"full","blocked",NA,51.4205523552053,65.0648699542162,109.530611753298,112.94391709592,TRUE
"islr_credit_balance","random",22,"seeds","WPMM2",1,2.5,"full","blocked",NA,62.9887770445736,74.3270067897264,112.889604552428,136.875360360324,TRUE
"islr_credit_balance","random",23,"seeds","WPMM2",1,2.5,"full","blocked",NA,71.4174689906706,92.2261843954775,154.109967472302,288.907320868844,TRUE
"islr_credit_balance","random",24,"seeds","WPMM2",1,2.5,"full","blocked",NA,109.800832763538,117.802934594105,191.237448615025,410.678391036077,TRUE
"islr_credit_balance","random",25,"seeds","WPMM2",1,2.5,"full","blocked",NA,52.6244739254746,70.7756765986461,116.372919301608,148.188689018547,TRUE
"islr_credit_balance","random",26,"seeds","WPMM2",1,2.5,"full","blocked",NA,45.0049000759721,65.1988188757178,121.937126558839,88.7350214732864,TRUE
"islr_credit_balance","random",27,"seeds","WPMM2",1,2.5,"full","blocked",NA,49.5451800663471,76.2921675723241,137.757854386427,117.008777809651,TRUE
"islr_credit_balance","random",28,"seeds","WPMM2",1,2.5,"full","blocked",NA,49.0835303831855,76.3798983878146,139.600355036943,187.032746095869,TRUE
"islr_credit_balance","random",29,"seeds","WPMM2",1,2.5,"full","blocked",NA,57.1957399579676,83.9247945418972,151.92149796177,205.313973139323,TRUE
"islr_credit_balance","random",30,"seeds","WPMM2",1,2.5,"full","blocked",NA,45.9145542161442,67.6317098694645,120.450421012501,147.335648658368,TRUE
"islr_credit_balance","random",1,"seeds","WPMM2",2,2.5,"full","blocked",NA,63.7913099741776,92.5542105685912,163.166552362376,289.828771471561,TRUE
"islr_credit_balance","random",2,"seeds","WPMM2",2,2.5,"full","blocked",NA,58.3078587898737,76.6768560819594,130.80226142477,190.721483411512,TRUE
"islr_credit_balance","random",3,"seeds","WPMM2",2,2.5,"full","blocked",NA,70.9540091590381,92.8718790545918,174.616877209544,353.165477122117,TRUE
"islr_credit_balance","random",4,"seeds","WPMM2",2,2.5,"full","blocked",NA,117.103298594301,119.221832332646,203.011204208931,452.087611024675,TRUE
"islr_credit_balance","random",5,"seeds","WPMM2",2,2.5,"full","blocked",NA,65.3726142386808,90.325892274124,149.113967303134,150.940346632428,TRUE
"islr_credit_balance","random",6,"seeds","WPMM2",2,2.5,"full","blocked",NA,43.163330470929,64.7278910026029,123.558446234616,147.425862504694,TRUE
"islr_credit_balance","random",7,"seeds","WPMM2",2,2.5,"full","blocked",NA,61.8279893548105,84.3187291351584,142.91487757811,270.792250583617,TRUE
"islr_credit_balance","random",8,"seeds","WPMM2",2,2.5,"full","blocked",NA,51.5818245317781,73.347152908109,128.618052964977,145.410212625555,TRUE
"islr_credit_balance","random",9,"seeds","WPMM2",2,2.5,"full","blocked",NA,41.8610072355195,77.77248851988,218.444325182466,101.689587801136,TRUE
"islr_credit_balance","random",10,"seeds","WPMM2",2,2.5,"full","blocked",NA,79.5111114623401,91.5026169879074,172.145971566921,375.813568749531,TRUE
"islr_credit_balance","random",11,"seeds","WPMM2",2,2.5,"full","blocked",NA,55.1154035300573,79.7649198084589,150.942188994212,252.918248106528,TRUE
"islr_credit_balance","random",12,"seeds","WPMM2",2,2.5,"full","blocked",NA,46.1999234031668,71.9684279084051,134.531409413285,95.9475379462924,TRUE
"islr_credit_balance","random",13,"seeds","WPMM2",2,2.5,"full","blocked",NA,47.3873781255324,59.7046435574014,101.255877681782,93.6010960771183,TRUE
"islr_credit_balance","random",14,"seeds","WPMM2",2,2.5,"full","blocked",NA,63.6532922398271,85.4363682440588,145.992354037164,265.506855362148,TRUE
"islr_credit_balance","random",15,"seeds","WPMM2",2,2.5,"full","blocked",NA,45.1672627819853,75.7148592975819,144.68685813277,93.3240716593634,TRUE
"islr_credit_balance","random",16,"seeds","WPMM2",2,2.5,"full","blocked",NA,55.8576253917925,84.7740524609664,156.05741580533,168.632538371215,TRUE
"islr_credit_balance","random",17,"seeds","WPMM2",2,2.5,"full","blocked",NA,47.54469436691,69.3258637324838,128.470629099252,172.916979211261,TRUE
"islr_credit_balance","random",18,"seeds","WPMM2",2,2.5,"full","blocked",NA,60.3682172959668,79.9485126296393,130.327696925037,177.400594299233,TRUE
"islr_credit_balance","random",19,"seeds","WPMM2",2,2.5,"full","blocked",NA,47.2938221630433,78.6081580810355,151.16880152893,110.602288258032,TRUE
"islr_credit_balance","random",20,"seeds","WPMM2",2,2.5,"full","blocked",NA,43.2998987387247,61.0289733891816,116.693655503892,89.8656006553095,TRUE
"islr_credit_balance","random",21,"seeds","WPMM2",2,2.5,"full","blocked",NA,38.5703130117445,55.5066472778052,104.966922783843,92.1273726142268,TRUE
"islr_credit_balance","random",22,"seeds","WPMM2",2,2.5,"full","blocked",NA,43.0227053347842,72.6957638130074,140.964552313606,122.680677554548,TRUE
"islr_credit_balance","random",23,"seeds","WPMM2",2,2.5,"full","blocked",NA,58.7709653958597,83.2411728923885,157.515322127719,267.708633704677,TRUE
"islr_credit_balance","random",24,"seeds","WPMM2",2,2.5,"full","blocked",NA,92.0281658423352,99.3983422654021,184.963454609277,449.178231653897,TRUE
"islr_credit_balance","random",25,"seeds","WPMM2",2,2.5,"full","blocked",NA,53.6546527486539,69.4797132515442,114.200506414446,160.521629979545,TRUE
"islr_credit_balance","random",26,"seeds","WPMM2",2,2.5,"full","blocked",NA,43.7379569445258,64.3176956705952,120.476776181182,87.3961601363057,TRUE
"islr_credit_balance","random",27,"seeds","WPMM2",2,2.5,"full","blocked",NA,47.378481012417,70.1706269240578,125.590233378447,102.650304697772,TRUE
"islr_credit_balance","random",28,"seeds","WPMM2",2,2.5,"full","blocked",NA,53.5734018631988,85.6090598221451,155.93334920408,134.651451887845,TRUE
"islr_credit_balance","random",29,"seeds","WPMM2",2,2.5,"full","blocked",NA,55.0599676242439,83.1263237536347,161.761505916834,289.248538062856,TRUE
"islr_credit_balance","random",30,"seeds","WPMM2",2,2.5,"full","blocked",NA,61.1463365139244,92.0201688398025,211.188282189101,144.283978808771,TRUE
"islr_credit_balance","random",1,"seeds","WPMM3",1,2.5,"full","blocked",NA,54.647573808679,77.6417986492964,131.033849459477,130.126424394226,TRUE
"islr_credit_balance","random",2,"seeds","WPMM3",1,2.5,"full","blocked",NA,58.0534365604624,73.4083249296078,120.193532340616,200.870827007908,TRUE
"islr_credit_balance","random",3,"seeds","WPMM3",1,2.5,"full","blocked",NA,76.265827402163,88.4589162866524,145.042793519976,277.582596703279,TRUE
"islr_credit_balance","random",4,"seeds","WPMM3",1,2.5,"full","blocked",NA,90.4661150030278,99.1330936179394,170.781064013629,395.058615968643,TRUE
"islr_credit_balance","random",5,"seeds","WPMM3",1,2.5,"full","blocked",NA,52.9860012830544,72.5142664813613,120.752905577749,153.111441306106,TRUE
"islr_credit_balance","random",6,"seeds","WPMM3",1,2.5,"full","blocked",NA,59.8564158871541,78.4128150080623,129.390819571131,179.071545504212,TRUE
"islr_credit_balance","random",7,"seeds","WPMM3",1,2.5,"full","blocked",NA,72.9050963743372,96.8598487772292,162.392695489447,315.21524938046,TRUE
"islr_credit_balance","random",8,"seeds","WPMM3",1,2.5,"full","blocked",NA,67.5431284798113,79.4387499567977,118.76890980446,202.646934870075,TRUE
"islr_credit_balance","random",9,"seeds","WPMM3",1,2.5,"full","blocked",NA,43.9433752086419,58.7845516834995,103.214537842162,101.096195222738,TRUE
"islr_credit_balance","random",10,"seeds","WPMM3",1,2.5,"full","blocked",NA,90.6254018187768,98.8560418145082,157.993482239009,335.138750805031,TRUE
"islr_credit_balance","random",11,"seeds","WPMM3",1,2.5,"full","blocked",NA,63.8469475564551,83.4618296482342,146.819868200776,220.487088088194,TRUE
"islr_credit_balance","random",12,"seeds","WPMM3",1,2.5,"full","blocked",NA,41.6860560129195,61.4051497832415,114.796456165227,92.8775877637881,TRUE
"islr_credit_balance","random",13,"seeds","WPMM3",1,2.5,"full","blocked",NA,47.7534645989428,60.6553224181877,101.021352809734,96.4775457334143,TRUE
"islr_credit_balance","random",14,"seeds","WPMM3",1,2.5,"full","blocked",NA,66.3042491071858,86.0730350827627,152.834258378845,296.246997078948,TRUE
"islr_credit_balance","random",15,"seeds","WPMM3",1,2.5,"full","blocked",NA,40.184406640683,67.5461693860373,133.572416231287,83.0964014735682,TRUE
"islr_credit_balance","random",16,"seeds","WPMM3",1,2.5,"full","blocked",NA,77.4983473416667,97.1559774035323,166.293529080327,378.246658813936,TRUE
"islr_credit_balance","random",17,"seeds","WPMM3",1,2.5,"full","blocked",NA,51.1084624158516,77.4192036703538,142.07551802601,130.020197946794,TRUE
"islr_credit_balance","random",18,"seeds","WPMM3",1,2.5,"full","blocked",NA,86.5614670089158,94.4195729374865,158.653893400989,341.668328002323,TRUE
"islr_credit_balance","random",19,"seeds","WPMM3",1,2.5,"full","blocked",NA,47.3082415439345,70.9708144508741,135.785490129315,109.877093822021,TRUE
"islr_credit_balance","random",20,"seeds","WPMM3",1,2.5,"full","blocked",NA,41.4026278716411,57.4589977438755,110.420945002805,94.6530653721728,TRUE
"islr_credit_balance","random",21,"seeds","WPMM3",1,2.5,"full","blocked",NA,37.0621336153851,54.2797634383964,101.235633657438,92.6702924825251,TRUE
"islr_credit_balance","random",22,"seeds","WPMM3",1,2.5,"full","blocked",NA,58.1825993045885,82.9907365582078,144.452230722373,138.780630677845,TRUE
"islr_credit_balance","random",23,"seeds","WPMM3",1,2.5,"full","blocked",NA,61.4618838557837,89.1974776848262,158.300841207151,259.399981081317,TRUE
"islr_credit_balance","random",24,"seeds","WPMM3",1,2.5,"full","blocked",NA,109.154878978057,108.479798707229,191.700803003383,464.632314512447,TRUE
"islr_credit_balance","random",25,"seeds","WPMM3",1,2.5,"full","blocked",NA,51.5879523409575,67.7282627146209,116.749320874257,137.480180965888,TRUE
"islr_credit_balance","random",26,"seeds","WPMM3",1,2.5,"full","blocked",NA,41.0102154136854,59.2388971197162,109.854706024397,92.9064614671014,TRUE
"islr_credit_balance","random",27,"seeds","WPMM3",1,2.5,"full","blocked",NA,63.8162822930953,81.9268364688103,129.481162129581,133.25708708374,TRUE
"islr_credit_balance","random",28,"seeds","WPMM3",1,2.5,"full","blocked",NA,49.6205185850819,77.0397589675103,144.614656593296,206.958153281702,TRUE
"islr_credit_balance","random",29,"seeds","WPMM3",1,2.5,"full","blocked",NA,57.5686323938309,83.4651954147936,165.356366051645,311.046397910891,TRUE
"islr_credit_balance","random",30,"seeds","WPMM3",1,2.5,"full","blocked",NA,48.9470895112612,71.3904946812704,124.404778830771,116.997780632294,TRUE
"islr_credit_balance","random",1,"seeds","WPMM3",2,2.5,"full","blocked",NA,44.8044324074974,73.364057863774,141.671631141607,150.955855248673,TRUE
"islr_credit_balance","random",2,"seeds","WPMM3",2,2.5,"full","blocked",NA,65.6937527072942,83.9228572651648,151.449082480144,246.372292659855,TRUE
"islr_credit_balance","random",3,"seeds","WPMM3",2,2.5,"full","blocked",NA,70.9042803502695,93.6666772499721,173.392605215208,345.590451535896,TRUE
"islr_credit_balance","random",4,"seeds","WPMM3",2,2.5,"full","blocked",NA,91.1953244530625,98.8673171241186,171.801094870524,395.263742158093,TRUE
"islr_credit_balance","random",5,"seeds","WPMM3",2,2.5,"full","blocked",NA,59.5760242038498,75.3927976055034,126.516379424429,193.115525010919,TRUE
"islr_credit_balance","random",6,"seeds","WPMM3",2,2.5,"full","blocked",NA,41.9904707673148,61.2705427262218,111.603825002421,103.73806124877,TRUE
"islr_credit_balance","random",7,"seeds","WPMM3",2,2.5,"full","blocked",NA,51.7961207700062,80.0826246270573,153.730113197848,106.430340838251,TRUE
"islr_credit_balance","random",8,"seeds","WPMM3",2,2.5,"full","blocked",NA,55.229406850184,78.2941465595331,133.86662051159,123.989119998438,TRUE
"islr_credit_balance","random",9,"seeds","WPMM3",2,2.5,"full","blocked",NA,50.2482782904105,66.3696374323141,117.45034178245,114.816250158001,TRUE
"islr_credit_balance","random",10,"seeds","WPMM3",2,2.5,"full","blocked",NA,69.3791825255965,92.3471501720394,171.33345889808,318.91611864258,TRUE
"islr_credit_balance","random",11,"seeds","WPMM3",2,2.5,"full","blocked",NA,71.4306272813667,85.8589093590501,134.418056703313,210.126541894188,TRUE
"islr_credit_balance","random",12,"seeds","WPMM3",2,2.5,"full","blocked",NA,44.689651419971,61.1343056089328,105.892990986193,88.394160558978,TRUE
"islr_credit_balance","random",13,"seeds","WPMM3",2,2.5,"full","blocked",NA,53.5933840110487,61.6252697147338,92.4326144253633,121.614827680603,TRUE
"islr_credit_balance","random",14,"seeds","WPMM3",2,2.5,"full","blocked",NA,75.1528243138767,90.7524567140493,159.169086104571,323.376739338472,TRUE
"islr_credit_balance","random",15,"seeds","WPMM3",2,2.5,"full","blocked",NA,55.8585355450418,79.0832564759314,132.86899020675,107.201271729695,TRUE
"islr_credit_balance","random",16,"seeds","WPMM3",2,2.5,"full","blocked",NA,65.8042571417923,92.4235035963448,176.136406992045,403.121002509212,TRUE
"islr_credit_balance","random",17,"seeds","WPMM3",2,2.5,"full","blocked",NA,57.2670879246921,81.230114793065,138.213468880449,135.345134565948,TRUE
"islr_credit_balance","random",18,"seeds","WPMM3",2,2.5,"full","blocked",NA,61.0548500936396,85.0449679180395,148.446247260934,222.362478854277,TRUE
"islr_credit_balance","random",19,"seeds","WPMM3",2,2.5,"full","blocked",NA,58.1619934352073,78.9323680933646,131.126895524807,123.558003693772,TRUE
"islr_credit_balance","random",20,"seeds","WPMM3",2,2.5,"full","blocked",NA,40.3431124902565,57.192765210504,106.635225917681,83.8033512854977,TRUE
"islr_credit_balance","random",21,"seeds","WPMM3",2,2.5,"full","blocked",NA,53.341332434868,65.3791685247414,108.261306714037,117.853024209858,TRUE
"islr_credit_balance","random",22,"seeds","WPMM3",2,2.5,"full","blocked",NA,57.5851594308338,78.5750141956366,132.657295122532,130.296152143075,TRUE
"islr_credit_balance","random",23,"seeds","WPMM3",2,2.5,"full","blocked",NA,57.7699649859905,78.5249021499468,146.888955041981,248.059852834104,TRUE
"islr_credit_balance","random",24,"seeds","WPMM3",2,2.5,"full","blocked",NA,113.682334748651,122.115654042873,195.232412368585,433.244131694781,TRUE
"islr_credit_balance","random",25,"seeds","WPMM3",2,2.5,"full","blocked",NA,57.5656266759743,74.696015809768,121.480698054612,153.90223113595,TRUE
"islr_credit_balance","random",26,"seeds","WPMM3",2,2.5,"full","blocked",NA,43.2442542617065,55.7351658122837,93.1213919662465,85.4048616530482,TRUE
"islr_credit_balance","random",27,"seeds","WPMM3",2,2.5,"full","blocked",NA,54.001622668867,74.8889576971658,131.384458343029,204.235877246119,TRUE
"islr_credit_balance","random",28,"seeds","WPMM3",2,2.5,"full","blocked",NA,57.9321182382842,65.5636851861688,92.277282815204,124.428276391008,TRUE
"islr_credit_balance","random",29,"seeds","WPMM3",2,2.5,"full","blocked",NA,57.2627320649706,77.5860810773506,136.763076010222,263.304425683852,TRUE
"islr_credit_balance","random",30,"seeds","WPMM3",2,2.5,"full","blocked",NA,52.7039371031725,73.407774605239,120.651620105589,152.897257445394,TRUE
"islr_credit_balance","random",1,"seeds","LSE",1,2.5,"full","blocked",NA,67.4589487816607,81.2028762640316,122.197968906946,160.742486712259,TRUE
"islr_credit_balance","random",2,"seeds","LSE",1,2.5,"full","blocked",NA,80.7664947757561,90.3556345466999,136.803967290857,246.43755625194,TRUE
"islr_credit_balance","random",3,"seeds","LSE",1,2.5,"full","blocked",NA,90.2520696258309,108.516206636625,170.198284741171,306.15021831811,TRUE
"islr_credit_balance","random",4,"seeds","LSE",1,2.5,"full","blocked",NA,95.496475808356,102.728916859352,161.615238006211,282.413026114497,TRUE
"islr_credit_balance","random",5,"seeds","LSE",1,2.5,"full","blocked",NA,67.3715063421869,79.7935380729837,120.008833084556,175.810817574305,TRUE
"islr_credit_balance","random",6,"seeds","LSE",1,2.5,"full","blocked",NA,48.9800163392198,54.6277489345017,79.4481395641088,108.226517688926,TRUE
"islr_credit_balance","random",7,"seeds","LSE",1,2.5,"full","blocked",NA,71.256889154727,84.0298460884648,122.891666006389,199.132084932962,TRUE
"islr_credit_balance","random",8,"seeds","LSE",1,2.5,"full","blocked",NA,61.0742135811618,70.4021868763822,109.123684243309,160.602220831641,TRUE
"islr_credit_balance","random",9,"seeds","LSE",1,2.5,"full","blocked",NA,64.7176156330919,72.0118089540554,105.087793716018,153.709870187817,TRUE
"islr_credit_balance","random",10,"seeds","LSE",1,2.5,"full","blocked",NA,95.4641805597748,103.605999662472,152.751796865065,277.993660134474,TRUE
"islr_credit_balance","random",11,"seeds","LSE",1,2.5,"full","blocked",NA,70.4885984392552,87.6810931391949,139.223843730635,163.484423871418,TRUE
"islr_credit_balance","random",12,"seeds","LSE",1,2.5,"full","blocked",NA,74.4535807751418,78.1880033229198,109.850328919616,183.880313514275,TRUE
"islr_credit_balance","random",13,"seeds","LSE",1,2.5,"full","blocked",NA,73.1539686046585,76.0651961184533,99.6181232386797,150.466023642714,TRUE
"islr_credit_balance","random",14,"seeds","LSE",1,2.5,"full","blocked",NA,92.9379393091316,106.720705873636,171.255033971963,304.035086579525,TRUE
"islr_credit_balance","random",15,"seeds","LSE",1,2.5,"full","blocked",NA,79.1727005610087,99.286009496549,152.706762028496,169.440579221347,TRUE
"islr_credit_balance","random",16,"seeds","LSE",1,2.5,"full","blocked",NA,86.4316967451357,98.9102394296032,145.004614111067,234.490335521798,TRUE
"islr_credit_balance","random",17,"seeds","LSE",1,2.5,"full","blocked",NA,67.2786125719715,79.1632801878014,115.058976927681,153.535172669168,TRUE
"islr_credit_balance","random",18,"seeds","LSE",1,2.5,"full","blocked",NA,78.8285446498577,99.3963908029851,150.659598047407,202.766313737887,TRUE
"islr_credit_balance","random",19,"seeds","LSE",1,2.5,"full","blocked",NA,65.1644700690427,80.2317710725295,131.178099913345,161.162561944903,TRUE
"islr_credit_balance","random",20,"seeds","LSE",1,2.5,"full","blocked",NA,78.6404100749237,84.5613005811934,112.856258202872,154.914711164497,TRUE
"islr_credit_balance","random",21,"seeds","LSE",1,2.5,"full","blocked",NA,58.3932776553569,72.4789431791587,110.590509539361,132.585614551126,TRUE
"islr_credit_balance","random",22,"seeds","LSE",1,2.5,"full","blocked",NA,87.0679728206118,96.3730878667926,141.026765050696,222.688764301791,TRUE
"islr_credit_balance","random",23,"seeds","LSE",1,2.5,"full","blocked",NA,72.213240948978,83.7265919759343,119.946533565891,174.449628639708,TRUE
"islr_credit_balance","random",24,"seeds","LSE",1,2.5,"full","blocked",NA,113.155925596001,121.853414873767,193.452588028515,435.923978304203,TRUE
"islr_credit_balance","random",25,"seeds","LSE",1,2.5,"full","blocked",NA,95.902499133263,104.879959110066,156.689389858754,288.520782805528,TRUE
"islr_credit_balance","random",26,"seeds","LSE",1,2.5,"full","blocked",NA,64.7119465021831,73.8639183261303,107.264890741868,124.739002262055,TRUE
"islr_credit_balance","random",27,"seeds","LSE",1,2.5,"full","blocked",NA,74.4818235474492,79.8852197683545,108.273835516398,169.743833414301,TRUE
"islr_credit_balance","random",28,"seeds","LSE",1,2.5,"full","blocked",NA,64.8292535554548,73.1468412336232,109.408063794798,147.079763350207,TRUE
"islr_credit_balance","random",29,"seeds","LSE",1,2.5,"full","blocked",NA,65.2838818590419,83.7030266019464,140.544651465811,202.200098532044,TRUE
"islr_credit_balance","random",30,"seeds","LSE",1,2.5,"full","blocked",NA,62.9597959753868,76.197507167522,123.68778983434,174.934392922559,TRUE
"islr_credit_balance","random",1,"seeds","LSE",2,2.5,"full","blocked",NA,71.869266143719,81.7926402743139,116.002619357968,218.111873717434,TRUE
"islr_credit_balance","random",2,"seeds","LSE",2,2.5,"full","blocked",NA,75.9755512923698,79.4765035500436,110.697104818369,214.347208719356,TRUE
"islr_credit_balance","random",3,"seeds","LSE",2,2.5,"full","blocked",NA,80.2695415837121,91.8114907783847,131.874880124684,214.128832564899,TRUE
"islr_credit_balance","random",4,"seeds","LSE",2,2.5,"full","blocked",NA,99.0904308124707,101.21208407884,156.869592181072,317.184980758597,TRUE
"islr_credit_balance","random",5,"seeds","LSE",2,2.5,"full","blocked",NA,68.5755260091497,83.6892024314731,131.778223634152,180.310558061588,TRUE
"islr_credit_balance","random",6,"seeds","LSE",2,2.5,"full","blocked",NA,57.0769849166106,66.267772639805,101.658691102144,129.723695072747,TRUE
"islr_credit_balance","random",7,"seeds","LSE",2,2.5,"full","blocked",NA,78.3267168367416,97.3160891236845,150.839401250127,285.469953692999,TRUE
"islr_credit_balance","random",8,"seeds","LSE",2,2.5,"full","blocked",NA,70.8168841327355,83.1252089454978,123.897004327541,179.552057085878,TRUE
"islr_credit_balance","random",9,"seeds","LSE",2,2.5,"full","blocked",NA,68.2023673618437,74.5235491526127,107.997532232047,162.256524030024,TRUE
"islr_credit_balance","random",10,"seeds","LSE",2,2.5,"full","blocked",NA,84.7568679037623,95.5697194678661,148.006159091572,216.003778854035,TRUE
"islr_credit_balance","random",11,"seeds","LSE",2,2.5,"full","blocked",NA,68.098525394522,78.3787478273468,119.879337684454,169.490636589294,TRUE
"islr_credit_balance","random",12,"seeds","LSE",2,2.5,"full","blocked",NA,65.7896124462947,72.49630029727,104.868506866265,177.17423703461,TRUE
"islr_credit_balance","random",13,"seeds","LSE",2,2.5,"full","blocked",NA,75.0825048268702,82.8217194555471,110.991827265105,158.525945567281,TRUE
"islr_credit_balance","random",14,"seeds","LSE",2,2.5,"full","blocked",NA,78.2814207086609,88.5098849752754,145.861686552616,324.346425261816,TRUE
"islr_credit_balance","random",15,"seeds","LSE",2,2.5,"full","blocked",NA,63.0804517694315,82.1429337770712,131.849163389435,160.779319115389,TRUE
"islr_credit_balance","random",16,"seeds","LSE",2,2.5,"full","blocked",NA,82.4483561215903,95.4639155325904,143.248705224908,276.874239670623,TRUE
"islr_credit_balance","random",17,"seeds","LSE",2,2.5,"full","blocked",NA,65.7121708811559,77.5183261870078,117.296692809211,179.102297361288,TRUE
"islr_credit_balance","random",18,"seeds","LSE",2,2.5,"full","blocked",NA,82.6099067312292,101.673708129892,156.594768564782,237.491175552112,TRUE
"islr_credit_balance","random",19,"seeds","LSE",2,2.5,"full","blocked",NA,66.4029438635197,83.960974795694,136.702945972002,177.29170986585,TRUE
"islr_credit_balance","random",20,"seeds","LSE",2,2.5,"full","blocked",NA,70.2395939918586,80.1645685643849,114.856821706215,146.864331391656,TRUE
"islr_credit_balance","random",21,"seeds","LSE",2,2.5,"full","blocked",NA,71.6795208738925,83.8316963924777,121.293920919477,153.733909339954,TRUE
"islr_credit_balance","random",22,"seeds","LSE",2,2.5,"full","blocked",NA,76.404428297739,83.6475919986084,125.23191543008,193.64199868549,TRUE
"islr_credit_balance","random",23,"seeds","LSE",2,2.5,"full","blocked",NA,70.1582368776792,83.8713916115307,131.844065868755,230.180973350304,TRUE
"islr_credit_balance","random",24,"seeds","LSE",2,2.5,"full","blocked",NA,109.341690971927,113.78707073453,179.30054194339,391.994376332866,TRUE
"islr_credit_balance","random",25,"seeds","LSE",2,2.5,"full","blocked",NA,91.3588018778576,104.173242360028,153.836606258444,254.749086339266,TRUE
"islr_credit_balance","random",26,"seeds","LSE",2,2.5,"full","blocked",NA,61.1927417681745,70.8372013343731,103.060733172123,118.517499658629,TRUE
"islr_credit_balance","random",27,"seeds","LSE",2,2.5,"full","blocked",NA,57.132409671404,73.1775573318724,111.169842913575,125.383406313126,TRUE
"islr_credit_balance","random",28,"seeds","LSE",2,2.5,"full","blocked",NA,69.1140402796728,80.8631037254289,115.25263882133,178.619883380513,TRUE
"islr_credit_balance","random",29,"seeds","LSE",2,2.5,"full","blocked",NA,70.4860977470962,84.1872042881393,122.114757658956,201.259733941904,TRUE
"islr_credit_balance","random",30,"seeds","LSE",2,2.5,"full","blocked",NA,64.5106765831085,79.5297421916395,123.968998311786,180.449871238432,TRUE
"islr_credit_balance","random",1,"seeds","ridge-LSE",1,2.5,"full","blocked",NA,60.0732488298416,76.6378641103726,120.683033580714,141.621579123415,TRUE
"islr_credit_balance","random",2,"seeds","ridge-LSE",1,2.5,"full","blocked",NA,73.8925673824876,83.071674372997,121.124953826844,182.939041187133,TRUE
"islr_credit_balance","random",3,"seeds","ridge-LSE",1,2.5,"full","blocked",NA,68.4270217740483,87.4224728327445,136.56186582051,155.446649387675,TRUE
"islr_credit_balance","random",4,"seeds","ridge-LSE",1,2.5,"full","blocked",NA,85.8840285473224,95.0184691684076,146.649623168246,272.112677831317,TRUE
"islr_credit_balance","random",5,"seeds","ridge-LSE",1,2.5,"full","blocked",NA,77.0380074174563,88.2036964116738,128.680388407565,194.510687115508,TRUE
"islr_credit_balance","random",6,"seeds","ridge-LSE",1,2.5,"full","blocked",NA,59.8756057467647,63.3823588948102,95.9969406040667,154.772137807755,TRUE
"islr_credit_balance","random",7,"seeds","ridge-LSE",1,2.5,"full","blocked",NA,72.0932236877482,84.6705944330007,119.592540482434,186.436041464225,TRUE
"islr_credit_balance","random",8,"seeds","ridge-LSE",1,2.5,"full","blocked",NA,59.7962772952495,92.6576749065856,163.119014681278,141.745591010946,TRUE
"islr_credit_balance","random",9,"seeds","ridge-LSE",1,2.5,"full","blocked",NA,63.4459893195014,67.6213592366031,95.1206666796242,159.045392361979,TRUE
"islr_credit_balance","random",10,"seeds","ridge-LSE",1,2.5,"full","blocked",NA,89.8762625142207,98.7422524423803,150.36268065893,259.84851392239,TRUE
"islr_credit_balance","random",11,"seeds","ridge-LSE",1,2.5,"full","blocked",NA,73.0400565400561,83.3354632585034,137.969615808354,212.545695705927,TRUE
"islr_credit_balance","random",12,"seeds","ridge-LSE",1,2.5,"full","blocked",NA,59.1742690737309,68.5202347367176,102.244024683506,140.494902693475,TRUE
"islr_credit_balance","random",13,"seeds","ridge-LSE",1,2.5,"full","blocked",NA,76.6457092840597,82.9635350146992,113.426628754843,173.731889653315,TRUE
"islr_credit_balance","random",14,"seeds","ridge-LSE",1,2.5,"full","blocked",NA,83.3075723315728,96.8489082591031,159.55128078045,290.898354113195,TRUE
"islr_credit_balance","random",15,"seeds","ridge-LSE",1,2.5,"full","blocked",NA,63.7491772082486,81.4779080789054,127.618030042392,122.466967568548,TRUE
"islr_credit_balance","random",16,"seeds","ridge-LSE",1,2.5,"full","blocked",NA,85.8779270008278,99.7763784359769,154.577144837514,295.814161585705,TRUE
"islr_credit_balance","random",17,"seeds","ridge-LSE",1,2.5,"full","blocked",NA,72.3503792445267,85.1039295815885,124.222870927713,153.637047318097,TRUE
"islr_credit_balance","random",18,"seeds","ridge-LSE",1,2.5,"full","blocked",NA,78.6733107078147,90.5778697377404,137.769968298115,223.108820548644,TRUE
"islr_credit_balance","random",19,"seeds","ridge-LSE",1,2.5,"full","blocked",NA,61.8900272253111,76.1774218701582,123.963899696724,154.096054834634,TRUE
"islr_credit_balance","random",20,"seeds","ridge-LSE",1,2.5,"full","blocked",NA,65.9617156168979,75.0800008612552,108.389602895211,150.543622130584,TRUE
"islr_credit_balance","random",21,"seeds","ridge-LSE",1,2.5,"full","blocked",NA,66.6125022171925,78.493083807068,116.7559457458,160.817786579037,TRUE
"islr_credit_balance","random",22,"seeds","ridge-LSE",1,2.5,"full","blocked",NA,85.2124770016206,96.5491377402553,137.339216585512,205.135511169466,TRUE
"islr_credit_balance","random",23,"seeds","ridge-LSE",1,2.5,"full","blocked",NA,79.4735493910535,91.2385492952945,134.230903984209,193.169578519945,TRUE
"islr_credit_balance","random",24,"seeds","ridge-LSE",1,2.5,"full","blocked",NA,111.323979302895,113.061230397399,185.18773319202,398.041118647464,TRUE
"islr_credit_balance","random",25,"seeds","ridge-LSE",1,2.5,"full","blocked",NA,79.6606254015393,90.313184782704,135.892973259843,236.792278958491,TRUE
"islr_credit_balance","random",26,"seeds","ridge-LSE",1,2.5,"full","blocked",NA,66.8328756434162,76.3104941781476,107.582983522028,135.562017456266,TRUE
"islr_credit_balance","random",27,"seeds","ridge-LSE",1,2.5,"full","blocked",NA,61.1981027643296,74.6992726458857,110.987868075086,173.375761629207,TRUE
"islr_credit_balance","random",28,"seeds","ridge-LSE",1,2.5,"full","blocked",NA,64.9331645996584,81.0677887535979,123.728006313972,180.995260305204,TRUE
"islr_credit_balance","random",29,"seeds","ridge-LSE",1,2.5,"full","blocked",NA,63.154318865088,80.5732507785237,135.258231558571,214.016427449412,TRUE
"islr_credit_balance","random",30,"seeds","ridge-LSE",1,2.5,"full","blocked",NA,75.972799376322,88.9270349477171,130.881546928595,184.939172978686,TRUE
"islr_credit_balance","random",1,"seeds","ridge-LSE",2,2.5,"full","blocked",NA,75.2248155910703,89.3337462370008,134.751241063516,234.235134472205,TRUE
"islr_credit_balance","random",2,"seeds","ridge-LSE",2,2.5,"full","blocked",NA,77.2798873622698,83.0800151357226,113.274325974823,199.042257860241,TRUE
"islr_credit_balance","random",3,"seeds","ridge-LSE",2,2.5,"full","blocked",NA,73.5421576463562,83.77405493424,120.552943639495,242.422981864723,TRUE
"islr_credit_balance","random",4,"seeds","ridge-LSE",2,2.5,"full","blocked",NA,101.521395458342,105.883840678547,165.3227295999,313.119210044913,TRUE
"islr_credit_balance","random",5,"seeds","ridge-LSE",2,2.5,"full","blocked",NA,65.4242286315354,80.9973009168772,128.798730952493,180.071069641888,TRUE
"islr_credit_balance","random",6,"seeds","ridge-LSE",2,2.5,"full","blocked",NA,57.9791710575119,66.9128156530054,104.376865336586,146.559660360002,TRUE
"islr_credit_balance","random",7,"seeds","ridge-LSE",2,2.5,"full","blocked",NA,72.6647287099052,89.3626514946491,135.858183958056,240.146678843963,TRUE
"islr_credit_balance","random",8,"seeds","ridge-LSE",2,2.5,"full","blocked",NA,66.2092588461268,77.0326495151928,115.908687588045,168.412614495798,TRUE
"islr_credit_balance","random",9,"seeds","ridge-LSE",2,2.5,"full","blocked",NA,68.2232650056904,77.4363607688585,118.935951528506,179.257445658512,TRUE
"islr_credit_balance","random",10,"seeds","ridge-LSE",2,2.5,"full","blocked",NA,93.6863582425219,100.007006711387,151.643239888147,289.188778019104,TRUE
"islr_credit_balance","random",11,"seeds","ridge-LSE",2,2.5,"full","blocked",NA,64.198090972188,80.7322038163183,139.553500153642,212.597221898549,TRUE
"islr_credit_balance","random",12,"seeds","ridge-LSE",2,2.5,"full","blocked",NA,66.8482172352018,72.1910521547958,104.56830244491,156.079217636797,TRUE
"islr_credit_balance","random",13,"seeds","ridge-LSE",2,2.5,"full","blocked",NA,75.7713893875587,84.506355329999,116.766172749863,165.495878410339,TRUE
"islr_credit_balance","random",14,"seeds","ridge-LSE",2,2.5,"full","blocked",NA,85.8562389832963,98.5666653671272,160.984883630474,289.409549006722,TRUE
"islr_credit_balance","random",15,"seeds","ridge-LSE",2,2.5,"full","blocked",NA,61.0229432786579,78.7627737135402,124.456789413044,126.717693879785,TRUE
"islr_credit_balance","random",16,"seeds","ridge-LSE",2,2.5,"full","blocked",NA,87.6268204044397,101.37903345628,159.501641317413,324.916387731588,TRUE
"islr_credit_balance","random",17,"seeds","ridge-LSE",2,2.5,"full","blocked",NA,56.6971444928172,70.8775283368727,115.483116111606,120.408344959025,TRUE
"islr_credit_balance","random",18,"seeds","ridge-LSE",2,2.5,"full","blocked",NA,84.6389736803132,100.176186382719,153.212255142542,223.315215332617,TRUE
"islr_credit_balance","random",19,"seeds","ridge-LSE",2,2.5,"full","blocked",NA,74.0262362731693,89.1755441064284,134.086831314666,163.810532050152,TRUE
"islr_credit_balance","random",20,"seeds","ridge-LSE",2,2.5,"full","blocked",NA,57.3418706843206,72.2843528153146,118.711327460303,117.052693734951,TRUE
"islr_credit_balance","random",21,"seeds","ridge-LSE",2,2.5,"full","blocked",NA,73.128811080113,84.5834154830808,125.828488326054,175.554594584201,TRUE
"islr_credit_balance","random",22,"seeds","ridge-LSE",2,2.5,"full","blocked",NA,81.6770770061642,86.8390535714716,130.453940368647,222.170158843997,TRUE
"islr_credit_balance","random",23,"seeds","ridge-LSE",2,2.5,"full","blocked",NA,79.2501239204635,102.935133709168,158.028286775556,195.218735621428,TRUE
"islr_credit_balance","random",24,"seeds","ridge-LSE",2,2.5,"full","blocked",NA,101.88053145995,112.844174860658,181.121283674038,406.842241460873,TRUE
"islr_credit_balance","random",25,"seeds","ridge-LSE",2,2.5,"full","blocked",NA,97.4056382661889,105.62983635632,158.726357377667,277.574623621822,TRUE
"islr_credit_balance","random",26,"seeds","ridge-LSE",2,2.5,"full","blocked",NA,65.2515238619908,71.8789852419757,96.8205139335048,133.004962846781,TRUE
"islr_credit_balance","random",27,"seeds","ridge-LSE",2,2.5,"full","blocked",NA,65.9663724843418,82.4639717752334,129.114634669138,156.296002696575,TRUE
"islr_credit_balance","random",28,"seeds","ridge-LSE",2,2.5,"full","blocked",NA,65.5443882181681,76.6749907075869,112.005285012253,187.793605665918,TRUE
"islr_credit_balance","random",29,"seeds","ridge-LSE",2,2.5,"full","blocked",NA,62.9185924952639,82.8858988116087,140.201459146436,201.293162301311,TRUE
"islr_credit_balance","random",30,"seeds","ridge-LSE",2,2.5,"full","blocked",NA,75.1625419749767,80.7785516071964,120.173375245169,197.513800209457,TRUE
"islr_credit_balance","random",1,"seeds","Huber",1,2.5,"full","blocked",NA,50.8697232451929,72.2114567502602,125.64417461848,156.088488649841,TRUE
"islr_credit_balance","random",2,"seeds","Huber",1,2.5,"full","blocked",NA,67.2682815972562,80.34729288548,133.432829987609,236.660746309577,TRUE
"islr_credit_balance","random",3,"seeds","Huber",1,2.5,"full","blocked",NA,73.8866872626621,90.7277177410416,142.903193923677,279.280115494615,TRUE
"islr_credit_balance","random",4,"seeds","Huber",1,2.5,"full","blocked",NA,88.6069311538403,100.556301063874,173.05946075008,367.102899289632,TRUE
"islr_credit_balance","random",5,"seeds","Huber",1,2.5,"full","blocked",NA,62.6146716425675,76.0166986686724,129.80361388126,208.602208924833,TRUE
"islr_credit_balance","random",6,"seeds","Huber",1,2.5,"full","blocked",NA,44.9799372926742,62.9425627280544,107.185200785099,94.2016734776134,TRUE
"islr_credit_balance","random",7,"seeds","Huber",1,2.5,"full","blocked",NA,76.9860124989668,95.372528622002,142.819599807318,221.275586772595,TRUE
"islr_credit_balance","random",8,"seeds","Huber",1,2.5,"full","blocked",NA,57.5481037818137,70.7612195858522,116.252392015909,153.486528172689,TRUE
"islr_credit_balance","random",9,"seeds","Huber",1,2.5,"full","blocked",NA,59.2913425166315,69.0709554994229,105.446196301032,130.307471836817,TRUE
"islr_credit_balance","random",10,"seeds","Huber",1,2.5,"full","blocked",NA,87.9245146309256,99.2226579352383,169.065375981657,354.761868385539,TRUE
"islr_credit_balance","random",11,"seeds","Huber",1,2.5,"full","blocked",NA,61.4540603941382,81.8194830434117,143.323153595762,229.302265101477,TRUE
"islr_credit_balance","random",12,"seeds","Huber",1,2.5,"full","blocked",NA,56.3807477001465,68.8473710728758,105.095301864421,118.077004245656,TRUE
"islr_credit_balance","random",13,"seeds","Huber",1,2.5,"full","blocked",NA,50.0332763773026,60.2905787619105,92.4768914089116,118.889274080262,TRUE
"islr_credit_balance","random",14,"seeds","Huber",1,2.5,"full","blocked",NA,71.0531865664384,86.0866469998611,150.794539426508,338.189722450179,TRUE
"islr_credit_balance","random",15,"seeds","Huber",1,2.5,"full","blocked",NA,44.1725675790915,72.2241297140312,136.408923993633,99.4684906719755,TRUE
"islr_credit_balance","random",16,"seeds","Huber",1,2.5,"full","blocked",NA,77.0808686252471,91.6369614855699,152.749659887195,336.646173371667,TRUE
"islr_credit_balance","random",17,"seeds","Huber",1,2.5,"full","blocked",NA,56.9858565955622,71.6883788738584,113.819914971185,125.863717395041,TRUE
"islr_credit_balance","random",18,"seeds","Huber",1,2.5,"full","blocked",NA,75.8162573111371,90.4326092093503,137.130119941112,218.434842964196,TRUE
"islr_credit_balance","random",19,"seeds","Huber",1,2.5,"full","blocked",NA,54.1654746653317,77.5510517783436,139.807795110957,138.4760071516,TRUE
"islr_credit_balance","random",20,"seeds","Huber",1,2.5,"full","blocked",NA,40.2591116726178,58.3358493245463,107.312092674322,93.7217581879116,TRUE
"islr_credit_balance","random",21,"seeds","Huber",1,2.5,"full","blocked",NA,59.0400222510519,76.0001333773901,117.223879478405,130.57498418099,TRUE
"islr_credit_balance","random",22,"seeds","Huber",1,2.5,"full","blocked",NA,50.9308065031854,72.8805917870512,126.722227809023,129.214080215814,TRUE
"islr_credit_balance","random",23,"seeds","Huber",1,2.5,"full","blocked",NA,67.7677395931417,94.6423155739893,168.625694811367,233.384961576943,TRUE
"islr_credit_balance","random",24,"seeds","Huber",1,2.5,"full","blocked",NA,116.803486085833,121.378822207203,184.704624903266,410.119805553435,TRUE
"islr_credit_balance","random",25,"seeds","Huber",1,2.5,"full","blocked",NA,76.1071315206461,88.588528359763,142.858683787608,192.992281313567,TRUE
"islr_credit_balance","random",26,"seeds","Huber",1,2.5,"full","blocked",NA,58.3045973959866,71.5314003459069,107.274344253586,117.313420638229,TRUE
"islr_credit_balance","random",27,"seeds","Huber",1,2.5,"full","blocked",NA,50.8915776673922,69.6201548638197,115.020468890659,116.058914596373,TRUE
"islr_credit_balance","random",28,"seeds","Huber",1,2.5,"full","blocked",NA,59.6501107470236,79.6436883249607,139.826940035432,227.185032337306,TRUE
"islr_credit_balance","random",29,"seeds","Huber",1,2.5,"full","blocked",NA,61.6616514662934,81.0860996667707,138.601761492462,217.377507520512,TRUE
"islr_credit_balance","random",30,"seeds","Huber",1,2.5,"full","blocked",NA,43.5161898907517,76.6893335402748,150.208706135806,91.1734459190532,TRUE
"islr_credit_balance","random",1,"seeds","Huber",2,2.5,"full","blocked",NA,59.7513125798346,87.1564151226976,167.690103235899,370.714244762311,TRUE
"islr_credit_balance","random",2,"seeds","Huber",2,2.5,"full","blocked",NA,70.6206541040417,83.8820416373073,149.974607330374,286.783882389224,TRUE
"islr_credit_balance","random",3,"seeds","Huber",2,2.5,"full","blocked",NA,79.2449828916526,88.8000691894167,136.899974002488,276.210178799839,TRUE
"islr_credit_balance","random",4,"seeds","Huber",2,2.5,"full","blocked",NA,107.801009489247,106.974739692345,180.875921067297,376.342405691785,TRUE
"islr_credit_balance","random",5,"seeds","Huber",2,2.5,"full","blocked",NA,76.2190931202129,87.9409629376185,131.705949936306,219.521591127792,TRUE
"islr_credit_balance","random",6,"seeds","Huber",2,2.5,"full","blocked",NA,64.1770327062199,72.8865124863109,104.982499258861,142.894764264187,TRUE
"islr_credit_balance","random",7,"seeds","Huber",2,2.5,"full","blocked",NA,69.0200769185946,85.5633987791478,121.842649773031,160.565223707919,TRUE
"islr_credit_balance","random",8,"seeds","Huber",2,2.5,"full","blocked",NA,49.8764169024309,66.3608421751509,112.535463878237,136.254222983587,TRUE
"islr_credit_balance","random",9,"seeds","Huber",2,2.5,"full","blocked",NA,47.4120138226706,59.5474693368902,95.8741161184526,100.081442655762,TRUE
"islr_credit_balance","random",10,"seeds","Huber",2,2.5,"full","blocked",NA,87.695301857044,97.9070706884538,167.167948839385,347.869621125049,TRUE
"islr_credit_balance","random",11,"seeds","Huber",2,2.5,"full","blocked",NA,66.1665114037486,78.1739903512571,127.804335385563,223.41846061847,TRUE
"islr_credit_balance","random",12,"seeds","Huber",2,2.5,"full","blocked",NA,42.5033765420606,57.0519819084444,94.7573468482494,91.3045620460919,TRUE
"islr_credit_balance","random",13,"seeds","Huber",2,2.5,"full","blocked",NA,59.7550000116741,65.7928937033802,91.7158376487755,130.086154875472,TRUE
"islr_credit_balance","random",14,"seeds","Huber",2,2.5,"full","blocked",NA,74.6716865332569,89.9654442470163,151.407967840455,326.456450379721,TRUE
"islr_credit_balance","random",15,"seeds","Huber",2,2.5,"full","blocked",NA,40.6588371656743,68.0560229198801,131.423943975301,89.3042722001142,TRUE
"islr_credit_balance","random",16,"seeds","Huber",2,2.5,"full","blocked",NA,81.6846897779766,92.3048369641914,155.313700388679,352.21110965999,TRUE
"islr_credit_balance","random",17,"seeds","Huber",2,2.5,"full","blocked",NA,46.6373436402263,65.854693651543,120.26143124643,167.795397874275,TRUE
"islr_credit_balance","random",18,"seeds","Huber",2,2.5,"full","blocked",NA,71.8246349521416,82.9075469947689,132.870564366822,241.977157550235,TRUE
"islr_credit_balance","random",19,"seeds","Huber",2,2.5,"full","blocked",NA,56.8329434310798,77.7872266766767,132.620893571589,117.430973647292,TRUE
"islr_credit_balance","random",20,"seeds","Huber",2,2.5,"full","blocked",NA,62.0952897488814,72.8645298943675,107.327084352562,123.706491481884,TRUE
"islr_credit_balance","random",21,"seeds","Huber",2,2.5,"full","blocked",NA,55.3655738740745,71.2596094181769,112.662049594097,118.38085294888,TRUE
"islr_credit_balance","random",22,"seeds","Huber",2,2.5,"full","blocked",NA,56.0356170267087,74.5726592219682,123.582315271561,126.018245185536,TRUE
"islr_credit_balance","random",23,"seeds","Huber",2,2.5,"full","blocked",NA,62.4970937664134,80.7081218063478,142.069803979621,263.654202811403,TRUE
"islr_credit_balance","random",24,"seeds","Huber",2,2.5,"full","blocked",NA,110.89063059045,111.339335895363,181.741137083115,403.918102875324,TRUE
"islr_credit_balance","random",25,"seeds","Huber",2,2.5,"full","blocked",NA,73.5269201217839,82.8622519257058,118.362243725236,193.596395976127,TRUE
"islr_credit_balance","random",26,"seeds","Huber",2,2.5,"full","blocked",NA,42.0476260568518,58.3469364393432,98.9043502365723,93.8682302137992,TRUE
"islr_credit_balance","random",27,"seeds","Huber",2,2.5,"full","blocked",NA,52.262771209895,84.5407446009012,159.428668350045,182.616376032715,TRUE
"islr_credit_balance","random",28,"seeds","Huber",2,2.5,"full","blocked",NA,51.0455242340153,75.9806519523295,136.976008399047,193.896658502177,TRUE
"islr_credit_balance","random",29,"seeds","Huber",2,2.5,"full","blocked",NA,57.9296922331579,76.4228113428389,131.722515825478,222.576636544522,TRUE
"islr_credit_balance","random",30,"seeds","Huber",2,2.5,"full","blocked",NA,50.5824848356564,69.9738489565494,115.316498683155,112.277063847274,TRUE
"islr_credit_balance","random",1,"seeds","L1",1,2.5,"full","blocked",NA,66.0130358512203,86.2878648494806,147.180980337309,291.639953753598,TRUE
"islr_credit_balance","random",2,"seeds","L1",1,2.5,"full","blocked",NA,70.952172608552,81.9999095380315,138.564164721314,231.915896217029,TRUE
"islr_credit_balance","random",3,"seeds","L1",1,2.5,"full","blocked",NA,66.6514495868392,87.8103999750872,144.104840303657,232.041085342925,TRUE
"islr_credit_balance","random",4,"seeds","L1",1,2.5,"full","blocked",NA,85.456779533537,100.88280325762,174.176309919653,333.490739044828,TRUE
"islr_credit_balance","random",5,"seeds","L1",1,2.5,"full","blocked",NA,63.3160160086301,78.7610808783252,132.427111380522,209.271955939612,TRUE
"islr_credit_balance","random",6,"seeds","L1",1,2.5,"full","blocked",NA,55.1285913360771,68.505485701812,107.159111727461,137.165097418194,TRUE
"islr_credit_balance","random",7,"seeds","L1",1,2.5,"full","blocked",NA,75.3934224698662,90.3547921966366,134.704371048884,202.12741606095,TRUE
"islr_credit_balance","random",8,"seeds","L1",1,2.5,"full","blocked",NA,55.1196374741539,75.8387364720874,129.346514055678,148.384888865471,TRUE
"islr_credit_balance","random",9,"seeds","L1",1,2.5,"full","blocked",NA,48.7393586913635,63.0457759222362,105.989647613541,128.042675849871,TRUE
"islr_credit_balance","random",10,"seeds","L1",1,2.5,"full","blocked",NA,78.0378591597744,89.1818170089105,157.340068421907,326.75143885718,TRUE
"islr_credit_balance","random",11,"seeds","L1",1,2.5,"full","blocked",NA,69.4376656758542,85.3453581071064,150.021692612115,243.115865987496,TRUE
"islr_credit_balance","random",12,"seeds","L1",1,2.5,"full","blocked",NA,56.5881789224739,74.9920917859478,128.231672200543,131.445767040387,TRUE
"islr_credit_balance","random",13,"seeds","L1",1,2.5,"full","blocked",NA,65.3019951347123,70.2916454551486,102.011359904171,129.289206308707,TRUE
"islr_credit_balance","random",14,"seeds","L1",1,2.5,"full","blocked",NA,53.8702303674665,76.0797812524334,139.427276221733,227.744455535851,TRUE
"islr_credit_balance","random",15,"seeds","L1",1,2.5,"full","blocked",NA,44.0619351907808,76.6803173592012,150.424243108665,101.951764286018,TRUE
"islr_credit_balance","random",16,"seeds","L1",1,2.5,"full","blocked",NA,82.4189773918424,96.2325355363348,177.87858430205,447.781640156861,TRUE
"islr_credit_balance","random",17,"seeds","L1",1,2.5,"full","blocked",NA,43.825377668774,66.9075895100535,127.087351272648,120.031218664985,TRUE
"islr_credit_balance","random",18,"seeds","L1",1,2.5,"full","blocked",NA,56.8440076190045,83.2957843954206,148.380289201976,141.373673249731,TRUE
"islr_credit_balance","random",19,"seeds","L1",1,2.5,"full","blocked",NA,49.6223026227096,70.4811839483881,126.951375910406,98.1654115127459,TRUE
"islr_credit_balance","random",20,"seeds","L1",1,2.5,"full","blocked",NA,56.0529887561762,67.6816620521639,105.211353610439,127.713344218201,TRUE
"islr_credit_balance","random",21,"seeds","L1",1,2.5,"full","blocked",NA,50.1458540989271,65.4879493548411,115.562848115851,128.004503481971,TRUE
"islr_credit_balance","random",22,"seeds","L1",1,2.5,"full","blocked",NA,62.2493176359643,81.0452210071196,133.089137321572,149.723332457838,TRUE
"islr_credit_balance","random",23,"seeds","L1",1,2.5,"full","blocked",NA,62.55829251255,80.0087056262444,147.825403450489,297.925698014699,TRUE
"islr_credit_balance","random",24,"seeds","L1",1,2.5,"full","blocked",NA,112.932501211594,115.434711741865,175.961156687984,378.3864296796,TRUE
"islr_credit_balance","random",25,"seeds","L1",1,2.5,"full","blocked",NA,82.5210377091391,94.7492364166539,152.700194809639,239.821441828397,TRUE
"islr_credit_balance","random",26,"seeds","L1",1,2.5,"full","blocked",NA,55.7741944335744,69.5390343354318,105.860261638844,117.545546052749,TRUE
"islr_credit_balance","random",27,"seeds","L1",1,2.5,"full","blocked",NA,67.9130042253379,84.6991146623781,123.022753459559,143.627094781013,TRUE
"islr_credit_balance","random",28,"seeds","L1",1,2.5,"full","blocked",NA,51.5297794396618,76.7914580143519,138.186570306927,205.950500019396,TRUE
"islr_credit_balance","random",29,"seeds","L1",1,2.5,"full","blocked",NA,70.3632654462643,90.4619232745724,148.249914316602,241.28004227563,TRUE
"islr_credit_balance","random",30,"seeds","L1",1,2.5,"full","blocked",NA,55.4380812323496,76.7847951676357,130.066000569896,118.711583924683,TRUE
"islr_credit_balance","random",1,"seeds","L1",2,2.5,"full","blocked",NA,44.0845137486563,69.4091506645729,140.606417312068,153.935320628734,TRUE
"islr_credit_balance","random",2,"seeds","L1",2,2.5,"full","blocked",NA,65.4222289572286,79.2453029223816,136.286333251216,236.398534301769,TRUE
"islr_credit_balance","random",3,"seeds","L1",2,2.5,"full","blocked",NA,80.4351597972157,92.230808178741,146.668718819497,270.603001161157,TRUE
"islr_credit_balance","random",4,"seeds","L1",2,2.5,"full","blocked",NA,115.432697193832,119.299805575665,198.394891609389,406.460950706749,TRUE
"islr_credit_balance","random",5,"seeds","L1",2,2.5,"full","blocked",NA,70.2142345029878,86.4973837231079,135.266583388078,212.50454883734,TRUE
"islr_credit_balance","random",6,"seeds","L1",2,2.5,"full","blocked",NA,51.27431342535,67.2988638054083,117.291397424543,136.305832254676,TRUE
"islr_credit_balance","random",7,"seeds","L1",2,2.5,"full","blocked",NA,67.4855829874388,86.12051084474,129.700913145456,177.810751349063,TRUE
"islr_credit_balance","random",8,"seeds","L1",2,2.5,"full","blocked",NA,62.4155295716604,75.9768554698872,118.935165147242,159.984689036892,TRUE
"islr_credit_balance","random",9,"seeds","L1",2,2.5,"full","blocked",NA,65.8987135825734,77.5305090552656,117.57833356091,159.166399703445,TRUE
"islr_credit_balance","random",10,"seeds","L1",2,2.5,"full","blocked",NA,81.3554189834027,90.6226157596899,153.875662625781,335.429709306083,TRUE
"islr_credit_balance","random",11,"seeds","L1",2,2.5,"full","blocked",NA,53.8480918953773,78.144985461705,143.766778954705,181.938858970158,TRUE
"islr_credit_balance","random",12,"seeds","L1",2,2.5,"full","blocked",NA,40.7136035757941,59.4561979883272,112.734422501926,120.903882111949,TRUE
"islr_credit_balance","random",13,"seeds","L1",2,2.5,"full","blocked",NA,62.8327551358175,71.3658527905795,105.425313531476,162.332519396113,TRUE
"islr_credit_balance","random",14,"seeds","L1",2,2.5,"full","blocked",NA,65.478475585816,82.7349920084231,143.762907908252,241.917182002873,TRUE
"islr_credit_balance","random",15,"seeds","L1",2,2.5,"full","blocked",NA,48.7505450512867,79.3618549708717,149.782683067493,104.171295570227,TRUE
"islr_credit_balance","random",16,"seeds","L1",2,2.5,"full","blocked",NA,81.2738830082588,94.4808597523262,150.858775348306,294.11880615897,TRUE
"islr_credit_balance","random",17,"seeds","L1",2,2.5,"full","blocked",NA,56.9183565836949,77.7466483473482,137.56644963238,146.623986031672,TRUE
"islr_credit_balance","random",18,"seeds","L1",2,2.5,"full","blocked",NA,85.1240483574488,93.6762521411842,149.821625818248,297.080876064766,TRUE
"islr_credit_balance","random",19,"seeds","L1",2,2.5,"full","blocked",NA,46.6697656517189,67.3741540626343,127.578411807198,103.994661324929,TRUE
"islr_credit_balance","random",20,"seeds","L1",2,2.5,"full","blocked",NA,42.4597013586612,57.2920574848378,102.938318866276,92.950090898436,TRUE
"islr_credit_balance","random",21,"seeds","L1",2,2.5,"full","blocked",NA,52.385537800479,65.4980741870399,106.939502609064,123.389630650816,TRUE
"islr_credit_balance","random",22,"seeds","L1",2,2.5,"full","blocked",NA,45.4713523572878,80.8914779118887,158.298410858282,152.996314297128,TRUE
"islr_credit_balance","random",23,"seeds","L1",2,2.5,"full","blocked",NA,62.2648130279374,75.976778352686,134.948917243565,255.263306803566,TRUE
"islr_credit_balance","random",24,"seeds","L1",2,2.5,"full","blocked",NA,93.9491862575958,100.407793205289,169.578075687617,381.984558616361,TRUE
"islr_credit_balance","random",25,"seeds","L1",2,2.5,"full","blocked",NA,72.4416628291508,84.4321017875434,131.136305613069,181.413643187009,TRUE
"islr_credit_balance","random",26,"seeds","L1",2,2.5,"full","blocked",NA,43.3952355173295,61.0987257525593,118.215494708955,98.2647884776648,TRUE
"islr_credit_balance","random",27,"seeds","L1",2,2.5,"full","blocked",NA,66.7850845490453,82.268008645168,127.448717013046,140.903714967746,TRUE
"islr_credit_balance","random",28,"seeds","L1",2,2.5,"full","blocked",NA,53.2167669938333,77.1963729031816,137.514836614112,153.589232966977,TRUE
"islr_credit_balance","random",29,"seeds","L1",2,2.5,"full","blocked",NA,57.0987424115124,80.4264308767026,152.614824016861,254.157832214296,TRUE
"islr_credit_balance","random",30,"seeds","L1",2,2.5,"full","blocked",NA,52.3215348037339,103.863447747837,323.27699689804,156.815962908625,TRUE
"islr_credit_balance","random",1,"repro","Huber",0,2.5,"full","blocked",NA,53.9753691070056,76.9653271896635,134.45615083498,168.742529298482,TRUE
"islr_credit_balance","random",2,"repro","Huber",0,2.5,"full","blocked",NA,65.578430694246,75.6416298155812,119.124279030431,194.522517032873,TRUE
"islr_credit_balance","random",1,"repro","WPMM2",0,2.5,"full","blocked",NA,62.8275525484471,101.440633567448,236.084274984451,181.738894479488,TRUE
"islr_credit_balance","random",2,"repro","WPMM2",0,2.5,"full","blocked",NA,52.5332427860471,74.0505411822679,128.208207151507,158.901599924684,TRUE
"insurance_autobi_loss","random",1,"valgate","auto-valgate",0,2.5,"full","blocked",NA,1.79772414479325,4.80768071124353,20.1187902052338,5.74391803323631,TRUE
"insurance_autobi_loss","random",2,"valgate","auto-valgate",0,2.5,"full","blocked",NA,1.63410768673906,4.37231786231934,18.628909615287,5.4744750777042,TRUE
"insurance_autobi_loss","random",3,"valgate","auto-valgate",0,2.5,"full","blocked",NA,1.60821604413024,4.41910245239843,19.4515460841819,4.56409014162555,TRUE
"insurance_autobi_loss","random",4,"valgate","auto-valgate",0,2.5,"full","blocked",NA,1.87629506345045,4.37788393005414,16.2730688540823,6.48632347774214,TRUE
"insurance_autobi_loss","random",5,"valgate","auto-valgate",0,2.5,"full","blocked",NA,1.41072172734,3.53135219763408,14.4719238960671,4.29297757425628,TRUE
"insurance_autobi_loss","random",6,"valgate","auto-valgate",0,2.5,"full","blocked",NA,1.52810527469866,3.83665267770552,14.9362215068413,4.78336307746051,TRUE
"insurance_autobi_loss","random",7,"valgate","auto-valgate",0,2.5,"full","blocked",NA,1.83924174123107,4.38068491555333,13.8229161782447,7.0109524798506,TRUE
"insurance_autobi_loss","random",8,"valgate","auto-valgate",0,2.5,"full","blocked",NA,1.49427218123754,4.29812332171492,21.4965487658735,5.13638431540492,TRUE
"insurance_autobi_loss","random",9,"valgate","auto-valgate",0,2.5,"full","blocked",NA,1.69421935916635,4.32744481661059,18.4904466520325,5.77585908793592,TRUE
"insurance_autobi_loss","random",10,"valgate","auto-valgate",0,2.5,"full","blocked",NA,1.6657613567023,3.91633019128743,15.3613446542281,5.7085221955963,TRUE
"insurance_autobi_loss","random",11,"valgate","auto-valgate",0,2.5,"full","blocked",NA,1.88284944111678,5.59693932445034,19.3710046356144,6.35351025278976,TRUE
"insurance_autobi_loss","random",12,"valgate","auto-valgate",0,2.5,"full","blocked",NA,1.53763476026297,2.69541883329077,8.5809496048141,4.12722437073819,TRUE
"insurance_autobi_loss","random",13,"valgate","auto-valgate",0,2.5,"full","blocked",NA,1.7246553884729,5.23606020470423,19.8987505305661,5.83552473322216,TRUE
"insurance_autobi_loss","random",14,"valgate","auto-valgate",0,2.5,"full","blocked",NA,1.49840380257947,3.8308983149774,19.4312342575176,4.89244823736585,TRUE
"insurance_autobi_loss","random",15,"valgate","auto-valgate",0,2.5,"full","blocked",NA,2.35122308748366,7.54093538387515,29.2054583409271,8.72598820720863,TRUE
"insurance_autobi_loss","random",16,"valgate","auto-valgate",0,2.5,"full","blocked",NA,1.63019983894712,4.70639875381215,21.2768368247504,5.37723339468701,TRUE
"insurance_autobi_loss","random",17,"valgate","auto-valgate",0,2.5,"full","blocked",NA,1.66045509424709,3.41979056464305,10.1731263609795,5.80738951664855,TRUE
"insurance_autobi_loss","random",18,"valgate","auto-valgate",0,2.5,"full","blocked",NA,1.72096173059655,3.77146208679199,10.049824524138,7.27766420739074,TRUE
"insurance_autobi_loss","random",19,"valgate","auto-valgate",0,2.5,"full","blocked",NA,1.55644273407706,3.84488630248381,13.8224275758858,4.17082837799706,TRUE
"insurance_autobi_loss","random",20,"valgate","auto-valgate",0,2.5,"full","blocked",NA,1.60570950126038,4.48775562821584,20.5050711270271,6.09786617139688,TRUE
"insurance_autobi_loss","random",21,"valgate","auto-valgate",0,2.5,"full","blocked",NA,1.51224739450393,2.97583419238728,8.33854249641177,4.62449493543412,TRUE
"insurance_autobi_loss","random",22,"valgate","auto-valgate",0,2.5,"full","blocked",NA,1.6201336892158,3.58213188604916,17.5838957034183,5.30089665452994,TRUE
"insurance_autobi_loss","random",23,"valgate","auto-valgate",0,2.5,"full","blocked",NA,1.94343142851185,4.70392509288284,17.0202932502067,6.98633998702911,TRUE
"insurance_autobi_loss","random",24,"valgate","auto-valgate",0,2.5,"full","blocked",NA,1.67641465240969,3.46091917241225,10.7668236415625,5.90070741410444,TRUE
"insurance_autobi_loss","random",25,"valgate","auto-valgate",0,2.5,"full","blocked",NA,2.01483872760327,4.94319430236808,21.378347680928,7.40732536021331,TRUE
"insurance_autobi_loss","random",26,"valgate","auto-valgate",0,2.5,"full","blocked",NA,1.4529872549538,3.02626486152239,8.16267185314529,4.62913971991146,TRUE
"insurance_autobi_loss","random",27,"valgate","auto-valgate",0,2.5,"full","blocked",NA,1.58646887179943,3.22925607937636,12.1966454153084,4.36254123997561,TRUE
"insurance_autobi_loss","random",28,"valgate","auto-valgate",0,2.5,"full","blocked",NA,1.57677280431952,4.44037249225192,25.5036918447925,5.84578443882755,TRUE
"insurance_autobi_loss","random",29,"valgate","auto-valgate",0,2.5,"full","blocked",NA,1.63130781192427,5.3982638049573,23.9510689703817,5.644751636591,TRUE
"insurance_autobi_loss","random",30,"valgate","auto-valgate",0,2.5,"full","blocked",NA,1.87885917941433,3.35606547660143,8.62072659201535,6.33479758568426,TRUE
"insurance_autobi_loss","random",1,"valgate","auto-valgate",1,2.5,"full","blocked",NA,1.70064625853513,4.80609009734005,20.1875524553469,5.68231768877363,TRUE
"insurance_autobi_loss","random",2,"valgate","auto-valgate",1,2.5,"full","blocked",NA,1.83278409606769,4.48310526671099,18.5170838865637,5.60151604257537,TRUE
"insurance_autobi_loss","random",3,"valgate","auto-valgate",1,2.5,"full","blocked",NA,1.46585771062574,4.3519599957599,19.4718898906797,4.2998774424739,TRUE
"insurance_autobi_loss","random",4,"valgate","auto-valgate",1,2.5,"full","blocked",NA,2.16385172298247,6.17433849792079,21.3438124517626,7.90207226563926,TRUE
"insurance_autobi_loss","random",5,"valgate","auto-valgate",1,2.5,"full","blocked",NA,1.46501807406971,3.5118368411529,14.3834977713021,4.29109639709391,TRUE
"insurance_autobi_loss","random",6,"valgate","auto-valgate",1,2.5,"full","blocked",NA,1.62113406566176,4.15375189341338,15.3350311290689,5.50573725486473,TRUE
"insurance_autobi_loss","random",7,"valgate","auto-valgate",1,2.5,"full","blocked",NA,1.82622242400165,4.38495608331885,13.8347479236385,6.81955294002708,TRUE
"insurance_autobi_loss","random",8,"valgate","auto-valgate",1,2.5,"full","blocked",NA,1.61567051963936,4.33480593167871,21.3712796236624,4.47952365918876,TRUE
"insurance_autobi_loss","random",9,"valgate","auto-valgate",1,2.5,"full","blocked",NA,1.65178635961585,4.33182443352197,18.5040890116372,5.55820264192192,TRUE
"insurance_autobi_loss","random",10,"valgate","auto-valgate",1,2.5,"full","blocked",NA,1.67974222687582,3.90889352347085,15.3379110208759,5.78578311964509,TRUE
"insurance_autobi_loss","random",11,"valgate","auto-valgate",1,2.5,"full","blocked",NA,1.90325110306689,5.66956902371378,19.6001433768721,6.70023122956477,TRUE
"insurance_autobi_loss","random",12,"valgate","auto-valgate",1,2.5,"full","blocked",NA,1.57107102177396,2.68912915438858,8.53547409966279,4.21940619945383,TRUE
"insurance_autobi_loss","random",13,"valgate","auto-valgate",1,2.5,"full","blocked",NA,1.84226869009923,5.3079561773849,19.8264339720117,6.44015770009086,TRUE
"insurance_autobi_loss","random",14,"valgate","auto-valgate",1,2.5,"full","blocked",NA,1.51898889100552,4.05040296400794,19.624349173394,5.31731839672905,TRUE
"insurance_autobi_loss","random",15,"valgate","auto-valgate",1,2.5,"full","blocked",NA,2.37850762486302,7.55952070080023,29.256224058832,8.61710153890026,TRUE
"insurance_autobi_loss","random",16,"valgate","auto-valgate",1,2.5,"full","blocked",NA,1.54781966831945,4.69131834585646,21.3772891296561,5.27468700823493,TRUE
"insurance_autobi_loss","random",17,"valgate","auto-valgate",1,2.5,"full","blocked",NA,1.76740567244872,3.52941261417483,10.14904692275,5.54470200513592,TRUE
"insurance_autobi_loss","random",18,"valgate","auto-valgate",1,2.5,"full","blocked",NA,1.81955139736048,3.91997324406424,10.3557825238165,7.79279002362484,TRUE
"insurance_autobi_loss","random",19,"valgate","auto-valgate",1,2.5,"full","blocked",NA,1.49786507738012,3.8254237910065,13.9840085539554,4.33421886482652,TRUE
"insurance_autobi_loss","random",20,"valgate","auto-valgate",1,2.5,"full","blocked",NA,1.55903545910339,4.44030061622459,20.4764862257981,5.86301128327424,TRUE
"insurance_autobi_loss","random",21,"valgate","auto-valgate",1,2.5,"full","blocked",NA,1.48635423718274,2.97948427529626,8.33226222349821,4.29071731694114,TRUE
"insurance_autobi_loss","random",22,"valgate","auto-valgate",1,2.5,"full","blocked",NA,1.56311649727807,3.56201342426309,17.6035819763997,5.2293773359607,TRUE
"insurance_autobi_loss","random",23,"valgate","auto-valgate",1,2.5,"full","blocked",NA,1.89114968624706,4.66484190675055,16.8483785682062,6.22067257574588,TRUE
"insurance_autobi_loss","random",24,"valgate","auto-valgate",1,2.5,"full","blocked",NA,1.81602638919649,3.59289287127297,10.7195137694311,5.79935664491476,TRUE
"insurance_autobi_loss","random",25,"valgate","auto-valgate",1,2.5,"full","blocked",NA,1.92849773662459,4.88700664873925,21.4664379415962,6.92273676569953,TRUE
"insurance_autobi_loss","random",26,"valgate","auto-valgate",1,2.5,"full","blocked",NA,1.50476942229696,3.06811235134596,8.10777420786174,5.03551184316194,TRUE
"insurance_autobi_loss","random",27,"valgate","auto-valgate",1,2.5,"full","blocked",NA,1.6590736004253,3.238745305051,12.1591774140831,4.96721209643491,TRUE
"insurance_autobi_loss","random",28,"valgate","auto-valgate",1,2.5,"full","blocked",NA,1.7219048305076,3.25616960190514,7.88707149024032,6.39296015922361,TRUE
"insurance_autobi_loss","random",29,"valgate","auto-valgate",1,2.5,"full","blocked",NA,1.64643731700103,5.35695935470434,23.994102060373,5.48759038816284,TRUE
"insurance_autobi_loss","random",30,"valgate","auto-valgate",1,2.5,"full","blocked",NA,1.72384607620168,3.33044822589649,8.94933948665053,6.55682241914441,TRUE
"insurance_autobi_loss","random",1,"valgate","auto-valgate",2,2.5,"full","blocked",NA,1.68044348052845,4.73324846645037,20.1240864391123,5.38716345803223,TRUE
"insurance_autobi_loss","random",2,"valgate","auto-valgate",2,2.5,"full","blocked",NA,1.62111763719697,4.37120645820789,18.6471491154604,5.48686530230852,TRUE
"insurance_autobi_loss","random",3,"valgate","auto-valgate",2,2.5,"full","blocked",NA,1.59930157024161,4.49545978398118,19.6448876546558,4.4472889232636,TRUE
"insurance_autobi_loss","random",4,"valgate","auto-valgate",2,2.5,"full","blocked",NA,1.88804169228807,4.39333854973832,16.2695375589154,6.56088166704593,TRUE
"insurance_autobi_loss","random",5,"valgate","auto-valgate",2,2.5,"full","blocked",NA,1.44763488305419,3.53264659256278,14.3994131393364,4.10448726405942,TRUE
"insurance_autobi_loss","random",6,"valgate","auto-valgate",2,2.5,"full","blocked",NA,1.50614108879668,3.83445458508585,14.9701673718371,4.82962318098834,TRUE
"insurance_autobi_loss","random",7,"valgate","auto-valgate",2,2.5,"full","blocked",NA,1.94411040827739,4.48585061893761,13.7422998760556,6.86245084807496,TRUE
"insurance_autobi_loss","random",8,"valgate","auto-valgate",2,2.5,"full","blocked",NA,1.51442058380235,4.33387534009433,21.49463060092,4.96003044455703,TRUE
"insurance_autobi_loss","random",9,"valgate","auto-valgate",2,2.5,"full","blocked",NA,1.66856104413247,4.31803949524838,18.4774018364697,5.40313479083327,TRUE
"insurance_autobi_loss","random",10,"valgate","auto-valgate",2,2.5,"full","blocked",NA,1.82979174696429,4.04314228608257,15.3262533326412,5.73729471552347,TRUE
"insurance_autobi_loss","random",11,"valgate","auto-valgate",2,2.5,"full","blocked",NA,1.97831457691451,5.67133922262353,19.5516356922527,6.85789526496815,TRUE
"insurance_autobi_loss","random",12,"valgate","auto-valgate",2,2.5,"full","blocked",NA,1.5920744907543,2.74235464967612,8.54316841754953,4.08491499671584,TRUE
"insurance_autobi_loss","random",13,"valgate","auto-valgate",2,2.5,"full","blocked",NA,1.7170277810809,5.21173172098074,19.6146901599766,5.63259745988409,TRUE
"insurance_autobi_loss","random",14,"valgate","auto-valgate",2,2.5,"full","blocked",NA,1.63552210404275,4.29434726546088,20.0166970044393,5.51495030945883,TRUE
"insurance_autobi_loss","random",15,"valgate","auto-valgate",2,2.5,"full","blocked",NA,2.35901009529563,7.54474744663847,29.3089092743198,9.06623737497372,TRUE
"insurance_autobi_loss","random",16,"valgate","auto-valgate",2,2.5,"full","blocked",NA,1.73290931340389,5.0189235922099,21.5900239483463,6.54331043840758,TRUE
"insurance_autobi_loss","random",17,"valgate","auto-valgate",2,2.5,"full","blocked",NA,1.6376916348829,3.01000249802521,9.35431659462808,5.27062967694991,TRUE
"insurance_autobi_loss","random",18,"valgate","auto-valgate",2,2.5,"full","blocked",NA,1.77994682845479,3.72514410564269,9.84379350618918,7.08438103275363,TRUE
"insurance_autobi_loss","random",19,"valgate","auto-valgate",2,2.5,"full","blocked",NA,1.46415414669614,3.85878881452334,14.0841014633972,4.85145676029193,TRUE
"insurance_autobi_loss","random",20,"valgate","auto-valgate",2,2.5,"full","blocked",NA,1.57278910581979,4.45154774819323,20.4870058617778,5.91832055303243,TRUE
"insurance_autobi_loss","random",21,"valgate","auto-valgate",2,2.5,"full","blocked",NA,1.62081189228562,3.56346766438179,10.5209554941133,5.02522969147881,TRUE
"insurance_autobi_loss","random",22,"valgate","auto-valgate",2,2.5,"full","blocked",NA,1.69995543781949,3.64766023878767,17.5554556236782,5.31740997914392,TRUE
"insurance_autobi_loss","random",23,"valgate","auto-valgate",2,2.5,"full","blocked",NA,1.9705785821518,4.68058519258419,16.9820050449275,6.72482175810126,TRUE
"insurance_autobi_loss","random",24,"valgate","auto-valgate",2,2.5,"full","blocked",NA,1.67418712620177,3.4650735026171,10.7505650048368,5.88789205463982,TRUE
"insurance_autobi_loss","random",25,"valgate","auto-valgate",2,2.5,"full","blocked",NA,1.92035224740069,4.88057408374228,21.3303069677962,6.51837253588019,TRUE
"insurance_autobi_loss","random",26,"valgate","auto-valgate",2,2.5,"full","blocked",NA,1.57870231721344,3.03605909277293,7.9180319922662,4.36658776850321,TRUE
"insurance_autobi_loss","random",27,"valgate","auto-valgate",2,2.5,"full","blocked",NA,1.52220733197153,3.21126376257613,12.2522298591166,4.65089345415842,TRUE
"insurance_autobi_loss","random",28,"valgate","auto-valgate",2,2.5,"full","blocked",NA,1.50160892604304,2.95027393090212,7.48897460268224,5.23142287343087,TRUE
"insurance_autobi_loss","random",29,"valgate","auto-valgate",2,2.5,"full","blocked",NA,1.65820341574056,5.39438742575689,23.915607458051,5.42788020116887,TRUE
"insurance_autobi_loss","random",30,"valgate","auto-valgate",2,2.5,"full","blocked",NA,1.86182762907665,3.40816076876649,8.63759281025359,5.62201517064812,TRUE
"insurance_autobi_loss","random",1,"valgate","auto-valgate",3,2.5,"full","blocked",NA,1.66557334146906,4.70672580285098,20.067648110066,5.38439926864824,TRUE
"insurance_autobi_loss","random",2,"valgate","auto-valgate",3,2.5,"full","blocked",NA,1.77293379823473,4.43876943526732,18.5372944386377,5.40586721785032,TRUE
"insurance_autobi_loss","random",3,"valgate","auto-valgate",3,2.5,"full","blocked",NA,1.43276739352898,4.3729232623386,19.7479419750122,4.44330059063008,TRUE
"insurance_autobi_loss","random",4,"valgate","auto-valgate",3,2.5,"full","blocked",NA,2.00255454990687,4.5372280354842,16.243344169701,6.80356830758862,TRUE
"insurance_autobi_loss","random",5,"valgate","auto-valgate",3,2.5,"full","blocked",NA,1.39673338044133,3.52543884670125,14.4548404139695,4.11462401246754,TRUE
"insurance_autobi_loss","random",6,"valgate","auto-valgate",3,2.5,"full","blocked",NA,1.50749625237764,3.86523366169133,14.9737551628717,4.94961149345288,TRUE
"insurance_autobi_loss","random",7,"valgate","auto-valgate",3,2.5,"full","blocked",NA,1.83176207252168,4.35269685798206,13.5695324465348,6.72412285799426,TRUE
"insurance_autobi_loss","random",8,"valgate","auto-valgate",3,2.5,"full","blocked",NA,1.66600968832723,5.05679253866612,22.4179135906942,5.51871483626769,TRUE
"insurance_autobi_loss","random",9,"valgate","auto-valgate",3,2.5,"full","blocked",NA,1.67856695582358,4.29677594955691,18.4678156545282,5.56115962069925,TRUE
"insurance_autobi_loss","random",10,"valgate","auto-valgate",3,2.5,"full","blocked",NA,1.69619436818565,3.91453920555918,15.2332416749976,5.73496167476624,TRUE
"insurance_autobi_loss","random",11,"valgate","auto-valgate",3,2.5,"full","blocked",NA,2.01268298329215,5.69142521029976,19.5812858071323,7.45393838995896,TRUE
"insurance_autobi_loss","random",12,"valgate","auto-valgate",3,2.5,"full","blocked",NA,1.58329311414254,2.71353846704897,8.38622504777144,4.40433703141659,TRUE
"insurance_autobi_loss","random",13,"valgate","auto-valgate",3,2.5,"full","blocked",NA,1.84441913217925,7.22797103807751,38.3009616725964,6.41716202186713,TRUE
"insurance_autobi_loss","random",14,"valgate","auto-valgate",3,2.5,"full","blocked",NA,1.54841674257298,4.07323266535646,19.6088276482364,5.28225694406674,TRUE
"insurance_autobi_loss","random",15,"valgate","auto-valgate",3,2.5,"full","blocked",NA,2.31062302508777,7.53929385201627,29.2835202244583,8.6855817625626,TRUE
"insurance_autobi_loss","random",16,"valgate","auto-valgate",3,2.5,"full","blocked",NA,1.7543712582954,5.31222608208217,22.6102620060674,6.12624571922651,TRUE
"insurance_autobi_loss","random",17,"valgate","auto-valgate",3,2.5,"full","blocked",NA,1.67444378037771,4.93138574430658,16.9330113998877,5.77816696613269,TRUE
"insurance_autobi_loss","random",18,"valgate","auto-valgate",3,2.5,"full","blocked",NA,1.67742267201135,3.64637031231798,9.89091670367204,6.49302551648849,TRUE
"insurance_autobi_loss","random",19,"valgate","auto-valgate",3,2.5,"full","blocked",NA,1.47016331168564,3.84129368098695,14.052105665132,4.43850704660892,TRUE
"insurance_autobi_loss","random",20,"valgate","auto-valgate",3,2.5,"full","blocked",NA,1.58909301232697,4.45977279524697,20.4841755818548,5.96396559561175,TRUE
"insurance_autobi_loss","random",21,"valgate","auto-valgate",3,2.5,"full","blocked",NA,1.71275682354856,3.45246760394891,9.04630628973806,4.7138784335114,TRUE
"insurance_autobi_loss","random",22,"valgate","auto-valgate",3,2.5,"full","blocked",NA,1.64200769810811,3.6096562247,17.6001261815291,5.32040890436126,TRUE
"insurance_autobi_loss","random",23,"valgate","auto-valgate",3,2.5,"full","blocked",NA,1.92126559471656,4.69881684464913,16.9961765017101,6.92041226532575,TRUE
"insurance_autobi_loss","random",24,"valgate","auto-valgate",3,2.5,"full","blocked",NA,1.70165165239137,3.49818866986658,10.7780470129147,5.84355878935685,TRUE
"insurance_autobi_loss","random",25,"valgate","auto-valgate",3,2.5,"full","blocked",NA,2.06268065446508,5.04780104163238,21.4971112554236,6.91859657057535,TRUE
"insurance_autobi_loss","random",26,"valgate","auto-valgate",3,2.5,"full","blocked",NA,1.54043032981939,3.03031635631783,7.9735389533116,4.68159402284756,TRUE
"insurance_autobi_loss","random",27,"valgate","auto-valgate",3,2.5,"full","blocked",NA,1.53117206086965,3.3649503191989,12.5823785715737,4.81811370029105,TRUE
"insurance_autobi_loss","random",28,"valgate","auto-valgate",3,2.5,"full","blocked",NA,1.53149051104879,2.92516129537127,7.41344227623234,4.78464472815635,TRUE
"insurance_autobi_loss","random",29,"valgate","auto-valgate",3,2.5,"full","blocked",NA,1.67739543997148,5.38592666105165,23.817519480269,4.91441751163115,TRUE
"insurance_autobi_loss","random",30,"valgate","auto-valgate",3,2.5,"full","blocked",NA,1.8232359446056,3.39583944342462,8.7903617823823,6.73136828700999,TRUE
"insurance_autobi_loss","random",1,"rinner","auto-valgate",0,2.5,"full","random",NA,1.79909343903076,4.80042948599069,20.1304477709484,6.13881894148215,TRUE
"insurance_autobi_loss","random",2,"rinner","auto-valgate",0,2.5,"full","random",NA,1.63410768673906,4.37231786231934,18.628909615287,5.4744750777042,TRUE
"insurance_autobi_loss","random",3,"rinner","auto-valgate",0,2.5,"full","random",NA,1.41955219450113,4.36664303137507,19.7369455613452,4.30869729219829,TRUE
"insurance_autobi_loss","random",4,"rinner","auto-valgate",0,2.5,"full","random",NA,1.87629506345045,4.37788393005414,16.2730688540823,6.48632347774214,TRUE
"insurance_autobi_loss","random",5,"rinner","auto-valgate",0,2.5,"full","random",NA,1.42316312623827,3.54292239398368,14.4832881686192,4.21600911939564,TRUE
"insurance_autobi_loss","random",6,"rinner","auto-valgate",0,2.5,"full","random",NA,1.52810527469866,3.83665267770552,14.9362215068413,4.78336307746051,TRUE
"insurance_autobi_loss","random",7,"rinner","auto-valgate",0,2.5,"full","random",NA,1.85427548769583,4.37890840407573,13.8298884421105,6.85145426416466,TRUE
"insurance_autobi_loss","random",8,"rinner","auto-valgate",0,2.5,"full","random",NA,1.47758120542949,4.3028712865629,21.4918414425773,4.89917735309196,TRUE
"insurance_autobi_loss","random",9,"rinner","auto-valgate",0,2.5,"full","random",NA,1.69421935916635,4.32744481661059,18.4904466520325,5.77585908793592,TRUE
"insurance_autobi_loss","random",10,"rinner","auto-valgate",0,2.5,"full","random",NA,1.6657613567023,3.91633019128743,15.3613446542281,5.7085221955963,TRUE
"insurance_autobi_loss","random",11,"rinner","auto-valgate",0,2.5,"full","random",NA,1.88284944111678,5.59693932445034,19.3710046356144,6.35351025278976,TRUE
"insurance_autobi_loss","random",12,"rinner","auto-valgate",0,2.5,"full","random",NA,1.56411445201828,2.72830605215919,8.50815455491033,4.28547691107354,TRUE
"insurance_autobi_loss","random",13,"rinner","auto-valgate",0,2.5,"full","random",NA,1.76309397515909,5.24431736893218,19.8339613377542,6.32075616298848,TRUE
"insurance_autobi_loss","random",14,"rinner","auto-valgate",0,2.5,"full","random",NA,1.49840380257947,3.8308983149774,19.4312342575176,4.89244823736585,TRUE
"insurance_autobi_loss","random",15,"rinner","auto-valgate",0,2.5,"full","random",NA,2.35974478836736,7.57129922371715,29.3080268082167,8.77668673171249,TRUE
"insurance_autobi_loss","random",16,"rinner","auto-valgate",0,2.5,"full","random",NA,1.54445665545369,4.6559593280405,21.3627886767085,5.52137661646572,TRUE
"insurance_autobi_loss","random",17,"rinner","auto-valgate",0,2.5,"full","random",NA,1.75472479482999,3.73314336442217,10.7497224569955,5.75177485072863,TRUE
"insurance_autobi_loss","random",18,"rinner","auto-valgate",0,2.5,"full","random",NA,1.68025314457883,3.62458278906759,9.83875948422495,6.43761452024603,TRUE
"insurance_autobi_loss","random",19,"rinner","auto-valgate",0,2.5,"full","random",NA,1.55644273407706,3.84488630248381,13.8224275758858,4.17082837799706,TRUE
"insurance_autobi_loss","random",20,"rinner","auto-valgate",0,2.5,"full","random",NA,1.60570950126038,4.48775562821584,20.5050711270271,6.09786617139688,TRUE
"insurance_autobi_loss","random",21,"rinner","auto-valgate",0,2.5,"full","random",NA,1.60640159537825,3.01325278656776,8.25046291414215,4.38671585021225,TRUE
"insurance_autobi_loss","random",22,"rinner","auto-valgate",0,2.5,"full","random",NA,1.58329355620718,3.59139590933149,17.5866790200165,5.14623289955415,TRUE
"insurance_autobi_loss","random",23,"rinner","auto-valgate",0,2.5,"full","random",NA,1.94343142851185,4.70392509288284,17.0202932502067,6.98633998702911,TRUE
"insurance_autobi_loss","random",24,"rinner","auto-valgate",0,2.5,"full","random",NA,1.8271288874703,3.57498314731993,10.7344707969584,5.90669814551262,TRUE
"insurance_autobi_loss","random",25,"rinner","auto-valgate",0,2.5,"full","random",NA,2.0153417868455,4.90160945841108,21.3278606406686,7.53323061104684,TRUE
"insurance_autobi_loss","random",26,"rinner","auto-valgate",0,2.5,"full","random",NA,1.4529872549538,3.02626486152239,8.16267185314529,4.62913971991146,TRUE
"insurance_autobi_loss","random",27,"rinner","auto-valgate",0,2.5,"full","random",NA,1.55026816261838,3.20133449034004,12.2425026055663,4.70441237751753,TRUE
"insurance_autobi_loss","random",28,"rinner","auto-valgate",0,2.5,"full","random",NA,1.57223563243752,3.15230609234731,8.23657417384749,5.93402629432208,TRUE
"insurance_autobi_loss","random",29,"rinner","auto-valgate",0,2.5,"full","random",NA,1.70531338448675,5.43621151533872,23.8571244938387,5.03883429255617,TRUE
"insurance_autobi_loss","random",30,"rinner","auto-valgate",0,2.5,"full","random",NA,1.78003044147843,3.35587946455914,8.78559719258707,6.08881759216143,TRUE
"insurance_autobi_loss","random",1,"norobust","auto-valgate",0,2.5,"LSE+WPMM2+WPMM3","blocked",NA,1.66935186797376,4.76198634597045,20.152664882718,5.43087386288887,TRUE
"insurance_autobi_loss","random",2,"norobust","auto-valgate",0,2.5,"LSE+WPMM2+WPMM3","blocked",NA,1.63410768673906,4.37231786231934,18.628909615287,5.4744750777042,TRUE
"insurance_autobi_loss","random",3,"norobust","auto-valgate",0,2.5,"LSE+WPMM2+WPMM3","blocked",NA,1.42162142583553,4.36700314524174,19.7461098450983,4.40420028017055,TRUE
"insurance_autobi_loss","random",4,"norobust","auto-valgate",0,2.5,"LSE+WPMM2+WPMM3","blocked",NA,1.87629506345045,4.37788393005414,16.2730688540823,6.48632347774214,TRUE
"insurance_autobi_loss","random",5,"norobust","auto-valgate",0,2.5,"LSE+WPMM2+WPMM3","blocked",NA,1.41072172734,3.53135219763408,14.4719238960671,4.29297757425628,TRUE
"insurance_autobi_loss","random",6,"norobust","auto-valgate",0,2.5,"LSE+WPMM2+WPMM3","blocked",NA,1.52810527469866,3.83665267770552,14.9362215068413,4.78336307746051,TRUE
"insurance_autobi_loss","random",7,"norobust","auto-valgate",0,2.5,"LSE+WPMM2+WPMM3","blocked",NA,1.83924174123107,4.38068491555333,13.8229161782447,7.0109524798506,TRUE
"insurance_autobi_loss","random",8,"norobust","auto-valgate",0,2.5,"LSE+WPMM2+WPMM3","blocked",NA,1.49427218123754,4.29812332171492,21.4965487658735,5.13638431540492,TRUE
"insurance_autobi_loss","random",9,"norobust","auto-valgate",0,2.5,"LSE+WPMM2+WPMM3","blocked",NA,1.69421935916635,4.32744481661059,18.4904466520325,5.77585908793592,TRUE
"insurance_autobi_loss","random",10,"norobust","auto-valgate",0,2.5,"LSE+WPMM2+WPMM3","blocked",NA,1.6657613567023,3.91633019128743,15.3613446542281,5.7085221955963,TRUE
"insurance_autobi_loss","random",11,"norobust","auto-valgate",0,2.5,"LSE+WPMM2+WPMM3","blocked",NA,2.0229412787526,5.67054050517262,19.5616394360936,6.67429128454996,TRUE
"insurance_autobi_loss","random",12,"norobust","auto-valgate",0,2.5,"LSE+WPMM2+WPMM3","blocked",NA,1.53763476026297,2.69541883329077,8.5809496048141,4.12722437073819,TRUE
"insurance_autobi_loss","random",13,"norobust","auto-valgate",0,2.5,"LSE+WPMM2+WPMM3","blocked",NA,1.7246553884729,5.23606020470423,19.8987505305661,5.83552473322216,TRUE
"insurance_autobi_loss","random",14,"norobust","auto-valgate",0,2.5,"LSE+WPMM2+WPMM3","blocked",NA,1.49840380257947,3.8308983149774,19.4312342575176,4.89244823736585,TRUE
"insurance_autobi_loss","random",15,"norobust","auto-valgate",0,2.5,"LSE+WPMM2+WPMM3","blocked",NA,2.35122308748366,7.54093538387515,29.2054583409271,8.72598820720863,TRUE
"insurance_autobi_loss","random",16,"norobust","auto-valgate",0,2.5,"LSE+WPMM2+WPMM3","blocked",NA,1.54445665545369,4.6559593280405,21.3627886767085,5.52137661646572,TRUE
"insurance_autobi_loss","random",17,"norobust","auto-valgate",0,2.5,"LSE+WPMM2+WPMM3","blocked",NA,1.76731101916716,6.02252199788267,37.8283152399496,5.75856851715791,TRUE
"insurance_autobi_loss","random",18,"norobust","auto-valgate",0,2.5,"LSE+WPMM2+WPMM3","blocked",NA,1.72096173059655,3.77146208679199,10.049824524138,7.27766420739074,TRUE
"insurance_autobi_loss","random",19,"norobust","auto-valgate",0,2.5,"LSE+WPMM2+WPMM3","blocked",NA,1.48561321090559,3.84006713719992,14.037587720344,4.44981230757065,TRUE
"insurance_autobi_loss","random",20,"norobust","auto-valgate",0,2.5,"LSE+WPMM2+WPMM3","blocked",NA,1.60570950126038,4.48775562821584,20.5050711270271,6.09786617139688,TRUE
"insurance_autobi_loss","random",21,"norobust","auto-valgate",0,2.5,"LSE+WPMM2+WPMM3","blocked",NA,1.51224739450393,2.97583419238728,8.33854249641177,4.62449493543412,TRUE
"insurance_autobi_loss","random",22,"norobust","auto-valgate",0,2.5,"LSE+WPMM2+WPMM3","blocked",NA,1.57367311562771,3.57891102984348,17.5998676089651,5.13620630855057,TRUE
"insurance_autobi_loss","random",23,"norobust","auto-valgate",0,2.5,"LSE+WPMM2+WPMM3","blocked",NA,1.94343142851185,4.70392509288284,17.0202932502067,6.98633998702911,TRUE
"insurance_autobi_loss","random",24,"norobust","auto-valgate",0,2.5,"LSE+WPMM2+WPMM3","blocked",NA,1.67641465240969,3.46091917241225,10.7668236415625,5.90070741410444,TRUE
"insurance_autobi_loss","random",25,"norobust","auto-valgate",0,2.5,"LSE+WPMM2+WPMM3","blocked",NA,2.01409547502745,4.94323739894423,21.3779426285756,7.38874385688714,TRUE
"insurance_autobi_loss","random",26,"norobust","auto-valgate",0,2.5,"LSE+WPMM2+WPMM3","blocked",NA,1.4529872549538,3.02626486152239,8.16267185314529,4.62913971991146,TRUE
"insurance_autobi_loss","random",27,"norobust","auto-valgate",0,2.5,"LSE+WPMM2+WPMM3","blocked",NA,1.53712272013988,3.23408210856859,12.2649138051696,4.70124161004379,TRUE
"insurance_autobi_loss","random",28,"norobust","auto-valgate",0,2.5,"LSE+WPMM2+WPMM3","blocked",NA,1.57305061502842,3.18552442929157,8.25411679695155,6.04592121125978,TRUE
"insurance_autobi_loss","random",29,"norobust","auto-valgate",0,2.5,"LSE+WPMM2+WPMM3","blocked",NA,1.63130781192427,5.3982638049573,23.9510689703817,5.644751636591,TRUE
"insurance_autobi_loss","random",30,"norobust","auto-valgate",0,2.5,"LSE+WPMM2+WPMM3","blocked",NA,1.71699609866952,3.32370671073124,8.92006784457846,6.57084990031538,TRUE
"insurance_autobi_loss","random",1,"sigma","WPMM2",0,1.5,"full","blocked",NA,1.77726601914021,4.86771237318287,20.2755338906411,6.03097093890261,TRUE
"insurance_autobi_loss","random",2,"sigma","WPMM2",0,1.5,"full","blocked",NA,1.73915668161118,4.46876079871769,18.7703658034389,6.04992249163132,TRUE
"insurance_autobi_loss","random",3,"sigma","WPMM2",0,1.5,"full","blocked",NA,1.54635197504616,4.47935331223468,19.675735538425,5.08862248268589,TRUE
"insurance_autobi_loss","random",4,"sigma","WPMM2",0,1.5,"full","blocked",NA,2.19230047292275,4.87905586295566,17.0799595124604,7.96759777635054,TRUE
"insurance_autobi_loss","random",5,"sigma","WPMM2",0,1.5,"full","blocked",NA,1.49107097682183,3.56753063476612,14.5112326158446,4.56666861661598,TRUE
"insurance_autobi_loss","random",6,"sigma","WPMM2",0,1.5,"full","blocked",NA,1.65004825097694,4.09691176470252,15.2632503281786,6.19415074476441,TRUE
"insurance_autobi_loss","random",7,"sigma","WPMM2",0,1.5,"full","blocked",NA,1.9389309841565,4.45695533520919,13.972847913824,7.32237514473739,TRUE
"insurance_autobi_loss","random",8,"sigma","WPMM2",0,1.5,"full","blocked",NA,1.50470715248568,4.31554268024776,21.5903824774994,5.48079036258221,TRUE
"insurance_autobi_loss","random",9,"sigma","WPMM2",0,1.5,"full","blocked",NA,1.7713185039162,4.38397171031563,18.6045283704786,5.90710609083086,TRUE
"insurance_autobi_loss","random",10,"sigma","WPMM2",0,1.5,"full","blocked",NA,1.80603796877146,4.0150041773771,15.4649895686088,6.20452223955426,TRUE
"insurance_autobi_loss","random",11,"sigma","WPMM2",0,1.5,"full","blocked",NA,2.16750667938242,5.79955331987985,19.7310015353186,7.44232796952888,TRUE
"insurance_autobi_loss","random",12,"sigma","WPMM2",0,1.5,"full","blocked",NA,1.53926978987428,2.7011335891545,8.7153484915339,4.51183076343174,TRUE
"insurance_autobi_loss","random",13,"sigma","WPMM2",0,1.5,"full","blocked",NA,1.74858610578244,5.25832385888203,19.9861247243323,5.89752787058892,TRUE
"insurance_autobi_loss","random",14,"sigma","WPMM2",0,1.5,"full","blocked",NA,1.62576459160793,4.32765325785834,20.041064655327,5.80781304565606,TRUE
"insurance_autobi_loss","random",15,"sigma","WPMM2",0,1.5,"full","blocked",NA,2.38887024605806,7.59201939001696,29.3743718550401,9.15402746988712,TRUE
"insurance_autobi_loss","random",16,"sigma","WPMM2",0,1.5,"full","blocked",NA,1.70874139626918,4.88879731121757,21.580216980394,6.57523517604106,TRUE
"insurance_autobi_loss","random",17,"sigma","WPMM2",0,1.5,"full","blocked",NA,1.51365995328274,2.96443907152099,9.55671128764903,4.48564883335358,TRUE
"insurance_autobi_loss","random",18,"sigma","WPMM2",0,1.5,"full","blocked",NA,1.77013747458529,3.70025114797177,10.1022025763987,7.38508400151829,TRUE
"insurance_autobi_loss","random",19,"sigma","WPMM2",0,1.5,"full","blocked",NA,1.49987719062252,3.83832421871561,14.1323111907046,4.79204456874169,TRUE
"insurance_autobi_loss","random",20,"sigma","WPMM2",0,1.5,"full","blocked",NA,1.68823562757883,4.52478909724601,20.5865449652346,6.52452105077222,TRUE
"insurance_autobi_loss","random",21,"sigma","WPMM2",0,1.5,"full","blocked",NA,1.6515542467714,3.1498604995241,8.59697117618632,5.63696671590425,TRUE
"insurance_autobi_loss","random",22,"sigma","WPMM2",0,1.5,"full","blocked",NA,1.70527987881258,3.64728423553063,17.7135133022378,5.66384139985716,TRUE
"insurance_autobi_loss","random",23,"sigma","WPMM2",0,1.5,"full","blocked",NA,2.0932647236124,4.83569646517235,17.0612956520829,8.31334553591014,TRUE
"insurance_autobi_loss","random",24,"sigma","WPMM2",0,1.5,"full","blocked",NA,1.79520297409445,3.54706544307331,10.9357142558038,6.3643783706303,TRUE
"insurance_autobi_loss","random",25,"sigma","WPMM2",0,1.5,"full","blocked",NA,2.08614486173526,5.01630609712187,21.597993431838,7.54336812218449,TRUE
"insurance_autobi_loss","random",26,"sigma","WPMM2",0,1.5,"full","blocked",NA,1.53075238241055,3.0336671430182,8.20427081470793,5.03994648590452,TRUE
"insurance_autobi_loss","random",27,"sigma","WPMM2",0,1.5,"full","blocked",NA,1.59200653441878,3.26435227846761,12.3780231976071,5.28430280287476,TRUE
"insurance_autobi_loss","random",28,"sigma","WPMM2",0,1.5,"full","blocked",NA,1.67161389124612,3.13498575896178,7.85752515143552,6.18941246804629,TRUE
"insurance_autobi_loss","random",29,"sigma","WPMM2",0,1.5,"full","blocked",NA,1.69100131165,5.37215048176529,24.0765532403587,6.44069374835701,TRUE
"insurance_autobi_loss","random",30,"sigma","WPMM2",0,1.5,"full","blocked",NA,1.93482964320988,3.35544636352845,8.68334997670765,8.10253088517941,TRUE
"insurance_autobi_loss","random",1,"sigma","WPMM3",0,1.5,"full","blocked",NA,1.7488957666549,4.79742666683044,20.1909048479732,5.8496595381897,TRUE
"insurance_autobi_loss","random",2,"sigma","WPMM3",0,1.5,"full","blocked",NA,1.80289896692987,4.46869671299013,18.6667400402465,6.69327949040276,TRUE
"insurance_autobi_loss","random",3,"sigma","WPMM3",0,1.5,"full","blocked",NA,1.43467634785438,4.37138911374261,19.7431680263854,4.38307551470193,TRUE
"insurance_autobi_loss","random",4,"sigma","WPMM3",0,1.5,"full","blocked",NA,2.10516555947349,5.07442884886682,17.8041450876877,7.89337449150462,TRUE
"insurance_autobi_loss","random",5,"sigma","WPMM3",0,1.5,"full","blocked",NA,1.43436282707107,3.54802335866117,14.5067925760804,4.23988312245277,TRUE
"insurance_autobi_loss","random",6,"sigma","WPMM3",0,1.5,"full","blocked",NA,1.64376150065838,4.06204280439957,15.2053076321218,5.97695303085378,TRUE
"insurance_autobi_loss","random",7,"sigma","WPMM3",0,1.5,"full","blocked",NA,1.84015341890328,4.38909211194949,13.8551283321298,6.95335054143029,TRUE
"insurance_autobi_loss","random",8,"sigma","WPMM3",0,1.5,"full","blocked",NA,1.47963203804606,4.2857886690951,21.5364239484159,5.19479207382177,TRUE
"insurance_autobi_loss","random",9,"sigma","WPMM3",0,1.5,"full","blocked",NA,1.69182613461086,4.32866463635129,18.4972229653315,5.6750784298312,TRUE
"insurance_autobi_loss","random",10,"sigma","WPMM3",0,1.5,"full","blocked",NA,1.70459369355881,3.94546451006861,15.3958691256624,5.96701222158475,TRUE
"insurance_autobi_loss","random",11,"sigma","WPMM3",0,1.5,"full","blocked",NA,1.93897984215605,5.66096283168635,19.5945925367755,6.89340676988411,TRUE
"insurance_autobi_loss","random",12,"sigma","WPMM3",0,1.5,"full","blocked",NA,1.5777054666641,2.89080311836746,8.95960309378433,4.52525344140245,TRUE
"insurance_autobi_loss","random",13,"sigma","WPMM3",0,1.5,"full","blocked",NA,1.77656608528947,5.25756190388527,19.9243268855338,6.44626231766904,TRUE
"insurance_autobi_loss","random",14,"sigma","WPMM3",0,1.5,"full","blocked",NA,1.57236549359279,3.97259502023579,19.5557122914684,5.35617502672144,TRUE
"insurance_autobi_loss","random",15,"sigma","WPMM3",0,1.5,"full","blocked",NA,2.3943347162489,7.57550611496864,29.3077637015013,8.7534523371072,TRUE
"insurance_autobi_loss","random",16,"sigma","WPMM3",0,1.5,"full","blocked",NA,1.76209009807102,5.85094770440569,23.9928560489674,6.84323568959113,TRUE
"insurance_autobi_loss","random",17,"sigma","WPMM3",0,1.5,"full","blocked",NA,1.72837104035601,3.53843288608971,10.6121932609008,5.29667016601841,TRUE
"insurance_autobi_loss","random",18,"sigma","WPMM3",0,1.5,"full","blocked",NA,1.70413988940611,3.64003903793425,9.94001863436642,6.45316285766804,TRUE
"insurance_autobi_loss","random",19,"sigma","WPMM3",0,1.5,"full","blocked",NA,1.4495609090135,3.82768259090411,14.0740763446508,4.59587691768199,TRUE
"insurance_autobi_loss","random",20,"sigma","WPMM3",0,1.5,"full","blocked",NA,1.59808378481171,4.47502648173106,20.537338764641,5.87186198131102,TRUE
"insurance_autobi_loss","random",21,"sigma","WPMM3",0,1.5,"full","blocked",NA,1.57617844082078,3.23323355589389,8.93807344134992,5.36957886078305,TRUE
"insurance_autobi_loss","random",22,"sigma","WPMM3",0,1.5,"full","blocked",NA,1.63201868456946,3.61240532667914,17.6470071452227,5.31308768234405,TRUE
"insurance_autobi_loss","random",23,"sigma","WPMM3",0,1.5,"full","blocked",NA,1.9230314093544,4.69095544633132,16.9959578856227,7.13012831923582,TRUE
"insurance_autobi_loss","random",24,"sigma","WPMM3",0,1.5,"full","blocked",NA,1.72627966803475,3.48402147758769,10.8245684810251,6.04517241657581,TRUE
"insurance_autobi_loss","random",25,"sigma","WPMM3",0,1.5,"full","blocked",NA,2.10214038160791,4.9560463015383,21.3823080038193,8.06084665227236,TRUE
"insurance_autobi_loss","random",26,"sigma","WPMM3",0,1.5,"full","blocked",NA,1.45043076555206,2.93036627688574,8.00721700333573,4.56163408298,TRUE
"insurance_autobi_loss","random",27,"sigma","WPMM3",0,1.5,"full","blocked",NA,1.55054940083932,3.23055163232363,12.2919501486443,4.8815683747454,TRUE
"insurance_autobi_loss","random",28,"sigma","WPMM3",0,1.5,"full","blocked",NA,1.59156970295494,3.03917565612141,7.66614642949879,5.6882820774088,TRUE
"insurance_autobi_loss","random",29,"sigma","WPMM3",0,1.5,"full","blocked",NA,1.63990184287361,5.35982201562252,23.974884698578,5.659324223821,TRUE
"insurance_autobi_loss","random",30,"sigma","WPMM3",0,1.5,"full","blocked",NA,1.74676292032711,3.33452632956088,8.97919281839357,6.47018358468882,TRUE
"insurance_autobi_loss","random",1,"sigma","auto-valgate",0,1.5,"full","blocked",NA,1.69675531722153,4.7698770462006,20.1808340662387,5.43505600565146,TRUE
"insurance_autobi_loss","random",2,"sigma","auto-valgate",0,1.5,"full","blocked",NA,1.71831824575554,4.39960550469597,18.5096870304209,4.9303958681205,TRUE
"insurance_autobi_loss","random",3,"sigma","auto-valgate",0,1.5,"full","blocked",NA,1.61301546710349,4.43884276366046,19.4594263690098,4.44401030346746,TRUE
"insurance_autobi_loss","random",4,"sigma","auto-valgate",0,1.5,"full","blocked",NA,1.87867103366614,4.36252493200016,16.2869527929966,6.55822585764106,TRUE
"insurance_autobi_loss","random",5,"sigma","auto-valgate",0,1.5,"full","blocked",NA,1.53243980860615,3.51853420905756,14.1294131791411,4.29590359728137,TRUE
"insurance_autobi_loss","random",6,"sigma","auto-valgate",0,1.5,"full","blocked",NA,1.60038152806587,3.86212784847414,14.8366924391821,4.45011750498297,TRUE
"insurance_autobi_loss","random",7,"sigma","auto-valgate",0,1.5,"full","blocked",NA,1.87534195299933,4.39977750276104,13.8713107796716,7.06420102524352,TRUE
"insurance_autobi_loss","random",8,"sigma","auto-valgate",0,1.5,"full","blocked",NA,1.58568493285788,4.3206773781688,21.3848057238765,4.35506205243457,TRUE
"insurance_autobi_loss","random",9,"sigma","auto-valgate",0,1.5,"full","blocked",NA,1.74623600254826,4.33458058406287,18.3952164828109,5.64031821527515,TRUE
"insurance_autobi_loss","random",10,"sigma","auto-valgate",0,1.5,"full","blocked",NA,1.69660026645305,3.88617817160443,15.2369742910221,5.64888534406998,TRUE
"insurance_autobi_loss","random",11,"sigma","auto-valgate",0,1.5,"full","blocked",NA,2.0175169278844,5.64188776824745,19.2961641038587,6.78208976251195,TRUE
"insurance_autobi_loss","random",12,"sigma","auto-valgate",0,1.5,"full","blocked",NA,1.65293442678334,2.81809700402953,8.36939237593191,4.25913070210389,TRUE
"insurance_autobi_loss","random",13,"sigma","auto-valgate",0,1.5,"full","blocked",NA,1.86757268694771,5.23335873334243,19.5272060746203,6.31927198833385,TRUE
"insurance_autobi_loss","random",14,"sigma","auto-valgate",0,1.5,"full","blocked",NA,1.51766661249794,3.83405326901892,19.444758531302,4.94395601650727,TRUE
"insurance_autobi_loss","random",15,"sigma","auto-valgate",0,1.5,"full","blocked",NA,2.36046289395005,7.51838299242499,29.0666030394439,8.51957890788417,TRUE
"insurance_autobi_loss","random",16,"sigma","auto-valgate",0,1.5,"full","blocked",NA,1.58574220239061,4.66326167963646,21.2617862754453,5.08152651205016,TRUE
"insurance_autobi_loss","random",17,"sigma","auto-valgate",0,1.5,"full","blocked",NA,1.55086230950289,2.9143488164712,9.286920528676,4.05920120072295,TRUE
"insurance_autobi_loss","random",18,"sigma","auto-valgate",0,1.5,"full","blocked",NA,1.81559456020752,3.84655678773354,9.98418596816843,7.39364450204536,TRUE
"insurance_autobi_loss","random",19,"sigma","auto-valgate",0,1.5,"full","blocked",NA,1.61147613310515,3.8610939541093,13.619431138421,4.06884407750332,TRUE
"insurance_autobi_loss","random",20,"sigma","auto-valgate",0,1.5,"full","blocked",NA,1.56737398275103,4.44128841590928,20.4709683518046,5.8947577015055,TRUE
"insurance_autobi_loss","random",21,"sigma","auto-valgate",0,1.5,"full","blocked",NA,1.63915440422234,3.06579024458052,8.22190455381477,4.35504958917914,TRUE
"insurance_autobi_loss","random",22,"sigma","auto-valgate",0,1.5,"full","blocked",NA,1.68298962768987,3.67906987671839,17.6618397133313,6.35146574505622,TRUE
"insurance_autobi_loss","random",23,"sigma","auto-valgate",0,1.5,"full","blocked",NA,1.94932424717144,4.68946061922916,16.9054716417523,6.53823140162648,TRUE
"insurance_autobi_loss","random",24,"sigma","auto-valgate",0,1.5,"full","blocked",NA,1.74192900121916,3.65053112785596,11.2233178926998,6.16005374810767,TRUE
"insurance_autobi_loss","random",25,"sigma","auto-valgate",0,1.5,"full","blocked",NA,2.20886757309836,5.13367356731041,21.5211584813011,7.92983930025768,TRUE
"insurance_autobi_loss","random",26,"sigma","auto-valgate",0,1.5,"full","blocked",NA,1.59625349634674,3.14141115568541,8.13876313599677,4.21465338278837,TRUE
"insurance_autobi_loss","random",27,"sigma","auto-valgate",0,1.5,"full","blocked",NA,1.58757018046236,3.23046658660428,12.1963123913943,4.3538874208704,TRUE
"insurance_autobi_loss","random",28,"sigma","auto-valgate",0,1.5,"full","blocked",NA,1.60058432561034,4.79439797925864,30.8914158819423,5.90565604081025,TRUE
"insurance_autobi_loss","random",29,"sigma","auto-valgate",0,1.5,"full","blocked",NA,1.70524958189574,5.42618024595155,23.8460655348754,5.0588487570404,TRUE
"insurance_autobi_loss","random",30,"sigma","auto-valgate",0,1.5,"full","blocked",NA,1.83588410617015,3.34518573426837,8.61440417258922,6.35166975483004,TRUE
"insurance_autobi_loss","random",1,"sigma","WPMM2",0,4,"full","blocked",NA,1.67257853839312,4.75053520033113,20.1332890812925,5.6390959826484,TRUE
"insurance_autobi_loss","random",2,"sigma","WPMM2",0,4,"full","blocked",NA,1.66959292833783,4.4190075075902,18.6845926559683,5.79781810976759,TRUE
"insurance_autobi_loss","random",3,"sigma","WPMM2",0,4,"full","blocked",NA,1.48138281346031,4.35545725643939,19.5153404568406,4.53777796963743,TRUE
"insurance_autobi_loss","random",4,"sigma","WPMM2",0,4,"full","blocked",NA,2.15439000157162,4.5311848982329,16.3325992017312,8.17334162995275,TRUE
"insurance_autobi_loss","random",5,"sigma","WPMM2",0,4,"full","blocked",NA,1.41166893103797,3.53907114646445,14.5196581803386,4.35399693362031,TRUE
"insurance_autobi_loss","random",6,"sigma","WPMM2",0,4,"full","blocked",NA,1.51363400316483,3.83697377088343,14.9828243133909,5.09812349816869,TRUE
"insurance_autobi_loss","random",7,"sigma","WPMM2",0,4,"full","blocked",NA,1.85994097273974,4.38850762953138,13.7669798989868,6.94424983678638,TRUE
"insurance_autobi_loss","random",8,"sigma","WPMM2",0,4,"full","blocked",NA,1.45908372579845,4.2938464529986,21.5253113080509,5.07750477886117,TRUE
"insurance_autobi_loss","random",9,"sigma","WPMM2",0,4,"full","blocked",NA,1.68284755570715,4.33065795792798,18.5381093611469,5.63506563453711,TRUE
"insurance_autobi_loss","random",10,"sigma","WPMM2",0,4,"full","blocked",NA,1.72639566404696,3.96037248005348,15.3979314818272,5.96145903951075,TRUE
"insurance_autobi_loss","random",11,"sigma","WPMM2",0,4,"full","blocked",NA,2.12507803476297,5.77724684288413,19.6721964861628,7.48011345031886,TRUE
"insurance_autobi_loss","random",12,"sigma","WPMM2",0,4,"full","blocked",NA,1.50816339350957,2.68293193623927,8.62185409219162,4.35023804596468,TRUE
"insurance_autobi_loss","random",13,"sigma","WPMM2",0,4,"full","blocked",NA,1.67940674769544,5.22210032060445,19.8787407786329,5.64631124666244,TRUE
"insurance_autobi_loss","random",14,"sigma","WPMM2",0,4,"full","blocked",NA,1.44810035409977,3.82293988671241,19.47416679775,4.90910391991114,TRUE
"insurance_autobi_loss","random",15,"sigma","WPMM2",0,4,"full","blocked",NA,2.3135502600308,7.54371060153889,29.3088216160521,8.71024634765118,TRUE
"insurance_autobi_loss","random",16,"sigma","WPMM2",0,4,"full","blocked",NA,1.56637590972828,4.68321831830496,21.3879195521049,5.5027771689159,TRUE
"insurance_autobi_loss","random",17,"sigma","WPMM2",0,4,"full","blocked",NA,1.46177120224058,2.92263075562655,9.48161721318775,4.09530203312637,TRUE
"insurance_autobi_loss","random",18,"sigma","WPMM2",0,4,"full","blocked",NA,1.68437903605091,3.64478360929731,9.96917619897656,6.76508540945693,TRUE
"insurance_autobi_loss","random",19,"sigma","WPMM2",0,4,"full","blocked",NA,1.47522934328802,3.84642795702582,14.067019818353,4.82764457234898,TRUE
"insurance_autobi_loss","random",20,"sigma","WPMM2",0,4,"full","blocked",NA,1.59843135009062,4.46827245441303,20.5180371425334,6.16593347332484,TRUE
"insurance_autobi_loss","random",21,"sigma","WPMM2",0,4,"full","blocked",NA,1.44483138969521,2.95968106749144,8.37555150096022,4.88812968682648,TRUE
"insurance_autobi_loss","random",22,"sigma","WPMM2",0,4,"full","blocked",NA,1.55401578472791,3.55964220190343,17.62880396696,5.21515668744914,TRUE
"insurance_autobi_loss","random",23,"sigma","WPMM2",0,4,"full","blocked",NA,1.94214653348149,4.69287854981308,17.003169451892,7.15323285512666,TRUE
"insurance_autobi_loss","random",24,"sigma","WPMM2",0,4,"full","blocked",NA,1.6894216485483,3.48914122079901,10.8071172070147,6.13372687176068,TRUE
"insurance_autobi_loss","random",25,"sigma","WPMM2",0,4,"full","blocked",NA,2.01089933161193,4.91160370598857,21.506948750376,7.17622379899365,TRUE
"insurance_autobi_loss","random",26,"sigma","WPMM2",0,4,"full","blocked",NA,1.44708391995944,3.01558435429657,8.18450374331161,4.75913752827134,TRUE
"insurance_autobi_loss","random",27,"sigma","WPMM2",0,4,"full","blocked",NA,1.51394452269308,3.22656395555354,12.3182215394277,4.95238566938723,TRUE
"insurance_autobi_loss","random",28,"sigma","WPMM2",0,4,"full","blocked",NA,1.5867348746829,3.02341400145453,7.61727802741525,5.77627513132522,TRUE
"insurance_autobi_loss","random",29,"sigma","WPMM2",0,4,"full","blocked",NA,1.67332771267395,5.39976975164178,24.0104226164116,5.94771209536857,TRUE
"insurance_autobi_loss","random",30,"sigma","WPMM2",0,4,"full","blocked",NA,1.7280157274385,3.33308612651035,8.98858575360991,6.55642434212165,TRUE
"insurance_autobi_loss","random",1,"sigma","WPMM3",0,4,"full","blocked",NA,1.69594256548273,4.77906942368243,20.1172826837682,5.5293941612621,TRUE
"insurance_autobi_loss","random",2,"sigma","WPMM3",0,4,"full","blocked",NA,1.64952957008368,4.39896176495529,18.6096975064323,5.45982378284323,TRUE
"insurance_autobi_loss","random",3,"sigma","WPMM3",0,4,"full","blocked",NA,1.49340741272299,4.4106484390704,19.6581159021683,3.99543243161786,TRUE
"insurance_autobi_loss","random",4,"sigma","WPMM3",0,4,"full","blocked",NA,1.95987711152604,4.45038768844317,16.2716171601485,6.76149719433342,TRUE
"insurance_autobi_loss","random",5,"sigma","WPMM3",0,4,"full","blocked",NA,1.45806405087985,3.55192896806566,14.4332226675025,4.00940890926169,TRUE
"insurance_autobi_loss","random",6,"sigma","WPMM3",0,4,"full","blocked",NA,1.62206878542437,4.12907782089328,15.2188819147217,5.45596560708484,TRUE
"insurance_autobi_loss","random",7,"sigma","WPMM3",0,4,"full","blocked",NA,1.81280940412342,4.3688392295783,13.7046268110089,6.66961593574522,TRUE
"insurance_autobi_loss","random",8,"sigma","WPMM3",0,4,"full","blocked",NA,1.48103767182799,4.2954038597482,21.4719217247741,4.72224063190491,TRUE
"insurance_autobi_loss","random",9,"sigma","WPMM3",0,4,"full","blocked",NA,1.67894767085305,4.32722358592971,18.4224048054487,5.35951633777037,TRUE
"insurance_autobi_loss","random",10,"sigma","WPMM3",0,4,"full","blocked",NA,1.6733534866425,3.92272198110763,15.2974775375175,5.70529152121905,TRUE
"insurance_autobi_loss","random",11,"sigma","WPMM3",0,4,"full","blocked",NA,1.84537306449791,5.60253972120318,19.4893584201231,6.3634937238267,TRUE
"insurance_autobi_loss","random",12,"sigma","WPMM3",0,4,"full","blocked",NA,1.58862904057921,2.80077759524863,8.06197322760727,4.22472604626191,TRUE
"insurance_autobi_loss","random",13,"sigma","WPMM3",0,4,"full","blocked",NA,1.8179274249848,5.28891679175338,19.8150608259423,6.32481066724889,TRUE
"insurance_autobi_loss","random",14,"sigma","WPMM3",0,4,"full","blocked",NA,1.65513276407005,4.19360638532174,19.6667741134691,5.34033962871811,TRUE
"insurance_autobi_loss","random",15,"sigma","WPMM3",0,4,"full","blocked",NA,2.39407994476051,7.5897162637444,29.2002995356547,8.54189013401696,TRUE
"insurance_autobi_loss","random",16,"sigma","WPMM3",0,4,"full","blocked",NA,1.74636670414341,5.02148620570241,21.4234321680523,5.93983045283224,TRUE
"insurance_autobi_loss","random",17,"sigma","WPMM3",0,4,"full","blocked",NA,1.76343306883971,4.19240411392577,12.3161710773562,5.73046732251145,TRUE
"insurance_autobi_loss","random",18,"sigma","WPMM3",0,4,"full","blocked",NA,1.70792830654495,3.65063609608496,9.81588951015929,6.08311569486596,TRUE
"insurance_autobi_loss","random",19,"sigma","WPMM3",0,4,"full","blocked",NA,1.47813995611915,3.84229414233756,14.0248279251781,4.27954365507517,TRUE
"insurance_autobi_loss","random",20,"sigma","WPMM3",0,4,"full","blocked",NA,1.57779787534481,4.45896839950901,20.4506583784632,5.70514963737821,TRUE
"insurance_autobi_loss","random",21,"sigma","WPMM3",0,4,"full","blocked",NA,1.53451013936289,2.99676953302284,8.32482724415086,4.59944687861802,TRUE
"insurance_autobi_loss","random",22,"sigma","WPMM3",0,4,"full","blocked",NA,1.60987250338434,3.60163968670559,17.582342224211,4.7718303952037,TRUE
"insurance_autobi_loss","random",23,"sigma","WPMM3",0,4,"full","blocked",NA,1.95300180963514,7.27869182375112,29.5606464739375,7.57951273230738,TRUE
"insurance_autobi_loss","random",24,"sigma","WPMM3",0,4,"full","blocked",NA,1.69005851134317,3.44876654980445,10.6994205377532,5.74704391173273,TRUE
"insurance_autobi_loss","random",25,"sigma","WPMM3",0,4,"full","blocked",NA,1.93219566804635,4.91530370090206,21.4126793676673,6.91338996122672,TRUE
"insurance_autobi_loss","random",26,"sigma","WPMM3",0,4,"full","blocked",NA,1.49615114267263,3.03400060777747,8.04144093849469,4.31463800557854,TRUE
"insurance_autobi_loss","random",27,"sigma","WPMM3",0,4,"full","blocked",NA,1.56648720924261,3.23061251629888,12.1991960849486,4.28739339668504,TRUE
"insurance_autobi_loss","random",28,"sigma","WPMM3",0,4,"full","blocked",NA,1.54301301558007,2.96587337485636,7.44618392979355,5.04658274439266,TRUE
"insurance_autobi_loss","random",29,"sigma","WPMM3",0,4,"full","blocked",NA,1.66477713494134,5.40762771415619,23.90829877317,5.14697826934531,TRUE
"insurance_autobi_loss","random",30,"sigma","WPMM3",0,4,"full","blocked",NA,1.71920324414487,3.34497644353692,8.84685558294274,6.29801757519353,TRUE
"insurance_autobi_loss","random",1,"sigma","auto-valgate",0,4,"full","blocked",NA,1.79547562465852,4.79697861940536,20.1262687930629,5.84147006678938,TRUE
"insurance_autobi_loss","random",2,"sigma","auto-valgate",0,4,"full","blocked",NA,1.65557066985663,4.38507753896855,18.5897491761848,5.33452202202537,TRUE
"insurance_autobi_loss","random",3,"sigma","auto-valgate",0,4,"full","blocked",NA,1.48203086921483,4.41910688527404,19.6989854954201,4.01503268400832,TRUE
"insurance_autobi_loss","random",4,"sigma","auto-valgate",0,4,"full","blocked",NA,1.89857384457544,4.38646655938464,16.3370023860042,6.80207554735614,TRUE
"insurance_autobi_loss","random",5,"sigma","auto-valgate",0,4,"full","blocked",NA,1.4306557842674,3.54738279200273,14.4447752633788,4.1102839148562,TRUE
"insurance_autobi_loss","random",6,"sigma","auto-valgate",0,4,"full","blocked",NA,1.54202586341007,3.83885438790137,14.9088855054693,4.84936121826405,TRUE
"insurance_autobi_loss","random",7,"sigma","auto-valgate",0,4,"full","blocked",NA,1.81338519352928,4.35414023388585,13.6637703801581,6.88693949407138,TRUE
"insurance_autobi_loss","random",8,"sigma","auto-valgate",0,4,"full","blocked",NA,1.51982739952082,4.31757081746875,21.4459445714441,4.57395670783045,TRUE
"insurance_autobi_loss","random",9,"sigma","auto-valgate",0,4,"full","blocked",NA,1.69437336786976,4.32435854214669,18.453471486367,5.67616971219889,TRUE
"insurance_autobi_loss","random",10,"sigma","auto-valgate",0,4,"full","blocked",NA,1.69745261782107,3.88429454346258,15.2309840043191,5.63726932738838,TRUE
"insurance_autobi_loss","random",11,"sigma","auto-valgate",0,4,"full","blocked",NA,1.89882018238029,5.66495801524021,19.5428540248283,6.46649879049219,TRUE
"insurance_autobi_loss","random",12,"sigma","auto-valgate",0,4,"full","blocked",NA,1.6166954472365,2.75225403903233,8.55353026042764,4.13130490700267,TRUE
"insurance_autobi_loss","random",13,"sigma","auto-valgate",0,4,"full","blocked",NA,1.85402645556372,5.22585899307661,19.5025161935601,6.26257376388523,TRUE
"insurance_autobi_loss","random",14,"sigma","auto-valgate",0,4,"full","blocked",NA,1.5556919271673,3.86385412203395,19.3952854565261,4.84479462982236,TRUE
"insurance_autobi_loss","random",15,"sigma","auto-valgate",0,4,"full","blocked",NA,2.28871427898815,7.51835530927028,29.1245830219896,8.74379221622416,TRUE
"insurance_autobi_loss","random",16,"sigma","auto-valgate",0,4,"full","blocked",NA,1.56304088644903,4.66168280780273,21.2986776888336,5.33752387880889,TRUE
"insurance_autobi_loss","random",17,"sigma","auto-valgate",0,4,"full","blocked",NA,1.62141898748383,3.01320098882774,9.33290900696089,4.44401163656306,TRUE
"insurance_autobi_loss","random",18,"sigma","auto-valgate",0,4,"full","blocked",NA,1.68940990789427,3.65888573123237,9.82264127844793,6.08822494025588,TRUE
"insurance_autobi_loss","random",19,"sigma","auto-valgate",0,4,"full","blocked",NA,1.50400740691859,3.84250323614394,13.9837308134889,4.18489837139497,TRUE
"insurance_autobi_loss","random",20,"sigma","auto-valgate",0,4,"full","blocked",NA,1.58317682828381,4.47782146737237,20.4667031010634,5.83216244091008,TRUE
"insurance_autobi_loss","random",21,"sigma","auto-valgate",0,4,"full","blocked",NA,1.5301314091189,2.9943871163933,8.28771847476068,4.13323614996723,TRUE
"insurance_autobi_loss","random",22,"sigma","auto-valgate",0,4,"full","blocked",NA,1.61067070244517,3.60617399584734,17.5692341018129,5.02218555335235,TRUE
"insurance_autobi_loss","random",23,"sigma","auto-valgate",0,4,"full","blocked",NA,1.93671848675753,4.69999240056701,16.9570896223719,6.62262751398456,TRUE
"insurance_autobi_loss","random",24,"sigma","auto-valgate",0,4,"full","blocked",NA,1.66461165351624,3.44481014480559,10.6908013353899,5.71333078322525,TRUE
"insurance_autobi_loss","random",25,"sigma","auto-valgate",0,4,"full","blocked",NA,2.04397553370342,5.04260448294661,21.4800171105199,7.04853981672925,TRUE
"insurance_autobi_loss","random",26,"sigma","auto-valgate",0,4,"full","blocked",NA,1.45191348258776,3.02187859066448,8.11349436800739,4.4750275577014,TRUE
"insurance_autobi_loss","random",27,"sigma","auto-valgate",0,4,"full","blocked",NA,1.58680964830669,3.22942499822005,12.1970119750406,4.3718240329144,TRUE
"insurance_autobi_loss","random",28,"sigma","auto-valgate",0,4,"full","blocked",NA,1.53707583249581,2.99607983453204,7.50652744567217,5.46121340168005,TRUE
"insurance_autobi_loss","random",29,"sigma","auto-valgate",0,4,"full","blocked",NA,1.66387289479718,5.42447209951019,23.9008984098734,5.28330662950114,TRUE
"insurance_autobi_loss","random",30,"sigma","auto-valgate",0,4,"full","blocked",NA,1.8351877120524,3.34564192646845,8.61455347420249,6.358914371849,TRUE
"insurance_autobi_loss","random",1,"seeds","auto",1,2.5,"full","blocked",NA,2.64762789088455,5.29861304578079,19.5984241657312,6.69083587347792,TRUE
"insurance_autobi_loss","random",2,"seeds","auto",1,2.5,"full","blocked",NA,3.38972992197976,5.76391861223498,18.3419313308501,7.66640813662926,TRUE
"insurance_autobi_loss","random",3,"seeds","auto",1,2.5,"full","blocked",NA,2.64687958427536,5.43511143130654,19.4004959638296,5.53235204981673,TRUE
"insurance_autobi_loss","random",4,"seeds","auto",1,2.5,"full","blocked",NA,3.72012649465468,5.53123841702357,15.8373008629245,8.06385606060605,TRUE
"insurance_autobi_loss","random",5,"seeds","auto",1,2.5,"full","blocked",NA,2.65428127774877,4.35077035673636,14.0661277376669,5.91240040319608,TRUE
"insurance_autobi_loss","random",6,"seeds","auto",1,2.5,"full","blocked",NA,3.16405450836017,5.41081630489839,14.9709971588959,6.46902195829878,TRUE
"insurance_autobi_loss","random",7,"seeds","auto",1,2.5,"full","blocked",NA,3.41805368423428,5.5036431015141,12.4054650443501,7.8966340453949,TRUE
"insurance_autobi_loss","random",8,"seeds","auto",1,2.5,"full","blocked",NA,2.60487678609029,6.47289671684442,27.0431504245574,5.64998124481479,TRUE
"insurance_autobi_loss","random",9,"seeds","auto",1,2.5,"full","blocked",NA,3.618915500639,5.78479121834867,18.0545099769252,6.76078164602394,TRUE
"insurance_autobi_loss","random",10,"seeds","auto",1,2.5,"full","blocked",NA,3.12673260445701,4.77296680021741,14.8757455772809,7.21907233451941,TRUE
"insurance_autobi_loss","random",11,"seeds","auto",1,2.5,"full","blocked",NA,2.77471790465004,6.34063791812537,19.029205180593,6.37116435290672,TRUE
"insurance_autobi_loss","random",12,"seeds","auto",1,2.5,"full","blocked",NA,3.65583230505898,4.5640484616039,8.77768182754005,7.4811313298687,TRUE
"insurance_autobi_loss","random",13,"seeds","auto",1,2.5,"full","blocked",NA,2.99521134949915,6.2098351950466,19.4139346322727,6.99516496068654,TRUE
"insurance_autobi_loss","random",14,"seeds","auto",1,2.5,"full","blocked",NA,3.43156654952782,5.86533912577514,20.062836057605,7.68503299265925,TRUE
"insurance_autobi_loss","random",15,"seeds","auto",1,2.5,"full","blocked",NA,2.6564510336123,7.81447635331941,28.7208355012201,6.54167177474159,TRUE
"insurance_autobi_loss","random",16,"seeds","auto",1,2.5,"full","blocked",NA,2.50134078391573,5.55815380392354,21.219043209031,5.39709482758621,TRUE
"insurance_autobi_loss","random",17,"seeds","auto",1,2.5,"full","blocked",NA,4.17231246464439,4.80693677962707,9.54564118653153,8.78033181818183,TRUE
"insurance_autobi_loss","random",18,"seeds","auto",1,2.5,"full","blocked",NA,2.4508080634117,4.56207133965809,10.4489635368465,6.20614908791215,TRUE
"insurance_autobi_loss","random",19,"seeds","auto",1,2.5,"full","blocked",NA,4.21293631936521,6.13303722589382,14.0993785365094,6.96653196950691,TRUE
"insurance_autobi_loss","random",20,"seeds","auto",1,2.5,"full","blocked",NA,3.27258983390259,5.7404424358824,19.9381004636849,6.64918699360923,TRUE
"insurance_autobi_loss","random",21,"seeds","auto",1,2.5,"full","blocked",NA,4.53502770444163,5.0739149930363,8.5110740138902,9.20722753147236,TRUE
"insurance_autobi_loss","random",22,"seeds","auto",1,2.5,"full","blocked",NA,3.43293509038731,4.79753566517947,17.3837036890553,6.75367410358566,TRUE
"insurance_autobi_loss","random",23,"seeds","auto",1,2.5,"full","blocked",NA,3.44272303761637,5.84086313068368,16.5681405655276,8.28401758913668,TRUE
"insurance_autobi_loss","random",24,"seeds","auto",1,2.5,"full","blocked",NA,3.08027989310186,4.51319029032728,10.367296512094,6.13569918422596,TRUE
"insurance_autobi_loss","random",25,"seeds","auto",1,2.5,"full","blocked",NA,3.39495952850124,6.03332929176928,20.8943261007754,7.46266636561763,TRUE
"insurance_autobi_loss","random",26,"seeds","auto",1,2.5,"full","blocked",NA,3.12346670882025,4.14941325437192,7.69404313247685,6.6077770338823,TRUE
"insurance_autobi_loss","random",27,"seeds","auto",1,2.5,"full","blocked",NA,3.18605887957238,4.57258601937848,12.3511996771517,7.59144908858617,TRUE
"insurance_autobi_loss","random",28,"seeds","auto",1,2.5,"full","blocked",NA,3.11048781657303,4.28895167354969,7.7230382203995,6.31676135910554,TRUE
"insurance_autobi_loss","random",29,"seeds","auto",1,2.5,"full","blocked",NA,2.94407241619413,6.31526164060688,23.4943216344317,6.21603215468181,TRUE
"insurance_autobi_loss","random",30,"seeds","auto",1,2.5,"full","blocked",NA,4.29797049295457,5.05960290955127,8.64332374169098,8.10683870441442,TRUE
"insurance_autobi_loss","random",1,"seeds","auto",2,2.5,"full","blocked",NA,2.89760945025583,5.5022459697294,19.5877274569416,6.43742054577918,TRUE
"insurance_autobi_loss","random",2,"seeds","auto",2,2.5,"full","blocked",NA,3.74316700996952,6.31318808336282,19.3999891354086,7.79599404711514,TRUE
"insurance_autobi_loss","random",3,"seeds","auto",2,2.5,"full","blocked",NA,3.49679280647978,5.96784494680066,19.3112926591056,7.13676751979405,TRUE
"insurance_autobi_loss","random",4,"seeds","auto",2,2.5,"full","blocked",NA,3.96485263749746,5.76411635415564,15.7505002031409,8.10306477944177,TRUE
"insurance_autobi_loss","random",5,"seeds","auto",2,2.5,"full","blocked",NA,3.02142857037455,4.75761882792338,14.0468521427292,6.3303795308401,TRUE
"insurance_autobi_loss","random",6,"seeds","auto",2,2.5,"full","blocked",NA,2.78705354322955,4.85328469441871,14.6596430131454,6.00357396005182,TRUE
"insurance_autobi_loss","random",7,"seeds","auto",2,2.5,"full","blocked",NA,3.15675608252146,5.36028964579498,12.9763160306231,6.88684797555522,TRUE
"insurance_autobi_loss","random",8,"seeds","auto",2,2.5,"full","blocked",NA,3.01930789591293,5.75401612122135,21.1448141495063,6.15244967968073,TRUE
"insurance_autobi_loss","random",9,"seeds","auto",2,2.5,"full","blocked",NA,2.99585770122989,5.13508110895066,18.0074799815698,6.38310291018723,TRUE
"insurance_autobi_loss","random",10,"seeds","auto",2,2.5,"full","blocked",NA,3.02974334999896,4.73946834607791,14.8983239011217,6.68552290076335,TRUE
"insurance_autobi_loss","random",11,"seeds","auto",2,2.5,"full","blocked",NA,3.32705796580051,6.62348703923173,18.8679119007952,7.515303428126,TRUE
"insurance_autobi_loss","random",12,"seeds","auto",2,2.5,"full","blocked",NA,3.32754051572262,4.2533050159068,8.43242169565686,6.91490517672286,TRUE
"insurance_autobi_loss","random",13,"seeds","auto",2,2.5,"full","blocked",NA,2.68573642423552,5.83299566808388,19.1172680548315,5.9359667280073,TRUE
"insurance_autobi_loss","random",14,"seeds","auto",2,2.5,"full","blocked",NA,3.74770049856919,5.70283602783331,19.3227542040699,7.98992444589274,TRUE
"insurance_autobi_loss","random",15,"seeds","auto",2,2.5,"full","blocked",NA,2.66738158793205,7.87678469662414,28.7628449931665,6.89089697695389,TRUE
"insurance_autobi_loss","random",16,"seeds","auto",2,2.5,"full","blocked",NA,3.34514305784176,5.98252323631588,20.8882815154442,6.5479786924057,TRUE
"insurance_autobi_loss","random",17,"seeds","auto",2,2.5,"full","blocked",NA,3.07147490819108,5.27176450871037,19.0958716782094,6.60559648146094,TRUE
"insurance_autobi_loss","random",18,"seeds","auto",2,2.5,"full","blocked",NA,3.91551197311597,4.993945761969,9.36569353533016,8.09317532219717,TRUE
"insurance_autobi_loss","random",19,"seeds","auto",2,2.5,"full","blocked",NA,3.8459825884896,5.45142252047947,13.5925862393396,7.57397805809052,TRUE
"insurance_autobi_loss","random",20,"seeds","auto",2,2.5,"full","blocked",NA,3.31733022337989,5.73097159970629,19.8630670228313,7.25694165879302,TRUE
"insurance_autobi_loss","random",21,"seeds","auto",2,2.5,"full","blocked",NA,4.39696519282799,5.05022336602595,8.38404684997765,8.43147669858799,TRUE
"insurance_autobi_loss","random",22,"seeds","auto",2,2.5,"full","blocked",NA,3.02015461684379,4.68309897993526,17.4591812524609,7.14903376512644,TRUE
"insurance_autobi_loss","random",23,"seeds","auto",2,2.5,"full","blocked",NA,2.90600443711883,5.28110997952107,16.5149658527913,7.12177239619148,TRUE
"insurance_autobi_loss","random",24,"seeds","auto",2,2.5,"full","blocked",NA,3.33051414799456,4.8442904548726,10.8140394964074,6.68528261096841,TRUE
"insurance_autobi_loss","random",25,"seeds","auto",2,2.5,"full","blocked",NA,3.41979649191855,6.07656031459036,20.9145656897276,7.30986315034642,TRUE
"insurance_autobi_loss","random",26,"seeds","auto",2,2.5,"full","blocked",NA,3.52159018834199,4.30411720198331,7.76505449167989,7.63121243254688,TRUE
"insurance_autobi_loss","random",27,"seeds","auto",2,2.5,"full","blocked",NA,2.70576136981035,4.19622271372136,12.2673937135893,6.385332252879,TRUE
"insurance_autobi_loss","random",28,"seeds","auto",2,2.5,"full","blocked",NA,3.70711814189916,4.61468125513427,7.37195012720215,7.50523604791339,TRUE
"insurance_autobi_loss","random",29,"seeds","auto",2,2.5,"full","blocked",NA,3.01639283133818,6.34132571234369,23.4816091451825,6.27925151024614,TRUE
"insurance_autobi_loss","random",30,"seeds","auto",2,2.5,"full","blocked",NA,3.76754108996856,4.61872158969388,8.6732443254043,7.44162222222221,TRUE
"insurance_autobi_loss","random",1,"seeds","auto-weak",1,2.5,"full","blocked",NA,1.66236097936222,4.7594383741299,20.1750454128284,5.25579145031309,TRUE
"insurance_autobi_loss","random",2,"seeds","auto-weak",1,2.5,"full","blocked",NA,1.6895150012422,4.40352909234729,18.6207998407823,5.40922155646275,TRUE
"insurance_autobi_loss","random",3,"seeds","auto-weak",1,2.5,"full","blocked",NA,1.4408484648755,4.3953381727372,19.7156843750995,4.19819502203493,TRUE
"insurance_autobi_loss","random",4,"seeds","auto-weak",1,2.5,"full","blocked",NA,1.90168632312006,4.40443779052032,16.2885863696501,6.59229236771568,TRUE
"insurance_autobi_loss","random",5,"seeds","auto-weak",1,2.5,"full","blocked",NA,1.42920607267589,3.55646620443941,14.4976564084359,4.08062665225068,TRUE
"insurance_autobi_loss","random",6,"seeds","auto-weak",1,2.5,"full","blocked",NA,1.64978101767643,4.0455093650377,15.0840995674886,6.21950464232938,TRUE
"insurance_autobi_loss","random",7,"seeds","auto-weak",1,2.5,"full","blocked",NA,1.84278703435366,4.4103077008921,13.8569300169465,7.19111968780964,TRUE
"insurance_autobi_loss","random",8,"seeds","auto-weak",1,2.5,"full","blocked",NA,1.46083693969523,4.29140909779118,21.4993596182014,4.87511302506539,TRUE
"insurance_autobi_loss","random",9,"seeds","auto-weak",1,2.5,"full","blocked",NA,1.71830643355374,4.3390542108897,18.5674439172513,5.83637402034648,TRUE
"insurance_autobi_loss","random",10,"seeds","auto-weak",1,2.5,"full","blocked",NA,1.69493938773346,3.94367069427862,15.3835531781001,5.84317610373918,TRUE
"insurance_autobi_loss","random",11,"seeds","auto-weak",1,2.5,"full","blocked",NA,2.07853508775985,5.71174481677284,19.4511570062903,8.22047264220327,TRUE
"insurance_autobi_loss","random",12,"seeds","auto-weak",1,2.5,"full","blocked",NA,1.5175451590806,2.68292280590934,8.56607547536205,4.19381492084663,TRUE
"insurance_autobi_loss","random",13,"seeds","auto-weak",1,2.5,"full","blocked",NA,1.81708084273911,5.30979800793167,19.8881823640736,6.52717634960726,TRUE
"insurance_autobi_loss","random",14,"seeds","auto-weak",1,2.5,"full","blocked",NA,1.54814584310129,4.1128442661529,19.6641738299545,5.07520978382875,TRUE
"insurance_autobi_loss","random",15,"seeds","auto-weak",1,2.5,"full","blocked",NA,2.33890284983167,7.54731138542482,29.2465004034764,8.57492296732811,TRUE
"insurance_autobi_loss","random",16,"seeds","auto-weak",1,2.5,"full","blocked",NA,1.54491325272938,4.66777815463685,21.3659251139279,5.46569533835918,TRUE
"insurance_autobi_loss","random",17,"seeds","auto-weak",1,2.5,"full","blocked",NA,1.48803721749886,2.93604955508117,9.42964984434727,4.13150255003933,TRUE
"insurance_autobi_loss","random",18,"seeds","auto-weak",1,2.5,"full","blocked",NA,1.74109167356977,3.84585126937173,10.3261741587432,7.56749110775707,TRUE
"insurance_autobi_loss","random",19,"seeds","auto-weak",1,2.5,"full","blocked",NA,1.43775230458765,3.80955663971244,14.0396227119879,4.59617236277874,TRUE
"insurance_autobi_loss","random",20,"seeds","auto-weak",1,2.5,"full","blocked",NA,1.58606358649774,4.46591263178988,20.4925082400489,5.88295359643898,TRUE
"insurance_autobi_loss","random",21,"seeds","auto-weak",1,2.5,"full","blocked",NA,1.52865178899667,3.01722470639374,8.34607049237539,4.72558804786491,TRUE
"insurance_autobi_loss","random",22,"seeds","auto-weak",1,2.5,"full","blocked",NA,1.56701754891229,3.57340915250791,17.5967162676762,5.00787733509245,TRUE
"insurance_autobi_loss","random",23,"seeds","auto-weak",1,2.5,"full","blocked",NA,1.93396207558604,4.70776652272043,16.9926103165175,6.8518092248989,TRUE
"insurance_autobi_loss","random",24,"seeds","auto-weak",1,2.5,"full","blocked",NA,1.66357692988735,3.46239283204446,10.7463855469853,5.7145842357588,TRUE
"insurance_autobi_loss","random",25,"seeds","auto-weak",1,2.5,"full","blocked",NA,1.93037473551968,4.91354427405718,21.4567735818234,6.89201761445595,TRUE
"insurance_autobi_loss","random",26,"seeds","auto-weak",1,2.5,"full","blocked",NA,1.45057967144733,3.01689252562548,8.15570314448402,4.27020644592486,TRUE
"insurance_autobi_loss","random",27,"seeds","auto-weak",1,2.5,"full","blocked",NA,1.60693733760054,3.25571885488208,12.2401780464316,5.17206966078651,TRUE
"insurance_autobi_loss","random",28,"seeds","auto-weak",1,2.5,"full","blocked",NA,1.53935957259414,2.97051631121685,7.48883081336391,5.53547309512907,TRUE
"insurance_autobi_loss","random",29,"seeds","auto-weak",1,2.5,"full","blocked",NA,1.6443155268572,5.36777588826783,23.9549204596478,5.69382985994805,TRUE
"insurance_autobi_loss","random",30,"seeds","auto-weak",1,2.5,"full","blocked",NA,1.74983993091087,3.30531975191815,8.74320602205671,6.3064114793814,TRUE
"insurance_autobi_loss","random",1,"seeds","auto-weak",2,2.5,"full","blocked",NA,1.66954387048362,4.75323718227277,20.1586675633811,5.44515991117288,TRUE
"insurance_autobi_loss","random",2,"seeds","auto-weak",2,2.5,"full","blocked",NA,1.63754716698089,4.39028623789201,18.6175584973913,5.34662443861009,TRUE
"insurance_autobi_loss","random",3,"seeds","auto-weak",2,2.5,"full","blocked",NA,1.44023960547097,4.37796357977489,19.710150056893,4.34802178046705,TRUE
"insurance_autobi_loss","random",4,"seeds","auto-weak",2,2.5,"full","blocked",NA,2.04979942108033,4.5009969530955,16.3399108173587,7.58250525563568,TRUE
"insurance_autobi_loss","random",5,"seeds","auto-weak",2,2.5,"full","blocked",NA,1.41559359720171,3.53492172732251,14.4610045808692,3.99804727095412,TRUE
"insurance_autobi_loss","random",6,"seeds","auto-weak",2,2.5,"full","blocked",NA,1.52738038294828,3.87552246783283,14.956934235463,4.81647011373816,TRUE
"insurance_autobi_loss","random",7,"seeds","auto-weak",2,2.5,"full","blocked",NA,1.84644615962424,4.40393168791742,13.7772507197938,7.06272501111945,TRUE
"insurance_autobi_loss","random",8,"seeds","auto-weak",2,2.5,"full","blocked",NA,1.45771461658569,4.27798486789992,21.4961385199601,4.88513434127706,TRUE
"insurance_autobi_loss","random",9,"seeds","auto-weak",2,2.5,"full","blocked",NA,1.67497933192871,4.3185759690443,18.4432194700096,5.31741522062542,TRUE
"insurance_autobi_loss","random",10,"seeds","auto-weak",2,2.5,"full","blocked",NA,1.71038349251649,3.92792786101893,15.342059177612,5.95247151890911,TRUE
"insurance_autobi_loss","random",11,"seeds","auto-weak",2,2.5,"full","blocked",NA,1.88302223641106,5.60179962694201,19.5708435977962,6.75635147360704,TRUE
"insurance_autobi_loss","random",12,"seeds","auto-weak",2,2.5,"full","blocked",NA,1.51746506075307,2.70285630851312,8.60198234265477,4.16229725733563,TRUE
"insurance_autobi_loss","random",13,"seeds","auto-weak",2,2.5,"full","blocked",NA,1.72190278058118,5.23505367923611,19.9134276142141,5.86200360642107,TRUE
"insurance_autobi_loss","random",14,"seeds","auto-weak",2,2.5,"full","blocked",NA,1.4589993648412,3.8064060095949,19.4542058082937,4.85637498002693,TRUE
"insurance_autobi_loss","random",15,"seeds","auto-weak",2,2.5,"full","blocked",NA,2.37479829773894,7.56336875120957,29.2671378488234,8.66214921519535,TRUE
"insurance_autobi_loss","random",16,"seeds","auto-weak",2,2.5,"full","blocked",NA,1.54804967398451,4.66394968234152,21.3586782324218,5.48685442065794,TRUE
"insurance_autobi_loss","random",17,"seeds","auto-weak",2,2.5,"full","blocked",NA,1.6437029336876,3.08375511434731,9.47901081625159,5.39095057946263,TRUE
"insurance_autobi_loss","random",18,"seeds","auto-weak",2,2.5,"full","blocked",NA,1.79986686123815,3.86329658003579,10.2359196791232,7.75678425604996,TRUE
"insurance_autobi_loss","random",19,"seeds","auto-weak",2,2.5,"full","blocked",NA,1.44486494785348,3.81713749528061,14.0393719875151,4.53451111491127,TRUE
"insurance_autobi_loss","random",20,"seeds","auto-weak",2,2.5,"full","blocked",NA,1.57928996699758,4.47289667789274,20.5266388871707,6.05481361198496,TRUE
"insurance_autobi_loss","random",21,"seeds","auto-weak",2,2.5,"full","blocked",NA,1.48579672313544,2.97577784722967,8.35083970876723,4.80094543524267,TRUE
"insurance_autobi_loss","random",22,"seeds","auto-weak",2,2.5,"full","blocked",NA,1.57940382163237,3.57474949095722,17.6180261118939,5.2623807477737,TRUE
"insurance_autobi_loss","random",23,"seeds","auto-weak",2,2.5,"full","blocked",NA,2.00418445937173,4.73475753309433,16.8790264256454,7.96633604797509,TRUE
"insurance_autobi_loss","random",24,"seeds","auto-weak",2,2.5,"full","blocked",NA,1.65543399622652,3.45917888525595,10.7631107629138,5.88800889852259,TRUE
"insurance_autobi_loss","random",25,"seeds","auto-weak",2,2.5,"full","blocked",NA,2.15228832123214,5.00986451846273,21.470322407091,7.88778118151289,TRUE
"insurance_autobi_loss","random",26,"seeds","auto-weak",2,2.5,"full","blocked",NA,1.46059333993187,3.05064397013788,8.1990235177571,4.92259493490485,TRUE
"insurance_autobi_loss","random",27,"seeds","auto-weak",2,2.5,"full","blocked",NA,1.5226354596383,3.18247697913902,12.2282629945488,4.80652343208549,TRUE
"insurance_autobi_loss","random",28,"seeds","auto-weak",2,2.5,"full","blocked",NA,1.56136751259496,2.97428132442491,7.53009590765553,5.4558677170455,TRUE
"insurance_autobi_loss","random",29,"seeds","auto-weak",2,2.5,"full","blocked",NA,1.67894812904573,5.38000568560421,24.0532102970791,6.23022805827811,TRUE
"insurance_autobi_loss","random",30,"seeds","auto-weak",2,2.5,"full","blocked",NA,1.71106990915834,3.33509938406615,8.92248685090324,6.54288985773092,TRUE
"insurance_autobi_loss","random",1,"seeds","WPMM2",1,2.5,"full","blocked",NA,1.71249199657627,4.79561735310636,20.2276753275784,5.50623157271696,TRUE
"insurance_autobi_loss","random",2,"seeds","WPMM2",1,2.5,"full","blocked",NA,1.68835634841921,4.4223349613334,18.7104844872081,5.74252466406435,TRUE
"insurance_autobi_loss","random",3,"seeds","WPMM2",1,2.5,"full","blocked",NA,1.43337747624598,4.38681043785011,19.8119829520824,4.68155863040689,TRUE
"insurance_autobi_loss","random",4,"seeds","WPMM2",1,2.5,"full","blocked",NA,1.9340123019447,4.40522135235323,16.3859072486245,7.05437253529141,TRUE
"insurance_autobi_loss","random",5,"seeds","WPMM2",1,2.5,"full","blocked",NA,1.47130787858472,3.5861502966089,14.5783646937788,4.54900119255393,TRUE
"insurance_autobi_loss","random",6,"seeds","WPMM2",1,2.5,"full","blocked",NA,1.53586314744257,3.84969738965229,15.0928954011582,5.55051045103302,TRUE
"insurance_autobi_loss","random",7,"seeds","WPMM2",1,2.5,"full","blocked",NA,1.9272833075796,4.45566385634634,13.9559866791652,7.63507098420827,TRUE
"insurance_autobi_loss","random",8,"seeds","WPMM2",1,2.5,"full","blocked",NA,1.46068462424171,4.30746337265643,21.5696761592259,5.41364383658049,TRUE
"insurance_autobi_loss","random",9,"seeds","WPMM2",1,2.5,"full","blocked",NA,1.70932983626953,4.32491774206036,18.5485609152613,5.82652121937231,TRUE
"insurance_autobi_loss","random",10,"seeds","WPMM2",1,2.5,"full","blocked",NA,1.76073080748679,3.98557401676113,15.454742289735,6.19877566033882,TRUE
"insurance_autobi_loss","random",11,"seeds","WPMM2",1,2.5,"full","blocked",NA,2.0810518395291,5.76708400519435,19.6708112791924,7.89470723682017,TRUE
"insurance_autobi_loss","random",12,"seeds","WPMM2",1,2.5,"full","blocked",NA,1.51115726482407,2.69786047077793,8.68288725639216,4.42763249175976,TRUE
"insurance_autobi_loss","random",13,"seeds","WPMM2",1,2.5,"full","blocked",NA,1.69893752563121,5.24863452214049,19.9989159110161,5.6405619270811,TRUE
"insurance_autobi_loss","random",14,"seeds","WPMM2",1,2.5,"full","blocked",NA,1.47006951068411,3.83285578975272,19.51037243465,5.07861208208017,TRUE
"insurance_autobi_loss","random",15,"seeds","WPMM2",1,2.5,"full","blocked",NA,2.43202200213237,7.62195779251087,29.4215474852628,9.29162084281783,TRUE
"insurance_autobi_loss","random",16,"seeds","WPMM2",1,2.5,"full","blocked",NA,1.58300465310402,4.67976421847645,21.4287112097862,5.78299325082101,TRUE
"insurance_autobi_loss","random",17,"seeds","WPMM2",1,2.5,"full","blocked",NA,1.54390075833074,3.00487126746406,9.58804638578056,4.57862887705236,TRUE
"insurance_autobi_loss","random",18,"seeds","WPMM2",1,2.5,"full","blocked",NA,1.72263264557318,3.66607300079251,10.0271019432801,7.08150633136922,TRUE
"insurance_autobi_loss","random",19,"seeds","WPMM2",1,2.5,"full","blocked",NA,1.45074081062536,3.81596439662733,14.1331828405644,4.88911230032249,TRUE
"insurance_autobi_loss","random",20,"seeds","WPMM2",1,2.5,"full","blocked",NA,1.67457658807595,4.52998112211731,20.5833977987247,6.37663960825983,TRUE
"insurance_autobi_loss","random",21,"seeds","WPMM2",1,2.5,"full","blocked",NA,1.56289317857956,3.25890392957714,9.17247295841613,5.15591276758301,TRUE
"insurance_autobi_loss","random",22,"seeds","WPMM2",1,2.5,"full","blocked",NA,1.5700873457756,3.56293588912954,17.6454164616724,5.38403709554729,TRUE
"insurance_autobi_loss","random",23,"seeds","WPMM2",1,2.5,"full","blocked",NA,1.9727009548533,4.71757419834782,17.0585925356436,7.32467569474843,TRUE
"insurance_autobi_loss","random",24,"seeds","WPMM2",1,2.5,"full","blocked",NA,1.73661937942214,3.51555320644364,10.8955417420018,6.2868465493541,TRUE
"insurance_autobi_loss","random",25,"seeds","WPMM2",1,2.5,"full","blocked",NA,2.01997168521149,4.97522594417302,21.5531489850995,7.25770376704712,TRUE
"insurance_autobi_loss","random",26,"seeds","WPMM2",1,2.5,"full","blocked",NA,1.54968040974124,3.09439861951365,8.30209991075711,5.32935688954126,TRUE
"insurance_autobi_loss","random",27,"seeds","WPMM2",1,2.5,"full","blocked",NA,1.58261857781514,3.25114185272035,12.3473011009218,5.16945078714691,TRUE
"insurance_autobi_loss","random",28,"seeds","WPMM2",1,2.5,"full","blocked",NA,1.60761863852603,3.02719660601338,7.62791487195216,5.76573733705552,TRUE
"insurance_autobi_loss","random",29,"seeds","WPMM2",1,2.5,"full","blocked",NA,1.64013842115379,5.36329023878264,24.0503770640467,5.89023062514509,TRUE
"insurance_autobi_loss","random",30,"seeds","WPMM2",1,2.5,"full","blocked",NA,1.76635951378166,3.35565477326212,9.04633093404753,6.92834826064876,TRUE
"insurance_autobi_loss","random",1,"seeds","WPMM2",2,2.5,"full","blocked",NA,1.7703376752787,4.84732655190696,20.2542021563677,5.85029939804977,TRUE
"insurance_autobi_loss","random",2,"seeds","WPMM2",2,2.5,"full","blocked",NA,1.66813028670251,4.41917869459972,18.7262760631426,5.8635203217957,TRUE
"insurance_autobi_loss","random",3,"seeds","WPMM2",2,2.5,"full","blocked",NA,1.5058546844815,4.3683515292898,19.4972898537797,4.97930809619098,TRUE
"insurance_autobi_loss","random",4,"seeds","WPMM2",2,2.5,"full","blocked",NA,1.90370686153875,4.3982725379557,16.3778956814817,6.96670156662922,TRUE
"insurance_autobi_loss","random",5,"seeds","WPMM2",2,2.5,"full","blocked",NA,1.4669639953319,3.59364119115753,14.5562930390949,4.59227443887441,TRUE
"insurance_autobi_loss","random",6,"seeds","WPMM2",2,2.5,"full","blocked",NA,1.54950929978904,3.84312483069595,15.0722095691905,5.63455930680363,TRUE
"insurance_autobi_loss","random",7,"seeds","WPMM2",2,2.5,"full","blocked",NA,1.92326957271525,4.47383790165995,13.9671526738319,7.38924023914553,TRUE
"insurance_autobi_loss","random",8,"seeds","WPMM2",2,2.5,"full","blocked",NA,1.51915924234002,4.37605824158074,21.5502572466444,5.41691240618326,TRUE
"insurance_autobi_loss","random",9,"seeds","WPMM2",2,2.5,"full","blocked",NA,1.72720744295928,4.35927702008962,18.5946628359449,6.17143283084233,TRUE
"insurance_autobi_loss","random",10,"seeds","WPMM2",2,2.5,"full","blocked",NA,1.74487753377569,3.98673338071379,15.4506211535219,5.92249843119013,TRUE
"insurance_autobi_loss","random",11,"seeds","WPMM2",2,2.5,"full","blocked",NA,1.93717482531154,5.64567201869284,19.642849036249,7.22137474637833,TRUE
"insurance_autobi_loss","random",12,"seeds","WPMM2",2,2.5,"full","blocked",NA,1.53733679855943,2.73469757145276,8.70400833217831,4.51082865227281,TRUE
"insurance_autobi_loss","random",13,"seeds","WPMM2",2,2.5,"full","blocked",NA,1.70186224832117,5.24293280144011,20.0336308418164,5.9314379637259,TRUE
"insurance_autobi_loss","random",14,"seeds","WPMM2",2,2.5,"full","blocked",NA,1.48010924161397,3.84951378481341,19.5077379883603,5.01022096822994,TRUE
"insurance_autobi_loss","random",15,"seeds","WPMM2",2,2.5,"full","blocked",NA,2.42575053533924,7.59746938760098,29.3911997325246,9.10079713739226,TRUE
"insurance_autobi_loss","random",16,"seeds","WPMM2",2,2.5,"full","blocked",NA,1.74370296252129,4.73142602574584,21.3770072565569,6.60284328360224,TRUE
"insurance_autobi_loss","random",17,"seeds","WPMM2",2,2.5,"full","blocked",NA,1.50270174615944,2.95667029169941,9.54290197960376,4.45501415294314,TRUE
"insurance_autobi_loss","random",18,"seeds","WPMM2",2,2.5,"full","blocked",NA,1.72483770267169,3.65439587536452,10.033041718235,6.81804392396024,TRUE
"insurance_autobi_loss","random",19,"seeds","WPMM2",2,2.5,"full","blocked",NA,1.44460515386639,3.81667624201845,14.1253418966452,4.82988199147466,TRUE
"insurance_autobi_loss","random",20,"seeds","WPMM2",2,2.5,"full","blocked",NA,1.68685705992761,4.55748336974624,20.5967220465571,6.51557179648191,TRUE
"insurance_autobi_loss","random",21,"seeds","WPMM2",2,2.5,"full","blocked",NA,1.57735877940157,3.32192371153294,9.26479779990528,5.52786127739353,TRUE
"insurance_autobi_loss","random",22,"seeds","WPMM2",2,2.5,"full","blocked",NA,1.57807678813345,3.55627269552249,17.6842068400817,5.55971271597114,TRUE
"insurance_autobi_loss","random",23,"seeds","WPMM2",2,2.5,"full","blocked",NA,1.98895660886231,4.72769791515855,17.0878796140002,7.32664602732295,TRUE
"insurance_autobi_loss","random",24,"seeds","WPMM2",2,2.5,"full","blocked",NA,1.71904161472277,3.49243290805109,10.8644874963587,6.16372059039958,TRUE
"insurance_autobi_loss","random",25,"seeds","WPMM2",2,2.5,"full","blocked",NA,2.02965075090793,4.97971810085099,21.5698019795668,7.24214984232602,TRUE
"insurance_autobi_loss","random",26,"seeds","WPMM2",2,2.5,"full","blocked",NA,1.52065574478699,3.05322953608224,8.24554769043882,5.05471705340963,TRUE
"insurance_autobi_loss","random",27,"seeds","WPMM2",2,2.5,"full","blocked",NA,1.54210172853369,3.25184549863139,12.3472541411184,5.01160031171579,TRUE
"insurance_autobi_loss","random",28,"seeds","WPMM2",2,2.5,"full","blocked",NA,1.62294133998656,3.04413970965158,7.63489923428188,5.77848752073758,TRUE
"insurance_autobi_loss","random",29,"seeds","WPMM2",2,2.5,"full","blocked",NA,1.6607705647803,5.37473454943505,24.0634358155257,6.32884544374696,TRUE
"insurance_autobi_loss","random",30,"seeds","WPMM2",2,2.5,"full","blocked",NA,1.7724040590649,3.35782867325954,9.03004248681778,6.83312791635534,TRUE
"insurance_autobi_loss","random",1,"seeds","WPMM3",1,2.5,"full","blocked",NA,1.67929455928863,4.81131476817617,20.2112907948102,5.51513357871113,TRUE
"insurance_autobi_loss","random",2,"seeds","WPMM3",1,2.5,"full","blocked",NA,1.66184066361039,4.50456011126728,18.7783485212733,5.57342311851729,TRUE
"insurance_autobi_loss","random",3,"seeds","WPMM3",1,2.5,"full","blocked",NA,1.48974390815867,4.35545017888886,19.3803895034548,4.62243414732254,TRUE
"insurance_autobi_loss","random",4,"seeds","WPMM3",1,2.5,"full","blocked",NA,1.87492482125728,4.38933971230063,16.2893078143779,6.55599422680801,TRUE
"insurance_autobi_loss","random",5,"seeds","WPMM3",1,2.5,"full","blocked",NA,1.4147133432116,3.52207061777565,14.36635046769,4.29292670564999,TRUE
"insurance_autobi_loss","random",6,"seeds","WPMM3",1,2.5,"full","blocked",NA,1.65686763029232,4.35634409673433,15.8639115332575,5.47900200036069,TRUE
"insurance_autobi_loss","random",7,"seeds","WPMM3",1,2.5,"full","blocked",NA,1.90896452442966,4.35806586255553,12.9136268730675,7.4689869082571,TRUE
"insurance_autobi_loss","random",8,"seeds","WPMM3",1,2.5,"full","blocked",NA,1.47605826566346,4.28791458477624,21.4715863221348,4.76881213278452,TRUE
"insurance_autobi_loss","random",9,"seeds","WPMM3",1,2.5,"full","blocked",NA,1.66904680510629,4.31978292004214,18.5045399209391,5.48526309326806,TRUE
"insurance_autobi_loss","random",10,"seeds","WPMM3",1,2.5,"full","blocked",NA,1.7245160857502,3.90083408498693,15.2335360119694,5.92070185905632,TRUE
"insurance_autobi_loss","random",11,"seeds","WPMM3",1,2.5,"full","blocked",NA,1.86168329454237,5.58715219278932,19.5147763066396,6.57872909282037,TRUE
"insurance_autobi_loss","random",12,"seeds","WPMM3",1,2.5,"full","blocked",NA,1.57087324156928,2.72817914076888,8.58923259553303,4.07508498582956,TRUE
"insurance_autobi_loss","random",13,"seeds","WPMM3",1,2.5,"full","blocked",NA,1.84421705449819,5.29525365492921,19.8948609246767,6.53064452487463,TRUE
"insurance_autobi_loss","random",14,"seeds","WPMM3",1,2.5,"full","blocked",NA,1.56158069505932,13.0566814959233,101.891205479987,5.27212363231564,TRUE
"insurance_autobi_loss","random",15,"seeds","WPMM3",1,2.5,"full","blocked",NA,2.33793467782652,7.56055785090901,29.26311237791,8.48851987564392,TRUE
"insurance_autobi_loss","random",16,"seeds","WPMM3",1,2.5,"full","blocked",NA,1.70995912944133,4.78849614562017,21.2392250895483,5.84908105393155,TRUE
"insurance_autobi_loss","random",17,"seeds","WPMM3",1,2.5,"full","blocked",NA,1.6571582832183,3.15987566048315,9.58901499050867,5.54056964002894,TRUE
"insurance_autobi_loss","random",18,"seeds","WPMM3",1,2.5,"full","blocked",NA,1.73838437028334,4.10699269260817,12.1222602887881,7.22317238777311,TRUE
"insurance_autobi_loss","random",19,"seeds","WPMM3",1,2.5,"full","blocked",NA,1.46175067966188,3.83002459691448,14.023513334046,4.21287498708841,TRUE
"insurance_autobi_loss","random",20,"seeds","WPMM3",1,2.5,"full","blocked",NA,1.55639873542577,4.43105920688271,20.4631172544058,5.88213747948927,TRUE
"insurance_autobi_loss","random",21,"seeds","WPMM3",1,2.5,"full","blocked",NA,1.63126680562157,3.68212878407542,9.97787557793992,6.14546192930533,TRUE
"insurance_autobi_loss","random",22,"seeds","WPMM3",1,2.5,"full","blocked",NA,1.67686704719728,3.63164875916666,17.6215060958559,5.51837120430755,TRUE
"insurance_autobi_loss","random",23,"seeds","WPMM3",1,2.5,"full","blocked",NA,2.08477309991979,4.89156572307532,17.0373426260415,8.45879079532631,TRUE
"insurance_autobi_loss","random",24,"seeds","WPMM3",1,2.5,"full","blocked",NA,1.68034730219252,3.46745579148229,10.7834097868686,6.04554638117121,TRUE
"insurance_autobi_loss","random",25,"seeds","WPMM3",1,2.5,"full","blocked",NA,2.05922088054328,4.94925958052749,21.3729055729914,7.68263116020636,TRUE
"insurance_autobi_loss","random",26,"seeds","WPMM3",1,2.5,"full","blocked",NA,1.48167112406518,3.00722018909957,8.10843915288576,4.98381899075374,TRUE
"insurance_autobi_loss","random",27,"seeds","WPMM3",1,2.5,"full","blocked",NA,1.52570127429428,3.21480196505922,12.2701130630149,4.76313421861994,TRUE
"insurance_autobi_loss","random",28,"seeds","WPMM3",1,2.5,"full","blocked",NA,1.53828715570586,2.9651721037861,7.48726791066313,5.31453177269179,TRUE
"insurance_autobi_loss","random",29,"seeds","WPMM3",1,2.5,"full","blocked",NA,1.63525649054895,5.36960081479559,23.979351492236,5.80813455604518,TRUE
"insurance_autobi_loss","random",30,"seeds","WPMM3",1,2.5,"full","blocked",NA,1.70464333331263,3.330884663593,8.89974263356026,6.13634896108616,TRUE
"insurance_autobi_loss","random",1,"seeds","WPMM3",2,2.5,"full","blocked",NA,1.66560631439276,4.74300796365331,20.158123526071,5.34013065079912,TRUE
"insurance_autobi_loss","random",2,"seeds","WPMM3",2,2.5,"full","blocked",NA,1.65338150976161,4.40597169859488,18.6391902697716,5.39467081377938,TRUE
"insurance_autobi_loss","random",3,"seeds","WPMM3",2,2.5,"full","blocked",NA,1.44045805492373,4.38138081709398,19.6938850195658,4.31336667416171,TRUE
"insurance_autobi_loss","random",4,"seeds","WPMM3",2,2.5,"full","blocked",NA,1.95002576376483,4.42749604517901,16.3163607375963,6.9441206931279,TRUE
"insurance_autobi_loss","random",5,"seeds","WPMM3",2,2.5,"full","blocked",NA,1.41787692458451,3.54631492154996,14.4725455612945,4.07694989189559,TRUE
"insurance_autobi_loss","random",6,"seeds","WPMM3",2,2.5,"full","blocked",NA,1.52204683440469,3.84600269452273,14.9701833390799,4.6645944503503,TRUE
"insurance_autobi_loss","random",7,"seeds","WPMM3",2,2.5,"full","blocked",NA,1.87488485815113,4.37344647269997,13.8162724375349,6.87591175776145,TRUE
"insurance_autobi_loss","random",8,"seeds","WPMM3",2,2.5,"full","blocked",NA,1.55534792248101,4.58442170943047,21.5889802407649,5.05848187037948,TRUE
"insurance_autobi_loss","random",9,"seeds","WPMM3",2,2.5,"full","blocked",NA,1.6665632849339,4.31728154503879,18.4547612677747,5.30904048636988,TRUE
"insurance_autobi_loss","random",10,"seeds","WPMM3",2,2.5,"full","blocked",NA,1.68252586198539,3.92613325804522,15.3691070008901,5.8554487591899,TRUE
"insurance_autobi_loss","random",11,"seeds","WPMM3",2,2.5,"full","blocked",NA,1.9531998767814,5.69674684800441,19.5295230873379,6.96534793841626,TRUE
"insurance_autobi_loss","random",12,"seeds","WPMM3",2,2.5,"full","blocked",NA,1.60949708689772,2.79692746545783,8.18825019217178,4.53603527393733,TRUE
"insurance_autobi_loss","random",13,"seeds","WPMM3",2,2.5,"full","blocked",NA,1.8317799794383,5.32126471722634,19.9244704568177,6.65655879492278,TRUE
"insurance_autobi_loss","random",14,"seeds","WPMM3",2,2.5,"full","blocked",NA,1.51684041269542,3.83406508896051,19.4362792090947,5.01063343511799,TRUE
"insurance_autobi_loss","random",15,"seeds","WPMM3",2,2.5,"full","blocked",NA,2.31208240225253,7.54384225136663,29.2876675830726,8.82418706301299,TRUE
"insurance_autobi_loss","random",16,"seeds","WPMM3",2,2.5,"full","blocked",NA,1.54866101900652,4.66872901720999,21.385748226121,5.56449482571272,TRUE
"insurance_autobi_loss","random",17,"seeds","WPMM3",2,2.5,"full","blocked",NA,1.6653217566965,4.02739176477207,14.0719943833619,5.75629976558946,TRUE
"insurance_autobi_loss","random",18,"seeds","WPMM3",2,2.5,"full","blocked",NA,1.94290253815418,4.02195231521887,10.3410195320983,7.67525450129917,TRUE
"insurance_autobi_loss","random",19,"seeds","WPMM3",2,2.5,"full","blocked",NA,1.45008115792615,3.82670788158037,14.0368301129112,4.37099076647672,TRUE
"insurance_autobi_loss","random",20,"seeds","WPMM3",2,2.5,"full","blocked",NA,1.60330958174974,4.48082334472667,20.4945347198172,6.04554477142845,TRUE
"insurance_autobi_loss","random",21,"seeds","WPMM3",2,2.5,"full","blocked",NA,1.61225884194943,3.28152547312003,8.84658033524533,4.83597717732061,TRUE
"insurance_autobi_loss","random",22,"seeds","WPMM3",2,2.5,"full","blocked",NA,1.57942342256529,3.57452328417986,17.6114823423464,5.17379670277215,TRUE
"insurance_autobi_loss","random",23,"seeds","WPMM3",2,2.5,"full","blocked",NA,1.9377222644237,4.7108795677028,17.0090892640213,7.28472955668596,TRUE
"insurance_autobi_loss","random",24,"seeds","WPMM3",2,2.5,"full","blocked",NA,1.75326625739149,3.62286147874272,11.1369220352322,6.13982561302732,TRUE
"insurance_autobi_loss","random",25,"seeds","WPMM3",2,2.5,"full","blocked",NA,1.94893278351723,4.9422788250195,21.4206371865677,6.69659822061762,TRUE
"insurance_autobi_loss","random",26,"seeds","WPMM3",2,2.5,"full","blocked",NA,1.49873551417266,3.0614686298971,8.11234827916624,4.69343304418814,TRUE
"insurance_autobi_loss","random",27,"seeds","WPMM3",2,2.5,"full","blocked",NA,1.54489178639964,3.38177076550982,12.6418577318049,4.65957107298369,TRUE
"insurance_autobi_loss","random",28,"seeds","WPMM3",2,2.5,"full","blocked",NA,1.55826780647508,3.15020207673142,8.20744219273167,5.36259018722268,TRUE
"insurance_autobi_loss","random",29,"seeds","WPMM3",2,2.5,"full","blocked",NA,1.65419770168262,5.37965740628289,23.9624489397236,5.42240593251536,TRUE
"insurance_autobi_loss","random",30,"seeds","WPMM3",2,2.5,"full","blocked",NA,1.82137630188418,3.45726430142835,9.74597507647932,7.29321819775959,TRUE
"insurance_autobi_loss","random",1,"seeds","LSE",1,2.5,"full","blocked",NA,2.86266231484394,5.43413109892342,19.5891630317797,7.23312140052867,TRUE
"insurance_autobi_loss","random",2,"seeds","LSE",1,2.5,"full","blocked",NA,3.03302038270723,5.30098908770914,18.2755006884949,7.64294588331837,TRUE
"insurance_autobi_loss","random",3,"seeds","LSE",1,2.5,"full","blocked",NA,4.5182395874448,6.49566340336456,19.3397744929648,8.72441185770752,TRUE
"insurance_autobi_loss","random",4,"seeds","LSE",1,2.5,"full","blocked",NA,3.61382496502953,5.4445684615203,15.7914646690791,7.94573431024479,TRUE
"insurance_autobi_loss","random",5,"seeds","LSE",1,2.5,"full","blocked",NA,2.78752402913293,4.38671428171162,14.1467744034583,8.28340824599291,TRUE
"insurance_autobi_loss","random",6,"seeds","LSE",1,2.5,"full","blocked",NA,3.48549536144076,5.34670144523785,14.9598543680437,7.1927621325942,TRUE
"insurance_autobi_loss","random",7,"seeds","LSE",1,2.5,"full","blocked",NA,3.1110941491189,5.17888221076974,13.1838658784839,7.51001158205392,TRUE
"insurance_autobi_loss","random",8,"seeds","LSE",1,2.5,"full","blocked",NA,3.26203049694219,5.47389885090015,21.1232314160549,7.06266206565075,TRUE
"insurance_autobi_loss","random",9,"seeds","LSE",1,2.5,"full","blocked",NA,4.02702262856524,5.85966411080302,17.9536291995603,9.0061149433526,TRUE
"insurance_autobi_loss","random",10,"seeds","LSE",1,2.5,"full","blocked",NA,3.96945415180895,5.22357714915036,14.9018840076669,9.8096589262905,TRUE
"insurance_autobi_loss","random",11,"seeds","LSE",1,2.5,"full","blocked",NA,3.51566618870545,6.64162723222084,18.9899745618143,8.77773587890171,TRUE
"insurance_autobi_loss","random",12,"seeds","LSE",1,2.5,"full","blocked",NA,3.15146711406118,4.55085525721748,13.6888875953939,7.6154649218667,TRUE
"insurance_autobi_loss","random",13,"seeds","LSE",1,2.5,"full","blocked",NA,3.42195887751119,6.27156989624897,19.2695970192986,7.58288688678287,TRUE
"insurance_autobi_loss","random",14,"seeds","LSE",1,2.5,"full","blocked",NA,3.67906823181421,5.95600551557053,20.420939854445,9.71535037136761,TRUE
"insurance_autobi_loss","random",15,"seeds","LSE",1,2.5,"full","blocked",NA,2.72044304787094,7.85218902131924,28.666963487443,7.86816191881644,TRUE
"insurance_autobi_loss","random",16,"seeds","LSE",1,2.5,"full","blocked",NA,3.46805974417332,6.02925705522169,21.0047845310116,7.43427546023014,TRUE
"insurance_autobi_loss","random",17,"seeds","LSE",1,2.5,"full","blocked",NA,3.94749149332132,5.45611601491595,12.22031013176,8.42525116279071,TRUE
"insurance_autobi_loss","random",18,"seeds","LSE",1,2.5,"full","blocked",NA,3.22148086034326,4.71813323222572,10.0072834383902,7.69363528760931,TRUE
"insurance_autobi_loss","random",19,"seeds","LSE",1,2.5,"full","blocked",NA,4.08338504629188,5.53293119737405,13.6839705826468,8.21245535714284,TRUE
"insurance_autobi_loss","random",20,"seeds","LSE",1,2.5,"full","blocked",NA,3.26055976188591,5.48313072866977,19.958745521857,6.87348278604807,TRUE
"insurance_autobi_loss","random",21,"seeds","LSE",1,2.5,"full","blocked",NA,4.6299001042791,5.41768068940729,9.77536261736678,9.74682045281808,TRUE
"insurance_autobi_loss","random",22,"seeds","LSE",1,2.5,"full","blocked",NA,4.22541353353217,5.35170919508375,17.494394479734,8.69103722155039,TRUE
"insurance_autobi_loss","random",23,"seeds","LSE",1,2.5,"full","blocked",NA,3.97967757148585,6.01696453590517,16.73896031654,10.1896471896232,TRUE
"insurance_autobi_loss","random",24,"seeds","LSE",1,2.5,"full","blocked",NA,2.93716638698832,4.24022827813204,10.4313747465322,6.87167894948761,TRUE
"insurance_autobi_loss","random",25,"seeds","LSE",1,2.5,"full","blocked",NA,2.9601036407547,5.64744947305997,21.1107295768698,6.81981160849538,TRUE
"insurance_autobi_loss","random",26,"seeds","LSE",1,2.5,"full","blocked",NA,4.15967491939553,4.63896785296207,7.98320671668813,8.94993546411255,TRUE
"insurance_autobi_loss","random",27,"seeds","LSE",1,2.5,"full","blocked",NA,3.26684261478485,4.38192590321259,12.0288079659641,8.06931835574808,TRUE
"insurance_autobi_loss","random",28,"seeds","LSE",1,2.5,"full","blocked",NA,3.68136996041375,4.30098054313117,7.46772163029257,8.31642580678918,TRUE
"insurance_autobi_loss","random",29,"seeds","LSE",1,2.5,"full","blocked",NA,3.29448725007064,6.26121839351266,23.3315820175496,8.06769471125559,TRUE
"insurance_autobi_loss","random",30,"seeds","LSE",1,2.5,"full","blocked",NA,3.99379126211694,4.71826166080748,8.51811766980662,8.22270613882145,TRUE
"insurance_autobi_loss","random",1,"seeds","LSE",2,2.5,"full","blocked",NA,3.08398811786371,5.53615483563977,19.5464043285368,7.676292994199,TRUE
"insurance_autobi_loss","random",2,"seeds","LSE",2,2.5,"full","blocked",NA,3.76679625177058,5.77759791996674,18.2461197254393,8.77418319736342,TRUE
"insurance_autobi_loss","random",3,"seeds","LSE",2,2.5,"full","blocked",NA,4.27646372801342,6.38016094559967,19.4594284833707,8.3979712328767,TRUE
"insurance_autobi_loss","random",4,"seeds","LSE",2,2.5,"full","blocked",NA,4.4938440289497,6.05810266675276,16.0703426974337,10.3063421132268,TRUE
"insurance_autobi_loss","random",5,"seeds","LSE",2,2.5,"full","blocked",NA,3.62779260888059,4.99599130448235,14.1403119488335,9.16736547652609,TRUE
"insurance_autobi_loss","random",6,"seeds","LSE",2,2.5,"full","blocked",NA,4.1119574543707,5.51250653045326,14.6306071220453,8.43826552466282,TRUE
"insurance_autobi_loss","random",7,"seeds","LSE",2,2.5,"full","blocked",NA,3.30797126190457,5.39606645409573,13.7467869955595,8.73873293102181,TRUE
"insurance_autobi_loss","random",8,"seeds","LSE",2,2.5,"full","blocked",NA,3.39574540381285,5.56357509990141,21.0491431775193,7.97487608974602,TRUE
"insurance_autobi_loss","random",9,"seeds","LSE",2,2.5,"full","blocked",NA,3.01807062926403,5.14835613702666,18.0493098311083,7.13574707348314,TRUE
"insurance_autobi_loss","random",10,"seeds","LSE",2,2.5,"full","blocked",NA,3.62447835319976,5.24984081286198,15.4466130575413,8.52925255833073,TRUE
"insurance_autobi_loss","random",11,"seeds","LSE",2,2.5,"full","blocked",NA,3.58569291672933,6.71808356866651,19.1177075454921,9.81415151280149,TRUE
"insurance_autobi_loss","random",12,"seeds","LSE",2,2.5,"full","blocked",NA,3.32558840785669,4.00338280217025,8.6806760937403,7.72924945094219,TRUE
"insurance_autobi_loss","random",13,"seeds","LSE",2,2.5,"full","blocked",NA,3.92248081794186,6.58535600251603,19.4252376306966,9.85499042837552,TRUE
"insurance_autobi_loss","random",14,"seeds","LSE",2,2.5,"full","blocked",NA,3.54926831551931,5.34704795172302,19.2247097392509,9.09382423852378,TRUE
"insurance_autobi_loss","random",15,"seeds","LSE",2,2.5,"full","blocked",NA,2.90709281099843,8.02963031122982,28.7603483196281,7.22958766653666,TRUE
"insurance_autobi_loss","random",16,"seeds","LSE",2,2.5,"full","blocked",NA,2.96952435502727,5.65692645371018,21.0034562523648,6.84985410546069,TRUE
"insurance_autobi_loss","random",17,"seeds","LSE",2,2.5,"full","blocked",NA,3.69563023426469,4.41740834218961,9.21129762474228,8.07152806235368,TRUE
"insurance_autobi_loss","random",18,"seeds","LSE",2,2.5,"full","blocked",NA,3.30861432727556,4.76665623764911,9.74518568308707,7.07354335256824,TRUE
"insurance_autobi_loss","random",19,"seeds","LSE",2,2.5,"full","blocked",NA,4.4312147894414,6.13838767685695,13.9586461979263,8.02165304433866,TRUE
"insurance_autobi_loss","random",20,"seeds","LSE",2,2.5,"full","blocked",NA,3.27482422353954,5.46710778965594,19.8237752199728,7.26267705179555,TRUE
"insurance_autobi_loss","random",21,"seeds","LSE",2,2.5,"full","blocked",NA,4.91478956584186,5.6311764041713,9.25579249989971,9.78896938594946,TRUE
"insurance_autobi_loss","random",22,"seeds","LSE",2,2.5,"full","blocked",NA,3.00734297980474,4.4149712423904,17.2444866856472,6.91106798227135,TRUE
"insurance_autobi_loss","random",23,"seeds","LSE",2,2.5,"full","blocked",NA,3.3796319475808,5.50326389331258,16.3722982110765,8.0908227201092,TRUE
"insurance_autobi_loss","random",24,"seeds","LSE",2,2.5,"full","blocked",NA,2.43911675509263,3.98855699633371,10.5919465449839,5.60534962729077,TRUE
"insurance_autobi_loss","random",25,"seeds","LSE",2,2.5,"full","blocked",NA,3.569407739318,6.12448933030798,21.3927425392351,7.76638275693974,TRUE
"insurance_autobi_loss","random",26,"seeds","LSE",2,2.5,"full","blocked",NA,3.54502395884353,4.24065912927301,7.86521522132717,7.88707338304578,TRUE
"insurance_autobi_loss","random",27,"seeds","LSE",2,2.5,"full","blocked",NA,3.81593927025404,4.94124072440385,12.6237169755523,9.44312387851438,TRUE
"insurance_autobi_loss","random",28,"seeds","LSE",2,2.5,"full","blocked",NA,3.84889974096005,4.31711443891175,7.56667536838824,9.71721011670576,TRUE
"insurance_autobi_loss","random",29,"seeds","LSE",2,2.5,"full","blocked",NA,3.67394055802973,6.69684335527131,23.5302048817053,8.43729079966868,TRUE
"insurance_autobi_loss","random",30,"seeds","LSE",2,2.5,"full","blocked",NA,4.68048905654043,5.14430471584083,9.04327921218039,10.7745414808194,TRUE
"insurance_autobi_loss","random",1,"seeds","ridge-LSE",1,2.5,"full","blocked",NA,2.75941948876693,5.32480822579218,19.6303092101284,7.03246634740086,TRUE
"insurance_autobi_loss","random",2,"seeds","ridge-LSE",1,2.5,"full","blocked",NA,3.71452932963802,5.99742384465504,19.0763310819588,9.62887670246529,TRUE
"insurance_autobi_loss","random",3,"seeds","ridge-LSE",1,2.5,"full","blocked",NA,3.6038801661744,5.79447906427532,19.3609868780989,9.50425758225127,TRUE
"insurance_autobi_loss","random",4,"seeds","ridge-LSE",1,2.5,"full","blocked",NA,4.19069010178559,5.82150443472144,15.8669088471038,10.2006159357299,TRUE
"insurance_autobi_loss","random",5,"seeds","ridge-LSE",1,2.5,"full","blocked",NA,2.51440311690129,4.24504942814929,14.1167499733342,7.05801927843553,TRUE
"insurance_autobi_loss","random",6,"seeds","ridge-LSE",1,2.5,"full","blocked",NA,3.88728423750571,5.44674335836632,14.4818912249818,8.03605302535218,TRUE
"insurance_autobi_loss","random",7,"seeds","ridge-LSE",1,2.5,"full","blocked",NA,5.08184701936249,6.41307138257667,13.2418641578275,10.536891056788,TRUE
"insurance_autobi_loss","random",8,"seeds","ridge-LSE",1,2.5,"full","blocked",NA,3.81883577986734,6.81587908547225,22.1146792082302,6.31733846682192,TRUE
"insurance_autobi_loss","random",9,"seeds","ridge-LSE",1,2.5,"full","blocked",NA,3.74955974423138,5.68291098944,18.0436198183967,7.52665296748741,TRUE
"insurance_autobi_loss","random",10,"seeds","ridge-LSE",1,2.5,"full","blocked",NA,3.55988455901729,4.90827064994486,14.7795648029598,8.8219730623464,TRUE
"insurance_autobi_loss","random",11,"seeds","ridge-LSE",1,2.5,"full","blocked",NA,3.62230689393464,6.57192118884472,18.8703723675203,8.09619014083255,TRUE
"insurance_autobi_loss","random",12,"seeds","ridge-LSE",1,2.5,"full","blocked",NA,3.58102698345662,4.2615714238493,8.75995855831091,7.30606831367418,TRUE
"insurance_autobi_loss","random",13,"seeds","ridge-LSE",1,2.5,"full","blocked",NA,3.77398447347305,6.45214741362622,19.2594976460481,8.66565759975107,TRUE
"insurance_autobi_loss","random",14,"seeds","ridge-LSE",1,2.5,"full","blocked",NA,3.25035668592897,5.05498835725025,19.2155754474372,7.20535845936823,TRUE
"insurance_autobi_loss","random",15,"seeds","ridge-LSE",1,2.5,"full","blocked",NA,2.98942320843609,8.0276427625524,28.6582579698483,6.68261831498453,TRUE
"insurance_autobi_loss","random",16,"seeds","ridge-LSE",1,2.5,"full","blocked",NA,3.7358635527124,6.04293101846408,20.8956031962036,8.03547975253757,TRUE
"insurance_autobi_loss","random",17,"seeds","ridge-LSE",1,2.5,"full","blocked",NA,4.18995788395136,25.37044758788,330.741806460208,8.43998548221715,TRUE
"insurance_autobi_loss","random",18,"seeds","ridge-LSE",1,2.5,"full","blocked",NA,3.76603430223127,5.03814638878129,9.93181105544772,8.26290562542698,TRUE
"insurance_autobi_loss","random",19,"seeds","ridge-LSE",1,2.5,"full","blocked",NA,3.19237338403545,4.97308709401353,13.5738370088956,6.71996140065115,TRUE
"insurance_autobi_loss","random",20,"seeds","ridge-LSE",1,2.5,"full","blocked",NA,3.16608217771655,5.35168509964682,19.9033291377192,7.10011002521098,TRUE
"insurance_autobi_loss","random",21,"seeds","ridge-LSE",1,2.5,"full","blocked",NA,4.96006477565254,7.74589460653683,37.2108967360476,9.55265140597799,TRUE
"insurance_autobi_loss","random",22,"seeds","ridge-LSE",1,2.5,"full","blocked",NA,3.90263443340215,5.28351407779767,17.6063971450237,7.7282596908542,TRUE
"insurance_autobi_loss","random",23,"seeds","ridge-LSE",1,2.5,"full","blocked",NA,3.70721566740336,5.7018540271236,16.5480208397597,9.9886575905896,TRUE
"insurance_autobi_loss","random",24,"seeds","ridge-LSE",1,2.5,"full","blocked",NA,3.72570467100502,4.78625247823303,10.7260383562984,9.25957050960258,TRUE
"insurance_autobi_loss","random",25,"seeds","ridge-LSE",1,2.5,"full","blocked",NA,3.6424369586835,6.18554550571573,21.5641559430629,7.84268341475689,TRUE
"insurance_autobi_loss","random",26,"seeds","ridge-LSE",1,2.5,"full","blocked",NA,3.00168629022281,3.83878465626519,7.73011741971298,7.36670491388221,TRUE
"insurance_autobi_loss","random",27,"seeds","ridge-LSE",1,2.5,"full","blocked",NA,3.83063375684441,5.32558145559642,12.6120929437102,6.94542988507306,TRUE
"insurance_autobi_loss","random",28,"seeds","ridge-LSE",1,2.5,"full","blocked",NA,2.73931435325734,3.9548623821723,9.08935824260535,6.42185269199279,TRUE
"insurance_autobi_loss","random",29,"seeds","ridge-LSE",1,2.5,"full","blocked",NA,2.69306278307426,5.92062194532909,23.2826350878903,6.38775195432925,TRUE
"insurance_autobi_loss","random",30,"seeds","ridge-LSE",1,2.5,"full","blocked",NA,4.57806651099116,5.11962181169351,8.99125174275441,9.97828821172609,TRUE
"insurance_autobi_loss","random",1,"seeds","ridge-LSE",2,2.5,"full","blocked",NA,2.75769284927318,5.32905082865098,19.5878414315908,7.20899041797376,TRUE
"insurance_autobi_loss","random",2,"seeds","ridge-LSE",2,2.5,"full","blocked",NA,4.26049202751874,6.18371083510773,18.2175381698173,9.46703616656601,TRUE
"insurance_autobi_loss","random",3,"seeds","ridge-LSE",2,2.5,"full","blocked",NA,3.20899890718327,5.50772204821962,19.2002740328017,7.02133369018112,TRUE
"insurance_autobi_loss","random",4,"seeds","ridge-LSE",2,2.5,"full","blocked",NA,3.38443346008683,6.98970380125908,20.7408351428751,8.09826773944821,TRUE
"insurance_autobi_loss","random",5,"seeds","ridge-LSE",2,2.5,"full","blocked",NA,2.89107572269801,4.34000566357558,13.8274404673614,7.64208437438589,TRUE
"insurance_autobi_loss","random",6,"seeds","ridge-LSE",2,2.5,"full","blocked",NA,3.53527081554722,8.20834036268534,48.8980022001803,7.73490451321213,TRUE
"insurance_autobi_loss","random",7,"seeds","ridge-LSE",2,2.5,"full","blocked",NA,4.58387709773289,5.94821453208473,13.0247585385365,10.6009838248185,TRUE
"insurance_autobi_loss","random",8,"seeds","ridge-LSE",2,2.5,"full","blocked",NA,2.92773516982992,5.21447181212089,21.0902212132474,6.16398586683807,TRUE
"insurance_autobi_loss","random",9,"seeds","ridge-LSE",2,2.5,"full","blocked",NA,3.66004331973201,5.6511279723718,18.045258764819,7.53197326462346,TRUE
"insurance_autobi_loss","random",10,"seeds","ridge-LSE",2,2.5,"full","blocked",NA,3.79174173293313,5.20694949715641,15.0927326069277,9.11405242864457,TRUE
"insurance_autobi_loss","random",11,"seeds","ridge-LSE",2,2.5,"full","blocked",NA,3.07702182850965,6.39209267292136,19.6205292978363,8.55284939608309,TRUE
"insurance_autobi_loss","random",12,"seeds","ridge-LSE",2,2.5,"full","blocked",NA,4.22009215563787,4.70299155867468,8.94796083893319,10.0841978555695,TRUE
"insurance_autobi_loss","random",13,"seeds","ridge-LSE",2,2.5,"full","blocked",NA,3.43870015141579,6.18555846026679,19.2039880427278,8.12036957213043,TRUE
"insurance_autobi_loss","random",14,"seeds","ridge-LSE",2,2.5,"full","blocked",NA,3.81481263865736,5.72749555935416,19.720950422896,8.3221143534996,TRUE
"insurance_autobi_loss","random",15,"seeds","ridge-LSE",2,2.5,"full","blocked",NA,2.59169143297385,7.74954362905667,28.7095778333394,6.80532888466501,TRUE
"insurance_autobi_loss","random",16,"seeds","ridge-LSE",2,2.5,"full","blocked",NA,3.67303809284387,6.01766620161616,20.8104352877639,7.9695610621105,TRUE
"insurance_autobi_loss","random",17,"seeds","ridge-LSE",2,2.5,"full","blocked",NA,4.88182254916674,5.37800803371566,9.77943491198457,11.4144277911013,TRUE
"insurance_autobi_loss","random",18,"seeds","ridge-LSE",2,2.5,"full","blocked",NA,3.03495265275637,4.47747621685378,9.67099040063551,7.56273908270137,TRUE
"insurance_autobi_loss","random",19,"seeds","ridge-LSE",2,2.5,"full","blocked",NA,3.28663880211422,5.00110431307548,13.6094375004951,8.0711705409523,TRUE
"insurance_autobi_loss","random",20,"seeds","ridge-LSE",2,2.5,"full","blocked",NA,2.82184070925315,5.180017381933,19.9224484833937,6.55275460282528,TRUE
"insurance_autobi_loss","random",21,"seeds","ridge-LSE",2,2.5,"full","blocked",NA,4.03171404418071,4.64152174515548,8.29933008217107,8.71727315258427,TRUE
"insurance_autobi_loss","random",22,"seeds","ridge-LSE",2,2.5,"full","blocked",NA,3.30764570982402,4.6004845824983,17.217306207776,7.88092154139114,TRUE
"insurance_autobi_loss","random",23,"seeds","ridge-LSE",2,2.5,"full","blocked",NA,3.47667796526186,5.70203646353957,16.8420416638959,9.07137572755446,TRUE
"insurance_autobi_loss","random",24,"seeds","ridge-LSE",2,2.5,"full","blocked",NA,3.9321183010091,4.86501934258867,10.3345938017066,9.19221443248481,TRUE
"insurance_autobi_loss","random",25,"seeds","ridge-LSE",2,2.5,"full","blocked",NA,3.08861692940577,5.53280580406837,20.7622626114178,7.06661056806764,TRUE
"insurance_autobi_loss","random",26,"seeds","ridge-LSE",2,2.5,"full","blocked",NA,3.08146158557437,3.9239620343329,7.64624503505304,7.57308583621534,TRUE
"insurance_autobi_loss","random",27,"seeds","ridge-LSE",2,2.5,"full","blocked",NA,3.68268997003475,4.92598411903063,12.7188196743193,8.90832746875435,TRUE
"insurance_autobi_loss","random",28,"seeds","ridge-LSE",2,2.5,"full","blocked",NA,3.62781013500236,4.19546258525139,7.20815095682137,8.57837987563244,TRUE
"insurance_autobi_loss","random",29,"seeds","ridge-LSE",2,2.5,"full","blocked",NA,3.44413431898864,6.43188431215007,23.3857962465233,7.66444384610117,TRUE
"insurance_autobi_loss","random",30,"seeds","ridge-LSE",2,2.5,"full","blocked",NA,4.11000772369499,4.84394592975462,8.67993132090506,8.48028170605848,TRUE
"insurance_autobi_loss","random",1,"seeds","Huber",1,2.5,"full","blocked",NA,1.68034213168794,4.727949021946,20.0667288950912,4.99372317806312,TRUE
"insurance_autobi_loss","random",2,"seeds","Huber",1,2.5,"full","blocked",NA,1.74356089218085,4.43786605641802,18.5322803705204,5.12681011788469,TRUE
"insurance_autobi_loss","random",3,"seeds","Huber",1,2.5,"full","blocked",NA,1.49222274217977,4.3857357871012,19.6673195056992,4.15758385162406,TRUE
"insurance_autobi_loss","random",4,"seeds","Huber",1,2.5,"full","blocked",NA,1.90020118273145,4.4009088585847,16.1457852261169,6.20937979174945,TRUE
"insurance_autobi_loss","random",5,"seeds","Huber",1,2.5,"full","blocked",NA,1.49869155742468,3.5479255783636,14.3749721367482,4.16962649040765,TRUE
"insurance_autobi_loss","random",6,"seeds","Huber",1,2.5,"full","blocked",NA,1.64992821129001,4.13166103539647,15.1507955233453,5.11338800827134,TRUE
"insurance_autobi_loss","random",7,"seeds","Huber",1,2.5,"full","blocked",NA,1.88799122639034,4.38555676304814,13.4838122581697,6.6458242620422,TRUE
"insurance_autobi_loss","random",8,"seeds","Huber",1,2.5,"full","blocked",NA,1.60085394889971,4.34228468651689,21.4034910445308,4.69837610238752,TRUE
"insurance_autobi_loss","random",9,"seeds","Huber",1,2.5,"full","blocked",NA,1.71757243778233,4.33658649271524,18.3888005771531,5.22910840814043,TRUE
"insurance_autobi_loss","random",10,"seeds","Huber",1,2.5,"full","blocked",NA,1.76081144370244,3.94252774401776,15.2060045281451,5.68984589427172,TRUE
"insurance_autobi_loss","random",11,"seeds","Huber",1,2.5,"full","blocked",NA,1.91708752016884,5.61848608577298,19.4325554704118,6.58362998261152,TRUE
"insurance_autobi_loss","random",12,"seeds","Huber",1,2.5,"full","blocked",NA,1.62648315672413,2.74931439005457,8.49590622051923,3.98356485867482,TRUE
"insurance_autobi_loss","random",13,"seeds","Huber",1,2.5,"full","blocked",NA,1.77936704390956,5.27214081148405,19.8064297262392,5.18153467235776,TRUE
"insurance_autobi_loss","random",14,"seeds","Huber",1,2.5,"full","blocked",NA,1.65238391296628,5.03446066360158,25.7539941959816,5.12636957324083,TRUE
"insurance_autobi_loss","random",15,"seeds","Huber",1,2.5,"full","blocked",NA,2.38347053281562,7.69010969852837,29.1638263241665,8.45580269133466,TRUE
"insurance_autobi_loss","random",16,"seeds","Huber",1,2.5,"full","blocked",NA,1.77618523439065,4.98963794960564,21.4373287835009,6.01382074642619,TRUE
"insurance_autobi_loss","random",17,"seeds","Huber",1,2.5,"full","blocked",NA,1.68199022853955,3.13754537353366,9.40821741307458,5.19713086572525,TRUE
"insurance_autobi_loss","random",18,"seeds","Huber",1,2.5,"full","blocked",NA,1.70175003247489,3.64785872067597,9.78707520239201,6.17925065600613,TRUE
"insurance_autobi_loss","random",19,"seeds","Huber",1,2.5,"full","blocked",NA,1.47894839717882,3.80400909882282,13.8788455427483,4.00858644414829,TRUE
"insurance_autobi_loss","random",20,"seeds","Huber",1,2.5,"full","blocked",NA,1.54525896291145,4.42320574270771,20.3712753373793,5.26697543576596,TRUE
"insurance_autobi_loss","random",21,"seeds","Huber",1,2.5,"full","blocked",NA,1.79710729479037,3.45830612740921,8.7304566615366,5.39320242789598,TRUE
"insurance_autobi_loss","random",22,"seeds","Huber",1,2.5,"full","blocked",NA,1.782553484594,3.67688548517683,17.5195134467577,5.41358530609996,TRUE
"insurance_autobi_loss","random",23,"seeds","Huber",1,2.5,"full","blocked",NA,1.95672659449844,4.71866253355806,16.9221853391827,6.38420296845995,TRUE
"insurance_autobi_loss","random",24,"seeds","Huber",1,2.5,"full","blocked",NA,1.75624855376068,3.50856124722318,10.6157016172911,5.52476315876231,TRUE
"insurance_autobi_loss","random",25,"seeds","Huber",1,2.5,"full","blocked",NA,2.08346539303068,4.95913288945614,21.3202730909932,7.46703461505679,TRUE
"insurance_autobi_loss","random",26,"seeds","Huber",1,2.5,"full","blocked",NA,1.47288090850398,2.99828098421962,7.96397617350483,4.31509521511005,TRUE
"insurance_autobi_loss","random",27,"seeds","Huber",1,2.5,"full","blocked",NA,1.61244741229793,3.23144061684728,12.1933316566146,4.5409032454809,TRUE
"insurance_autobi_loss","random",28,"seeds","Huber",1,2.5,"full","blocked",NA,1.66068695305188,3.05547668256324,7.40475734758868,4.95012616837501,TRUE
"insurance_autobi_loss","random",29,"seeds","Huber",1,2.5,"full","blocked",NA,1.77466433953205,5.44536103065799,23.8300200538125,4.99272915843197,TRUE
"insurance_autobi_loss","random",30,"seeds","Huber",1,2.5,"full","blocked",NA,1.95582724068063,3.46403206800032,8.50599614865431,7.06887063026341,TRUE
"insurance_autobi_loss","random",1,"seeds","Huber",2,2.5,"full","blocked",NA,1.67018689788307,4.7179899273304,20.0548354713548,4.86769446337507,TRUE
"insurance_autobi_loss","random",2,"seeds","Huber",2,2.5,"full","blocked",NA,1.79458981494393,4.445775643317,18.5476537718569,5.86035046451476,TRUE
"insurance_autobi_loss","random",3,"seeds","Huber",2,2.5,"full","blocked",NA,1.54230890365457,4.4334790279281,19.6362902767851,4.06958165823893,TRUE
"insurance_autobi_loss","random",4,"seeds","Huber",2,2.5,"full","blocked",NA,1.91056635148888,4.38659511563161,16.157928477575,6.36798555794504,TRUE
"insurance_autobi_loss","random",5,"seeds","Huber",2,2.5,"full","blocked",NA,1.51310010521506,3.57366040033486,14.3779415875424,4.31794526648306,TRUE
"insurance_autobi_loss","random",6,"seeds","Huber",2,2.5,"full","blocked",NA,1.60267010690744,3.852107292195,14.8603901196825,4.39368187533568,TRUE
"insurance_autobi_loss","random",7,"seeds","Huber",2,2.5,"full","blocked",NA,1.84736101176907,4.36875195944672,13.5630269504477,6.80781300846274,TRUE
"insurance_autobi_loss","random",8,"seeds","Huber",2,2.5,"full","blocked",NA,1.62455987084277,4.33980716521887,21.3981397012248,4.50532517795457,TRUE
"insurance_autobi_loss","random",9,"seeds","Huber",2,2.5,"full","blocked",NA,1.72965942110555,4.34173034808096,18.3762259511779,5.32538702161293,TRUE
"insurance_autobi_loss","random",10,"seeds","Huber",2,2.5,"full","blocked",NA,1.69791666070654,3.91890386157204,15.2664292639365,5.54524902310683,TRUE
"insurance_autobi_loss","random",11,"seeds","Huber",2,2.5,"full","blocked",NA,1.96414254012334,5.6191135480883,19.2098990998017,6.71294050038992,TRUE
"insurance_autobi_loss","random",12,"seeds","Huber",2,2.5,"full","blocked",NA,1.62756754774826,2.74834147958621,8.53452821080405,4.15847304098934,TRUE
"insurance_autobi_loss","random",13,"seeds","Huber",2,2.5,"full","blocked",NA,1.88506532876262,5.37786260537212,19.7670839035463,6.37304907344988,TRUE
"insurance_autobi_loss","random",14,"seeds","Huber",2,2.5,"full","blocked",NA,1.62844846678922,3.89266978364342,19.3509431539188,4.52135183782329,TRUE
"insurance_autobi_loss","random",15,"seeds","Huber",2,2.5,"full","blocked",NA,2.34071325852726,7.53763076070311,29.1202983175013,8.63257229740253,TRUE
"insurance_autobi_loss","random",16,"seeds","Huber",2,2.5,"full","blocked",NA,1.78633188566575,4.95153352747788,21.3079972963778,6.23889950263579,TRUE
"insurance_autobi_loss","random",17,"seeds","Huber",2,2.5,"full","blocked",NA,1.57068602672171,2.99388054102402,9.31597267654178,4.21705920870582,TRUE
"insurance_autobi_loss","random",18,"seeds","Huber",2,2.5,"full","blocked",NA,1.79491358423283,3.73977490768815,9.83014466075008,6.99813974197033,TRUE
"insurance_autobi_loss","random",19,"seeds","Huber",2,2.5,"full","blocked",NA,1.61245253934898,3.91061229115988,13.9256802645992,4.29463857302235,TRUE
"insurance_autobi_loss","random",20,"seeds","Huber",2,2.5,"full","blocked",NA,1.58656719124669,4.43872204697764,20.3008466624558,5.17925987225472,TRUE
"insurance_autobi_loss","random",21,"seeds","Huber",2,2.5,"full","blocked",NA,1.68042600401347,3.32189426896655,8.70549348029698,4.55841901222776,TRUE
"insurance_autobi_loss","random",22,"seeds","Huber",2,2.5,"full","blocked",NA,1.70634010041739,3.64226776236692,17.5201859831483,4.94227869560493,TRUE
"insurance_autobi_loss","random",23,"seeds","Huber",2,2.5,"full","blocked",NA,2.00350240018322,4.73210345577754,16.9285293223321,6.572943302585,TRUE
"insurance_autobi_loss","random",24,"seeds","Huber",2,2.5,"full","blocked",NA,1.76556515032695,3.50999301272548,10.659228606651,5.67195896100398,TRUE
"insurance_autobi_loss","random",25,"seeds","Huber",2,2.5,"full","blocked",NA,2.07963189768908,4.93765410571998,21.3342290949683,7.31822626771373,TRUE
"insurance_autobi_loss","random",26,"seeds","Huber",2,2.5,"full","blocked",NA,1.57031268665372,3.05203572850921,8.02905789205503,5.00992604586736,TRUE
"insurance_autobi_loss","random",27,"seeds","Huber",2,2.5,"full","blocked",NA,1.57761943449146,3.21605811418231,12.1919724262562,4.5640979895347,TRUE
"insurance_autobi_loss","random",28,"seeds","Huber",2,2.5,"full","blocked",NA,1.52456730607806,2.93584975607771,7.37612447885151,4.54151941005757,TRUE
"insurance_autobi_loss","random",29,"seeds","Huber",2,2.5,"full","blocked",NA,1.66242129977736,5.39197667050258,23.8492482973567,4.97372415257043,TRUE
"insurance_autobi_loss","random",30,"seeds","Huber",2,2.5,"full","blocked",NA,1.71668325299577,3.33160450835947,8.84585386547126,6.09626096108403,TRUE
"insurance_autobi_loss","random",1,"seeds","L1",1,2.5,"full","blocked",NA,1.7177325348658,4.69991580020597,20.071401887714,5.62314831976915,TRUE
"insurance_autobi_loss","random",2,"seeds","L1",1,2.5,"full","blocked",NA,1.78257414512489,4.42024051704433,18.5869154338413,6.03304438292018,TRUE
"insurance_autobi_loss","random",3,"seeds","L1",1,2.5,"full","blocked",NA,1.56271529296683,4.4038246215059,19.4589659233686,4.51176678146099,TRUE
"insurance_autobi_loss","random",4,"seeds","L1",1,2.5,"full","blocked",NA,1.92559135163428,4.40602508148589,16.208957093212,6.53108154410984,TRUE
"insurance_autobi_loss","random",5,"seeds","L1",1,2.5,"full","blocked",NA,1.47415079094819,3.53316007975239,14.4589707013285,4.4726977607046,TRUE
"insurance_autobi_loss","random",6,"seeds","L1",1,2.5,"full","blocked",NA,1.58372756093094,3.83947049958096,14.9248051506568,4.92031006325652,TRUE
"insurance_autobi_loss","random",7,"seeds","L1",1,2.5,"full","blocked",NA,1.83976875342386,4.36406880336449,13.7056014411987,6.95027034379748,TRUE
"insurance_autobi_loss","random",8,"seeds","L1",1,2.5,"full","blocked",NA,1.551678020701,4.27385117753725,21.4396523775255,4.68180343572067,TRUE
"insurance_autobi_loss","random",9,"seeds","L1",1,2.5,"full","blocked",NA,1.77763202736533,4.35134417112384,18.4270801977423,5.61356492271875,TRUE
"insurance_autobi_loss","random",10,"seeds","L1",1,2.5,"full","blocked",NA,1.71360262460959,3.92346849194147,15.3315843747097,6.04207852091741,TRUE
"insurance_autobi_loss","random",11,"seeds","L1",1,2.5,"full","blocked",NA,2.0865012365345,5.6454020904403,19.2936184752064,7.55172916245586,TRUE
"insurance_autobi_loss","random",12,"seeds","L1",1,2.5,"full","blocked",NA,1.63909455245068,2.77243139002588,8.557685262164,4.56531600573312,TRUE
"insurance_autobi_loss","random",13,"seeds","L1",1,2.5,"full","blocked",NA,1.74366438814111,5.24827128379598,19.8843006575247,5.57983853075064,TRUE
"insurance_autobi_loss","random",14,"seeds","L1",1,2.5,"full","blocked",NA,1.5583640484103,3.85245687651786,19.4179134845836,5.10489157120538,TRUE
"insurance_autobi_loss","random",15,"seeds","L1",1,2.5,"full","blocked",NA,2.36395220370729,7.53004567309177,29.2228374665955,8.75087300785068,TRUE
"insurance_autobi_loss","random",16,"seeds","L1",1,2.5,"full","blocked",NA,1.58235027897665,4.64193164472057,21.3146015860352,5.37943610662609,TRUE
"insurance_autobi_loss","random",17,"seeds","L1",1,2.5,"full","blocked",NA,1.48497631503931,2.8965036779417,9.38702955731524,3.9655795885067,TRUE
"insurance_autobi_loss","random",18,"seeds","L1",1,2.5,"full","blocked",NA,1.80291594634286,3.64274627544127,9.71852647855424,6.25081655772505,TRUE
"insurance_autobi_loss","random",19,"seeds","L1",1,2.5,"full","blocked",NA,1.51290222708772,3.81903380087789,13.9957233787926,4.53654686696015,TRUE
"insurance_autobi_loss","random",20,"seeds","L1",1,2.5,"full","blocked",NA,1.54973350413046,4.41093903751263,20.3900061062436,5.17658888821849,TRUE
"insurance_autobi_loss","random",21,"seeds","L1",1,2.5,"full","blocked",NA,1.7410732849043,3.24556915107936,8.43219561744563,5.48140929706529,TRUE
"insurance_autobi_loss","random",22,"seeds","L1",1,2.5,"full","blocked",NA,1.70167223819265,3.644959880278,17.6207572108203,5.56166280131675,TRUE
"insurance_autobi_loss","random",23,"seeds","L1",1,2.5,"full","blocked",NA,1.94176365063137,4.67631700102773,16.9501892416433,6.84289105378446,TRUE
"insurance_autobi_loss","random",24,"seeds","L1",1,2.5,"full","blocked",NA,1.75538022365811,3.47056174105923,10.6847105118881,6.11036647893736,TRUE
"insurance_autobi_loss","random",25,"seeds","L1",1,2.5,"full","blocked",NA,2.00510715856164,4.92556241652309,21.3481540297337,6.89758855223639,TRUE
"insurance_autobi_loss","random",26,"seeds","L1",1,2.5,"full","blocked",NA,1.45336869335287,3.00774545567072,8.12179113542556,4.75187273385812,TRUE
"insurance_autobi_loss","random",27,"seeds","L1",1,2.5,"full","blocked",NA,1.61276758146585,3.32567716858868,12.3801840379914,4.98881537835815,TRUE
"insurance_autobi_loss","random",28,"seeds","L1",1,2.5,"full","blocked",NA,1.61978796301164,3.08852706897779,7.82221629951671,6.0616750832972,TRUE
"insurance_autobi_loss","random",29,"seeds","L1",1,2.5,"full","blocked",NA,1.69986052698846,5.36497213911884,23.9521602234288,5.41422199835741,TRUE
"insurance_autobi_loss","random",30,"seeds","L1",1,2.5,"full","blocked",NA,1.82030675049458,3.33932427152538,8.83949764325809,6.39224003843484,TRUE
"insurance_autobi_loss","random",1,"seeds","L1",2,2.5,"full","blocked",NA,1.76091519551271,4.75886225793514,20.1240677061309,5.66303890983209,TRUE
"insurance_autobi_loss","random",2,"seeds","L1",2,2.5,"full","blocked",NA,1.77729941216146,4.55607204950037,18.7013420051315,6.01705344822472,TRUE
"insurance_autobi_loss","random",3,"seeds","L1",2,2.5,"full","blocked",NA,1.54903400981275,4.36784145182971,19.2832559842875,4.32082836328315,TRUE
"insurance_autobi_loss","random",4,"seeds","L1",2,2.5,"full","blocked",NA,1.92001991803537,4.37773604485659,16.1975843503687,6.71018745351433,TRUE
"insurance_autobi_loss","random",5,"seeds","L1",2,2.5,"full","blocked",NA,1.46989618563162,3.51011817668602,14.3437728083698,4.43651531861667,TRUE
"insurance_autobi_loss","random",6,"seeds","L1",2,2.5,"full","blocked",NA,1.64904527110394,3.97232368645744,15.0101053820616,5.42852510697342,TRUE
"insurance_autobi_loss","random",7,"seeds","L1",2,2.5,"full","blocked",NA,1.89286214609003,4.32025428003879,13.3306799784848,7.56813067411771,TRUE
"insurance_autobi_loss","random",8,"seeds","L1",2,2.5,"full","blocked",NA,1.60357002524474,4.29631355593394,21.3833836108986,4.48954354757148,TRUE
"insurance_autobi_loss","random",9,"seeds","L1",2,2.5,"full","blocked",NA,1.72711732279061,4.31710793517958,18.4991379227201,5.86808354462667,TRUE
"insurance_autobi_loss","random",10,"seeds","L1",2,2.5,"full","blocked",NA,1.84832291133441,3.97189378652099,15.3199716246739,7.07923238157241,TRUE
"insurance_autobi_loss","random",11,"seeds","L1",2,2.5,"full","blocked",NA,2.11504560362788,5.86443984809078,19.6568506103984,7.43401525810135,TRUE
"insurance_autobi_loss","random",12,"seeds","L1",2,2.5,"full","blocked",NA,1.59844702008731,2.78006877122671,8.64429652599692,4.23954894273659,TRUE
"insurance_autobi_loss","random",13,"seeds","L1",2,2.5,"full","blocked",NA,1.72434011939839,5.23016388951202,19.8963286651441,5.66173743383833,TRUE
"insurance_autobi_loss","random",14,"seeds","L1",2,2.5,"full","blocked",NA,1.54622855189742,3.99489885503666,19.5480025906012,5.40889073900289,TRUE
"insurance_autobi_loss","random",15,"seeds","L1",2,2.5,"full","blocked",NA,2.38891285656709,7.52580402242022,29.2105336653259,8.67320661394819,TRUE
"insurance_autobi_loss","random",16,"seeds","L1",2,2.5,"full","blocked",NA,1.80206507904422,4.92556362460827,21.2924605378866,5.89270743594234,TRUE
"insurance_autobi_loss","random",17,"seeds","L1",2,2.5,"full","blocked",NA,1.69581262813721,3.16277620355332,9.48066713325611,5.52226793633565,TRUE
"insurance_autobi_loss","random",18,"seeds","L1",2,2.5,"full","blocked",NA,1.84808353129909,3.90003829672481,10.2027183548834,7.88564197601581,TRUE
"insurance_autobi_loss","random",19,"seeds","L1",2,2.5,"full","blocked",NA,1.56266466599759,3.86737249473441,14.0140264286468,4.55294420479268,TRUE
"insurance_autobi_loss","random",20,"seeds","L1",2,2.5,"full","blocked",NA,1.54344402055855,4.37762042826887,20.4199375178831,5.56235688068856,TRUE
"insurance_autobi_loss","random",21,"seeds","L1",2,2.5,"full","blocked",NA,1.65445138128026,3.06136257738769,8.26606362055591,4.41086715027698,TRUE
"insurance_autobi_loss","random",22,"seeds","L1",2,2.5,"full","blocked",NA,1.65719122325055,3.60253624746329,17.5919099659276,5.61241128865203,TRUE
"insurance_autobi_loss","random",23,"seeds","L1",2,2.5,"full","blocked",NA,2.230910868512,5.09378683826569,17.2034661733036,9.02714396164914,TRUE
"insurance_autobi_loss","random",24,"seeds","L1",2,2.5,"full","blocked",NA,1.7478154349928,3.52280372255965,10.7441422400528,6.03059483576389,TRUE
"insurance_autobi_loss","random",25,"seeds","L1",2,2.5,"full","blocked",NA,2.12866612807013,4.94043325282064,21.3869063445359,7.6659143884686,TRUE
"insurance_autobi_loss","random",26,"seeds","L1",2,2.5,"full","blocked",NA,1.48577892458222,3.01955495843534,8.12538497868533,4.5313830765517,TRUE
"insurance_autobi_loss","random",27,"seeds","L1",2,2.5,"full","blocked",NA,1.66924916080768,3.49989861772751,12.5011194290864,5.21174836638238,TRUE
"insurance_autobi_loss","random",28,"seeds","L1",2,2.5,"full","blocked",NA,1.61160773445629,2.96482294332748,7.42446633625047,5.07911308003027,TRUE
"insurance_autobi_loss","random",29,"seeds","L1",2,2.5,"full","blocked",NA,1.67829570577344,5.41225992101009,23.9473235960779,5.5439188135672,TRUE
"insurance_autobi_loss","random",30,"seeds","L1",2,2.5,"full","blocked",NA,1.79587595967863,3.38089006995145,8.77262315281246,6.56656300444185,TRUE
"insurance_autobi_loss","random",1,"repro","Huber",0,2.5,"full","blocked",NA,1.69714262236403,4.71054492526762,20.0263033647018,5.11890462609014,TRUE
"insurance_autobi_loss","random",2,"repro","Huber",0,2.5,"full","blocked",NA,1.77809940259265,4.43032019947289,18.4732710928282,5.7927533352764,TRUE
"insurance_autobi_loss","random",1,"repro","WPMM2",0,2.5,"full","blocked",NA,1.77285150060138,4.88715734155417,20.262504929898,5.91480055403281,TRUE
"insurance_autobi_loss","random",2,"repro","WPMM2",0,2.5,"full","blocked",NA,1.70618940096298,4.42812585182217,18.7304916596997,5.89668689233889,TRUE
"fremtpl2_severity_raw","random",1,"valgate","auto-valgate",0,2.5,"full","blocked",NA,697.318693471478,2871.83744530053,45048.664858327,2189.95118577435,TRUE
"fremtpl2_severity_raw","random",2,"valgate","auto-valgate",0,2.5,"full","blocked",NA,645.786871970378,1596.95464962298,10475.3787588819,1982.99476586996,TRUE
"fremtpl2_severity_raw","random",3,"valgate","auto-valgate",0,2.5,"full","blocked",NA,653.642402477959,4044.73693730413,60886.1727894824,2013.54778797084,TRUE
"fremtpl2_severity_raw","random",4,"valgate","auto-valgate",0,2.5,"full","blocked",NA,677.421076541222,1375.60947478683,6237.71352395644,2114.33497861131,TRUE
"fremtpl2_severity_raw","random",5,"valgate","auto-valgate",0,2.5,"full","blocked",NA,670.989340546785,1900.14479143442,11802.0523266814,2095.78840721412,TRUE
"fremtpl2_severity_raw","random",6,"valgate","auto-valgate",0,2.5,"full","blocked",NA,717.691515679933,1973.85265860023,11986.1531102763,2362.96693766941,TRUE
"fremtpl2_severity_raw","random",7,"valgate","auto-valgate",0,2.5,"full","blocked",NA,727.399875290802,3019.98362353565,45094.2179551682,2372.71799640513,TRUE
"fremtpl2_severity_raw","random",8,"valgate","auto-valgate",0,2.5,"full","blocked",NA,780.955177496325,2035.26548520951,11560.3000740641,2623.32094200758,TRUE
"fremtpl2_severity_raw","random",9,"valgate","auto-valgate",0,2.5,"full","blocked",NA,713.132437497079,1459.16648536053,7823.62991723627,2373.84839705984,TRUE
"fremtpl2_severity_raw","random",10,"valgate","auto-valgate",0,2.5,"full","blocked",NA,707.295580787237,3115.14712407749,42756.0312452213,2369.77158912299,TRUE
"fremtpl2_severity_raw","random",11,"valgate","auto-valgate",0,2.5,"full","blocked",NA,707.214832961901,2949.31559244121,45041.4026694903,2422.17124122782,TRUE
"fremtpl2_severity_raw","random",12,"valgate","auto-valgate",0,2.5,"full","blocked",NA,711.860677050213,1806.58121439307,12128.2249860661,2246.06529401225,TRUE
"fremtpl2_severity_raw","random",13,"valgate","auto-valgate",0,2.5,"full","blocked",NA,696.515827130489,3904.55531506946,60600.048128362,2310.38039403196,TRUE
"fremtpl2_severity_raw","random",14,"valgate","auto-valgate",0,2.5,"full","blocked",NA,675.118020943615,3078.94018245114,45651.8804058021,2088.90519596019,TRUE
"fremtpl2_severity_raw","random",15,"valgate","auto-valgate",0,2.5,"full","blocked",NA,657.975455318278,1629.31477256286,8230.69554248228,1935.39441958386,TRUE
"fremtpl2_severity_raw","random",16,"valgate","auto-valgate",0,2.5,"full","blocked",NA,660.129405287123,2027.40902498529,13301.6877474215,1966.71217110685,TRUE
"fremtpl2_severity_raw","random",17,"valgate","auto-valgate",0,2.5,"full","blocked",NA,691.648862188234,4237.67582842683,61206.7335770178,2139.5677116919,TRUE
"fremtpl2_severity_raw","random",18,"valgate","auto-valgate",0,2.5,"full","blocked",NA,678.725029818059,3299.38643155325,45754.3164957321,2365.40495741708,TRUE
"fremtpl2_severity_raw","random",19,"valgate","auto-valgate",0,2.5,"full","blocked",NA,696.711156202875,3190.9703326511,42505.9011088075,2229.35158813855,TRUE
"fremtpl2_severity_raw","random",20,"valgate","auto-valgate",0,2.5,"full","blocked",NA,632.796634818541,2546.21629870904,44665.5656853655,1886.85204098009,TRUE
"fremtpl2_severity_raw","random",21,"valgate","auto-valgate",0,2.5,"full","blocked",NA,730.338459016035,3189.82337584312,42642.6090098392,2511.63417940818,TRUE
"fremtpl2_severity_raw","random",22,"valgate","auto-valgate",0,2.5,"full","blocked",NA,683.609790399404,1619.39958064257,10852.8590468117,2095.63430510912,TRUE
"fremtpl2_severity_raw","random",23,"valgate","auto-valgate",0,2.5,"full","blocked",NA,690.965059179507,2337.70148233577,15040.6513810176,2343.93604087509,TRUE
"fremtpl2_severity_raw","random",24,"valgate","auto-valgate",0,2.5,"full","blocked",NA,686.077010124677,2849.11725224742,45292.2382335984,2046.95278237672,TRUE
"fremtpl2_severity_raw","random",25,"valgate","auto-valgate",0,2.5,"full","blocked",NA,695.498840824337,1797.05287369558,11161.9888470556,2177.97180745876,TRUE
"fremtpl2_severity_raw","random",26,"valgate","auto-valgate",0,2.5,"full","blocked",NA,731.716970801996,3052.55079057822,44983.6721902633,2587.11989938712,TRUE
"fremtpl2_severity_raw","random",27,"valgate","auto-valgate",0,2.5,"full","blocked",NA,649.015452600509,1611.93580336639,9417.71799852964,2083.78202717105,TRUE
"fremtpl2_severity_raw","random",28,"valgate","auto-valgate",0,2.5,"full","blocked",NA,661.128946800003,2987.82531277683,42391.8495876699,1951.57340624845,TRUE
"fremtpl2_severity_raw","random",29,"valgate","auto-valgate",0,2.5,"full","blocked",NA,622.321314058538,1577.91149982202,10727.527122413,1741.66434725585,TRUE
"fremtpl2_severity_raw","random",30,"valgate","auto-valgate",0,2.5,"full","blocked",NA,663.605006526941,2259.93467390532,13342.3983694487,2026.71087496519,TRUE
"fremtpl2_severity_raw","random",1,"valgate","auto-valgate",1,2.5,"full","blocked",NA,707.007763972797,2859.32435743036,45047.2229186699,2062.2160214179,TRUE
"fremtpl2_severity_raw","random",2,"valgate","auto-valgate",1,2.5,"full","blocked",NA,638.819631758899,1619.08486383136,10482.7063325006,2063.66625445975,TRUE
"fremtpl2_severity_raw","random",3,"valgate","auto-valgate",1,2.5,"full","blocked",NA,644.695439257574,4065.30593077353,60883.8515484547,2104.01274284934,TRUE
"fremtpl2_severity_raw","random",4,"valgate","auto-valgate",1,2.5,"full","blocked",NA,672.974491256844,1370.67970366749,6232.35483081047,2093.16409289361,TRUE
"fremtpl2_severity_raw","random",5,"valgate","auto-valgate",1,2.5,"full","blocked",NA,666.133252256422,1916.724528785,11807.3328412257,2207.00091221783,TRUE
"fremtpl2_severity_raw","random",6,"valgate","auto-valgate",1,2.5,"full","blocked",NA,713.310431206145,1994.33579440469,11994.0839181682,2413.5064157016,TRUE
"fremtpl2_severity_raw","random",7,"valgate","auto-valgate",1,2.5,"full","blocked",NA,720.780023817265,2944.80126965111,45066.1176365471,2305.52654403019,TRUE
"fremtpl2_severity_raw","random",8,"valgate","auto-valgate",1,2.5,"full","blocked",NA,784.169905161106,2040.23120908287,11560.894935026,2674.02941349453,TRUE
"fremtpl2_severity_raw","random",9,"valgate","auto-valgate",1,2.5,"full","blocked",NA,714.758302379057,1480.38014090918,7827.78058322547,2387.89190996153,TRUE
"fremtpl2_severity_raw","random",10,"valgate","auto-valgate",1,2.5,"full","blocked",NA,709.27383735054,3118.49173194903,42754.8002778193,2376.22352713042,TRUE
"fremtpl2_severity_raw","random",11,"valgate","auto-valgate",1,2.5,"full","blocked",NA,702.985908953034,2948.7642670759,45044.1823369706,2496.46942762357,TRUE
"fremtpl2_severity_raw","random",12,"valgate","auto-valgate",1,2.5,"full","blocked",NA,716.101757150422,1785.58391964593,12119.1573371763,2185.70675117748,TRUE
"fremtpl2_severity_raw","random",13,"valgate","auto-valgate",1,2.5,"full","blocked",NA,705.025762685544,3905.09798779326,60598.1126403972,2203.90553357618,TRUE
"fremtpl2_severity_raw","random",14,"valgate","auto-valgate",1,2.5,"full","blocked",NA,673.859613883456,3100.87447294293,45653.4620383717,2158.48743239173,TRUE
"fremtpl2_severity_raw","random",15,"valgate","auto-valgate",1,2.5,"full","blocked",NA,664.24290811366,1560.10745664866,8080.91121639709,1840.21772729235,TRUE
"fremtpl2_severity_raw","random",16,"valgate","auto-valgate",1,2.5,"full","blocked",NA,644.518785841974,2022.03437598677,13311.8549435172,2045.09228772031,TRUE
"fremtpl2_severity_raw","random",17,"valgate","auto-valgate",1,2.5,"full","blocked",NA,687.623895893689,4222.11909851897,61211.142518626,2033.57880655544,TRUE
"fremtpl2_severity_raw","random",18,"valgate","auto-valgate",1,2.5,"full","blocked",NA,677.004504519333,3299.08490176547,45756.902996102,2353.89793822046,TRUE
"fremtpl2_severity_raw","random",19,"valgate","auto-valgate",1,2.5,"full","blocked",NA,693.906954956473,3188.20204575734,42507.3554849361,2230.27035343868,TRUE
"fremtpl2_severity_raw","random",20,"valgate","auto-valgate",1,2.5,"full","blocked",NA,636.054593934753,2539.02400817909,44666.0181856183,1832.84527977801,TRUE
"fremtpl2_severity_raw","random",21,"valgate","auto-valgate",1,2.5,"full","blocked",NA,730.061104859823,3238.28341145394,42673.3332157663,2659.78007892328,TRUE
"fremtpl2_severity_raw","random",22,"valgate","auto-valgate",1,2.5,"full","blocked",NA,687.676597327544,1670.56369907721,10906.7145113315,2133.48274924433,TRUE
"fremtpl2_severity_raw","random",23,"valgate","auto-valgate",1,2.5,"full","blocked",NA,698.393090645789,2317.80302454126,15033.257665581,2369.40838341305,TRUE
"fremtpl2_severity_raw","random",24,"valgate","auto-valgate",1,2.5,"full","blocked",NA,677.372547972101,2863.98895068392,45295.7932559783,2154.36632022784,TRUE
"fremtpl2_severity_raw","random",25,"valgate","auto-valgate",1,2.5,"full","blocked",NA,685.41018247559,1801.25345231762,11160.2275938515,2172.01417773219,TRUE
"fremtpl2_severity_raw","random",26,"valgate","auto-valgate",1,2.5,"full","blocked",NA,737.663491668509,3058.63019390528,44982.4311894556,2410.79812523338,TRUE
"fremtpl2_severity_raw","random",27,"valgate","auto-valgate",1,2.5,"full","blocked",NA,653.882785055084,1594.87501162231,9405.89800781651,2006.52415793091,TRUE
"fremtpl2_severity_raw","random",28,"valgate","auto-valgate",1,2.5,"full","blocked",NA,657.178245347273,3010.56671368925,42392.5835372741,2004.8489078164,TRUE
"fremtpl2_severity_raw","random",29,"valgate","auto-valgate",1,2.5,"full","blocked",NA,616.419786691541,1540.05544152459,10678.7973375695,1743.23370913895,TRUE
"fremtpl2_severity_raw","random",30,"valgate","auto-valgate",1,2.5,"full","blocked",NA,657.808394474832,2261.33488374854,13337.3450002481,1951.26853541418,TRUE
"fremtpl2_severity_raw","random",1,"valgate","auto-valgate",2,2.5,"full","blocked",NA,709.557308318283,2871.51754484987,45048.1791828983,2124.01989359483,TRUE
"fremtpl2_severity_raw","random",2,"valgate","auto-valgate",2,2.5,"full","blocked",NA,640.893353914086,1623.76333916905,10481.726990961,2067.87854837189,TRUE
"fremtpl2_severity_raw","random",3,"valgate","auto-valgate",2,2.5,"full","blocked",NA,645.25729933753,4067.19851674892,60890.6571533818,2071.57958892138,TRUE
"fremtpl2_severity_raw","random",4,"valgate","auto-valgate",2,2.5,"full","blocked",NA,675.93701709198,1368.52187279522,6226.06340150456,2101.383463144,TRUE
"fremtpl2_severity_raw","random",5,"valgate","auto-valgate",2,2.5,"full","blocked",NA,669.928304681567,1900.86033583141,11799.0727608946,2079.61142133754,TRUE
"fremtpl2_severity_raw","random",6,"valgate","auto-valgate",2,2.5,"full","blocked",NA,713.672152103038,1992.80531639974,11989.6776995486,2413.49665666148,TRUE
"fremtpl2_severity_raw","random",7,"valgate","auto-valgate",2,2.5,"full","blocked",NA,721.236612363363,2939.4618420075,45064.1484213947,2268.73249642264,TRUE
"fremtpl2_severity_raw","random",8,"valgate","auto-valgate",2,2.5,"full","blocked",NA,786.125444782856,2070.40724576138,11625.8530688489,2673.66509079854,TRUE
"fremtpl2_severity_raw","random",9,"valgate","auto-valgate",2,2.5,"full","blocked",NA,713.888860308505,1482.06487890559,7832.3559643356,2455.62373942012,TRUE
"fremtpl2_severity_raw","random",10,"valgate","auto-valgate",2,2.5,"full","blocked",NA,707.330041913759,3117.10290922263,42751.6838711661,2345.63059083453,TRUE
"fremtpl2_severity_raw","random",11,"valgate","auto-valgate",2,2.5,"full","blocked",NA,708.335861573189,2938.64914636688,45043.1559472599,2476.97442373925,TRUE
"fremtpl2_severity_raw","random",12,"valgate","auto-valgate",2,2.5,"full","blocked",NA,712.564913213629,1809.19017761192,12131.4013842291,2235.41592315227,TRUE
"fremtpl2_severity_raw","random",13,"valgate","auto-valgate",2,2.5,"full","blocked",NA,701.710485306462,3877.29863345708,60596.8370080619,2105.41464144675,TRUE
"fremtpl2_severity_raw","random",14,"valgate","auto-valgate",2,2.5,"full","blocked",NA,669.486592803286,3097.8705173032,45657.8340631825,2182.13072428788,TRUE
"fremtpl2_severity_raw","random",15,"valgate","auto-valgate",2,2.5,"full","blocked",NA,663.84547623144,1559.80066806601,8079.99622657758,1872.26109706977,TRUE
"fremtpl2_severity_raw","random",16,"valgate","auto-valgate",2,2.5,"full","blocked",NA,653.722732870263,2009.41820458484,13310.433305044,1985.47130712295,TRUE
"fremtpl2_severity_raw","random",17,"valgate","auto-valgate",2,2.5,"full","blocked",NA,684.471866348754,4245.26307935876,61214.4078852831,2177.56635662967,TRUE
"fremtpl2_severity_raw","random",18,"valgate","auto-valgate",2,2.5,"full","blocked",NA,685.019809815545,3301.73596379365,45753.6173590829,2337.5209967496,TRUE
"fremtpl2_severity_raw","random",19,"valgate","auto-valgate",2,2.5,"full","blocked",NA,699.191152084956,3196.32973569958,42505.5153059936,2210.10522973928,TRUE
"fremtpl2_severity_raw","random",20,"valgate","auto-valgate",2,2.5,"full","blocked",NA,635.385469634037,2550.10431554094,44665.3378579856,1880.33270818198,TRUE
"fremtpl2_severity_raw","random",21,"valgate","auto-valgate",2,2.5,"full","blocked",NA,727.540878048718,3194.50700714233,42653.3655511882,2553.30702434636,TRUE
"fremtpl2_severity_raw","random",22,"valgate","auto-valgate",2,2.5,"full","blocked",NA,685.142408025161,1641.22632052208,10858.9113310376,2166.19311545943,TRUE
"fremtpl2_severity_raw","random",23,"valgate","auto-valgate",2,2.5,"full","blocked",NA,687.791613888505,2336.75756289072,15046.0328462167,2399.59874516963,TRUE
"fremtpl2_severity_raw","random",24,"valgate","auto-valgate",2,2.5,"full","blocked",NA,676.584224640589,2862.91534392652,45296.1322384946,2161.37423522271,TRUE
"fremtpl2_severity_raw","random",25,"valgate","auto-valgate",2,2.5,"full","blocked",NA,689.390708954026,1803.84627726403,11155.2080946683,2194.63934701074,TRUE
"fremtpl2_severity_raw","random",26,"valgate","auto-valgate",2,2.5,"full","blocked",NA,729.792203241308,3049.07118625229,44980.2158792206,2512.26607081771,TRUE
"fremtpl2_severity_raw","random",27,"valgate","auto-valgate",2,2.5,"full","blocked",NA,654.748510833356,1595.68114102346,9407.06221982363,2007.7375067039,TRUE
"fremtpl2_severity_raw","random",28,"valgate","auto-valgate",2,2.5,"full","blocked",NA,655.055377687378,3007.68542644316,42393.5172458851,1975.78434618809,TRUE
"fremtpl2_severity_raw","random",29,"valgate","auto-valgate",2,2.5,"full","blocked",NA,631.376715873276,1539.36892223124,10679.9494466339,1704.5439632525,TRUE
"fremtpl2_severity_raw","random",30,"valgate","auto-valgate",2,2.5,"full","blocked",NA,651.852801746132,2278.19451542998,13353.1862232538,2091.36185077401,TRUE
"fremtpl2_severity_raw","random",1,"valgate","auto-valgate",3,2.5,"full","blocked",NA,707.01114146244,2859.32331441048,45047.221657292,2062.23620102152,TRUE
"fremtpl2_severity_raw","random",2,"valgate","auto-valgate",3,2.5,"full","blocked",NA,650.578349322201,1607.56895428149,10473.9140848024,1883.71395865329,TRUE
"fremtpl2_severity_raw","random",3,"valgate","auto-valgate",3,2.5,"full","blocked",NA,643.566427824784,4060.14586643365,60888.7361754779,2050.01434509658,TRUE
"fremtpl2_severity_raw","random",4,"valgate","auto-valgate",3,2.5,"full","blocked",NA,683.36527721189,1348.05099110525,6222.88963540081,2030.89124671266,TRUE
"fremtpl2_severity_raw","random",5,"valgate","auto-valgate",3,2.5,"full","blocked",NA,663.980830958603,1929.27670874479,11815.9630602881,2198.42651038715,TRUE
"fremtpl2_severity_raw","random",6,"valgate","auto-valgate",3,2.5,"full","blocked",NA,712.601416048272,1999.33517249524,11994.6733839704,2424.66855759881,TRUE
"fremtpl2_severity_raw","random",7,"valgate","auto-valgate",3,2.5,"full","blocked",NA,721.758375601717,2968.15741142373,45061.5902998839,2332.59591570168,TRUE
"fremtpl2_severity_raw","random",8,"valgate","auto-valgate",3,2.5,"full","blocked",NA,778.620744410043,2007.7825056686,11551.6961740829,2508.62547071098,TRUE
"fremtpl2_severity_raw","random",9,"valgate","auto-valgate",3,2.5,"full","blocked",NA,717.168870690326,1484.32206736711,7827.04272453727,2402.30838476149,TRUE
"fremtpl2_severity_raw","random",10,"valgate","auto-valgate",3,2.5,"full","blocked",NA,704.775959323968,3124.09937901926,42756.1197700906,2340.38478010015,TRUE
"fremtpl2_severity_raw","random",11,"valgate","auto-valgate",3,2.5,"full","blocked",NA,707.566627695439,2940.00601482159,45043.5631562802,2472.09042746838,TRUE
"fremtpl2_severity_raw","random",12,"valgate","auto-valgate",3,2.5,"full","blocked",NA,718.694751460693,1803.07224889145,12125.5491131732,2196.63236764897,TRUE
"fremtpl2_severity_raw","random",13,"valgate","auto-valgate",3,2.5,"full","blocked",NA,695.135253567564,3893.94696978871,60599.8606478639,2261.36037490273,TRUE
"fremtpl2_severity_raw","random",14,"valgate","auto-valgate",3,2.5,"full","blocked",NA,683.290340863565,3113.07758459761,45657.2142649707,2211.08578638121,TRUE
"fremtpl2_severity_raw","random",15,"valgate","auto-valgate",3,2.5,"full","blocked",NA,656.948363370994,1581.1555696356,8092.87329881183,1931.15975609097,TRUE
"fremtpl2_severity_raw","random",16,"valgate","auto-valgate",3,2.5,"full","blocked",NA,655.183370719065,2003.89728545247,13307.6343574293,1989.9583996813,TRUE
"fremtpl2_severity_raw","random",17,"valgate","auto-valgate",3,2.5,"full","blocked",NA,679.800695973594,4242.37275163259,61212.1546988666,2204.61362451902,TRUE
"fremtpl2_severity_raw","random",18,"valgate","auto-valgate",3,2.5,"full","blocked",NA,680.696954720083,3304.48965477213,45753.7117544783,2391.34194702934,TRUE
"fremtpl2_severity_raw","random",19,"valgate","auto-valgate",3,2.5,"full","blocked",NA,697.052165704539,3194.89067814477,42503.8646430616,2206.95391541546,TRUE
"fremtpl2_severity_raw","random",20,"valgate","auto-valgate",3,2.5,"full","blocked",NA,623.814088486902,2563.33618710167,44668.1671985466,1894.79894529095,TRUE
"fremtpl2_severity_raw","random",21,"valgate","auto-valgate",3,2.5,"full","blocked",NA,731.457499200396,3200.07457199102,42654.1778134174,2676.01691084279,TRUE
"fremtpl2_severity_raw","random",22,"valgate","auto-valgate",3,2.5,"full","blocked",NA,684.288036154332,1641.84580574703,10857.4558271178,2152.72716364051,TRUE
"fremtpl2_severity_raw","random",23,"valgate","auto-valgate",3,2.5,"full","blocked",NA,692.669966845563,2314.16142553874,15033.9340131453,2353.30939985908,TRUE
"fremtpl2_severity_raw","random",24,"valgate","auto-valgate",3,2.5,"full","blocked",NA,685.241316627926,2847.49441309774,45292.9706442912,2099.431772362,TRUE
"fremtpl2_severity_raw","random",25,"valgate","auto-valgate",3,2.5,"full","blocked",NA,694.609681302438,1810.72278595855,11163.2720904543,2220.43483659404,TRUE
"fremtpl2_severity_raw","random",26,"valgate","auto-valgate",3,2.5,"full","blocked",NA,734.399094171905,3053.83521302152,44972.1077584289,2414.66021286025,TRUE
"fremtpl2_severity_raw","random",27,"valgate","auto-valgate",3,2.5,"full","blocked",NA,653.470427468471,1601.3975673369,9410.24444334988,2012.59102072463,TRUE
"fremtpl2_severity_raw","random",28,"valgate","auto-valgate",3,2.5,"full","blocked",NA,654.308417192909,3007.46817984311,42387.9967862948,2005.2229605892,TRUE
"fremtpl2_severity_raw","random",29,"valgate","auto-valgate",3,2.5,"full","blocked",NA,621.046291774902,1564.29006624994,10700.0739101323,1723.42302194488,TRUE
"fremtpl2_severity_raw","random",30,"valgate","auto-valgate",3,2.5,"full","blocked",NA,655.824713335852,2265.05536201222,13340.5796194259,1959.48188790918,TRUE
"fremtpl2_severity_raw","random",1,"rinner","auto-valgate",0,2.5,"full","random",NA,709.215922051164,2868.91960965879,45047.150372424,2101.80497343918,TRUE
"fremtpl2_severity_raw","random",2,"rinner","auto-valgate",0,2.5,"full","random",NA,638.118468361131,1616.24436955625,10482.9393618492,2035.72804407126,TRUE
"fremtpl2_severity_raw","random",3,"rinner","auto-valgate",0,2.5,"full","random",NA,644.122721701867,4062.13837167458,60890.36801021,2063.96294725624,TRUE
"fremtpl2_severity_raw","random",4,"rinner","auto-valgate",0,2.5,"full","random",NA,677.421076541222,1375.60947478683,6237.71352395644,2114.33497861131,TRUE
"fremtpl2_severity_raw","random",5,"rinner","auto-valgate",0,2.5,"full","random",NA,666.443946239947,1931.19358930739,11819.2638835018,2161.464467256,TRUE
"fremtpl2_severity_raw","random",6,"rinner","auto-valgate",0,2.5,"full","random",NA,716.204788619898,1986.89092730603,11977.7058843793,2298.42583183732,TRUE
"fremtpl2_severity_raw","random",7,"rinner","auto-valgate",0,2.5,"full","random",NA,727.399875290802,3019.98362353565,45094.2179551682,2372.71799640513,TRUE
"fremtpl2_severity_raw","random",8,"rinner","auto-valgate",0,2.5,"full","random",NA,778.647565360634,2033.07946198973,11559.5335411453,2623.86450053862,TRUE
"fremtpl2_severity_raw","random",9,"rinner","auto-valgate",0,2.5,"full","random",NA,711.35901659623,1454.82491047746,7819.19090708948,2330.23127488434,TRUE
"fremtpl2_severity_raw","random",10,"rinner","auto-valgate",0,2.5,"full","random",NA,707.295580787237,3115.14712407749,42756.0312452213,2369.77158912299,TRUE
"fremtpl2_severity_raw","random",11,"rinner","auto-valgate",0,2.5,"full","random",NA,707.214832961901,2949.31559244121,45041.4026694903,2422.17124122782,TRUE
"fremtpl2_severity_raw","random",12,"rinner","auto-valgate",0,2.5,"full","random",NA,711.860677050213,1806.58121439307,12128.2249860661,2246.06529401225,TRUE
"fremtpl2_severity_raw","random",13,"rinner","auto-valgate",0,2.5,"full","random",NA,696.515827130489,3904.55531506946,60600.048128362,2310.38039403196,TRUE
"fremtpl2_severity_raw","random",14,"rinner","auto-valgate",0,2.5,"full","random",NA,675.118020943615,3078.94018245114,45651.8804058021,2088.90519596019,TRUE
"fremtpl2_severity_raw","random",15,"rinner","auto-valgate",0,2.5,"full","random",NA,657.890548280574,1630.49967730606,8235.83957453762,1937.41730370943,TRUE
"fremtpl2_severity_raw","random",16,"rinner","auto-valgate",0,2.5,"full","random",NA,647.769982333221,2021.8047605721,13311.5368083759,2038.33838506407,TRUE
"fremtpl2_severity_raw","random",17,"rinner","auto-valgate",0,2.5,"full","random",NA,683.725268522758,4248.19881013471,61208.403683867,2182.60631785365,TRUE
"fremtpl2_severity_raw","random",18,"rinner","auto-valgate",0,2.5,"full","random",NA,686.513711322068,3281.68968652357,45753.8998151556,2307.12961461175,TRUE
"fremtpl2_severity_raw","random",19,"rinner","auto-valgate",0,2.5,"full","random",NA,696.711156202875,3190.9703326511,42505.9011088075,2229.35158813855,TRUE
"fremtpl2_severity_raw","random",20,"rinner","auto-valgate",0,2.5,"full","random",NA,632.796634818541,2546.21629870904,44665.5656853655,1886.85204098009,TRUE
"fremtpl2_severity_raw","random",21,"rinner","auto-valgate",0,2.5,"full","random",NA,735.716696700889,3196.04722630436,42642.3397372116,2537.10327250519,TRUE
"fremtpl2_severity_raw","random",22,"rinner","auto-valgate",0,2.5,"full","random",NA,691.678547576682,1647.49032372402,10856.0670053262,2231.70464420663,TRUE
"fremtpl2_severity_raw","random",23,"rinner","auto-valgate",0,2.5,"full","random",NA,690.965059179507,2337.70148233577,15040.6513810176,2343.93604087509,TRUE
"fremtpl2_severity_raw","random",24,"rinner","auto-valgate",0,2.5,"full","random",NA,691.578626316905,2851.69380642499,45292.6367659637,2099.56781207031,TRUE
"fremtpl2_severity_raw","random",25,"rinner","auto-valgate",0,2.5,"full","random",NA,695.498840824337,1797.05287369558,11161.9888470556,2177.97180745876,TRUE
"fremtpl2_severity_raw","random",26,"rinner","auto-valgate",0,2.5,"full","random",NA,731.716970801996,3052.55079057822,44983.6721902633,2587.11989938712,TRUE
"fremtpl2_severity_raw","random",27,"rinner","auto-valgate",0,2.5,"full","random",NA,655.317533893057,1595.85890039616,9407.55088901405,2031.93364086614,TRUE
"fremtpl2_severity_raw","random",28,"rinner","auto-valgate",0,2.5,"full","random",NA,654.847558589134,3011.02074767115,42392.15049912,2031.60030282326,TRUE
"fremtpl2_severity_raw","random",29,"rinner","auto-valgate",0,2.5,"full","random",NA,622.321314058538,1577.91149982202,10727.527122413,1741.66434725585,TRUE
"fremtpl2_severity_raw","random",30,"rinner","auto-valgate",0,2.5,"full","random",NA,664.031256372495,2260.42009376223,13342.1437351304,2040.06263327614,TRUE
"fremtpl2_severity_raw","random",1,"norobust","auto-valgate",0,2.5,"LSE+WPMM2+WPMM3","blocked",NA,697.318693471478,2871.83744530053,45048.664858327,2189.95118577435,TRUE
"fremtpl2_severity_raw","random",2,"norobust","auto-valgate",0,2.5,"LSE+WPMM2+WPMM3","blocked",NA,638.118468361131,1616.24436955625,10482.9393618492,2035.72804407126,TRUE
"fremtpl2_severity_raw","random",3,"norobust","auto-valgate",0,2.5,"LSE+WPMM2+WPMM3","blocked",NA,644.122721701867,4062.13837167458,60890.36801021,2063.96294725624,TRUE
"fremtpl2_severity_raw","random",4,"norobust","auto-valgate",0,2.5,"LSE+WPMM2+WPMM3","blocked",NA,677.421076541222,1375.60947478683,6237.71352395644,2114.33497861131,TRUE
"fremtpl2_severity_raw","random",5,"norobust","auto-valgate",0,2.5,"LSE+WPMM2+WPMM3","blocked",NA,666.443946239947,1931.19358930739,11819.2638835018,2161.464467256,TRUE
"fremtpl2_severity_raw","random",6,"norobust","auto-valgate",0,2.5,"LSE+WPMM2+WPMM3","blocked",NA,713.814323328339,1995.2319973895,11990.209060208,2461.34658947824,TRUE
"fremtpl2_severity_raw","random",7,"norobust","auto-valgate",0,2.5,"LSE+WPMM2+WPMM3","blocked",NA,727.399875290802,3019.98362353565,45094.2179551682,2372.71799640513,TRUE
"fremtpl2_severity_raw","random",8,"norobust","auto-valgate",0,2.5,"LSE+WPMM2+WPMM3","blocked",NA,779.988073165473,2034.34095061393,11561.6768532863,2627.20524629718,TRUE
"fremtpl2_severity_raw","random",9,"norobust","auto-valgate",0,2.5,"LSE+WPMM2+WPMM3","blocked",NA,716.507663698318,1485.50085549633,7832.21314858811,2429.80096834521,TRUE
"fremtpl2_severity_raw","random",10,"norobust","auto-valgate",0,2.5,"LSE+WPMM2+WPMM3","blocked",NA,707.295580787237,3115.14712407749,42756.0312452213,2369.77158912299,TRUE
"fremtpl2_severity_raw","random",11,"norobust","auto-valgate",0,2.5,"LSE+WPMM2+WPMM3","blocked",NA,707.214832961901,2949.31559244121,45041.4026694903,2422.17124122782,TRUE
"fremtpl2_severity_raw","random",12,"norobust","auto-valgate",0,2.5,"LSE+WPMM2+WPMM3","blocked",NA,711.860677050213,1806.58121439307,12128.2249860661,2246.06529401225,TRUE
"fremtpl2_severity_raw","random",13,"norobust","auto-valgate",0,2.5,"LSE+WPMM2+WPMM3","blocked",NA,696.515827130489,3904.55531506946,60600.048128362,2310.38039403196,TRUE
"fremtpl2_severity_raw","random",14,"norobust","auto-valgate",0,2.5,"LSE+WPMM2+WPMM3","blocked",NA,671.884546527467,3097.1320468559,45656.3617329604,2140.86863102414,TRUE
"fremtpl2_severity_raw","random",15,"norobust","auto-valgate",0,2.5,"LSE+WPMM2+WPMM3","blocked",NA,664.346549916081,1586.2411749376,8092.12366858372,1973.02827827397,TRUE
"fremtpl2_severity_raw","random",16,"norobust","auto-valgate",0,2.5,"LSE+WPMM2+WPMM3","blocked",NA,647.769982333221,2021.8047605721,13311.5368083759,2038.33838506407,TRUE
"fremtpl2_severity_raw","random",17,"norobust","auto-valgate",0,2.5,"LSE+WPMM2+WPMM3","blocked",NA,683.725268522758,4248.19881013471,61208.403683867,2182.60631785365,TRUE
"fremtpl2_severity_raw","random",18,"norobust","auto-valgate",0,2.5,"LSE+WPMM2+WPMM3","blocked",NA,678.725029818059,3299.38643155325,45754.3164957321,2365.40495741708,TRUE
"fremtpl2_severity_raw","random",19,"norobust","auto-valgate",0,2.5,"LSE+WPMM2+WPMM3","blocked",NA,696.711156202875,3190.9703326511,42505.9011088075,2229.35158813855,TRUE
"fremtpl2_severity_raw","random",20,"norobust","auto-valgate",0,2.5,"LSE+WPMM2+WPMM3","blocked",NA,625.533207904688,2564.37776075613,44668.9427966227,1919.25932837434,TRUE
"fremtpl2_severity_raw","random",21,"norobust","auto-valgate",0,2.5,"LSE+WPMM2+WPMM3","blocked",NA,727.445165356009,3193.92797115613,42651.7158393308,2641.4871998875,TRUE
"fremtpl2_severity_raw","random",22,"norobust","auto-valgate",0,2.5,"LSE+WPMM2+WPMM3","blocked",NA,691.678547576682,1647.49032372402,10856.0670053262,2231.70464420663,TRUE
"fremtpl2_severity_raw","random",23,"norobust","auto-valgate",0,2.5,"LSE+WPMM2+WPMM3","blocked",NA,690.965059179507,2337.70148233577,15040.6513810176,2343.93604087509,TRUE
"fremtpl2_severity_raw","random",24,"norobust","auto-valgate",0,2.5,"LSE+WPMM2+WPMM3","blocked",NA,673.954595492505,2860.94958056578,45290.4124136998,2132.96196453259,TRUE
"fremtpl2_severity_raw","random",25,"norobust","auto-valgate",0,2.5,"LSE+WPMM2+WPMM3","blocked",NA,695.498840824337,1797.05287369558,11161.9888470556,2177.97180745876,TRUE
"fremtpl2_severity_raw","random",26,"norobust","auto-valgate",0,2.5,"LSE+WPMM2+WPMM3","blocked",NA,731.716970801996,3052.55079057822,44983.6721902633,2587.11989938712,TRUE
"fremtpl2_severity_raw","random",27,"norobust","auto-valgate",0,2.5,"LSE+WPMM2+WPMM3","blocked",NA,649.015452600509,1611.93580336639,9417.71799852964,2083.78202717105,TRUE
"fremtpl2_severity_raw","random",28,"norobust","auto-valgate",0,2.5,"LSE+WPMM2+WPMM3","blocked",NA,654.847558589134,3011.02074767115,42392.15049912,2031.60030282326,TRUE
"fremtpl2_severity_raw","random",29,"norobust","auto-valgate",0,2.5,"LSE+WPMM2+WPMM3","blocked",NA,622.321314058538,1577.91149982202,10727.527122413,1741.66434725585,TRUE
"fremtpl2_severity_raw","random",30,"norobust","auto-valgate",0,2.5,"LSE+WPMM2+WPMM3","blocked",NA,651.109298068981,2274.86010352953,13349.9805368776,2061.52601173016,TRUE
"fremtpl2_severity_raw","random",1,"sigma","WPMM2",0,1.5,"full","blocked",NA,705.199066535037,2904.83656428047,45053.746840446,2224.50127444941,TRUE
"fremtpl2_severity_raw","random",2,"sigma","WPMM2",0,1.5,"full","blocked",NA,645.57590673034,1644.87490394406,10498.1165792503,2131.41932879022,TRUE
"fremtpl2_severity_raw","random",3,"sigma","WPMM2",0,1.5,"full","blocked",NA,645.099203366919,4081.65859073931,60892.0500405314,2175.50582436088,TRUE
"fremtpl2_severity_raw","random",4,"sigma","WPMM2",0,1.5,"full","blocked",NA,678.717867897393,1388.62054623168,6244.32576027136,2178.52526442177,TRUE
"fremtpl2_severity_raw","random",5,"sigma","WPMM2",0,1.5,"full","blocked",NA,672.939711505218,1960.3608571999,11830.018243248,2262.32954202731,TRUE
"fremtpl2_severity_raw","random",6,"sigma","WPMM2",0,1.5,"full","blocked",NA,717.936491032396,2014.97257389191,12001.2899408907,2481.47334530585,TRUE
"fremtpl2_severity_raw","random",7,"sigma","WPMM2",0,1.5,"full","blocked",NA,733.806878899775,3138.45556665355,45335.0316984693,2411.79439070932,TRUE
"fremtpl2_severity_raw","random",8,"sigma","WPMM2",0,1.5,"full","blocked",NA,785.298356435368,2045.07707382401,11568.0222962998,2688.86710397892,TRUE
"fremtpl2_severity_raw","random",9,"sigma","WPMM2",0,1.5,"full","blocked",NA,720.823446313517,1505.58925553203,7842.59853326685,2483.4969403418,TRUE
"fremtpl2_severity_raw","random",10,"sigma","WPMM2",0,1.5,"full","blocked",NA,714.357699955764,3129.95274494079,42762.9720746834,2406.01411562949,TRUE
"fremtpl2_severity_raw","random",11,"sigma","WPMM2",0,1.5,"full","blocked",NA,719.968364170968,2989.42548335788,45052.7690029809,2595.78181150497,TRUE
"fremtpl2_severity_raw","random",12,"sigma","WPMM2",0,1.5,"full","blocked",NA,723.472491446623,1833.69261862275,12134.5758394272,2337.96742883655,TRUE
"fremtpl2_severity_raw","random",13,"sigma","WPMM2",0,1.5,"full","blocked",NA,700.539282707517,3917.75557393336,60602.2827827469,2312.77620063827,TRUE
"fremtpl2_severity_raw","random",14,"sigma","WPMM2",0,1.5,"full","blocked",NA,685.390171980888,3161.92487783842,45675.2148895112,2296.01387686681,TRUE
"fremtpl2_severity_raw","random",15,"sigma","WPMM2",0,1.5,"full","blocked",NA,663.973240964488,1610.34260117114,8114.45430579699,2065.27597415973,TRUE
"fremtpl2_severity_raw","random",16,"sigma","WPMM2",0,1.5,"full","blocked",NA,650.137415304335,2049.52512063751,13326.9577242575,2108.85786972589,TRUE
"fremtpl2_severity_raw","random",17,"sigma","WPMM2",0,1.5,"full","blocked",NA,687.912611924755,4258.07264123695,61217.9196245118,2265.40622977062,TRUE
"fremtpl2_severity_raw","random",18,"sigma","WPMM2",0,1.5,"full","blocked",NA,687.957169111183,3322.09069851701,45758.0046347218,2405.92284318641,TRUE
"fremtpl2_severity_raw","random",19,"sigma","WPMM2",0,1.5,"full","blocked",NA,695.770359462812,3198.56641130122,42510.5355455888,2255.53156033356,TRUE
"fremtpl2_severity_raw","random",20,"sigma","WPMM2",0,1.5,"full","blocked",NA,627.160110361499,2579.12467882187,44670.961937014,2012.85187859326,TRUE
"fremtpl2_severity_raw","random",21,"sigma","WPMM2",0,1.5,"full","blocked",NA,732.206479916696,3213.95679993199,42658.2235797104,2670.01763546771,TRUE
"fremtpl2_severity_raw","random",22,"sigma","WPMM2",0,1.5,"full","blocked",NA,689.102472474283,1651.33204306668,10862.8113487396,2193.50096517783,TRUE
"fremtpl2_severity_raw","random",23,"sigma","WPMM2",0,1.5,"full","blocked",NA,689.59787237513,2359.10743572591,15055.042711666,2492.33118314419,TRUE
"fremtpl2_severity_raw","random",24,"sigma","WPMM2",0,1.5,"full","blocked",NA,687.644135996707,2894.65380752875,45300.6552055853,2255.38094242779,TRUE
"fremtpl2_severity_raw","random",25,"sigma","WPMM2",0,1.5,"full","blocked",NA,692.373990804952,1824.824900735,11169.7807529482,2253.10584655573,TRUE
"fremtpl2_severity_raw","random",26,"sigma","WPMM2",0,1.5,"full","blocked",NA,741.448489468149,3069.0324209875,44986.2109546462,2631.31616413048,TRUE
"fremtpl2_severity_raw","random",27,"sigma","WPMM2",0,1.5,"full","blocked",NA,643.493614738568,1626.79535810997,9420.25866155563,2110.61688251424,TRUE
"fremtpl2_severity_raw","random",28,"sigma","WPMM2",0,1.5,"full","blocked",NA,658.850754794842,3029.89567884692,42399.832224757,2061.17563515762,TRUE
"fremtpl2_severity_raw","random",29,"sigma","WPMM2",0,1.5,"full","blocked",NA,617.083596359637,1567.76923174737,10691.9264218032,1798.87213534222,TRUE
"fremtpl2_severity_raw","random",30,"sigma","WPMM2",0,1.5,"full","blocked",NA,657.663384165675,2302.06171194076,13361.6169389692,2158.08269775161,TRUE
"fremtpl2_severity_raw","random",1,"sigma","WPMM3",0,1.5,"full","blocked",NA,699.899202183209,2883.32671637022,45051.2555883216,2185.5158213495,TRUE
"fremtpl2_severity_raw","random",2,"sigma","WPMM3",0,1.5,"full","blocked",NA,638.767498392199,1626.16530875513,10487.29374589,2035.9393182017,TRUE
"fremtpl2_severity_raw","random",3,"sigma","WPMM3",0,1.5,"full","blocked",NA,640.854451507151,4068.5035771219,60892.1750909636,2102.57253329425,TRUE
"fremtpl2_severity_raw","random",4,"sigma","WPMM3",0,1.5,"full","blocked",NA,678.79244764469,1378.83423730942,6237.92276743645,2167.58337964274,TRUE
"fremtpl2_severity_raw","random",5,"sigma","WPMM3",0,1.5,"full","blocked",NA,661.780881743422,1921.27535444257,11812.1892730119,2198.21076085011,TRUE
"fremtpl2_severity_raw","random",6,"sigma","WPMM3",0,1.5,"full","blocked",NA,716.400755139512,1998.47352212906,11999.51663887,2408.04908888337,TRUE
"fremtpl2_severity_raw","random",7,"sigma","WPMM3",0,1.5,"full","blocked",NA,727.873771980167,2978.409455864,45069.3953158689,2352.61365739307,TRUE
"fremtpl2_severity_raw","random",8,"sigma","WPMM3",0,1.5,"full","blocked",NA,788.568482525439,2045.71772035433,11562.1974320293,2691.05596370516,TRUE
"fremtpl2_severity_raw","random",9,"sigma","WPMM3",0,1.5,"full","blocked",NA,714.073700779721,1482.95400697916,7832.40474556382,2438.08526227194,TRUE
"fremtpl2_severity_raw","random",10,"sigma","WPMM3",0,1.5,"full","blocked",NA,710.388927067502,3116.27611252807,42757.1622986449,2409.75435282568,TRUE
"fremtpl2_severity_raw","random",11,"sigma","WPMM3",0,1.5,"full","blocked",NA,706.006245255504,2961.2001244243,45046.8862954732,2595.49590071367,TRUE
"fremtpl2_severity_raw","random",12,"sigma","WPMM3",0,1.5,"full","blocked",NA,716.441213209943,1820.04012787477,12134.0245616351,2261.43043173552,TRUE
"fremtpl2_severity_raw","random",13,"sigma","WPMM3",0,1.5,"full","blocked",NA,697.945945116216,3968.30573336847,60639.3178628956,2272.78719586716,TRUE
"fremtpl2_severity_raw","random",14,"sigma","WPMM3",0,1.5,"full","blocked",NA,678.622115604138,3115.00016259186,45660.8505484954,2245.51541643318,TRUE
"fremtpl2_severity_raw","random",15,"sigma","WPMM3",0,1.5,"full","blocked",NA,658.119423624819,1587.78985759804,8093.47124200463,1925.04242764024,TRUE
"fremtpl2_severity_raw","random",16,"sigma","WPMM3",0,1.5,"full","blocked",NA,646.895523701537,2028.49741086609,13315.3940845419,2036.2674177716,TRUE
"fremtpl2_severity_raw","random",17,"sigma","WPMM3",0,1.5,"full","blocked",NA,686.427354486092,4256.2244191208,61220.7597235165,2216.53904930004,TRUE
"fremtpl2_severity_raw","random",18,"sigma","WPMM3",0,1.5,"full","blocked",NA,681.246224648893,3303.45151885023,45756.6585462048,2367.68938304295,TRUE
"fremtpl2_severity_raw","random",19,"sigma","WPMM3",0,1.5,"full","blocked",NA,694.471383015564,3189.1694446998,42510.526033326,2219.16883578906,TRUE
"fremtpl2_severity_raw","random",20,"sigma","WPMM3",0,1.5,"full","blocked",NA,626.020205162018,2570.89850533844,44670.362385803,1955.94863413718,TRUE
"fremtpl2_severity_raw","random",21,"sigma","WPMM3",0,1.5,"full","blocked",NA,731.647400453448,3204.20488630139,42655.3656506449,2630.72611594912,TRUE
"fremtpl2_severity_raw","random",22,"sigma","WPMM3",0,1.5,"full","blocked",NA,683.977683737293,1639.8304566104,10861.4763249541,2164.88098760137,TRUE
"fremtpl2_severity_raw","random",23,"sigma","WPMM3",0,1.5,"full","blocked",NA,686.276364570306,2338.23638131832,15046.7873114115,2427.19851924208,TRUE
"fremtpl2_severity_raw","random",24,"sigma","WPMM3",0,1.5,"full","blocked",NA,675.870159676492,2866.96699993367,45296.7124454704,2207.56473303411,TRUE
"fremtpl2_severity_raw","random",25,"sigma","WPMM3",0,1.5,"full","blocked",NA,687.59031620192,1807.480721937,11165.932712195,2211.8018630402,TRUE
"fremtpl2_severity_raw","random",26,"sigma","WPMM3",0,1.5,"full","blocked",NA,735.776044069006,3053.02506038203,44984.8236134471,2496.57785843356,TRUE
"fremtpl2_severity_raw","random",27,"sigma","WPMM3",0,1.5,"full","blocked",NA,647.613717355788,1623.4482691261,9422.21504109008,2040.53711184624,TRUE
"fremtpl2_severity_raw","random",28,"sigma","WPMM3",0,1.5,"full","blocked",NA,654.636929546566,3010.57453598037,42394.729092427,2024.94106394462,TRUE
"fremtpl2_severity_raw","random",29,"sigma","WPMM3",0,1.5,"full","blocked",NA,618.910312789397,1568.75453560855,10712.2742042439,1807.70003285127,TRUE
"fremtpl2_severity_raw","random",30,"sigma","WPMM3",0,1.5,"full","blocked",NA,659.283002681276,2305.03002592732,13364.5501271529,2196.12719159084,TRUE
"fremtpl2_severity_raw","random",1,"sigma","auto-valgate",0,1.5,"full","blocked",NA,697.903785773266,2879.69871512141,45050.7175477595,2185.78504453167,TRUE
"fremtpl2_severity_raw","random",2,"sigma","auto-valgate",0,1.5,"full","blocked",NA,645.786535567452,1596.95493954506,10475.3786284299,1983.0252854651,TRUE
"fremtpl2_severity_raw","random",3,"sigma","auto-valgate",0,1.5,"full","blocked",NA,655.07892616423,4045.09835178587,60886.3497180801,2013.8746592169,TRUE
"fremtpl2_severity_raw","random",4,"sigma","auto-valgate",0,1.5,"full","blocked",NA,679.188841829149,1353.56508160203,6224.51351264663,2084.60366880385,TRUE
"fremtpl2_severity_raw","random",5,"sigma","auto-valgate",0,1.5,"full","blocked",NA,670.720276182532,1895.20141887174,11799.2452462441,2036.84188831349,TRUE
"fremtpl2_severity_raw","random",6,"sigma","auto-valgate",0,1.5,"full","blocked",NA,717.691515679933,1973.85265860023,11986.1531102763,2362.96693766941,TRUE
"fremtpl2_severity_raw","random",7,"sigma","auto-valgate",0,1.5,"full","blocked",NA,727.822863118383,3023.48960210501,45096.2474998543,2377.57611701284,TRUE
"fremtpl2_severity_raw","random",8,"sigma","auto-valgate",0,1.5,"full","blocked",NA,787.525283285828,2044.67776263222,11598.0767153198,2633.52591158823,TRUE
"fremtpl2_severity_raw","random",9,"sigma","auto-valgate",0,1.5,"full","blocked",NA,713.132437497079,1459.16648536053,7823.62991723627,2373.84839705984,TRUE
"fremtpl2_severity_raw","random",10,"sigma","auto-valgate",0,1.5,"full","blocked",NA,712.199765314379,3134.15202993367,42758.213836117,2384.70918950116,TRUE
"fremtpl2_severity_raw","random",11,"sigma","auto-valgate",0,1.5,"full","blocked",NA,703.886469063957,2953.29749882878,45043.0113639315,2460.94937082386,TRUE
"fremtpl2_severity_raw","random",12,"sigma","auto-valgate",0,1.5,"full","blocked",NA,713.048302219614,1784.81611768995,12119.6962597477,2177.70953345312,TRUE
"fremtpl2_severity_raw","random",13,"sigma","auto-valgate",0,1.5,"full","blocked",NA,694.816868305458,3905.60948642325,60602.5827246426,2220.70100402893,TRUE
"fremtpl2_severity_raw","random",14,"sigma","auto-valgate",0,1.5,"full","blocked",NA,675.118020943615,3078.94018245114,45651.8804058021,2088.90519596019,TRUE
"fremtpl2_severity_raw","random",15,"sigma","auto-valgate",0,1.5,"full","blocked",NA,670.290768102545,1690.71207490096,8883.12833670129,1875.25344687124,TRUE
"fremtpl2_severity_raw","random",16,"sigma","auto-valgate",0,1.5,"full","blocked",NA,657.358468219376,2023.68835007621,13304.3684551764,1982.57080282186,TRUE
"fremtpl2_severity_raw","random",17,"sigma","auto-valgate",0,1.5,"full","blocked",NA,683.263615353049,4236.54511653193,61203.8988022851,2092.56008436936,TRUE
"fremtpl2_severity_raw","random",18,"sigma","auto-valgate",0,1.5,"full","blocked",NA,682.978506324184,3310.7476332927,45756.4479291703,2388.00209739938,TRUE
"fremtpl2_severity_raw","random",19,"sigma","auto-valgate",0,1.5,"full","blocked",NA,701.907423784527,3200.02738680337,42512.3860937238,2278.00890008625,TRUE
"fremtpl2_severity_raw","random",20,"sigma","auto-valgate",0,1.5,"full","blocked",NA,634.452590530226,2539.07798315445,44665.7114873773,1853.72336749652,TRUE
"fremtpl2_severity_raw","random",21,"sigma","auto-valgate",0,1.5,"full","blocked",NA,735.946905204906,3203.44636477667,42654.4851308678,2727.08849023762,TRUE
"fremtpl2_severity_raw","random",22,"sigma","auto-valgate",0,1.5,"full","blocked",NA,693.297962309594,1689.04162819445,10996.1170961012,2144.23423384389,TRUE
"fremtpl2_severity_raw","random",23,"sigma","auto-valgate",0,1.5,"full","blocked",NA,686.596241688171,2337.15777934384,15049.0038742216,2420.75673571083,TRUE
"fremtpl2_severity_raw","random",24,"sigma","auto-valgate",0,1.5,"full","blocked",NA,686.077010124677,2849.11725224742,45292.2382335984,2046.95278237672,TRUE
"fremtpl2_severity_raw","random",25,"sigma","auto-valgate",0,1.5,"full","blocked",NA,690.380523462548,1774.03968971447,11150.1493712013,2058.2427787206,TRUE
"fremtpl2_severity_raw","random",26,"sigma","auto-valgate",0,1.5,"full","blocked",NA,732.915120177645,3053.63867509288,44986.6628809425,2570.17696891871,TRUE
"fremtpl2_severity_raw","random",27,"sigma","auto-valgate",0,1.5,"full","blocked",NA,651.758895699801,1603.99171369312,9406.21148083412,1991.41005930256,TRUE
"fremtpl2_severity_raw","random",28,"sigma","auto-valgate",0,1.5,"full","blocked",NA,661.128946800003,2987.82531277683,42391.8495876699,1951.57340624845,TRUE
"fremtpl2_severity_raw","random",29,"sigma","auto-valgate",0,1.5,"full","blocked",NA,619.181208405471,1566.52191920253,10704.9672497021,1770.47752483538,TRUE
"fremtpl2_severity_raw","random",30,"sigma","auto-valgate",0,1.5,"full","blocked",NA,661.569377519353,2258.46122253036,13340.9187792197,2008.50346347254,TRUE
"fremtpl2_severity_raw","random",1,"sigma","WPMM2",0,4,"full","blocked",NA,703.424752685813,2898.22358300649,45052.5001386907,2242.33751660968,TRUE
"fremtpl2_severity_raw","random",2,"sigma","WPMM2",0,4,"full","blocked",NA,643.451909505677,1639.63104492785,10486.4876596199,2095.74265263976,TRUE
"fremtpl2_severity_raw","random",3,"sigma","WPMM2",0,4,"full","blocked",NA,648.556107077791,4087.44224672652,60890.4726762046,2188.48401509703,TRUE
"fremtpl2_severity_raw","random",4,"sigma","WPMM2",0,4,"full","blocked",NA,681.338450220022,1394.71598779067,6247.22737083786,2179.9718254471,TRUE
"fremtpl2_severity_raw","random",5,"sigma","WPMM2",0,4,"full","blocked",NA,672.178023090174,1953.32251010162,11828.3738455966,2261.89407826255,TRUE
"fremtpl2_severity_raw","random",6,"sigma","WPMM2",0,4,"full","blocked",NA,721.020915421057,2019.93188358029,12002.92993252,2489.93664322605,TRUE
"fremtpl2_severity_raw","random",7,"sigma","WPMM2",0,4,"full","blocked",NA,734.972232706007,3018.8201797876,45083.5748277127,2388.87484651544,TRUE
"fremtpl2_severity_raw","random",8,"sigma","WPMM2",0,4,"full","blocked",NA,792.820565406757,2062.82434933652,11579.5078560846,2709.13126667726,TRUE
"fremtpl2_severity_raw","random",9,"sigma","WPMM2",0,4,"full","blocked",NA,722.95328190953,1507.83995056228,7844.13846514601,2495.4945408519,TRUE
"fremtpl2_severity_raw","random",10,"sigma","WPMM2",0,4,"full","blocked",NA,717.25668057181,3137.70229499687,42761.0634173523,2421.68685944888,TRUE
"fremtpl2_severity_raw","random",11,"sigma","WPMM2",0,4,"full","blocked",NA,714.765853419495,2977.96826032534,45049.3424568732,2562.29217751306,TRUE
"fremtpl2_severity_raw","random",12,"sigma","WPMM2",0,4,"full","blocked",NA,725.660908012188,1841.22016779575,12142.3986116064,2350.18896014775,TRUE
"fremtpl2_severity_raw","random",13,"sigma","WPMM2",0,4,"full","blocked",NA,696.257926505024,3912.85691643297,60601.9041995951,2269.31313858879,TRUE
"fremtpl2_severity_raw","random",14,"sigma","WPMM2",0,4,"full","blocked",NA,679.994106860004,3126.99110856672,45662.1789700415,2261.86998738882,TRUE
"fremtpl2_severity_raw","random",15,"sigma","WPMM2",0,4,"full","blocked",NA,660.728798258765,1613.33755938194,8116.94725307856,2023.34855110858,TRUE
"fremtpl2_severity_raw","random",16,"sigma","WPMM2",0,4,"full","blocked",NA,646.683918761981,2043.74152233753,13327.8508773556,2107.25843089069,TRUE
"fremtpl2_severity_raw","random",17,"sigma","WPMM2",0,4,"full","blocked",NA,686.291161528138,4258.68596039513,61218.3409114402,2233.65206017582,TRUE
"fremtpl2_severity_raw","random",18,"sigma","WPMM2",0,4,"full","blocked",NA,683.730310113557,3320.08876938008,45756.9647187342,2407.41452665883,TRUE
"fremtpl2_severity_raw","random",19,"sigma","WPMM2",0,4,"full","blocked",NA,705.068291885444,3214.32911114266,42511.0137183192,2274.45694875909,TRUE
"fremtpl2_severity_raw","random",20,"sigma","WPMM2",0,4,"full","blocked",NA,624.205971262326,2577.12388928936,44669.3444147508,1977.01589849035,TRUE
"fremtpl2_severity_raw","random",21,"sigma","WPMM2",0,4,"full","blocked",NA,739.152235640316,3226.64858238511,42656.897868849,2717.36902056825,TRUE
"fremtpl2_severity_raw","random",22,"sigma","WPMM2",0,4,"full","blocked",NA,688.263605833598,1654.56341926744,10864.3459058427,2204.50961458181,TRUE
"fremtpl2_severity_raw","random",23,"sigma","WPMM2",0,4,"full","blocked",NA,691.242877081997,2358.15735893293,15051.5829186743,2489.07912142511,TRUE
"fremtpl2_severity_raw","random",24,"sigma","WPMM2",0,4,"full","blocked",NA,683.851045024336,2888.53130972925,45298.2124667626,2225.23745209065,TRUE
"fremtpl2_severity_raw","random",25,"sigma","WPMM2",0,4,"full","blocked",NA,693.567230717963,1824.39455275957,11168.1317863727,2248.29129771284,TRUE
"fremtpl2_severity_raw","random",26,"sigma","WPMM2",0,4,"full","blocked",NA,741.410884010963,3074.50765168576,44984.0392398529,2620.24581363816,TRUE
"fremtpl2_severity_raw","random",27,"sigma","WPMM2",0,4,"full","blocked",NA,645.915364564685,1637.89152215047,9424.91363799843,2136.45678545624,TRUE
"fremtpl2_severity_raw","random",28,"sigma","WPMM2",0,4,"full","blocked",NA,661.700594097102,3034.57670496637,42399.0498544752,2101.41821738944,TRUE
"fremtpl2_severity_raw","random",29,"sigma","WPMM2",0,4,"full","blocked",NA,619.348551527472,1565.82662706055,10688.8512272699,1824.14335917588,TRUE
"fremtpl2_severity_raw","random",30,"sigma","WPMM2",0,4,"full","blocked",NA,658.542742392393,2308.0668211692,13364.1674533254,2174.94580204894,TRUE
"fremtpl2_severity_raw","random",1,"sigma","WPMM3",0,4,"full","blocked",NA,699.973135524406,2866.11803716051,45045.5998346785,2108.59188784492,TRUE
"fremtpl2_severity_raw","random",2,"sigma","WPMM3",0,4,"full","blocked",NA,642.532890244327,1611.73676619636,10473.270045033,1977.4678510877,TRUE
"fremtpl2_severity_raw","random",3,"sigma","WPMM3",0,4,"full","blocked",NA,646.859373038722,4056.26169465851,60886.7273092244,2019.12323946031,TRUE
"fremtpl2_severity_raw","random",4,"sigma","WPMM3",0,4,"full","blocked",NA,676.381714892121,1360.73903766748,6220.67970307765,2084.14955437527,TRUE
"fremtpl2_severity_raw","random",5,"sigma","WPMM3",0,4,"full","blocked",NA,661.769914137674,1902.22980155475,11800.0245996893,2110.33239537282,TRUE
"fremtpl2_severity_raw","random",6,"sigma","WPMM3",0,4,"full","blocked",NA,719.627140320057,1988.7063361099,11980.9921605763,2349.66778230225,TRUE
"fremtpl2_severity_raw","random",7,"sigma","WPMM3",0,4,"full","blocked",NA,721.438791486387,2961.33218279006,45060.8123292564,2286.34783601589,TRUE
"fremtpl2_severity_raw","random",8,"sigma","WPMM3",0,4,"full","blocked",NA,783.242828575546,2035.5575079863,11553.5088384364,2596.17234002169,TRUE
"fremtpl2_severity_raw","random",9,"sigma","WPMM3",0,4,"full","blocked",NA,716.975053859481,1476.95479120261,7822.52624975726,2305.81111471681,TRUE
"fremtpl2_severity_raw","random",10,"sigma","WPMM3",0,4,"full","blocked",NA,712.173983678557,3108.8852306027,42752.3878477887,2285.77184670285,TRUE
"fremtpl2_severity_raw","random",11,"sigma","WPMM3",0,4,"full","blocked",NA,704.520736626354,2945.10252938317,45039.0584664259,2363.42467044385,TRUE
"fremtpl2_severity_raw","random",12,"sigma","WPMM3",0,4,"full","blocked",NA,714.635874852896,1801.78120259162,12125.6911680133,2202.39098472672,TRUE
"fremtpl2_severity_raw","random",13,"sigma","WPMM3",0,4,"full","blocked",NA,701.775494372246,3897.96903757683,60594.9492866446,2166.4578445016,TRUE
"fremtpl2_severity_raw","random",14,"sigma","WPMM3",0,4,"full","blocked",NA,678.908439178758,3097.45038236246,45654.070269411,2153.61819010299,TRUE
"fremtpl2_severity_raw","random",15,"sigma","WPMM3",0,4,"full","blocked",NA,664.174249723744,1584.88240028297,8084.86011084145,1865.42287239259,TRUE
"fremtpl2_severity_raw","random",16,"sigma","WPMM3",0,4,"full","blocked",NA,658.75835942334,2021.39337790903,13303.9462371069,1965.22977884783,TRUE
"fremtpl2_severity_raw","random",17,"sigma","WPMM3",0,4,"full","blocked",NA,682.129104844507,4237.13175089417,61211.0552711153,2180.8471256312,TRUE
"fremtpl2_severity_raw","random",18,"sigma","WPMM3",0,4,"full","blocked",NA,683.930037644917,3293.21755410326,45752.8377810283,2303.64626628139,TRUE
"fremtpl2_severity_raw","random",19,"sigma","WPMM3",0,4,"full","blocked",NA,690.9362562348,3174.29469101771,42500.6475416555,2149.70825984698,TRUE
"fremtpl2_severity_raw","random",20,"sigma","WPMM3",0,4,"full","blocked",NA,627.868614944225,2559.340463913,44665.0916849629,1914.75267706286,TRUE
"fremtpl2_severity_raw","random",21,"sigma","WPMM3",0,4,"full","blocked",NA,733.663244505198,3235.16225244053,42663.3016404553,2510.15349989545,TRUE
"fremtpl2_severity_raw","random",22,"sigma","WPMM3",0,4,"full","blocked",NA,681.357600493596,1625.30336036688,10851.0175278406,2133.60049422606,TRUE
"fremtpl2_severity_raw","random",23,"sigma","WPMM3",0,4,"full","blocked",NA,690.17817421785,2327.76058371722,15033.7028395006,2294.29073783392,TRUE
"fremtpl2_severity_raw","random",24,"sigma","WPMM3",0,4,"full","blocked",NA,677.632166035902,2853.85774459179,45293.347187244,2116.88661302767,TRUE
"fremtpl2_severity_raw","random",25,"sigma","WPMM3",0,4,"full","blocked",NA,689.156369511055,1790.47897111057,11151.3458434686,2164.35232316976,TRUE
"fremtpl2_severity_raw","random",26,"sigma","WPMM3",0,4,"full","blocked",NA,732.001412213155,3042.59247609335,44975.5980382161,2425.21820818192,TRUE
"fremtpl2_severity_raw","random",27,"sigma","WPMM3",0,4,"full","blocked",NA,647.8451322941,1607.13259073336,9407.25534246734,1928.67297239486,TRUE
"fremtpl2_severity_raw","random",28,"sigma","WPMM3",0,4,"full","blocked",NA,654.959615030952,3002.30658737163,42389.1932326787,1999.15597490682,TRUE
"fremtpl2_severity_raw","random",29,"sigma","WPMM3",0,4,"full","blocked",NA,623.349867945325,1544.84245220665,10686.5848222371,1736.64075194569,TRUE
"fremtpl2_severity_raw","random",30,"sigma","WPMM3",0,4,"full","blocked",NA,656.250777803064,2276.63787750547,13346.6130853375,2062.51933816941,TRUE
"fremtpl2_severity_raw","random",1,"sigma","auto-valgate",0,4,"full","blocked",NA,705.493180945947,2871.29899012212,45042.2813895827,2116.22253729342,TRUE
"fremtpl2_severity_raw","random",2,"sigma","auto-valgate",0,4,"full","blocked",NA,644.825383213044,1606.15805680757,10472.2400662833,1970.38028919663,TRUE
"fremtpl2_severity_raw","random",3,"sigma","auto-valgate",0,4,"full","blocked",NA,649.313065896547,4054.94319307762,60886.9815458722,2047.38610968699,TRUE
"fremtpl2_severity_raw","random",4,"sigma","auto-valgate",0,4,"full","blocked",NA,679.078445447597,1362.66872657878,6224.77410414263,2091.30648800416,TRUE
"fremtpl2_severity_raw","random",5,"sigma","auto-valgate",0,4,"full","blocked",NA,667.05415362382,1922.88027500361,11815.5033474269,2122.93404848976,TRUE
"fremtpl2_severity_raw","random",6,"sigma","auto-valgate",0,4,"full","blocked",NA,714.030973308412,1982.37690194285,11980.8740785078,2378.13216274,TRUE
"fremtpl2_severity_raw","random",7,"sigma","auto-valgate",0,4,"full","blocked",NA,726.297155122309,2984.18068504637,45064.3804669095,2314.02881603126,TRUE
"fremtpl2_severity_raw","random",8,"sigma","auto-valgate",0,4,"full","blocked",NA,780.924777371098,2025.16788222874,11551.9614079921,2581.10066246565,TRUE
"fremtpl2_severity_raw","random",9,"sigma","auto-valgate",0,4,"full","blocked",NA,716.637470815741,1474.97648317872,7820.53274132585,2354.50647066031,TRUE
"fremtpl2_severity_raw","random",10,"sigma","auto-valgate",0,4,"full","blocked",NA,710.821649455145,3115.51966660928,42751.8770939788,2305.38389174977,TRUE
"fremtpl2_severity_raw","random",11,"sigma","auto-valgate",0,4,"full","blocked",NA,706.861365723156,2944.96978993271,45036.5854688417,2366.93387905638,TRUE
"fremtpl2_severity_raw","random",12,"sigma","auto-valgate",0,4,"full","blocked",NA,711.099710068877,1797.8911927124,12122.5569864697,2195.28745303383,TRUE
"fremtpl2_severity_raw","random",13,"sigma","auto-valgate",0,4,"full","blocked",NA,693.911493150566,3888.58721456515,60593.29867648,2154.7035090346,TRUE
"fremtpl2_severity_raw","random",14,"sigma","auto-valgate",0,4,"full","blocked",NA,672.945959935113,3091.80156572952,45651.438440576,2096.69457050423,TRUE
"fremtpl2_severity_raw","random",15,"sigma","auto-valgate",0,4,"full","blocked",NA,664.982941667243,1576.30283616728,8081.45823021602,1862.89067796945,TRUE
"fremtpl2_severity_raw","random",16,"sigma","auto-valgate",0,4,"full","blocked",NA,652.367327425319,2017.03797289608,13303.3576729315,1952.5496545741,TRUE
"fremtpl2_severity_raw","random",17,"sigma","auto-valgate",0,4,"full","blocked",NA,691.224462268962,4253.13809394651,61211.8085782106,2184.54104928235,TRUE
"fremtpl2_severity_raw","random",18,"sigma","auto-valgate",0,4,"full","blocked",NA,683.374173672073,3297.23518269021,45749.284156787,2227.75717526411,TRUE
"fremtpl2_severity_raw","random",19,"sigma","auto-valgate",0,4,"full","blocked",NA,696.3612291911,3182.18493351676,42503.3777752142,2136.07192215154,TRUE
"fremtpl2_severity_raw","random",20,"sigma","auto-valgate",0,4,"full","blocked",NA,635.76853331088,2540.57135465956,44666.0433628874,1843.25801943084,TRUE
"fremtpl2_severity_raw","random",21,"sigma","auto-valgate",0,4,"full","blocked",NA,735.979917018711,3216.07287849869,42659.0950221581,2584.33308904325,TRUE
"fremtpl2_severity_raw","random",22,"sigma","auto-valgate",0,4,"full","blocked",NA,684.025206982977,1630.59617967978,10843.4601884232,2046.00577513158,TRUE
"fremtpl2_severity_raw","random",23,"sigma","auto-valgate",0,4,"full","blocked",NA,693.830619184698,2331.3486041779,15034.5107314408,2271.21218016211,TRUE
"fremtpl2_severity_raw","random",24,"sigma","auto-valgate",0,4,"full","blocked",NA,686.077010124677,2849.11725224742,45292.2382335984,2046.95278237672,TRUE
"fremtpl2_severity_raw","random",25,"sigma","auto-valgate",0,4,"full","blocked",NA,689.987058988538,1787.21176722806,11151.6874311298,2087.33946646615,TRUE
"fremtpl2_severity_raw","random",26,"sigma","auto-valgate",0,4,"full","blocked",NA,731.656465222686,3043.75850954794,44977.2693597917,2528.99043815641,TRUE
"fremtpl2_severity_raw","random",27,"sigma","auto-valgate",0,4,"full","blocked",NA,655.210582160595,1595.55414312609,9406.00190510222,2002.67031338459,TRUE
"fremtpl2_severity_raw","random",28,"sigma","auto-valgate",0,4,"full","blocked",NA,664.207096628816,2985.4640131897,42389.5589425224,1930.90889560817,TRUE
"fremtpl2_severity_raw","random",29,"sigma","auto-valgate",0,4,"full","blocked",NA,629.556647814725,1540.59611952053,10680.4532933353,1688.50525565857,TRUE
"fremtpl2_severity_raw","random",30,"sigma","auto-valgate",0,4,"full","blocked",NA,659.891339883734,2273.63959418788,13341.0166007182,2012.79325153378,TRUE
"fremtpl2_severity_raw","random",1,"seeds","auto",1,2.5,"full","blocked",NA,1488.44755765054,3782.49897688041,45032.85662477,3314.88755696653,TRUE
"fremtpl2_severity_raw","random",2,"seeds","auto",1,2.5,"full","blocked",NA,2721.63712072675,3608.29906668315,10743.4256775926,6399.96418085733,TRUE
"fremtpl2_severity_raw","random",3,"seeds","auto",1,2.5,"full","blocked",NA,1535.96052045884,4822.86095602726,60642.6860382966,3895.72682307831,TRUE
"fremtpl2_severity_raw","random",4,"seeds","auto",1,2.5,"full","blocked",NA,2586.22724915085,3069.17740577505,6408.33838359985,3813.88925475364,TRUE
"fremtpl2_severity_raw","random",5,"seeds","auto",1,2.5,"full","blocked",NA,1303.10214017402,3290.40850005215,13244.4190097904,3690.3790936459,TRUE
"fremtpl2_severity_raw","random",6,"seeds","auto",1,2.5,"full","blocked",NA,1443.21877610705,3107.40594930856,12654.2063923183,3604.60338260237,TRUE
"fremtpl2_severity_raw","random",7,"seeds","auto",1,2.5,"full","blocked",NA,1747.95802205737,3931.12410331021,44910.9291202082,3802.32697678086,TRUE
"fremtpl2_severity_raw","random",8,"seeds","auto",1,2.5,"full","blocked",NA,2327.55387766615,3984.00856740206,13088.6265004454,5842.76295815442,TRUE
"fremtpl2_severity_raw","random",9,"seeds","auto",1,2.5,"full","blocked",NA,2879.14497008627,3476.32757164954,8113.60947738824,5041.48668005028,TRUE
"fremtpl2_severity_raw","random",10,"seeds","auto",1,2.5,"full","blocked",NA,2038.11445839832,4237.11924046358,42706.8888050755,3503.11891033936,TRUE
"fremtpl2_severity_raw","random",11,"seeds","auto",1,2.5,"full","blocked",NA,1917.93876388737,4028.37505847272,44999.2370730269,3415.68984643164,TRUE
"fremtpl2_severity_raw","random",12,"seeds","auto",1,2.5,"full","blocked",NA,1910.74792865181,3350.55634775126,13022.5699874791,4884.52667387243,TRUE
"fremtpl2_severity_raw","random",13,"seeds","auto",1,2.5,"full","blocked",NA,1547.07530197559,4663.0160240682,60553.2454873172,2977.55790291607,TRUE
"fremtpl2_severity_raw","random",14,"seeds","auto",1,2.5,"full","blocked",NA,2247.45672180899,4487.7666225203,45579.9524445125,3985.03064041877,TRUE
"fremtpl2_severity_raw","random",15,"seeds","auto",1,2.5,"full","blocked",NA,2447.69120203849,3145.02184681581,8126.85060261034,3873.50898149327,TRUE
"fremtpl2_severity_raw","random",16,"seeds","auto",1,2.5,"full","blocked",NA,2708.79288457724,5068.51916842083,18110.2165077937,6427.62117255762,TRUE
"fremtpl2_severity_raw","random",17,"seeds","auto",1,2.5,"full","blocked",NA,1568.98434040243,5010.93405711878,61141.024945402,3509.04684950203,TRUE
"fremtpl2_severity_raw","random",18,"seeds","auto",1,2.5,"full","blocked",NA,2010.84725689668,4701.08401429531,45551.9892788261,6695.55464789427,TRUE
"fremtpl2_severity_raw","random",19,"seeds","auto",1,2.5,"full","blocked",NA,1276.86917124107,3715.96071856267,42477.126679962,3051.45635203974,TRUE
"fremtpl2_severity_raw","random",20,"seeds","auto",1,2.5,"full","blocked",NA,1643.95940884548,3562.76508527539,44616.2745627167,3592.21994741395,TRUE
"fremtpl2_severity_raw","random",21,"seeds","auto",1,2.5,"full","blocked",NA,1574.09413606058,3963.84994562611,42595.7309007358,2763.4261638959,TRUE
"fremtpl2_severity_raw","random",22,"seeds","auto",1,2.5,"full","blocked",NA,2700.10743133122,3492.1786895935,11139.3453117217,6077.23422169738,TRUE
"fremtpl2_severity_raw","random",23,"seeds","auto",1,2.5,"full","blocked",NA,1544.69888994112,3774.03454800413,15750.439666804,4358.73649271216,TRUE
"fremtpl2_severity_raw","random",24,"seeds","auto",1,2.5,"full","blocked",NA,2071.42516524381,3980.91004594509,45192.8259316419,4312.73854536139,TRUE
"fremtpl2_severity_raw","random",25,"seeds","auto",1,2.5,"full","blocked",NA,1640.15621799598,3857.21298262069,13776.3808272564,3891.64833971697,TRUE
"fremtpl2_severity_raw","random",26,"seeds","auto",1,2.5,"full","blocked",NA,1876.55330824863,4021.83329091599,44897.5187767694,2959.59796547607,TRUE
"fremtpl2_severity_raw","random",27,"seeds","auto",1,2.5,"full","blocked",NA,1534.84145724827,3157.31405631747,10682.4830124959,4242.0835692849,TRUE
"fremtpl2_severity_raw","random",28,"seeds","auto",1,2.5,"full","blocked",NA,1500.84688552407,3894.60620243996,42391.6357346546,3738.60315907694,TRUE
"fremtpl2_severity_raw","random",29,"seeds","auto",1,2.5,"full","blocked",NA,2330.13294689182,3909.88821909649,12002.4309926302,7383.92120624957,TRUE
"fremtpl2_severity_raw","random",30,"seeds","auto",1,2.5,"full","blocked",NA,2813.07982372058,4837.64971249613,15386.3470507039,6995.77209990975,TRUE
"fremtpl2_severity_raw","random",1,"seeds","auto",2,2.5,"full","blocked",NA,2203.5893786004,4168.50748477906,44973.3680962911,3720.52277546296,TRUE
"fremtpl2_severity_raw","random",2,"seeds","auto",2,2.5,"full","blocked",NA,2631.85440730489,3412.96106441769,10491.5555699569,3726.401741088,TRUE
"fremtpl2_severity_raw","random",3,"seeds","auto",2,2.5,"full","blocked",NA,1551.81863687169,4897.09849468452,60831.926536064,2823.12004495595,TRUE
"fremtpl2_severity_raw","random",4,"seeds","auto",2,2.5,"full","blocked",NA,2688.77875096085,3655.4580998785,9736.45279371461,6221.01659221665,TRUE
"fremtpl2_severity_raw","random",5,"seeds","auto",2,2.5,"full","blocked",NA,1642.90416328312,4001.36369991705,17881.6773978131,5120.19212120042,TRUE
"fremtpl2_severity_raw","random",6,"seeds","auto",2,2.5,"full","blocked",NA,2205.2531932397,3820.47961666892,13149.5271486977,6515.42249345584,TRUE
"fremtpl2_severity_raw","random",7,"seeds","auto",2,2.5,"full","blocked",NA,2073.11419722043,4099.93527210836,44998.1198921891,3533.27543552207,TRUE
"fremtpl2_severity_raw","random",8,"seeds","auto",2,2.5,"full","blocked",NA,2637.17020294288,3673.79138999544,11504.1778073099,4080.45881433996,TRUE
"fremtpl2_severity_raw","random",9,"seeds","auto",2,2.5,"full","blocked",NA,2723.63748575329,3287.91831404843,7999.64627857805,4072.05447874538,TRUE
"fremtpl2_severity_raw","random",10,"seeds","auto",2,2.5,"full","blocked",NA,2138.25333346878,4382.50343797447,42663.0816504391,3579.54400708785,TRUE
"fremtpl2_severity_raw","random",11,"seeds","auto",2,2.5,"full","blocked",NA,2107.09600390569,4139.20823253811,44956.4388597355,4458.89446411325,TRUE
"fremtpl2_severity_raw","random",12,"seeds","auto",2,2.5,"full","blocked",NA,2572.60890665253,3542.3721691878,12220.2787265584,4485.35883476327,TRUE
"fremtpl2_severity_raw","random",13,"seeds","auto",2,2.5,"full","blocked",NA,1563.08587055889,4617.02969347332,60522.0388784301,2801.974333556,TRUE
"fremtpl2_severity_raw","random",14,"seeds","auto",2,2.5,"full","blocked",NA,2029.58444833853,4186.03645450833,45675.884234133,4661.2088223127,TRUE
"fremtpl2_severity_raw","random",15,"seeds","auto",2,2.5,"full","blocked",NA,2895.93450193313,6047.56527468534,22788.1445358639,7368.69500161154,TRUE
"fremtpl2_severity_raw","random",16,"seeds","auto",2,2.5,"full","blocked",NA,1460.28142926242,3608.70183051387,14613.965146146,3518.84036322588,TRUE
"fremtpl2_severity_raw","random",17,"seeds","auto",2,2.5,"full","blocked",NA,1349.77408009452,4876.61993956469,61169.5304008232,3185.36714264777,TRUE
"fremtpl2_severity_raw","random",18,"seeds","auto",2,2.5,"full","blocked",NA,1716.71194794115,4176.69775365338,45649.2965877643,3595.16790955893,TRUE
"fremtpl2_severity_raw","random",19,"seeds","auto",2,2.5,"full","blocked",NA,1390.7236871342,3735.99332622417,42376.5065418326,3164.65792340715,TRUE
"fremtpl2_severity_raw","random",20,"seeds","auto",2,2.5,"full","blocked",NA,2329.03334137728,4229.48164271058,44518.1523516019,5751.07616134712,TRUE
"fremtpl2_severity_raw","random",21,"seeds","auto",2,2.5,"full","blocked",NA,1377.59351707106,3879.28099815202,42623.5214451598,2947.17753197573,TRUE
"fremtpl2_severity_raw","random",22,"seeds","auto",2,2.5,"full","blocked",NA,2686.30768768271,3492.27987069195,10903.6247757995,4433.53745378915,TRUE
"fremtpl2_severity_raw","random",23,"seeds","auto",2,2.5,"full","blocked",NA,2213.68765087332,4286.50784274032,15954.7805312742,8203.20940824646,TRUE
"fremtpl2_severity_raw","random",24,"seeds","auto",2,2.5,"full","blocked",NA,1728.23302639243,3765.07643079845,45169.4404511119,3556.31584495603,TRUE
"fremtpl2_severity_raw","random",25,"seeds","auto",2,2.5,"full","blocked",NA,2976.77248877037,4837.12978924099,14359.4035960248,6840.90833967259,TRUE
"fremtpl2_severity_raw","random",26,"seeds","auto",2,2.5,"full","blocked",NA,2200.86328110035,4329.48558840549,44905.061785939,3858.59046319363,TRUE
"fremtpl2_severity_raw","random",27,"seeds","auto",2,2.5,"full","blocked",NA,1516.02726421088,2391.18850903743,9456.63077398384,4146.50681031372,TRUE
"fremtpl2_severity_raw","random",28,"seeds","auto",2,2.5,"full","blocked",NA,1524.19484635313,3758.68196768867,42220.929702707,3709.37062439876,TRUE
"fremtpl2_severity_raw","random",29,"seeds","auto",2,2.5,"full","blocked",NA,2681.17243572448,3451.32162690372,10786.3048023776,4206.61598449541,TRUE
"fremtpl2_severity_raw","random",30,"seeds","auto",2,2.5,"full","blocked",NA,2622.18358223364,3977.72186242341,13227.7931471382,3878.49316552394,TRUE
"fremtpl2_severity_raw","random",1,"seeds","auto-weak",1,2.5,"full","blocked",NA,702.94705436689,2896.18565453955,45054.7536784782,2207.0618076615,TRUE
"fremtpl2_severity_raw","random",2,"seeds","auto-weak",1,2.5,"full","blocked",NA,638.994094557716,1616.08266817084,10475.373711529,2019.48261981478,TRUE
"fremtpl2_severity_raw","random",3,"seeds","auto-weak",1,2.5,"full","blocked",NA,643.56089496349,4063.13067645795,60887.8476535866,2075.33198229206,TRUE
"fremtpl2_severity_raw","random",4,"seeds","auto-weak",1,2.5,"full","blocked",NA,671.543159964172,1364.11570344496,6229.44259359679,2095.4995121153,TRUE
"fremtpl2_severity_raw","random",5,"seeds","auto-weak",1,2.5,"full","blocked",NA,660.383891008186,1918.18023941718,11809.2714303231,2202.22112160753,TRUE
"fremtpl2_severity_raw","random",6,"seeds","auto-weak",1,2.5,"full","blocked",NA,714.554098497641,2001.0303929823,11997.8320874066,2476.66740073056,TRUE
"fremtpl2_severity_raw","random",7,"seeds","auto-weak",1,2.5,"full","blocked",NA,722.902731869397,2969.54081661548,45065.5525987559,2346.6402821348,TRUE
"fremtpl2_severity_raw","random",8,"seeds","auto-weak",1,2.5,"full","blocked",NA,778.36941389756,2028.12873822675,11559.4745209445,2613.02706625991,TRUE
"fremtpl2_severity_raw","random",9,"seeds","auto-weak",1,2.5,"full","blocked",NA,712.002076746409,1475.52041432859,7829.07521338155,2399.86402566427,TRUE
"fremtpl2_severity_raw","random",10,"seeds","auto-weak",1,2.5,"full","blocked",NA,707.082325112989,3115.94967499337,42756.16171642,2341.78089950566,TRUE
"fremtpl2_severity_raw","random",11,"seeds","auto-weak",1,2.5,"full","blocked",NA,705.424120957022,2950.79424719322,45044.4327658301,2527.64017531686,TRUE
"fremtpl2_severity_raw","random",12,"seeds","auto-weak",1,2.5,"full","blocked",NA,714.064873791004,1816.97014332059,12134.174804969,2280.97790830308,TRUE
"fremtpl2_severity_raw","random",13,"seeds","auto-weak",1,2.5,"full","blocked",NA,693.425409955303,3895.91015534543,60598.63822255,2233.10696982561,TRUE
"fremtpl2_severity_raw","random",14,"seeds","auto-weak",1,2.5,"full","blocked",NA,671.092264292557,3099.86855930908,45655.2828360236,2185.75780547984,TRUE
"fremtpl2_severity_raw","random",15,"seeds","auto-weak",1,2.5,"full","blocked",NA,654.172832341917,1581.4271106719,8094.67311133053,1897.1510491358,TRUE
"fremtpl2_severity_raw","random",16,"seeds","auto-weak",1,2.5,"full","blocked",NA,645.330310140261,2022.69703567133,13312.3686878884,2010.78240161182,TRUE
"fremtpl2_severity_raw","random",17,"seeds","auto-weak",1,2.5,"full","blocked",NA,686.218759968382,4245.19096254157,61214.0314033131,2230.82076757169,TRUE
"fremtpl2_severity_raw","random",18,"seeds","auto-weak",1,2.5,"full","blocked",NA,684.178130150746,3304.13159434084,45755.5220374226,2344.08471264974,TRUE
"fremtpl2_severity_raw","random",19,"seeds","auto-weak",1,2.5,"full","blocked",NA,693.714549051243,3188.79398355548,42509.1673058823,2232.8385133644,TRUE
"fremtpl2_severity_raw","random",20,"seeds","auto-weak",1,2.5,"full","blocked",NA,625.137832563833,2563.31811975075,44669.9470230572,1918.64642423542,TRUE
"fremtpl2_severity_raw","random",21,"seeds","auto-weak",1,2.5,"full","blocked",NA,731.447177780945,3203.31232032599,42657.1673763223,2649.40447195505,TRUE
"fremtpl2_severity_raw","random",22,"seeds","auto-weak",1,2.5,"full","blocked",NA,684.366241464967,1636.82635502728,10857.3631562391,2137.83667170854,TRUE
"fremtpl2_severity_raw","random",23,"seeds","auto-weak",1,2.5,"full","blocked",NA,686.623924331527,2333.78892603529,15044.1555984828,2411.37655237154,TRUE
"fremtpl2_severity_raw","random",24,"seeds","auto-weak",1,2.5,"full","blocked",NA,678.200599287902,2869.80629708049,45294.3754687563,2161.85049425236,TRUE
"fremtpl2_severity_raw","random",25,"seeds","auto-weak",1,2.5,"full","blocked",NA,698.584977168157,1841.40111370933,11174.6037085796,2266.4385892549,TRUE
"fremtpl2_severity_raw","random",26,"seeds","auto-weak",1,2.5,"full","blocked",NA,735.621202835917,3053.67753363576,44982.0308794378,2466.06124959538,TRUE
"fremtpl2_severity_raw","random",27,"seeds","auto-weak",1,2.5,"full","blocked",NA,646.615265111483,1618.32357687141,9418.88342049927,2056.83070376058,TRUE
"fremtpl2_severity_raw","random",28,"seeds","auto-weak",1,2.5,"full","blocked",NA,656.000130061518,3010.4406584596,42392.1162822054,1995.06116691823,TRUE
"fremtpl2_severity_raw","random",29,"seeds","auto-weak",1,2.5,"full","blocked",NA,615.534544867023,1542.02780023829,10684.5168255412,1710.82179409549,TRUE
"fremtpl2_severity_raw","random",30,"seeds","auto-weak",1,2.5,"full","blocked",NA,655.892897677066,2292.08559400875,13352.5753904781,2163.34981636144,TRUE
"fremtpl2_severity_raw","random",1,"seeds","auto-weak",2,2.5,"full","blocked",NA,702.604179518547,2883.85070121344,45053.4765933929,2171.85044026621,TRUE
"fremtpl2_severity_raw","random",2,"seeds","auto-weak",2,2.5,"full","blocked",NA,648.123402984402,1656.09227797431,10493.3804195854,2127.35497700483,TRUE
"fremtpl2_severity_raw","random",3,"seeds","auto-weak",2,2.5,"full","blocked",NA,644.978863935137,4067.23277953772,60892.0330857756,2100.2060068673,TRUE
"fremtpl2_severity_raw","random",4,"seeds","auto-weak",2,2.5,"full","blocked",NA,674.690825925795,1370.47531612956,6227.9230273558,2094.69933453966,TRUE
"fremtpl2_severity_raw","random",5,"seeds","auto-weak",2,2.5,"full","blocked",NA,662.470141163043,1915.8487743521,11812.0479103418,2165.31914880305,TRUE
"fremtpl2_severity_raw","random",6,"seeds","auto-weak",2,2.5,"full","blocked",NA,709.712013125054,1997.99275506487,11992.0339194098,2360.02094899865,TRUE
"fremtpl2_severity_raw","random",7,"seeds","auto-weak",2,2.5,"full","blocked",NA,721.594414712987,2964.35547589624,45066.7790260588,2353.52775043338,TRUE
"fremtpl2_severity_raw","random",8,"seeds","auto-weak",2,2.5,"full","blocked",NA,778.831593009942,2032.76694459923,11567.0386564521,2653.01770389921,TRUE
"fremtpl2_severity_raw","random",9,"seeds","auto-weak",2,2.5,"full","blocked",NA,717.051515559245,1485.13958915785,7829.26515318975,2415.73126734778,TRUE
"fremtpl2_severity_raw","random",10,"seeds","auto-weak",2,2.5,"full","blocked",NA,703.72940745636,3110.36744063113,42757.5149073495,2293.17254353969,TRUE
"fremtpl2_severity_raw","random",11,"seeds","auto-weak",2,2.5,"full","blocked",NA,704.74039933935,2955.11457224492,45046.2314289462,2528.63906314496,TRUE
"fremtpl2_severity_raw","random",12,"seeds","auto-weak",2,2.5,"full","blocked",NA,712.882890365667,1810.26728927549,12127.440266605,2227.88531482659,TRUE
"fremtpl2_severity_raw","random",13,"seeds","auto-weak",2,2.5,"full","blocked",NA,699.257643579845,3909.11892202916,60598.3332131552,2215.89365923652,TRUE
"fremtpl2_severity_raw","random",14,"seeds","auto-weak",2,2.5,"full","blocked",NA,675.677586028393,3110.24229643678,45660.7104793161,2186.92211672511,TRUE
"fremtpl2_severity_raw","random",15,"seeds","auto-weak",2,2.5,"full","blocked",NA,659.510606742931,1583.20881925445,8096.3566653955,1971.15853781556,TRUE
"fremtpl2_severity_raw","random",16,"seeds","auto-weak",2,2.5,"full","blocked",NA,644.497521904068,2024.66364504997,13315.9997396932,2005.40672630896,TRUE
"fremtpl2_severity_raw","random",17,"seeds","auto-weak",2,2.5,"full","blocked",NA,684.948778304151,4246.4730553861,61214.3060681157,2193.20265739422,TRUE
"fremtpl2_severity_raw","random",18,"seeds","auto-weak",2,2.5,"full","blocked",NA,684.674083961435,3297.78756923305,45751.2977013512,2291.52987030187,TRUE
"fremtpl2_severity_raw","random",19,"seeds","auto-weak",2,2.5,"full","blocked",NA,708.306365645788,3220.17927402984,42513.4562023817,2354.9579660631,TRUE
"fremtpl2_severity_raw","random",20,"seeds","auto-weak",2,2.5,"full","blocked",NA,623.632037519988,2555.7948076097,44667.5317093444,1906.98207616721,TRUE
"fremtpl2_severity_raw","random",21,"seeds","auto-weak",2,2.5,"full","blocked",NA,729.084176063337,3196.59325403285,42654.2021413173,2704.78566953551,TRUE
"fremtpl2_severity_raw","random",22,"seeds","auto-weak",2,2.5,"full","blocked",NA,685.650084576715,1653.8930717908,10862.7243937835,2140.09311152869,TRUE
"fremtpl2_severity_raw","random",23,"seeds","auto-weak",2,2.5,"full","blocked",NA,689.171313342299,2340.5027086344,15040.4947489123,2295.55074199414,TRUE
"fremtpl2_severity_raw","random",24,"seeds","auto-weak",2,2.5,"full","blocked",NA,705.0233436196,2920.14982827859,45304.4514716711,2330.68709388077,TRUE
"fremtpl2_severity_raw","random",25,"seeds","auto-weak",2,2.5,"full","blocked",NA,691.105104195103,1805.75773477328,11158.9984421081,2165.61081667535,TRUE
"fremtpl2_severity_raw","random",26,"seeds","auto-weak",2,2.5,"full","blocked",NA,736.071328129386,3052.16717065006,44980.7259127462,2503.061780359,TRUE
"fremtpl2_severity_raw","random",27,"seeds","auto-weak",2,2.5,"full","blocked",NA,647.155422088105,1615.44704088817,9418.85984040614,2086.47381108774,TRUE
"fremtpl2_severity_raw","random",28,"seeds","auto-weak",2,2.5,"full","blocked",NA,665.823216144631,3043.75465170615,42401.8570324962,2139.1728176256,TRUE
"fremtpl2_severity_raw","random",29,"seeds","auto-weak",2,2.5,"full","blocked",NA,623.095491867592,1546.5889725137,10680.7247473366,1742.00535520145,TRUE
"fremtpl2_severity_raw","random",30,"seeds","auto-weak",2,2.5,"full","blocked",NA,653.405392330058,2285.61391877559,13351.4146494559,2111.90595565958,TRUE
"fremtpl2_severity_raw","random",1,"seeds","WPMM2",1,2.5,"full","blocked",NA,711.54345153049,2910.19696752033,45057.4912858563,2267.35952765971,TRUE
"fremtpl2_severity_raw","random",2,"seeds","WPMM2",1,2.5,"full","blocked",NA,649.843786137596,1657.64604072591,10496.8225691945,2104.17365690548,TRUE
"fremtpl2_severity_raw","random",3,"seeds","WPMM2",1,2.5,"full","blocked",NA,651.584869409659,4099.03459689292,60897.9459603483,2201.91369020526,TRUE
"fremtpl2_severity_raw","random",4,"seeds","WPMM2",1,2.5,"full","blocked",NA,687.131970521042,1408.70888313099,6251.35720078999,2274.53964136642,TRUE
"fremtpl2_severity_raw","random",5,"seeds","WPMM2",1,2.5,"full","blocked",NA,679.980167199694,1977.36347260639,11844.3049871265,2290.32412092233,TRUE
"fremtpl2_severity_raw","random",6,"seeds","WPMM2",1,2.5,"full","blocked",NA,726.653009202987,2029.79239574192,12012.7936255487,2597.45245013211,TRUE
"fremtpl2_severity_raw","random",7,"seeds","WPMM2",1,2.5,"full","blocked",NA,743.175316877438,3006.71465879066,45072.2829286291,2497.28837168803,TRUE
"fremtpl2_severity_raw","random",8,"seeds","WPMM2",1,2.5,"full","blocked",NA,793.008621725852,2062.91150608381,11574.5381026206,2797.93020330869,TRUE
"fremtpl2_severity_raw","random",9,"seeds","WPMM2",1,2.5,"full","blocked",NA,731.154865644084,1516.88623599805,7843.63268939139,2540.80773623937,TRUE
"fremtpl2_severity_raw","random",10,"seeds","WPMM2",1,2.5,"full","blocked",NA,717.34373176931,3143.838731978,42761.1857849408,2466.67662457892,TRUE
"fremtpl2_severity_raw","random",11,"seeds","WPMM2",1,2.5,"full","blocked",NA,730.597427037566,2997.13708328232,45050.8028204822,2756.36817153934,TRUE
"fremtpl2_severity_raw","random",12,"seeds","WPMM2",1,2.5,"full","blocked",NA,727.626929593117,1845.11079107892,12142.7938188269,2372.79029164378,TRUE
"fremtpl2_severity_raw","random",13,"seeds","WPMM2",1,2.5,"full","blocked",NA,711.77521354298,3935.14434047756,60606.6621762582,2340.96172381152,TRUE
"fremtpl2_severity_raw","random",14,"seeds","WPMM2",1,2.5,"full","blocked",NA,694.193565336467,3142.56560379381,45661.9567291133,2299.68985224745,TRUE
"fremtpl2_severity_raw","random",15,"seeds","WPMM2",1,2.5,"full","blocked",NA,666.53196502832,1678.96909941669,8362.81195810575,2058.81741725149,TRUE
"fremtpl2_severity_raw","random",16,"seeds","WPMM2",1,2.5,"full","blocked",NA,649.795742273015,2052.17067350262,13327.6391217677,2112.26511707471,TRUE
"fremtpl2_severity_raw","random",17,"seeds","WPMM2",1,2.5,"full","blocked",NA,692.473127770314,4274.83497418932,61224.1683656853,2327.61701108228,TRUE
"fremtpl2_severity_raw","random",18,"seeds","WPMM2",1,2.5,"full","blocked",NA,694.053952735026,3342.95073018925,45764.739105284,2505.06923818006,TRUE
"fremtpl2_severity_raw","random",19,"seeds","WPMM2",1,2.5,"full","blocked",NA,717.087860833679,3231.62286113573,42517.0188231179,2336.99727067736,TRUE
"fremtpl2_severity_raw","random",20,"seeds","WPMM2",1,2.5,"full","blocked",NA,628.955733677675,2590.43339890565,44672.8354254922,2018.72299813888,TRUE
"fremtpl2_severity_raw","random",21,"seeds","WPMM2",1,2.5,"full","blocked",NA,743.276707188373,3230.66365132483,42659.7282522367,2732.00538775737,TRUE
"fremtpl2_severity_raw","random",22,"seeds","WPMM2",1,2.5,"full","blocked",NA,699.855129829966,1680.99619677295,10874.6358917268,2305.92409338741,TRUE
"fremtpl2_severity_raw","random",23,"seeds","WPMM2",1,2.5,"full","blocked",NA,697.305132615353,2369.64648472678,15058.5461394583,2511.81817730256,TRUE
"fremtpl2_severity_raw","random",24,"seeds","WPMM2",1,2.5,"full","blocked",NA,688.406206207684,2898.1440866987,45301.2127286353,2264.14490261625,TRUE
"fremtpl2_severity_raw","random",25,"seeds","WPMM2",1,2.5,"full","blocked",NA,701.099206547985,1837.74053701052,11178.0857374648,2296.65119475235,TRUE
"fremtpl2_severity_raw","random",26,"seeds","WPMM2",1,2.5,"full","blocked",NA,752.50277464443,3086.14885100525,44989.0274890602,2652.35109458643,TRUE
"fremtpl2_severity_raw","random",27,"seeds","WPMM2",1,2.5,"full","blocked",NA,655.596952797201,1647.73198728178,9431.97081706539,2227.77893397001,TRUE
"fremtpl2_severity_raw","random",28,"seeds","WPMM2",1,2.5,"full","blocked",NA,668.517737647023,3045.70317078306,42404.2845634989,2141.7969545378,TRUE
"fremtpl2_severity_raw","random",29,"seeds","WPMM2",1,2.5,"full","blocked",NA,616.477917764693,1569.63913572963,10691.701510523,1825.66994735683,TRUE
"fremtpl2_severity_raw","random",30,"seeds","WPMM2",1,2.5,"full","blocked",NA,663.469333755607,2319.10469730839,13370.3979319265,2236.44272199421,TRUE
"fremtpl2_severity_raw","random",1,"seeds","WPMM2",2,2.5,"full","blocked",NA,713.854150226333,2916.71703907298,45052.6382202475,2262.67445069295,TRUE
"fremtpl2_severity_raw","random",2,"seeds","WPMM2",2,2.5,"full","blocked",NA,647.981357771056,1655.3257494298,10496.4032573017,2150.44923373954,TRUE
"fremtpl2_severity_raw","random",3,"seeds","WPMM2",2,2.5,"full","blocked",NA,651.759846540336,4099.92522749847,60895.3330438681,2212.79960055992,TRUE
"fremtpl2_severity_raw","random",4,"seeds","WPMM2",2,2.5,"full","blocked",NA,684.580465506683,1407.54119977475,6251.02464191541,2246.55834396015,TRUE
"fremtpl2_severity_raw","random",5,"seeds","WPMM2",2,2.5,"full","blocked",NA,675.104525085944,1953.86482485629,11823.2787527524,2273.43868037943,TRUE
"fremtpl2_severity_raw","random",6,"seeds","WPMM2",2,2.5,"full","blocked",NA,722.482554999969,2027.73835801788,12010.0737831021,2480.50082005403,TRUE
"fremtpl2_severity_raw","random",7,"seeds","WPMM2",2,2.5,"full","blocked",NA,744.294688508143,3008.51456299538,45073.1512713255,2508.85543150483,TRUE
"fremtpl2_severity_raw","random",8,"seeds","WPMM2",2,2.5,"full","blocked",NA,796.043311019982,2067.61195657712,11577.8628866888,2729.28765198559,TRUE
"fremtpl2_severity_raw","random",9,"seeds","WPMM2",2,2.5,"full","blocked",NA,731.914533196092,1518.27247335108,7844.69495876993,2504.74456990165,TRUE
"fremtpl2_severity_raw","random",10,"seeds","WPMM2",2,2.5,"full","blocked",NA,712.36552307803,3142.35845398018,42760.9755639402,2436.63504418042,TRUE
"fremtpl2_severity_raw","random",11,"seeds","WPMM2",2,2.5,"full","blocked",NA,717.380485391431,2983.56633804169,45050.0876924623,2551.59048693697,TRUE
"fremtpl2_severity_raw","random",12,"seeds","WPMM2",2,2.5,"full","blocked",NA,733.778294813311,1850.88129053893,12145.5155395437,2377.98590553333,TRUE
"fremtpl2_severity_raw","random",13,"seeds","WPMM2",2,2.5,"full","blocked",NA,713.022287792529,3938.94923966666,60613.3606098295,2352.00365383362,TRUE
"fremtpl2_severity_raw","random",14,"seeds","WPMM2",2,2.5,"full","blocked",NA,694.857256313223,3143.72466248706,45663.6877647496,2334.11414174963,TRUE
"fremtpl2_severity_raw","random",15,"seeds","WPMM2",2,2.5,"full","blocked",NA,665.664524655023,1617.90235386161,8113.68473016842,2063.62408912032,TRUE
"fremtpl2_severity_raw","random",16,"seeds","WPMM2",2,2.5,"full","blocked",NA,655.764927251477,2062.41369425589,13334.5795943616,2167.14970358356,TRUE
"fremtpl2_severity_raw","random",17,"seeds","WPMM2",2,2.5,"full","blocked",NA,699.868092175949,4281.15205090358,61220.5772081509,2353.93071795663,TRUE
"fremtpl2_severity_raw","random",18,"seeds","WPMM2",2,2.5,"full","blocked",NA,688.677581224159,3333.43709320161,45761.873392944,2440.6390183796,TRUE
"fremtpl2_severity_raw","random",19,"seeds","WPMM2",2,2.5,"full","blocked",NA,714.892948937573,3229.89588432374,42514.2588808871,2345.39189238065,TRUE
"fremtpl2_severity_raw","random",20,"seeds","WPMM2",2,2.5,"full","blocked",NA,630.652826487837,2598.02461430474,44673.5685693363,2023.48226122631,TRUE
"fremtpl2_severity_raw","random",21,"seeds","WPMM2",2,2.5,"full","blocked",NA,751.602149367087,3238.48027193949,42662.1020287053,2837.32529344391,TRUE
"fremtpl2_severity_raw","random",22,"seeds","WPMM2",2,2.5,"full","blocked",NA,695.387026451836,1665.59142081902,10866.8162655001,2264.82536349532,TRUE
"fremtpl2_severity_raw","random",23,"seeds","WPMM2",2,2.5,"full","blocked",NA,698.410908277341,2372.34165370009,15062.5141246639,2591.79692796712,TRUE
"fremtpl2_severity_raw","random",24,"seeds","WPMM2",2,2.5,"full","blocked",NA,685.547538887282,2894.91302844648,45301.5717327182,2282.65406367616,TRUE
"fremtpl2_severity_raw","random",25,"seeds","WPMM2",2,2.5,"full","blocked",NA,700.246171090915,1840.15369103551,11177.9898254434,2287.03802100893,TRUE
"fremtpl2_severity_raw","random",26,"seeds","WPMM2",2,2.5,"full","blocked",NA,754.623907553227,3087.69322446585,44987.0732032099,2693.26398820465,TRUE
"fremtpl2_severity_raw","random",27,"seeds","WPMM2",2,2.5,"full","blocked",NA,657.89716560178,1656.04364607283,9434.62299903967,2198.73991136067,TRUE
"fremtpl2_severity_raw","random",28,"seeds","WPMM2",2,2.5,"full","blocked",NA,666.802797413408,3043.94575953323,42403.8891621097,2124.35698538712,TRUE
"fremtpl2_severity_raw","random",29,"seeds","WPMM2",2,2.5,"full","blocked",NA,622.696535819281,1580.92036507965,10700.1971846608,1886.89671920087,TRUE
"fremtpl2_severity_raw","random",30,"seeds","WPMM2",2,2.5,"full","blocked",NA,666.076739818591,2320.10795194271,13367.3036686158,2220.57203300828,TRUE
"fremtpl2_severity_raw","random",1,"seeds","WPMM3",1,2.5,"full","blocked",NA,697.912468540801,2871.92493739144,45049.2214206422,2151.14748063385,TRUE
"fremtpl2_severity_raw","random",2,"seeds","WPMM3",1,2.5,"full","blocked",NA,637.909824053772,1619.14814251861,10480.5906807207,2014.65058396808,TRUE
"fremtpl2_severity_raw","random",3,"seeds","WPMM3",1,2.5,"full","blocked",NA,644.417513231384,4063.96288835987,60888.9605825626,2113.12852925608,TRUE
"fremtpl2_severity_raw","random",4,"seeds","WPMM3",1,2.5,"full","blocked",NA,681.541601354286,1381.46541916835,6253.37613731286,2136.75343067264,TRUE
"fremtpl2_severity_raw","random",5,"seeds","WPMM3",1,2.5,"full","blocked",NA,662.235282827215,1914.25142070006,11809.8863149888,2163.84939310656,TRUE
"fremtpl2_severity_raw","random",6,"seeds","WPMM3",1,2.5,"full","blocked",NA,715.212547005333,1995.35877284254,11994.797897298,2420.47760506158,TRUE
"fremtpl2_severity_raw","random",7,"seeds","WPMM3",1,2.5,"full","blocked",NA,727.630226751802,3027.99004697316,45107.0264022922,2344.96614571331,TRUE
"fremtpl2_severity_raw","random",8,"seeds","WPMM3",1,2.5,"full","blocked",NA,777.572896778914,2030.93240285849,11558.7718101425,2649.02641075486,TRUE
"fremtpl2_severity_raw","random",9,"seeds","WPMM3",1,2.5,"full","blocked",NA,712.414375264511,1480.60263132233,7827.84930134503,2420.54624260025,TRUE
"fremtpl2_severity_raw","random",10,"seeds","WPMM3",1,2.5,"full","blocked",NA,704.65424691367,3114.89035589356,42755.5264521561,2355.04164197735,TRUE
"fremtpl2_severity_raw","random",11,"seeds","WPMM3",1,2.5,"full","blocked",NA,716.327402274833,2962.9627166186,45046.5212541705,2536.41564773721,TRUE
"fremtpl2_severity_raw","random",12,"seeds","WPMM3",1,2.5,"full","blocked",NA,716.409062403509,1819.15663874941,12134.1396589886,2292.506664358,TRUE
"fremtpl2_severity_raw","random",13,"seeds","WPMM3",1,2.5,"full","blocked",NA,692.712570985417,3897.99164643794,60604.0701369482,2283.17469915434,TRUE
"fremtpl2_severity_raw","random",14,"seeds","WPMM3",1,2.5,"full","blocked",NA,669.026035733323,3093.3653296006,45656.686920232,2155.40193100807,TRUE
"fremtpl2_severity_raw","random",15,"seeds","WPMM3",1,2.5,"full","blocked",NA,659.453004664,1588.0103070118,8091.16806388015,1933.28193093947,TRUE
"fremtpl2_severity_raw","random",16,"seeds","WPMM3",1,2.5,"full","blocked",NA,645.851208143716,2025.8292507609,13319.1809577067,2059.83170942913,TRUE
"fremtpl2_severity_raw","random",17,"seeds","WPMM3",1,2.5,"full","blocked",NA,688.76536370863,4263.11103836136,61211.245180769,2189.08784902413,TRUE
"fremtpl2_severity_raw","random",18,"seeds","WPMM3",1,2.5,"full","blocked",NA,680.605406043703,3298.57458788242,45755.7504677998,2370.72097772575,TRUE
"fremtpl2_severity_raw","random",19,"seeds","WPMM3",1,2.5,"full","blocked",NA,699.097484657195,3191.44513976726,42507.5008874848,2245.31211190474,TRUE
"fremtpl2_severity_raw","random",20,"seeds","WPMM3",1,2.5,"full","blocked",NA,628.40723256453,2564.61114638634,44667.0026250482,1885.70710082835,TRUE
"fremtpl2_severity_raw","random",21,"seeds","WPMM3",1,2.5,"full","blocked",NA,734.801172490252,3197.51746629141,42656.0721427349,2657.7719429945,TRUE
"fremtpl2_severity_raw","random",22,"seeds","WPMM3",1,2.5,"full","blocked",NA,688.375843753994,1638.5948446875,10856.7258902999,2133.03658700354,TRUE
"fremtpl2_severity_raw","random",23,"seeds","WPMM3",1,2.5,"full","blocked",NA,687.7922131334,2336.18892905235,15045.8858670085,2467.77421844025,TRUE
"fremtpl2_severity_raw","random",24,"seeds","WPMM3",1,2.5,"full","blocked",NA,677.360873522038,2869.76946207165,45297.2880390398,2195.706821653,TRUE
"fremtpl2_severity_raw","random",25,"seeds","WPMM3",1,2.5,"full","blocked",NA,685.797596586055,1800.26094913167,11156.2163849478,2131.31503470121,TRUE
"fremtpl2_severity_raw","random",26,"seeds","WPMM3",1,2.5,"full","blocked",NA,736.370921876367,3057.99825099916,44983.6356154762,2466.59489026422,TRUE
"fremtpl2_severity_raw","random",27,"seeds","WPMM3",1,2.5,"full","blocked",NA,642.279925966786,1611.23332827497,9415.68556136653,2049.78788601948,TRUE
"fremtpl2_severity_raw","random",28,"seeds","WPMM3",1,2.5,"full","blocked",NA,657.051547220158,3006.2975556567,42393.9890291288,1997.47155226252,TRUE
"fremtpl2_severity_raw","random",29,"seeds","WPMM3",1,2.5,"full","blocked",NA,617.632550804186,1542.76887929531,10685.053657404,1756.77466647416,TRUE
"fremtpl2_severity_raw","random",30,"seeds","WPMM3",1,2.5,"full","blocked",NA,660.263137870136,2290.97395592447,13351.538824015,2178.89214418607,TRUE
"fremtpl2_severity_raw","random",1,"seeds","WPMM3",2,2.5,"full","blocked",NA,702.030853906434,2890.29757359576,45049.1891957239,2167.95309055631,TRUE
"fremtpl2_severity_raw","random",2,"seeds","WPMM3",2,2.5,"full","blocked",NA,636.985412314005,1622.19864364362,10480.3237747658,2021.15120596258,TRUE
"fremtpl2_severity_raw","random",3,"seeds","WPMM3",2,2.5,"full","blocked",NA,643.34977314663,4065.14166582889,60892.4985051835,2129.2366702849,TRUE
"fremtpl2_severity_raw","random",4,"seeds","WPMM3",2,2.5,"full","blocked",NA,672.398745728478,1374.82727638218,6231.6134223791,2147.26609752602,TRUE
"fremtpl2_severity_raw","random",5,"seeds","WPMM3",2,2.5,"full","blocked",NA,674.443331725336,1934.56166659244,11816.2198448816,2214.27680428203,TRUE
"fremtpl2_severity_raw","random",6,"seeds","WPMM3",2,2.5,"full","blocked",NA,712.905089544066,1999.95936921594,11996.0488572702,2419.89408132927,TRUE
"fremtpl2_severity_raw","random",7,"seeds","WPMM3",2,2.5,"full","blocked",NA,728.107189917672,2989.10439395009,45066.5501466955,2371.08698746477,TRUE
"fremtpl2_severity_raw","random",8,"seeds","WPMM3",2,2.5,"full","blocked",NA,779.210865444834,2028.03386522907,11559.1214050039,2621.96217581045,TRUE
"fremtpl2_severity_raw","random",9,"seeds","WPMM3",2,2.5,"full","blocked",NA,712.307044605485,1478.76958451253,7831.4171305128,2437.26216474797,TRUE
"fremtpl2_severity_raw","random",10,"seeds","WPMM3",2,2.5,"full","blocked",NA,704.839224163863,3112.64254967036,42755.2539301507,2374.37374677333,TRUE
"fremtpl2_severity_raw","random",11,"seeds","WPMM3",2,2.5,"full","blocked",NA,712.518311573943,2955.53060830117,45045.419118162,2501.44779086517,TRUE
"fremtpl2_severity_raw","random",12,"seeds","WPMM3",2,2.5,"full","blocked",NA,716.104224933924,1813.64093085003,12130.2313553542,2240.2052981182,TRUE
"fremtpl2_severity_raw","random",13,"seeds","WPMM3",2,2.5,"full","blocked",NA,699.426641565509,3900.71708844994,60597.6912796972,2275.79176265724,TRUE
"fremtpl2_severity_raw","random",14,"seeds","WPMM3",2,2.5,"full","blocked",NA,670.901439875113,3098.53377839572,45656.7831428122,2146.16031981165,TRUE
"fremtpl2_severity_raw","random",15,"seeds","WPMM3",2,2.5,"full","blocked",NA,655.575819947244,1587.03620411311,8094.49922925366,1985.16988412444,TRUE
"fremtpl2_severity_raw","random",16,"seeds","WPMM3",2,2.5,"full","blocked",NA,645.166620893955,2021.32087816472,13311.0342173243,1995.99205219646,TRUE
"fremtpl2_severity_raw","random",17,"seeds","WPMM3",2,2.5,"full","blocked",NA,684.018702482095,4243.03675475849,61214.8619215618,2189.43483489853,TRUE
"fremtpl2_severity_raw","random",18,"seeds","WPMM3",2,2.5,"full","blocked",NA,679.795511228271,3303.75764531766,45757.2080254265,2387.077627565,TRUE
"fremtpl2_severity_raw","random",19,"seeds","WPMM3",2,2.5,"full","blocked",NA,693.542557211069,3188.08068799073,42506.1258619175,2198.92433506867,TRUE
"fremtpl2_severity_raw","random",20,"seeds","WPMM3",2,2.5,"full","blocked",NA,627.48969690188,2559.89117505967,44663.961705518,1888.61974023278,TRUE
"fremtpl2_severity_raw","random",21,"seeds","WPMM3",2,2.5,"full","blocked",NA,738.31460641249,3209.52568003911,42655.0773140683,2703.94415736413,TRUE
"fremtpl2_severity_raw","random",22,"seeds","WPMM3",2,2.5,"full","blocked",NA,681.975073202145,1639.13115283454,10854.8607182818,2147.48525341903,TRUE
"fremtpl2_severity_raw","random",23,"seeds","WPMM3",2,2.5,"full","blocked",NA,687.561551276586,2334.50681040417,15043.5498772992,2381.889538302,TRUE
"fremtpl2_severity_raw","random",24,"seeds","WPMM3",2,2.5,"full","blocked",NA,677.03391421323,2865.24134121883,45294.5617181728,2136.34132226081,TRUE
"fremtpl2_severity_raw","random",25,"seeds","WPMM3",2,2.5,"full","blocked",NA,688.536315752297,1805.78541227428,11162.3003919364,2180.58390526059,TRUE
"fremtpl2_severity_raw","random",26,"seeds","WPMM3",2,2.5,"full","blocked",NA,729.383212320385,3047.85288676472,44981.4281390827,2539.93423325671,TRUE
"fremtpl2_severity_raw","random",27,"seeds","WPMM3",2,2.5,"full","blocked",NA,649.798129332084,1621.09555857619,9422.33463365734,2088.42353186199,TRUE
"fremtpl2_severity_raw","random",28,"seeds","WPMM3",2,2.5,"full","blocked",NA,654.053749241613,3004.75093140146,42394.5437895397,2039.00492375355,TRUE
"fremtpl2_severity_raw","random",29,"seeds","WPMM3",2,2.5,"full","blocked",NA,614.557492763724,1540.92343515643,10685.9658161687,1767.38696065497,TRUE
"fremtpl2_severity_raw","random",30,"seeds","WPMM3",2,2.5,"full","blocked",NA,655.363729985733,2286.31946171923,13350.5096202635,2146.07502622035,TRUE
"fremtpl2_severity_raw","random",1,"seeds","LSE",1,2.5,"full","blocked",NA,1459.92374132507,3713.28673560157,45028.8639793675,3119.46336340373,TRUE
"fremtpl2_severity_raw","random",2,"seeds","LSE",1,2.5,"full","blocked",NA,2891.45936884204,3621.98819876606,10575.1049290293,4077.77196249206,TRUE
"fremtpl2_severity_raw","random",3,"seeds","LSE",1,2.5,"full","blocked",NA,1518.11439737193,4828.29798717036,60837.3603448321,3111.43911561134,TRUE
"fremtpl2_severity_raw","random",4,"seeds","LSE",1,2.5,"full","blocked",NA,2003.42336021193,3317.3237369673,10620.8779964081,4469.29477068565,TRUE
"fremtpl2_severity_raw","random",5,"seeds","LSE",1,2.5,"full","blocked",NA,2463.53151943928,3497.89064723004,11791.7455069263,4109.18980898863,TRUE
"fremtpl2_severity_raw","random",6,"seeds","LSE",1,2.5,"full","blocked",NA,1911.46166971143,4287.66679246456,18944.9238917482,5038.02166220723,TRUE
"fremtpl2_severity_raw","random",7,"seeds","LSE",1,2.5,"full","blocked",NA,1300.18768863695,3563.62829885359,45046.9387743296,3148.16959517384,TRUE
"fremtpl2_severity_raw","random",8,"seeds","LSE",1,2.5,"full","blocked",NA,1767.43985446516,3330.25235905678,12096.4625050832,4628.19315144034,TRUE
"fremtpl2_severity_raw","random",9,"seeds","LSE",1,2.5,"full","blocked",NA,2365.64797180518,3634.08713333904,9512.64031606295,6210.42741398697,TRUE
"fremtpl2_severity_raw","random",10,"seeds","LSE",1,2.5,"full","blocked",NA,2174.34205735545,4366.16234201689,42696.8404984474,3370.0291903687,TRUE
"fremtpl2_severity_raw","random",11,"seeds","LSE",1,2.5,"full","blocked",NA,2398.12843934271,4297.17158028719,45010.8280202965,5156.22572280953,TRUE
"fremtpl2_severity_raw","random",12,"seeds","LSE",1,2.5,"full","blocked",NA,2378.89014417765,3987.79847442213,13436.21290079,7071.8326332794,TRUE
"fremtpl2_severity_raw","random",13,"seeds","LSE",1,2.5,"full","blocked",NA,1767.77267124761,4872.76674674146,60531.0025945041,3544.13295522879,TRUE
"fremtpl2_severity_raw","random",14,"seeds","LSE",1,2.5,"full","blocked",NA,1932.45788921316,4330.10015460151,45869.2183292769,6037.79202621007,TRUE
"fremtpl2_severity_raw","random",15,"seeds","LSE",1,2.5,"full","blocked",NA,2864.53803771296,3522.22549692329,8252.23868852112,4552.98881632652,TRUE
"fremtpl2_severity_raw","random",16,"seeds","LSE",1,2.5,"full","blocked",NA,2735.35459941006,3819.47925218088,13304.6396076534,3953.92931933843,TRUE
"fremtpl2_severity_raw","random",17,"seeds","LSE",1,2.5,"full","blocked",NA,1818.068314422,5240.8117560861,61128.0611910611,3013.32661604963,TRUE
"fremtpl2_severity_raw","random",18,"seeds","LSE",1,2.5,"full","blocked",NA,1338.64230611991,3980.93782129201,45648.8624043871,3341.94359212711,TRUE
"fremtpl2_severity_raw","random",19,"seeds","LSE",1,2.5,"full","blocked",NA,1544.84459013898,4067.58813177673,42426.0880969225,3649.29786216671,TRUE
"fremtpl2_severity_raw","random",20,"seeds","LSE",1,2.5,"full","blocked",NA,2335.99452440355,4060.19590434423,44613.7927494226,3618.84145535715,TRUE
"fremtpl2_severity_raw","random",21,"seeds","LSE",1,2.5,"full","blocked",NA,1495.95488088769,3943.69837187955,42487.1940886497,3195.36669366872,TRUE
"fremtpl2_severity_raw","random",22,"seeds","LSE",1,2.5,"full","blocked",NA,1665.09119268347,3584.79599621086,13232.7523532603,4427.13994151961,TRUE
"fremtpl2_severity_raw","random",23,"seeds","LSE",1,2.5,"full","blocked",NA,1987.40556851555,4372.03399750363,16406.8686936786,6780.67635710057,TRUE
"fremtpl2_severity_raw","random",24,"seeds","LSE",1,2.5,"full","blocked",NA,1422.73896085339,3624.95245078237,45109.6774586133,3225.14227619246,TRUE
"fremtpl2_severity_raw","random",25,"seeds","LSE",1,2.5,"full","blocked",NA,1589.21982406769,4127.62258466486,14479.89256464,4463.16002231165,TRUE
"fremtpl2_severity_raw","random",26,"seeds","LSE",1,2.5,"full","blocked",NA,1434.86340457185,3784.36856361975,44773.3149604608,4330.87709495275,TRUE
"fremtpl2_severity_raw","random",27,"seeds","LSE",1,2.5,"full","blocked",NA,2778.59399001162,3465.62129306704,9506.40974687881,4017.59702560819,TRUE
"fremtpl2_severity_raw","random",28,"seeds","LSE",1,2.5,"full","blocked",NA,1378.1508118631,3669.3402635861,42181.5486110231,3115.60048768742,TRUE
"fremtpl2_severity_raw","random",29,"seeds","LSE",1,2.5,"full","blocked",NA,1715.58523595042,3424.76588626311,12253.4817196133,5048.77319611674,TRUE
"fremtpl2_severity_raw","random",30,"seeds","LSE",1,2.5,"full","blocked",NA,2719.71759421666,3993.63588885461,13320.9033972476,4690.51092647574,TRUE
"fremtpl2_severity_raw","random",1,"seeds","LSE",2,2.5,"full","blocked",NA,2067.45785744997,4037.15441038783,44980.8718024157,3300.78707715134,TRUE
"fremtpl2_severity_raw","random",2,"seeds","LSE",2,2.5,"full","blocked",NA,2768.82421219852,4586.22258271034,12702.5549681337,7254.23739280867,TRUE
"fremtpl2_severity_raw","random",3,"seeds","LSE",2,2.5,"full","blocked",NA,1477.54960134729,4757.71626479847,60791.5855522079,2853.47716563028,TRUE
"fremtpl2_severity_raw","random",4,"seeds","LSE",2,2.5,"full","blocked",NA,1879.73077820679,3180.26001572424,9169.1755236388,3554.17457043152,TRUE
"fremtpl2_severity_raw","random",5,"seeds","LSE",2,2.5,"full","blocked",NA,3037.41460096067,4777.25329064981,14182.1049482274,7021.32027199905,TRUE
"fremtpl2_severity_raw","random",6,"seeds","LSE",2,2.5,"full","blocked",NA,1892.94999496893,3866.90730655791,16290.2357528963,4350.37547023435,TRUE
"fremtpl2_severity_raw","random",7,"seeds","LSE",2,2.5,"full","blocked",NA,1337.28430445779,3456.85966722174,45005.3946985956,2557.84301883188,TRUE
"fremtpl2_severity_raw","random",8,"seeds","LSE",2,2.5,"full","blocked",NA,1704.48028520598,3541.21456622433,12652.0812320641,4204.9685201963,TRUE
"fremtpl2_severity_raw","random",9,"seeds","LSE",2,2.5,"full","blocked",NA,1872.08375395175,3446.04452380955,10715.0088099858,4205.51717936705,TRUE
"fremtpl2_severity_raw","random",10,"seeds","LSE",2,2.5,"full","blocked",NA,2032.9959076442,4355.86495872448,42710.0418410213,5230.26750793738,TRUE
"fremtpl2_severity_raw","random",11,"seeds","LSE",2,2.5,"full","blocked",NA,1660.90068873121,3727.78513683221,44893.0583901434,3983.3495909303,TRUE
"fremtpl2_severity_raw","random",12,"seeds","LSE",2,2.5,"full","blocked",NA,1356.87544853659,2487.68182421286,12256.5000735995,3971.04108508456,TRUE
"fremtpl2_severity_raw","random",13,"seeds","LSE",2,2.5,"full","blocked",NA,1813.53618170198,4856.14793225352,60495.9407448517,3256.14203586289,TRUE
"fremtpl2_severity_raw","random",14,"seeds","LSE",2,2.5,"full","blocked",NA,2205.5230567359,4501.34990220592,45623.8458074634,5387.57757595008,TRUE
"fremtpl2_severity_raw","random",15,"seeds","LSE",2,2.5,"full","blocked",NA,4529.51527709454,10959.7173767968,91870.120721967,10332.6499057886,TRUE
"fremtpl2_severity_raw","random",16,"seeds","LSE",2,2.5,"full","blocked",NA,1911.73575214802,4140.80357346741,15930.2644897808,4866.84032680668,TRUE
"fremtpl2_severity_raw","random",17,"seeds","LSE",2,2.5,"full","blocked",NA,1429.11705349155,5022.25470353857,60979.1365059775,3786.45603812139,TRUE
"fremtpl2_severity_raw","random",18,"seeds","LSE",2,2.5,"full","blocked",NA,1515.36573751551,3923.27602734099,45629.9848923815,3349.29290101888,TRUE
"fremtpl2_severity_raw","random",19,"seeds","LSE",2,2.5,"full","blocked",NA,1948.15688626564,4193.456537697,42486.8370907374,3742.13227021895,TRUE
"fremtpl2_severity_raw","random",20,"seeds","LSE",2,2.5,"full","blocked",NA,2115.91069114068,3866.39476433466,44634.7339434622,3523.60832739423,TRUE
"fremtpl2_severity_raw","random",21,"seeds","LSE",2,2.5,"full","blocked",NA,2223.27013168722,4394.76782979778,42539.1539730001,4889.19898092329,TRUE
"fremtpl2_severity_raw","random",22,"seeds","LSE",2,2.5,"full","blocked",NA,1607.20938594497,3579.4095274678,15621.0407038075,4159.21666076153,TRUE
"fremtpl2_severity_raw","random",23,"seeds","LSE",2,2.5,"full","blocked",NA,2573.05681874087,3923.910912586,14965.1089201492,3804.45658872518,TRUE
"fremtpl2_severity_raw","random",24,"seeds","LSE",2,2.5,"full","blocked",NA,1493.61641031688,3607.35779094074,45139.633571598,4000.5329082134,TRUE
"fremtpl2_severity_raw","random",25,"seeds","LSE",2,2.5,"full","blocked",NA,1636.90098017881,4144.85754957992,15711.2657496036,4484.87141220734,TRUE
"fremtpl2_severity_raw","random",26,"seeds","LSE",2,2.5,"full","blocked",NA,1950.7825013812,4109.17736424008,44948.9264010781,5696.84103000901,TRUE
"fremtpl2_severity_raw","random",27,"seeds","LSE",2,2.5,"full","blocked",NA,1244.52013763317,2169.95889002282,9422.37395909891,3080.04847360652,TRUE
"fremtpl2_severity_raw","random",28,"seeds","LSE",2,2.5,"full","blocked",NA,1946.52961702457,3964.02519359921,42334.1404427643,4697.46612428015,TRUE
"fremtpl2_severity_raw","random",29,"seeds","LSE",2,2.5,"full","blocked",NA,2019.57147159944,3754.08549461055,12694.0011530737,4877.38694566465,TRUE
"fremtpl2_severity_raw","random",30,"seeds","LSE",2,2.5,"full","blocked",NA,2162.60503155192,3947.91761839815,13955.1594850126,6376.81087798057,TRUE
"fremtpl2_severity_raw","random",1,"seeds","ridge-LSE",1,2.5,"full","blocked",NA,1332.17880143545,3979.22559919998,45703.29065678,3317.27213589579,TRUE
"fremtpl2_severity_raw","random",2,"seeds","ridge-LSE",1,2.5,"full","blocked",NA,3012.34616392074,3628.22424286536,10790.331616455,7438.2763552327,TRUE
"fremtpl2_severity_raw","random",3,"seeds","ridge-LSE",1,2.5,"full","blocked",NA,1310.4410848224,4659.32171226781,60866.7109309563,3143.94823711887,TRUE
"fremtpl2_severity_raw","random",4,"seeds","ridge-LSE",1,2.5,"full","blocked",NA,1460.15992650039,2339.83694520917,6902.00433605447,4570.57489032771,TRUE
"fremtpl2_severity_raw","random",5,"seeds","ridge-LSE",1,2.5,"full","blocked",NA,2065.11597462767,3804.855250663,13347.0783369772,6508.78910829246,TRUE
"fremtpl2_severity_raw","random",6,"seeds","ridge-LSE",1,2.5,"full","blocked",NA,2215.32600037518,3987.07503429604,13169.8546791751,5556.41984724542,TRUE
"fremtpl2_severity_raw","random",7,"seeds","ridge-LSE",1,2.5,"full","blocked",NA,2188.21769447197,4237.07810962798,45011.2412296795,3352.17223347962,TRUE
"fremtpl2_severity_raw","random",8,"seeds","ridge-LSE",1,2.5,"full","blocked",NA,2756.90772701885,3734.09202012351,11522.557302858,3959.64041009045,TRUE
"fremtpl2_severity_raw","random",9,"seeds","ridge-LSE",1,2.5,"full","blocked",NA,1577.44974924287,3028.00127090721,9747.40729925024,4196.05383294884,TRUE
"fremtpl2_severity_raw","random",10,"seeds","ridge-LSE",1,2.5,"full","blocked",NA,1369.90065890285,4040.68362718039,43744.6996423882,3551.12622590563,TRUE
"fremtpl2_severity_raw","random",11,"seeds","ridge-LSE",1,2.5,"full","blocked",NA,1641.75077834056,3668.50726312771,44972.2164742879,3717.75284499635,TRUE
"fremtpl2_severity_raw","random",12,"seeds","ridge-LSE",1,2.5,"full","blocked",NA,1730.80229477566,3373.87264791056,12994.639562411,5439.56123194524,TRUE
"fremtpl2_severity_raw","random",13,"seeds","ridge-LSE",1,2.5,"full","blocked",NA,1746.98258879274,4827.57261583169,60435.003605156,3804.01515293516,TRUE
"fremtpl2_severity_raw","random",14,"seeds","ridge-LSE",1,2.5,"full","blocked",NA,1573.35096217509,4144.1193988002,45552.9170577274,5128.45051581722,TRUE
"fremtpl2_severity_raw","random",15,"seeds","ridge-LSE",1,2.5,"full","blocked",NA,2877.08136901303,3560.96321677523,8254.1616885519,4478.67675293885,TRUE
"fremtpl2_severity_raw","random",16,"seeds","ridge-LSE",1,2.5,"full","blocked",NA,1696.55760279313,4081.33191151697,15719.9080182866,4577.8579115685,TRUE
"fremtpl2_severity_raw","random",17,"seeds","ridge-LSE",1,2.5,"full","blocked",NA,1202.62915797642,4736.75427680844,61170.1064218011,2415.68471353575,TRUE
"fremtpl2_severity_raw","random",18,"seeds","ridge-LSE",1,2.5,"full","blocked",NA,1955.05729737377,4389.46739326976,45676.6725768037,2940.10415708813,TRUE
"fremtpl2_severity_raw","random",19,"seeds","ridge-LSE",1,2.5,"full","blocked",NA,1414.14918250078,3895.85444169165,42450.7886225874,2975.29696625924,TRUE
"fremtpl2_severity_raw","random",20,"seeds","ridge-LSE",1,2.5,"full","blocked",NA,2316.60490759513,4058.37238161231,44637.9514513932,3509.97188309583,TRUE
"fremtpl2_severity_raw","random",21,"seeds","ridge-LSE",1,2.5,"full","blocked",NA,1534.06852763997,3919.840126493,42562.2366237709,3393.7328184448,TRUE
"fremtpl2_severity_raw","random",22,"seeds","ridge-LSE",1,2.5,"full","blocked",NA,2983.94758399716,3641.01909467631,11004.5117745598,4281.54105758323,TRUE
"fremtpl2_severity_raw","random",23,"seeds","ridge-LSE",1,2.5,"full","blocked",NA,2787.9965644763,4108.30568852919,14981.5887810361,4061.1268368656,TRUE
"fremtpl2_severity_raw","random",24,"seeds","ridge-LSE",1,2.5,"full","blocked",NA,1731.73063456177,3944.15166229145,45037.8246064529,4210.94088578307,TRUE
"fremtpl2_severity_raw","random",25,"seeds","ridge-LSE",1,2.5,"full","blocked",NA,2848.81282518215,3728.43515994215,11257.1856338218,4682.56932537647,TRUE
"fremtpl2_severity_raw","random",26,"seeds","ridge-LSE",1,2.5,"full","blocked",NA,2249.13803881685,4345.95954753574,44897.3981601465,3488.46383994994,TRUE
"fremtpl2_severity_raw","random",27,"seeds","ridge-LSE",1,2.5,"full","blocked",NA,2926.3778236661,3628.31763629706,9524.41841201138,4101.73999107702,TRUE
"fremtpl2_severity_raw","random",28,"seeds","ridge-LSE",1,2.5,"full","blocked",NA,2167.9460080354,4249.51271770706,42256.4785406995,4385.55715067614,TRUE
"fremtpl2_severity_raw","random",29,"seeds","ridge-LSE",1,2.5,"full","blocked",NA,1779.49316680744,3306.8572786006,13229.4495517646,4512.64173824447,TRUE
"fremtpl2_severity_raw","random",30,"seeds","ridge-LSE",1,2.5,"full","blocked",NA,2980.94025338997,4215.62631101004,13821.0413573888,10487.94515049,TRUE
"fremtpl2_severity_raw","random",1,"seeds","ridge-LSE",2,2.5,"full","blocked",NA,1203.8519073196,3565.17533067902,45016.6650987807,2692.22452005617,TRUE
"fremtpl2_severity_raw","random",2,"seeds","ridge-LSE",2,2.5,"full","blocked",NA,2686.53029424488,3447.05589399703,10611.8903594104,4587.12075371157,TRUE
"fremtpl2_severity_raw","random",3,"seeds","ridge-LSE",2,2.5,"full","blocked",NA,1329.77333382901,4733.48375349819,60883.7486460444,2853.02805628565,TRUE
"fremtpl2_severity_raw","random",4,"seeds","ridge-LSE",2,2.5,"full","blocked",NA,2337.32982657108,3550.13859354371,8206.32072580841,6238.68881237275,TRUE
"fremtpl2_severity_raw","random",5,"seeds","ridge-LSE",2,2.5,"full","blocked",NA,1833.75999835223,3356.36479650519,12332.3147467583,6729.74889576058,TRUE
"fremtpl2_severity_raw","random",6,"seeds","ridge-LSE",2,2.5,"full","blocked",NA,2175.26619746063,4711.81176229093,24574.153794566,5060.27250465606,TRUE
"fremtpl2_severity_raw","random",7,"seeds","ridge-LSE",2,2.5,"full","blocked",NA,1661.25596917604,3877.31556812005,45019.9442529202,3228.50808836418,TRUE
"fremtpl2_severity_raw","random",8,"seeds","ridge-LSE",2,2.5,"full","blocked",NA,2235.68781913294,4040.76924669235,13260.3810636715,5867.85196206305,TRUE
"fremtpl2_severity_raw","random",9,"seeds","ridge-LSE",2,2.5,"full","blocked",NA,1518.10358697653,2965.23191701553,10051.5153475252,3597.70497342302,TRUE
"fremtpl2_severity_raw","random",10,"seeds","ridge-LSE",2,2.5,"full","blocked",NA,2171.19369929097,4296.35705259496,42712.6917048698,5191.24901916232,TRUE
"fremtpl2_severity_raw","random",11,"seeds","ridge-LSE",2,2.5,"full","blocked",NA,2160.81928906009,4209.23090497151,44991.7297917127,3363.04334789344,TRUE
"fremtpl2_severity_raw","random",12,"seeds","ridge-LSE",2,2.5,"full","blocked",NA,2715.32344072017,3528.75373475969,12177.7111824825,4022.01350840862,TRUE
"fremtpl2_severity_raw","random",13,"seeds","ridge-LSE",2,2.5,"full","blocked",NA,1418.03487224607,4557.24227416056,60554.3751559687,2890.48519319616,TRUE
"fremtpl2_severity_raw","random",14,"seeds","ridge-LSE",2,2.5,"full","blocked",NA,1449.52880042597,3764.03112080105,45632.0328124221,3480.13824305794,TRUE
"fremtpl2_severity_raw","random",15,"seeds","ridge-LSE",2,2.5,"full","blocked",NA,1331.20764805028,2247.03331118174,7673.29815133726,3184.90934106386,TRUE
"fremtpl2_severity_raw","random",16,"seeds","ridge-LSE",2,2.5,"full","blocked",NA,2762.09832111482,3886.3659828836,13352.7659935386,4855.59154470164,TRUE
"fremtpl2_severity_raw","random",17,"seeds","ridge-LSE",2,2.5,"full","blocked",NA,1445.81467217567,4900.76197504912,61128.5316856848,3128.55980637515,TRUE
"fremtpl2_severity_raw","random",18,"seeds","ridge-LSE",2,2.5,"full","blocked",NA,2176.37638918957,4529.1892705766,45670.8671500389,5197.61089610208,TRUE
"fremtpl2_severity_raw","random",19,"seeds","ridge-LSE",2,2.5,"full","blocked",NA,1419.16640617809,3851.97707781945,42405.31861022,3339.62433264108,TRUE
"fremtpl2_severity_raw","random",20,"seeds","ridge-LSE",2,2.5,"full","blocked",NA,1728.58445965983,3564.41925638513,44550.3912883721,3659.25344248251,TRUE
"fremtpl2_severity_raw","random",21,"seeds","ridge-LSE",2,2.5,"full","blocked",NA,2104.80910059014,4341.56541773453,42517.5513553903,4635.77738739922,TRUE
"fremtpl2_severity_raw","random",22,"seeds","ridge-LSE",2,2.5,"full","blocked",NA,1765.34180083406,3427.46718114558,12484.3067151959,3835.3848760821,TRUE
"fremtpl2_severity_raw","random",23,"seeds","ridge-LSE",2,2.5,"full","blocked",NA,2838.10042591285,4152.11305470069,14984.9735357524,4117.38595192899,TRUE
"fremtpl2_severity_raw","random",24,"seeds","ridge-LSE",2,2.5,"full","blocked",NA,1598.99833125387,3798.14675369024,45101.2160545507,3572.59313470168,TRUE
"fremtpl2_severity_raw","random",25,"seeds","ridge-LSE",2,2.5,"full","blocked",NA,1541.37945259078,4037.8902913391,14376.4376635584,3916.1581928534,TRUE
"fremtpl2_severity_raw","random",26,"seeds","ridge-LSE",2,2.5,"full","blocked",NA,2064.64873917368,4140.9033356616,44938.2469391523,5158.69845331351,TRUE
"fremtpl2_severity_raw","random",27,"seeds","ridge-LSE",2,2.5,"full","blocked",NA,2793.53638213966,3483.86216867782,9507.11023179679,4028.67261538442,TRUE
"fremtpl2_severity_raw","random",28,"seeds","ridge-LSE",2,2.5,"full","blocked",NA,1318.17767489038,3609.66913622655,42236.3237221386,3001.86610825302,TRUE
"fremtpl2_severity_raw","random",29,"seeds","ridge-LSE",2,2.5,"full","blocked",NA,1699.77747362215,3366.27780552298,11983.4737126032,4651.20168831694,TRUE
"fremtpl2_severity_raw","random",30,"seeds","ridge-LSE",2,2.5,"full","blocked",NA,2333.22556078325,4173.47867605089,14175.4931491645,6987.32603467178,TRUE
"fremtpl2_severity_raw","random",1,"seeds","Huber",1,2.5,"full","blocked",NA,706.211898961695,2865.3400089946,45044.1553893874,2121.11078593846,TRUE
"fremtpl2_severity_raw","random",2,"seeds","Huber",1,2.5,"full","blocked",NA,640.959102169554,1615.29899221309,10467.7488170201,1985.99718235677,TRUE
"fremtpl2_severity_raw","random",3,"seeds","Huber",1,2.5,"full","blocked",NA,658.841809011856,4061.40277016237,60880.8217316629,1950.53296910711,TRUE
"fremtpl2_severity_raw","random",4,"seeds","Huber",1,2.5,"full","blocked",NA,677.474258056519,1357.96846674228,6218.69882909599,2060.26065410399,TRUE
"fremtpl2_severity_raw","random",5,"seeds","Huber",1,2.5,"full","blocked",NA,672.867789136901,1924.32753969904,11806.1594579078,2045.21430152361,TRUE
"fremtpl2_severity_raw","random",6,"seeds","Huber",1,2.5,"full","blocked",NA,716.177785775042,1988.12485464953,11978.4223123789,2217.94444913294,TRUE
"fremtpl2_severity_raw","random",7,"seeds","Huber",1,2.5,"full","blocked",NA,722.162134531003,2958.85942930026,45059.9210564995,2219.06486844978,TRUE
"fremtpl2_severity_raw","random",8,"seeds","Huber",1,2.5,"full","blocked",NA,787.0455842182,2038.17207728566,11545.6584197933,2563.8222956865,TRUE
"fremtpl2_severity_raw","random",9,"seeds","Huber",1,2.5,"full","blocked",NA,717.353591797478,1477.50518835414,7819.28503570944,2304.58830985131,TRUE
"fremtpl2_severity_raw","random",10,"seeds","Huber",1,2.5,"full","blocked",NA,702.322013685207,3102.70619121488,42747.1935792329,2296.58664666809,TRUE
"fremtpl2_severity_raw","random",11,"seeds","Huber",1,2.5,"full","blocked",NA,707.809999465843,2949.79504198649,45039.420551139,2412.31092055953,TRUE
"fremtpl2_severity_raw","random",12,"seeds","Huber",1,2.5,"full","blocked",NA,716.31742675775,1797.0637314872,12123.2590504489,2148.71898188975,TRUE
"fremtpl2_severity_raw","random",13,"seeds","Huber",1,2.5,"full","blocked",NA,696.974859420614,3885.68433230397,60591.8520338611,2134.40640256318,TRUE
"fremtpl2_severity_raw","random",14,"seeds","Huber",1,2.5,"full","blocked",NA,676.901813731598,3093.58457283906,45650.5535755891,2104.87635078355,TRUE
"fremtpl2_severity_raw","random",15,"seeds","Huber",1,2.5,"full","blocked",NA,670.768671205435,1585.84308517141,8079.08957994468,1896.71222617608,TRUE
"fremtpl2_severity_raw","random",16,"seeds","Huber",1,2.5,"full","blocked",NA,674.36796697553,2031.99495023685,13293.2060703915,1893.78198482924,TRUE
"fremtpl2_severity_raw","random",17,"seeds","Huber",1,2.5,"full","blocked",NA,703.74903807843,4256.00734720944,61205.0112335853,2083.19973705403,TRUE
"fremtpl2_severity_raw","random",18,"seeds","Huber",1,2.5,"full","blocked",NA,691.738575751624,3303.78985364783,45746.1676842226,2256.05265193026,TRUE
"fremtpl2_severity_raw","random",19,"seeds","Huber",1,2.5,"full","blocked",NA,690.845530577527,3177.28348377522,42497.6283747704,2129.71807638588,TRUE
"fremtpl2_severity_raw","random",20,"seeds","Huber",1,2.5,"full","blocked",NA,633.235000211247,2556.08519536509,44660.1218719768,1786.98026086404,TRUE
"fremtpl2_severity_raw","random",21,"seeds","Huber",1,2.5,"full","blocked",NA,733.471699361396,3185.61354701307,42648.753857611,2509.6328164224,TRUE
"fremtpl2_severity_raw","random",22,"seeds","Huber",1,2.5,"full","blocked",NA,692.430841157635,1643.97754563601,10847.3911790347,2049.88157824689,TRUE
"fremtpl2_severity_raw","random",23,"seeds","Huber",1,2.5,"full","blocked",NA,698.722652140972,2330.99846110627,15034.6515318686,2293.77981763288,TRUE
"fremtpl2_severity_raw","random",24,"seeds","Huber",1,2.5,"full","blocked",NA,684.737977555935,2866.7407709767,45289.0257257966,2033.31766922394,TRUE
"fremtpl2_severity_raw","random",25,"seeds","Huber",1,2.5,"full","blocked",NA,706.788532873596,1801.93482703891,11149.1077289092,2084.52886722838,TRUE
"fremtpl2_severity_raw","random",26,"seeds","Huber",1,2.5,"full","blocked",NA,730.044040277075,3045.60488896713,44969.8593686629,2378.93889345705,TRUE
"fremtpl2_severity_raw","random",27,"seeds","Huber",1,2.5,"full","blocked",NA,654.036360790854,1610.23080365475,9404.15938697516,1926.66316530044,TRUE
"fremtpl2_severity_raw","random",28,"seeds","Huber",1,2.5,"full","blocked",NA,661.975171152642,2994.92298138116,42384.5011950396,1925.97960704515,TRUE
"fremtpl2_severity_raw","random",29,"seeds","Huber",1,2.5,"full","blocked",NA,637.133196720092,1544.46271343197,10679.585957349,1696.15036843242,TRUE
"fremtpl2_severity_raw","random",30,"seeds","Huber",1,2.5,"full","blocked",NA,664.340141450811,2278.20332712782,13340.0953133094,1987.1715331041,TRUE
"fremtpl2_severity_raw","random",1,"seeds","Huber",2,2.5,"full","blocked",NA,702.436430075383,2869.17684458616,45044.0815679309,2045.8328515905,TRUE
"fremtpl2_severity_raw","random",2,"seeds","Huber",2,2.5,"full","blocked",NA,669.744609732293,1619.5945661964,10458.8637729499,1903.51293137678,TRUE
"fremtpl2_severity_raw","random",3,"seeds","Huber",2,2.5,"full","blocked",NA,656.495415474829,4059.37593837086,60880.829190207,1929.18764020769,TRUE
"fremtpl2_severity_raw","random",4,"seeds","Huber",2,2.5,"full","blocked",NA,679.93534793949,1360.89027166803,6220.29165359416,2056.72546045317,TRUE
"fremtpl2_severity_raw","random",5,"seeds","Huber",2,2.5,"full","blocked",NA,671.648544274952,1920.93172774637,11798.4098046267,2109.3168833133,TRUE
"fremtpl2_severity_raw","random",6,"seeds","Huber",2,2.5,"full","blocked",NA,713.923710786885,1985.63076195975,11980.3913804107,2323.41670824998,TRUE
"fremtpl2_severity_raw","random",7,"seeds","Huber",2,2.5,"full","blocked",NA,733.157406902592,2964.79544858941,45060.6221542058,2363.85191447731,TRUE
"fremtpl2_severity_raw","random",8,"seeds","Huber",2,2.5,"full","blocked",NA,781.860268834397,2030.46619648672,11546.3938463431,2582.72717840719,TRUE
"fremtpl2_severity_raw","random",9,"seeds","Huber",2,2.5,"full","blocked",NA,714.507509413296,1472.97629921001,7820.61751066592,2311.64333843225,TRUE
"fremtpl2_severity_raw","random",10,"seeds","Huber",2,2.5,"full","blocked",NA,711.24193197907,3100.65617042317,42746.8287425048,2215.74101472345,TRUE
"fremtpl2_severity_raw","random",11,"seeds","Huber",2,2.5,"full","blocked",NA,726.564821510904,3000.97818546802,45049.6335274305,2558.67200312933,TRUE
"fremtpl2_severity_raw","random",12,"seeds","Huber",2,2.5,"full","blocked",NA,716.111892659017,1800.49032726774,12124.1459346209,2193.05427028604,TRUE
"fremtpl2_severity_raw","random",13,"seeds","Huber",2,2.5,"full","blocked",NA,699.629292495812,3891.74168491181,60589.7421633309,2180.25822567723,TRUE
"fremtpl2_severity_raw","random",14,"seeds","Huber",2,2.5,"full","blocked",NA,676.63097531844,3097.88023475753,45650.6937816319,2067.03141602534,TRUE
"fremtpl2_severity_raw","random",15,"seeds","Huber",2,2.5,"full","blocked",NA,670.551825577202,1586.8125534883,8079.46901716192,1820.10421265156,TRUE
"fremtpl2_severity_raw","random",16,"seeds","Huber",2,2.5,"full","blocked",NA,665.575337209503,2026.1000899012,13294.10822244,1932.59550844443,TRUE
"fremtpl2_severity_raw","random",17,"seeds","Huber",2,2.5,"full","blocked",NA,700.235586145533,4253.81512341134,61203.0770405354,2137.30247931099,TRUE
"fremtpl2_severity_raw","random",18,"seeds","Huber",2,2.5,"full","blocked",NA,692.075481788451,3302.41537274644,45746.8358330707,2223.20704258295,TRUE
"fremtpl2_severity_raw","random",19,"seeds","Huber",2,2.5,"full","blocked",NA,700.507436616158,3180.51398498448,42505.4246544634,2175.68670107586,TRUE
"fremtpl2_severity_raw","random",20,"seeds","Huber",2,2.5,"full","blocked",NA,635.844338758605,2557.25489290998,44659.604381327,1764.51877065708,TRUE
"fremtpl2_severity_raw","random",21,"seeds","Huber",2,2.5,"full","blocked",NA,734.486536046962,3194.70009796907,42646.2597273353,2488.07966237542,TRUE
"fremtpl2_severity_raw","random",22,"seeds","Huber",2,2.5,"full","blocked",NA,684.323822057237,1624.30556732645,10840.6368110526,2182.10949290873,TRUE
"fremtpl2_severity_raw","random",23,"seeds","Huber",2,2.5,"full","blocked",NA,691.02138874852,2331.90523777742,15035.9454830675,2260.48624343507,TRUE
"fremtpl2_severity_raw","random",24,"seeds","Huber",2,2.5,"full","blocked",NA,683.099547259893,2858.81878902291,45289.0444694335,2050.43518418222,TRUE
"fremtpl2_severity_raw","random",25,"seeds","Huber",2,2.5,"full","blocked",NA,694.786921470569,1794.00723142289,11147.7421611975,2053.88579738409,TRUE
"fremtpl2_severity_raw","random",26,"seeds","Huber",2,2.5,"full","blocked",NA,729.628218932842,3042.29751208105,44975.9154939908,2423.17598499199,TRUE
"fremtpl2_severity_raw","random",27,"seeds","Huber",2,2.5,"full","blocked",NA,661.096040658746,1614.58351381071,9408.79798320745,2015.15637435205,TRUE
"fremtpl2_severity_raw","random",28,"seeds","Huber",2,2.5,"full","blocked",NA,664.992599653052,2998.04586955062,42381.5268204471,1887.40828858333,TRUE
"fremtpl2_severity_raw","random",29,"seeds","Huber",2,2.5,"full","blocked",NA,639.609547622835,1545.88824942251,10678.6723991014,1687.8673379105,TRUE
"fremtpl2_severity_raw","random",30,"seeds","Huber",2,2.5,"full","blocked",NA,669.208144346841,2289.07014936508,13340.0038499679,2010.02644670728,TRUE
"fremtpl2_severity_raw","random",1,"seeds","L1",1,2.5,"full","blocked",NA,706.58615387268,2863.34486632158,45047.1191151989,2077.10218536905,TRUE
"fremtpl2_severity_raw","random",2,"seeds","L1",1,2.5,"full","blocked",NA,645.114380720883,1596.40396000686,10472.5768582639,1954.99927817883,TRUE
"fremtpl2_severity_raw","random",3,"seeds","L1",1,2.5,"full","blocked",NA,653.787882314463,4044.2110392379,60886.2856437259,2004.32088575408,TRUE
"fremtpl2_severity_raw","random",4,"seeds","L1",1,2.5,"full","blocked",NA,679.890035311144,1349.51596814034,6220.51306246357,2037.29722693608,TRUE
"fremtpl2_severity_raw","random",5,"seeds","L1",1,2.5,"full","blocked",NA,667.967953322296,1894.74792378526,11799.33071357,2049.97491928232,TRUE
"fremtpl2_severity_raw","random",6,"seeds","L1",1,2.5,"full","blocked",NA,716.526329809842,1973.53773306051,11983.0167944568,2363.94482612055,TRUE
"fremtpl2_severity_raw","random",7,"seeds","L1",1,2.5,"full","blocked",NA,719.912195194635,2939.42609976285,45063.4511387134,2261.40515497252,TRUE
"fremtpl2_severity_raw","random",8,"seeds","L1",1,2.5,"full","blocked",NA,779.936755449011,2010.07707573762,11550.9127833331,2508.87567408301,TRUE
"fremtpl2_severity_raw","random",9,"seeds","L1",1,2.5,"full","blocked",NA,712.634414635803,1455.33009532787,7817.86438015215,2341.19945463959,TRUE
"fremtpl2_severity_raw","random",10,"seeds","L1",1,2.5,"full","blocked",NA,717.1578873592,3098.58975056009,42750.1239439725,2247.77272396111,TRUE
"fremtpl2_severity_raw","random",11,"seeds","L1",1,2.5,"full","blocked",NA,707.575157372524,2934.02682640624,45041.6391478839,2456.87133390987,TRUE
"fremtpl2_severity_raw","random",12,"seeds","L1",1,2.5,"full","blocked",NA,714.475184469433,1785.38555007569,12117.1261234317,2162.0437942977,TRUE
"fremtpl2_severity_raw","random",13,"seeds","L1",1,2.5,"full","blocked",NA,699.970745708564,3876.95656579022,60595.6267899655,2086.63667060799,TRUE
"fremtpl2_severity_raw","random",14,"seeds","L1",1,2.5,"full","blocked",NA,672.786960684272,3075.09955935119,45653.3020683084,2108.87800263803,TRUE
"fremtpl2_severity_raw","random",15,"seeds","L1",1,2.5,"full","blocked",NA,666.014965397068,1568.8034754882,8085.3874441889,1878.16879067632,TRUE
"fremtpl2_severity_raw","random",16,"seeds","L1",1,2.5,"full","blocked",NA,654.871991968236,2005.63044710004,13304.6886325279,1955.41449310508,TRUE
"fremtpl2_severity_raw","random",17,"seeds","L1",1,2.5,"full","blocked",NA,688.898307019411,4224.4805002766,61210.6928336784,2035.34534413988,TRUE
"fremtpl2_severity_raw","random",18,"seeds","L1",1,2.5,"full","blocked",NA,686.9367224067,3278.17769593477,45750.5394145645,2284.20013872243,TRUE
"fremtpl2_severity_raw","random",19,"seeds","L1",1,2.5,"full","blocked",NA,693.391369140793,3163.23031612967,42501.4076998304,2160.33224209772,TRUE
"fremtpl2_severity_raw","random",20,"seeds","L1",1,2.5,"full","blocked",NA,634.360064757907,2539.64468747136,44664.938717974,1850.27888822625,TRUE
"fremtpl2_severity_raw","random",21,"seeds","L1",1,2.5,"full","blocked",NA,738.198189096217,3180.60175124217,42647.3002353433,2541.64804536274,TRUE
"fremtpl2_severity_raw","random",22,"seeds","L1",1,2.5,"full","blocked",NA,687.005852012163,1617.91561621951,10848.8087427506,2082.91946390753,TRUE
"fremtpl2_severity_raw","random",23,"seeds","L1",1,2.5,"full","blocked",NA,690.85254578708,2314.36694850712,15034.2402895027,2267.91268656269,TRUE
"fremtpl2_severity_raw","random",24,"seeds","L1",1,2.5,"full","blocked",NA,683.248599183218,2847.19780927522,45291.886646735,2079.04574644726,TRUE
"fremtpl2_severity_raw","random",25,"seeds","L1",1,2.5,"full","blocked",NA,695.838253390335,1784.29447672079,11154.2627999119,2037.28439634718,TRUE
"fremtpl2_severity_raw","random",26,"seeds","L1",1,2.5,"full","blocked",NA,732.697587825933,3027.86948269325,44977.7040063304,2480.04519650723,TRUE
"fremtpl2_severity_raw","random",27,"seeds","L1",1,2.5,"full","blocked",NA,653.372597516175,1595.95188868061,9408.20065563548,2023.76329226488,TRUE
"fremtpl2_severity_raw","random",28,"seeds","L1",1,2.5,"full","blocked",NA,664.742165806786,2985.46036373529,42390.2370565675,1920.76255552811,TRUE
"fremtpl2_severity_raw","random",29,"seeds","L1",1,2.5,"full","blocked",NA,631.482391417102,1523.58625540014,10676.9637041515,1664.58039010927,TRUE
"fremtpl2_severity_raw","random",30,"seeds","L1",1,2.5,"full","blocked",NA,663.596743025053,2259.74815791723,13340.9503358045,2029.80953090582,TRUE
"fremtpl2_severity_raw","random",1,"seeds","L1",2,2.5,"full","blocked",NA,708.274103225698,2862.48442136913,45046.8902078641,2058.16509383814,TRUE
"fremtpl2_severity_raw","random",2,"seeds","L1",2,2.5,"full","blocked",NA,644.764491082537,1596.05338985829,10472.8723497972,1960.86582351966,TRUE
"fremtpl2_severity_raw","random",3,"seeds","L1",2,2.5,"full","blocked",NA,651.171873903336,4044.26115486465,60888.0693312029,2017.55702853599,TRUE
"fremtpl2_severity_raw","random",4,"seeds","L1",2,2.5,"full","blocked",NA,680.81458918528,1346.78469328582,6221.86643006508,2022.43715102139,TRUE
"fremtpl2_severity_raw","random",5,"seeds","L1",2,2.5,"full","blocked",NA,671.280746722504,1898.01036017936,11797.8243094196,2045.5115100709,TRUE
"fremtpl2_severity_raw","random",6,"seeds","L1",2,2.5,"full","blocked",NA,717.986308997849,1974.63686320406,11984.049127017,2369.55435556034,TRUE
"fremtpl2_severity_raw","random",7,"seeds","L1",2,2.5,"full","blocked",NA,724.034782312842,2963.03294128873,45067.4590482369,2266.35041765878,TRUE
"fremtpl2_severity_raw","random",8,"seeds","L1",2,2.5,"full","blocked",NA,779.170610197236,2007.86999255335,11549.3569254835,2554.17837907506,TRUE
"fremtpl2_severity_raw","random",9,"seeds","L1",2,2.5,"full","blocked",NA,712.066084117043,1454.92184637776,7818.77826614474,2350.12325918334,TRUE
"fremtpl2_severity_raw","random",10,"seeds","L1",2,2.5,"full","blocked",NA,714.916751107704,3097.09871835279,42750.3384105724,2226.30660948018,TRUE
"fremtpl2_severity_raw","random",11,"seeds","L1",2,2.5,"full","blocked",NA,708.039542970346,2934.38873328092,45041.5029846782,2464.41381719084,TRUE
"fremtpl2_severity_raw","random",12,"seeds","L1",2,2.5,"full","blocked",NA,716.536089193351,1788.87460367801,12119.431367883,2177.44487335235,TRUE
"fremtpl2_severity_raw","random",13,"seeds","L1",2,2.5,"full","blocked",NA,697.352068340857,3876.29565501333,60596.2408706216,2104.17771937869,TRUE
"fremtpl2_severity_raw","random",14,"seeds","L1",2,2.5,"full","blocked",NA,675.02540719004,3121.03419643611,45680.0928663117,2101.29223764188,TRUE
"fremtpl2_severity_raw","random",15,"seeds","L1",2,2.5,"full","blocked",NA,665.617699966602,1563.03321136669,8081.98133928182,1874.61575109348,TRUE
"fremtpl2_severity_raw","random",16,"seeds","L1",2,2.5,"full","blocked",NA,654.943768327573,2004.00539532302,13304.6387790744,1958.91229685699,TRUE
"fremtpl2_severity_raw","random",17,"seeds","L1",2,2.5,"full","blocked",NA,686.401806777896,4221.79415548338,61209.4086258629,2057.08281744694,TRUE
"fremtpl2_severity_raw","random",18,"seeds","L1",2,2.5,"full","blocked",NA,687.620008540866,3280.27193237802,45750.392140158,2256.70688062451,TRUE
"fremtpl2_severity_raw","random",19,"seeds","L1",2,2.5,"full","blocked",NA,691.756242070907,3162.83641959701,42501.7345807586,2162.92465740016,TRUE
"fremtpl2_severity_raw","random",20,"seeds","L1",2,2.5,"full","blocked",NA,635.567484085717,2539.4620199233,44664.922893358,1850.48424507891,TRUE
"fremtpl2_severity_raw","random",21,"seeds","L1",2,2.5,"full","blocked",NA,736.038766170938,3178.39732828078,42649.4998591078,2573.7876743402,TRUE
"fremtpl2_severity_raw","random",22,"seeds","L1",2,2.5,"full","blocked",NA,681.641790574804,1612.20926525197,10848.7579278636,2085.55260353466,TRUE
"fremtpl2_severity_raw","random",23,"seeds","L1",2,2.5,"full","blocked",NA,692.687185961476,2315.36846811902,15033.309000044,2342.30000484807,TRUE
"fremtpl2_severity_raw","random",24,"seeds","L1",2,2.5,"full","blocked",NA,686.038794265106,2847.4349351327,45291.5989945924,2071.00308088748,TRUE
"fremtpl2_severity_raw","random",25,"seeds","L1",2,2.5,"full","blocked",NA,689.892837778618,1773.77769545345,11149.6636212981,2066.10108428394,TRUE
"fremtpl2_severity_raw","random",26,"seeds","L1",2,2.5,"full","blocked",NA,731.892821886019,3028.68067198752,44978.0329372002,2472.72911943917,TRUE
"fremtpl2_severity_raw","random",27,"seeds","L1",2,2.5,"full","blocked",NA,653.041460205225,1595.55347268022,9408.00471392501,2005.81749765418,TRUE
"fremtpl2_severity_raw","random",28,"seeds","L1",2,2.5,"full","blocked",NA,661.821691449929,2984.67556517011,42389.7701109809,1949.01999336253,TRUE
"fremtpl2_severity_raw","random",29,"seeds","L1",2,2.5,"full","blocked",NA,630.355492185167,1523.68932410477,10677.0142947557,1666.28635477867,TRUE
"fremtpl2_severity_raw","random",30,"seeds","L1",2,2.5,"full","blocked",NA,659.504488437732,2258.58117752094,13342.6099285714,2033.18554355799,TRUE
"fremtpl2_severity_raw","random",1,"repro","Huber",0,2.5,"full","blocked",NA,708.448359118264,2873.99553832924,45043.3221706032,2086.42009834606,TRUE
"fremtpl2_severity_raw","random",2,"repro","Huber",0,2.5,"full","blocked",NA,639.261850991224,1613.76833141787,10473.0195221419,1964.86490253208,TRUE
"fremtpl2_severity_raw","random",1,"repro","WPMM2",0,2.5,"full","blocked",NA,708.070041725667,2912.87394917482,45055.6532329725,2268.95414614673,TRUE
"fremtpl2_severity_raw","random",2,"repro","WPMM2",0,2.5,"full","blocked",NA,651.741525121521,1658.41556876353,10501.6118307928,2162.84557652958,TRUE
"sru_y2_static","blocked",1,"valgate","auto-valgate",0,2.5,"full","blocked",20,0.037520807848621,0.133820894466948,0.792920585753097,0.0975299630685193,TRUE
"sru_y2_static","blocked",2,"valgate","auto-valgate",0,2.5,"full","blocked",20,0.0226076565902201,0.0244842115644312,0.032210200831157,0.0497972432704171,TRUE
"sru_y2_static","blocked",3,"valgate","auto-valgate",0,2.5,"full","blocked",20,0.674779549437846,0.515903873161982,0.997760257715623,1.84157689779819,TRUE
"sru_y2_static","blocked",4,"valgate","auto-valgate",0,2.5,"full","blocked",20,0.0598912023619684,0.0621473100187267,0.0869767260003347,0.131312031114983,TRUE
"sru_y2_static","blocked",5,"valgate","auto-valgate",0,2.5,"full","blocked",20,0.0316706804896949,0.0379344844167977,0.0664071284246592,0.0727764191060774,TRUE
"sru_y2_static","blocked",1,"valgate","auto-valgate",1,2.5,"full","blocked",20,0.0535323052405838,0.145074842750734,0.783251667808679,0.131244951184008,TRUE
"sru_y2_static","blocked",2,"valgate","auto-valgate",1,2.5,"full","blocked",20,0.022644078904838,0.0244423138602605,0.0320039174219761,0.0489245140838894,TRUE
"sru_y2_static","blocked",3,"valgate","auto-valgate",1,2.5,"full","blocked",20,0.119806851467499,0.103542921420802,0.17352537397059,0.317369977005687,TRUE
"sru_y2_static","blocked",4,"valgate","auto-valgate",1,2.5,"full","blocked",20,0.0465596470604149,0.0490459534932063,0.0704747556047987,0.0945543758926011,TRUE
"sru_y2_static","blocked",5,"valgate","auto-valgate",1,2.5,"full","blocked",20,0.036012958696133,0.0411339003745866,0.0652585004613735,0.0854066707118444,TRUE
"sru_y2_static","blocked",1,"valgate","auto-valgate",2,2.5,"full","blocked",20,0.0768866126094622,0.164835866612025,0.758111897872634,0.134230783468212,TRUE
"sru_y2_static","blocked",2,"valgate","auto-valgate",2,2.5,"full","blocked",20,0.0215248638058507,0.023654136579799,0.0315224287987791,0.0477850789760009,TRUE
"sru_y2_static","blocked",3,"valgate","auto-valgate",2,2.5,"full","blocked",20,0.364432856483449,0.286812076671815,0.525572662452369,1.01536043824471,TRUE
"sru_y2_static","blocked",4,"valgate","auto-valgate",2,2.5,"full","blocked",20,0.0606002150150726,0.0587539887392579,0.0844942977517184,0.135267685596105,TRUE
"sru_y2_static","blocked",5,"valgate","auto-valgate",2,2.5,"full","blocked",20,0.0331692773961967,0.0380816069958735,0.0610214898385381,0.0731590081323246,TRUE
"sru_y2_static","blocked",1,"valgate","auto-valgate",3,2.5,"full","blocked",20,0.0461180009474236,1.49225748893001,12.3336326758885,0.099478008548406,TRUE
"sru_y2_static","blocked",2,"valgate","auto-valgate",3,2.5,"full","blocked",20,0.0219677193085601,0.0241057023057566,0.0319552473452119,0.0497863701555069,TRUE
"sru_y2_static","blocked",3,"valgate","auto-valgate",3,2.5,"full","blocked",20,1.24813753244295,0.940822392158155,1.91520996872085,3.68444169735985,TRUE
"sru_y2_static","blocked",4,"valgate","auto-valgate",3,2.5,"full","blocked",20,0.04540778025331,0.0485241101023642,0.0692495940353886,0.0916345403938272,TRUE
"sru_y2_static","blocked",5,"valgate","auto-valgate",3,2.5,"full","blocked",20,0.0331083579871505,0.0406350734072876,0.0671060104179611,0.0789001874140277,TRUE
"sru_y2_static","blocked",1,"rinner","auto-valgate",0,2.5,"full","random",20,0.043131997089461,0.494043733532923,3.79621441640195,0.0966418282145263,TRUE
"sru_y2_static","blocked",2,"rinner","auto-valgate",0,2.5,"full","random",20,0.0225422051106813,0.0242040752988471,0.0318790360511404,0.0465068950883802,TRUE
"sru_y2_static","blocked",3,"rinner","auto-valgate",0,2.5,"full","random",20,0.475537619174407,0.38288681345459,0.801142497999326,1.35248051455808,TRUE
"sru_y2_static","blocked",4,"rinner","auto-valgate",0,2.5,"full","random",20,0.0437932512817159,0.04680939408533,0.0682640284546763,0.0919806842137336,TRUE
"sru_y2_static","blocked",5,"rinner","auto-valgate",0,2.5,"full","random",20,0.0321253193469598,0.0390370608559491,0.0677837726726848,0.0715216351912589,TRUE
"sru_y2_static","blocked",1,"norobust","auto-valgate",0,2.5,"LSE+WPMM2+WPMM3","blocked",20,0.160021976967264,0.166249027799458,0.185614666331841,0.277757181172833,TRUE
"sru_y2_static","blocked",2,"norobust","auto-valgate",0,2.5,"LSE+WPMM2+WPMM3","blocked",20,0.021544270489436,0.0235454738185625,0.0312547237655633,0.0469833187648674,TRUE
"sru_y2_static","blocked",3,"norobust","auto-valgate",0,2.5,"LSE+WPMM2+WPMM3","blocked",20,0.589760961522367,0.586031502192743,1.43555038148466,1.6727290349724,TRUE
"sru_y2_static","blocked",4,"norobust","auto-valgate",0,2.5,"LSE+WPMM2+WPMM3","blocked",20,0.051104247905768,0.0514608989150816,0.0747270173479063,0.107698784089993,TRUE
"sru_y2_static","blocked",5,"norobust","auto-valgate",0,2.5,"LSE+WPMM2+WPMM3","blocked",20,0.0401884689952991,0.0498563516108422,0.0735697507852241,0.0858947903388407,TRUE
"sru_y2_static","blocked",1,"sigma","WPMM2",0,1.5,"full","blocked",20,0.0837425224863206,0.101894964121375,0.195951524547493,0.180129310776953,TRUE
"sru_y2_static","blocked",2,"sigma","WPMM2",0,1.5,"full","blocked",20,0.0221597608522206,0.0241553258008621,0.0318091483852158,0.0476656528616845,TRUE
"sru_y2_static","blocked",3,"sigma","WPMM2",0,1.5,"full","blocked",20,0.252550616678858,0.29309885490781,0.686287394636261,1.03038985816349,TRUE
"sru_y2_static","blocked",4,"sigma","WPMM2",0,1.5,"full","blocked",20,0.0373331353390359,0.0414034941007067,0.0642850534051792,0.0807249256074938,TRUE
"sru_y2_static","blocked",5,"sigma","WPMM2",0,1.5,"full","blocked",20,0.0327283073594444,0.0410886003137283,0.0678422421782384,0.0751900869904053,TRUE
"sru_y2_static","blocked",1,"sigma","WPMM3",0,1.5,"full","blocked",20,0.0513370310020297,0.0749369980194926,0.189517674256268,0.11174175655791,TRUE
"sru_y2_static","blocked",2,"sigma","WPMM3",0,1.5,"full","blocked",20,0.0232956154725488,0.0251218388830081,0.0328519885995822,0.0499248996687565,TRUE
"sru_y2_static","blocked",3,"sigma","WPMM3",0,1.5,"full","blocked",20,1.30844703085679,1.11875980799384,2.21162604815941,4.18559846844346,TRUE
"sru_y2_static","blocked",4,"sigma","WPMM3",0,1.5,"full","blocked",20,0.059275094378291,0.0595610654033735,0.0829725174582675,0.129199996325866,TRUE
"sru_y2_static","blocked",5,"sigma","WPMM3",0,1.5,"full","blocked",20,0.0320675572518486,0.0381312623151627,0.0656479874683533,0.0715558634234737,TRUE
"sru_y2_static","blocked",1,"sigma","auto-valgate",0,1.5,"full","blocked",20,0.0368553874189161,0.163153566280093,1.07095427960929,0.101859765218541,TRUE
"sru_y2_static","blocked",2,"sigma","auto-valgate",0,1.5,"full","blocked",20,0.0219587425595485,0.0236646013336494,0.0313981202158472,0.0460147952906957,TRUE
"sru_y2_static","blocked",3,"sigma","auto-valgate",0,1.5,"full","blocked",20,2.51635677713949,1.92379003605478,3.83950819202519,7.19846669114002,TRUE
"sru_y2_static","blocked",4,"sigma","auto-valgate",0,1.5,"full","blocked",20,0.0888310952454434,0.085015135246993,0.122936127836075,0.239743557618423,TRUE
"sru_y2_static","blocked",5,"sigma","auto-valgate",0,1.5,"full","blocked",20,0.0342850770532314,0.0398988258220338,0.0644801836265717,0.077958494574256,TRUE
"sru_y2_static","blocked",1,"sigma","WPMM2",0,4,"full","blocked",20,0.0986729386306232,0.0978888473853451,0.111421318975116,0.157375971403648,TRUE
"sru_y2_static","blocked",2,"sigma","WPMM2",0,4,"full","blocked",20,0.0207809032977844,0.0231574299340846,0.0312729520892267,0.0480440459607818,TRUE
"sru_y2_static","blocked",3,"sigma","WPMM2",0,4,"full","blocked",20,0.0990246881146446,0.1218260612209,0.241070792672635,0.42966180092486,TRUE
"sru_y2_static","blocked",4,"sigma","WPMM2",0,4,"full","blocked",20,0.035397423176901,0.0395009828380298,0.0628617218495384,0.090945753633812,TRUE
"sru_y2_static","blocked",5,"sigma","WPMM2",0,4,"full","blocked",20,0.0320619523164181,0.0386870097744985,0.0667891404977177,0.071155891350231,TRUE
"sru_y2_static","blocked",1,"sigma","WPMM3",0,4,"full","blocked",20,0.147621823430974,0.159048656862824,0.189168500235124,0.247113219530322,TRUE
"sru_y2_static","blocked",2,"sigma","WPMM3",0,4,"full","blocked",20,0.022025609300558,0.0240914423860042,0.0318463861222945,0.0484836037044691,TRUE
"sru_y2_static","blocked",3,"sigma","WPMM3",0,4,"full","blocked",20,0.164587646966614,0.174674268857535,0.358188081069108,0.531105237424474,TRUE
"sru_y2_static","blocked",4,"sigma","WPMM3",0,4,"full","blocked",20,0.0343238744727911,0.0376069833110086,0.0626064346063451,0.0840746704017155,TRUE
"sru_y2_static","blocked",5,"sigma","WPMM3",0,4,"full","blocked",20,0.0319823732556471,0.0396648545124333,0.0695477912397935,0.0731280050866109,TRUE
"sru_y2_static","blocked",1,"sigma","auto-valgate",0,4,"full","blocked",20,0.037520807848621,0.133820894466948,0.792920585753097,0.0975299630685193,TRUE
"sru_y2_static","blocked",2,"sigma","auto-valgate",0,4,"full","blocked",20,0.0228266535834434,0.0246242692995818,0.0321140233783857,0.0487470228866198,TRUE
"sru_y2_static","blocked",3,"sigma","auto-valgate",0,4,"full","blocked",20,1.43347142360417,1.07998210986714,2.2053920879628,4.01815521289618,TRUE
"sru_y2_static","blocked",4,"sigma","auto-valgate",0,4,"full","blocked",20,0.0344205421071704,0.037723305400023,0.0620117399998026,0.0822747383637468,TRUE
"sru_y2_static","blocked",5,"sigma","auto-valgate",0,4,"full","blocked",20,0.0328100754808346,0.0368977404383089,0.0591703376917718,0.0765657303357985,TRUE
"sru_y2_static","blocked",1,"seeds","auto",1,2.5,"full","blocked",20,0.0573836909566645,0.119054577934321,0.500647591722412,0.107806951597491,TRUE
"sru_y2_static","blocked",2,"seeds","auto",1,2.5,"full","blocked",20,0.0292974074767654,0.0301384721818499,0.0384469001734604,0.0656567581516207,TRUE
"sru_y2_static","blocked",3,"seeds","auto",1,2.5,"full","blocked",20,0.901946380817571,0.916976716188797,2.96824323982787,2.7123569725981,TRUE
"sru_y2_static","blocked",4,"seeds","auto",1,2.5,"full","blocked",20,0.0353553531331309,0.0391039007408614,0.0638221891783172,0.0860675697657097,TRUE
"sru_y2_static","blocked",5,"seeds","auto",1,2.5,"full","blocked",20,0.0371069161644526,0.0429042573025679,0.067284716263457,0.0874100081416825,TRUE
"sru_y2_static","blocked",1,"seeds","auto",2,2.5,"full","blocked",20,0.199708884091913,0.208712396406976,0.226025227299634,0.336910140167046,TRUE
"sru_y2_static","blocked",2,"seeds","auto",2,2.5,"full","blocked",20,0.0251014494476486,0.0263917085033554,0.0333268949464173,0.0511239137290748,TRUE
"sru_y2_static","blocked",3,"seeds","auto",2,2.5,"full","blocked",20,0.250304476306905,0.208846506098905,0.413445410878968,0.693535130012469,TRUE
"sru_y2_static","blocked",4,"seeds","auto",2,2.5,"full","blocked",20,0.110059411498661,0.108742723682337,0.157912533263091,0.29416543948789,TRUE
"sru_y2_static","blocked",5,"seeds","auto",2,2.5,"full","blocked",20,0.0327034103602103,0.036401913189887,0.0556022683166695,0.0822036475285615,TRUE
"sru_y2_static","blocked",1,"seeds","auto-weak",1,2.5,"full","blocked",20,0.0918100608643229,0.0952600581401985,0.111082647810226,0.167188786617767,TRUE
"sru_y2_static","blocked",2,"seeds","auto-weak",1,2.5,"full","blocked",20,0.0254590341619988,0.0269251851442965,0.0340818732657467,0.0500008670260566,TRUE
"sru_y2_static","blocked",3,"seeds","auto-weak",1,2.5,"full","blocked",20,0.120681419345992,0.195244901170198,1.1670305541341,0.341154957527305,TRUE
"sru_y2_static","blocked",4,"seeds","auto-weak",1,2.5,"full","blocked",20,0.035737641820562,0.0398554212471325,0.0663737270975072,0.0852511350879815,TRUE
"sru_y2_static","blocked",5,"seeds","auto-weak",1,2.5,"full","blocked",20,0.0324932862393355,0.0391604193887788,0.0678706740787272,0.0723160009794068,TRUE
"sru_y2_static","blocked",1,"seeds","auto-weak",2,2.5,"full","blocked",20,0.0806281779083164,0.0821570389016074,0.0932648559539523,0.132782779163302,TRUE
"sru_y2_static","blocked",2,"seeds","auto-weak",2,2.5,"full","blocked",20,0.0222201487421974,0.0244419955978041,0.0321882273860249,0.0478820803594955,TRUE
"sru_y2_static","blocked",3,"seeds","auto-weak",2,2.5,"full","blocked",20,0.999819330599632,0.734988273175757,1.40338105269039,2.68796311219895,TRUE
"sru_y2_static","blocked",4,"seeds","auto-weak",2,2.5,"full","blocked",20,0.0422086578607974,0.0453390956385559,0.0679040546988171,0.0902325013799661,TRUE
"sru_y2_static","blocked",5,"seeds","auto-weak",2,2.5,"full","blocked",20,0.0318885280078247,0.0387065783278283,0.0672666775592899,0.0694201883888106,TRUE
"sru_y2_static","blocked",1,"seeds","WPMM2",1,2.5,"full","blocked",20,0.0945655782475382,0.0977809058443581,0.110413231406869,0.153003771511304,TRUE
"sru_y2_static","blocked",2,"seeds","WPMM2",1,2.5,"full","blocked",20,0.0211132870631446,0.0233908815600052,0.0314087160386194,0.047315473996392,TRUE
"sru_y2_static","blocked",3,"seeds","WPMM2",1,2.5,"full","blocked",20,0.0679566501216444,0.0720861715886378,0.123105135856692,0.184968795427968,TRUE
"sru_y2_static","blocked",4,"seeds","WPMM2",1,2.5,"full","blocked",20,0.0358197485634393,0.0391472967529277,0.0635114435771556,0.0864753039995571,TRUE
"sru_y2_static","blocked",5,"seeds","WPMM2",1,2.5,"full","blocked",20,0.0332214038458737,0.0393718767556486,0.0661566000580933,0.0743629002508371,TRUE
"sru_y2_static","blocked",1,"seeds","WPMM2",2,2.5,"full","blocked",20,0.0464848068536987,0.051540546181216,0.0773198793738378,0.118180188655624,TRUE
"sru_y2_static","blocked",2,"seeds","WPMM2",2,2.5,"full","blocked",20,0.0218029795577094,0.0234970886103709,0.0318150602786833,0.0465963258855725,TRUE
"sru_y2_static","blocked",3,"seeds","WPMM2",2,2.5,"full","blocked",20,0.431411983250846,0.921013846584207,2.82016906140307,2.48939460009563,TRUE
"sru_y2_static","blocked",4,"seeds","WPMM2",2,2.5,"full","blocked",20,0.0410416084780423,0.0442727747097056,0.0655884847540346,0.0890837708551876,TRUE
"sru_y2_static","blocked",5,"seeds","WPMM2",2,2.5,"full","blocked",20,0.0327433545376046,0.0397516167533668,0.0672134217613685,0.071224923565427,TRUE
"sru_y2_static","blocked",1,"seeds","WPMM3",1,2.5,"full","blocked",20,0.0523104524955303,0.0683906535340195,0.146688038562571,0.132842332106224,TRUE
"sru_y2_static","blocked",2,"seeds","WPMM3",1,2.5,"full","blocked",20,0.023074631728154,0.0247988910956557,0.0323283354485443,0.047801489699872,TRUE
"sru_y2_static","blocked",3,"seeds","WPMM3",1,2.5,"full","blocked",20,0.39710766131289,0.332510888833925,0.718962715702852,1.08091285540834,TRUE
"sru_y2_static","blocked",4,"seeds","WPMM3",1,2.5,"full","blocked",20,0.0398159852719153,0.0435249988744891,0.0666827072096693,0.095343716028817,TRUE
"sru_y2_static","blocked",5,"seeds","WPMM3",1,2.5,"full","blocked",20,0.0316800056376562,0.0383599011684281,0.0670250326374536,0.070740912525953,TRUE
"sru_y2_static","blocked",1,"seeds","WPMM3",2,2.5,"full","blocked",20,0.0385343795203377,0.0454330775869683,0.0693287641821467,0.0895754785421392,TRUE
"sru_y2_static","blocked",2,"seeds","WPMM3",2,2.5,"full","blocked",20,0.0214245740402082,0.0233645980825581,0.0312021283751371,0.0464704275254482,TRUE
"sru_y2_static","blocked",3,"seeds","WPMM3",2,2.5,"full","blocked",20,0.033880051804261,0.0375352924904244,0.0574310985959477,0.0980968938557046,TRUE
"sru_y2_static","blocked",4,"seeds","WPMM3",2,2.5,"full","blocked",20,0.0376247631734933,0.0410808395771734,0.0642566238735409,0.089655277225145,TRUE
"sru_y2_static","blocked",5,"seeds","WPMM3",2,2.5,"full","blocked",20,0.0319991676969966,0.0386667375435925,0.0672870190128677,0.0720796346971745,TRUE
"sru_y2_static","blocked",1,"seeds","LSE",1,2.5,"full","blocked",20,0.0383368921053874,0.0514741926286867,0.10270469583274,0.103994807248305,TRUE
"sru_y2_static","blocked",2,"seeds","LSE",1,2.5,"full","blocked",20,0.0426533613772463,0.0432622366931235,0.063706675410351,0.135584676352019,TRUE
"sru_y2_static","blocked",3,"seeds","LSE",1,2.5,"full","blocked",20,0.109446306129024,0.095970847193244,0.154301567402492,0.295767194305683,TRUE
"sru_y2_static","blocked",4,"seeds","LSE",1,2.5,"full","blocked",20,0.0451803218000038,0.0462944410150494,0.068724653549347,0.0893318886861735,TRUE
"sru_y2_static","blocked",5,"seeds","LSE",1,2.5,"full","blocked",20,0.0313803798279438,0.0375175223057206,0.0636708825583042,0.0714682471391854,TRUE
"sru_y2_static","blocked",1,"seeds","LSE",2,2.5,"full","blocked",20,0.300923711827189,2.98791628670575,23.2005189663169,0.746626015197763,TRUE
"sru_y2_static","blocked",2,"seeds","LSE",2,2.5,"full","blocked",20,0.0301824592820691,0.0311610950672848,0.0412299818096722,0.0700628575869384,TRUE
"sru_y2_static","blocked",3,"seeds","LSE",2,2.5,"full","blocked",20,0.19652310471537,0.216974738689879,0.518906907864341,0.474809745706985,TRUE
"sru_y2_static","blocked",4,"seeds","LSE",2,2.5,"full","blocked",20,0.0354029261426048,0.0389614545863234,0.0624501456746192,0.0810844736963804,TRUE
"sru_y2_static","blocked",5,"seeds","LSE",2,2.5,"full","blocked",20,0.0319216600060698,0.0392208341408309,0.0681663272751084,0.0714929622059753,TRUE
"sru_y2_static","blocked",1,"seeds","ridge-LSE",1,2.5,"full","blocked",20,0.0765969555497703,0.102308200780253,0.255349804770417,0.154082229656122,TRUE
"sru_y2_static","blocked",2,"seeds","ridge-LSE",1,2.5,"full","blocked",20,0.0461343403016997,0.0461787707213186,0.0716354302842022,0.16099032263288,TRUE
"sru_y2_static","blocked",3,"seeds","ridge-LSE",1,2.5,"full","blocked",20,0.149706673913427,0.163232687658184,0.443377098054544,0.428945816229039,TRUE
"sru_y2_static","blocked",4,"seeds","ridge-LSE",1,2.5,"full","blocked",20,0.033557090019472,0.0374704551837097,0.0627712008112371,0.0797026500182029,TRUE
"sru_y2_static","blocked",5,"seeds","ridge-LSE",1,2.5,"full","blocked",20,0.0323556875438774,0.0393386546591334,0.0651845653493716,0.0738304092005453,TRUE
"sru_y2_static","blocked",1,"seeds","ridge-LSE",2,2.5,"full","blocked",20,0.0389436285160527,0.0882019313647543,0.412529517900448,0.0992731239404268,TRUE
"sru_y2_static","blocked",2,"seeds","ridge-LSE",2,2.5,"full","blocked",20,0.0249779156026965,0.0262455689833855,0.0333870061866482,0.0541732433147655,TRUE
"sru_y2_static","blocked",3,"seeds","ridge-LSE",2,2.5,"full","blocked",20,0.0461315562878097,0.0505481519073376,0.0833651326482295,0.111548705015722,TRUE
"sru_y2_static","blocked",4,"seeds","ridge-LSE",2,2.5,"full","blocked",20,0.0324929135098128,0.0358948619412202,0.0615749361646566,0.0798319763306064,TRUE
"sru_y2_static","blocked",5,"seeds","ridge-LSE",2,2.5,"full","blocked",20,0.0313895301049061,0.0376753305293847,0.0632569234581901,0.0730563787966621,TRUE
"sru_y2_static","blocked",1,"seeds","Huber",1,2.5,"full","blocked",20,0.0420326917890053,0.048942733927265,0.0766778159050997,0.107653125814484,TRUE
"sru_y2_static","blocked",2,"seeds","Huber",1,2.5,"full","blocked",20,0.0234692817405149,0.0248998354157821,0.0322804340480824,0.0486549524408965,TRUE
"sru_y2_static","blocked",3,"seeds","Huber",1,2.5,"full","blocked",20,1.48330895965688,1.263070010662,2.81873526961695,4.88421133302399,TRUE
"sru_y2_static","blocked",4,"seeds","Huber",1,2.5,"full","blocked",20,0.0827705362070296,0.0811175028677947,0.104146104447989,0.17790190815149,TRUE
"sru_y2_static","blocked",5,"seeds","Huber",1,2.5,"full","blocked",20,0.0318256324237034,0.0357022627167804,0.0560324003440606,0.0694037246499685,TRUE
"sru_y2_static","blocked",1,"seeds","Huber",2,2.5,"full","blocked",20,0.0779113163672655,0.119282159821027,0.371819727771282,0.166410466082117,TRUE
"sru_y2_static","blocked",2,"seeds","Huber",2,2.5,"full","blocked",20,0.0234008610312426,0.0250859866917574,0.032626740884251,0.0494497399818078,TRUE
"sru_y2_static","blocked",3,"seeds","Huber",2,2.5,"full","blocked",20,0.515058438606378,0.403127854683893,0.813572853051442,1.39382441481544,TRUE
"sru_y2_static","blocked",4,"seeds","Huber",2,2.5,"full","blocked",20,0.0525850844605676,0.0535835620320044,0.0768134981656466,0.10801027386831,TRUE
"sru_y2_static","blocked",5,"seeds","Huber",2,2.5,"full","blocked",20,0.0340035498146057,0.0396972233532085,0.0658524566816713,0.0754571899518084,TRUE
"sru_y2_static","blocked",1,"seeds","L1",1,2.5,"full","blocked",20,0.143077592558633,0.404804425827211,2.207914617021,0.202365102402168,TRUE
"sru_y2_static","blocked",2,"seeds","L1",1,2.5,"full","blocked",20,0.0232910225495254,0.0250902121214025,0.0327351941880402,0.0495491061606669,TRUE
"sru_y2_static","blocked",3,"seeds","L1",1,2.5,"full","blocked",20,0.179109291207802,0.18650876733338,0.487722190332285,0.522720110154668,TRUE
"sru_y2_static","blocked",4,"seeds","L1",1,2.5,"full","blocked",20,0.0438876482349416,0.0483468866195817,0.0687816381952765,0.0975522818890562,TRUE
"sru_y2_static","blocked",5,"seeds","L1",1,2.5,"full","blocked",20,0.0319857742176248,0.0390755086001322,0.0674762527682219,0.0705939442754194,TRUE
"sru_y2_static","blocked",1,"seeds","L1",2,2.5,"full","blocked",20,0.0361947358405116,0.0418633909778643,0.0671392055926007,0.094961300233203,TRUE
"sru_y2_static","blocked",2,"seeds","L1",2,2.5,"full","blocked",20,0.0227566833300886,0.024569674562418,0.0321426937291792,0.0482835626523789,TRUE
"sru_y2_static","blocked",3,"seeds","L1",2,2.5,"full","blocked",20,0.98686183340878,0.757246708844538,1.5433182545618,2.69862451447222,TRUE
"sru_y2_static","blocked",4,"seeds","L1",2,2.5,"full","blocked",20,0.0712927612072687,0.0705855805913447,0.107749923485861,0.194158882907149,TRUE
"sru_y2_static","blocked",5,"seeds","L1",2,2.5,"full","blocked",20,0.0319924220987508,0.0385224645151329,0.0666685624827469,0.0717461135090483,TRUE
"sru_y2_static","blocked",1,"gap","auto",0,2.5,"full","blocked",50,0.740491354841832,4.72549973899442,34.9331912226822,1.98812591208896,TRUE
"sru_y2_static","blocked",2,"gap","auto",0,2.5,"full","blocked",50,0.0352855843408931,0.0371320512497075,0.0495437468707057,0.0913758077079212,TRUE
"sru_y2_static","blocked",3,"gap","auto",0,2.5,"full","blocked",50,0.0488313815237146,0.0496485555224912,0.0672592280177821,0.122194913859958,TRUE
"sru_y2_static","blocked",4,"gap","auto",0,2.5,"full","blocked",50,0.033089281468496,0.0371559193013774,0.0616150255197772,0.0749869223014408,TRUE
"sru_y2_static","blocked",5,"gap","auto",0,2.5,"full","blocked",50,0.0393504987511231,0.0433558796198162,0.0654878512645177,0.0990091769933913,TRUE
"sru_y2_static","blocked",1,"gap","auto-weak",0,2.5,"full","blocked",50,0.1730229641754,0.177671309183508,0.196016173677916,0.298241941408909,TRUE
"sru_y2_static","blocked",2,"gap","auto-weak",0,2.5,"full","blocked",50,0.0218734966868036,0.0237838429275962,0.0315308326832059,0.0470721603978469,TRUE
"sru_y2_static","blocked",3,"gap","auto-weak",0,2.5,"full","blocked",50,0.761931533724286,0.651285514231272,1.26592306887841,2.30056294404842,TRUE
"sru_y2_static","blocked",4,"gap","auto-weak",0,2.5,"full","blocked",50,0.0341145446863491,0.0377813840894334,0.0621210329021823,0.0790701727797826,TRUE
"sru_y2_static","blocked",5,"gap","auto-weak",0,2.5,"full","blocked",50,0.0328208305735912,0.0410674784950668,0.0669947559265634,0.0767616519288078,TRUE
"sru_y2_static","blocked",1,"gap","WPMM2",0,2.5,"full","blocked",50,0.0870051491406127,0.212492123053426,1.08079771986011,0.145309550852628,TRUE
"sru_y2_static","blocked",2,"gap","WPMM2",0,2.5,"full","blocked",50,0.0208552915079934,0.0229724749218995,0.031130823830639,0.0472429129777654,TRUE
"sru_y2_static","blocked",3,"gap","WPMM2",0,2.5,"full","blocked",50,8.28820197971548,7.14349432773613,14.3545590649342,27.4795446550425,TRUE
"sru_y2_static","blocked",4,"gap","WPMM2",0,2.5,"full","blocked",50,0.0314313101098508,0.0359214428592272,0.0603820107801457,0.081170659812472,TRUE
"sru_y2_static","blocked",5,"gap","WPMM2",0,2.5,"full","blocked",50,0.0334832141599553,0.0423050093849158,0.0684582391190434,0.0757066087383486,TRUE
"sru_y2_static","blocked",1,"gap","WPMM3",0,2.5,"full","blocked",50,0.0604957606907756,0.0647816833507921,0.0807196554843603,0.114479867372727,TRUE
"sru_y2_static","blocked",2,"gap","WPMM3",0,2.5,"full","blocked",50,0.0221074219497601,0.0240015604496312,0.0318926999653575,0.0466227694317296,TRUE
"sru_y2_static","blocked",3,"gap","WPMM3",0,2.5,"full","blocked",50,0.0577412661379052,0.0712660892565148,0.221668585707877,0.141270959481035,TRUE
"sru_y2_static","blocked",4,"gap","WPMM3",0,2.5,"full","blocked",50,0.0371699408482286,0.0409952698673129,0.0646251791348282,0.0895053795306109,TRUE
"sru_y2_static","blocked",5,"gap","WPMM3",0,2.5,"full","blocked",50,0.0317188381690974,0.0380781131976068,0.0661060390923315,0.0713788267339006,TRUE
"sru_y2_static","blocked",1,"gap","LSE",0,2.5,"full","blocked",50,0.26206957653194,0.365916186083339,0.859363804126465,0.455577905474476,TRUE
"sru_y2_static","blocked",2,"gap","LSE",0,2.5,"full","blocked",50,0.0387528872830667,0.0403181001317985,0.0555414749593849,0.111238641296369,TRUE
"sru_y2_static","blocked",3,"gap","LSE",0,2.5,"full","blocked",50,0.109257896390588,0.0990866199247388,0.160143563570627,0.306035690993848,TRUE
"sru_y2_static","blocked",4,"gap","LSE",0,2.5,"full","blocked",50,0.0385236830771135,0.0417908857206452,0.0645238345888299,0.0832339750095461,TRUE
"sru_y2_static","blocked",5,"gap","LSE",0,2.5,"full","blocked",50,0.0317157830118654,0.0365376111242357,0.0616000499370382,0.0772416414947446,TRUE
"sru_y2_static","blocked",1,"gap","ridge-LSE",0,2.5,"full","blocked",50,0.116220406089737,0.518786174370395,3.38351263873509,0.213565990892777,TRUE
"sru_y2_static","blocked",2,"gap","ridge-LSE",0,2.5,"full","blocked",50,0.0315149080542042,0.0341593360200058,0.0475707707317048,0.0831620091862228,TRUE
"sru_y2_static","blocked",3,"gap","ridge-LSE",0,2.5,"full","blocked",50,0.0411238621360431,0.0644280636407477,0.229857441285488,0.106436609786647,TRUE
"sru_y2_static","blocked",4,"gap","ridge-LSE",0,2.5,"full","blocked",50,0.0327596330842729,0.0361602592758533,0.0617184262692199,0.0794623239213865,TRUE
"sru_y2_static","blocked",5,"gap","ridge-LSE",0,2.5,"full","blocked",50,0.0313927732205794,0.0375702381462535,0.0620736323174738,0.0733677698522635,TRUE
"sru_y2_static","blocked",1,"gap","Huber",0,2.5,"full","blocked",50,0.167421604155427,0.174495556502944,0.207274525649654,0.323632865584809,TRUE
"sru_y2_static","blocked",2,"gap","Huber",0,2.5,"full","blocked",50,0.0244524857779344,0.0256091404773298,0.0330443734498458,0.051120304933432,TRUE
"sru_y2_static","blocked",3,"gap","Huber",0,2.5,"full","blocked",50,0.0611791468872296,0.0804628559753364,0.179078034547968,0.16623081456244,TRUE
"sru_y2_static","blocked",4,"gap","Huber",0,2.5,"full","blocked",50,0.0349765295621848,0.0392381242453843,0.06249038376575,0.0869848501504702,TRUE
"sru_y2_static","blocked",5,"gap","Huber",0,2.5,"full","blocked",50,0.0315964623009827,0.0381925653067096,0.0651632700434613,0.0705830753565159,TRUE
"sru_y2_static","blocked",1,"gap","L1",0,2.5,"full","blocked",50,0.0469100708272352,0.254286507971563,1.79405557346338,0.123574023221153,TRUE
"sru_y2_static","blocked",2,"gap","L1",0,2.5,"full","blocked",50,0.0225246990589486,0.0240085368419385,0.0319393885794888,0.0459289397551404,TRUE
"sru_y2_static","blocked",3,"gap","L1",0,2.5,"full","blocked",50,2.17333455627196,1.84786583603521,4.18295250278412,6.7006906245075,TRUE
"sru_y2_static","blocked",4,"gap","L1",0,2.5,"full","blocked",50,0.0340767999319304,0.0375789099384711,0.0620816003905855,0.0836773043121968,TRUE
"sru_y2_static","blocked",5,"gap","L1",0,2.5,"full","blocked",50,0.032349668807855,0.038579488103398,0.0661448600914746,0.0753097438216058,TRUE
"sru_y2_static","blocked",1,"gap","auto-valgate",0,2.5,"full","blocked",50,0.115118457573506,0.283027981664179,1.43674414573562,0.219368539871535,TRUE
"sru_y2_static","blocked",2,"gap","auto-valgate",0,2.5,"full","blocked",50,0.0222418556733925,0.0238076914921989,0.03143015486429,0.0448876833019603,TRUE
"sru_y2_static","blocked",3,"gap","auto-valgate",0,2.5,"full","blocked",50,10.6735244250397,7.65496453338585,15.0350479055814,28.7719986289676,TRUE
"sru_y2_static","blocked",4,"gap","auto-valgate",0,2.5,"full","blocked",50,0.0428334395443951,0.0454537025544692,0.0681468015236972,0.0959010908109197,TRUE
"sru_y2_static","blocked",5,"gap","auto-valgate",0,2.5,"full","blocked",50,0.033769384777542,0.0378793585206966,0.0597338025702746,0.0776664444071039,TRUE
"sru_y2_static","blocked",1,"gap","auto",0,2.5,"full","blocked",100,0.162486462640819,0.3767187033122,1.84562125024019,0.248745006229575,TRUE
"sru_y2_static","blocked",2,"gap","auto",0,2.5,"full","blocked",100,0.028186906242907,0.0291193719100862,0.0357246916339529,0.0538794991067077,TRUE
"sru_y2_static","blocked",3,"gap","auto",0,2.5,"full","blocked",100,1.34417478852251,1.32226263905145,2.86992640176048,4.93862635391486,TRUE
"sru_y2_static","blocked",4,"gap","auto",0,2.5,"full","blocked",100,0.126541865398692,0.122114231863656,0.151112609898628,0.205622386704272,TRUE
"sru_y2_static","blocked",5,"gap","auto",0,2.5,"full","blocked",100,0.0315222128420018,0.0371362370782954,0.0635512497624269,0.0729392684314414,TRUE
"sru_y2_static","blocked",1,"gap","auto-weak",0,2.5,"full","blocked",100,0.496422611333678,0.501662929962362,0.584212988867594,0.986799465190141,TRUE
"sru_y2_static","blocked",2,"gap","auto-weak",0,2.5,"full","blocked",100,0.0237041481353055,0.0251150457718118,0.032717702522042,0.0461456945542836,TRUE
"sru_y2_static","blocked",3,"gap","auto-weak",0,2.5,"full","blocked",100,0.0997240046625318,0.127764049648186,0.341440598140488,0.271542503490993,TRUE
"sru_y2_static","blocked",4,"gap","auto-weak",0,2.5,"full","blocked",100,0.0380455659688352,0.0416675628078089,0.0666436940343284,0.0909387735959842,TRUE
"sru_y2_static","blocked",5,"gap","auto-weak",0,2.5,"full","blocked",100,0.0333743070293925,0.0394062021605539,0.0669629595065761,0.076842229357773,TRUE
"sru_y2_static","blocked",1,"gap","WPMM2",0,2.5,"full","blocked",100,0.0381619436077333,0.0450179297873092,0.0691561261079701,0.0870046278654869,TRUE
"sru_y2_static","blocked",2,"gap","WPMM2",0,2.5,"full","blocked",100,0.0216304634113295,0.0237740382544981,0.032089911867261,0.0474806332472614,TRUE
"sru_y2_static","blocked",3,"gap","WPMM2",0,2.5,"full","blocked",100,39.5015551337628,29.1760079887718,55.097433367987,105.998208463271,TRUE
"sru_y2_static","blocked",4,"gap","WPMM2",0,2.5,"full","blocked",100,0.0328297348224024,0.0377462674202248,0.0615929778336076,0.0745794214339444,TRUE
"sru_y2_static","blocked",5,"gap","WPMM2",0,2.5,"full","blocked",100,0.0347942753468169,0.0408258071627133,0.0674367002869838,0.0786332761727999,TRUE
"sru_y2_static","blocked",1,"gap","WPMM3",0,2.5,"full","blocked",100,0.125658798432671,0.315088751328078,1.60343622500784,0.421313605488532,TRUE
"sru_y2_static","blocked",2,"gap","WPMM3",0,2.5,"full","blocked",100,0.0257232670509313,0.0271639005572459,0.0345061066019708,0.0512094841681573,TRUE
"sru_y2_static","blocked",3,"gap","WPMM3",0,2.5,"full","blocked",100,0.628720596505734,0.546479966672136,1.02362582782439,1.79776307375337,TRUE
"sru_y2_static","blocked",4,"gap","WPMM3",0,2.5,"full","blocked",100,0.0465861603624064,0.0522779807535525,0.0757021279743156,0.0971515083229098,TRUE
"sru_y2_static","blocked",5,"gap","WPMM3",0,2.5,"full","blocked",100,0.033306595779474,0.0388939429571804,0.0651369815510702,0.0760148213190676,TRUE
"sru_y2_static","blocked",1,"gap","LSE",0,2.5,"full","blocked",100,0.185023547124404,0.194508666893174,0.250475105517316,0.283866196716544,TRUE
"sru_y2_static","blocked",2,"gap","LSE",0,2.5,"full","blocked",100,0.0438046987583504,0.0436689848959334,0.0682895322888089,0.149402045635015,TRUE
"sru_y2_static","blocked",3,"gap","LSE",0,2.5,"full","blocked",100,0.0563412263099604,0.0601479207108328,0.101002141701884,0.130781069468489,TRUE
"sru_y2_static","blocked",4,"gap","LSE",0,2.5,"full","blocked",100,0.0446025369263613,0.045882796714019,0.0679692546808361,0.0900822265110598,TRUE
"sru_y2_static","blocked",5,"gap","LSE",0,2.5,"full","blocked",100,0.0321773785945264,0.0377713786939994,0.0620638011097447,0.0729022480214302,TRUE
"sru_y2_static","blocked",1,"gap","ridge-LSE",0,2.5,"full","blocked",100,0.170846276198335,0.167300266485287,0.192561949461224,0.282986237541669,TRUE
"sru_y2_static","blocked",2,"gap","ridge-LSE",0,2.5,"full","blocked",100,0.0371681010191799,0.0381625450014731,0.0517352830562121,0.101143716277188,TRUE
"sru_y2_static","blocked",3,"gap","ridge-LSE",0,2.5,"full","blocked",100,0.0548260058885028,0.0595084450191072,0.101991183055909,0.133072683714382,TRUE
"sru_y2_static","blocked",4,"gap","ridge-LSE",0,2.5,"full","blocked",100,0.0334120068905301,0.0374672986095369,0.0619985970685552,0.077139557906973,TRUE
"sru_y2_static","blocked",5,"gap","ridge-LSE",0,2.5,"full","blocked",100,0.0318708459861859,0.0374493688613569,0.0635624946541508,0.0750019093946031,TRUE
"sru_y2_static","blocked",1,"gap","Huber",0,2.5,"full","blocked",100,0.228044136492607,0.257123419384763,0.314849866726389,0.424126002552402,TRUE
"sru_y2_static","blocked",2,"gap","Huber",0,2.5,"full","blocked",100,0.0251121915253156,0.0264345418257597,0.0335354149453621,0.0506630660082691,TRUE
"sru_y2_static","blocked",3,"gap","Huber",0,2.5,"full","blocked",100,0.0539988044334775,0.0552960607694533,0.0757853965264218,0.120054393944132,TRUE
"sru_y2_static","blocked",4,"gap","Huber",0,2.5,"full","blocked",100,0.0538999137703402,0.05724883108268,0.0771775033183383,0.106950524145859,TRUE
"sru_y2_static","blocked",5,"gap","Huber",0,2.5,"full","blocked",100,0.0406207650135331,0.0451757608169552,0.068629188849025,0.0959269688559222,TRUE
"sru_y2_static","blocked",1,"gap","L1",0,2.5,"full","blocked",100,0.134800160228468,0.147246980381919,0.171466401024071,0.216217425697637,TRUE
"sru_y2_static","blocked",2,"gap","L1",0,2.5,"full","blocked",100,0.0226617367876451,0.0244003851102703,0.0321177924941328,0.0461129645576387,TRUE
"sru_y2_static","blocked",3,"gap","L1",0,2.5,"full","blocked",100,0.13486853999241,0.172708835514052,0.42014035033592,0.371804662998636,TRUE
"sru_y2_static","blocked",4,"gap","L1",0,2.5,"full","blocked",100,0.0993575300659267,0.0965301334599059,0.160763333026918,0.338456716177065,TRUE
"sru_y2_static","blocked",5,"gap","L1",0,2.5,"full","blocked",100,0.0371441699270255,0.0408234366772667,0.0613938528333505,0.0857451781124981,TRUE
"sru_y2_static","blocked",1,"gap","auto-valgate",0,2.5,"full","blocked",100,1.09760385984628,0.911747798054351,1.43361429649464,2.67170620534595,TRUE
"sru_y2_static","blocked",2,"gap","auto-valgate",0,2.5,"full","blocked",100,0.0273063224116277,0.0281705291507167,0.0350040422830069,0.0519545007212089,TRUE
"sru_y2_static","blocked",3,"gap","auto-valgate",0,2.5,"full","blocked",100,0.0791916190473816,0.0750496865674065,0.12409987832174,0.200403077651413,TRUE
"sru_y2_static","blocked",4,"gap","auto-valgate",0,2.5,"full","blocked",100,0.0351796055186134,0.0381033332354953,0.0616240747561384,0.0902152751063529,TRUE
"sru_y2_static","blocked",5,"gap","auto-valgate",0,2.5,"full","blocked",100,0.0317678660524259,0.0387234425893175,0.067496773291353,0.0698683410795514,TRUE
"sru_y2_static","blocked",1,"repro","Huber",0,2.5,"full","blocked",20,0.0373860802198495,0.161995190808573,1.05482804914244,0.102921040183692,TRUE
"sru_y2_static","blocked",2,"repro","Huber",0,2.5,"full","blocked",20,0.0237856622995299,0.0247815244574729,0.032356231044404,0.0455363820369268,TRUE
"sru_y2_static","blocked",1,"repro","WPMM2",0,2.5,"full","blocked",20,0.0783620141971674,0.081768902879313,0.09387539814832,0.127677217689366,TRUE
"sru_y2_static","blocked",2,"repro","WPMM2",0,2.5,"full","blocked",20,0.0211310463324058,0.0234171310867977,0.0313821782992092,0.0473355879735977,TRUE
"concrete","random",1,"valgate","auto-valgate",0,2.5,"full","blocked",NA,6.53124366281699,6.4503841545926,8.10572593155029,14.0249568106463,TRUE
"concrete","random",2,"valgate","auto-valgate",0,2.5,"full","blocked",NA,6.35225995203846,6.27992430526097,8.37500221423369,15.0394550280401,TRUE
"concrete","random",3,"valgate","auto-valgate",0,2.5,"full","blocked",NA,6.71658443373011,7.08445816247749,9.34656319190736,15.3753684786772,TRUE
"concrete","random",4,"valgate","auto-valgate",0,2.5,"full","blocked",NA,6.91699656158928,7.02795409569769,9.29452011967421,15.6172952149189,TRUE
"concrete","random",5,"valgate","auto-valgate",0,2.5,"full","blocked",NA,6.77767005082755,6.96005866943534,9.20223175297114,14.9467221542455,TRUE
"concrete","random",6,"valgate","auto-valgate",0,2.5,"full","blocked",NA,6.67754030249655,6.85323605497654,8.74305940565184,14.5463450524971,TRUE
"concrete","random",7,"valgate","auto-valgate",0,2.5,"full","blocked",NA,6.30424688380349,6.38380846807435,8.26573417568426,13.8029106181862,TRUE
"concrete","random",8,"valgate","auto-valgate",0,2.5,"full","blocked",NA,6.48485528040009,6.452790259288,8.48538265057861,14.4106051005295,TRUE
"concrete","random",9,"valgate","auto-valgate",0,2.5,"full","blocked",NA,6.20616042371775,6.27184413129485,8.08096392559613,13.2289749464031,TRUE
"concrete","random",10,"valgate","auto-valgate",0,2.5,"full","blocked",NA,7.18965451680032,7.0093669673175,9.0030727016019,15.6132731934347,TRUE
"concrete","random",11,"valgate","auto-valgate",0,2.5,"full","blocked",NA,6.53386669252546,6.84406153475225,9.1090888820278,13.8441006251082,TRUE
"concrete","random",12,"valgate","auto-valgate",0,2.5,"full","blocked",NA,6.39565525945281,6.44829197043895,8.18082913271478,12.8148405911212,TRUE
"concrete","random",13,"valgate","auto-valgate",0,2.5,"full","blocked",NA,6.88826501724132,7.06838101331878,8.98728426126326,13.8244826839837,TRUE
"concrete","random",14,"valgate","auto-valgate",0,2.5,"full","blocked",NA,6.49592784921423,6.70758500852625,8.49271162624945,14.0740584530593,TRUE
"concrete","random",15,"valgate","auto-valgate",0,2.5,"full","blocked",NA,5.79224887598358,5.80537565206514,7.83462068744944,13.7261277497034,TRUE
"concrete","random",16,"valgate","auto-valgate",0,2.5,"full","blocked",NA,6.49356354711375,6.53812356406476,8.79829023759344,14.558384084777,TRUE
"concrete","random",17,"valgate","auto-valgate",0,2.5,"full","blocked",NA,6.88887415423041,6.99597497686906,8.84199670460218,13.9271924884996,TRUE
"concrete","random",18,"valgate","auto-valgate",0,2.5,"full","blocked",NA,6.39523847845242,6.27340148165028,7.90754700246906,13.5767880860218,TRUE
"concrete","random",19,"valgate","auto-valgate",0,2.5,"full","blocked",NA,6.60779286768647,6.81356010078723,8.8432123211185,14.658085038727,TRUE
"concrete","random",20,"valgate","auto-valgate",0,2.5,"full","blocked",NA,6.93913791920903,6.97488651977239,9.34214127244975,15.7970119623937,TRUE
"concrete","random",21,"valgate","auto-valgate",0,2.5,"full","blocked",NA,6.28347353544134,6.43391674407161,8.47839887985109,13.6885367472685,TRUE
"concrete","random",22,"valgate","auto-valgate",0,2.5,"full","blocked",NA,7.19916027297418,7.40655847436577,9.29843935382981,15.1697750639185,TRUE
"concrete","random",23,"valgate","auto-valgate",0,2.5,"full","blocked",NA,7.16214413618282,7.34028795666161,9.33158782636877,15.2008237687953,TRUE
"concrete","random",24,"valgate","auto-valgate",0,2.5,"full","blocked",NA,6.84759854795127,6.99196276005242,8.78531728414472,14.4989711060465,TRUE
"concrete","random",25,"valgate","auto-valgate",0,2.5,"full","blocked",NA,6.49176573325289,6.72644540956402,8.46382410183963,12.8192060145759,TRUE
"concrete","random",26,"valgate","auto-valgate",0,2.5,"full","blocked",NA,6.74084261093962,6.68819183422073,8.45692551517056,14.2249721321748,TRUE
"concrete","random",27,"valgate","auto-valgate",0,2.5,"full","blocked",NA,7.95322420754255,8.01182216233013,10.0134125376553,15.6917377431684,TRUE
"concrete","random",28,"valgate","auto-valgate",0,2.5,"full","blocked",NA,6.96614740063461,6.99426038543029,8.80111638392314,15.3125593064216,TRUE
"concrete","random",29,"valgate","auto-valgate",0,2.5,"full","blocked",NA,6.13718564616613,6.00204838315916,8.00971624901076,14.1356298266364,TRUE
"concrete","random",30,"valgate","auto-valgate",0,2.5,"full","blocked",NA,6.53731778647311,6.44988923104658,8.34623730197753,14.6169833088873,TRUE
"concrete","random",1,"valgate","auto-valgate",1,2.5,"full","blocked",NA,6.33063529357089,6.264694553716,7.75464171154071,13.1998385012576,TRUE
"concrete","random",2,"valgate","auto-valgate",1,2.5,"full","blocked",NA,6.14857623988171,6.43760008959842,8.40771802879433,13.3633082298837,TRUE
"concrete","random",3,"valgate","auto-valgate",1,2.5,"full","blocked",NA,7.21775871233251,7.35281179084091,9.23975218304119,14.7291489192608,TRUE
"concrete","random",4,"valgate","auto-valgate",1,2.5,"full","blocked",NA,6.37835714003415,6.41623451768508,8.13888942241887,13.9453492216038,TRUE
"concrete","random",5,"valgate","auto-valgate",1,2.5,"full","blocked",NA,6.69321891141542,6.85684613082134,8.80971528264817,14.8755631796921,TRUE
"concrete","random",6,"valgate","auto-valgate",1,2.5,"full","blocked",NA,5.9516599272957,5.99404680498611,7.87944792355183,14.1258809042163,TRUE
"concrete","random",7,"valgate","auto-valgate",1,2.5,"full","blocked",NA,6.35033795208354,6.22001577079343,8.23264934237674,13.8680421327276,TRUE
"concrete","random",8,"valgate","auto-valgate",1,2.5,"full","blocked",NA,7.35238580533377,7.33243487078775,9.67415848975992,16.2249684246927,TRUE
"concrete","random",9,"valgate","auto-valgate",1,2.5,"full","blocked",NA,7.06422939131682,7.14791186627375,9.16867954010902,15.2835657722669,TRUE
"concrete","random",10,"valgate","auto-valgate",1,2.5,"full","blocked",NA,6.67169016094257,6.86250410976533,8.51142104587501,13.3863304778381,TRUE
"concrete","random",11,"valgate","auto-valgate",1,2.5,"full","blocked",NA,6.36591782133042,6.37644623123655,8.08748695232067,12.9279450664799,TRUE
"concrete","random",12,"valgate","auto-valgate",1,2.5,"full","blocked",NA,5.82504742080033,5.9574356584625,7.50039157185245,12.4362777787662,TRUE
"concrete","random",13,"valgate","auto-valgate",1,2.5,"full","blocked",NA,6.97916896871204,7.29423281886205,9.22279297554326,14.5938536939815,TRUE
"concrete","random",14,"valgate","auto-valgate",1,2.5,"full","blocked",NA,6.64351940320453,6.93064504907403,8.69186455413057,14.9253539737647,TRUE
"concrete","random",15,"valgate","auto-valgate",1,2.5,"full","blocked",NA,6.25877054944227,6.3236275146801,8.01229097596321,13.0839894760337,TRUE
"concrete","random",16,"valgate","auto-valgate",1,2.5,"full","blocked",NA,6.80347383090623,6.86267171780709,9.05591572136572,15.1051219088611,TRUE
"concrete","random",17,"valgate","auto-valgate",1,2.5,"full","blocked",NA,6.8795893839171,7.03698283487631,9.00625051196384,15.1916836873197,TRUE
"concrete","random",18,"valgate","auto-valgate",1,2.5,"full","blocked",NA,6.10597502252507,6.16479919481416,7.76236177537284,12.3127234574043,TRUE
"concrete","random",19,"valgate","auto-valgate",1,2.5,"full","blocked",NA,6.26624727403031,6.48180132276717,8.51424611538802,14.0202715212848,TRUE
"concrete","random",20,"valgate","auto-valgate",1,2.5,"full","blocked",NA,6.32139854055946,6.50006858659714,8.51387678670987,13.4493577187189,TRUE
"concrete","random",21,"valgate","auto-valgate",1,2.5,"full","blocked",NA,6.72568393282386,6.85690930460675,9.04299078207667,14.3978436784532,TRUE
"concrete","random",22,"valgate","auto-valgate",1,2.5,"full","blocked",NA,7.24509594451306,7.28246382621508,9.14626971135839,14.9554728496258,TRUE
"concrete","random",23,"valgate","auto-valgate",1,2.5,"full","blocked",NA,7.01467617424793,7.25226364595077,9.14547289223436,15.8835267409933,TRUE
"concrete","random",24,"valgate","auto-valgate",1,2.5,"full","blocked",NA,6.77752137218376,6.69594635006856,8.5195156347647,13.9910832279194,TRUE
"concrete","random",25,"valgate","auto-valgate",1,2.5,"full","blocked",NA,7.02453225368601,7.24742814592692,9.25786261151998,14.0051688601054,TRUE
"concrete","random",26,"valgate","auto-valgate",1,2.5,"full","blocked",NA,7.13826144644694,7.03794706445513,8.96835028860678,14.6491357773372,TRUE
"concrete","random",27,"valgate","auto-valgate",1,2.5,"full","blocked",NA,6.67323143254583,6.74108492173915,8.42748276134866,13.7181181933038,TRUE
"concrete","random",28,"valgate","auto-valgate",1,2.5,"full","blocked",NA,6.139083283722,6.44495970496067,8.24390822032125,13.1985489711903,TRUE
"concrete","random",29,"valgate","auto-valgate",1,2.5,"full","blocked",NA,6.11085018778064,6.30175948561724,8.11027206129754,13.9852091730508,TRUE
"concrete","random",30,"valgate","auto-valgate",1,2.5,"full","blocked",NA,6.57582617713638,6.47398124062249,8.48959892250595,14.266964755625,TRUE
"concrete","random",1,"valgate","auto-valgate",2,2.5,"full","blocked",NA,6.37197010361635,6.29706652341465,7.8630283043827,12.9926773857645,TRUE
"concrete","random",2,"valgate","auto-valgate",2,2.5,"full","blocked",NA,6.36675839638653,6.39515659861555,8.52575875177402,14.9402653122272,TRUE
"concrete","random",3,"valgate","auto-valgate",2,2.5,"full","blocked",NA,6.89200685656486,7.04676852109041,8.97686778660212,13.8899212621426,TRUE
"concrete","random",4,"valgate","auto-valgate",2,2.5,"full","blocked",NA,6.29601894058317,6.33383618130577,7.94399087841309,13.7188323014851,TRUE
"concrete","random",5,"valgate","auto-valgate",2,2.5,"full","blocked",NA,6.60345417014266,6.75956391619528,8.66242245367514,14.1743574105636,TRUE
"concrete","random",6,"valgate","auto-valgate",2,2.5,"full","blocked",NA,7.16944680466043,7.33676050322833,9.44709722226477,16.0103352920042,TRUE
"concrete","random",7,"valgate","auto-valgate",2,2.5,"full","blocked",NA,6.07821426225377,6.24648408858247,8.03846896264707,12.8868808314178,TRUE
"concrete","random",8,"valgate","auto-valgate",2,2.5,"full","blocked",NA,7.03226910157268,6.93333322363304,9.01889256985942,15.9931082187205,TRUE
"concrete","random",9,"valgate","auto-valgate",2,2.5,"full","blocked",NA,5.98184519666856,6.22832280283269,8.11511496935565,13.7426586412082,TRUE
"concrete","random",10,"valgate","auto-valgate",2,2.5,"full","blocked",NA,7.64788263893388,7.67609804206367,9.58541120333633,15.28997505511,TRUE
"concrete","random",11,"valgate","auto-valgate",2,2.5,"full","blocked",NA,6.80041941861653,6.85197779962434,8.71459286327987,13.850987293265,TRUE
"concrete","random",12,"valgate","auto-valgate",2,2.5,"full","blocked",NA,6.32537168560922,6.47646907217443,8.19927694779087,13.1474531075877,TRUE
"concrete","random",13,"valgate","auto-valgate",2,2.5,"full","blocked",NA,7.4764803337238,7.669811964455,10.0506837115969,17.1131045986935,TRUE
"concrete","random",14,"valgate","auto-valgate",2,2.5,"full","blocked",NA,6.24701077147803,6.49482052237631,8.29349368117251,13.0628362304772,TRUE
"concrete","random",15,"valgate","auto-valgate",2,2.5,"full","blocked",NA,5.86021544633694,6.01130524939488,8.00923423604772,13.5984410153888,TRUE
"concrete","random",16,"valgate","auto-valgate",2,2.5,"full","blocked",NA,6.48129830331571,6.70211654705849,8.80256218896137,14.7550643940172,TRUE
"concrete","random",17,"valgate","auto-valgate",2,2.5,"full","blocked",NA,6.70014989171839,6.7869316159563,8.53824061899804,13.4408757896654,TRUE
"concrete","random",18,"valgate","auto-valgate",2,2.5,"full","blocked",NA,6.2362170151321,6.09126200124,7.63469969126041,12.8992805930725,TRUE
"concrete","random",19,"valgate","auto-valgate",2,2.5,"full","blocked",NA,6.29856118693824,6.41867988857012,8.49475720998933,14.3154634064267,TRUE
"concrete","random",20,"valgate","auto-valgate",2,2.5,"full","blocked",NA,6.16018812284857,6.41528032427828,8.50097473689983,13.4101033003093,TRUE
"concrete","random",21,"valgate","auto-valgate",2,2.5,"full","blocked",NA,6.58193225909223,6.72001348522474,8.75494118747254,14.9885638515557,TRUE
"concrete","random",22,"valgate","auto-valgate",2,2.5,"full","blocked",NA,6.93958257213709,7.21265698420383,9.08686646027918,15.5306716337957,TRUE
"concrete","random",23,"valgate","auto-valgate",2,2.5,"full","blocked",NA,6.95966203561153,7.10010442183435,9.01236013456098,14.3463513675287,TRUE
"concrete","random",24,"valgate","auto-valgate",2,2.5,"full","blocked",NA,7.28815549755738,7.4015795033933,9.10942582529139,15.3126388388528,TRUE
"concrete","random",25,"valgate","auto-valgate",2,2.5,"full","blocked",NA,6.59708802854505,6.70435355584445,8.45663040493325,13.4663326623508,TRUE
"concrete","random",26,"valgate","auto-valgate",2,2.5,"full","blocked",NA,7.05389426370655,7.09530662965151,8.90374199073752,15.196706238819,TRUE
"concrete","random",27,"valgate","auto-valgate",2,2.5,"full","blocked",NA,6.6671247953568,6.74439970965937,8.27644417594867,13.0756622201577,TRUE
"concrete","random",28,"valgate","auto-valgate",2,2.5,"full","blocked",NA,6.7392765516079,6.76966946760835,8.62578158095849,14.1260848934405,TRUE
"concrete","random",29,"valgate","auto-valgate",2,2.5,"full","blocked",NA,6.26936271607825,6.3563623475224,8.34679434838171,14.2048568155762,TRUE
"concrete","random",30,"valgate","auto-valgate",2,2.5,"full","blocked",NA,6.2999165802812,6.45157908157245,8.41663247052611,14.1136795427225,TRUE
"concrete","random",1,"valgate","auto-valgate",3,2.5,"full","blocked",NA,6.56155568365887,6.46904725034859,8.21513453568247,14.4503469371118,TRUE
"concrete","random",2,"valgate","auto-valgate",3,2.5,"full","blocked",NA,5.88281105821358,6.11455893991868,7.75876114010784,13.011643598527,TRUE
"concrete","random",3,"valgate","auto-valgate",3,2.5,"full","blocked",NA,6.65707398363857,6.89288846612513,8.86389607811831,14.4602362084268,TRUE
"concrete","random",4,"valgate","auto-valgate",3,2.5,"full","blocked",NA,6.80258021241497,6.96763921668259,9.13100355291995,15.1392855610654,TRUE
"concrete","random",5,"valgate","auto-valgate",3,2.5,"full","blocked",NA,6.56513977307536,6.71264047380877,8.63742798804065,14.4073668704816,TRUE
"concrete","random",6,"valgate","auto-valgate",3,2.5,"full","blocked",NA,6.32944398516896,6.46368617478452,8.29415025499465,13.6397224220339,TRUE
"concrete","random",7,"valgate","auto-valgate",3,2.5,"full","blocked",NA,6.36724299993451,6.43010074094352,8.24535788462146,13.7528035776602,TRUE
"concrete","random",8,"valgate","auto-valgate",3,2.5,"full","blocked",NA,6.94466760962086,6.99030730886796,8.98497939898503,15.7700096697679,TRUE
"concrete","random",9,"valgate","auto-valgate",3,2.5,"full","blocked",NA,6.62401458676517,6.80894292545931,8.54274228975747,14.2583502471283,TRUE
"concrete","random",10,"valgate","auto-valgate",3,2.5,"full","blocked",NA,6.75023349768984,6.96710800141768,8.65627979866657,15.0845697461283,TRUE
"concrete","random",11,"valgate","auto-valgate",3,2.5,"full","blocked",NA,6.29987969766047,6.66814893192038,8.99210623106935,14.5993754633429,TRUE
"concrete","random",12,"valgate","auto-valgate",3,2.5,"full","blocked",NA,6.06955387406505,6.22140432265436,8.01703656567284,12.6203699508573,TRUE
"concrete","random",13,"valgate","auto-valgate",3,2.5,"full","blocked",NA,6.56840544744097,6.73338830609415,8.58130558388747,13.0645693942832,TRUE
"concrete","random",14,"valgate","auto-valgate",3,2.5,"full","blocked",NA,6.43703005523529,6.5822578985012,8.29578181355946,13.3756149185868,TRUE
"concrete","random",15,"valgate","auto-valgate",3,2.5,"full","blocked",NA,6.42629177413106,6.43454959976356,8.25953513969326,13.6351714158939,TRUE
"concrete","random",16,"valgate","auto-valgate",3,2.5,"full","blocked",NA,6.69950697132598,6.96096452095488,8.91405985850601,14.7232853045006,TRUE
"concrete","random",17,"valgate","auto-valgate",3,2.5,"full","blocked",NA,7.02808027601625,7.1731596635171,9.04358927403357,14.55430228395,TRUE
"concrete","random",18,"valgate","auto-valgate",3,2.5,"full","blocked",NA,6.44497883697397,6.6702342374282,8.56504672622851,13.4814473656403,TRUE
"concrete","random",19,"valgate","auto-valgate",3,2.5,"full","blocked",NA,6.63736688903421,6.74979712837966,9.24421277169932,15.504947312999,TRUE
"concrete","random",20,"valgate","auto-valgate",3,2.5,"full","blocked",NA,6.39241632035925,6.56929155916814,8.8085034897583,14.7354476740405,TRUE
"concrete","random",21,"valgate","auto-valgate",3,2.5,"full","blocked",NA,6.75820327587969,6.86272146951131,9.10079770925625,14.4113841860414,TRUE
"concrete","random",22,"valgate","auto-valgate",3,2.5,"full","blocked",NA,6.88062030555165,6.93215184947173,8.73658793233865,14.3685539912959,TRUE
"concrete","random",23,"valgate","auto-valgate",3,2.5,"full","blocked",NA,7.70214366428407,7.99703171397905,10.4987940555219,18.4245924203449,TRUE
"concrete","random",24,"valgate","auto-valgate",3,2.5,"full","blocked",NA,6.79764208799523,6.8081023230193,8.45865058835763,13.7791187686939,TRUE
"concrete","random",25,"valgate","auto-valgate",3,2.5,"full","blocked",NA,6.96764085530135,7.05665200405445,9.189567196153,15.362825160075,TRUE
"concrete","random",26,"valgate","auto-valgate",3,2.5,"full","blocked",NA,6.70102684786295,6.72564084295903,8.64169316745572,14.4937004551597,TRUE
"concrete","random",27,"valgate","auto-valgate",3,2.5,"full","blocked",NA,6.52738364051672,6.66570126255754,8.24288086215931,12.9147098731731,TRUE
"concrete","random",28,"valgate","auto-valgate",3,2.5,"full","blocked",NA,6.61830661846249,6.80783037425733,8.62466056931798,13.5198273233566,TRUE
"concrete","random",29,"valgate","auto-valgate",3,2.5,"full","blocked",NA,6.17407199149486,6.21989940810213,8.05079083590063,13.4217865994788,TRUE
"concrete","random",30,"valgate","auto-valgate",3,2.5,"full","blocked",NA,6.38628519290327,6.52530143012898,8.3020672465648,13.8700405303997,TRUE
"concrete","random",1,"rinner","auto-valgate",0,2.5,"full","random",NA,6.56920631199394,6.4093280110181,8.10116042197111,14.0875933823389,TRUE
"concrete","random",2,"rinner","auto-valgate",0,2.5,"full","random",NA,6.26754803766734,6.23359016073158,8.27339052606314,14.6613153118986,TRUE
"concrete","random",3,"rinner","auto-valgate",0,2.5,"full","random",NA,6.63936118160311,6.92687136172155,9.01939698403617,14.2814667160098,TRUE
"concrete","random",4,"rinner","auto-valgate",0,2.5,"full","random",NA,6.19317104299837,6.11280534213198,7.91275943283441,13.229743640765,TRUE
"concrete","random",5,"rinner","auto-valgate",0,2.5,"full","random",NA,6.5908039432255,6.86384306275626,8.83345678643464,13.9769915242228,TRUE
"concrete","random",6,"rinner","auto-valgate",0,2.5,"full","random",NA,6.43269230775576,6.55844155476472,8.52417399388464,14.2673999573588,TRUE
"concrete","random",7,"rinner","auto-valgate",0,2.5,"full","random",NA,6.19811108899262,6.33728690611705,8.10590772032843,13.7042553196443,TRUE
"concrete","random",8,"rinner","auto-valgate",0,2.5,"full","random",NA,6.81132924058035,7.01276522750818,9.17029373744728,15.3644881473963,TRUE
"concrete","random",9,"rinner","auto-valgate",0,2.5,"full","random",NA,6.24280733632164,6.3690446836173,8.17789039742145,13.4468611356583,TRUE
"concrete","random",10,"rinner","auto-valgate",0,2.5,"full","random",NA,6.61622040952703,6.72329310450099,8.53763412083566,15.0173404370506,TRUE
"concrete","random",11,"rinner","auto-valgate",0,2.5,"full","random",NA,6.47283761879399,6.78762993478763,9.05134721755098,13.9422094427948,TRUE
"concrete","random",12,"rinner","auto-valgate",0,2.5,"full","random",NA,6.14920087540451,6.34235193183084,7.99012596626232,12.1234035259195,TRUE
"concrete","random",13,"rinner","auto-valgate",0,2.5,"full","random",NA,6.81099558424305,6.85892707724094,8.72715927526805,14.2623418096006,TRUE
"concrete","random",14,"rinner","auto-valgate",0,2.5,"full","random",NA,6.36215958862202,6.52794419144085,8.11960655775528,13.4215729333938,TRUE
"concrete","random",15,"rinner","auto-valgate",0,2.5,"full","random",NA,5.95053066753108,5.98822798708856,8.01451101472247,14.1895156127197,TRUE
"concrete","random",16,"rinner","auto-valgate",0,2.5,"full","random",NA,6.50653540811204,6.58312758151743,8.83057470490539,14.5959537136318,TRUE
"concrete","random",17,"rinner","auto-valgate",0,2.5,"full","random",NA,6.85747189059731,7.03470256116757,8.88854542690808,14.1338720358489,TRUE
"concrete","random",18,"rinner","auto-valgate",0,2.5,"full","random",NA,6.3492605915043,6.29086948005434,8.03720302837357,13.823719608764,TRUE
"concrete","random",19,"rinner","auto-valgate",0,2.5,"full","random",NA,6.58908899866945,6.72492288432778,8.80967715661925,14.3955996091884,TRUE
"concrete","random",20,"rinner","auto-valgate",0,2.5,"full","random",NA,6.68329134498314,6.79940964029158,9.13574483614847,15.6561492122677,TRUE
"concrete","random",21,"rinner","auto-valgate",0,2.5,"full","random",NA,6.30827804479387,6.4446535181868,8.52589820709267,13.8863527371775,TRUE
"concrete","random",22,"rinner","auto-valgate",0,2.5,"full","random",NA,7.09681705352795,7.29583637023265,9.34907409820764,15.7604424075976,TRUE
"concrete","random",23,"rinner","auto-valgate",0,2.5,"full","random",NA,7.36441509194244,7.48651370682005,9.58000359966001,16.5658873502389,TRUE
"concrete","random",24,"rinner","auto-valgate",0,2.5,"full","random",NA,6.94917115592282,7.03778968092007,8.89018283922936,14.7403972657069,TRUE
"concrete","random",25,"rinner","auto-valgate",0,2.5,"full","random",NA,6.57883375146325,6.79562434019802,8.61566031647874,13.0792858984437,TRUE
"concrete","random",26,"rinner","auto-valgate",0,2.5,"full","random",NA,6.71875226989653,6.72494439613982,8.47128614605701,14.1261576737397,TRUE
"concrete","random",27,"rinner","auto-valgate",0,2.5,"full","random",NA,7.04044794298094,7.13148780380764,8.89790962138597,14.1802334685786,TRUE
"concrete","random",28,"rinner","auto-valgate",0,2.5,"full","random",NA,6.9776825482242,6.90571943994628,8.74707700806072,14.8466893418772,TRUE
"concrete","random",29,"rinner","auto-valgate",0,2.5,"full","random",NA,6.28483137890712,6.34227103503186,8.08734518412376,13.8279622848148,TRUE
"concrete","random",30,"rinner","auto-valgate",0,2.5,"full","random",NA,6.67148038504426,6.67462463317578,8.46493232913994,14.4699910030354,TRUE
"concrete","random",1,"norobust","auto-valgate",0,2.5,"LSE+WPMM2+WPMM3","blocked",NA,6.62286079208212,6.56418891046071,8.27479955596685,14.3246713583368,TRUE
"concrete","random",2,"norobust","auto-valgate",0,2.5,"LSE+WPMM2+WPMM3","blocked",NA,6.31566989312716,6.27254739546083,8.33063491009203,14.8458620966658,TRUE
"concrete","random",3,"norobust","auto-valgate",0,2.5,"LSE+WPMM2+WPMM3","blocked",NA,6.57893632735749,6.87135715539076,9.03609394478834,14.3074006249664,TRUE
"concrete","random",4,"norobust","auto-valgate",0,2.5,"LSE+WPMM2+WPMM3","blocked",NA,6.87215249273278,6.97939465733745,9.2542180758068,15.7569089535341,TRUE
"concrete","random",5,"norobust","auto-valgate",0,2.5,"LSE+WPMM2+WPMM3","blocked",NA,6.79475219023132,7.00524613147663,9.2265751320989,14.7298027032345,TRUE
"concrete","random",6,"norobust","auto-valgate",0,2.5,"LSE+WPMM2+WPMM3","blocked",NA,6.4190704081873,6.70914998140458,8.56089533067203,13.8230022352244,TRUE
"concrete","random",7,"norobust","auto-valgate",0,2.5,"LSE+WPMM2+WPMM3","blocked",NA,6.43389205775785,6.53383315412275,8.30590781776678,13.6053965508284,TRUE
"concrete","random",8,"norobust","auto-valgate",0,2.5,"LSE+WPMM2+WPMM3","blocked",NA,6.89607819671461,7.02121294446186,9.05660480355176,15.5235300665042,TRUE
"concrete","random",9,"norobust","auto-valgate",0,2.5,"LSE+WPMM2+WPMM3","blocked",NA,6.3243356556352,6.42786591388811,8.27006098943991,13.7364877277804,TRUE
"concrete","random",10,"norobust","auto-valgate",0,2.5,"LSE+WPMM2+WPMM3","blocked",NA,6.93152838933281,6.85209846540129,8.88272592133011,15.3604696585014,TRUE
"concrete","random",11,"norobust","auto-valgate",0,2.5,"LSE+WPMM2+WPMM3","blocked",NA,6.66598858534733,6.90225390620133,9.39334511181563,14.5509396129741,TRUE
"concrete","random",12,"norobust","auto-valgate",0,2.5,"LSE+WPMM2+WPMM3","blocked",NA,6.4600000634725,6.60758381988453,8.24026586445331,13.1461946903688,TRUE
"concrete","random",13,"norobust","auto-valgate",0,2.5,"LSE+WPMM2+WPMM3","blocked",NA,6.86148688404975,7.06402208481092,9.02675037100437,13.8579958385413,TRUE
"concrete","random",14,"norobust","auto-valgate",0,2.5,"LSE+WPMM2+WPMM3","blocked",NA,6.23274891972842,6.3570557212342,7.91809896882434,13.1307346139374,TRUE
"concrete","random",15,"norobust","auto-valgate",0,2.5,"LSE+WPMM2+WPMM3","blocked",NA,5.89749229789705,5.91996911781527,7.90648020971347,13.9525548450318,TRUE
"concrete","random",16,"norobust","auto-valgate",0,2.5,"LSE+WPMM2+WPMM3","blocked",NA,6.538652248626,6.61134033790792,8.85817735033675,14.3224946325899,TRUE
"concrete","random",17,"norobust","auto-valgate",0,2.5,"LSE+WPMM2+WPMM3","blocked",NA,7.0792306421647,7.24413588957629,9.08227267318485,14.7127379552581,TRUE
"concrete","random",18,"norobust","auto-valgate",0,2.5,"LSE+WPMM2+WPMM3","blocked",NA,6.37244874711389,6.51048170640117,8.43927330488175,12.9167448059067,TRUE
"concrete","random",19,"norobust","auto-valgate",0,2.5,"LSE+WPMM2+WPMM3","blocked",NA,6.52721235735937,6.72860341918217,8.77220643264971,14.1400970007887,TRUE
"concrete","random",20,"norobust","auto-valgate",0,2.5,"LSE+WPMM2+WPMM3","blocked",NA,6.73739816644327,6.87305165364706,9.02613214838103,14.6255161118937,TRUE
"concrete","random",21,"norobust","auto-valgate",0,2.5,"LSE+WPMM2+WPMM3","blocked",NA,6.30377506170338,6.45421925270629,8.49181285329877,13.6498443610364,TRUE
"concrete","random",22,"norobust","auto-valgate",0,2.5,"LSE+WPMM2+WPMM3","blocked",NA,6.95692200766666,7.13347103743329,9.22370217753913,14.9783575150695,TRUE
"concrete","random",23,"norobust","auto-valgate",0,2.5,"LSE+WPMM2+WPMM3","blocked",NA,7.28212584500263,7.47108210577919,9.60739530906122,16.4150878324373,TRUE
"concrete","random",24,"norobust","auto-valgate",0,2.5,"LSE+WPMM2+WPMM3","blocked",NA,7.11511209328348,7.17815125348383,8.85829466091159,14.5993197118349,TRUE
"concrete","random",25,"norobust","auto-valgate",0,2.5,"LSE+WPMM2+WPMM3","blocked",NA,6.81442638276971,6.9449141090101,8.91527176066874,14.1513194188822,TRUE
"concrete","random",26,"norobust","auto-valgate",0,2.5,"LSE+WPMM2+WPMM3","blocked",NA,6.8222367616712,6.84241002022325,8.57346960791781,14.1958121142712,TRUE
"concrete","random",27,"norobust","auto-valgate",0,2.5,"LSE+WPMM2+WPMM3","blocked",NA,8.38417044922194,8.44193154827277,10.4019470096553,16.5584462504666,TRUE
"concrete","random",28,"norobust","auto-valgate",0,2.5,"LSE+WPMM2+WPMM3","blocked",NA,6.96614740063461,6.99426038543029,8.80111638392314,15.3125593064216,TRUE
"concrete","random",29,"norobust","auto-valgate",0,2.5,"LSE+WPMM2+WPMM3","blocked",NA,6.27410403932363,6.17473399056209,8.16450094062403,13.704234495047,TRUE
"concrete","random",30,"norobust","auto-valgate",0,2.5,"LSE+WPMM2+WPMM3","blocked",NA,6.31544136560633,6.49552733759788,8.2826502082938,13.9777374862101,TRUE
"concrete","random",1,"sigma","WPMM2",0,1.5,"full","blocked",NA,6.36518779289729,6.14880280926063,8.01148124639736,14.1884593635118,TRUE
"concrete","random",2,"sigma","WPMM2",0,1.5,"full","blocked",NA,6.31739792311221,6.48950961958327,8.52533650705914,14.4530799734511,TRUE
"concrete","random",3,"sigma","WPMM2",0,1.5,"full","blocked",NA,6.48158883196145,6.711154916552,8.71440124515947,14.5121291068727,TRUE
"concrete","random",4,"sigma","WPMM2",0,1.5,"full","blocked",NA,6.25412807864612,6.31291473525135,7.97652164329141,13.6994177520422,TRUE
"concrete","random",5,"sigma","WPMM2",0,1.5,"full","blocked",NA,6.70304930980052,6.93709119753723,9.06072103096608,14.4914633902813,TRUE
"concrete","random",6,"sigma","WPMM2",0,1.5,"full","blocked",NA,6.19277955216792,6.33540086390324,8.38621059009531,14.4958814560267,TRUE
"concrete","random",7,"sigma","WPMM2",0,1.5,"full","blocked",NA,6.17835790762473,6.30345965032428,8.25330364961397,13.5701825979962,TRUE
"concrete","random",8,"sigma","WPMM2",0,1.5,"full","blocked",NA,6.67830574506937,6.75964875818159,8.79843164963774,14.5665528231863,TRUE
"concrete","random",9,"sigma","WPMM2",0,1.5,"full","blocked",NA,5.9895523140049,6.18941481113638,8.12513139970933,13.3307037101285,TRUE
"concrete","random",10,"sigma","WPMM2",0,1.5,"full","blocked",NA,6.87098098791732,7.05983321571039,8.71708103454342,14.8366787786996,TRUE
"concrete","random",11,"sigma","WPMM2",0,1.5,"full","blocked",NA,6.52756330037392,6.62692707993349,8.5760839317869,13.5219383944537,TRUE
"concrete","random",12,"sigma","WPMM2",0,1.5,"full","blocked",NA,6.06027807388143,6.28824281283732,8.2488732287653,13.6503281802279,TRUE
"concrete","random",13,"sigma","WPMM2",0,1.5,"full","blocked",NA,7.03078551211851,7.17456579810187,9.31980803735945,15.4453193022583,TRUE
"concrete","random",14,"sigma","WPMM2",0,1.5,"full","blocked",NA,7.01228400947988,7.32647696463737,9.36631456612737,17.1814561723581,TRUE
"concrete","random",15,"sigma","WPMM2",0,1.5,"full","blocked",NA,6.07975455671587,6.11112844118879,8.26430075646033,14.28960359043,TRUE
"concrete","random",16,"sigma","WPMM2",0,1.5,"full","blocked",NA,6.48395796684196,6.66656419083474,8.70128623164827,14.7028485438769,TRUE
"concrete","random",17,"sigma","WPMM2",0,1.5,"full","blocked",NA,6.88219175070363,6.9590679940367,8.99046685814919,15.3581840474313,TRUE
"concrete","random",18,"sigma","WPMM2",0,1.5,"full","blocked",NA,6.3362402617715,6.19407908525909,7.85942911895782,13.3799396546237,TRUE
"concrete","random",19,"sigma","WPMM2",0,1.5,"full","blocked",NA,6.34142946341446,6.60040958008942,8.71935006526799,14.7209318338966,TRUE
"concrete","random",20,"sigma","WPMM2",0,1.5,"full","blocked",NA,6.58696225598352,6.72957196073945,9.22238757986486,16.3909723364479,TRUE
"concrete","random",21,"sigma","WPMM2",0,1.5,"full","blocked",NA,6.6909190828726,6.8774819494877,9.18194333903536,14.738448003618,TRUE
"concrete","random",22,"sigma","WPMM2",0,1.5,"full","blocked",NA,6.94604672846029,6.90544755647037,8.89917668053371,15.3737541646032,TRUE
"concrete","random",23,"sigma","WPMM2",0,1.5,"full","blocked",NA,7.22083952569577,7.26199569275462,9.44843248596932,16.0645556484238,TRUE
"concrete","random",24,"sigma","WPMM2",0,1.5,"full","blocked",NA,6.89142727781847,6.93794768452841,8.96842471473701,15.1930108273824,TRUE
"concrete","random",25,"sigma","WPMM2",0,1.5,"full","blocked",NA,6.74506500413743,6.8700636763106,8.8413290798897,13.9571680939803,TRUE
"concrete","random",26,"sigma","WPMM2",0,1.5,"full","blocked",NA,7.06625318007453,7.12615729087965,9.13729068496245,15.9417316565594,TRUE
"concrete","random",27,"sigma","WPMM2",0,1.5,"full","blocked",NA,6.72074329228608,6.53769530277136,8.31306755194188,14.209443923494,TRUE
"concrete","random",28,"sigma","WPMM2",0,1.5,"full","blocked",NA,6.66047554367467,6.80483868412914,8.81563327272774,14.9001273303249,TRUE
"concrete","random",29,"sigma","WPMM2",0,1.5,"full","blocked",NA,6.31891327956375,6.44622172873484,8.12796193772767,13.5120933275955,TRUE
"concrete","random",30,"sigma","WPMM2",0,1.5,"full","blocked",NA,6.13604543684981,6.17507807762727,8.09580305368036,13.8186221198219,TRUE
"concrete","random",1,"sigma","WPMM3",0,1.5,"full","blocked",NA,6.3974804266298,6.30943898803633,7.88426659775998,12.8654015683649,TRUE
"concrete","random",2,"sigma","WPMM3",0,1.5,"full","blocked",NA,5.83928958336539,5.9654482090836,7.52624338769964,12.0914692985815,TRUE
"concrete","random",3,"sigma","WPMM3",0,1.5,"full","blocked",NA,6.53086502124377,6.60263406057376,8.67768097912532,13.9189091944458,TRUE
"concrete","random",4,"sigma","WPMM3",0,1.5,"full","blocked",NA,6.33272431702935,6.41071457790137,8.1252796540994,14.1477525805675,TRUE
"concrete","random",5,"sigma","WPMM3",0,1.5,"full","blocked",NA,6.54046897268986,6.69122437844102,8.60870217371527,14.1996458615019,TRUE
"concrete","random",6,"sigma","WPMM3",0,1.5,"full","blocked",NA,6.60853867246544,6.69080378016986,8.58434759602347,14.153485918282,TRUE
"concrete","random",7,"sigma","WPMM3",0,1.5,"full","blocked",NA,6.41743644833034,6.56985879748913,8.95795480741326,14.9437612141211,TRUE
"concrete","random",8,"sigma","WPMM3",0,1.5,"full","blocked",NA,7.31304808161408,7.25019840480561,9.53806747155746,15.9021108452474,TRUE
"concrete","random",9,"sigma","WPMM3",0,1.5,"full","blocked",NA,6.25021205959523,6.5230556980234,8.19199244557348,14.0819677992848,TRUE
"concrete","random",10,"sigma","WPMM3",0,1.5,"full","blocked",NA,7.46544255788479,7.54824132391138,9.63869893547982,15.9075525648,TRUE
"concrete","random",11,"sigma","WPMM3",0,1.5,"full","blocked",NA,6.56980909189011,6.62857716971319,8.36523415819923,13.4933983077242,TRUE
"concrete","random",12,"sigma","WPMM3",0,1.5,"full","blocked",NA,6.95084540838102,7.23978813562237,8.98419832327192,13.932949362643,TRUE
"concrete","random",13,"sigma","WPMM3",0,1.5,"full","blocked",NA,6.39248332315457,6.46948924857585,8.75566085932782,15.1187161435809,TRUE
"concrete","random",14,"sigma","WPMM3",0,1.5,"full","blocked",NA,6.38655268054454,6.83241646612437,9.0512239826196,13.6900739145383,TRUE
"concrete","random",15,"sigma","WPMM3",0,1.5,"full","blocked",NA,6.1790833934172,6.28685918238058,7.96136553586143,13.1791971078526,TRUE
"concrete","random",16,"sigma","WPMM3",0,1.5,"full","blocked",NA,6.48523601760594,6.7434159555059,8.74665425533731,13.5659512220531,TRUE
"concrete","random",17,"sigma","WPMM3",0,1.5,"full","blocked",NA,6.67330253167665,6.82891291667309,8.77634266135759,13.5043763605471,TRUE
"concrete","random",18,"sigma","WPMM3",0,1.5,"full","blocked",NA,6.36006689680479,6.51473331925251,8.28855951526728,14.1873961634643,TRUE
"concrete","random",19,"sigma","WPMM3",0,1.5,"full","blocked",NA,5.91987746536035,6.12606673283575,8.19596992785673,13.852793703149,TRUE
"concrete","random",20,"sigma","WPMM3",0,1.5,"full","blocked",NA,6.50113440136226,6.67463093066829,8.85730337975228,15.0742645230468,TRUE
"concrete","random",21,"sigma","WPMM3",0,1.5,"full","blocked",NA,6.613957450995,6.90792825843048,9.22661154199609,15.3315387592153,TRUE
"concrete","random",22,"sigma","WPMM3",0,1.5,"full","blocked",NA,6.79972397517686,6.82931238551979,8.75819622193342,14.1325856838685,TRUE
"concrete","random",23,"sigma","WPMM3",0,1.5,"full","blocked",NA,7.01160630561917,7.18447508710217,9.03926278463596,14.9485468686635,TRUE
"concrete","random",24,"sigma","WPMM3",0,1.5,"full","blocked",NA,6.47122991050516,6.58900671429326,8.45025677444902,13.7061249658657,TRUE
"concrete","random",25,"sigma","WPMM3",0,1.5,"full","blocked",NA,6.73885000740306,6.8533151597393,8.78515750108348,14.1685661029517,TRUE
"concrete","random",26,"sigma","WPMM3",0,1.5,"full","blocked",NA,6.77589116864503,6.83514021931388,8.56641982035298,14.6736817991064,TRUE
"concrete","random",27,"sigma","WPMM3",0,1.5,"full","blocked",NA,6.897284197417,6.89210120054176,8.78829650466606,14.0835572395475,TRUE
"concrete","random",28,"sigma","WPMM3",0,1.5,"full","blocked",NA,6.41386572097548,6.48021568764651,8.23424031437375,13.0607978798062,TRUE
"concrete","random",29,"sigma","WPMM3",0,1.5,"full","blocked",NA,7.17192899775288,7.14613332410552,9.25507748067566,15.5180365926519,TRUE
"concrete","random",30,"sigma","WPMM3",0,1.5,"full","blocked",NA,6.22533020643257,6.36726139886139,8.44775769232307,15.0591361900812,TRUE
"concrete","random",1,"sigma","auto-valgate",0,1.5,"full","blocked",NA,6.65375862575714,6.50327518302731,8.21939536230473,14.3319799577459,TRUE
"concrete","random",2,"sigma","auto-valgate",0,1.5,"full","blocked",NA,6.26530557789136,6.29415008088853,8.32993932710789,14.6389228014979,TRUE
"concrete","random",3,"sigma","auto-valgate",0,1.5,"full","blocked",NA,6.28748122527621,6.59863260584354,8.74641556870857,14.047797546047,TRUE
"concrete","random",4,"sigma","auto-valgate",0,1.5,"full","blocked",NA,6.75520028590189,6.8154764885539,9.11315045848161,16.2425004050686,TRUE
"concrete","random",5,"sigma","auto-valgate",0,1.5,"full","blocked",NA,6.77777647816706,6.95410931156146,9.19324066718809,14.9403954894178,TRUE
"concrete","random",6,"sigma","auto-valgate",0,1.5,"full","blocked",NA,6.82687318834438,6.95368274215708,8.81228369057878,14.1544086532346,TRUE
"concrete","random",7,"sigma","auto-valgate",0,1.5,"full","blocked",NA,6.28729179224329,6.36830027439554,8.25634559424297,13.9508020081848,TRUE
"concrete","random",8,"sigma","auto-valgate",0,1.5,"full","blocked",NA,7.20604986525803,7.3184606533453,9.53254433156986,16.3079675855496,TRUE
"concrete","random",9,"sigma","auto-valgate",0,1.5,"full","blocked",NA,6.14044451311655,6.21446565563996,8.01598637531219,13.2078078473805,TRUE
"concrete","random",10,"sigma","auto-valgate",0,1.5,"full","blocked",NA,6.62547669558468,6.8790651855951,8.51618453798436,14.3029361555044,TRUE
"concrete","random",11,"sigma","auto-valgate",0,1.5,"full","blocked",NA,6.55543628881808,6.77865357007366,8.99644884566384,13.7590766734196,TRUE
"concrete","random",12,"sigma","auto-valgate",0,1.5,"full","blocked",NA,6.38557273932956,6.43627000582403,8.16738671239736,12.8012067827385,TRUE
"concrete","random",13,"sigma","auto-valgate",0,1.5,"full","blocked",NA,6.81030995480866,6.89245283929734,8.73329304247034,14.2031803613182,TRUE
"concrete","random",14,"sigma","auto-valgate",0,1.5,"full","blocked",NA,6.39213208527246,6.61098250101759,8.42510373595138,14.0092358724013,TRUE
"concrete","random",15,"sigma","auto-valgate",0,1.5,"full","blocked",NA,6.26072872969442,6.28386320401798,8.41115644231869,14.7063520160206,TRUE
"concrete","random",16,"sigma","auto-valgate",0,1.5,"full","blocked",NA,6.59995807326113,6.73160320054755,8.75194999100204,14.6632280005381,TRUE
"concrete","random",17,"sigma","auto-valgate",0,1.5,"full","blocked",NA,6.83618416716756,6.95935898267158,8.78893036408047,13.7875809898045,TRUE
"concrete","random",18,"sigma","auto-valgate",0,1.5,"full","blocked",NA,6.32551226335788,6.14540150866696,7.78602516765623,13.1265181383747,TRUE
"concrete","random",19,"sigma","auto-valgate",0,1.5,"full","blocked",NA,6.56447325184106,6.77446665407855,8.80532290464175,14.5625674157621,TRUE
"concrete","random",20,"sigma","auto-valgate",0,1.5,"full","blocked",NA,6.93913791920903,6.97488651977239,9.34214127244975,15.7970119623937,TRUE
"concrete","random",21,"sigma","auto-valgate",0,1.5,"full","blocked",NA,6.28233319643856,6.43579973260851,8.48362662475594,13.6970084156742,TRUE
"concrete","random",22,"sigma","auto-valgate",0,1.5,"full","blocked",NA,7.18267363507718,7.37106496916207,9.28341268096817,15.8156840512198,TRUE
"concrete","random",23,"sigma","auto-valgate",0,1.5,"full","blocked",NA,7.17954762885579,7.336759868816,9.34866942272753,15.1227914905386,TRUE
"concrete","random",24,"sigma","auto-valgate",0,1.5,"full","blocked",NA,7.07229630064949,7.14276185610518,8.83848829877301,14.6790761245133,TRUE
"concrete","random",25,"sigma","auto-valgate",0,1.5,"full","blocked",NA,6.74396256481932,6.96933867250712,9.07618071639992,14.603962340186,TRUE
"concrete","random",26,"sigma","auto-valgate",0,1.5,"full","blocked",NA,6.71948355836936,6.6834031518614,8.42723039999396,14.0022544525307,TRUE
"concrete","random",27,"sigma","auto-valgate",0,1.5,"full","blocked",NA,8.50338186654256,8.51703201450852,10.4939501106268,17.0005891074836,TRUE
"concrete","random",28,"sigma","auto-valgate",0,1.5,"full","blocked",NA,6.91778464901157,6.94732843943112,8.72792538360054,15.083866056918,TRUE
"concrete","random",29,"sigma","auto-valgate",0,1.5,"full","blocked",NA,6.15264263141508,6.0464016490232,8.05028925374038,13.8469045732026,TRUE
"concrete","random",30,"sigma","auto-valgate",0,1.5,"full","blocked",NA,6.48601815077522,6.40540632604991,8.29094300458238,14.7202287547635,TRUE
"concrete","random",1,"sigma","WPMM2",0,4,"full","blocked",NA,6.55738079327647,6.42867152153125,8.17369749138264,14.361342716937,TRUE
"concrete","random",2,"sigma","WPMM2",0,4,"full","blocked",NA,6.2102019961438,6.39153810457195,8.258011414059,13.0155104889623,TRUE
"concrete","random",3,"sigma","WPMM2",0,4,"full","blocked",NA,6.82063047711744,7.05491611536895,9.15034317291568,15.0306098636499,TRUE
"concrete","random",4,"sigma","WPMM2",0,4,"full","blocked",NA,6.47579957540716,6.48825075554475,8.16942197622641,13.9627943518781,TRUE
"concrete","random",5,"sigma","WPMM2",0,4,"full","blocked",NA,6.81352349576085,6.94485187877452,9.04788128653076,15.1450066150705,TRUE
"concrete","random",6,"sigma","WPMM2",0,4,"full","blocked",NA,6.17422381849568,6.36615510152132,8.25203833303746,13.3603201226382,TRUE
"concrete","random",7,"sigma","WPMM2",0,4,"full","blocked",NA,6.47155263104722,6.5165192301505,8.53539267089657,14.1378231032819,TRUE
"concrete","random",8,"sigma","WPMM2",0,4,"full","blocked",NA,6.71243436718103,6.78353399866983,8.79496629231651,14.6302576876084,TRUE
"concrete","random",9,"sigma","WPMM2",0,4,"full","blocked",NA,6.04944551917818,6.19470742609159,8.06850466449579,13.1850072000643,TRUE
"concrete","random",10,"sigma","WPMM2",0,4,"full","blocked",NA,7.31448346023859,7.22242968976535,9.0363794927492,14.6569025724748,TRUE
"concrete","random",11,"sigma","WPMM2",0,4,"full","blocked",NA,6.93876687121391,7.10371935132157,9.55450361976408,15.5462744045042,TRUE
"concrete","random",12,"sigma","WPMM2",0,4,"full","blocked",NA,6.12477045190248,6.29414436975053,8.1109349421019,13.7566397789014,TRUE
"concrete","random",13,"sigma","WPMM2",0,4,"full","blocked",NA,7.14254823229273,7.31668478949425,9.32915330539243,14.8569342379731,TRUE
"concrete","random",14,"sigma","WPMM2",0,4,"full","blocked",NA,6.92377792812366,7.02665416149777,8.90964249500824,15.2443861174609,TRUE
"concrete","random",15,"sigma","WPMM2",0,4,"full","blocked",NA,6.18000664786768,6.28039743920019,8.43709098401426,14.276681543622,TRUE
"concrete","random",16,"sigma","WPMM2",0,4,"full","blocked",NA,6.46510194157553,6.71446704912733,8.72523265823179,14.3543893313929,TRUE
"concrete","random",17,"sigma","WPMM2",0,4,"full","blocked",NA,7.13558293898745,7.22428607069897,9.30515269379225,15.067221958066,TRUE
"concrete","random",18,"sigma","WPMM2",0,4,"full","blocked",NA,6.481914965429,6.63515896643907,8.51640023521072,13.2262544294676,TRUE
"concrete","random",19,"sigma","WPMM2",0,4,"full","blocked",NA,6.54638575481357,6.74196225033458,8.84855956937003,14.4505105447261,TRUE
"concrete","random",20,"sigma","WPMM2",0,4,"full","blocked",NA,6.34702375821473,6.6014207213581,8.9130753142142,15.09942811304,TRUE
"concrete","random",21,"sigma","WPMM2",0,4,"full","blocked",NA,6.68542885798472,6.83762697356862,9.04310838287308,15.6271151875602,TRUE
"concrete","random",22,"sigma","WPMM2",0,4,"full","blocked",NA,7.10798485975863,7.12221441505309,9.2291577489852,15.281082805913,TRUE
"concrete","random",23,"sigma","WPMM2",0,4,"full","blocked",NA,7.10441407067082,7.25714578762974,9.34507023053229,16.2904660255159,TRUE
"concrete","random",24,"sigma","WPMM2",0,4,"full","blocked",NA,6.90009834953999,6.96205170159626,8.94858395972154,15.3211210938894,TRUE
"concrete","random",25,"sigma","WPMM2",0,4,"full","blocked",NA,6.85660784398536,6.91610018133641,8.8863243179971,13.8053200359558,TRUE
"concrete","random",26,"sigma","WPMM2",0,4,"full","blocked",NA,6.87471568688075,6.84221449986697,8.75141744046823,14.4379588894271,TRUE
"concrete","random",27,"sigma","WPMM2",0,4,"full","blocked",NA,6.745322356782,6.56064972878076,8.29737599094899,13.7218373389649,TRUE
"concrete","random",28,"sigma","WPMM2",0,4,"full","blocked",NA,6.76817819811828,6.91362074603327,8.91744259996345,14.8859421549774,TRUE
"concrete","random",29,"sigma","WPMM2",0,4,"full","blocked",NA,6.25608911596434,6.36059346437779,8.20033801958233,13.9450500694955,TRUE
"concrete","random",30,"sigma","WPMM2",0,4,"full","blocked",NA,6.18982819729299,6.03541964528866,8.05496666317518,14.5423237864428,TRUE
"concrete","random",1,"sigma","WPMM3",0,4,"full","blocked",NA,6.58159051722799,6.50504154339021,8.17667627027665,13.3464562212182,TRUE
"concrete","random",2,"sigma","WPMM3",0,4,"full","blocked",NA,5.90034322049796,6.07316821970081,7.63800095878002,12.4263802028277,TRUE
"concrete","random",3,"sigma","WPMM3",0,4,"full","blocked",NA,6.69736465406999,6.75986435879699,8.67429490787915,14.1466098594128,TRUE
"concrete","random",4,"sigma","WPMM3",0,4,"full","blocked",NA,6.51475901263467,6.60186919376655,8.34031123654916,14.4886460961421,TRUE
"concrete","random",5,"sigma","WPMM3",0,4,"full","blocked",NA,6.58735842609291,6.76581528991253,8.65962375427632,14.1540596578197,TRUE
"concrete","random",6,"sigma","WPMM3",0,4,"full","blocked",NA,6.67954001871547,6.76831317181985,8.63256267326015,14.3284709996732,TRUE
"concrete","random",7,"sigma","WPMM3",0,4,"full","blocked",NA,6.49816927314905,6.55006938313231,8.76646526913246,14.925595188817,TRUE
"concrete","random",8,"sigma","WPMM3",0,4,"full","blocked",NA,7.26821653972115,7.17109855908416,9.20197103800099,16.1782015828028,TRUE
"concrete","random",9,"sigma","WPMM3",0,4,"full","blocked",NA,6.54082691905972,6.76898885251996,8.38938971024521,14.2703405399203,TRUE
"concrete","random",10,"sigma","WPMM3",0,4,"full","blocked",NA,7.51221683418993,7.5080612977994,9.49321892785784,15.9164007645839,TRUE
"concrete","random",11,"sigma","WPMM3",0,4,"full","blocked",NA,6.6761290846466,6.69420563315639,8.38627894289347,13.4873650851956,TRUE
"concrete","random",12,"sigma","WPMM3",0,4,"full","blocked",NA,6.34043308190227,6.47931602684674,8.08940391171551,12.9401215588175,TRUE
"concrete","random",13,"sigma","WPMM3",0,4,"full","blocked",NA,6.15672554295765,6.19056988929572,8.27130374921449,14.397323441639,TRUE
"concrete","random",14,"sigma","WPMM3",0,4,"full","blocked",NA,6.368011771506,6.56220368932016,8.34265003336858,14.1459392152348,TRUE
"concrete","random",15,"sigma","WPMM3",0,4,"full","blocked",NA,6.16631033251956,6.29191210939923,7.95783415805432,13.4590480166964,TRUE
"concrete","random",16,"sigma","WPMM3",0,4,"full","blocked",NA,6.50013316070622,6.75104407516735,9.06673658507905,15.3070318665027,TRUE
"concrete","random",17,"sigma","WPMM3",0,4,"full","blocked",NA,6.80838713913183,6.97444501727705,8.86793845013131,14.0843353124913,TRUE
"concrete","random",18,"sigma","WPMM3",0,4,"full","blocked",NA,6.16230910254868,6.14304232226054,7.94591925991557,12.9729584882458,TRUE
"concrete","random",19,"sigma","WPMM3",0,4,"full","blocked",NA,6.14066854677309,6.30930013850252,8.4041628283981,14.2441219679891,TRUE
"concrete","random",20,"sigma","WPMM3",0,4,"full","blocked",NA,6.9781804345664,7.17810092958811,9.09794646088508,14.943115400048,TRUE
"concrete","random",21,"sigma","WPMM3",0,4,"full","blocked",NA,6.79918326762114,6.99898163715767,9.03406318367801,14.0277882732576,TRUE
"concrete","random",22,"sigma","WPMM3",0,4,"full","blocked",NA,6.7474349374752,6.79380858466846,8.64528906082577,14.2719968563443,TRUE
"concrete","random",23,"sigma","WPMM3",0,4,"full","blocked",NA,6.969898040992,7.12027099633826,9.04250390860518,14.9573656120825,TRUE
"concrete","random",24,"sigma","WPMM3",0,4,"full","blocked",NA,6.49817197150545,6.68207521332026,8.55037435910639,13.5855762518014,TRUE
"concrete","random",25,"sigma","WPMM3",0,4,"full","blocked",NA,6.74053734298526,6.89268297051545,8.75842062169272,14.0029348439096,TRUE
"concrete","random",26,"sigma","WPMM3",0,4,"full","blocked",NA,6.82362512574591,6.87910447350363,8.55463429012005,13.8893446569245,TRUE
"concrete","random",27,"sigma","WPMM3",0,4,"full","blocked",NA,6.75557203769238,6.76861635545641,8.58083385256675,13.8592444040253,TRUE
"concrete","random",28,"sigma","WPMM3",0,4,"full","blocked",NA,6.74101818270118,6.75666191019671,8.6202957683487,14.372304057333,TRUE
"concrete","random",29,"sigma","WPMM3",0,4,"full","blocked",NA,6.45020271939844,6.52020721061058,8.12490802856705,14.2165727772206,TRUE
"concrete","random",30,"sigma","WPMM3",0,4,"full","blocked",NA,6.18043618850441,6.32758919154079,8.36396103406753,14.4126638953182,TRUE
"concrete","random",1,"sigma","auto-valgate",0,4,"full","blocked",NA,6.67929312500544,6.51322462484015,8.24702936463794,14.2700911550369,TRUE
"concrete","random",2,"sigma","auto-valgate",0,4,"full","blocked",NA,6.36176747453323,6.29526622024358,8.40196964501446,15.0993349682894,TRUE
"concrete","random",3,"sigma","auto-valgate",0,4,"full","blocked",NA,6.74448975770385,7.1179910196741,9.37939082062223,15.3732156861012,TRUE
"concrete","random",4,"sigma","auto-valgate",0,4,"full","blocked",NA,6.91699656158928,7.02795409569769,9.29452011967421,15.6172952149189,TRUE
"concrete","random",5,"sigma","auto-valgate",0,4,"full","blocked",NA,6.77767005082755,6.96005866943534,9.20223175297114,14.9467221542455,TRUE
"concrete","random",6,"sigma","auto-valgate",0,4,"full","blocked",NA,6.53510698750847,6.63346086715232,8.51731212301221,13.6498504978447,TRUE
"concrete","random",7,"sigma","auto-valgate",0,4,"full","blocked",NA,6.29731018160695,6.37994604361837,8.26222977742285,13.8561277349187,TRUE
"concrete","random",8,"sigma","auto-valgate",0,4,"full","blocked",NA,7.14386395323829,7.236270707271,9.45565101128117,16.1855742642451,TRUE
"concrete","random",9,"sigma","auto-valgate",0,4,"full","blocked",NA,6.21475803899672,6.28811594753698,8.08406532350142,13.2933998465533,TRUE
"concrete","random",10,"sigma","auto-valgate",0,4,"full","blocked",NA,7.20853599624872,7.0462044727821,9.04128775318415,15.4259457143565,TRUE
"concrete","random",11,"sigma","auto-valgate",0,4,"full","blocked",NA,6.53386669252546,6.84406153475225,9.1090888820278,13.8441006251082,TRUE
"concrete","random",12,"sigma","auto-valgate",0,4,"full","blocked",NA,6.39565525945281,6.44829197043895,8.18082913271478,12.8148405911212,TRUE
"concrete","random",13,"sigma","auto-valgate",0,4,"full","blocked",NA,6.88826501724132,7.06838101331878,8.98728426126326,13.8244826839837,TRUE
"concrete","random",14,"sigma","auto-valgate",0,4,"full","blocked",NA,6.29837905196856,6.43389450720551,7.95126865871017,12.8411057925945,TRUE
"concrete","random",15,"sigma","auto-valgate",0,4,"full","blocked",NA,5.7996648331039,5.80692971214021,7.84052773991524,13.7210370483194,TRUE
"concrete","random",16,"sigma","auto-valgate",0,4,"full","blocked",NA,6.50550222884252,6.5560819749667,8.81135739234979,14.6096329551456,TRUE
"concrete","random",17,"sigma","auto-valgate",0,4,"full","blocked",NA,6.91878303241703,7.02662303685734,8.8705607850249,13.9213087487805,TRUE
"concrete","random",18,"sigma","auto-valgate",0,4,"full","blocked",NA,6.44123800871523,6.5552733861245,8.42098787952538,13.2043176657067,TRUE
"concrete","random",19,"sigma","auto-valgate",0,4,"full","blocked",NA,6.63371904935414,6.81836228065815,8.87599575141112,15.2066550486636,TRUE
"concrete","random",20,"sigma","auto-valgate",0,4,"full","blocked",NA,6.7725491225207,6.83914829425619,9.1280704028155,15.7398980984181,TRUE
"concrete","random",21,"sigma","auto-valgate",0,4,"full","blocked",NA,6.27999185829162,6.43427879916508,8.48553087089174,14.1139174042705,TRUE
"concrete","random",22,"sigma","auto-valgate",0,4,"full","blocked",NA,7.19916027297418,7.40655847436577,9.29843935382981,15.1697750639185,TRUE
"concrete","random",23,"sigma","auto-valgate",0,4,"full","blocked",NA,7.17753057718259,7.34669747441013,9.33300339622848,15.277539498184,TRUE
"concrete","random",24,"sigma","auto-valgate",0,4,"full","blocked",NA,6.825763655443,6.98118100284567,8.79241093512336,14.4290566847573,TRUE
"concrete","random",25,"sigma","auto-valgate",0,4,"full","blocked",NA,6.49655962354998,6.73224299137909,8.46562312789767,13.0370336065131,TRUE
"concrete","random",26,"sigma","auto-valgate",0,4,"full","blocked",NA,6.73234572434805,6.68786594381294,8.45072096346905,14.0475429730642,TRUE
"concrete","random",27,"sigma","auto-valgate",0,4,"full","blocked",NA,7.95045154217044,8.00888173585227,10.0098555631403,15.6824675022334,TRUE
"concrete","random",28,"sigma","auto-valgate",0,4,"full","blocked",NA,7.00850715672832,7.00996133640856,8.88042307915232,15.5452206821086,TRUE
"concrete","random",29,"sigma","auto-valgate",0,4,"full","blocked",NA,6.13596432107508,6.0229991116649,8.01585902663324,14.0506055528345,TRUE
"concrete","random",30,"sigma","auto-valgate",0,4,"full","blocked",NA,6.32597503721524,6.50875593039281,8.30013905396973,13.9302842726844,TRUE
"concrete","random",1,"seeds","auto",1,2.5,"full","blocked",NA,6.65987207282937,6.5127520934803,8.44671834100427,14.3047085429509,TRUE
"concrete","random",2,"seeds","auto",1,2.5,"full","blocked",NA,6.57693217670178,6.58445777942343,8.78386409205491,15.4031581295956,TRUE
"concrete","random",3,"seeds","auto",1,2.5,"full","blocked",NA,6.33749707948891,6.36214973090028,8.22279824659337,13.2897621155689,TRUE
"concrete","random",4,"seeds","auto",1,2.5,"full","blocked",NA,6.82934603303102,6.74512350829095,8.75393805063498,15.7626002727821,TRUE
"concrete","random",5,"seeds","auto",1,2.5,"full","blocked",NA,6.89804614659025,7.09108849038531,9.00248100437193,14.5638583816921,TRUE
"concrete","random",6,"seeds","auto",1,2.5,"full","blocked",NA,7.34897022134614,7.40662280402178,9.29243520851337,15.2197220601504,TRUE
"concrete","random",7,"seeds","auto",1,2.5,"full","blocked",NA,6.0545504784252,6.09819116819222,8.17242473666773,14.4600067215672,TRUE
"concrete","random",8,"seeds","auto",1,2.5,"full","blocked",NA,7.00267453745623,6.9518026310546,8.90626420217043,15.5524144376938,TRUE
"concrete","random",9,"seeds","auto",1,2.5,"full","blocked",NA,6.24451797679549,6.39041116266612,8.20793135875017,14.0901077847323,TRUE
"concrete","random",10,"seeds","auto",1,2.5,"full","blocked",NA,7.53883922049261,7.31166009917691,9.32889786378454,15.7002035599345,TRUE
"concrete","random",11,"seeds","auto",1,2.5,"full","blocked",NA,6.33107789833137,6.443163939583,8.24383806771644,13.3056595990353,TRUE
"concrete","random",12,"seeds","auto",1,2.5,"full","blocked",NA,5.83157131180949,6.06725922096748,7.86149092229599,12.5714198006773,TRUE
"concrete","random",13,"seeds","auto",1,2.5,"full","blocked",NA,6.43327014489143,6.54037961616303,8.46930946844637,13.4447588424264,TRUE
"concrete","random",14,"seeds","auto",1,2.5,"full","blocked",NA,6.28165185311037,6.45173510724073,8.1116036587883,13.3315239614094,TRUE
"concrete","random",15,"seeds","auto",1,2.5,"full","blocked",NA,6.12259232894645,6.34998826297199,8.47980969173943,13.0157869737443,TRUE
"concrete","random",16,"seeds","auto",1,2.5,"full","blocked",NA,6.74293950072931,6.86314454217929,8.94976145973753,14.7369727838666,TRUE
"concrete","random",17,"seeds","auto",1,2.5,"full","blocked",NA,7.08164257110185,7.10981805292724,9.18299766792873,15.2305172949325,TRUE
"concrete","random",18,"seeds","auto",1,2.5,"full","blocked",NA,6.61941265562123,6.50524621748777,7.99312964837184,13.1208660067236,TRUE
"concrete","random",19,"seeds","auto",1,2.5,"full","blocked",NA,6.61131029109469,6.77435724916616,8.84519766964311,15.0390410046212,TRUE
"concrete","random",20,"seeds","auto",1,2.5,"full","blocked",NA,6.52891011940953,6.76720578254796,9.06256882769584,15.0080284384339,TRUE
"concrete","random",21,"seeds","auto",1,2.5,"full","blocked",NA,6.9034014477975,6.99485037625965,9.12841773585775,15.2276383154915,TRUE
"concrete","random",22,"seeds","auto",1,2.5,"full","blocked",NA,6.97190236080863,7.15881228531261,9.15207674308132,15.2201645458517,TRUE
"concrete","random",23,"seeds","auto",1,2.5,"full","blocked",NA,6.955269782761,7.07165428454342,9.30711250635649,15.1606275988438,TRUE
"concrete","random",24,"seeds","auto",1,2.5,"full","blocked",NA,6.81533348311014,7.02794229140749,8.9612850594145,14.1745066033656,TRUE
"concrete","random",25,"seeds","auto",1,2.5,"full","blocked",NA,6.82552206863273,6.87965925019624,8.87118934723821,14.5998441316153,TRUE
"concrete","random",26,"seeds","auto",1,2.5,"full","blocked",NA,6.98695101540421,7.03703531247715,9.0086515091691,14.9487585411001,TRUE
"concrete","random",27,"seeds","auto",1,2.5,"full","blocked",NA,7.00070127333356,7.01070031812687,8.9790637379856,14.4250852943053,TRUE
"concrete","random",28,"seeds","auto",1,2.5,"full","blocked",NA,6.87581014756027,6.93652195531878,8.75407080091172,13.7606256761697,TRUE
"concrete","random",29,"seeds","auto",1,2.5,"full","blocked",NA,6.39375306823109,6.3743604232262,7.91358870281693,13.365811151484,TRUE
"concrete","random",30,"seeds","auto",1,2.5,"full","blocked",NA,6.08125290135629,5.99122767830713,7.94249129310655,13.8603178350759,TRUE
"concrete","random",1,"seeds","auto",2,2.5,"full","blocked",NA,6.70710883838156,6.67351175746904,8.53132896988626,14.338395691076,TRUE
"concrete","random",2,"seeds","auto",2,2.5,"full","blocked",NA,6.33752886034605,6.38902120172753,8.39155696189979,13.5489812835783,TRUE
"concrete","random",3,"seeds","auto",2,2.5,"full","blocked",NA,6.55453664754191,6.8329884785009,8.74680882151358,14.1291452544016,TRUE
"concrete","random",4,"seeds","auto",2,2.5,"full","blocked",NA,6.41466296605525,6.46820947180665,8.61908302019547,14.6524503030004,TRUE
"concrete","random",5,"seeds","auto",2,2.5,"full","blocked",NA,6.53641286159799,6.6378438689296,8.7291629212124,15.0217192254175,TRUE
"concrete","random",6,"seeds","auto",2,2.5,"full","blocked",NA,6.17609765368328,6.37802318772206,8.19329170709288,13.5053304921536,TRUE
"concrete","random",7,"seeds","auto",2,2.5,"full","blocked",NA,6.05079667541566,6.24096422668913,8.13565208236872,13.4206021448949,TRUE
"concrete","random",8,"seeds","auto",2,2.5,"full","blocked",NA,7.03104130033663,6.98720989401249,9.13492758908326,15.6887675687186,TRUE
"concrete","random",9,"seeds","auto",2,2.5,"full","blocked",NA,6.06114673828731,6.25784656299083,8.11365416231765,12.6490813344872,TRUE
"concrete","random",10,"seeds","auto",2,2.5,"full","blocked",NA,7.0564047971559,7.12734637009152,8.71366767774253,14.4024824639208,TRUE
"concrete","random",11,"seeds","auto",2,2.5,"full","blocked",NA,6.86230553813748,6.91961581705387,8.73802905839642,14.876114787384,TRUE
"concrete","random",12,"seeds","auto",2,2.5,"full","blocked",NA,6.10417668262456,6.28817090051806,7.84495304180736,12.4776452148412,TRUE
"concrete","random",13,"seeds","auto",2,2.5,"full","blocked",NA,7.22289801259265,7.4843670345029,9.32274393716322,15.3746872767955,TRUE
"concrete","random",14,"seeds","auto",2,2.5,"full","blocked",NA,6.9099659421656,7.00064801665061,8.76713014557773,14.2147498664991,TRUE
"concrete","random",15,"seeds","auto",2,2.5,"full","blocked",NA,6.03604441924808,6.13865269854053,8.0944986546052,14.0558580178451,TRUE
"concrete","random",16,"seeds","auto",2,2.5,"full","blocked",NA,6.61814158855072,6.81712383280174,8.91288751739078,14.4143378686771,TRUE
"concrete","random",17,"seeds","auto",2,2.5,"full","blocked",NA,6.9257262067828,6.97181209042414,9.01227064236971,14.6632523506609,TRUE
"concrete","random",18,"seeds","auto",2,2.5,"full","blocked",NA,6.58310592635408,6.65700569653716,8.36993361669201,13.6190636715509,TRUE
"concrete","random",19,"seeds","auto",2,2.5,"full","blocked",NA,6.50993793096329,6.74150535922545,8.85654937867006,14.5255351923037,TRUE
"concrete","random",20,"seeds","auto",2,2.5,"full","blocked",NA,6.86765286949124,6.81456466830421,9.0873446592906,15.2590566543826,TRUE
"concrete","random",21,"seeds","auto",2,2.5,"full","blocked",NA,6.5034141959908,6.7592225056131,8.86788158498212,15.2072073160871,TRUE
"concrete","random",22,"seeds","auto",2,2.5,"full","blocked",NA,6.54750966810129,6.65968111135575,8.86381837489068,15.4008238779668,TRUE
"concrete","random",23,"seeds","auto",2,2.5,"full","blocked",NA,7.50025768390983,7.67962279735268,9.73061901323793,16.1608548370718,TRUE
"concrete","random",24,"seeds","auto",2,2.5,"full","blocked",NA,6.79445298946554,6.9885691809348,8.81708426169346,14.0406008808115,TRUE
"concrete","random",25,"seeds","auto",2,2.5,"full","blocked",NA,6.78341396894804,6.91540225536475,8.75934097747897,13.8746670470098,TRUE
"concrete","random",26,"seeds","auto",2,2.5,"full","blocked",NA,7.20156850804121,7.24422498878536,9.08303898425145,15.3137654658245,TRUE
"concrete","random",27,"seeds","auto",2,2.5,"full","blocked",NA,6.94064062470518,6.87907624729538,8.77871910911958,14.5485668214368,TRUE
"concrete","random",28,"seeds","auto",2,2.5,"full","blocked",NA,6.5383237909932,6.7147915693099,8.43416378210638,12.893254041926,TRUE
"concrete","random",29,"seeds","auto",2,2.5,"full","blocked",NA,6.03657095445124,6.14209876979446,7.91281368004031,13.3733428128431,TRUE
"concrete","random",30,"seeds","auto",2,2.5,"full","blocked",NA,6.33872443669228,6.34689696098174,8.19815172497516,13.9103285483919,TRUE
"concrete","random",1,"seeds","auto-weak",1,2.5,"full","blocked",NA,6.3448479618588,6.18634849997452,7.86257573276555,14.025964476777,TRUE
"concrete","random",2,"seeds","auto-weak",1,2.5,"full","blocked",NA,6.09324745507511,6.28519295872047,8.42420728648817,14.2397717762848,TRUE
"concrete","random",3,"seeds","auto-weak",1,2.5,"full","blocked",NA,6.51212766595965,6.77538293124287,8.64715017713212,14.5440688071611,TRUE
"concrete","random",4,"seeds","auto-weak",1,2.5,"full","blocked",NA,6.80674429794872,6.85890304559193,9.01477516118182,15.5785843176464,TRUE
"concrete","random",5,"seeds","auto-weak",1,2.5,"full","blocked",NA,6.70586808867173,6.93310716159568,8.80593153954805,14.2657176495574,TRUE
"concrete","random",6,"seeds","auto-weak",1,2.5,"full","blocked",NA,6.06957221107824,6.22491669502868,7.97431048148378,13.3829662276844,TRUE
"concrete","random",7,"seeds","auto-weak",1,2.5,"full","blocked",NA,6.27472467155282,6.35863750901717,8.36685670029487,14.2820315622083,TRUE
"concrete","random",8,"seeds","auto-weak",1,2.5,"full","blocked",NA,7.17263364664251,7.12269158315562,9.22293488717689,15.2195769157486,TRUE
"concrete","random",9,"seeds","auto-weak",1,2.5,"full","blocked",NA,6.38197086904732,6.41896794309448,8.40666878074597,14.9587176209791,TRUE
"concrete","random",10,"seeds","auto-weak",1,2.5,"full","blocked",NA,7.18493507356161,7.34974225919779,8.98634384891263,14.6224705304294,TRUE
"concrete","random",11,"seeds","auto-weak",1,2.5,"full","blocked",NA,6.70922043378896,7.00045690582267,9.20203704175915,14.8121574692482,TRUE
"concrete","random",12,"seeds","auto-weak",1,2.5,"full","blocked",NA,6.10247275408174,6.29294185307369,7.99591129705734,12.1239760116095,TRUE
"concrete","random",13,"seeds","auto-weak",1,2.5,"full","blocked",NA,7.16694921915556,7.31151050362282,9.30098584005803,14.9936251423784,TRUE
"concrete","random",14,"seeds","auto-weak",1,2.5,"full","blocked",NA,6.38908800438596,6.51980026524451,8.18103869600484,13.2422900272207,TRUE
"concrete","random",15,"seeds","auto-weak",1,2.5,"full","blocked",NA,6.04347772990087,6.22213804424474,8.21393786941143,13.7228006417277,TRUE
"concrete","random",16,"seeds","auto-weak",1,2.5,"full","blocked",NA,6.24501259251794,6.39396908153104,8.53379158485548,13.9769165567669,TRUE
"concrete","random",17,"seeds","auto-weak",1,2.5,"full","blocked",NA,6.77417174009238,6.9061961639328,9.00881507288766,14.2420801971966,TRUE
"concrete","random",18,"seeds","auto-weak",1,2.5,"full","blocked",NA,6.39996609993269,6.45618577729137,8.07479282364757,12.7807402075652,TRUE
"concrete","random",19,"seeds","auto-weak",1,2.5,"full","blocked",NA,6.68440152464593,6.89447017742938,9.11229475135636,15.7817849401567,TRUE
"concrete","random",20,"seeds","auto-weak",1,2.5,"full","blocked",NA,6.8460692439526,6.96755536872253,9.11336371008133,14.7081382542216,TRUE
"concrete","random",21,"seeds","auto-weak",1,2.5,"full","blocked",NA,6.69588001512571,6.80658802413596,8.91144337700282,14.8576044494604,TRUE
"concrete","random",22,"seeds","auto-weak",1,2.5,"full","blocked",NA,6.40143868019842,6.5870019641039,8.7576379759559,15.1300643612107,TRUE
"concrete","random",23,"seeds","auto-weak",1,2.5,"full","blocked",NA,7.11256724217488,7.14175752158053,9.33925848603052,15.3637365020695,TRUE
"concrete","random",24,"seeds","auto-weak",1,2.5,"full","blocked",NA,6.9278611820556,7.00288413893084,8.76180536422235,14.93698534875,TRUE
"concrete","random",25,"seeds","auto-weak",1,2.5,"full","blocked",NA,6.59771332004491,6.6508052713477,8.692738736781,14.0565856158279,TRUE
"concrete","random",26,"seeds","auto-weak",1,2.5,"full","blocked",NA,6.73766057777114,6.60142162806107,8.3631714060928,13.6005743770449,TRUE
"concrete","random",27,"seeds","auto-weak",1,2.5,"full","blocked",NA,6.57777855698487,6.59260142369092,8.32260504969448,13.4369334847498,TRUE
"concrete","random",28,"seeds","auto-weak",1,2.5,"full","blocked",NA,6.83892624282207,7.10732099814778,8.8787484753702,13.9757625362491,TRUE
"concrete","random",29,"seeds","auto-weak",1,2.5,"full","blocked",NA,6.18582482132041,6.24796206848963,7.94824345417096,13.2184703292878,TRUE
"concrete","random",30,"seeds","auto-weak",1,2.5,"full","blocked",NA,6.33566296848086,6.2127094472249,8.22699389478756,14.4227729075634,TRUE
"concrete","random",1,"seeds","auto-weak",2,2.5,"full","blocked",NA,6.66216017461624,6.59908476042725,8.19744249215048,13.5026545696932,TRUE
"concrete","random",2,"seeds","auto-weak",2,2.5,"full","blocked",NA,6.0174497053127,6.20364931670753,8.0925428800505,13.7223562136919,TRUE
"concrete","random",3,"seeds","auto-weak",2,2.5,"full","blocked",NA,6.33952358438175,6.39617784296647,8.16368231940472,12.7301193180553,TRUE
"concrete","random",4,"seeds","auto-weak",2,2.5,"full","blocked",NA,6.67172713460086,6.42035461322295,8.37253001195087,15.1773415611614,TRUE
"concrete","random",5,"seeds","auto-weak",2,2.5,"full","blocked",NA,6.75093353634849,6.75877553790646,8.87468732825769,14.3962066331552,TRUE
"concrete","random",6,"seeds","auto-weak",2,2.5,"full","blocked",NA,6.44116348272845,6.56700999313617,8.36974200248715,13.83900210229,TRUE
"concrete","random",7,"seeds","auto-weak",2,2.5,"full","blocked",NA,6.1797648105024,6.20635551882848,8.2277857628963,14.1171150900299,TRUE
"concrete","random",8,"seeds","auto-weak",2,2.5,"full","blocked",NA,6.90886941535824,6.98798187140314,8.95564978417924,15.743159239257,TRUE
"concrete","random",9,"seeds","auto-weak",2,2.5,"full","blocked",NA,6.74037950363325,6.8378035519996,8.84204994907825,14.7576473061907,TRUE
"concrete","random",10,"seeds","auto-weak",2,2.5,"full","blocked",NA,7.29646166728036,7.24851769156567,8.88149615618943,14.5360259516934,TRUE
"concrete","random",11,"seeds","auto-weak",2,2.5,"full","blocked",NA,6.76947566084324,6.94722276267676,8.97664237707347,14.4907203791773,TRUE
"concrete","random",12,"seeds","auto-weak",2,2.5,"full","blocked",NA,6.68771354332369,6.92737715606966,8.8030848824284,14.7955969218373,TRUE
"concrete","random",13,"seeds","auto-weak",2,2.5,"full","blocked",NA,6.62312976961857,6.74187347583425,8.61849502144955,13.5203999746,TRUE
"concrete","random",14,"seeds","auto-weak",2,2.5,"full","blocked",NA,6.82531199227795,6.78636665765034,8.39421745155246,14.186534657841,TRUE
"concrete","random",15,"seeds","auto-weak",2,2.5,"full","blocked",NA,5.69999371444054,5.87901962288456,7.77936301286209,13.0093637537043,TRUE
"concrete","random",16,"seeds","auto-weak",2,2.5,"full","blocked",NA,6.59476587319792,6.73648663714743,8.8550534090947,14.384865163961,TRUE
"concrete","random",17,"seeds","auto-weak",2,2.5,"full","blocked",NA,7.06731645974975,7.09257563305406,9.20153639718483,15.0648283908041,TRUE
"concrete","random",18,"seeds","auto-weak",2,2.5,"full","blocked",NA,6.38188557554815,6.49832917365779,8.43941690180947,13.4793995601404,TRUE
"concrete","random",19,"seeds","auto-weak",2,2.5,"full","blocked",NA,6.58963176380068,6.74934892607172,9.16461253191874,15.1751132436937,TRUE
"concrete","random",20,"seeds","auto-weak",2,2.5,"full","blocked",NA,6.43014495040453,6.58835995848104,8.48024795165966,13.7039866875844,TRUE
"concrete","random",21,"seeds","auto-weak",2,2.5,"full","blocked",NA,6.71844032398368,6.93091805685648,9.05445156495567,14.5625731939435,TRUE
"concrete","random",22,"seeds","auto-weak",2,2.5,"full","blocked",NA,7.23718322679795,7.35962667019239,9.25881136906651,15.1391795936976,TRUE
"concrete","random",23,"seeds","auto-weak",2,2.5,"full","blocked",NA,7.17477572359842,7.3184004623742,9.2948137046284,15.5951946753714,TRUE
"concrete","random",24,"seeds","auto-weak",2,2.5,"full","blocked",NA,6.93192927355706,6.90373170364702,8.6250076265746,14.4516280781021,TRUE
"concrete","random",25,"seeds","auto-weak",2,2.5,"full","blocked",NA,6.74806302563942,6.78508316764233,8.81007286084426,14.4086532212864,TRUE
"concrete","random",26,"seeds","auto-weak",2,2.5,"full","blocked",NA,7.01935563444953,7.01285091695231,8.77215990402749,14.3924006982641,TRUE
"concrete","random",27,"seeds","auto-weak",2,2.5,"full","blocked",NA,6.78358554856642,6.77765235309525,8.63517871785574,14.4999798954294,TRUE
"concrete","random",28,"seeds","auto-weak",2,2.5,"full","blocked",NA,6.90054017991628,7.03864091631996,9.0250781473553,14.6992159204048,TRUE
"concrete","random",29,"seeds","auto-weak",2,2.5,"full","blocked",NA,6.37542609369004,6.47646104075849,8.2995859713227,14.1408704008573,TRUE
"concrete","random",30,"seeds","auto-weak",2,2.5,"full","blocked",NA,6.23173231190808,6.22422657493498,8.18759625811517,13.8419986148214,TRUE
"concrete","random",1,"seeds","WPMM2",1,2.5,"full","blocked",NA,6.38277404918493,6.39686610691481,8.24006450667445,13.785097699631,TRUE
"concrete","random",2,"seeds","WPMM2",1,2.5,"full","blocked",NA,6.30208644590782,6.46235692580631,8.5551848415452,13.7733100424244,TRUE
"concrete","random",3,"seeds","WPMM2",1,2.5,"full","blocked",NA,6.46337196165815,6.72916103603673,8.72862955334168,14.1777506655476,TRUE
"concrete","random",4,"seeds","WPMM2",1,2.5,"full","blocked",NA,6.08494786216577,6.11495834849147,7.84177393284409,13.7092131980679,TRUE
"concrete","random",5,"seeds","WPMM2",1,2.5,"full","blocked",NA,6.75998969704477,6.91512504220883,9.13622843468604,14.3881097011215,TRUE
"concrete","random",6,"seeds","WPMM2",1,2.5,"full","blocked",NA,6.53575246204486,6.62231649354393,8.47035814247815,14.1239988353663,TRUE
"concrete","random",7,"seeds","WPMM2",1,2.5,"full","blocked",NA,6.09580639878492,6.33965609663968,8.24930057727331,13.5388834439389,TRUE
"concrete","random",8,"seeds","WPMM2",1,2.5,"full","blocked",NA,6.98318558633921,6.93221655086699,9.00372753867338,15.7257189534104,TRUE
"concrete","random",9,"seeds","WPMM2",1,2.5,"full","blocked",NA,6.25074214438654,6.29022642165068,8.29097753905416,13.6911594961725,TRUE
"concrete","random",10,"seeds","WPMM2",1,2.5,"full","blocked",NA,6.97270795602016,6.99255559371661,8.74844171045086,13.9516263432486,TRUE
"concrete","random",11,"seeds","WPMM2",1,2.5,"full","blocked",NA,7.15216175189004,7.47663069429629,9.85274222055395,16.4507231716059,TRUE
"concrete","random",12,"seeds","WPMM2",1,2.5,"full","blocked",NA,6.06864679101653,6.26623649913036,8.09259668630212,13.2780960803179,TRUE
"concrete","random",13,"seeds","WPMM2",1,2.5,"full","blocked",NA,6.65880634716568,6.71000735078571,8.66078507948641,13.5017637301829,TRUE
"concrete","random",14,"seeds","WPMM2",1,2.5,"full","blocked",NA,6.54754222087923,6.65489726314515,8.54891126282372,14.3733979538002,TRUE
"concrete","random",15,"seeds","WPMM2",1,2.5,"full","blocked",NA,6.46215258554039,6.74588762741049,8.68076171469513,13.8506651403718,TRUE
"concrete","random",16,"seeds","WPMM2",1,2.5,"full","blocked",NA,6.38220597864216,6.60737355339478,8.62095582193508,14.2210751417056,TRUE
"concrete","random",17,"seeds","WPMM2",1,2.5,"full","blocked",NA,7.05957877036435,7.09796922785792,9.15384205105365,15.0002131209116,TRUE
"concrete","random",18,"seeds","WPMM2",1,2.5,"full","blocked",NA,6.38763370778059,6.27897310663987,7.89194734251269,12.8742720506139,TRUE
"concrete","random",19,"seeds","WPMM2",1,2.5,"full","blocked",NA,6.6936260914424,6.81185348997229,9.0803423405596,15.1875547989205,TRUE
"concrete","random",20,"seeds","WPMM2",1,2.5,"full","blocked",NA,6.80518867193632,6.89107154048061,9.32874495882938,16.01201058143,TRUE
"concrete","random",21,"seeds","WPMM2",1,2.5,"full","blocked",NA,6.55851527830726,6.65174401499867,8.95234420477472,14.4492204204818,TRUE
"concrete","random",22,"seeds","WPMM2",1,2.5,"full","blocked",NA,6.72814810704143,6.82975884419295,8.7836563627653,13.9983581024923,TRUE
"concrete","random",23,"seeds","WPMM2",1,2.5,"full","blocked",NA,7.13134866023477,7.18963198507257,9.2497270533754,15.31842161747,TRUE
"concrete","random",24,"seeds","WPMM2",1,2.5,"full","blocked",NA,6.82874043991574,6.97975233044279,8.67179373274349,14.1685316523882,TRUE
"concrete","random",25,"seeds","WPMM2",1,2.5,"full","blocked",NA,6.48325044118039,6.48515774198426,8.59441969799618,13.8128493122763,TRUE
"concrete","random",26,"seeds","WPMM2",1,2.5,"full","blocked",NA,6.63040210131641,6.58586600059218,8.50011107400546,13.9866569158879,TRUE
"concrete","random",27,"seeds","WPMM2",1,2.5,"full","blocked",NA,6.66715282202728,6.67325118005054,8.63687581742263,14.9013650525917,TRUE
"concrete","random",28,"seeds","WPMM2",1,2.5,"full","blocked",NA,7.06528427268226,7.2220411340879,9.36428593258535,14.4145418279727,TRUE
"concrete","random",29,"seeds","WPMM2",1,2.5,"full","blocked",NA,6.33636201352271,6.45310862974033,8.20001849669384,13.6896850777248,TRUE
"concrete","random",30,"seeds","WPMM2",1,2.5,"full","blocked",NA,6.31113235319067,6.18479580750632,8.14869192710647,13.6889221476514,TRUE
"concrete","random",1,"seeds","WPMM2",2,2.5,"full","blocked",NA,6.79350732149133,6.69378788739704,8.34542117902671,14.3913696102124,TRUE
"concrete","random",2,"seeds","WPMM2",2,2.5,"full","blocked",NA,6.23288024535545,6.20475655673897,8.1381638324824,13.6176104801591,TRUE
"concrete","random",3,"seeds","WPMM2",2,2.5,"full","blocked",NA,6.41383053440845,6.63354667637821,8.74155511611159,14.1679169355759,TRUE
"concrete","random",4,"seeds","WPMM2",2,2.5,"full","blocked",NA,6.09634149535073,6.11513945484155,7.80386519960476,13.2386498754304,TRUE
"concrete","random",5,"seeds","WPMM2",2,2.5,"full","blocked",NA,6.62050509147567,6.71253894035629,8.6725431779376,14.3801591756564,TRUE
"concrete","random",6,"seeds","WPMM2",2,2.5,"full","blocked",NA,6.38483241201881,6.41028443553385,8.26400222964044,14.0826531760919,TRUE
"concrete","random",7,"seeds","WPMM2",2,2.5,"full","blocked",NA,6.24296912477733,6.47422509961193,8.40755932317644,13.384100300557,TRUE
"concrete","random",8,"seeds","WPMM2",2,2.5,"full","blocked",NA,7.1494720102757,7.2257901682157,9.23918154630921,15.6205958162832,TRUE
"concrete","random",9,"seeds","WPMM2",2,2.5,"full","blocked",NA,6.11850169182405,6.25361531183475,8.24994666687326,13.2743234566313,TRUE
"concrete","random",10,"seeds","WPMM2",2,2.5,"full","blocked",NA,6.84201695927406,7.02436366210248,8.67348517957741,14.2247233358793,TRUE
"concrete","random",11,"seeds","WPMM2",2,2.5,"full","blocked",NA,6.65229095721002,6.70788275772982,8.64101908364788,13.9010774876659,TRUE
"concrete","random",12,"seeds","WPMM2",2,2.5,"full","blocked",NA,6.19814197548018,6.27521959662605,8.09316110924973,13.332685749522,TRUE
"concrete","random",13,"seeds","WPMM2",2,2.5,"full","blocked",NA,6.43968264334672,6.6061477401204,8.4448527061768,13.5387017096236,TRUE
"concrete","random",14,"seeds","WPMM2",2,2.5,"full","blocked",NA,6.59740303581912,6.71228273678021,8.63492505331567,14.4064748655845,TRUE
"concrete","random",15,"seeds","WPMM2",2,2.5,"full","blocked",NA,6.08896600185179,6.29779843988585,8.06585886604382,13.6625285118632,TRUE
"concrete","random",16,"seeds","WPMM2",2,2.5,"full","blocked",NA,6.51820439592874,6.62472649673546,8.72700591856628,14.3245210813517,TRUE
"concrete","random",17,"seeds","WPMM2",2,2.5,"full","blocked",NA,7.00443550980197,7.05798602468367,8.98170304353155,14.8078223750853,TRUE
"concrete","random",18,"seeds","WPMM2",2,2.5,"full","blocked",NA,6.42556886056125,6.51792306227514,8.29281887254958,14.359525836334,TRUE
"concrete","random",19,"seeds","WPMM2",2,2.5,"full","blocked",NA,6.57849197921077,6.79842850034982,8.89453161133923,14.5789705412867,TRUE
"concrete","random",20,"seeds","WPMM2",2,2.5,"full","blocked",NA,6.65697714975836,6.82316179443905,9.04176806531843,15.1207393081299,TRUE
"concrete","random",21,"seeds","WPMM2",2,2.5,"full","blocked",NA,6.65094048479709,6.75537835284073,8.95227628854517,14.7443332233907,TRUE
"concrete","random",22,"seeds","WPMM2",2,2.5,"full","blocked",NA,7.23891271114561,7.43507416696326,9.29511343945125,15.6271481261568,TRUE
"concrete","random",23,"seeds","WPMM2",2,2.5,"full","blocked",NA,7.16371039853211,7.1949879840929,9.48510875420295,16.4108733135546,TRUE
"concrete","random",24,"seeds","WPMM2",2,2.5,"full","blocked",NA,6.97302071014012,6.998829827251,8.74740361447148,14.0875111102733,TRUE
"concrete","random",25,"seeds","WPMM2",2,2.5,"full","blocked",NA,6.84767892722774,7.04801920933189,8.88015441614998,13.7682595803273,TRUE
"concrete","random",26,"seeds","WPMM2",2,2.5,"full","blocked",NA,7.10169958272835,7.07955247888654,9.06321460368062,15.3446724887909,TRUE
"concrete","random",27,"seeds","WPMM2",2,2.5,"full","blocked",NA,6.98394886841262,6.88218773722083,8.71020690334746,14.0721173927583,TRUE
"concrete","random",28,"seeds","WPMM2",2,2.5,"full","blocked",NA,7.01342905603594,7.10099621600159,9.08092284475337,14.5102549892813,TRUE
"concrete","random",29,"seeds","WPMM2",2,2.5,"full","blocked",NA,6.33984025283861,6.23416349980062,8.30995842533699,14.3257865990331,TRUE
"concrete","random",30,"seeds","WPMM2",2,2.5,"full","blocked",NA,6.49343583684627,6.4669884066642,8.59177701861496,15.8971045782813,TRUE
"concrete","random",1,"seeds","WPMM3",1,2.5,"full","blocked",NA,6.68724737332284,6.50811221542325,8.11027162193524,13.6909687692667,TRUE
"concrete","random",2,"seeds","WPMM3",1,2.5,"full","blocked",NA,6.09933833266344,6.29133637040693,8.41622782206955,13.6811596706844,TRUE
"concrete","random",3,"seeds","WPMM3",1,2.5,"full","blocked",NA,6.61599934816063,6.89844046297946,8.8082772362097,14.2391982407741,TRUE
"concrete","random",4,"seeds","WPMM3",1,2.5,"full","blocked",NA,5.90864430675822,5.95171592003071,7.64559679788591,12.5659499438751,TRUE
"concrete","random",5,"seeds","WPMM3",1,2.5,"full","blocked",NA,6.63537499016054,6.80057073437205,8.72027820140801,14.269876303928,TRUE
"concrete","random",6,"seeds","WPMM3",1,2.5,"full","blocked",NA,6.57114895568677,6.7989817409343,8.55937834042726,14.0300014866387,TRUE
"concrete","random",7,"seeds","WPMM3",1,2.5,"full","blocked",NA,6.16786908496879,6.3266778174195,8.54714880265149,14.6711653471822,TRUE
"concrete","random",8,"seeds","WPMM3",1,2.5,"full","blocked",NA,6.93831603010213,6.96308557187377,8.96548019364896,14.3023456061811,TRUE
"concrete","random",9,"seeds","WPMM3",1,2.5,"full","blocked",NA,6.03726038849452,6.22895677020775,8.18815189743056,13.2130748297043,TRUE
"concrete","random",10,"seeds","WPMM3",1,2.5,"full","blocked",NA,6.81853594339164,7.03744016425857,8.63818597036758,14.2121479815598,TRUE
"concrete","random",11,"seeds","WPMM3",1,2.5,"full","blocked",NA,7.66389584052258,7.86139398828809,10.3507255073843,16.481612924767,TRUE
"concrete","random",12,"seeds","WPMM3",1,2.5,"full","blocked",NA,6.03183056950679,6.2323702165462,8.03036170627388,13.3951768037812,TRUE
"concrete","random",13,"seeds","WPMM3",1,2.5,"full","blocked",NA,6.74261671912055,6.89269125104332,8.79509850884756,14.3279307209968,TRUE
"concrete","random",14,"seeds","WPMM3",1,2.5,"full","blocked",NA,6.15625851693145,6.33441917336872,8.07041909239102,12.897460546715,TRUE
"concrete","random",15,"seeds","WPMM3",1,2.5,"full","blocked",NA,6.05105106738853,6.27361364570239,8.33567343967787,13.7555826095153,TRUE
"concrete","random",16,"seeds","WPMM3",1,2.5,"full","blocked",NA,6.40512187316043,6.53213577955308,8.52271254645839,13.6641016507457,TRUE
"concrete","random",17,"seeds","WPMM3",1,2.5,"full","blocked",NA,6.94484791924967,7.12743939099786,9.30432352788877,14.1696023382906,TRUE
"concrete","random",18,"seeds","WPMM3",1,2.5,"full","blocked",NA,6.33410313253897,6.30146754101516,7.9171467745965,13.2170990294689,TRUE
"concrete","random",19,"seeds","WPMM3",1,2.5,"full","blocked",NA,6.57232392484417,6.79697886590161,8.80871751282236,15.2134175450121,TRUE
"concrete","random",20,"seeds","WPMM3",1,2.5,"full","blocked",NA,6.91477142466655,7.01074770017824,9.25040207480452,15.6916643651629,TRUE
"concrete","random",21,"seeds","WPMM3",1,2.5,"full","blocked",NA,6.4858018583092,6.61172056010283,8.78577308701585,14.3774673645644,TRUE
"concrete","random",22,"seeds","WPMM3",1,2.5,"full","blocked",NA,7.10572524841924,7.10465506073698,9.02287150734063,14.53571865124,TRUE
"concrete","random",23,"seeds","WPMM3",1,2.5,"full","blocked",NA,7.17128995880903,7.29549217508877,9.27749443030607,15.3094351320363,TRUE
"concrete","random",24,"seeds","WPMM3",1,2.5,"full","blocked",NA,6.78833477671688,6.93124715633223,8.61219841386547,14.4439817258731,TRUE
"concrete","random",25,"seeds","WPMM3",1,2.5,"full","blocked",NA,7.0764567760305,7.28568832804312,9.18215600019117,14.0010498106751,TRUE
"concrete","random",26,"seeds","WPMM3",1,2.5,"full","blocked",NA,6.76523419166668,6.792028389407,8.5723359120712,13.6302778349976,TRUE
"concrete","random",27,"seeds","WPMM3",1,2.5,"full","blocked",NA,6.83592339763826,6.71319551816778,8.52223715058534,14.5312349303605,TRUE
"concrete","random",28,"seeds","WPMM3",1,2.5,"full","blocked",NA,6.83460326859177,6.96524488779704,8.95873649734276,14.7104344125258,TRUE
"concrete","random",29,"seeds","WPMM3",1,2.5,"full","blocked",NA,5.98094261932073,6.01940078477564,8.03141816564284,13.5644502880981,TRUE
"concrete","random",30,"seeds","WPMM3",1,2.5,"full","blocked",NA,5.97648607054878,5.90134757181044,8.01659125229791,13.6154144635925,TRUE
"concrete","random",1,"seeds","WPMM3",2,2.5,"full","blocked",NA,6.73485724675599,6.52692460874314,8.25111516423017,14.1586695416424,TRUE
"concrete","random",2,"seeds","WPMM3",2,2.5,"full","blocked",NA,5.8685416335593,6.20561088942367,8.2350181937166,12.5947039637244,TRUE
"concrete","random",3,"seeds","WPMM3",2,2.5,"full","blocked",NA,6.14853066607238,6.50014274397207,8.37508424656092,13.0624845684872,TRUE
"concrete","random",4,"seeds","WPMM3",2,2.5,"full","blocked",NA,6.28531073296564,6.431557541375,8.13144674215885,14.1881278073255,TRUE
"concrete","random",5,"seeds","WPMM3",2,2.5,"full","blocked",NA,6.7062522124012,6.82330607769146,9.12922739893154,14.3136596721959,TRUE
"concrete","random",6,"seeds","WPMM3",2,2.5,"full","blocked",NA,5.85887690245952,6.10517030750964,7.84084633413264,12.9547470725233,TRUE
"concrete","random",7,"seeds","WPMM3",2,2.5,"full","blocked",NA,6.08044070809887,6.20371033852969,8.19592873816096,13.7865886403549,TRUE
"concrete","random",8,"seeds","WPMM3",2,2.5,"full","blocked",NA,7.17652222138184,7.11756160662847,9.23733911876966,15.6478491225704,TRUE
"concrete","random",9,"seeds","WPMM3",2,2.5,"full","blocked",NA,6.49365830715604,6.71836863451866,8.33556864290051,13.4597229160484,TRUE
"concrete","random",10,"seeds","WPMM3",2,2.5,"full","blocked",NA,7.19354407928318,7.2092729333941,8.8860265160473,14.789411304542,TRUE
"concrete","random",11,"seeds","WPMM3",2,2.5,"full","blocked",NA,6.66200087366279,6.86553465254076,8.96027588885535,14.6315466092664,TRUE
"concrete","random",12,"seeds","WPMM3",2,2.5,"full","blocked",NA,6.2284529198701,6.45609347372876,8.03910551924118,12.0819281406235,TRUE
"concrete","random",13,"seeds","WPMM3",2,2.5,"full","blocked",NA,6.77763352798396,6.89553242898107,8.71713691518268,14.060357733704,TRUE
"concrete","random",14,"seeds","WPMM3",2,2.5,"full","blocked",NA,6.56692522222497,6.79009300480315,8.61789650453235,14.8243821368272,TRUE
"concrete","random",15,"seeds","WPMM3",2,2.5,"full","blocked",NA,6.13139620388277,6.34058343021967,8.22223721465226,13.3716504252029,TRUE
"concrete","random",16,"seeds","WPMM3",2,2.5,"full","blocked",NA,6.43537303540308,6.6990177870667,8.71639602343467,14.3872899198928,TRUE
"concrete","random",17,"seeds","WPMM3",2,2.5,"full","blocked",NA,7.23740698666577,7.33282501437514,9.26845361565421,15.1532227056026,TRUE
"concrete","random",18,"seeds","WPMM3",2,2.5,"full","blocked",NA,6.44562635608487,6.33955408110778,7.89282785410335,12.6900595932089,TRUE
"concrete","random",19,"seeds","WPMM3",2,2.5,"full","blocked",NA,6.42345333535444,6.5190186208239,8.56114716533993,14.0894530927221,TRUE
"concrete","random",20,"seeds","WPMM3",2,2.5,"full","blocked",NA,6.8719769481365,7.03590362132828,8.99754803141934,14.4907472637813,TRUE
"concrete","random",21,"seeds","WPMM3",2,2.5,"full","blocked",NA,6.47163847258058,6.73044036665625,9.03041020221225,15.2053542835683,TRUE
"concrete","random",22,"seeds","WPMM3",2,2.5,"full","blocked",NA,6.8557947527214,6.8363779258475,8.87742576075684,14.2562686514416,TRUE
"concrete","random",23,"seeds","WPMM3",2,2.5,"full","blocked",NA,6.95658281355324,7.08673246385874,9.0390461483969,14.8353872303035,TRUE
"concrete","random",24,"seeds","WPMM3",2,2.5,"full","blocked",NA,7.64745513010674,8.0101366235388,10.2020975414745,17.2195709659253,TRUE
"concrete","random",25,"seeds","WPMM3",2,2.5,"full","blocked",NA,6.72417638522495,6.87724369074247,8.69804141076066,13.9512992891256,TRUE
"concrete","random",26,"seeds","WPMM3",2,2.5,"full","blocked",NA,6.82107577242021,6.85738111238557,8.6590288337698,14.1730332576787,TRUE
"concrete","random",27,"seeds","WPMM3",2,2.5,"full","blocked",NA,6.62314377021349,6.66169530443532,8.57599602050808,14.8261035266505,TRUE
"concrete","random",28,"seeds","WPMM3",2,2.5,"full","blocked",NA,6.66624812339378,6.71302148273788,8.29871299339227,13.022316147221,TRUE
"concrete","random",29,"seeds","WPMM3",2,2.5,"full","blocked",NA,6.30876427203769,6.36225923597016,8.0312392996095,13.7388889243645,TRUE
"concrete","random",30,"seeds","WPMM3",2,2.5,"full","blocked",NA,6.61775412598435,6.63518945820983,8.56478025019886,13.805253390012,TRUE
"concrete","random",1,"seeds","LSE",1,2.5,"full","blocked",NA,6.42776560455106,6.39918088816655,7.94702338996552,13.308525955447,TRUE
"concrete","random",2,"seeds","LSE",1,2.5,"full","blocked",NA,6.14726404068066,6.31467051732853,7.92217909501977,12.7977747711647,TRUE
"concrete","random",3,"seeds","LSE",1,2.5,"full","blocked",NA,6.4972320767686,6.64534950288435,8.8467892803864,14.2104266206853,TRUE
"concrete","random",4,"seeds","LSE",1,2.5,"full","blocked",NA,6.58799005632295,6.81775164736243,8.64987289582008,14.8643760001554,TRUE
"concrete","random",5,"seeds","LSE",1,2.5,"full","blocked",NA,6.75460345372737,6.99327818840029,8.84748245193056,14.4852790032524,TRUE
"concrete","random",6,"seeds","LSE",1,2.5,"full","blocked",NA,6.42323908821109,6.56327750621479,8.42485304639256,13.6602807973163,TRUE
"concrete","random",7,"seeds","LSE",1,2.5,"full","blocked",NA,6.23348547146498,6.3732486170029,8.37616950692912,14.3121444261199,TRUE
"concrete","random",8,"seeds","LSE",1,2.5,"full","blocked",NA,7.21082711092333,7.13097221505842,9.06755630970582,15.6226691324091,TRUE
"concrete","random",9,"seeds","LSE",1,2.5,"full","blocked",NA,6.11891782988451,6.18240096939266,8.05353198588894,13.1714444441835,TRUE
"concrete","random",10,"seeds","LSE",1,2.5,"full","blocked",NA,7.21669336008768,7.12994009921103,8.8435029815596,14.240472521146,TRUE
"concrete","random",11,"seeds","LSE",1,2.5,"full","blocked",NA,6.49753667052887,6.68668547457286,8.7501528272078,13.921365463753,TRUE
"concrete","random",12,"seeds","LSE",1,2.5,"full","blocked",NA,6.34741476554763,6.60653152381161,8.12389418086384,12.3028616809196,TRUE
"concrete","random",13,"seeds","LSE",1,2.5,"full","blocked",NA,6.73941212006518,6.77442981517816,8.7756976599002,14.1283450378158,TRUE
"concrete","random",14,"seeds","LSE",1,2.5,"full","blocked",NA,6.33843105322502,6.63371476886797,8.32021191633565,13.394602587744,TRUE
"concrete","random",15,"seeds","LSE",1,2.5,"full","blocked",NA,6.09956903342886,6.37668691816422,8.36104747763014,13.625840150103,TRUE
"concrete","random",16,"seeds","LSE",1,2.5,"full","blocked",NA,6.38326139610626,6.54958344162976,8.7494988709634,13.5972989080771,TRUE
"concrete","random",17,"seeds","LSE",1,2.5,"full","blocked",NA,6.81920493163423,6.98194054283974,9.0670091059424,13.8636383540598,TRUE
"concrete","random",18,"seeds","LSE",1,2.5,"full","blocked",NA,6.9975805527686,6.92475307749923,8.64814159924603,15.0527618720283,TRUE
"concrete","random",19,"seeds","LSE",1,2.5,"full","blocked",NA,6.59556918375348,6.78398233356839,9.04509499462244,15.417348257079,TRUE
"concrete","random",20,"seeds","LSE",1,2.5,"full","blocked",NA,6.74322198403772,6.88447112775171,9.28548433207274,16.4019102436946,TRUE
"concrete","random",21,"seeds","LSE",1,2.5,"full","blocked",NA,6.4253857958423,6.57910517332779,8.74988938031888,14.3017130497258,TRUE
"concrete","random",22,"seeds","LSE",1,2.5,"full","blocked",NA,7.17691211934397,7.38990278062173,9.41418697991364,15.5564459109123,TRUE
"concrete","random",23,"seeds","LSE",1,2.5,"full","blocked",NA,7.16832828788351,7.20607215999595,9.12256305140433,15.2069434984748,TRUE
"concrete","random",24,"seeds","LSE",1,2.5,"full","blocked",NA,7.09971346993049,7.15039750286356,8.85634930038537,14.9555162480343,TRUE
"concrete","random",25,"seeds","LSE",1,2.5,"full","blocked",NA,6.98943830967053,7.17510457289574,8.94315542061466,14.0781298961683,TRUE
"concrete","random",26,"seeds","LSE",1,2.5,"full","blocked",NA,7.53023786627379,7.60829888243011,9.9535450124565,16.912036669516,TRUE
"concrete","random",27,"seeds","LSE",1,2.5,"full","blocked",NA,6.26679792879398,6.38431695197743,8.05259476337125,13.5727574816865,TRUE
"concrete","random",28,"seeds","LSE",1,2.5,"full","blocked",NA,6.37490904312,6.44710419164951,8.39196912996256,13.85496625024,TRUE
"concrete","random",29,"seeds","LSE",1,2.5,"full","blocked",NA,6.45835519561623,6.51459777093784,8.0845651656124,13.5752551178154,TRUE
"concrete","random",30,"seeds","LSE",1,2.5,"full","blocked",NA,6.37729898571338,6.39509602642305,8.17788913698656,14.315902698704,TRUE
"concrete","random",1,"seeds","LSE",2,2.5,"full","blocked",NA,6.3640499515038,6.48597944374909,8.10174017929785,13.1112743951261,TRUE
"concrete","random",2,"seeds","LSE",2,2.5,"full","blocked",NA,5.97811324973212,6.24949660522251,8.18397587844721,13.5128428851962,TRUE
"concrete","random",3,"seeds","LSE",2,2.5,"full","blocked",NA,6.49449485770774,6.72266898186104,8.71041608502821,14.3715956688724,TRUE
"concrete","random",4,"seeds","LSE",2,2.5,"full","blocked",NA,6.61296139534024,6.74340694148702,8.81786751024889,14.5634118909458,TRUE
"concrete","random",5,"seeds","LSE",2,2.5,"full","blocked",NA,6.88796368264047,7.01083239058734,9.12341106223233,14.7729149318974,TRUE
"concrete","random",6,"seeds","LSE",2,2.5,"full","blocked",NA,6.2005673528038,6.45422839109841,8.17629986390117,13.2429454414703,TRUE
"concrete","random",7,"seeds","LSE",2,2.5,"full","blocked",NA,6.57084158866212,6.60215880151453,8.46650293854124,14.0604633674887,TRUE
"concrete","random",8,"seeds","LSE",2,2.5,"full","blocked",NA,6.96808647169372,6.95055468538004,8.88845087271235,14.7760743236105,TRUE
"concrete","random",9,"seeds","LSE",2,2.5,"full","blocked",NA,6.67275526333205,6.71219147042644,8.56195975509856,14.2640040489171,TRUE
"concrete","random",10,"seeds","LSE",2,2.5,"full","blocked",NA,7.28179593554139,7.37581108407265,9.02924867525216,14.885470538037,TRUE
"concrete","random",11,"seeds","LSE",2,2.5,"full","blocked",NA,7.00487501997246,7.1247643389868,9.11591521615474,14.5205678305221,TRUE
"concrete","random",12,"seeds","LSE",2,2.5,"full","blocked",NA,6.0259415123264,6.1763785469764,8.06187619302272,13.0117873249537,TRUE
"concrete","random",13,"seeds","LSE",2,2.5,"full","blocked",NA,7.13528845332171,7.25834682811627,9.30724028028029,15.5015228064906,TRUE
"concrete","random",14,"seeds","LSE",2,2.5,"full","blocked",NA,6.51514352861055,6.66807033183457,8.29356720771552,13.8401832609245,TRUE
"concrete","random",15,"seeds","LSE",2,2.5,"full","blocked",NA,5.8108047531581,5.89873422086791,7.85756967016583,13.2550398229631,TRUE
"concrete","random",16,"seeds","LSE",2,2.5,"full","blocked",NA,6.3561292872513,6.50095096030334,8.72156901851017,14.1744133131041,TRUE
"concrete","random",17,"seeds","LSE",2,2.5,"full","blocked",NA,7.00772905285508,7.10725481667127,9.03058873319475,15.2482148262436,TRUE
"concrete","random",18,"seeds","LSE",2,2.5,"full","blocked",NA,6.61668747903583,6.72988829129959,8.35928335587746,13.5063217835091,TRUE
"concrete","random",19,"seeds","LSE",2,2.5,"full","blocked",NA,6.73727867550847,6.85086576824694,8.91556599118893,14.5411092316508,TRUE
"concrete","random",20,"seeds","LSE",2,2.5,"full","blocked",NA,6.89323076575536,6.88535676972085,9.26153223601106,16.0025639683922,TRUE
"concrete","random",21,"seeds","LSE",2,2.5,"full","blocked",NA,6.55605769327142,6.71357238839752,8.7617214358872,14.469117967578,TRUE
"concrete","random",22,"seeds","LSE",2,2.5,"full","blocked",NA,7.14317795927433,7.32842145920356,9.27785632863682,15.068081167552,TRUE
"concrete","random",23,"seeds","LSE",2,2.5,"full","blocked",NA,7.36147797949843,7.33249564977908,9.35546575922894,15.0476184227889,TRUE
"concrete","random",24,"seeds","LSE",2,2.5,"full","blocked",NA,7.22944962540668,7.32341547374604,9.27892109508023,14.8071876880952,TRUE
"concrete","random",25,"seeds","LSE",2,2.5,"full","blocked",NA,6.50670114218845,6.66004519650546,8.62649585282793,13.0652413769107,TRUE
"concrete","random",26,"seeds","LSE",2,2.5,"full","blocked",NA,6.98703717701845,6.98563316756412,8.7060884838741,14.7148607161515,TRUE
"concrete","random",27,"seeds","LSE",2,2.5,"full","blocked",NA,6.86147039358058,6.93944547004173,8.45350748728156,13.9773817222865,TRUE
"concrete","random",28,"seeds","LSE",2,2.5,"full","blocked",NA,6.87634376304765,7.07726819247323,9.06594699896852,15.1763869924083,TRUE
"concrete","random",29,"seeds","LSE",2,2.5,"full","blocked",NA,6.52783576278849,6.70785407614192,8.3590479806016,14.3846059212152,TRUE
"concrete","random",30,"seeds","LSE",2,2.5,"full","blocked",NA,6.3230387160065,6.41957453606269,8.4401997110112,14.0417679192524,TRUE
"concrete","random",1,"seeds","ridge-LSE",1,2.5,"full","blocked",NA,6.54323681633703,6.50003367206372,8.16327763603956,14.4509979910487,TRUE
"concrete","random",2,"seeds","ridge-LSE",1,2.5,"full","blocked",NA,6.4295546490227,6.6381914145406,8.63290630985124,14.1557564785914,TRUE
"concrete","random",3,"seeds","ridge-LSE",1,2.5,"full","blocked",NA,6.42013423608765,6.71220654001492,8.71004638166593,13.8090062936395,TRUE
"concrete","random",4,"seeds","ridge-LSE",1,2.5,"full","blocked",NA,6.56651881410662,6.62463616119302,8.68283027142785,14.523980629787,TRUE
"concrete","random",5,"seeds","ridge-LSE",1,2.5,"full","blocked",NA,6.93624439150685,7.16227399980608,9.14304590428615,14.9086684806998,TRUE
"concrete","random",6,"seeds","ridge-LSE",1,2.5,"full","blocked",NA,6.2188015186602,6.38239001539312,8.11099458837339,13.268637693125,TRUE
"concrete","random",7,"seeds","ridge-LSE",1,2.5,"full","blocked",NA,6.28078981439339,6.3490168890033,8.21381416355739,13.8058730272215,TRUE
"concrete","random",8,"seeds","ridge-LSE",1,2.5,"full","blocked",NA,7.15207544357734,7.03498526245636,9.19662202681456,15.7395508931894,TRUE
"concrete","random",9,"seeds","ridge-LSE",1,2.5,"full","blocked",NA,6.48038575215322,6.53665981762494,8.4363634238001,13.7294489644257,TRUE
"concrete","random",10,"seeds","ridge-LSE",1,2.5,"full","blocked",NA,7.2512461429655,7.23951269004163,8.8626472941032,14.4172081639965,TRUE
"concrete","random",11,"seeds","ridge-LSE",1,2.5,"full","blocked",NA,6.73085405362968,6.72983625212996,8.50961912352327,14.0405493692829,TRUE
"concrete","random",12,"seeds","ridge-LSE",1,2.5,"full","blocked",NA,6.54839599731563,6.7943523252039,8.33584496340877,12.8600332196284,TRUE
"concrete","random",13,"seeds","ridge-LSE",1,2.5,"full","blocked",NA,6.24804774301218,6.40116427161457,8.64868805128444,14.8519951783905,TRUE
"concrete","random",14,"seeds","ridge-LSE",1,2.5,"full","blocked",NA,6.52062052589447,6.6138589363291,8.40738120483641,14.0883612949861,TRUE
"concrete","random",15,"seeds","ridge-LSE",1,2.5,"full","blocked",NA,5.92613120317224,5.99809331703248,8.22022804739533,14.2112845972501,TRUE
"concrete","random",16,"seeds","ridge-LSE",1,2.5,"full","blocked",NA,6.57265584754145,6.76963001799755,8.79505022011485,14.4952595914013,TRUE
"concrete","random",17,"seeds","ridge-LSE",1,2.5,"full","blocked",NA,7.12629660053721,7.23562609013928,9.12008651958428,15.3658533550516,TRUE
"concrete","random",18,"seeds","ridge-LSE",1,2.5,"full","blocked",NA,6.35586066115797,6.28146848492014,7.94492262255839,12.9695358023913,TRUE
"concrete","random",19,"seeds","ridge-LSE",1,2.5,"full","blocked",NA,6.93349232415937,7.17639218830518,9.23794203077423,15.2437074234011,TRUE
"concrete","random",20,"seeds","ridge-LSE",1,2.5,"full","blocked",NA,6.66286188229253,6.75583438400107,9.0273650910115,15.0533909770408,TRUE
"concrete","random",21,"seeds","ridge-LSE",1,2.5,"full","blocked",NA,6.56634968049141,6.90687995858671,8.89805669500639,15.2403237874736,TRUE
"concrete","random",22,"seeds","ridge-LSE",1,2.5,"full","blocked",NA,6.77318750638076,6.94392173489124,9.03286245225337,14.9476822283222,TRUE
"concrete","random",23,"seeds","ridge-LSE",1,2.5,"full","blocked",NA,7.48698110131158,7.55323813049477,9.61680775665781,15.666360358988,TRUE
"concrete","random",24,"seeds","ridge-LSE",1,2.5,"full","blocked",NA,7.04913229151525,7.19958398859001,9.16423365651467,15.3207548075732,TRUE
"concrete","random",25,"seeds","ridge-LSE",1,2.5,"full","blocked",NA,6.9585796438265,7.14184292998933,8.97812748076436,13.5219692038122,TRUE
"concrete","random",26,"seeds","ridge-LSE",1,2.5,"full","blocked",NA,6.8067551570087,6.90022671003017,8.5395496682311,13.7321293113732,TRUE
"concrete","random",27,"seeds","ridge-LSE",1,2.5,"full","blocked",NA,6.95352319027336,7.02279638888823,8.9433038616021,14.6170976524267,TRUE
"concrete","random",28,"seeds","ridge-LSE",1,2.5,"full","blocked",NA,6.84750180586366,7.02458073133042,8.77549855413472,13.1333036987726,TRUE
"concrete","random",29,"seeds","ridge-LSE",1,2.5,"full","blocked",NA,6.52503365719237,6.578635939664,8.29415207649093,14.2490090280825,TRUE
"concrete","random",30,"seeds","ridge-LSE",1,2.5,"full","blocked",NA,6.18553066848033,6.21675482370957,8.04848462499818,14.0922171094523,TRUE
"concrete","random",1,"seeds","ridge-LSE",2,2.5,"full","blocked",NA,6.41159935147151,6.3564941971625,8.11416564212266,13.7656716550714,TRUE
"concrete","random",2,"seeds","ridge-LSE",2,2.5,"full","blocked",NA,6.53775767257865,6.6859616882026,8.68424788718998,14.4191724105117,TRUE
"concrete","random",3,"seeds","ridge-LSE",2,2.5,"full","blocked",NA,6.64925154527591,6.95564306585132,9.03005458571686,14.1838076426108,TRUE
"concrete","random",4,"seeds","ridge-LSE",2,2.5,"full","blocked",NA,6.61305679309314,6.5812067944277,8.76236381228592,15.9136952027692,TRUE
"concrete","random",5,"seeds","ridge-LSE",2,2.5,"full","blocked",NA,6.81832662427942,6.96321459301255,9.13633315585633,14.7824041584221,TRUE
"concrete","random",6,"seeds","ridge-LSE",2,2.5,"full","blocked",NA,5.96520629005795,6.26303404187101,8.10084038480654,12.9470990306593,TRUE
"concrete","random",7,"seeds","ridge-LSE",2,2.5,"full","blocked",NA,6.30435447523093,6.36823509950879,8.22737356040603,13.2282043502846,TRUE
"concrete","random",8,"seeds","ridge-LSE",2,2.5,"full","blocked",NA,6.67171279448944,6.6962867422884,8.74472280055372,14.6491025974958,TRUE
"concrete","random",9,"seeds","ridge-LSE",2,2.5,"full","blocked",NA,6.26943192977326,6.39460229716919,8.10539806713711,12.8938971656158,TRUE
"concrete","random",10,"seeds","ridge-LSE",2,2.5,"full","blocked",NA,7.21587113164975,7.19112188132909,9.06022624576935,15.4130002137826,TRUE
"concrete","random",11,"seeds","ridge-LSE",2,2.5,"full","blocked",NA,6.48218074815574,6.72474175758299,8.90220782352715,13.4446442588229,TRUE
"concrete","random",12,"seeds","ridge-LSE",2,2.5,"full","blocked",NA,6.30376896062656,6.52463109500609,8.08061790010403,12.4180574932529,TRUE
"concrete","random",13,"seeds","ridge-LSE",2,2.5,"full","blocked",NA,6.56762830031152,6.72327471530088,8.65028623471107,13.7272558130189,TRUE
"concrete","random",14,"seeds","ridge-LSE",2,2.5,"full","blocked",NA,6.44761108145399,6.52994339620095,8.22298262564473,13.6097338048364,TRUE
"concrete","random",15,"seeds","ridge-LSE",2,2.5,"full","blocked",NA,6.2805154417665,6.38135719410036,8.12343064506377,13.6518280214156,TRUE
"concrete","random",16,"seeds","ridge-LSE",2,2.5,"full","blocked",NA,6.45189318177132,6.5995857842205,8.79430448791513,13.7390418003215,TRUE
"concrete","random",17,"seeds","ridge-LSE",2,2.5,"full","blocked",NA,7.04785977166485,7.09665213976016,9.13233880979128,15.772086889393,TRUE
"concrete","random",18,"seeds","ridge-LSE",2,2.5,"full","blocked",NA,6.39577792750142,6.31281571974957,7.86864654723567,12.8998260960573,TRUE
"concrete","random",19,"seeds","ridge-LSE",2,2.5,"full","blocked",NA,6.78174601094285,6.97367296779378,9.25760775046677,14.8273628666552,TRUE
"concrete","random",20,"seeds","ridge-LSE",2,2.5,"full","blocked",NA,6.7038182052684,6.81654162077684,8.86539001501087,13.9596108722873,TRUE
"concrete","random",21,"seeds","ridge-LSE",2,2.5,"full","blocked",NA,6.51248346384871,6.92683575795257,9.07402196358124,14.2503514172779,TRUE
"concrete","random",22,"seeds","ridge-LSE",2,2.5,"full","blocked",NA,6.84793637585952,6.96811880667019,9.03924758707745,14.9101716501235,TRUE
"concrete","random",23,"seeds","ridge-LSE",2,2.5,"full","blocked",NA,7.13658313779626,7.25325854193304,9.07410650960638,15.3714732330941,TRUE
"concrete","random",24,"seeds","ridge-LSE",2,2.5,"full","blocked",NA,7.07859725569868,7.33343933172496,9.24697747000725,15.5648722683509,TRUE
"concrete","random",25,"seeds","ridge-LSE",2,2.5,"full","blocked",NA,7.11928132586241,7.16268362831257,9.12794529396434,14.5279796279697,TRUE
"concrete","random",26,"seeds","ridge-LSE",2,2.5,"full","blocked",NA,6.87359456434516,6.90546968671574,8.80554126251179,15.1740792918929,TRUE
"concrete","random",27,"seeds","ridge-LSE",2,2.5,"full","blocked",NA,7.21469931323048,7.06691300433605,8.86668038113136,14.5886726185149,TRUE
"concrete","random",28,"seeds","ridge-LSE",2,2.5,"full","blocked",NA,7.13520605368789,7.24466349239731,9.15148660330868,14.250777306732,TRUE
"concrete","random",29,"seeds","ridge-LSE",2,2.5,"full","blocked",NA,6.30855230835229,6.52257639607962,8.252082187672,14.0856211913075,TRUE
"concrete","random",30,"seeds","ridge-LSE",2,2.5,"full","blocked",NA,6.30774448233144,6.36876975623669,8.05624768786345,13.8834274839487,TRUE
"concrete","random",1,"seeds","Huber",1,2.5,"full","blocked",NA,6.45947746754633,6.30167852516318,8.02827835628263,13.8049272040975,TRUE
"concrete","random",2,"seeds","Huber",1,2.5,"full","blocked",NA,5.8823390693639,6.10254775178781,8.05936663223617,13.8797536504839,TRUE
"concrete","random",3,"seeds","Huber",1,2.5,"full","blocked",NA,6.16123008779506,6.33387464161602,8.33150376897474,12.8146076923439,TRUE
"concrete","random",4,"seeds","Huber",1,2.5,"full","blocked",NA,6.33317827701097,6.49339698287812,8.19467924674416,14.305531484153,TRUE
"concrete","random",5,"seeds","Huber",1,2.5,"full","blocked",NA,6.6037854876204,6.8012433539032,8.6969206362241,14.3397656142873,TRUE
"concrete","random",6,"seeds","Huber",1,2.5,"full","blocked",NA,6.34606963829255,6.45852561982797,8.20237872520045,13.6846449977412,TRUE
"concrete","random",7,"seeds","Huber",1,2.5,"full","blocked",NA,6.10771500312562,6.34746422954538,8.13177888574152,12.9491451663218,TRUE
"concrete","random",8,"seeds","Huber",1,2.5,"full","blocked",NA,7.14872180327027,7.12526663289915,9.36696825962878,15.6764112853275,TRUE
"concrete","random",9,"seeds","Huber",1,2.5,"full","blocked",NA,5.9240815548676,6.15608187641855,8.13757336750228,14.1075641692423,TRUE
"concrete","random",10,"seeds","Huber",1,2.5,"full","blocked",NA,6.9845309766458,7.04114100550108,8.75381434143199,14.7966738515899,TRUE
"concrete","random",11,"seeds","Huber",1,2.5,"full","blocked",NA,6.5012905917702,6.69412254724575,8.66909346789299,13.0882046199358,TRUE
"concrete","random",12,"seeds","Huber",1,2.5,"full","blocked",NA,6.08862963671901,6.2269781563281,7.9294303880538,13.0187283201943,TRUE
"concrete","random",13,"seeds","Huber",1,2.5,"full","blocked",NA,6.82518276241641,6.85758902885603,8.62036021647334,13.6163054287354,TRUE
"concrete","random",14,"seeds","Huber",1,2.5,"full","blocked",NA,6.49579465078916,6.67329437540197,8.51095788902391,13.830275122592,TRUE
"concrete","random",15,"seeds","Huber",1,2.5,"full","blocked",NA,5.90718812191133,6.12534460096329,8.19595281846566,13.6375668557722,TRUE
"concrete","random",16,"seeds","Huber",1,2.5,"full","blocked",NA,6.54186656204373,6.7054119627578,8.87100877356846,13.9573063029919,TRUE
"concrete","random",17,"seeds","Huber",1,2.5,"full","blocked",NA,6.74721245025284,6.92363308045739,8.78424230089862,13.9451834530206,TRUE
"concrete","random",18,"seeds","Huber",1,2.5,"full","blocked",NA,6.27440015004344,6.15492142230854,7.72453892587957,12.4620231590968,TRUE
"concrete","random",19,"seeds","Huber",1,2.5,"full","blocked",NA,6.72588774218347,6.86531323940011,8.94448657034234,14.9873292244461,TRUE
"concrete","random",20,"seeds","Huber",1,2.5,"full","blocked",NA,6.53084387888411,6.75463636664022,9.0840330595287,15.2083509738846,TRUE
"concrete","random",21,"seeds","Huber",1,2.5,"full","blocked",NA,6.61248729328945,6.72262884349545,8.95698145788452,14.7738312595707,TRUE
"concrete","random",22,"seeds","Huber",1,2.5,"full","blocked",NA,6.80655520380405,7.06530193472802,9.13224078599367,14.7540698880958,TRUE
"concrete","random",23,"seeds","Huber",1,2.5,"full","blocked",NA,7.00065651425755,7.11856019449415,9.15322935578373,15.2484194553945,TRUE
"concrete","random",24,"seeds","Huber",1,2.5,"full","blocked",NA,6.89214660489549,6.90543241902782,8.58925577903313,14.3187486636071,TRUE
"concrete","random",25,"seeds","Huber",1,2.5,"full","blocked",NA,6.67110918349258,6.78909142809258,8.67830859443254,14.0493988188376,TRUE
"concrete","random",26,"seeds","Huber",1,2.5,"full","blocked",NA,6.65328374883426,6.63480403542619,8.6117019997093,15.1739501651531,TRUE
"concrete","random",27,"seeds","Huber",1,2.5,"full","blocked",NA,6.62548513379739,6.52589127702398,8.25444399951394,13.1736874117849,TRUE
"concrete","random",28,"seeds","Huber",1,2.5,"full","blocked",NA,6.55595131912924,6.58734634380381,8.31461928281457,13.4346638280036,TRUE
"concrete","random",29,"seeds","Huber",1,2.5,"full","blocked",NA,6.20763453852587,6.46685023720207,8.43920124020991,13.7848093787599,TRUE
"concrete","random",30,"seeds","Huber",1,2.5,"full","blocked",NA,6.05826833893197,6.19489332918615,8.21110134048319,13.7707485138247,TRUE
"concrete","random",1,"seeds","Huber",2,2.5,"full","blocked",NA,6.503960625133,6.47283219083371,7.97712530032857,13.0552699744613,TRUE
"concrete","random",2,"seeds","Huber",2,2.5,"full","blocked",NA,6.24901258003816,6.3377304596443,8.5094417048407,13.8610650923927,TRUE
"concrete","random",3,"seeds","Huber",2,2.5,"full","blocked",NA,6.48575123817683,6.55791579166098,8.50837924340108,13.3805945681464,TRUE
"concrete","random",4,"seeds","Huber",2,2.5,"full","blocked",NA,6.19769166135793,6.32956520826259,8.61275757986036,14.9028814424017,TRUE
"concrete","random",5,"seeds","Huber",2,2.5,"full","blocked",NA,6.77261287212998,6.78094226150317,8.97955941277216,14.1307393790548,TRUE
"concrete","random",6,"seeds","Huber",2,2.5,"full","blocked",NA,6.0962821967415,6.33646712506088,8.33642939278467,13.1983560520186,TRUE
"concrete","random",7,"seeds","Huber",2,2.5,"full","blocked",NA,6.04170153666747,6.19137016377159,7.93523086987572,12.9155982090017,TRUE
"concrete","random",8,"seeds","Huber",2,2.5,"full","blocked",NA,7.26511106367068,7.13185491102499,9.33846144359342,15.936625779996,TRUE
"concrete","random",9,"seeds","Huber",2,2.5,"full","blocked",NA,6.26607471615474,6.45206118317053,8.3106677539093,13.6746683322696,TRUE
"concrete","random",10,"seeds","Huber",2,2.5,"full","blocked",NA,7.5751738733205,7.65275992160406,9.53653720935545,14.8491985604938,TRUE
"concrete","random",11,"seeds","Huber",2,2.5,"full","blocked",NA,7.00543824958582,7.21859523157391,9.81229976849177,15.8443378518249,TRUE
"concrete","random",12,"seeds","Huber",2,2.5,"full","blocked",NA,6.25608316368675,6.44675512171588,8.4183672912123,13.8365876925124,TRUE
"concrete","random",13,"seeds","Huber",2,2.5,"full","blocked",NA,6.96576638296804,7.22320033708553,9.1723288612773,15.1482909720312,TRUE
"concrete","random",14,"seeds","Huber",2,2.5,"full","blocked",NA,6.31623955113773,6.41350320137513,8.03008409918973,13.20990461994,TRUE
"concrete","random",15,"seeds","Huber",2,2.5,"full","blocked",NA,6.03341613676481,6.35533853171757,8.67376086963992,14.6736435306456,TRUE
"concrete","random",16,"seeds","Huber",2,2.5,"full","blocked",NA,6.44370836504842,6.64632259618335,8.61090717266887,14.5013128006081,TRUE
"concrete","random",17,"seeds","Huber",2,2.5,"full","blocked",NA,6.86822999098192,7.00016975568358,8.8263528972946,14.9927217064839,TRUE
"concrete","random",18,"seeds","Huber",2,2.5,"full","blocked",NA,6.11666312214046,6.32392245504797,8.16055590138692,12.808623256439,TRUE
"concrete","random",19,"seeds","Huber",2,2.5,"full","blocked",NA,6.28094235279081,6.65714842321637,8.86754220342252,13.9875736338279,TRUE
"concrete","random",20,"seeds","Huber",2,2.5,"full","blocked",NA,6.8905828251559,7.08877230198786,9.23074486601725,15.1957966658909,TRUE
"concrete","random",21,"seeds","Huber",2,2.5,"full","blocked",NA,6.74500045153688,7.03063600931146,9.24009205618538,15.8427768126063,TRUE
"concrete","random",22,"seeds","Huber",2,2.5,"full","blocked",NA,6.92548810021755,7.03954061292834,9.21803394406797,14.5019603744635,TRUE
"concrete","random",23,"seeds","Huber",2,2.5,"full","blocked",NA,7.06537289658763,7.23549736190418,9.13316816275466,14.7943387925305,TRUE
"concrete","random",24,"seeds","Huber",2,2.5,"full","blocked",NA,7.07216622449502,7.24635130989138,9.11412702615669,15.6719243887983,TRUE
"concrete","random",25,"seeds","Huber",2,2.5,"full","blocked",NA,6.61626173862992,6.89251962310711,8.66364311452454,13.5198839487028,TRUE
"concrete","random",26,"seeds","Huber",2,2.5,"full","blocked",NA,6.61147715285299,6.65347199772369,8.36568401648899,14.5122238294421,TRUE
"concrete","random",27,"seeds","Huber",2,2.5,"full","blocked",NA,6.49017373103464,6.57959938269278,8.47519566676742,13.4484021237179,TRUE
"concrete","random",28,"seeds","Huber",2,2.5,"full","blocked",NA,6.52499052666998,6.57505783197898,8.2576394476646,13.1500008637638,TRUE
"concrete","random",29,"seeds","Huber",2,2.5,"full","blocked",NA,6.33139441551885,6.37413072111939,8.17582974109622,13.3508496983458,TRUE
"concrete","random",30,"seeds","Huber",2,2.5,"full","blocked",NA,5.94330669137064,5.87602091053092,7.76990505501806,14.0607094285258,TRUE
"concrete","random",1,"seeds","L1",1,2.5,"full","blocked",NA,6.43159676252855,6.33598228049941,7.91563694421454,13.425756133786,TRUE
"concrete","random",2,"seeds","L1",1,2.5,"full","blocked",NA,5.88513733125725,6.0651191450362,7.70506808131363,12.3405466048421,TRUE
"concrete","random",3,"seeds","L1",1,2.5,"full","blocked",NA,6.11438190835403,6.40476007527461,8.62858356738934,13.9791212939255,TRUE
"concrete","random",4,"seeds","L1",1,2.5,"full","blocked",NA,6.39870366274799,6.39133791549839,8.10335361985942,13.2339736735284,TRUE
"concrete","random",5,"seeds","L1",1,2.5,"full","blocked",NA,6.99844560438216,7.18478290067052,9.29917504107968,14.5982515792287,TRUE
"concrete","random",6,"seeds","L1",1,2.5,"full","blocked",NA,6.98105986342595,7.18469154598508,9.46306432602242,15.0539973991741,TRUE
"concrete","random",7,"seeds","L1",1,2.5,"full","blocked",NA,5.86987759597096,5.85463098204813,7.91125986243081,13.6268267169505,TRUE
"concrete","random",8,"seeds","L1",1,2.5,"full","blocked",NA,6.52726193259756,6.5109967403225,8.44042326565646,14.2611245072447,TRUE
"concrete","random",9,"seeds","L1",1,2.5,"full","blocked",NA,6.08990854313915,6.15928405224979,8.16606816642509,14.5258416949261,TRUE
"concrete","random",10,"seeds","L1",1,2.5,"full","blocked",NA,6.89026469610802,7.05253948227342,8.75362284127197,15.0669697417222,TRUE
"concrete","random",11,"seeds","L1",1,2.5,"full","blocked",NA,6.33329332256238,6.38237953030026,8.08779523101691,13.0705759808622,TRUE
"concrete","random",12,"seeds","L1",1,2.5,"full","blocked",NA,5.91424640942663,6.05581344592172,7.77991186409075,12.2810282501699,TRUE
"concrete","random",13,"seeds","L1",1,2.5,"full","blocked",NA,6.74774042497172,7.06176080734012,9.21605043457896,14.9455961614078,TRUE
"concrete","random",14,"seeds","L1",1,2.5,"full","blocked",NA,6.62448956489105,6.65831965971256,8.44864858353589,14.4408723165307,TRUE
"concrete","random",15,"seeds","L1",1,2.5,"full","blocked",NA,6.18585822728438,6.3107243972588,8.2964165573759,13.8178259258033,TRUE
"concrete","random",16,"seeds","L1",1,2.5,"full","blocked",NA,6.2570205408936,6.54130832597383,8.5518380465885,13.8267707103009,TRUE
"concrete","random",17,"seeds","L1",1,2.5,"full","blocked",NA,6.92279857365786,6.87551841445807,9.01959151898587,14.8439777227415,TRUE
"concrete","random",18,"seeds","L1",1,2.5,"full","blocked",NA,6.37516387246051,6.34903006600373,8.12968912433881,13.8381161185023,TRUE
"concrete","random",19,"seeds","L1",1,2.5,"full","blocked",NA,6.32185731656633,6.60994004434939,8.9503942967732,15.4825635449771,TRUE
"concrete","random",20,"seeds","L1",1,2.5,"full","blocked",NA,6.32506632779878,6.43997800083403,8.45432075788119,13.5528158444649,TRUE
"concrete","random",21,"seeds","L1",1,2.5,"full","blocked",NA,6.34427174093216,6.46459709930964,8.55512560225639,14.6790328127631,TRUE
"concrete","random",22,"seeds","L1",1,2.5,"full","blocked",NA,6.73558361777711,6.79868589632353,8.69104363950102,14.3203667659269,TRUE
"concrete","random",23,"seeds","L1",1,2.5,"full","blocked",NA,6.75412502624196,6.98676197471894,9.20808538846009,15.4227795411038,TRUE
"concrete","random",24,"seeds","L1",1,2.5,"full","blocked",NA,6.94565595038062,7.13934958422974,9.17394528445551,15.9095359393814,TRUE
"concrete","random",25,"seeds","L1",1,2.5,"full","blocked",NA,6.55263260158562,6.62291459466378,8.70238643923152,13.9464665139765,TRUE
"concrete","random",26,"seeds","L1",1,2.5,"full","blocked",NA,7.15400732003073,7.10472632999415,9.04847022437414,15.8143457394663,TRUE
"concrete","random",27,"seeds","L1",1,2.5,"full","blocked",NA,6.81548198033011,6.67860221087626,8.44070552203115,14.1312561871752,TRUE
"concrete","random",28,"seeds","L1",1,2.5,"full","blocked",NA,6.66367736021099,6.82533394629134,8.93631156591664,14.763945548881,TRUE
"concrete","random",29,"seeds","L1",1,2.5,"full","blocked",NA,6.24331991526829,6.1370242501273,8.21205991861917,14.3746223687486,TRUE
"concrete","random",30,"seeds","L1",1,2.5,"full","blocked",NA,6.40440845876071,6.3271470043138,8.22602207895675,15.475188604175,TRUE
"concrete","random",1,"seeds","L1",2,2.5,"full","blocked",NA,6.5630659491378,6.37467097065573,8.05320793679303,13.876829420522,TRUE
"concrete","random",2,"seeds","L1",2,2.5,"full","blocked",NA,6.14803364746077,6.32135912441024,8.46075703606821,14.1305330624828,TRUE
"concrete","random",3,"seeds","L1",2,2.5,"full","blocked",NA,6.51483368405444,6.62643221283735,8.73709462562826,14.5897434724186,TRUE
"concrete","random",4,"seeds","L1",2,2.5,"full","blocked",NA,6.11001343897527,5.95901707252546,7.80815082914142,13.0665735736428,TRUE
"concrete","random",5,"seeds","L1",2,2.5,"full","blocked",NA,6.32898357739104,6.49976954517967,8.45185801783068,14.0414222844123,TRUE
"concrete","random",6,"seeds","L1",2,2.5,"full","blocked",NA,6.50554076649317,6.55997091234109,8.42343611704188,13.5827557188568,TRUE
"concrete","random",7,"seeds","L1",2,2.5,"full","blocked",NA,6.21002624145796,6.14507609784628,8.25083679760592,13.9788268156467,TRUE
"concrete","random",8,"seeds","L1",2,2.5,"full","blocked",NA,6.6382625399238,6.71810631000557,8.73613864133831,15.2666752830471,TRUE
"concrete","random",9,"seeds","L1",2,2.5,"full","blocked",NA,6.05699643950159,6.23357148663669,8.30081833732576,13.6383434388757,TRUE
"concrete","random",10,"seeds","L1",2,2.5,"full","blocked",NA,7.23699811433023,7.16556129410779,9.10146659670052,15.4163316153947,TRUE
"concrete","random",11,"seeds","L1",2,2.5,"full","blocked",NA,6.6046813187881,6.81255825571196,8.58234689647134,14.7175491720047,TRUE
"concrete","random",12,"seeds","L1",2,2.5,"full","blocked",NA,6.50644544316619,6.67635749177701,8.45742245723876,13.6192111288826,TRUE
"concrete","random",13,"seeds","L1",2,2.5,"full","blocked",NA,6.68070914326951,6.82445756448604,9.00738788376552,14.7114294330764,TRUE
"concrete","random",14,"seeds","L1",2,2.5,"full","blocked",NA,6.44737620033873,6.58092657066967,8.41026701153117,13.3222047373059,TRUE
"concrete","random",15,"seeds","L1",2,2.5,"full","blocked",NA,6.40645401167546,6.6378730622406,8.8157063445326,14.2374304659422,TRUE
"concrete","random",16,"seeds","L1",2,2.5,"full","blocked",NA,6.34091481824214,6.54380563186192,8.77521939862359,13.7757926243456,TRUE
"concrete","random",17,"seeds","L1",2,2.5,"full","blocked",NA,6.37045808441648,6.6014587768927,8.54876993174639,13.7159234339174,TRUE
"concrete","random",18,"seeds","L1",2,2.5,"full","blocked",NA,6.10711519925208,5.94916536316915,7.46561670281735,12.3233420602969,TRUE
"concrete","random",19,"seeds","L1",2,2.5,"full","blocked",NA,6.14834745550508,6.47675330601581,8.55088061190077,14.5740665574268,TRUE
"concrete","random",20,"seeds","L1",2,2.5,"full","blocked",NA,6.85337591654412,6.9750182043112,9.33807490906063,15.2366691173231,TRUE
"concrete","random",21,"seeds","L1",2,2.5,"full","blocked",NA,6.65516399545706,6.68778609539745,8.90594221069676,14.9997945771085,TRUE
"concrete","random",22,"seeds","L1",2,2.5,"full","blocked",NA,6.74037051810915,6.84556653266543,8.64620918793681,13.5806552460513,TRUE
"concrete","random",23,"seeds","L1",2,2.5,"full","blocked",NA,7.17012201658762,7.24114972168821,9.66187462548763,16.6072518626867,TRUE
"concrete","random",24,"seeds","L1",2,2.5,"full","blocked",NA,6.78042183624498,6.84366204690237,8.7282313015105,14.184912670026,TRUE
"concrete","random",25,"seeds","L1",2,2.5,"full","blocked",NA,6.41044994788045,6.53937807629674,8.50058563813001,13.3592871845045,TRUE
"concrete","random",26,"seeds","L1",2,2.5,"full","blocked",NA,6.79517949209194,6.80126686842562,8.75293228114187,15.6875649455699,TRUE
"concrete","random",27,"seeds","L1",2,2.5,"full","blocked",NA,6.77312315679947,6.731034890439,8.61747005586873,13.765747736307,TRUE
"concrete","random",28,"seeds","L1",2,2.5,"full","blocked",NA,6.65374840273619,6.89694576375434,8.80333200074929,13.7400977711197,TRUE
"concrete","random",29,"seeds","L1",2,2.5,"full","blocked",NA,6.16616414214832,6.25707914751044,8.40670168779656,15.0844984848554,TRUE
"concrete","random",30,"seeds","L1",2,2.5,"full","blocked",NA,6.44442435137015,6.27938294737165,8.18539010307564,14.6890072065239,TRUE
"concrete","random",1,"repro","Huber",0,2.5,"full","blocked",NA,6.33621951856761,6.43752434631959,8.26090446106717,13.736813328959,TRUE
"concrete","random",2,"repro","Huber",0,2.5,"full","blocked",NA,6.0795458465144,6.38533214346215,8.25711597835469,13.2005392789993,TRUE
"concrete","random",1,"repro","WPMM2",0,2.5,"full","blocked",NA,6.55373919589282,6.42596193665676,8.17897481209013,14.4027533474962,TRUE
"concrete","random",2,"repro","WPMM2",0,2.5,"full","blocked",NA,6.23252599372442,6.4115358711457,8.32293177507361,13.1828547816187,TRUE
