"candidate","rep","method","trmse","mae","rmse","bias","layers","ok"
"mass_boston_medv",1,"auto",2.46037856333689,2.95268938053188,5.0052835730619,0.521443577110855,3,TRUE
"mass_boston_medv",1,"auto-weak",2.4438998544938,3.41876855660284,9.19121311539516,1.11477734930156,3,TRUE
"mass_boston_medv",1,"WPMM2",2.68921670154786,3.02454160159183,4.73719011321853,0.13289613149731,3,TRUE
"mass_boston_medv",1,"WPMM3",2.46006760774712,2.87540169643434,4.57900749508424,0.201769846342375,3,TRUE
"mass_boston_medv",1,"LSE",3.04886407759006,3.47961796497899,5.47997657253783,1.10534342096703,3,TRUE
"mass_boston_medv",1,"ridge-LSE",2.64441928580982,2.98665081581155,4.32726017011671,0.743158445250413,3,TRUE
"mass_boston_medv",1,"Huber",2.56793614999303,2.94826096408373,4.54966853900846,0.592631101702577,3,TRUE
"mass_boston_medv",1,"L1",2.46592876265094,3.16748464570459,6.9428577875301,0.927747292836664,3,TRUE
"mass_boston_medv",2,"auto",2.66655932648738,2.94101598364632,3.99239869402661,-0.351188575029108,3,TRUE
"mass_boston_medv",2,"auto-weak",3.03039007490555,3.41321550034004,4.90315021120707,-0.281498524087507,3,TRUE
"mass_boston_medv",2,"WPMM2",2.60900536492331,2.89746779946323,4.11233452846668,-0.465291082553695,3,TRUE
"mass_boston_medv",2,"WPMM3",2.52643165544784,2.85452828029638,4.01359822434101,-0.45515547725004,3,TRUE
"mass_boston_medv",2,"LSE",2.46722448522515,2.75342452768373,3.61640808860412,0.0328397594983363,3,TRUE
"mass_boston_medv",2,"ridge-LSE",2.94803053828464,3.22213164615182,4.24475057817952,-0.0535526881508406,3,TRUE
"mass_boston_medv",2,"Huber",2.69703254407681,2.98873049846126,4.0600650616617,-0.181658898680122,3,TRUE
"mass_boston_medv",2,"L1",2.64372486496879,2.94837916790322,4.11338184974176,-0.0439458144186293,3,TRUE
"mass_boston_medv",3,"auto",2.45025663702819,2.61225069740945,3.55443701355482,-0.278948981348782,3,TRUE
"mass_boston_medv",3,"auto-weak",2.85222627241476,3.49046548803547,5.0651971709078,-0.543030293193385,3,TRUE
"mass_boston_medv",3,"WPMM2",3.16547077393563,3.62148594671684,5.25866383192565,-0.523452665166827,3,TRUE
"mass_boston_medv",3,"WPMM3",2.0839778109578,2.36497005486655,3.5665778557803,-0.076603368398381,3,TRUE
"mass_boston_medv",3,"LSE",2.87455851010515,3.41973960299626,5.01808099728535,-0.491300724812999,3,TRUE
"mass_boston_medv",3,"ridge-LSE",2.48816448418885,2.94928978250431,4.11353903364334,-0.522578379526973,3,TRUE
"mass_boston_medv",3,"Huber",2.88713725862671,3.47675639748719,5.27567546683848,-1.17831200957431,3,TRUE
"mass_boston_medv",3,"L1",2.0526844686933,2.22468332706795,3.26246433764435,-0.528484356351717,3,TRUE
"mass_boston_medv",4,"auto",3.50401951186318,3.72922162209614,4.92068020674123,-0.100048193756462,3,TRUE
"mass_boston_medv",4,"auto-weak",2.7339230285418,3.07035772263929,4.54589512654326,-0.256635378425137,3,TRUE
"mass_boston_medv",4,"WPMM2",2.62378355513844,2.96202127827199,4.67239597091678,-1.09672009360682,3,TRUE
"mass_boston_medv",4,"WPMM3",2.28318067273244,2.51915925868927,3.52962526661976,-0.268854500451863,3,TRUE
"mass_boston_medv",4,"LSE",2.95463305907517,3.25162656567375,4.83415547135123,-0.0237822155097247,3,TRUE
"mass_boston_medv",4,"ridge-LSE",2.90727121191021,3.17334990162487,4.60795221576497,-0.11629390911736,3,TRUE
"mass_boston_medv",4,"Huber",2.59671623468227,3.02489511742772,5.2310336360842,-0.511588638007539,3,TRUE
"mass_boston_medv",4,"L1",3.11057686050206,3.49650180864436,5.57855128377245,-0.792190494622991,3,TRUE
"mass_boston_medv",5,"auto",2.50946080408755,2.77460215687485,4.13278109345016,0.305673435699906,3,TRUE
"mass_boston_medv",5,"auto-weak",2.46691477366458,2.78568071266909,4.07340161979815,0.136659508211694,3,TRUE
"mass_boston_medv",5,"WPMM2",2.69032929936039,3.00318629974054,4.29694031698171,0.616228400943964,3,TRUE
"mass_boston_medv",5,"WPMM3",2.84011315029084,3.03110076662586,4.34733521254923,0.482234109796766,3,TRUE
"mass_boston_medv",5,"LSE",2.80793730800671,3.08757433853312,4.38007499131254,0.323230570794793,3,TRUE
"mass_boston_medv",5,"ridge-LSE",2.97976859049263,3.29332010772027,4.42894279899416,0.814830982543438,3,TRUE
"mass_boston_medv",5,"Huber",2.6014076030637,2.8705466020808,4.19211220386442,0.255269115088065,3,TRUE
"mass_boston_medv",5,"L1",2.41788937603206,2.72408556873436,4.10011681141187,0.222463952318059,3,TRUE
"mass_boston_medv",6,"auto",2.49990172998019,3.05078475184132,4.88620416656697,0.0342593864322574,3,TRUE
"mass_boston_medv",6,"auto-weak",2.31007011937911,2.66749541041069,3.9537799362872,-0.196825599513239,3,TRUE
"mass_boston_medv",6,"WPMM2",2.48631903227132,2.82195619846886,4.15708740888472,-0.302857450464734,3,TRUE
"mass_boston_medv",6,"WPMM3",2.53264139612477,2.85502142155623,4.17279114127989,-0.386665346017999,3,TRUE
"mass_boston_medv",6,"LSE",2.83252132274263,3.16153867595342,4.43123955712449,-0.199159252369694,3,TRUE
"mass_boston_medv",6,"ridge-LSE",2.77400298547495,3.17373482258446,4.59533966954432,-0.107167459090979,3,TRUE
"mass_boston_medv",6,"Huber",2.57738068814168,2.93841940664619,4.22295317172662,-0.194486274358378,3,TRUE
"mass_boston_medv",6,"L1",2.45859136625929,2.97018460968088,4.54872952155559,-0.0509660197532461,3,TRUE
"mass_boston_medv",7,"auto",2.78596161441036,2.98562001936935,3.80867274044432,0.271343532554832,3,TRUE
"mass_boston_medv",7,"auto-weak",2.62248014672293,3.08818969746648,4.94914509380812,0.0187435640766062,3,TRUE
"mass_boston_medv",7,"WPMM2",2.86991266285591,3.32184983404606,5.05844326403401,-0.501809848432249,3,TRUE
"mass_boston_medv",7,"WPMM3",2.72170496856641,3.07824259937793,4.58022711588063,-0.279823426188658,3,TRUE
"mass_boston_medv",7,"LSE",2.84726379475924,3.33988532216047,5.40141376155085,0.505312231200767,3,TRUE
"mass_boston_medv",7,"ridge-LSE",2.8626194978216,3.38118848776578,5.60612622702476,0.264218191541391,3,TRUE
"mass_boston_medv",7,"Huber",2.68034217969266,3.08263559062936,4.84129929428525,-0.391249589979182,3,TRUE
"mass_boston_medv",7,"L1",2.8840984162072,3.44850817233139,6.63222504484716,0.39490391644254,3,TRUE
"mass_boston_medv",8,"auto",3.40789719585827,3.71397344266682,5.23712253325845,-1.0416715348465,3,TRUE
"mass_boston_medv",8,"auto-weak",3.82514868981817,4.30808812063766,6.15536953967471,-0.796277373702742,3,TRUE
"mass_boston_medv",8,"WPMM2",2.792368645982,3.19280280764292,4.8938112607305,-0.555833281591499,3,TRUE
"mass_boston_medv",8,"WPMM3",2.54677681279821,2.89887237205969,4.40409577085093,-0.39119867575449,3,TRUE
"mass_boston_medv",8,"LSE",3.76169033355038,4.09131943812508,5.72641415364942,-0.880891758321058,3,TRUE
"mass_boston_medv",8,"ridge-LSE",4.07747804015817,4.39203956101511,6.11000869587661,-0.566259927202515,3,TRUE
"mass_boston_medv",8,"Huber",3.98027653786826,4.59148953528747,6.44572201688031,-1.25222226907225,3,TRUE
"mass_boston_medv",8,"L1",2.76633556724017,3.09514777880113,4.63336211483841,-0.489480710346218,3,TRUE
"mass_boston_medv",9,"auto",3.0370238830101,3.25766031824341,4.23456343619818,-0.341646300292637,3,TRUE
"mass_boston_medv",9,"auto-weak",3.33211539280485,3.62855208906728,5.2832866546114,-0.0531575952002501,3,TRUE
"mass_boston_medv",9,"WPMM2",3.15602578872724,3.74475067403083,7.71609056611096,0.209091829284561,3,TRUE
"mass_boston_medv",9,"WPMM3",3.00479147112361,3.42271522207571,5.111491536736,-0.27913372628708,3,TRUE
"mass_boston_medv",9,"LSE",3.50074622650211,3.95656259501532,5.83829702860277,0.327572091161294,3,TRUE
"mass_boston_medv",9,"ridge-LSE",3.29586828260731,3.54719593382167,4.98678000910624,0.0720811230836592,3,TRUE
"mass_boston_medv",9,"Huber",3.12272886237168,3.2803383075396,4.45677222383586,-0.184896403103847,3,TRUE
"mass_boston_medv",9,"L1",3.0524729775149,3.27583327079583,4.94141638464124,-0.0697922490289315,3,TRUE
"mass_boston_medv",10,"auto",2.70276550009825,3.1726030747053,4.58740614493636,-0.288102695939486,3,TRUE
"mass_boston_medv",10,"auto-weak",2.77384036653999,3.24234388146837,5.00912350479504,-1.04970709378949,3,TRUE
"mass_boston_medv",10,"WPMM2",2.82083757890303,3.39005787082135,5.46379035043774,-1.2754488516601,3,TRUE
"mass_boston_medv",10,"WPMM3",2.6578164300952,2.82089007735894,3.72673760202803,-0.151032177219737,3,TRUE
"mass_boston_medv",10,"LSE",2.89326438314043,3.06653864973333,4.07822875067739,-0.159963039510346,3,TRUE
"mass_boston_medv",10,"ridge-LSE",2.94638611618202,3.13512477419674,4.0531859419253,0.0786187197842856,3,TRUE
"mass_boston_medv",10,"Huber",2.78868425624118,3.25317554731595,4.95210376683036,-0.411479017428832,3,TRUE
"mass_boston_medv",10,"L1",2.93118967465044,3.29388819350444,4.71662663474681,-0.704234940942687,3,TRUE
"mass_boston_medv",11,"auto",2.4480271848987,2.81536833166917,4.2234002221423,0.6779032475123,3,TRUE
"mass_boston_medv",11,"auto-weak",2.72260719164395,3.13628082584823,4.38052238600329,0.377368834813881,3,TRUE
"mass_boston_medv",11,"WPMM2",2.27752876129149,2.45431935017951,3.48894504877593,-0.106157097480883,3,TRUE
"mass_boston_medv",11,"WPMM3",2.50764216998405,2.60796548972465,3.44113225886089,0.283253581015764,3,TRUE
"mass_boston_medv",11,"LSE",2.62652956174194,2.92973964438913,4.33321999255694,0.523189085357543,3,TRUE
"mass_boston_medv",11,"ridge-LSE",2.67786184252007,2.88654249161992,4.34795767750223,0.681089120172755,3,TRUE
"mass_boston_medv",11,"Huber",2.47372615319005,2.78704242703171,4.21767081234126,0.158704086581137,3,TRUE
"mass_boston_medv",11,"L1",2.50365952754926,2.87751755501548,4.57365100993547,0.200157186718168,3,TRUE
"mass_boston_medv",12,"auto",2.70040464533764,2.93283123417863,4.23097389280786,0.245995921042462,3,TRUE
"mass_boston_medv",12,"auto-weak",2.6643017044048,2.82335111525527,4.06063541062238,-0.140835388715576,3,TRUE
"mass_boston_medv",12,"WPMM2",2.65657426382421,2.75280559267073,3.78247052388352,-0.504032900568929,3,TRUE
"mass_boston_medv",12,"WPMM3",3.20292073677725,3.66325781579748,5.16881753098963,0.0932480162437802,3,TRUE
"mass_boston_medv",12,"LSE",3.16573108395279,3.40967915388504,4.83007462089911,0.66985398059138,3,TRUE
"mass_boston_medv",12,"ridge-LSE",3.09133308718117,3.27184066360133,4.58253214278352,0.316499448442676,3,TRUE
"mass_boston_medv",12,"Huber",2.48637751844282,2.52242873937692,3.18357172563181,0.072029814530479,3,TRUE
"mass_boston_medv",12,"L1",2.63122556856782,2.7161394267026,3.59747758249297,-0.127238790763104,3,TRUE
"mass_boston_medv",13,"auto",3.21984088461503,3.36445888518932,4.20900619579197,-0.516148302206098,3,TRUE
"mass_boston_medv",13,"auto-weak",3.52114822437588,3.64140732960584,4.75779118831818,-0.136679245964874,3,TRUE
"mass_boston_medv",13,"WPMM2",3.3348196066989,3.65726473123062,5.00506971224048,-0.894500011618322,3,TRUE
"mass_boston_medv",13,"WPMM3",2.63736829068048,2.80802907220102,3.5180312225924,-0.278095799035427,3,TRUE
"mass_boston_medv",13,"LSE",3.79153126334859,3.95545607569088,5.18279888360444,-0.197510126931482,3,TRUE
"mass_boston_medv",13,"ridge-LSE",3.34254238560276,3.51877205940927,4.47818064295456,-0.512126277908244,3,TRUE
"mass_boston_medv",13,"Huber",2.92948348106717,3.09906324938766,3.89165621234974,-0.377351932473125,3,TRUE
"mass_boston_medv",13,"L1",2.91136130288078,3.09511691991654,4.10911093153852,0.0631778904294596,3,TRUE
"mass_boston_medv",14,"auto",3.34384180124678,3.53097327432351,4.62408933556335,0.134198843979329,3,TRUE
"mass_boston_medv",14,"auto-weak",2.25899321914806,2.4405953411385,3.52546426197349,-0.34688439691423,3,TRUE
"mass_boston_medv",14,"WPMM2",2.23210559420012,2.38658085526052,3.50081944864125,-0.693841227024143,3,TRUE
"mass_boston_medv",14,"WPMM3",2.9347194613985,3.31620415913002,4.52113586187031,-0.608803552202208,3,TRUE
"mass_boston_medv",14,"LSE",2.8515583424107,2.9860583083266,4.05053793288724,-0.27708311328027,3,TRUE
"mass_boston_medv",14,"ridge-LSE",2.82599949887507,3.05627050205183,4.33714032402681,0.25456450519907,3,TRUE
"mass_boston_medv",14,"Huber",2.17050266175383,2.33969391512672,3.38545831607176,-0.387510340576236,3,TRUE
"mass_boston_medv",14,"L1",3.04686225219078,3.46081382978002,4.92724697844922,-0.640541782247986,3,TRUE
"mass_boston_medv",15,"auto",2.79862086382308,2.95147923183756,3.69322577609545,0.316858655591385,3,TRUE
"mass_boston_medv",15,"auto-weak",3.30543747457832,3.58695568245999,4.59389581298847,0.285149693212074,3,TRUE
"mass_boston_medv",15,"WPMM2",2.31540287201559,2.39278080314427,3.21038068140543,-0.346845633197591,3,TRUE
"mass_boston_medv",15,"WPMM3",2.53560826809374,2.65717668228443,3.51222169535026,0.292385321986231,3,TRUE
"mass_boston_medv",15,"LSE",2.7580339510092,2.93900350097661,3.77482446936025,0.37079540157525,3,TRUE
"mass_boston_medv",15,"ridge-LSE",2.8397802433836,2.94769266515979,3.68317611140093,0.495937425521954,3,TRUE
"mass_boston_medv",15,"Huber",2.45140178544644,2.60564599320568,3.36620811110547,0.385482983114667,3,TRUE
"mass_boston_medv",15,"L1",2.99883832184868,3.24626597378674,4.3834000442289,-0.160581637198369,3,TRUE
"mass_boston_medv",16,"auto",2.59755529106313,2.99136595396076,4.69926651743415,0.30471879308586,3,TRUE
"mass_boston_medv",16,"auto-weak",2.21004791391908,2.55403264503174,4.06744875787609,0.0305883296767405,3,TRUE
"mass_boston_medv",16,"WPMM2",2.70516504715683,3.0539681790345,4.6689193316928,0.494380507608906,3,TRUE
"mass_boston_medv",16,"WPMM3",2.71713193890452,3.22501957646186,5.01601971367546,0.740155495893066,3,TRUE
"mass_boston_medv",16,"LSE",2.9688588442759,3.48464375074615,5.4722949924334,0.617670433588441,3,TRUE
"mass_boston_medv",16,"ridge-LSE",2.82144716493296,3.07811882222861,4.55117694383538,0.526931310796975,3,TRUE
"mass_boston_medv",16,"Huber",2.50150115103279,2.82910580302454,4.23365776027833,0.445638271443749,3,TRUE
"mass_boston_medv",16,"L1",2.66415859399613,3.00669259690219,4.64199241991512,0.315616113117327,3,TRUE
"mass_boston_medv",17,"auto",2.68080038926989,3.3829577982187,5.76791369755546,-0.03842463427433,3,TRUE
"mass_boston_medv",17,"auto-weak",2.62306581920982,3.53443629490944,6.51459960871465,-1.3735215570797,3,TRUE
"mass_boston_medv",17,"WPMM2",2.31336680927283,3.06162859098391,5.51218256081588,-1.14743164788343,3,TRUE
"mass_boston_medv",17,"WPMM3",2.70196069361227,3.40312267718763,5.87755062973143,-0.194380855963864,3,TRUE
"mass_boston_medv",17,"LSE",2.43759292944812,3.09702252100782,5.30770046217479,-0.104200747012138,3,TRUE
"mass_boston_medv",17,"ridge-LSE",2.59907591284764,3.1354918710474,5.02694798477255,-0.33336707644158,3,TRUE
"mass_boston_medv",17,"Huber",2.54351910431142,3.4903611437809,7.11691213552406,-0.059031750538047,3,TRUE
"mass_boston_medv",17,"L1",2.47433989373797,3.24681983594619,5.95292380030097,-0.435308745449438,3,TRUE
"mass_boston_medv",18,"auto",2.55750607340827,3.28805129288963,5.95698229784116,-1.00231051350672,3,TRUE
"mass_boston_medv",18,"auto-weak",2.69910813920811,3.41089637819976,6.04228259912549,-1.09763873091069,3,TRUE
"mass_boston_medv",18,"WPMM2",2.9091080547858,3.57637842231671,6.18197153474462,-1.18198593325707,3,TRUE
"mass_boston_medv",18,"WPMM3",3.16452827781583,4.35211817748403,8.38201106336253,-1.58296853434984,3,TRUE
"mass_boston_medv",18,"LSE",2.53493317294678,3.44360972489522,6.50334182379663,-1.28667863471031,3,TRUE
"mass_boston_medv",18,"ridge-LSE",2.60777812594027,3.32907490838792,5.71293501411,-0.954842671806252,3,TRUE
"mass_boston_medv",18,"Huber",2.52748105460251,3.2532552238709,5.88036855092951,-1.67040111121446,3,TRUE
"mass_boston_medv",18,"L1",2.48206571843542,3.29166141592495,6.13970801638386,-0.886353054772306,3,TRUE
"mass_boston_medv",19,"auto",2.38913317146036,2.59198992842693,3.39943185660031,0.274113996204881,3,TRUE
"mass_boston_medv",19,"auto-weak",2.61664629356622,2.75418741063569,3.49332913506661,0.552977700088288,3,TRUE
"mass_boston_medv",19,"WPMM2",2.22744409681561,2.44759387809693,3.65889972712212,-0.440198335517188,3,TRUE
"mass_boston_medv",19,"WPMM3",2.52486559593967,2.74623041123219,3.90259709302459,-0.204416523775245,3,TRUE
"mass_boston_medv",19,"LSE",2.25720948079998,2.51968116234116,3.35383602050661,0.134966768462272,3,TRUE
"mass_boston_medv",19,"ridge-LSE",2.6072727809944,2.79707098992899,3.65199270852841,0.312648735601243,3,TRUE
"mass_boston_medv",19,"Huber",2.15961375740999,2.40176417416641,3.24676175099949,0.0286601161187964,3,TRUE
"mass_boston_medv",19,"L1",2.31051292479495,2.56544301934772,3.74279695636786,-0.343804115291236,3,TRUE
"mass_boston_medv",20,"auto",2.23800260837453,2.443875800783,3.2380917228523,0.528252392736634,3,TRUE
"mass_boston_medv",20,"auto-weak",2.81035604415372,3.03468988909878,4.05376645043532,0.101888537201788,3,TRUE
"mass_boston_medv",20,"WPMM2",2.6504202381967,3.07072488421525,4.375343841083,0.0263776268743084,3,TRUE
"mass_boston_medv",20,"WPMM3",2.90891645862606,3.06782456725982,4.21484761157867,-0.628578847806003,3,TRUE
"mass_boston_medv",20,"LSE",2.59191816454687,2.85043604969075,3.95239794668975,0.295171324151032,3,TRUE
"mass_boston_medv",20,"ridge-LSE",2.44470282063521,2.62922532816447,3.4986612583668,0.367281142081637,3,TRUE
"mass_boston_medv",20,"Huber",2.63109844257575,2.93307881647253,4.19187301700433,-0.104028110890636,3,TRUE
"mass_boston_medv",20,"L1",2.45242407493267,2.7227086215413,3.78864093133535,0.544284481480441,3,TRUE
"mass_boston_medv",21,"auto",2.76623020368675,2.96387404110068,3.87203390954478,0.188548980930139,3,TRUE
"mass_boston_medv",21,"auto-weak",2.64409212466535,2.84665174844888,3.75855014276322,0.424769280994181,3,TRUE
"mass_boston_medv",21,"WPMM2",2.50560391691255,2.75205951698587,3.67574510921461,-0.459297954960265,3,TRUE
"mass_boston_medv",21,"WPMM3",2.72828209266317,2.84748203586653,3.79877399545181,0.100977130390286,3,TRUE
"mass_boston_medv",21,"LSE",2.69191517916604,2.81391423828131,3.62679451589583,0.802497591479408,3,TRUE
"mass_boston_medv",21,"ridge-LSE",3.1761628609313,3.4452869905098,4.77159251376494,0.0629586781227769,3,TRUE
"mass_boston_medv",21,"Huber",2.57806849501715,2.72790982543038,3.73598708396438,0.346362790521236,3,TRUE
"mass_boston_medv",21,"L1",3.14109062928612,3.41965761032457,4.65679709709357,-0.110401336472559,3,TRUE
"mass_boston_medv",22,"auto",2.49538265484812,2.65130277086908,3.52937238852428,0.0903882742916375,3,TRUE
"mass_boston_medv",22,"auto-weak",3.40690050368711,3.51015435042742,4.52081619733449,0.418273039549909,3,TRUE
"mass_boston_medv",22,"WPMM2",2.57420923352378,2.67222249244349,3.56858037371404,-0.404550449445893,3,TRUE
"mass_boston_medv",22,"WPMM3",2.82006763634318,3.03269053262468,4.00735371045841,0.343998903095643,3,TRUE
"mass_boston_medv",22,"LSE",3.12805286409014,3.29332220658099,4.28775741527529,0.33799008678012,3,TRUE
"mass_boston_medv",22,"ridge-LSE",3.65836847761392,3.7365336994898,5.0361979077563,0.562723686688209,3,TRUE
"mass_boston_medv",22,"Huber",2.77612471131248,3.01648720598401,4.02146983546748,0.283322494701314,3,TRUE
"mass_boston_medv",22,"L1",2.99552739192967,3.04124028853833,3.86097419755454,0.033254860445272,3,TRUE
"mass_boston_medv",23,"auto",3.08205095558103,3.62957656359848,5.37160910978265,-0.39998018833944,3,TRUE
"mass_boston_medv",23,"auto-weak",2.85702388508773,3.29138725836597,4.94435937075436,-0.41342151274554,3,TRUE
"mass_boston_medv",23,"WPMM2",2.79560916162928,3.22012249527731,4.81060292196476,-0.339376253576261,3,TRUE
"mass_boston_medv",23,"WPMM3",3.13236214010371,3.50985996106909,5.12935458785532,-0.419662639259695,3,TRUE
"mass_boston_medv",23,"LSE",2.99332205460163,3.40901685991417,4.85672215261256,-0.607822853852557,3,TRUE
"mass_boston_medv",23,"ridge-LSE",3.08414796593364,3.35952470270703,4.64452942529245,-0.237892645769429,3,TRUE
"mass_boston_medv",23,"Huber",2.79406629404855,3.10525263056689,4.52052218678914,-0.374736534833634,3,TRUE
"mass_boston_medv",23,"L1",2.60212347850817,3.06346654802846,4.71317010364059,-0.61161599588961,3,TRUE
"mass_boston_medv",24,"auto",2.29284035329958,2.58820505995019,4.10821431525932,0.45141547822023,3,TRUE
"mass_boston_medv",24,"auto-weak",2.32666890672449,2.65634155961572,4.28204292148998,0.458683787588346,3,TRUE
"mass_boston_medv",24,"WPMM2",2.94618441644779,3.30736319990835,4.50651128515977,-1.14370009784323,3,TRUE
"mass_boston_medv",24,"WPMM3",2.21129468649918,2.578183762954,4.19100969061774,0.441789774842616,3,TRUE
"mass_boston_medv",24,"LSE",2.29196696197463,2.59259908592624,4.18773555198772,0.278055657131848,3,TRUE
"mass_boston_medv",24,"ridge-LSE",2.44663769988632,2.74135357479813,3.70727524682646,0.217105361624344,3,TRUE
"mass_boston_medv",24,"Huber",2.25696366386739,2.61705286546645,4.11800915041976,0.258244666529631,3,TRUE
"mass_boston_medv",24,"L1",2.08244002275501,2.48113353354285,4.46543225737267,-0.145768724945018,3,TRUE
"mass_boston_medv",25,"auto",2.89374004085544,3.39701227160141,4.66772679354248,-0.110044385564071,3,TRUE
"mass_boston_medv",25,"auto-weak",2.28488549310529,2.45350658665127,3.28577668992539,-0.0556907716567912,3,TRUE
"mass_boston_medv",25,"WPMM2",2.40092652087135,2.48428275731699,3.27863066981773,0.0332832816539013,3,TRUE
"mass_boston_medv",25,"WPMM3",2.4994658004947,2.61709694333092,3.49023890193266,0.491974452658001,3,TRUE
"mass_boston_medv",25,"LSE",2.42556121639887,2.91481745220124,4.94404356585038,0.886933367122427,3,TRUE
"mass_boston_medv",25,"ridge-LSE",2.40565876877276,2.82850635156147,4.69881417383213,0.738931346049831,3,TRUE
"mass_boston_medv",25,"Huber",2.60512251711222,3.16081160297484,5.55005739378864,0.804533802617328,3,TRUE
"mass_boston_medv",25,"L1",2.36392356604949,2.80733866318787,4.66744104006718,0.57327722328302,3,TRUE
"mass_boston_medv",26,"auto",2.62106958638281,2.88581042866424,4.17321465268009,0.737258764530145,3,TRUE
"mass_boston_medv",26,"auto-weak",2.37786026757669,2.5576738630333,3.89133017131412,0.265547845161601,3,TRUE
"mass_boston_medv",26,"WPMM2",2.29297730244847,2.58674593800927,4.28704076502756,-0.414935241207363,3,TRUE
"mass_boston_medv",26,"WPMM3",2.42688620799239,2.63957466141397,3.62013726154188,0.867765758865088,3,TRUE
"mass_boston_medv",26,"LSE",2.63017854346404,2.84440965885983,4.21868466588134,0.000653132496284477,3,TRUE
"mass_boston_medv",26,"ridge-LSE",3.3056339153103,3.53022348347924,4.69219071249359,0.522762554182039,3,TRUE
"mass_boston_medv",26,"Huber",2.46467122341298,2.66090507564681,3.73238811067826,0.603607915078346,3,TRUE
"mass_boston_medv",26,"L1",2.37148183687303,2.58923008468217,3.63892271548229,0.341472147476963,3,TRUE
"mass_boston_medv",27,"auto",2.37343027142151,2.95158536726837,5.39615661863961,-0.0969032278809262,3,TRUE
"mass_boston_medv",27,"auto-weak",2.03114991727066,2.51979700681025,4.70235003631203,0.452026123267401,3,TRUE
"mass_boston_medv",27,"WPMM2",2.37650440107579,3.45265982941388,8.54516837322586,0.221297646265339,3,TRUE
"mass_boston_medv",27,"WPMM3",2.22276710410375,3.01611768467185,6.24405125558582,0.680940281677226,3,TRUE
"mass_boston_medv",27,"LSE",2.48837091182168,3.06826594748344,5.08734675471977,-0.0390920721355026,3,TRUE
"mass_boston_medv",27,"ridge-LSE",2.39876250594999,2.79886444701983,4.51744422896457,0.0616520126944092,3,TRUE
"mass_boston_medv",27,"Huber",2.46143283183148,3.11195484658331,5.94736863882754,0.336511215151988,3,TRUE
"mass_boston_medv",27,"L1",2.34537519418819,2.62156580188506,3.90241482933016,0.13118164545294,3,TRUE
"mass_boston_medv",28,"auto",2.92222890644584,3.54421321135754,5.81634228665192,0.881720524796213,3,TRUE
"mass_boston_medv",28,"auto-weak",2.79262662831711,3.35297319878036,5.56332724252947,0.602900284917442,3,TRUE
"mass_boston_medv",28,"WPMM2",2.89175697624223,4.13509226717723,11.353013229889,1.29355217337273,3,TRUE
"mass_boston_medv",28,"WPMM3",2.64464599774359,3.07440031714076,4.73082168473107,0.135595482889759,3,TRUE
"mass_boston_medv",28,"LSE",2.84448418948472,3.43248576831738,5.51317866235323,0.459884444569595,3,TRUE
"mass_boston_medv",28,"ridge-LSE",2.80760497701454,3.36513606520198,5.3059896561678,0.616011578073144,3,TRUE
"mass_boston_medv",28,"Huber",2.9055661073312,3.44112285395139,5.21545462113276,0.274880151300589,3,TRUE
"mass_boston_medv",28,"L1",2.62095730365982,3.30770710593306,5.54120578020408,0.260436748191197,3,TRUE
"mass_boston_medv",29,"auto",2.50104626557096,2.7158487595289,3.82462428444412,0.0115710324387407,3,TRUE
"mass_boston_medv",29,"auto-weak",2.885363580704,3.04984629934766,4.18721911583326,-0.899355036274256,3,TRUE
"mass_boston_medv",29,"WPMM2",3.49495140576328,4.04015434771838,6.2497641177307,-2.43719070958504,3,TRUE
"mass_boston_medv",29,"WPMM3",2.27878309003852,2.6775956934898,4.11384184096128,-0.702569581313476,3,TRUE
"mass_boston_medv",29,"LSE",2.78421978418402,2.84151029839182,3.87946861762516,-0.0542456886475765,3,TRUE
"mass_boston_medv",29,"ridge-LSE",2.77187546154326,2.96036683770444,4.20144754856693,-0.0321476665249599,3,TRUE
"mass_boston_medv",29,"Huber",2.52774616426604,2.73569538957754,3.95805422056239,-0.595983476242242,3,TRUE
"mass_boston_medv",29,"L1",2.37655361114804,2.61669012519504,3.76945459100257,-1.08907873898077,3,TRUE
"mass_boston_medv",30,"auto",2.95679299809507,3.4457639390989,5.94133878031726,0.833519637036006,3,TRUE
"mass_boston_medv",30,"auto-weak",2.46949332942082,2.86684447187212,4.55297041345998,-0.798566929626911,3,TRUE
"mass_boston_medv",30,"WPMM2",2.49021803974647,3.02302473011539,5.19055021885684,-0.280941474625063,3,TRUE
"mass_boston_medv",30,"WPMM3",2.71032824652576,3.48425488486786,6.60289758660884,-0.764384228703413,3,TRUE
"mass_boston_medv",30,"LSE",2.59909457718453,3.33500926650437,6.8254024705338,0.649468532749,3,TRUE
"mass_boston_medv",30,"ridge-LSE",2.67785371625665,3.18418456934537,5.19272356455512,0.0153011199159715,3,TRUE
"mass_boston_medv",30,"Huber",2.65177715201083,3.19953716566073,5.49586226437427,0.0607597351390459,3,TRUE
"mass_boston_medv",30,"L1",2.45888619390809,2.9285455464349,4.57472192881033,-0.192848271328498,3,TRUE
"islr_wage",1,"auto",21.1975194475554,24.3886278925412,36.83220701675,-1.43112104809525,3,TRUE
"islr_wage",1,"auto-weak",21.8020397982497,24.9065983042961,37.0532763442519,-0.618701391485331,3,TRUE
"islr_wage",1,"WPMM2",20.9815324855077,24.7035411072046,38.2410907903566,-8.37291600712931,3,TRUE
"islr_wage",1,"WPMM3",20.9813832471015,24.403981454084,37.4362956562828,-4.9719228708126,3,TRUE
"islr_wage",1,"LSE",21.582667346338,24.6728135362675,36.8176568210521,-1.11780949880503,3,TRUE
"islr_wage",1,"ridge-LSE",21.5916224873558,24.5434205949572,36.4734774370304,-0.640585886394813,3,TRUE
"islr_wage",1,"Huber",20.9876644401438,24.2302775735465,36.8521162192188,-3.78409933507479,3,TRUE
"islr_wage",1,"L1",21.1405177513392,24.4764992351209,37.378580492564,-5.58988561620761,3,TRUE
"islr_wage",2,"auto",20.0599073302837,23.1019427803835,34.668848166744,0.517884542165837,3,TRUE
"islr_wage",2,"auto-weak",19.7081269265246,23.0139398739032,34.6466169295977,-0.417340847320802,3,TRUE
"islr_wage",2,"WPMM2",19.722881792948,23.1423869082109,35.637390749365,-6.3973509477248,3,TRUE
"islr_wage",2,"WPMM3",19.3836897762728,22.8764807309643,35.2505942872147,-4.11345359531085,3,TRUE
"islr_wage",2,"LSE",20.8304176036984,23.8284651626,35.4193764752122,-0.504119415597382,3,TRUE
"islr_wage",2,"ridge-LSE",20.876277988706,23.7001623645884,34.9566607258257,0.128684418480077,3,TRUE
"islr_wage",2,"Huber",19.5144905732829,22.7601256328959,34.5820927419235,-2.64955460695697,3,TRUE
"islr_wage",2,"L1",19.5424224214211,22.8763754788874,34.9855205060441,-3.6100905582855,3,TRUE
"islr_wage",3,"auto",20.3857913870229,23.2849663087384,34.2052537701277,-0.0444150970483377,3,TRUE
"islr_wage",3,"auto-weak",20.4869560468252,23.2092436194841,33.9853565266742,1.12123799504111,3,TRUE
"islr_wage",3,"WPMM2",20.2197434056746,22.9149062035222,34.9879042609345,-7.63735947255635,3,TRUE
"islr_wage",3,"WPMM3",19.9289044010987,22.6753332930043,34.3577451627473,-4.41140391856237,3,TRUE
"islr_wage",3,"LSE",20.1945166765847,22.7605719283827,33.5575022209567,-0.465874719959494,3,TRUE
"islr_wage",3,"ridge-LSE",20.3701952240496,23.0645378046736,33.9095029401387,0.343733600618704,3,TRUE
"islr_wage",3,"Huber",20.1122652414968,22.7535070274393,34.0915235441453,-2.671273469904,3,TRUE
"islr_wage",3,"L1",20.0376700492429,22.7437544190999,34.2166298324607,-3.82012372755475,3,TRUE
"islr_wage",4,"auto",20.6976450868022,23.7068963133884,35.3264915504932,1.37665426826436,3,TRUE
"islr_wage",4,"auto-weak",20.8609648405149,23.8685154341908,35.2579280932879,2.55670814338982,3,TRUE
"islr_wage",4,"WPMM2",19.9274719433552,23.2293902772639,35.7372973729278,-5.45470945340852,3,TRUE
"islr_wage",4,"WPMM3",20.4815948948647,23.4869966966878,35.3707808493136,-1.34740213914343,3,TRUE
"islr_wage",4,"LSE",21.4030205363522,24.1847466633447,35.7168618564295,1.26239245719118,3,TRUE
"islr_wage",4,"ridge-LSE",20.9210689327985,24.0107815159181,35.6497592873103,0.94856780820475,3,TRUE
"islr_wage",4,"Huber",20.2154618740224,23.2643039800372,35.100652924306,-0.993857219555297,3,TRUE
"islr_wage",4,"L1",20.288132474617,23.3283326692375,35.2412995119319,-2.87529311527784,3,TRUE
"islr_wage",5,"auto",20.4324085195675,23.0913296747733,34.2503883569215,-0.635115445962883,3,TRUE
"islr_wage",5,"auto-weak",20.7247795884667,23.3293409236304,34.2948917443636,0.400117459347875,3,TRUE
"islr_wage",5,"WPMM2",19.9961755734629,22.811899029825,34.9448120515789,-6.62969938845134,3,TRUE
"islr_wage",5,"WPMM3",19.9539062712874,22.8299419221561,34.7884370392852,-5.39772341213393,3,TRUE
"islr_wage",5,"LSE",20.7525044836559,23.207607005041,34.0495380069099,0.0952553746953616,3,TRUE
"islr_wage",5,"ridge-LSE",20.5297151308523,23.0913773978082,33.982793089933,-0.732777027910439,3,TRUE
"islr_wage",5,"Huber",20.1723222927081,22.6796214135661,34.2319526400308,-3.22309663522553,3,TRUE
"islr_wage",5,"L1",20.0381178176665,22.6740105286232,34.2833868483762,-4.35274294510484,3,TRUE
"islr_wage",6,"auto",20.9171639936271,23.0989290708558,32.9098602026766,1.36427460029505,3,TRUE
"islr_wage",6,"auto-weak",20.3856381102896,22.6633733273639,32.6429492011451,0.451098308781575,3,TRUE
"islr_wage",6,"WPMM2",20.6490413387532,23.0791279377758,33.7362362114585,-6.18046593231959,3,TRUE
"islr_wage",6,"WPMM3",20.5843855285558,23.1048696648784,33.8332182931641,-3.99234756611103,3,TRUE
"islr_wage",6,"LSE",21.2422192691917,23.4658777363554,33.3014705137051,1.31207823413033,3,TRUE
"islr_wage",6,"ridge-LSE",20.9084177336165,23.2125827754452,33.4231002528087,-0.129351064032886,3,TRUE
"islr_wage",6,"Huber",20.2818027060755,22.4875101401242,32.615262443592,-1.81522319265948,3,TRUE
"islr_wage",6,"L1",20.9710708783748,23.2154911395387,33.8213183740263,-2.18241362640637,3,TRUE
"islr_wage",7,"auto",20.1044049386777,23.0091330582274,33.7063610240318,0.562397037096241,3,TRUE
"islr_wage",7,"auto-weak",20.0953213544496,22.8506133387334,33.7455490398241,-0.578879347889412,3,TRUE
"islr_wage",7,"WPMM2",19.5930949836806,22.6845095134911,34.585586342577,-7.62551622719945,3,TRUE
"islr_wage",7,"WPMM3",19.3762100843031,22.4365561566893,33.9071725297278,-3.98005628839266,3,TRUE
"islr_wage",7,"LSE",20.1711831706986,22.8755375709977,33.4393949756431,-0.0314961697662013,3,TRUE
"islr_wage",7,"ridge-LSE",19.958285320163,22.6328965922462,33.1482970293203,-0.525000460720662,3,TRUE
"islr_wage",7,"Huber",19.670770220832,22.3567447350769,33.2881795835333,-2.41891886423443,3,TRUE
"islr_wage",7,"L1",19.2850291859576,22.2711333214835,33.6200916482635,-3.1026094009331,3,TRUE
"islr_wage",8,"auto",21.0750699288413,23.8767239732416,35.5922679069997,-2.09428933099176,3,TRUE
"islr_wage",8,"auto-weak",20.9209193022119,23.682407160268,35.3312636142808,-1.6926706621981,3,TRUE
"islr_wage",8,"WPMM2",20.7514856791566,23.8452418820257,36.0904557156986,-8.01628860515041,3,TRUE
"islr_wage",8,"WPMM3",20.5892371218176,23.6517245024552,35.8185905322097,-5.57082559467233,3,TRUE
"islr_wage",8,"LSE",21.598100118321,24.2783135286928,35.6443353483714,-1.90446997068277,3,TRUE
"islr_wage",8,"ridge-LSE",21.4056841767664,24.0443168724615,35.345751280311,-1.21082325117494,3,TRUE
"islr_wage",8,"Huber",20.8437110065495,23.6402403779268,35.3735330452149,-4.53162506420697,3,TRUE
"islr_wage",8,"L1",20.7068568715693,23.5964148564863,35.6133132213762,-5.01247831427956,3,TRUE
"islr_wage",9,"auto",21.094154822913,23.768951461537,34.3353280775216,2.59081824761069,3,TRUE
"islr_wage",9,"auto-weak",20.9400114356456,23.6930641068552,34.7672794255935,1.66020159851125,3,TRUE
"islr_wage",9,"WPMM2",19.966272584088,23.0589438260796,35.086629934267,-5.87544366236785,3,TRUE
"islr_wage",9,"WPMM3",20.1378799769634,23.1987850404752,34.8436276497001,-3.04891439977661,3,TRUE
"islr_wage",9,"LSE",20.8442030649757,23.6280530989185,34.519901085755,1.15944581381954,3,TRUE
"islr_wage",9,"ridge-LSE",20.9804767441543,23.781169974716,34.6615027576357,1.74485022862127,3,TRUE
"islr_wage",9,"Huber",20.1425332364847,23.0118339807097,34.1773172209756,-1.63598925818025,3,TRUE
"islr_wage",9,"L1",20.2202940679728,22.9811713891852,34.0665829528589,-2.43087676036333,3,TRUE
"islr_wage",10,"auto",20.3522744224861,22.5677197508406,32.7486684029579,0.301900766323911,3,TRUE
"islr_wage",10,"auto-weak",20.2179449509853,22.5300518733373,33.1808285602949,-0.995344671830706,3,TRUE
"islr_wage",10,"WPMM2",19.9412169770381,22.6930812093126,34.4585974842387,-7.84519732165838,3,TRUE
"islr_wage",10,"WPMM3",19.726303901768,22.0423497227098,33.3597195922868,-5.22288687128081,3,TRUE
"islr_wage",10,"LSE",20.6324154716677,22.747882795983,32.841095446957,-0.0140305643053574,3,TRUE
"islr_wage",10,"ridge-LSE",20.3443281848633,22.6112314901524,32.9671096466758,-0.301253157607432,3,TRUE
"islr_wage",10,"Huber",19.9033298494931,22.2518363936836,33.0937362450176,-3.30724951389275,3,TRUE
"islr_wage",10,"L1",19.7194199374344,21.9852209836893,33.0201726206388,-3.66152017044946,3,TRUE
"islr_wage",11,"auto",21.1633906098126,23.5636863578249,33.8746578257673,-0.592831167991039,3,TRUE
"islr_wage",11,"auto-weak",21.222649151574,23.6077483520831,33.8447581916686,0.0211440690446026,3,TRUE
"islr_wage",11,"WPMM2",20.9269551565686,23.3438025246213,34.7419894460863,-7.57504425568351,3,TRUE
"islr_wage",11,"WPMM3",20.9227197586352,23.2534121805223,34.2399517771889,-4.84432124714625,3,TRUE
"islr_wage",11,"LSE",21.8024886367614,24.0016168884092,33.9913394251775,-0.272079069914426,3,TRUE
"islr_wage",11,"ridge-LSE",21.2171779273033,23.3951667534985,33.5681555769699,-0.2924832147001,3,TRUE
"islr_wage",11,"Huber",20.9272030948208,23.1125151295253,33.6515577574863,-2.92348319286867,3,TRUE
"islr_wage",11,"L1",20.8198079273531,23.1691722982267,33.7569767295454,-3.46076588357199,3,TRUE
"islr_wage",12,"auto",21.6796931980392,23.7043792280032,33.4626057829861,1.59737870659634,3,TRUE
"islr_wage",12,"auto-weak",22.0601735074286,24.2566820250555,33.7738823655631,2.02586088932518,3,TRUE
"islr_wage",12,"WPMM2",20.764197799894,23.1382354750342,33.7699471709227,-4.61085718528879,3,TRUE
"islr_wage",12,"WPMM3",20.8620098558955,23.2837979334262,33.4036019270376,-2.56593027706509,3,TRUE
"islr_wage",12,"LSE",22.0489281231318,24.0216420345722,33.5305660359684,1.2848014153561,3,TRUE
"islr_wage",12,"ridge-LSE",22.1637869296471,24.1911232702721,33.2984046100729,2.69069251776127,3,TRUE
"islr_wage",12,"Huber",21.4196401035092,23.4922742063648,33.3298548821901,-1.02554712758863,3,TRUE
"islr_wage",12,"L1",21.0727884073874,23.1651730830338,33.1183692402349,-1.89386315674858,3,TRUE
"islr_wage",13,"auto",19.8314466132256,22.4330844539217,33.3919169511255,-1.28069733595065,3,TRUE
"islr_wage",13,"auto-weak",20.2156792351845,22.8305344312112,33.7926274611529,-0.356775698500469,3,TRUE
"islr_wage",13,"WPMM2",19.8206199359881,23.0227182454312,34.9204596179829,-7.74419325318079,3,TRUE
"islr_wage",13,"WPMM3",20.0237880927287,22.8032123890629,34.2833040580488,-5.18326539557067,3,TRUE
"islr_wage",13,"LSE",20.1227001475927,22.5029432083559,33.1190438230063,-0.218986506025815,3,TRUE
"islr_wage",13,"ridge-LSE",19.8553452622626,22.2954952317505,32.8555192275834,-0.645004786780656,3,TRUE
"islr_wage",13,"Huber",19.7465707787306,22.4751145055051,33.7244712422393,-3.79838930019592,3,TRUE
"islr_wage",13,"L1",19.4442282631258,22.3807341690769,33.732754744301,-4.8712433943351,3,TRUE
"islr_wage",14,"auto",21.7371852129881,24.9384453597633,37.5974245944497,-3.38621440053757,3,TRUE
"islr_wage",14,"auto-weak",21.331852901368,24.2703083428103,36.5164513591991,-2.02918260557151,3,TRUE
"islr_wage",14,"WPMM2",21.0776701154471,24.2645325785801,37.5047671748891,-8.80648231874639,3,TRUE
"islr_wage",14,"WPMM3",21.0053349963983,24.2143024685224,37.2212696808142,-6.32439268050929,3,TRUE
"islr_wage",14,"LSE",21.5585897382277,24.2963679590265,36.2135276349281,-1.70718754950625,3,TRUE
"islr_wage",14,"ridge-LSE",21.1716627753997,24.2145003689317,36.5785430105422,-2.45847086785248,3,TRUE
"islr_wage",14,"Huber",20.9000173612626,24.0418360215668,36.8614050183742,-5.23525569785397,3,TRUE
"islr_wage",14,"L1",21.2075899130583,24.2290152644416,37.0427103226211,-6.35590541270496,3,TRUE
"islr_wage",15,"auto",21.1725851804508,24.20077888952,36.8911752992493,-1.58581448728138,3,TRUE
"islr_wage",15,"auto-weak",21.3152768104758,24.2677855703887,36.7326418064823,-0.180828107493598,3,TRUE
"islr_wage",15,"WPMM2",20.9250407046274,24.2070896782284,37.6159750178256,-7.97711481679302,3,TRUE
"islr_wage",15,"WPMM3",20.8953842934251,23.9936424975348,37.0220706136027,-3.96524655578334,3,TRUE
"islr_wage",15,"LSE",21.4359609518858,24.3646741966017,37.046990626935,-0.873544553923814,3,TRUE
"islr_wage",15,"ridge-LSE",21.8086897037511,24.9798655280841,37.7901408633023,-0.267144171225405,3,TRUE
"islr_wage",15,"Huber",20.8113808391601,23.893060320394,36.8356326799464,-3.10647183997909,3,TRUE
"islr_wage",15,"L1",21.0160983378935,24.1550352996415,37.3097367784709,-5.32765737578586,3,TRUE
"islr_wage",16,"auto",21.338972075312,24.1198736243459,35.1573554904691,-0.264143257617806,3,TRUE
"islr_wage",16,"auto-weak",21.4720080809031,24.3457815391946,35.3993277007256,-0.0245137756250973,3,TRUE
"islr_wage",16,"WPMM2",21.379520131905,24.2988858829851,36.0671468133859,-7.24583865501931,3,TRUE
"islr_wage",16,"WPMM3",21.0501699287735,23.9387847690022,35.3919860020813,-4.72738118208497,3,TRUE
"islr_wage",16,"LSE",21.8150744188087,24.5146834290151,35.4236900369693,0.0134572306650551,3,TRUE
"islr_wage",16,"ridge-LSE",21.7974104391493,24.4323911369101,35.4116364513626,0.330629617411355,3,TRUE
"islr_wage",16,"Huber",21.3891209042158,24.236667915815,35.4228574415045,-3.59265306318887,3,TRUE
"islr_wage",16,"L1",21.3776059598778,24.1414428344628,35.6797662904713,-4.46522144119447,3,TRUE
"islr_wage",17,"auto",19.8690068796598,22.7649878335514,34.0781972333027,-1.10068186045527,3,TRUE
"islr_wage",17,"auto-weak",20.1614896308348,23.1199631002645,34.5687697318729,-2.28033652621007,3,TRUE
"islr_wage",17,"WPMM2",19.9303389142139,23.1306685538136,35.2953891288949,-8.80092929713841,3,TRUE
"islr_wage",17,"WPMM3",19.7963214036144,22.8948339561662,34.728137705318,-6.01851398342446,3,TRUE
"islr_wage",17,"LSE",20.582523743111,23.3882500420112,34.3246670952585,-1.30212513123229,3,TRUE
"islr_wage",17,"ridge-LSE",20.2632185814665,23.10528330608,34.2694019997714,-2.64251248287324,3,TRUE
"islr_wage",17,"Huber",20.094407241613,23.0363535268818,34.5737436677408,-5.19650500446389,3,TRUE
"islr_wage",17,"L1",19.6183500629672,22.6294147100644,34.6157769058,-6.43321852041149,3,TRUE
"islr_wage",18,"auto",20.911116415189,23.5917323593625,35.5641272796975,-0.922244074824193,3,TRUE
"islr_wage",18,"auto-weak",21.3242017885458,23.8058847010712,35.7888889964578,-0.282224752829392,3,TRUE
"islr_wage",18,"WPMM2",20.5811754624241,23.6257632210443,36.3972876168299,-7.18010831531083,3,TRUE
"islr_wage",18,"WPMM3",20.7143184693715,23.4354813869248,35.7276480112529,-4.13159614993987,3,TRUE
"islr_wage",18,"LSE",21.2864162859425,23.6383935451658,35.1200386147815,-0.110033426781188,3,TRUE
"islr_wage",18,"ridge-LSE",21.2795592872505,23.863229817227,35.4646464100905,-0.461662060326062,3,TRUE
"islr_wage",18,"Huber",20.7331679002657,23.4474964379316,35.5403196479624,-3.23615123942151,3,TRUE
"islr_wage",18,"L1",20.7106069281084,23.7461155786675,36.1947075901836,-4.05254077279698,3,TRUE
"islr_wage",19,"auto",20.6425721624463,22.822520051604,32.3533563900156,1.12696245812088,3,TRUE
"islr_wage",19,"auto-weak",20.4822463180592,22.6621918148216,32.2759949919378,0.438466410586559,3,TRUE
"islr_wage",19,"WPMM2",20.3053357816258,22.4012416707596,32.411863786779,-5.37846015076956,3,TRUE
"islr_wage",19,"WPMM3",20.4394118597922,22.4927671358985,32.4936435727293,-4.17595432467491,3,TRUE
"islr_wage",19,"LSE",20.9797740058633,22.8853557611509,32.0196501013343,0.314122203116641,3,TRUE
"islr_wage",19,"ridge-LSE",21.0112202267607,22.9532025767665,31.8752538635005,0.319699241155477,3,TRUE
"islr_wage",19,"Huber",20.5246956457772,22.5574010479997,32.2743953218459,-2.43935826098098,3,TRUE
"islr_wage",19,"L1",20.7707338586898,22.8145610579672,32.0858977520654,-3.00259378148087,3,TRUE
"islr_wage",20,"auto",20.5808958524089,23.4204884011787,35.0400021483618,-2.3881262916418,3,TRUE
"islr_wage",20,"auto-weak",20.4283576379344,23.4271846644841,35.1690920626104,-2.68003059000408,3,TRUE
"islr_wage",20,"WPMM2",20.4119146520086,23.6585993529986,36.5321319838575,-8.59707407028863,3,TRUE
"islr_wage",20,"WPMM3",20.1827497670311,23.2928181025179,35.2823076148824,-5.17568954075504,3,TRUE
"islr_wage",20,"LSE",20.9320619391105,23.5967098921438,34.7429999001904,-1.61557846213867,3,TRUE
"islr_wage",20,"ridge-LSE",20.948742752688,23.6754387166097,35.0037566063544,-1.91242140405439,3,TRUE
"islr_wage",20,"Huber",20.3968880063979,23.3498934269877,35.1352738546649,-4.60446197961075,3,TRUE
"islr_wage",20,"L1",20.3407063049766,23.2879207585736,35.1180365319088,-4.73287930789364,3,TRUE
"islr_wage",21,"auto",21.6386508868266,23.8437351903261,34.0622763100577,0.885529679306175,3,TRUE
"islr_wage",21,"auto-weak",21.7075008200459,23.9634166392799,34.1051101786003,0.729993266882747,3,TRUE
"islr_wage",21,"WPMM2",21.1986377086878,23.6352601462086,34.6599782524334,-6.35926567682616,3,TRUE
"islr_wage",21,"WPMM3",21.1882559795003,23.6074820103461,34.2549719093706,-3.74770613770152,3,TRUE
"islr_wage",21,"LSE",22.362860036249,24.3854458042549,34.393374221545,2.72674170344433,3,TRUE
"islr_wage",21,"ridge-LSE",22.1197432252948,24.2270917796716,34.1165837206143,2.53761342821742,3,TRUE
"islr_wage",21,"Huber",21.5324857131161,23.8193942435835,34.1187268046556,-2.03511974318542,3,TRUE
"islr_wage",21,"L1",21.7811692937909,23.9773062109826,34.4061279723719,-2.58038930448615,3,TRUE
"islr_wage",22,"auto",20.6837551670882,23.2913725875115,34.2918559354911,1.29923029786588,3,TRUE
"islr_wage",22,"auto-weak",20.6516647536367,23.3588221176911,34.6580780202234,0.785995129144546,3,TRUE
"islr_wage",22,"WPMM2",20.3420751364305,23.3333326893972,35.5432216747683,-6.26840671368256,3,TRUE
"islr_wage",22,"WPMM3",20.232675823365,23.0971540573515,34.792228117979,-2.6672342597885,3,TRUE
"islr_wage",22,"LSE",20.7511565860694,23.4614919546024,34.4274439332256,0.1747090881762,3,TRUE
"islr_wage",22,"ridge-LSE",20.9894435264071,23.5844118576585,34.416648224453,1.06980973122297,3,TRUE
"islr_wage",22,"Huber",20.2722980776874,23.1609305520006,34.6590335921367,-2.4502072493134,3,TRUE
"islr_wage",22,"L1",20.4266510781441,23.3186088273386,35.0403215699883,-2.86090070739852,3,TRUE
"islr_wage",23,"auto",21.0974797026824,23.7037006881478,34.0542664421017,2.46616606938436,3,TRUE
"islr_wage",23,"auto-weak",20.8774581584999,23.5445355861013,33.8205847229536,2.44332157410547,3,TRUE
"islr_wage",23,"WPMM2",19.8125542005579,22.8491698273004,34.3196603521084,-3.9281366179363,3,TRUE
"islr_wage",23,"WPMM3",20.1112839201855,22.8469243707127,33.7570779220911,-1.64182452038664,3,TRUE
"islr_wage",23,"LSE",21.1178802081737,23.7335058192038,33.8189873688493,2.09977508582,3,TRUE
"islr_wage",23,"ridge-LSE",21.3722776331582,23.7216806535851,33.7685366632489,1.82976571899042,3,TRUE
"islr_wage",23,"Huber",20.4440592218366,23.1940114415382,33.9114453859055,0.000964005354320606,3,TRUE
"islr_wage",23,"L1",20.19282789037,22.9222509866257,33.6934767051014,-0.577233105316703,3,TRUE
"islr_wage",24,"auto",20.5478978496797,23.0690970480493,33.190765129083,-0.116548628587175,3,TRUE
"islr_wage",24,"auto-weak",20.6061349200881,23.116772779851,33.0892289692836,1.32115661523802,3,TRUE
"islr_wage",24,"WPMM2",20.5805635699293,23.2116917394092,33.9740837744395,-6.70979337754108,3,TRUE
"islr_wage",24,"WPMM3",20.2823795240782,22.9231744615778,33.5222000075411,-4.86222297166653,3,TRUE
"islr_wage",24,"LSE",20.5183790023464,22.8667402123468,32.8191849183903,0.0503825555549864,3,TRUE
"islr_wage",24,"ridge-LSE",21.4327332224976,23.7183662231676,33.5104472930355,0.366515630112829,3,TRUE
"islr_wage",24,"Huber",20.3323325454201,22.8979672811376,33.2419134387772,-3.49046220743915,3,TRUE
"islr_wage",24,"L1",20.3145528197461,22.8578343869393,33.2249414706179,-2.84862616345522,3,TRUE
"islr_wage",25,"auto",21.0673384519946,23.9266862205588,35.5272921566072,0.241320639685914,3,TRUE
"islr_wage",25,"auto-weak",20.7581576082514,23.9141751293517,35.996291310068,-0.774213151923507,3,TRUE
"islr_wage",25,"WPMM2",20.2373082871776,23.6787421313491,36.6384858278128,-6.77649002112086,3,TRUE
"islr_wage",25,"WPMM3",20.1984938535675,23.6632949672198,36.3774740545101,-4.57166629112647,3,TRUE
"islr_wage",25,"LSE",21.8605108559874,24.7168263792825,36.0593440998414,0.715533283056017,3,TRUE
"islr_wage",25,"ridge-LSE",21.1610892173511,24.0609283016011,35.8318030504996,0.112934137022194,3,TRUE
"islr_wage",25,"Huber",20.4035891032713,23.6082503021718,35.973235700456,-2.95827954941844,3,TRUE
"islr_wage",25,"L1",20.877754941227,24.0849017084428,36.499425289963,-2.46672570086339,3,TRUE
"islr_wage",26,"auto",21.365247313236,24.381553808098,35.7544120885866,-0.99978988072407,3,TRUE
"islr_wage",26,"auto-weak",21.62321632443,24.5850074307552,35.7860419914911,-0.733478220321564,3,TRUE
"islr_wage",26,"WPMM2",21.1173264908479,24.3399584971528,36.2981825485666,-6.41529759441734,3,TRUE
"islr_wage",26,"WPMM3",21.2462925811536,24.3745248571099,36.044999149654,-4.90666805698341,3,TRUE
"islr_wage",26,"LSE",21.5304665085796,24.1871715256881,35.258906951871,-1.59004112256169,3,TRUE
"islr_wage",26,"ridge-LSE",21.8782034216017,24.647789877272,35.5898989421487,-1.50807258154588,3,TRUE
"islr_wage",26,"Huber",21.4105111419909,24.477451711808,36.004975872741,-4.09716453768596,3,TRUE
"islr_wage",26,"L1",21.4553713386814,24.4985849705675,36.0537609412691,-3.8083562292694,3,TRUE
"islr_wage",27,"auto",21.5660171372838,24.5678593020541,35.9416980365109,0.01826958907063,3,TRUE
"islr_wage",27,"auto-weak",21.5166242060323,24.5990079271047,36.1041999837614,0.132209533941475,3,TRUE
"islr_wage",27,"WPMM2",21.1271344441686,24.5034464597118,36.9470585688746,-6.3512103087925,3,TRUE
"islr_wage",27,"WPMM3",21.1371232148217,24.3472692519306,36.3200650778933,-3.79786584426378,3,TRUE
"islr_wage",27,"LSE",21.8240261092692,24.6716452731474,36.1403953167633,0.714024059775385,3,TRUE
"islr_wage",27,"ridge-LSE",21.7688224615306,24.621472535292,36.040335829383,0.363125087363669,3,TRUE
"islr_wage",27,"Huber",21.08662563783,24.2771094305171,36.3624866945555,-3.2306186434675,3,TRUE
"islr_wage",27,"L1",21.1002946223782,24.2608654598024,36.1404287025535,-2.9374177612279,3,TRUE
"islr_wage",28,"auto",20.1749988318049,23.603050833355,36.0446115287288,-0.953392338384065,3,TRUE
"islr_wage",28,"auto-weak",20.0747068416679,23.3947592845282,35.7687821538076,-0.791683971763706,3,TRUE
"islr_wage",28,"WPMM2",19.8791299771209,23.4015794380327,36.812253663431,-7.74494215948507,3,TRUE
"islr_wage",28,"WPMM3",20.1476730743273,23.3662912138136,36.2261119622792,-4.90120202570541,3,TRUE
"islr_wage",28,"LSE",20.1488943207852,23.2100379303242,35.4053345775186,-0.73172762600076,3,TRUE
"islr_wage",28,"ridge-LSE",20.1161847300329,23.2641885915588,35.2870215727922,0.170652424514548,3,TRUE
"islr_wage",28,"Huber",19.923940567578,23.1643327389365,35.8767664553955,-3.39844959074408,3,TRUE
"islr_wage",28,"L1",19.8073995727333,23.2049104204896,36.1080188968559,-4.83111881438116,3,TRUE
"islr_wage",29,"auto",20.4972857994624,22.7928177617773,33.0799442672424,1.13788212518721,3,TRUE
"islr_wage",29,"auto-weak",20.1311523426194,22.4673542835929,32.779914903749,-0.0675736511600345,3,TRUE
"islr_wage",29,"WPMM2",19.7005265277197,22.4840953175866,33.8749148300688,-7.55810108753382,3,TRUE
"islr_wage",29,"WPMM3",19.5068561251954,22.0674647914283,33.0846958970659,-4.04208476393826,3,TRUE
"islr_wage",29,"LSE",20.234451787239,22.5277871325487,33.1508144777156,-0.184407004251897,3,TRUE
"islr_wage",29,"ridge-LSE",20.9210254016529,23.3948569375237,33.8443819737036,-1.01629395534395,3,TRUE
"islr_wage",29,"Huber",19.815113963427,22.3135492175311,33.0651260974959,-2.17883599726607,3,TRUE
"islr_wage",29,"L1",19.5955126736931,22.0465305895071,33.0075169739548,-3.60041387221906,3,TRUE
"islr_wage",30,"auto",21.6180214742643,23.7225808038977,33.8381828850942,2.29475636855728,3,TRUE
"islr_wage",30,"auto-weak",21.5706056241131,23.9701863752613,34.47867622957,-0.0867002664485809,3,TRUE
"islr_wage",30,"WPMM2",21.114893642949,23.6798152825425,34.7644587741886,-5.98589016001658,3,TRUE
"islr_wage",30,"WPMM3",21.3472486869584,23.8110145066475,34.57254159513,-2.77166166337099,3,TRUE
"islr_wage",30,"LSE",22.1214484146468,24.2629891343473,34.4268066613449,1.72949666652635,3,TRUE
"islr_wage",30,"ridge-LSE",21.92422111603,24.2281044424085,34.3344703936178,1.53879856562038,3,TRUE
"islr_wage",30,"Huber",21.3828453356474,23.7817200801738,34.3263066373634,-1.95679749955246,3,TRUE
"islr_wage",30,"L1",21.2803440883587,23.6632807721888,34.1804118611462,-2.12835184948244,3,TRUE
"airquality_ozone",1,"auto",12.5297520555324,12.0131899568921,13.8840378329659,2.10904839920788,3,TRUE
"airquality_ozone",1,"auto-weak",16.8750834807268,16.611675061954,20.7415140217617,-3.19773072792008,3,TRUE
"airquality_ozone",1,"WPMM2",16.8393699824539,15.5800334262025,19.4091589855469,-9.97144230813347,3,TRUE
"airquality_ozone",1,"WPMM3",13.4149805869228,13.209402738055,15.4113922851284,-4.05304164636522,3,TRUE
"airquality_ozone",1,"LSE",14.5508414195401,14.7876927423802,17.801607994852,-2.40294410525671,3,TRUE
"airquality_ozone",1,"ridge-LSE",12.235390922126,12.1590397410887,15.2901900924075,1.40989462148542,3,TRUE
"airquality_ozone",1,"Huber",12.4569423826197,12.7675637358172,14.7714768634583,-2.15331252139341,3,TRUE
"airquality_ozone",1,"L1",13.6913325099949,13.5293936236582,16.6081929215541,-4.79796755052358,3,TRUE
"airquality_ozone",2,"auto",18.4557173716199,18.4839529214654,22.8905859425906,-3.50288430270618,3,TRUE
"airquality_ozone",2,"auto-weak",16.8219184879078,17.4663378161136,22.83724624414,-3.85201893399538,3,TRUE
"airquality_ozone",2,"WPMM2",13.2754604330078,15.6892717549317,20.4858233033249,-3.21329134786342,3,TRUE
"airquality_ozone",2,"WPMM3",12.9424603789848,13.7467131767572,17.2799406576602,-1.79773754089078,3,TRUE
"airquality_ozone",2,"LSE",14.9906838697613,15.9836038020774,20.3459414617323,2.15684468548214,3,TRUE
"airquality_ozone",2,"ridge-LSE",15.751511845074,17.0384927200105,21.2922791148105,-0.767038891473045,3,TRUE
"airquality_ozone",2,"Huber",15.9768381864037,16.8840462776255,21.4500118476248,-5.77823249258098,3,TRUE
"airquality_ozone",2,"L1",17.5226653286345,18.5517865892826,22.6637131394972,-1.47558067550421,3,TRUE
"airquality_ozone",3,"auto",11.1589572613822,14.3814113643483,24.8280143382837,-1.72946830029475,3,TRUE
"airquality_ozone",3,"auto-weak",9.97927947404995,10.2790986950938,13.3794514738634,-0.0546660500450846,3,TRUE
"airquality_ozone",3,"WPMM2",10.8336002798036,13.4948502051708,22.8345089116641,-4.81662388936811,3,TRUE
"airquality_ozone",3,"WPMM3",12.392829112788,11.9977560056069,15.8412239577844,6.91795349874396,3,TRUE
"airquality_ozone",3,"LSE",16.2454092823804,17.1220012150126,23.8202843544003,-0.488481867808366,3,TRUE
"airquality_ozone",3,"ridge-LSE",13.1825327026311,15.1586768642145,23.3994675028123,-4.27583102817896,3,TRUE
"airquality_ozone",3,"Huber",17.2821936848996,18.2405697062199,25.0892224450291,-3.36386169100343,3,TRUE
"airquality_ozone",3,"L1",9.87643057964796,12.4371337274415,21.5987304175404,-5.81149250528902,3,TRUE
"airquality_ozone",4,"auto",13.0130980590205,13.1070836065909,16.8117576032394,-6.30535126112385,3,TRUE
"airquality_ozone",4,"auto-weak",11.5297770045699,11.7724745511402,14.7800649112779,-7.06337999916867,3,TRUE
"airquality_ozone",4,"WPMM2",13.0339206954142,12.2688790280556,15.6544532705565,-6.62940456957286,3,TRUE
"airquality_ozone",4,"WPMM3",14.1907608172518,14.7736176384652,19.0676651605297,-9.92297781574613,3,TRUE
"airquality_ozone",4,"LSE",11.1658107529508,11.8616424142458,16.3376498025707,-3.4472546950398,3,TRUE
"airquality_ozone",4,"ridge-LSE",11.7573700623676,11.6599758393823,15.4680301976963,-2.15496536314796,3,TRUE
"airquality_ozone",4,"Huber",13.3681784400601,13.203603307277,18.7676998938147,-6.96101475475872,3,TRUE
"airquality_ozone",4,"L1",10.6562178298198,11.022734917291,13.7595904084006,-5.21513601403752,3,TRUE
"airquality_ozone",5,"auto",13.4773679582692,16.4769536914824,26.1864983280339,-7.90354454135298,3,TRUE
"airquality_ozone",5,"auto-weak",16.1974434226649,19.1414308267774,29.2067567443137,-8.34975455864402,3,TRUE
"airquality_ozone",5,"WPMM2",15.236661618388,20.2691422029203,32.5077892012823,-13.0105627839687,3,TRUE
"airquality_ozone",5,"WPMM3",15.14490866544,18.6042998630684,27.2871458551303,-8.69405145701792,3,TRUE
"airquality_ozone",5,"LSE",18.4266484248257,20.3829698848496,28.2876177249119,-8.85557490888912,3,TRUE
"airquality_ozone",5,"ridge-LSE",15.6471178098487,18.1540139330561,28.7190192885329,-9.1142693570848,3,TRUE
"airquality_ozone",5,"Huber",16.6163938688268,20.5206398432702,32.2564409523752,-11.0587848862033,3,TRUE
"airquality_ozone",5,"L1",17.139617638192,19.5456941174991,29.4895951602092,-11.22904711877,3,TRUE
"airquality_ozone",6,"auto",10.8478366480593,11.0103083866159,15.0768536622326,5.17928248789605,3,TRUE
"airquality_ozone",6,"auto-weak",7.88200623421326,8.86950191076822,12.0400396042636,2.58415819910206,3,TRUE
"airquality_ozone",6,"WPMM2",9.12205745487835,9.69616403794892,12.7620195163568,-4.33720691462728,3,TRUE
"airquality_ozone",6,"WPMM3",8.68483764722235,8.93635998163547,12.4956415445147,0.512887338954256,3,TRUE
"airquality_ozone",6,"LSE",15.5095056563502,14.916528533714,19.263714407751,4.79663730279849,3,TRUE
"airquality_ozone",6,"ridge-LSE",11.8198406809693,11.663273122931,13.8352860611242,3.50073952800663,3,TRUE
"airquality_ozone",6,"Huber",8.69366187303364,10.2171174989407,15.5442825987571,1.46215749370937,3,TRUE
"airquality_ozone",6,"L1",12.5121995400652,15.1074038043793,22.6024615916712,-1.72661435465835,3,TRUE
"airquality_ozone",7,"auto",12.1979120976928,11.033093944848,15.3902106639285,2.31404976848666,3,TRUE
"airquality_ozone",7,"auto-weak",10.5822969368758,11.2140001504877,14.0824724571741,4.10338158667122,3,TRUE
"airquality_ozone",7,"WPMM2",9.53720130586086,10.5167235380467,14.9625377869409,-3.2601627077838,3,TRUE
"airquality_ozone",7,"WPMM3",12.7814191294509,13.5670701146483,17.7390646539937,-1.5383542431828,3,TRUE
"airquality_ozone",7,"LSE",11.6320980743674,12.8149763970918,21.009828700618,5.3381996812506,3,TRUE
"airquality_ozone",7,"ridge-LSE",10.4384651802616,11.015925034089,14.5769877141742,-0.890106416173363,3,TRUE
"airquality_ozone",7,"Huber",11.5549487835823,11.7808712988218,14.5543891185852,1.08332289402155,3,TRUE
"airquality_ozone",7,"L1",10.2233981321388,10.3679163546884,14.0827467466859,-1.12240194475309,3,TRUE
"airquality_ozone",8,"auto",18.4492070712862,17.8656343918361,20.7996544968793,6.82434623373801,3,TRUE
"airquality_ozone",8,"auto-weak",11.7597531596164,13.6521840164107,20.0070507480206,3.72907506938413,3,TRUE
"airquality_ozone",8,"WPMM2",12.2291857635227,14.1304194279593,18.3293244164709,0.782908724858123,3,TRUE
"airquality_ozone",8,"WPMM3",11.2953676457692,16.7233768425014,27.5517006752835,7.84715681150846,3,TRUE
"airquality_ozone",8,"LSE",18.9002831228858,21.3808314508526,35.8094211595969,-5.88198362263092,3,TRUE
"airquality_ozone",8,"ridge-LSE",10.873346521185,12.3666521962361,16.9173010038984,1.25022938404852,3,TRUE
"airquality_ozone",8,"Huber",13.9152881904511,15.4309050679432,19.2380501225369,0.395248820473415,3,TRUE
"airquality_ozone",8,"L1",11.1793171363366,14.1484374093346,22.0041920106951,-0.291081506675403,3,TRUE
"airquality_ozone",9,"auto",12.040712352174,14.0566732880116,19.2534285742579,-2.36644027944433,3,TRUE
"airquality_ozone",9,"auto-weak",11.3467710000127,12.6766640987263,17.5388989007324,-2.78077362531115,3,TRUE
"airquality_ozone",9,"WPMM2",13.396890010063,14.087530127481,18.6784950117665,-1.91599818035786,3,TRUE
"airquality_ozone",9,"WPMM3",15.6255544819729,16.2782306047051,21.1694307651155,-7.26679866431546,3,TRUE
"airquality_ozone",9,"LSE",11.2301912259428,12.0617109294769,17.3702200915139,-6.29773791251539,3,TRUE
"airquality_ozone",9,"ridge-LSE",11.5281182127825,13.2814871090278,18.0996088282324,-4.66737855087072,3,TRUE
"airquality_ozone",9,"Huber",11.6770800393827,12.5786253622318,17.0007632176026,-5.99564884441645,3,TRUE
"airquality_ozone",9,"L1",13.1796789205572,14.0361996740598,18.5975240554445,-5.32970010775025,3,TRUE
"airquality_ozone",10,"auto",15.0863043286166,15.8527139717734,22.3642350583728,-7.84041628782721,3,TRUE
"airquality_ozone",10,"auto-weak",12.9425975027361,13.9749056570967,20.4553307243227,-7.55937042698566,3,TRUE
"airquality_ozone",10,"WPMM2",14.6128960932802,14.9820359712093,19.405241480152,-6.7481490101604,3,TRUE
"airquality_ozone",10,"WPMM3",13.9669162855607,16.8769777140026,27.7539906166338,-11.3481144685888,3,TRUE
"airquality_ozone",10,"LSE",13.8235665227622,17.4052344914578,26.0928517997025,-7.35793843011086,3,TRUE
"airquality_ozone",10,"ridge-LSE",18.2044440131103,18.9797005696221,24.2790760130013,-4.15608624994619,3,TRUE
"airquality_ozone",10,"Huber",15.0713512444657,16.0904717959305,24.0090251613264,-8.3229229241312,3,TRUE
"airquality_ozone",10,"L1",14.7717535148523,16.8422095022879,25.2480778596313,-6.0759320084389,3,TRUE
"airquality_ozone",11,"auto",15.0101899930202,14.7087449124394,18.8514980187993,-3.08798521111678,3,TRUE
"airquality_ozone",11,"auto-weak",12.1905075305662,12.8103098642052,16.4766619925052,-2.89115519936221,3,TRUE
"airquality_ozone",11,"WPMM2",12.8542139357781,13.2549237291078,17.8913551526802,-1.01831785475732,3,TRUE
"airquality_ozone",11,"WPMM3",12.0642078852115,12.8425473268273,16.2606453313571,-3.09401385326873,3,TRUE
"airquality_ozone",11,"LSE",11.9401443259614,12.2538174632053,16.2063737956469,-1.67801571425334,3,TRUE
"airquality_ozone",11,"ridge-LSE",12.7543798887461,12.4577745848772,16.2008966114624,0.0868452773371676,3,TRUE
"airquality_ozone",11,"Huber",11.9438578741676,12.6379206383757,17.4987015186089,-3.77365522127916,3,TRUE
"airquality_ozone",11,"L1",11.7177880682169,12.7212311362966,16.5154846794631,-3.10407870511225,3,TRUE
"airquality_ozone",12,"auto",11.961674390238,14.9680045836763,23.3921643385931,0.261969431890482,3,TRUE
"airquality_ozone",12,"auto-weak",12.7677474175102,15.8411921754754,25.469140052864,-1.35349257072822,3,TRUE
"airquality_ozone",12,"WPMM2",16.0697654884368,17.5665572678691,24.0569652362451,1.04987509181192,3,TRUE
"airquality_ozone",12,"WPMM3",14.9551634942208,19.7639974826477,32.9192899666471,2.03754810912867,3,TRUE
"airquality_ozone",12,"LSE",14.9757951627887,17.5171004482574,24.6045708759058,2.25723055168268,3,TRUE
"airquality_ozone",12,"ridge-LSE",14.4358358049284,16.3688702559109,22.455588520503,4.35369108602879,3,TRUE
"airquality_ozone",12,"Huber",13.6791576081508,18.770223437701,31.3089317549361,-0.364010299024074,3,TRUE
"airquality_ozone",12,"L1",13.9336478637309,15.3996553755942,20.3306323137381,1.9809376062162,3,TRUE
"airquality_ozone",13,"auto",20.6234971927636,22.0427340420365,25.4620181933829,-5.79231729752217,3,TRUE
"airquality_ozone",13,"auto-weak",17.1237487492357,17.431576453408,22.6276899102512,-7.32841510771043,3,TRUE
"airquality_ozone",13,"WPMM2",21.7460317338427,21.6020523470506,26.977756032393,-7.98202203868633,3,TRUE
"airquality_ozone",13,"WPMM3",16.8878343572359,17.1651750821333,22.5864457551715,-11.0030424455631,3,TRUE
"airquality_ozone",13,"LSE",17.3475988071505,17.505373436622,21.9622784345076,-7.47446005741149,3,TRUE
"airquality_ozone",13,"ridge-LSE",14.9961790068473,15.444642025415,21.4740226520588,-2.76204566336456,3,TRUE
"airquality_ozone",13,"Huber",17.2047787582568,17.0773921588384,20.8552747206001,-6.6425353148307,3,TRUE
"airquality_ozone",13,"L1",15.8796189127861,18.1296299364847,27.6100436692573,-3.2717564502297,3,TRUE
"airquality_ozone",14,"auto",15.2992814188989,17.6116843024874,23.6743621584567,13.0458927925915,3,TRUE
"airquality_ozone",14,"auto-weak",14.315439794918,16.3690673320061,22.4166153531958,8.66489901884517,3,TRUE
"airquality_ozone",14,"WPMM2",15.5836758004229,17.6269806538544,25.3594767135586,10.6302233208324,3,TRUE
"airquality_ozone",14,"WPMM3",15.414915485232,17.0373345981481,23.5741862587441,11.8214060936088,3,TRUE
"airquality_ozone",14,"LSE",16.2064554705292,19.9804552847693,32.6680640126076,13.2384388285588,3,TRUE
"airquality_ozone",14,"ridge-LSE",16.0335130160047,15.9125593412472,19.8898624197984,10.2666859695202,3,TRUE
"airquality_ozone",14,"Huber",16.4589179982868,18.8657623152948,26.9724899499824,10.0418803644822,3,TRUE
"airquality_ozone",14,"L1",21.0132745643432,21.1812573133598,30.1075472369596,15.9003449372627,3,TRUE
"airquality_ozone",15,"auto",13.8633324326741,14.7690244259497,19.6819275283525,-0.0586099806427619,3,TRUE
"airquality_ozone",15,"auto-weak",15.731321815217,15.9621866263192,19.7776699931437,8.4196992677527,3,TRUE
"airquality_ozone",15,"WPMM2",12.1817052860078,12.3071358969165,15.52770649045,-2.13826476363407,3,TRUE
"airquality_ozone",15,"WPMM3",12.5449657462229,14.1643662258692,21.3542786059826,3.62694576812969,3,TRUE
"airquality_ozone",15,"LSE",14.3456118165119,13.6684162081341,17.4440869653729,1.70108842855857,3,TRUE
"airquality_ozone",15,"ridge-LSE",13.5737240448799,13.506240771528,16.8623560109844,-1.05544782916597,3,TRUE
"airquality_ozone",15,"Huber",12.1357370786752,13.3261764381847,16.1271764078621,4.09168275599902,3,TRUE
"airquality_ozone",15,"L1",13.2634766782839,12.9513200550683,15.8953915620131,3.5609300279062,3,TRUE
"airquality_ozone",16,"auto",16.6441065891329,16.4294414959407,21.3082636694564,2.61903906685857,3,TRUE
"airquality_ozone",16,"auto-weak",14.0976527951536,18.451084813697,32.4284775517327,-3.66787066556642,3,TRUE
"airquality_ozone",16,"WPMM2",13.8499127317159,14.4461666199615,19.2581571446824,4.19824095367325,3,TRUE
"airquality_ozone",16,"WPMM3",10.9007126898202,11.4199151232884,15.6810187559571,1.45999831561741,3,TRUE
"airquality_ozone",16,"LSE",13.8177640618872,15.2346721107334,19.6042858020786,3.81230018681456,3,TRUE
"airquality_ozone",16,"ridge-LSE",15.7011780980175,16.5092077983425,19.8713237269193,9.29432746130929,3,TRUE
"airquality_ozone",16,"Huber",11.5680711570915,11.7485247344163,14.9839839100298,3.92197514116193,3,TRUE
"airquality_ozone",16,"L1",13.7570844181894,14.9015952130861,19.7028092865035,4.65548178952566,3,TRUE
"airquality_ozone",17,"auto",11.1081402221765,11.7202403083044,15.6336558111095,0.68871860762396,3,TRUE
"airquality_ozone",17,"auto-weak",14.0286073939134,14.4385327356519,18.6600806880985,2.66764956364587,3,TRUE
"airquality_ozone",17,"WPMM2",12.7533642752249,13.2099334719332,17.7784620319447,-0.393145885669468,3,TRUE
"airquality_ozone",17,"WPMM3",14.8173698449489,16.7045236855127,25.2415307229787,5.08566662180338,3,TRUE
"airquality_ozone",17,"LSE",12.5306483361322,14.0246140431156,19.2440766745199,-3.39633529618552,3,TRUE
"airquality_ozone",17,"ridge-LSE",12.5494455810552,16.2285388739957,28.9860805064563,5.40114807538518,3,TRUE
"airquality_ozone",17,"Huber",11.7579420563848,12.8694724169154,18.4996585004184,-1.44085867927601,3,TRUE
"airquality_ozone",17,"L1",14.8335241321509,20.8597274247842,34.9581154054118,4.66221090895915,3,TRUE
"airquality_ozone",18,"auto",14.0446276608523,19.658715860826,33.8092313061467,-11.8941837436474,3,TRUE
"airquality_ozone",18,"auto-weak",12.9764894189816,14.580587174343,22.0729062319984,-1.60344649313493,3,TRUE
"airquality_ozone",18,"WPMM2",12.9085043435708,18.1049249454533,33.563095823152,-12.2872299779828,3,TRUE
"airquality_ozone",18,"WPMM3",9.38528804376594,14.2083513838764,25.8391653655267,-8.46859639102187,3,TRUE
"airquality_ozone",18,"LSE",14.2551180085923,14.0896993629221,20.3151571194098,0.610681258361604,3,TRUE
"airquality_ozone",18,"ridge-LSE",10.3812019520352,14.8436803821089,27.0048786928937,-6.90778564240545,3,TRUE
"airquality_ozone",18,"Huber",10.3522095517569,15.6137844773208,30.5054975205918,-10.4564617585705,3,TRUE
"airquality_ozone",18,"L1",9.31984919461726,13.5294197949577,25.1756709201967,-3.38161093050695,3,TRUE
"airquality_ozone",19,"auto",13.1790326975864,14.7827053927047,19.5953564828247,-6.07700693342176,3,TRUE
"airquality_ozone",19,"auto-weak",13.3634582641002,14.3108766719676,18.89173284137,-1.05764384176549,3,TRUE
"airquality_ozone",19,"WPMM2",14.4229251479328,16.2608647012404,22.1146079439092,-12.4520883808028,3,TRUE
"airquality_ozone",19,"WPMM3",13.9095410895604,15.0550870137943,21.5938333983552,-7.06142830510696,3,TRUE
"airquality_ozone",19,"LSE",15.344418607975,16.5898258335209,21.2537759133723,-9.01280853918147,3,TRUE
"airquality_ozone",19,"ridge-LSE",15.9462717742967,18.150823356497,29.2338114511652,-3.41036717539601,3,TRUE
"airquality_ozone",19,"Huber",14.0473676570137,15.5458347811312,21.2576323609116,-9.478325740643,3,TRUE
"airquality_ozone",19,"L1",15.9720521998122,17.1298314648768,22.7993941328001,-10.0700680043787,3,TRUE
"airquality_ozone",20,"auto",14.3819669018643,14.6326336049175,18.9320615562233,-0.00845179666959818,3,TRUE
"airquality_ozone",20,"auto-weak",12.2895584864386,13.7591942765249,18.3075253023828,2.62949001602605,3,TRUE
"airquality_ozone",20,"WPMM2",10.8320154463774,11.9894575222253,18.0738546497087,-3.28223755340746,3,TRUE
"airquality_ozone",20,"WPMM3",11.501016040524,13.6657306614281,20.5448100722002,1.74700015093297,3,TRUE
"airquality_ozone",20,"LSE",16.7714746372046,18.5682529879563,24.8709680643732,-3.32403816670297,3,TRUE
"airquality_ozone",20,"ridge-LSE",15.0560947431711,16.9404119931739,21.7039708216592,-2.06480919829497,3,TRUE
"airquality_ozone",20,"Huber",13.8184935422601,14.7155654700625,19.0641532822839,5.00212120801506,3,TRUE
"airquality_ozone",20,"L1",11.2457822020659,13.980663784982,20.938518864281,1.83946658862941,3,TRUE
"airquality_ozone",21,"auto",12.7128359958612,13.3182366671812,17.4924607822803,-0.390852244921673,3,TRUE
"airquality_ozone",21,"auto-weak",10.8119990390565,12.6764845995264,17.4377402874814,0.18128870786058,3,TRUE
"airquality_ozone",21,"WPMM2",11.8487038023797,13.8017839381221,18.4279588626096,-6.84502598383137,3,TRUE
"airquality_ozone",21,"WPMM3",10.0557762670315,11.6291105163924,16.1748571851379,-1.94814347451904,3,TRUE
"airquality_ozone",21,"LSE",11.3628798156008,13.5915576757531,20.2541535113631,-3.24662031945414,3,TRUE
"airquality_ozone",21,"ridge-LSE",12.97530570154,14.3518344052307,18.951628325608,-0.0172041215818229,3,TRUE
"airquality_ozone",21,"Huber",12.041098837906,12.7415474069015,17.6225796788511,-0.75924288467438,3,TRUE
"airquality_ozone",21,"L1",12.3612872573129,13.7427943441312,17.8432435279152,-1.82545947866353,3,TRUE
"airquality_ozone",22,"auto",10.9289424614617,10.5329238288832,13.3039094366339,3.1864873307768,3,TRUE
"airquality_ozone",22,"auto-weak",11.3871552030213,11.361320787613,14.3489423036676,7.27081598530278,3,TRUE
"airquality_ozone",22,"WPMM2",8.32373088221756,8.84574303283709,10.8614342646584,-0.020658370078971,3,TRUE
"airquality_ozone",22,"WPMM3",10.8802887567075,11.9087647239219,14.6464378161235,5.52681701027472,3,TRUE
"airquality_ozone",22,"LSE",12.5312421824853,12.7255629116403,15.6893010808037,5.20414993642417,3,TRUE
"airquality_ozone",22,"ridge-LSE",12.1438838938641,12.194933088349,14.7541682162352,3.4988010690831,3,TRUE
"airquality_ozone",22,"Huber",9.86226684778317,11.5717815295563,15.8037999434663,7.158532530583,3,TRUE
"airquality_ozone",22,"L1",8.90498801582435,8.8779792232813,11.4671220571628,2.35958226524407,3,TRUE
"airquality_ozone",23,"auto",12.7578849852778,15.7857904666066,24.8347724190944,0.175579016475227,3,TRUE
"airquality_ozone",23,"auto-weak",13.1447978613043,15.4138226700605,21.1669956240849,-6.13840285122046,3,TRUE
"airquality_ozone",23,"WPMM2",12.0776444751559,14.6927105826172,20.8161253398647,-5.70776871536177,3,TRUE
"airquality_ozone",23,"WPMM3",15.3899686429702,16.2198747234001,20.4933359344647,0.242217389268179,3,TRUE
"airquality_ozone",23,"LSE",12.6278513677699,14.9249651201069,20.9319918887915,0.283833338354909,3,TRUE
"airquality_ozone",23,"ridge-LSE",15.0044302382177,17.449695113261,23.9700000955837,2.09056040455429,3,TRUE
"airquality_ozone",23,"Huber",14.6538771279055,15.8652141072446,21.425547550744,2.52069612068919,3,TRUE
"airquality_ozone",23,"L1",13.5714657366716,14.7782438198376,20.0590836225812,-0.444005857012246,3,TRUE
"airquality_ozone",24,"auto",17.6985279322633,20.7485756022995,35.0457846019494,-14.4373215354716,3,TRUE
"airquality_ozone",24,"auto-weak",24.7419198191336,28.4604695909334,42.0496523006347,-18.0894855996781,3,TRUE
"airquality_ozone",24,"WPMM2",15.3931175286321,18.6918898597135,31.7602834892332,-6.86375940234812,3,TRUE
"airquality_ozone",24,"WPMM3",16.1289532336834,20.6606278404549,34.6553686288948,-5.41671317526505,3,TRUE
"airquality_ozone",24,"LSE",12.1562578436863,15.4691792446044,27.7336387262182,-8.32638036181403,3,TRUE
"airquality_ozone",24,"ridge-LSE",14.0811363314886,17.2869484029274,28.2803449496608,-5.94774916968518,3,TRUE
"airquality_ozone",24,"Huber",13.4268791779044,16.9609392255284,27.4817004674582,-8.28581947577693,3,TRUE
"airquality_ozone",24,"L1",16.7293789096,18.6706544320636,29.0821515007027,-6.57483102491413,3,TRUE
"airquality_ozone",25,"auto",17.5716762526583,21.4003611209775,31.4682683427839,-3.41441937121799,3,TRUE
"airquality_ozone",25,"auto-weak",24.6565381893219,25.5921139107258,39.5864080220432,-3.11766389253281,3,TRUE
"airquality_ozone",25,"WPMM2",21.908664028005,24.7421753940715,38.2011792542782,-0.336398883923825,3,TRUE
"airquality_ozone",25,"WPMM3",16.5426509717663,20.8660558412614,32.4679286947523,-2.57295364446385,3,TRUE
"airquality_ozone",25,"LSE",18.7455742061125,22.147625451611,31.7595516109938,-1.65112985291784,3,TRUE
"airquality_ozone",25,"ridge-LSE",18.4024143429363,22.37185558326,33.0832131914449,-3.0465958316936,3,TRUE
"airquality_ozone",25,"Huber",22.6844929264882,24.4714757696163,37.459182650459,-2.09962230018951,3,TRUE
"airquality_ozone",25,"L1",22.9987669024021,24.8494208001142,37.6929887585008,-1.47639778998723,3,TRUE
"airquality_ozone",26,"auto",16.343427795867,15.4612986308337,20.3505775385094,-0.95868970377305,3,TRUE
"airquality_ozone",26,"auto-weak",19.1952918538648,19.3904521132981,24.0308367517178,-6.54780920378083,3,TRUE
"airquality_ozone",26,"WPMM2",14.1369762515308,14.0429879895514,20.5868985473552,-5.63965883922558,3,TRUE
"airquality_ozone",26,"WPMM3",15.7943651385569,15.6704870082948,21.8750869953295,-2.74309550440833,3,TRUE
"airquality_ozone",26,"LSE",15.2916831265005,15.7493692026509,19.7019386817463,-3.25628601242685,3,TRUE
"airquality_ozone",26,"ridge-LSE",16.8594374439303,17.5993500257974,23.7295403155826,0.198701299732503,3,TRUE
"airquality_ozone",26,"Huber",15.0478578055309,15.2044701148889,20.4466873314135,-3.0026093233989,3,TRUE
"airquality_ozone",26,"L1",15.6470010836574,16.0501552082577,22.3830073939175,-1.82730086948618,3,TRUE
"airquality_ozone",27,"auto",17.114540687216,20.5559047096142,33.917591241843,-11.2362821860876,3,TRUE
"airquality_ozone",27,"auto-weak",15.9174395935522,15.5830813931719,21.4318458222011,-1.06036769821914,3,TRUE
"airquality_ozone",27,"WPMM2",19.3940436859836,20.217991823266,28.1133031429504,-5.5010667296475,3,TRUE
"airquality_ozone",27,"WPMM3",18.7739887755,23.3337591737059,36.2701349355467,-11.9022133938689,3,TRUE
"airquality_ozone",27,"LSE",17.6516207819792,20.540139965445,29.6004120524666,-5.96023145608059,3,TRUE
"airquality_ozone",27,"ridge-LSE",16.1348738064235,17.3526801228064,23.9825676402357,-5.93013106529312,3,TRUE
"airquality_ozone",27,"Huber",18.3450484486976,19.9912002278679,27.8327249084733,-7.40950712927418,3,TRUE
"airquality_ozone",27,"L1",18.5391937827932,19.5037473852289,26.387410555751,-4.05308181741899,3,TRUE
"airquality_ozone",28,"auto",14.0318842667342,16.6930705545477,24.9670088265963,-0.642411736331267,3,TRUE
"airquality_ozone",28,"auto-weak",12.4202808582898,13.3574578332583,17.0467081360406,4.93609384475954,3,TRUE
"airquality_ozone",28,"WPMM2",13.5157709276211,15.4407465795071,23.7629819526932,-1.69440774047948,3,TRUE
"airquality_ozone",28,"WPMM3",12.3941127916685,15.7955170513231,28.0042365469138,-3.08666151408915,3,TRUE
"airquality_ozone",28,"LSE",14.4926838991644,17.057107196153,25.6478728190326,2.98080218216638,3,TRUE
"airquality_ozone",28,"ridge-LSE",12.3505105615349,15.5824038658149,22.7801891858837,1.92701312803736,3,TRUE
"airquality_ozone",28,"Huber",11.3328148340242,15.4014340766912,27.0355681581637,-1.55764998146776,3,TRUE
"airquality_ozone",28,"L1",12.0257568761088,16.0500630309912,28.1264073696044,-0.66940902559001,3,TRUE
"airquality_ozone",29,"auto",13.0192414112972,13.356073685963,20.2431911847899,-7.93999570125993,3,TRUE
"airquality_ozone",29,"auto-weak",16.4725536820909,16.610740834767,21.8537057509291,-1.25009419941391,3,TRUE
"airquality_ozone",29,"WPMM2",18.4466927030195,18.0719350347432,25.1758014202612,-11.5372635813728,3,TRUE
"airquality_ozone",29,"WPMM3",17.5753922349063,19.001502563621,27.48730073218,-3.57641538579066,3,TRUE
"airquality_ozone",29,"LSE",13.7985291828005,16.0212379177472,25.7925297567253,-14.0620091933094,3,TRUE
"airquality_ozone",29,"ridge-LSE",14.2736092055414,14.9879173614363,19.5527417313344,0.40391857314336,3,TRUE
"airquality_ozone",29,"Huber",10.2278422700837,13.625471002786,23.2932959564642,-8.93508863831085,3,TRUE
"airquality_ozone",29,"L1",14.3725349385597,18.0974679917822,29.4401851869917,-15.7010506145572,3,TRUE
"airquality_ozone",30,"auto",15.6256533787335,15.1657360778283,18.9271500877225,3.18322016764636,3,TRUE
"airquality_ozone",30,"auto-weak",13.0511398462892,17.0855663878127,31.6056796045031,13.7968036753895,3,TRUE
"airquality_ozone",30,"WPMM2",11.4245162396832,11.0931482491124,14.6709727081489,-0.184190905927032,3,TRUE
"airquality_ozone",30,"WPMM3",9.23848354537381,10.3591666052425,15.0483326041035,5.31387752779387,3,TRUE
"airquality_ozone",30,"LSE",10.1987088732992,13.6692235363451,21.8182980019946,-3.13404372222483,3,TRUE
"airquality_ozone",30,"ridge-LSE",10.9162475666752,11.7754486805973,17.204284060916,7.91673470834368,3,TRUE
"airquality_ozone",30,"Huber",15.0374268707612,20.5491054518576,39.4249777136751,-8.81972625553868,3,TRUE
"airquality_ozone",30,"L1",8.72703479936565,8.73852289839999,11.0494715825855,-0.318575865418662,3,TRUE
"islr_credit_balance",1,"auto",65.4435027522856,83.0054006153328,132.899917273231,-21.5633469493845,3,TRUE
"islr_credit_balance",1,"auto-weak",49.3326887202903,76.8360255088238,142.816634799543,-44.5794198661793,3,TRUE
"islr_credit_balance",1,"WPMM2",62.8275525484471,101.440633567448,236.084274984451,-21.8040035930677,3,TRUE
"islr_credit_balance",1,"WPMM3",55.3116657231152,79.8947240811525,137.672317111016,-39.5300979508512,3,TRUE
"islr_credit_balance",1,"LSE",64.959612995617,78.2454707105998,122.084891853925,-14.0690781096594,3,TRUE
"islr_credit_balance",1,"ridge-LSE",80.051005087816,100.219249907469,160.091546688954,-20.8929084549928,3,TRUE
"islr_credit_balance",1,"Huber",53.9753691070056,76.9653271896635,134.45615083498,-38.3021005476259,3,TRUE
"islr_credit_balance",1,"L1",71.6637977595592,89.658510817009,171.98275084149,-56.9600450536614,3,TRUE
"islr_credit_balance",2,"auto",64.8844492410893,77.4112326350941,122.89337822736,2.13581263340769,3,TRUE
"islr_credit_balance",2,"auto-weak",66.7637231121768,80.3392131964993,131.399503802968,5.53743307743326,3,TRUE
"islr_credit_balance",2,"WPMM2",52.5332427860471,74.0505411822679,128.208207151507,-35.2541074403714,3,TRUE
"islr_credit_balance",2,"WPMM3",48.3225703593675,73.5563135192019,135.236559887505,-32.9982070270755,3,TRUE
"islr_credit_balance",2,"LSE",66.8902257317376,76.3908184866917,116.006530717057,-11.1685115477432,3,TRUE
"islr_credit_balance",2,"ridge-LSE",73.9758955560246,79.7397514462082,113.568107894879,12.3703375239842,3,TRUE
"islr_credit_balance",2,"Huber",65.578430694246,75.6416298155812,119.124279030431,-6.3479883989731,3,TRUE
"islr_credit_balance",2,"L1",70.6768888207414,82.8614452972887,145.170395012307,-11.8594752790526,3,TRUE
"islr_credit_balance",3,"auto",66.2014860874689,80.6812776658937,129.375152716632,-21.7133970474048,3,TRUE
"islr_credit_balance",3,"auto-weak",73.4669940519479,88.1107913741403,143.6646276876,-45.4441761337237,3,TRUE
"islr_credit_balance",3,"WPMM2",89.1644948069448,101.422158150059,175.739784769767,-67.8137890258119,3,TRUE
"islr_credit_balance",3,"WPMM3",67.6436271422054,90.1934314013079,157.546072860684,-48.2881938623158,3,TRUE
"islr_credit_balance",3,"LSE",71.1974684798749,83.1442418627604,116.823886546871,-12.8953919270208,3,TRUE
"islr_credit_balance",3,"ridge-LSE",66.0701230738119,83.220267848291,127.962641767155,-12.0929617853897,3,TRUE
"islr_credit_balance",3,"Huber",71.7756634965838,90.2048424952532,141.87841998253,-33.0308166540665,3,TRUE
"islr_credit_balance",3,"L1",72.2666535881193,86.1706316277187,147.044629755597,-36.9538031679134,3,TRUE
"islr_credit_balance",4,"auto",99.289030478971,95.8543689000562,156.216557658019,-39.2996270240987,3,TRUE
"islr_credit_balance",4,"auto-weak",94.9585184187437,99.3846809443968,162.96608374326,-26.2085522007827,3,TRUE
"islr_credit_balance",4,"WPMM2",92.2789442812365,98.7570213059253,172.193170627527,-57.69304214273,3,TRUE
"islr_credit_balance",4,"WPMM3",105.099078444056,107.562961035435,171.106551813626,-48.0366524560563,3,TRUE
"islr_credit_balance",4,"LSE",98.5828463593459,98.5084628556415,148.998660485892,-26.9735262311143,3,TRUE
"islr_credit_balance",4,"ridge-LSE",86.7620294360339,92.2523826947108,137.921623956836,-21.0798123582101,3,TRUE
"islr_credit_balance",4,"Huber",113.340661067062,109.233599320137,176.653049270566,-28.5450491167067,3,TRUE
"islr_credit_balance",4,"L1",99.107050924455,104.133753659127,167.098933671081,-40.2938627353074,3,TRUE
"islr_credit_balance",5,"auto",65.5728961512427,78.1546324203847,118.335373441339,16.5261071748888,3,TRUE
"islr_credit_balance",5,"auto-weak",59.7420033562364,71.7472155765158,108.673527247626,13.8174620408057,3,TRUE
"islr_credit_balance",5,"WPMM2",50.154272669584,70.6864964963193,122.499908727938,-21.4251354346877,3,TRUE
"islr_credit_balance",5,"WPMM3",68.8909643652858,83.739813161787,127.901048528842,-6.21852726082588,3,TRUE
"islr_credit_balance",5,"LSE",76.0222690489485,83.5875739461973,121.862157667046,24.7440964447164,3,TRUE
"islr_credit_balance",5,"ridge-LSE",72.7554165495714,83.2271692468178,119.416590284009,22.2230888386455,3,TRUE
"islr_credit_balance",5,"Huber",78.5308749818369,89.7758414834655,123.749388666783,25.3426774957405,3,TRUE
"islr_credit_balance",5,"L1",53.2981347545658,75.3466134138274,141.236004695587,-12.4193921320774,3,TRUE
"islr_credit_balance",6,"auto",61.5050039847979,69.407257283602,99.8277417531906,-0.0612381958389801,3,TRUE
"islr_credit_balance",6,"auto-weak",49.1666873291506,63.5435957341171,111.992126787682,-32.7888284888957,3,TRUE
"islr_credit_balance",6,"WPMM2",41.605787266658,66.0070144469613,129.115212765453,-39.0780490060886,3,TRUE
"islr_credit_balance",6,"WPMM3",60.0403914869076,76.4069765516894,121.457839435431,-25.3242753253788,3,TRUE
"islr_credit_balance",6,"LSE",58.1385089172158,67.0745897341002,107.98321009399,-5.42722150315475,3,TRUE
"islr_credit_balance",6,"ridge-LSE",58.6811759412136,64.1773167234983,91.1658615313674,-9.5506019888554,3,TRUE
"islr_credit_balance",6,"Huber",61.4625671262079,73.0116253806893,107.628050764119,-8.84705587991376,3,TRUE
"islr_credit_balance",6,"L1",44.1852853366962,63.2304278604793,112.962754506137,-25.357018398381,3,TRUE
"islr_credit_balance",7,"auto",60.8486546030699,65.780341663884,86.2048176837745,-9.26832322762863,3,TRUE
"islr_credit_balance",7,"auto-weak",72.0675519852384,82.9619432852164,119.607853573885,-15.3679017801512,3,TRUE
"islr_credit_balance",7,"WPMM2",55.8406576186401,79.2786041658975,137.449375523565,-46.1247787037288,3,TRUE
"islr_credit_balance",7,"WPMM3",64.8143645516997,89.0496504547273,154.046009233815,-43.684524923555,3,TRUE
"islr_credit_balance",7,"LSE",66.0560781078106,79.1098026195607,119.831622496595,-7.6604437857246,3,TRUE
"islr_credit_balance",7,"ridge-LSE",72.105939579693,80.3478985409122,106.602399545985,-11.3487053337679,3,TRUE
"islr_credit_balance",7,"Huber",59.7370020260277,79.4881608973853,126.108457431574,-41.0338130785901,3,TRUE
"islr_credit_balance",7,"L1",57.845330248569,78.4727939817861,130.425362926784,-38.637654607787,3,TRUE
"islr_credit_balance",8,"auto",54.5116980946989,68.7150598116387,116.84965629094,-13.1634064176464,3,TRUE
"islr_credit_balance",8,"auto-weak",50.726887655274,64.2505787252188,110.782395803344,-7.1208099073232,3,TRUE
"islr_credit_balance",8,"WPMM2",47.7619055664911,75.184311643427,142.857233764207,-55.2016482078349,3,TRUE
"islr_credit_balance",8,"WPMM3",50.3624394952652,70.4807710508549,125.222026372199,-38.8237507967727,3,TRUE
"islr_credit_balance",8,"LSE",69.4800092155293,77.5284466624146,123.411841925436,12.2318048711156,3,TRUE
"islr_credit_balance",8,"ridge-LSE",65.4239454270378,73.5906860087404,111.881668279282,-7.67487974062542,3,TRUE
"islr_credit_balance",8,"Huber",50.4771445601946,66.7812203305995,109.638095621296,-23.6675955279941,3,TRUE
"islr_credit_balance",8,"L1",48.1521313519677,63.94674727642,108.897510386943,-29.0543213444065,3,TRUE
"islr_credit_balance",9,"auto",62.6789589881864,77.269678993098,127.152334919662,-0.884838071433532,3,TRUE
"islr_credit_balance",9,"auto-weak",62.1748977498895,68.7318320471354,98.355309275379,3.61201750066107,3,TRUE
"islr_credit_balance",9,"WPMM2",60.1609118152482,74.5396916544962,113.330462018845,-23.231078313378,3,TRUE
"islr_credit_balance",9,"WPMM3",47.786231540985,70.3944906351367,141.816273221816,-14.3154652097673,3,TRUE
"islr_credit_balance",9,"LSE",68.6951013256603,76.9614274213698,113.271705562523,3.26846845413464,3,TRUE
"islr_credit_balance",9,"ridge-LSE",67.4873019776417,71.9735906155554,100.639677416591,2.52871840396098,3,TRUE
"islr_credit_balance",9,"Huber",71.1768772800527,79.2082307585965,115.963261195804,-16.0333818109369,3,TRUE
"islr_credit_balance",9,"L1",46.3830545716208,57.7446644819563,97.2725720045656,-9.36315857611351,3,TRUE
"islr_credit_balance",10,"auto",85.186035331013,92.4778522363081,138.518320139454,-7.23858843454494,3,TRUE
"islr_credit_balance",10,"auto-weak",83.1024293399815,98.1675393990756,170.009991606688,-16.5689380291525,3,TRUE
"islr_credit_balance",10,"WPMM2",82.5239172435764,88.034199542386,150.277056217874,-38.3078797127979,3,TRUE
"islr_credit_balance",10,"WPMM3",80.4483550885378,89.176699045707,158.864538509552,-32.8972292830907,3,TRUE
"islr_credit_balance",10,"LSE",88.6906100683001,96.7916844529376,144.418804449237,-4.96111830907205,3,TRUE
"islr_credit_balance",10,"ridge-LSE",92.3133305174865,98.3089315346222,145.884221744915,-16.6164428414548,3,TRUE
"islr_credit_balance",10,"Huber",86.4984147761972,93.8189319570675,157.991276097088,-28.1456692508394,3,TRUE
"islr_credit_balance",10,"L1",82.1174066147761,96.8924683495648,181.156357512241,-27.2207119609396,3,TRUE
"islr_credit_balance",11,"auto",65.826653432165,79.713731912445,127.204953993497,-19.9615848519206,3,TRUE
"islr_credit_balance",11,"auto-weak",68.3504655381633,89.4345530212203,172.232166230831,-44.1281842208523,3,TRUE
"islr_credit_balance",11,"WPMM2",62.4172089182143,93.2469042771272,183.342238581647,-44.325374135012,3,TRUE
"islr_credit_balance",11,"WPMM3",73.8078439664472,87.6944379165102,139.730343421252,-30.6965913016371,3,TRUE
"islr_credit_balance",11,"LSE",61.8108095202261,81.4184880142494,131.470822177155,-25.8789130784152,3,TRUE
"islr_credit_balance",11,"ridge-LSE",71.7666994582744,88.2298852207456,144.429002456951,-10.6387595056435,3,TRUE
"islr_credit_balance",11,"Huber",57.488670474433,74.7074449674705,122.773135884769,-35.8233400237171,3,TRUE
"islr_credit_balance",11,"L1",64.4788703273674,78.319213082126,120.667474653549,-26.9129378510241,3,TRUE
"islr_credit_balance",12,"auto",42.3712688494334,57.1256778394171,97.6378312458297,-10.4063564328188,3,TRUE
"islr_credit_balance",12,"auto-weak",55.8163477261906,70.1584928590974,108.664657058988,-6.86469302399535,3,TRUE
"islr_credit_balance",12,"WPMM2",43.9653833712011,61.662387441534,110.089561816362,-36.0849963861147,3,TRUE
"islr_credit_balance",12,"WPMM3",44.080594788585,62.326696553435,107.577157722341,-27.373831990574,3,TRUE
"islr_credit_balance",12,"LSE",70.313166478304,76.3787445990956,103.555453563841,-0.9660780376395,3,TRUE
"islr_credit_balance",12,"ridge-LSE",67.7076804783788,73.0464925749835,105.250566234883,10.2018133868889,3,TRUE
"islr_credit_balance",12,"Huber",61.6563208677148,72.0652282641226,104.450627525415,-23.8081519872781,3,TRUE
"islr_credit_balance",12,"L1",44.144911090367,63.6227077467871,114.220723742707,-28.0543111193572,3,TRUE
"islr_credit_balance",13,"auto",65.3778387284626,73.6127373544134,107.498769189494,37.5405314736109,3,TRUE
"islr_credit_balance",13,"auto-weak",56.5997162863027,64.712661639816,95.2892840363977,26.6801187514023,3,TRUE
"islr_credit_balance",13,"WPMM2",52.9300541575982,61.9599081006754,93.628232523834,-10.8535089201078,3,TRUE
"islr_credit_balance",13,"WPMM3",43.79452948856,56.5572582231698,95.9227046604204,-6.74389708319464,3,TRUE
"islr_credit_balance",13,"LSE",63.8316400398924,68.4652122972916,90.601301445243,21.8791345860529,3,TRUE
"islr_credit_balance",13,"ridge-LSE",71.0371750909541,81.0979264924961,116.059554921555,35.7056328759193,3,TRUE
"islr_credit_balance",13,"Huber",67.5606114087174,73.136864708049,96.6894232839488,8.98944862062702,3,TRUE
"islr_credit_balance",13,"L1",52.5712863168191,60.8573738439721,98.348486450077,2.24112011890009,3,TRUE
"islr_credit_balance",14,"auto",60.0018130840444,77.852737556456,137.957529697695,-36.5897791097097,3,TRUE
"islr_credit_balance",14,"auto-weak",61.7471563979951,80.5699448384336,143.464722118964,-25.175529561738,3,TRUE
"islr_credit_balance",14,"WPMM2",67.0976905866516,87.8017329808605,159.596143505059,-55.8040283939189,3,TRUE
"islr_credit_balance",14,"WPMM3",70.5956719174185,91.7238751309245,163.367594451541,-55.0337981523279,3,TRUE
"islr_credit_balance",14,"LSE",99.5350891513806,107.823532214026,177.057333270936,-36.8336048790816,3,TRUE
"islr_credit_balance",14,"ridge-LSE",94.0043135315366,104.889692693826,174.949366927554,-28.0132711102674,3,TRUE
"islr_credit_balance",14,"Huber",78.2925858418763,92.2154027146094,157.828208343361,-34.6952712404725,3,TRUE
"islr_credit_balance",14,"L1",65.5265954491107,82.4321453657013,144.942484540157,-36.9386024454825,3,TRUE
"islr_credit_balance",15,"auto",52.1227771066467,75.6706274096565,136.546342546037,-19.8174171705284,3,TRUE
"islr_credit_balance",15,"auto-weak",51.3575943921671,75.6255144939811,134.878347515316,-15.6614946850772,3,TRUE
"islr_credit_balance",15,"WPMM2",46.4567773964171,77.8393609193261,145.201579532355,-47.2878940217054,3,TRUE
"islr_credit_balance",15,"WPMM3",48.9876178769712,82.0190961827911,151.674703949648,-44.9213811581241,3,TRUE
"islr_credit_balance",15,"LSE",61.8675278635708,79.4814598078736,125.435931328551,-13.6281719070381,3,TRUE
"islr_credit_balance",15,"ridge-LSE",67.9115639128314,83.8489935154507,124.578439026505,-19.125779377206,3,TRUE
"islr_credit_balance",15,"Huber",44.1091012740544,72.038721573187,138.112160876516,-30.4016786968944,3,TRUE
"islr_credit_balance",15,"L1",47.6715661004731,73.943438164417,137.933677094866,-28.704004597001,3,TRUE
"islr_credit_balance",16,"auto",76.3218305124439,93.1146460341922,145.691537095155,-16.4402094557389,3,TRUE
"islr_credit_balance",16,"auto-weak",85.8783437106907,99.3200763848553,153.682643130457,-13.3272827822501,3,TRUE
"islr_credit_balance",16,"WPMM2",85.5333497878238,105.094514267151,182.848848477598,-57.502805407989,3,TRUE
"islr_credit_balance",16,"WPMM3",78.8297056875111,100.419562068879,181.169735850912,-58.9462805380204,3,TRUE
"islr_credit_balance",16,"LSE",91.1703604371661,104.4177737511,159.00195031263,-12.5647648074018,3,TRUE
"islr_credit_balance",16,"ridge-LSE",83.8002715400789,97.4896967697697,143.136912305863,-9.69166531536658,3,TRUE
"islr_credit_balance",16,"Huber",76.2473777407415,93.4417890234524,164.332124621505,-33.4392525188245,3,TRUE
"islr_credit_balance",16,"L1",75.7957672321966,103.228823735226,193.05962419658,-15.1802480037957,3,TRUE
"islr_credit_balance",17,"auto",46.5848546761535,65.2325503529487,119.534292204353,-14.4800689245481,3,TRUE
"islr_credit_balance",17,"auto-weak",40.0708731847757,63.7205000441014,125.682449785309,-27.0243739079512,3,TRUE
"islr_credit_balance",17,"WPMM2",45.5977580989222,70.4686874237211,133.339034210012,-45.6924615706665,3,TRUE
"islr_credit_balance",17,"WPMM3",42.7049426824757,64.8283476798093,126.041993261246,-38.7913950396249,3,TRUE
"islr_credit_balance",17,"LSE",57.4446146134286,72.3992944511587,119.535481415167,-11.6719956158307,3,TRUE
"islr_credit_balance",17,"ridge-LSE",61.7887917271288,74.0148115567373,115.249231933372,-19.5012695902758,3,TRUE
"islr_credit_balance",17,"Huber",65.3692755257477,80.0954984433095,125.091185817821,-31.5234295116707,3,TRUE
"islr_credit_balance",17,"L1",46.7202251954065,69.2991216533222,136.653138381217,-34.3372373664655,3,TRUE
"islr_credit_balance",18,"auto",85.1558975594342,94.5631215537149,131.740672995482,13.382041927278,3,TRUE
"islr_credit_balance",18,"auto-weak",77.6784660591468,96.4037502740648,149.926774120215,1.38008318610269,3,TRUE
"islr_credit_balance",18,"WPMM2",83.5532323287466,95.3407860785634,152.175396882006,-33.1159755530841,3,TRUE
"islr_credit_balance",18,"WPMM3",77.477071104674,92.5167455734879,149.047382199299,-31.8799905215976,3,TRUE
"islr_credit_balance",18,"LSE",73.6368754583618,96.4195136814329,155.38559436355,-1.49363435891201,3,TRUE
"islr_credit_balance",18,"ridge-LSE",69.3998539857015,91.3338972017642,148.594467749351,7.05901408797736,3,TRUE
"islr_credit_balance",18,"Huber",73.9101264335893,92.1214276283491,148.285099760802,-16.6746473070638,3,TRUE
"islr_credit_balance",18,"L1",47.6925025379527,75.6086444827384,144.085896811786,-28.5944926012828,3,TRUE
"islr_credit_balance",19,"auto",48.6037225983387,72.2592208990822,133.557678049984,-14.164841112174,3,TRUE
"islr_credit_balance",19,"auto-weak",68.2718274505655,84.9388477898923,140.485145307438,-3.99918509649282,3,TRUE
"islr_credit_balance",19,"WPMM2",49.1434809410204,78.5599549039118,150.401228352673,-40.3843317880624,3,TRUE
"islr_credit_balance",19,"WPMM3",46.4909277273203,68.8797956692118,131.244603467789,-32.2929184684156,3,TRUE
"islr_credit_balance",19,"LSE",65.402120769826,79.8244524630521,125.893514835439,-8.76639268387249,3,TRUE
"islr_credit_balance",19,"ridge-LSE",71.1087517806869,83.901559863219,132.08127203361,5.07906022839965,3,TRUE
"islr_credit_balance",19,"Huber",55.1944427210376,76.8832274807705,134.816295014935,-23.081514422536,3,TRUE
"islr_credit_balance",19,"L1",60.3245813528755,76.7527899907866,122.643687820004,-10.8101554169037,3,TRUE
"islr_credit_balance",20,"auto",51.9824967385905,64.4796615579684,104.264794105735,11.4205449845305,3,TRUE
"islr_credit_balance",20,"auto-weak",56.9830116672656,68.3481621059928,109.117317891568,18.6295424103465,3,TRUE
"islr_credit_balance",20,"WPMM2",42.82707943707,57.6280488505096,104.490501451157,-2.18068664192326,3,TRUE
"islr_credit_balance",20,"WPMM3",40.8451322084842,61.9727330003509,123.858731595033,-20.4440822665832,3,TRUE
"islr_credit_balance",20,"LSE",56.3215854924854,70.4654210622522,112.311940607193,-2.65880365156632,3,TRUE
"islr_credit_balance",20,"ridge-LSE",67.935359401078,76.4487621025161,110.313762013893,12.2638116642953,3,TRUE
"islr_credit_balance",20,"Huber",46.734772959231,59.0398684994252,94.1653917156237,6.44970016804771,3,TRUE
"islr_credit_balance",20,"L1",43.0794309479617,61.0970822504625,118.776175751677,-5.64230304363195,3,TRUE
"islr_credit_balance",21,"auto",64.1495264388788,77.557646323323,117.001363577153,30.3174535252109,3,TRUE
"islr_credit_balance",21,"auto-weak",53.7212671211179,65.5800990292907,103.696800710187,17.5773249526484,3,TRUE
"islr_credit_balance",21,"WPMM2",40.6937029171812,54.8066367988763,100.557875879745,-10.6955258621014,3,TRUE
"islr_credit_balance",21,"WPMM3",38.2769460497972,57.376576454483,115.190675734249,-19.8721324255621,3,TRUE
"islr_credit_balance",21,"LSE",69.1732675241154,77.9491660991307,111.919895258898,11.5025942142601,3,TRUE
"islr_credit_balance",21,"ridge-LSE",67.3536432955319,80.4296772293702,119.307154630755,24.344174272431,3,TRUE
"islr_credit_balance",21,"Huber",48.3884700637901,64.9120560542174,109.593460974777,-1.94857094021721,3,TRUE
"islr_credit_balance",21,"L1",52.0700215080581,66.8686475709141,109.393731011318,10.0183677826593,3,TRUE
"islr_credit_balance",22,"auto",60.1895673609248,74.0930896850815,117.44643584891,1.11648491231087,3,TRUE
"islr_credit_balance",22,"auto-weak",62.913383524269,83.2000442807223,135.393733957553,-27.2725770229784,3,TRUE
"islr_credit_balance",22,"WPMM2",42.3803227719063,74.6691524497127,145.811769236539,-42.190650629553,3,TRUE
"islr_credit_balance",22,"WPMM3",44.5491965268069,71.7029289500051,134.929652349694,-33.2616799614308,3,TRUE
"islr_credit_balance",22,"LSE",72.6362879588757,82.7573820003024,121.979928455312,-3.59292754794868,3,TRUE
"islr_credit_balance",22,"ridge-LSE",80.7621999550181,90.2172176017669,134.123735710025,1.03707482486751,3,TRUE
"islr_credit_balance",22,"Huber",56.2738792802965,73.1386044734896,120.783039426597,-15.5553580554817,3,TRUE
"islr_credit_balance",22,"L1",52.3690540016673,72.2926646248937,123.2947850483,-14.4297830882011,3,TRUE
"islr_credit_balance",23,"auto",62.1657090421589,85.1403558242151,149.602099321931,-12.192248369906,3,TRUE
"islr_credit_balance",23,"auto-weak",76.4672130075776,94.8090608997337,162.8162401567,-36.7281000736058,3,TRUE
"islr_credit_balance",23,"WPMM2",57.6805789964096,84.9067769611948,169.399666434963,-44.3838571340344,3,TRUE
"islr_credit_balance",23,"WPMM3",61.9936075046556,82.5739936694346,154.762849958531,-51.0078624964564,3,TRUE
"islr_credit_balance",23,"LSE",68.6117790962409,83.5661233272782,134.54933878402,-19.6623654860094,3,TRUE
"islr_credit_balance",23,"ridge-LSE",74.4153808866175,89.2830254184837,140.963753240532,-13.9063908133312,3,TRUE
"islr_credit_balance",23,"Huber",70.6024606575876,87.6891399709686,145.073330550425,-42.081168827978,3,TRUE
"islr_credit_balance",23,"L1",58.9887436917492,80.6551255679516,146.263867248951,-33.7935356702564,3,TRUE
"islr_credit_balance",24,"auto",96.1155339608813,101.55126438301,161.193952461179,-32.5877836408722,3,TRUE
"islr_credit_balance",24,"auto-weak",116.722934928757,113.075193421859,188.149008240803,-58.2681102051842,3,TRUE
"islr_credit_balance",24,"WPMM2",90.0118032830596,102.043322628296,177.136703403236,-47.8845352792514,3,TRUE
"islr_credit_balance",24,"WPMM3",113.551670312264,118.585983309103,187.218926109236,-59.2095194130521,3,TRUE
"islr_credit_balance",24,"LSE",112.327341425324,117.851460175633,180.96027504978,-33.2762421197792,3,TRUE
"islr_credit_balance",24,"ridge-LSE",120.683366555458,128.236168756842,190.943989995696,-34.1493185237025,3,TRUE
"islr_credit_balance",24,"Huber",99.4680964797978,102.896287413828,173.947896169645,-49.3664575858051,3,TRUE
"islr_credit_balance",24,"L1",107.736002647002,105.787099247423,182.415955719831,-45.3152386356458,3,TRUE
"islr_credit_balance",25,"auto",76.5385288959689,91.6345113097512,142.176657739166,15.9875562167448,3,TRUE
"islr_credit_balance",25,"auto-weak",74.3093181976107,84.3112180145457,120.423270919545,23.0164042090315,3,TRUE
"islr_credit_balance",25,"WPMM2",50.7338442340907,67.6887908099478,111.635500137559,-12.6056184017979,3,TRUE
"islr_credit_balance",25,"WPMM3",54.897734949392,70.3766317115166,116.249148645033,-12.9792068915112,3,TRUE
"islr_credit_balance",25,"LSE",81.242916004795,94.1841489094083,146.053344981224,5.964613452957,3,TRUE
"islr_credit_balance",25,"ridge-LSE",92.4565113461685,99.5128802978603,141.419172527974,39.8101225501908,3,TRUE
"islr_credit_balance",25,"Huber",65.1306147064907,79.9139009063895,124.393943233473,-6.45942918065055,3,TRUE
"islr_credit_balance",25,"L1",81.4947414745501,93.2475170711648,143.878820436919,4.82533343429922,3,TRUE
"islr_credit_balance",26,"auto",49.6076232199107,61.505726126196,96.7690317224622,0.61991498048261,3,TRUE
"islr_credit_balance",26,"auto-weak",51.4796729492655,63.8401583029215,102.854006652991,2.91219706887732,3,TRUE
"islr_credit_balance",26,"WPMM2",49.4025841696412,71.1247495784373,128.109012998081,-24.6728285643456,3,TRUE
"islr_credit_balance",26,"WPMM3",40.8015401266686,61.4394554868437,120.679945227227,-27.1811129161391,3,TRUE
"islr_credit_balance",26,"LSE",60.1166406258818,71.3612205763604,106.294981641367,-1.17442457277692,3,TRUE
"islr_credit_balance",26,"ridge-LSE",50.7466242429944,62.8515848779981,96.7306990689426,-4.32758430100795,3,TRUE
"islr_credit_balance",26,"Huber",52.9767433461083,63.4347907916593,99.5842069061765,-11.1273328263453,3,TRUE
"islr_credit_balance",26,"L1",44.4925276890314,59.5957418245712,99.4048732273399,-14.1644784234202,3,TRUE
"islr_credit_balance",27,"auto",66.1820782079008,82.2531275525409,125.278563078964,-29.2468261922523,3,TRUE
"islr_credit_balance",27,"auto-weak",51.2405620485126,69.402006187897,115.720760579039,-11.5111366633826,3,TRUE
"islr_credit_balance",27,"WPMM2",46.9045125971987,74.1692504334656,139.527261134155,-41.720670075871,3,TRUE
"islr_credit_balance",27,"WPMM3",52.3036504145013,76.682610166465,135.673908075143,-36.9881660475417,3,TRUE
"islr_credit_balance",27,"LSE",69.0031166531519,81.05803003037,122.715281073547,-6.68474244102585,3,TRUE
"islr_credit_balance",27,"ridge-LSE",65.7724202287161,81.5005222907542,126.668814603287,-17.1388892793481,3,TRUE
"islr_credit_balance",27,"Huber",49.1930662364331,68.6676676076738,116.55670532008,-26.372105589434,3,TRUE
"islr_credit_balance",27,"L1",62.5430506119381,73.7250617885438,106.124338006639,-17.9212263060745,3,TRUE
"islr_credit_balance",28,"auto",55.1108532429596,75.7964640472666,127.891868339327,-6.96982355986065,3,TRUE
"islr_credit_balance",28,"auto-weak",47.9495497372377,77.0522746629933,141.124809949241,-36.2199878819562,3,TRUE
"islr_credit_balance",28,"WPMM2",45.6085675523806,77.6910872685219,148.616455846534,-46.3997492243539,3,TRUE
"islr_credit_balance",28,"WPMM3",43.0223477289909,77.2041665533889,149.89832424762,-43.1832914526045,3,TRUE
"islr_credit_balance",28,"LSE",70.0164931189279,80.8206200649979,115.480927675144,-6.31863118617724,3,TRUE
"islr_credit_balance",28,"ridge-LSE",71.4408249155936,80.5865527992917,112.368798838087,-26.7304138323989,3,TRUE
"islr_credit_balance",28,"Huber",50.6763847710947,66.8591300799131,107.288279676206,-32.2233009659493,3,TRUE
"islr_credit_balance",28,"L1",50.3064082940269,79.2250651956371,146.787161018863,-26.7887310588739,3,TRUE
"islr_credit_balance",29,"auto",65.6362208159074,89.0064087055394,157.49248474923,-21.621966640974,3,TRUE
"islr_credit_balance",29,"auto-weak",62.737204851068,83.0418755283293,134.347953180722,-22.6348492881058,3,TRUE
"islr_credit_balance",29,"WPMM2",70.5257750822072,90.2250837573025,143.084662627366,-56.3345978867266,3,TRUE
"islr_credit_balance",29,"WPMM3",55.5513072867445,84.2633368131503,156.493193908811,-55.5058300335291,3,TRUE
"islr_credit_balance",29,"LSE",71.8928050814309,88.1213181080889,142.40888663808,-26.5025831984539,3,TRUE
"islr_credit_balance",29,"ridge-LSE",76.7324228135756,85.5833000853585,127.835193759855,-22.7537821415969,3,TRUE
"islr_credit_balance",29,"Huber",65.7821068148389,84.7456474316891,135.904469321905,-40.935171830416,3,TRUE
"islr_credit_balance",29,"L1",53.6800593248179,75.5023606198389,135.715333462893,-41.8409772280053,3,TRUE
"islr_credit_balance",30,"auto",61.0275637943285,76.5282360044009,119.619670724133,11.4380614370903,3,TRUE
"islr_credit_balance",30,"auto-weak",63.6414005257805,79.5512655208019,119.780702189495,7.81800580201408,3,TRUE
"islr_credit_balance",30,"WPMM2",50.7586307699269,82.4305909482151,152.063631167846,-34.318496506172,3,TRUE
"islr_credit_balance",30,"WPMM3",49.4611163970391,73.4726888662501,137.212118984341,-21.1799969951906,3,TRUE
"islr_credit_balance",30,"LSE",71.6802964134395,86.3138529168611,136.146686137899,2.33775812963616,3,TRUE
"islr_credit_balance",30,"ridge-LSE",74.9635008936251,89.9776555646099,132.796240590455,-8.22774306061388,3,TRUE
"islr_credit_balance",30,"Huber",57.4326476800781,76.5963735560301,125.311789170225,-8.28961994511908,3,TRUE
"islr_credit_balance",30,"L1",53.2769065724572,78.5454331617437,139.93140480079,-21.4881006738097,3,TRUE
"concrete",1,"auto",6.66705821334292,6.7927415411291,8.59436396219833,0.590537452939834,3,TRUE
"concrete",1,"auto-weak",6.40213229866941,6.28267131028185,7.97716726027432,0.156392200664216,3,TRUE
"concrete",1,"WPMM2",6.55373919589282,6.42596193665676,8.17897481209013,-0.988013248805425,3,TRUE
"concrete",1,"WPMM3",6.52471608640654,6.44795919348199,8.1179785667911,-0.559369761324396,3,TRUE
"concrete",1,"LSE",6.70872544247932,6.51036569783723,8.26690938522685,-0.546825413941225,3,TRUE
"concrete",1,"ridge-LSE",6.75183285827333,6.76012436857625,8.33348756557143,-0.0196619067540922,3,TRUE
"concrete",1,"Huber",6.33621951856761,6.43752434631959,8.26090446106717,0.36886571433876,3,TRUE
"concrete",1,"L1",6.39453720703793,6.44788682585416,8.02429607435616,-0.617413830843655,3,TRUE
"concrete",2,"auto",6.02696135974165,6.19586021931938,7.97210801395724,0.0266094128348592,3,TRUE
"concrete",2,"auto-weak",6.17898369886635,6.31478472638282,7.89908630055409,0.503232836537054,3,TRUE
"concrete",2,"WPMM2",6.23252599372442,6.4115358711457,8.32293177507361,0.28799723181883,3,TRUE
"concrete",2,"WPMM3",5.88101795852348,6.03419851474448,7.59704667315789,-0.172483149111863,3,TRUE
"concrete",2,"LSE",6.00051747989365,6.16483628544476,7.85184784208122,-0.0664820226395508,3,TRUE
"concrete",2,"ridge-LSE",6.0729331631724,6.3548740536796,8.07390592358221,0.168517779944434,3,TRUE
"concrete",2,"Huber",6.0795458465144,6.38533214346215,8.25711597835469,-0.143363594356853,3,TRUE
"concrete",2,"L1",6.12207853917787,6.23688485269337,7.87226147244795,-0.970147567990179,3,TRUE
"concrete",3,"auto",6.32241735964356,6.51945709549046,8.59991434237073,-0.254424874672918,3,TRUE
"concrete",3,"auto-weak",6.26457041422011,6.4457671243325,8.28629296400407,0.547761404853853,3,TRUE
"concrete",3,"WPMM2",6.86328728690846,7.02193685695635,9.12725658775126,-0.0345194336343512,3,TRUE
"concrete",3,"WPMM3",6.52465675085708,6.60586069583153,8.59475620481381,0.16785281935521,3,TRUE
"concrete",3,"LSE",6.3761757846985,6.58136513143608,8.84359823702676,0.169016801510916,3,TRUE
"concrete",3,"ridge-LSE",6.2306036878191,6.45412239573736,8.56367662030801,-0.203836988892953,3,TRUE
"concrete",3,"Huber",6.38409583439442,6.73964712177464,8.73865005629435,0.290755984681423,3,TRUE
"concrete",3,"L1",6.1922893931289,6.53336617567733,8.73215036204661,-1.28189765047195,3,TRUE
"concrete",4,"auto",7.03414666452766,7.21668844631385,8.9044899336777,2.12691405678531,3,TRUE
"concrete",4,"auto-weak",6.7042854023622,6.46765682811118,8.42516491606332,1.49398287454703,3,TRUE
"concrete",4,"WPMM2",6.39022837825767,6.42343955569988,8.09793427022615,1.06134053258071,3,TRUE
"concrete",4,"WPMM3",6.4620811665409,6.54296120020706,8.27271747963559,1.63228360176617,3,TRUE
"concrete",4,"LSE",6.27507601499094,6.3876391428039,8.52107035487082,1.93776888752597,3,TRUE
"concrete",4,"ridge-LSE",6.21929175623344,6.34196624686881,8.4283995842473,1.8676348526953,3,TRUE
"concrete",4,"Huber",6.6137038039758,6.58413070489755,8.32539825910501,1.49141075822402,3,TRUE
"concrete",4,"L1",6.37380152824169,6.47059940056525,8.13789255801935,1.41901498983044,3,TRUE
"concrete",5,"auto",6.52221911071819,6.53037061618855,8.74395980184937,-0.545492072090262,3,TRUE
"concrete",5,"auto-weak",6.86920105242945,6.83869802605469,8.76297980114381,-0.459936618848258,3,TRUE
"concrete",5,"WPMM2",6.76447550804633,6.9050785095938,8.99484261990324,-1.1385842963006,3,TRUE
"concrete",5,"WPMM3",6.57207256887435,6.74855027741865,8.64467738352986,-0.647977379999337,3,TRUE
"concrete",5,"LSE",7.01143500495845,7.24385576884554,9.28794013819377,-0.766460899461197,3,TRUE
"concrete",5,"ridge-LSE",6.80310117818753,6.95117361119285,8.95003840570511,-0.512990426147589,3,TRUE
"concrete",5,"Huber",6.74259093427266,6.96186702947497,8.89762441890183,-0.238421217776171,3,TRUE
"concrete",5,"L1",6.73228195224012,6.82119636975922,8.81364215506523,-0.556031924567841,3,TRUE
"concrete",6,"auto",6.53444372990672,6.65100778118293,8.48646252691963,-0.370009107974912,3,TRUE
"concrete",6,"auto-weak",6.39715960079426,6.46223257740412,8.23738818988559,0.08089787415679,3,TRUE
"concrete",6,"WPMM2",6.23806051595545,6.2382760262759,8.02255949286219,0.68537983539575,3,TRUE
"concrete",6,"WPMM3",6.66393462246138,6.74740790019028,8.62061009289543,-0.575183214913968,3,TRUE
"concrete",6,"LSE",6.80526532940315,6.97487406597619,8.92048379561847,-0.296581367805574,3,TRUE
"concrete",6,"ridge-LSE",6.65221850182897,6.78370338962738,8.50540076971911,-0.0971851997772399,3,TRUE
"concrete",6,"Huber",6.33809791906206,6.55216864597613,8.42827743231389,-0.269618030539052,3,TRUE
"concrete",6,"L1",6.26510752490674,6.35049993521859,8.12419984789509,0.0392821081261401,3,TRUE
"concrete",7,"auto",6.24344835336892,6.31152870935769,8.33852659541776,0.421497187742198,3,TRUE
"concrete",7,"auto-weak",6.45728090557565,6.59848742446277,8.36177475080129,0.495928768926617,3,TRUE
"concrete",7,"WPMM2",6.3749585038127,6.46805864810199,8.47435632003605,0.179769985160361,3,TRUE
"concrete",7,"WPMM3",6.42477991094211,6.55467022212131,8.81050600631148,-0.0700882006788661,3,TRUE
"concrete",7,"LSE",6.3994656207727,6.46603022816801,8.27287688735824,0.284144074290286,3,TRUE
"concrete",7,"ridge-LSE",6.4388526817678,6.45882453062565,8.33054643997791,1.0284387757808,3,TRUE
"concrete",7,"Huber",6.0774012535158,6.23325743579803,8.12682869081633,0.174242089007091,3,TRUE
"concrete",7,"L1",6.05692845055164,6.24914146956086,8.44472987854725,0.21634415707178,3,TRUE
"concrete",8,"auto",7.11084877002566,7.0972803040747,9.25843795022404,0.759632516706363,3,TRUE
"concrete",8,"auto-weak",7.06504769513568,7.07038616835274,9.01558554955708,0.50128884618989,3,TRUE
"concrete",8,"WPMM2",6.73414793205331,6.8032490313977,8.81909522572006,0.0516097037405214,3,TRUE
"concrete",8,"WPMM3",7.30068558661128,7.23352336695958,9.29687539242805,0.149619189717102,3,TRUE
"concrete",8,"LSE",6.77039509611893,6.81979533675132,8.77817498139413,0.482952840725424,3,TRUE
"concrete",8,"ridge-LSE",7.15392545431648,7.04410748042951,9.2628000744377,0.591463090823125,3,TRUE
"concrete",8,"Huber",7.0111827571328,7.06345835482586,9.1802148095383,0.707362852689407,3,TRUE
"concrete",8,"L1",6.72701130380629,6.82476275055729,8.92835393755221,0.638186828144804,3,TRUE
"concrete",9,"auto",6.00690715805183,6.13792658706872,8.00916765955827,0.965503931499446,3,TRUE
"concrete",9,"auto-weak",6.12071894958504,6.26358837426287,8.16672149736998,1.45233543756705,3,TRUE
"concrete",9,"WPMM2",5.98700321945813,6.17723581924696,8.03956104020995,0.504251851182278,3,TRUE
"concrete",9,"WPMM3",6.44041058547016,6.70343828111004,8.33330435981964,0.804727583513776,3,TRUE
"concrete",9,"LSE",6.37084239772766,6.4800337581264,8.18357121315018,1.45764940418808,3,TRUE
"concrete",9,"ridge-LSE",6.22227371676319,6.33581680290012,8.18397118448522,1.3804920320296,3,TRUE
"concrete",9,"Huber",6.2802506586076,6.35231194352166,8.25110431346148,1.25824866818875,3,TRUE
"concrete",9,"L1",6.21805755781868,6.5188125577957,8.29601647975875,1.30845895287262,3,TRUE
"concrete",10,"auto",7.12138182237418,7.22803706688593,8.82243800246228,0.482971261238397,3,TRUE
"concrete",10,"auto-weak",7.40569636343332,7.36013411236478,9.29342541328842,0.712992657013673,3,TRUE
"concrete",10,"WPMM2",7.39148767009646,7.30296503223413,9.19768004304646,1.41517388051397,3,TRUE
"concrete",10,"WPMM3",7.46124602504554,7.52786236561801,9.54132020798317,-0.308140502093766,3,TRUE
"concrete",10,"LSE",7.20091461014172,7.12982087991095,9.03470716414527,0.435596634704976,3,TRUE
"concrete",10,"ridge-LSE",7.43736711606369,7.30465693852121,9.12350332636558,0.558932555275107,3,TRUE
"concrete",10,"Huber",6.99088354960217,7.16095224172697,8.78599664927779,0.417503785161635,3,TRUE
"concrete",10,"L1",6.6739743749223,6.84407044495382,8.52817958137067,-0.29937335391103,3,TRUE
"concrete",11,"auto",7.15285503326722,7.3167907331013,9.37704418749959,-0.594399873484537,3,TRUE
"concrete",11,"auto-weak",6.26838302863282,6.35701224447026,8.17950793299555,-0.646915659894322,3,TRUE
"concrete",11,"WPMM2",6.94176180103502,7.12872046245705,9.58944760327373,-2.20942542143619,3,TRUE
"concrete",11,"WPMM3",6.64223758618894,6.67872716051467,8.38479106856431,-0.597447712847787,3,TRUE
"concrete",11,"LSE",6.34222871937726,6.57191781970275,8.37387845317238,-0.71301177309267,3,TRUE
"concrete",11,"ridge-LSE",6.91049603837512,7.10924773130778,9.13519250595213,-0.887184487347711,3,TRUE
"concrete",11,"Huber",6.89980768952232,7.17821246540669,9.55397271355657,-1.7730919310306,3,TRUE
"concrete",11,"L1",6.22408407881032,6.2879348136938,8.02101011246337,-0.95669346643944,3,TRUE
"concrete",12,"auto",6.54507399680012,6.67758850876548,8.11916577806732,0.893200391917602,3,TRUE
"concrete",12,"auto-weak",6.51949373204938,6.68686874306752,8.17246136299818,0.735946191304447,3,TRUE
"concrete",12,"WPMM2",6.09989738745448,6.28197220410506,8.13607066160992,1.00465689117985,3,TRUE
"concrete",12,"WPMM3",6.29361490393886,6.42944179857133,8.05749126980348,0.665670353841804,3,TRUE
"concrete",12,"LSE",6.12387421919466,6.35648790358992,7.87682319987351,0.974544141263598,3,TRUE
"concrete",12,"ridge-LSE",6.02081444089046,6.33324976355005,8.02669029785745,0.589944250292575,3,TRUE
"concrete",12,"Huber",5.92894545544022,6.08175496482912,7.57681482059209,0.401808536468781,3,TRUE
"concrete",12,"L1",6.00357984584572,6.19854144333493,7.98994456545256,-0.19832297016827,3,TRUE
"concrete",13,"auto",6.39445830288123,6.51284554957686,8.42804062747427,-0.712585659717275,3,TRUE
"concrete",13,"auto-weak",6.6159848894952,6.76160796174542,8.67198677049813,-0.952548653015906,3,TRUE
"concrete",13,"WPMM2",7.18158158131212,7.33671914218291,9.3758107951374,-0.702334739559211,3,TRUE
"concrete",13,"WPMM3",6.17728891760302,6.23663817993865,8.3533523390094,-0.893214268462658,3,TRUE
"concrete",13,"LSE",6.41551435025587,6.59933653585199,8.80672687585698,-1.4240471301887,3,TRUE
"concrete",13,"ridge-LSE",6.94392760753726,6.97202038820117,9.12124553807438,-0.971239667443748,3,TRUE
"concrete",13,"Huber",6.67718874061415,6.97808696392466,8.98917106759604,-0.986673978026457,3,TRUE
"concrete",13,"L1",6.55749916275731,6.80649858811062,9.01508227702989,-1.62118935872417,3,TRUE
"concrete",14,"auto",6.48068245517457,6.65554740532031,8.46051288757377,-0.00394501772256676,3,TRUE
"concrete",14,"auto-weak",6.40274807363632,6.57107240565038,8.15190233036953,0.376933467308838,3,TRUE
"concrete",14,"WPMM2",6.84889343062483,7.06072180265309,8.94717738593482,-0.26848487058798,3,TRUE
"concrete",14,"WPMM3",6.35200155003526,6.55580350881683,8.36693585601841,-0.291057448698828,3,TRUE
"concrete",14,"LSE",6.79263406339416,6.80452798233372,8.5683649991986,0.555906748067727,3,TRUE
"concrete",14,"ridge-LSE",6.35056316572613,6.64325620864405,8.46271090029104,-0.190993064678361,3,TRUE
"concrete",14,"Huber",6.5370317916305,6.73642080256232,8.34218347820566,0.0698307128432992,3,TRUE
"concrete",14,"L1",7.55628004888666,7.60408833721099,9.88418983394173,-0.494139237202596,3,TRUE
"concrete",15,"auto",6.16300795530315,6.41640426798269,8.37344383607596,-0.598530599994082,3,TRUE
"concrete",15,"auto-weak",6.12673801178147,6.13616049312882,7.8626442614852,-0.524451682972889,3,TRUE
"concrete",15,"WPMM2",6.15539149235098,6.23856050376676,8.39035278237728,-2.10730940567518,3,TRUE
"concrete",15,"WPMM3",6.17991687011521,6.29871359300954,7.96349313916635,-0.938724369683575,3,TRUE
"concrete",15,"LSE",5.93717681590222,6.27251098878626,8.28652933214719,-0.555815795184032,3,TRUE
"concrete",15,"ridge-LSE",5.98529943241721,6.20936114277924,8.30798453045478,-1.22690940257573,3,TRUE
"concrete",15,"Huber",6.10976326072968,6.10398582574646,7.74081569063071,-0.51899811396499,3,TRUE
"concrete",15,"L1",6.03761248360499,6.07190715463148,7.88496586209454,-1.62823144314126,3,TRUE
"concrete",16,"auto",6.37399535171613,6.46692851973493,8.68813037706537,0.093827599806445,3,TRUE
"concrete",16,"auto-weak",6.37247167093551,6.53909459559563,8.73359222764033,0.248450627526221,3,TRUE
"concrete",16,"WPMM2",6.45871333201381,6.67668559352365,8.68650914142279,0.434132092157501,3,TRUE
"concrete",16,"WPMM3",6.44837833066352,6.669441278915,8.90574350214591,-0.214263744654431,3,TRUE
"concrete",16,"LSE",6.46135649830076,6.64035073805531,8.70559464854621,0.0209412576569328,3,TRUE
"concrete",16,"ridge-LSE",6.4299831747274,6.62886385963167,8.75842807074797,0.353094704870902,3,TRUE
"concrete",16,"Huber",6.46391761269695,6.74238214685319,8.70574132448873,0.450822176559766,3,TRUE
"concrete",16,"L1",6.33922865508872,6.52098871753838,8.72898534555316,-0.230387835803988,3,TRUE
"concrete",17,"auto",7.14327135595196,7.2207529612616,9.29345702713051,-0.0281605052733258,3,TRUE
"concrete",17,"auto-weak",7.13002381130031,7.2413096929757,9.2970769732554,-0.701166256388715,3,TRUE
"concrete",17,"WPMM2",7.08689419819683,7.20275657554744,9.28311076250996,0.17335138661507,3,TRUE
"concrete",17,"WPMM3",6.74027891176425,6.90188862140335,8.817772186229,-0.365981374188801,3,TRUE
"concrete",17,"LSE",6.51346580458485,6.70998817121619,8.67890441976179,-0.0858030968125329,3,TRUE
"concrete",17,"ridge-LSE",6.92788692959759,6.98060962680617,8.92757279454625,-0.185697584257192,3,TRUE
"concrete",17,"Huber",7.07115449398586,7.11247086780291,9.03594686349699,-0.361969102600963,3,TRUE
"concrete",17,"L1",6.46810396358675,6.3990081373678,8.50481718470309,-0.96348094296333,3,TRUE
"concrete",18,"auto",6.33273346405243,6.27163833945457,7.86672928553385,0.325870930767944,3,TRUE
"concrete",18,"auto-weak",6.64337643912624,6.75813344279182,8.61723826390664,0.472105727742531,3,TRUE
"concrete",18,"WPMM2",6.4403427922269,6.59458963330957,8.50875135733272,0.5463013146366,3,TRUE
"concrete",18,"WPMM3",6.4636476117447,6.5799332232402,8.3008606067876,0.261998458638287,3,TRUE
"concrete",18,"LSE",6.57857198322942,6.63025491507784,8.35722522469699,0.693070670368335,3,TRUE
"concrete",18,"ridge-LSE",6.19943001010622,6.32386811432319,8.15706088638878,0.336711448152654,3,TRUE
"concrete",18,"Huber",6.39544980892571,6.26832080499696,7.8694065150503,0.925993652171172,3,TRUE
"concrete",18,"L1",6.35563016651976,6.4887945088773,8.20309350245958,0.141868058514997,3,TRUE
"concrete",19,"auto",6.83560559467404,7.00675387101002,9.37453152772226,0.983979544427992,3,TRUE
"concrete",19,"auto-weak",6.61994207763179,6.81284172683225,8.84500895600905,0.710734942448219,3,TRUE
"concrete",19,"WPMM2",6.48792583486179,6.70436322963064,8.8149153554776,0.838546735866167,3,TRUE
"concrete",19,"WPMM3",6.04673046828512,6.24103715195406,8.32156407020393,-0.091082129622656,3,TRUE
"concrete",19,"LSE",6.63951187029375,6.83804642048898,8.81334595703728,0.768832464246149,3,TRUE
"concrete",19,"ridge-LSE",6.80389686335437,6.99165005668656,9.23839435357503,0.30091326685318,3,TRUE
"concrete",19,"Huber",6.51267249563182,6.65991621683864,8.7254856381189,0.621815525112691,3,TRUE
"concrete",19,"L1",6.33558704230159,6.40266875253173,8.51190719755432,0.0335648385012331,3,TRUE
"concrete",20,"auto",6.66821610605481,6.88152309695206,9.2472743680066,0.279527760934082,3,TRUE
"concrete",20,"auto-weak",6.35105053773457,6.55588102494149,8.77270449265079,-0.857105106090516,3,TRUE
"concrete",20,"WPMM2",6.36371803006623,6.61913984126852,8.98128457013075,0.471307972909132,3,TRUE
"concrete",20,"WPMM3",6.9834440088929,7.17782544675505,9.12304853407412,-0.893137391259543,3,TRUE
"concrete",20,"LSE",7.0755653993683,7.26755919690458,9.09460532683104,-0.883704188297565,3,TRUE
"concrete",20,"ridge-LSE",6.82704567067194,6.92944015135085,9.29541111445718,-0.0920948138105392,3,TRUE
"concrete",20,"Huber",6.38637010650588,6.62395781473613,8.71997981989467,0.0217975580560885,3,TRUE
"concrete",20,"L1",6.56487644359564,6.63888556044528,8.80321508174296,-1.05319599574415,3,TRUE
"concrete",21,"auto",6.57059667668157,6.66497798608462,8.69749926242058,0.609272830654115,3,TRUE
"concrete",21,"auto-weak",6.42498419201984,6.83771933926316,8.95161207814378,0.513163549626564,3,TRUE
"concrete",21,"WPMM2",6.68132791464928,6.84396260424445,9.07544364884571,-0.681563881652841,3,TRUE
"concrete",21,"WPMM3",6.75343249279287,6.96943863754853,9.01100416484682,-0.0861785373959455,3,TRUE
"concrete",21,"LSE",6.78256627109587,6.85560495945782,8.93668079223471,0.0363172523570237,3,TRUE
"concrete",21,"ridge-LSE",6.82099068810092,6.93793048587856,9.06766485653272,-0.321437883908372,3,TRUE
"concrete",21,"Huber",6.44222098346542,6.72913184338298,8.81361874890883,0.417576633222986,3,TRUE
"concrete",21,"L1",6.3161883439568,6.38483223794427,8.63111908686624,-0.964677702031921,3,TRUE
"concrete",22,"auto",7.07096144746758,7.23466819210407,9.14645978498518,0.938209142401255,3,TRUE
"concrete",22,"auto-weak",7.12886847768723,7.2971248289184,9.32858283353808,0.56412224624961,3,TRUE
"concrete",22,"WPMM2",6.92606580764456,6.92661487600854,8.8992996245622,-0.445645120970033,3,TRUE
"concrete",22,"WPMM3",6.77625886243187,6.79690266452447,8.68476178454368,0.0198879343420651,3,TRUE
"concrete",22,"LSE",7.02700096968982,7.15047924575988,8.93185448900666,0.498461579786809,3,TRUE
"concrete",22,"ridge-LSE",6.91754820637553,7.01235627420179,9.04901962262609,-0.095478615624444,3,TRUE
"concrete",22,"Huber",6.85485565540345,6.90279175998915,8.95436847274101,-0.108175220322442,3,TRUE
"concrete",22,"L1",6.8243924234592,7.04326651576346,9.177506923746,-0.392974011921264,3,TRUE
"concrete",23,"auto",7.07193806041889,7.25267745713171,9.08882151091627,-0.374420258772695,3,TRUE
"concrete",23,"auto-weak",6.97279779776068,7.06255948635696,9.03278941138676,-0.382878412008588,3,TRUE
"concrete",23,"WPMM2",7.0546129604019,7.20223002659435,9.33169033431004,-1.05382026803599,3,TRUE
"concrete",23,"WPMM3",6.98746723687526,7.14797068275109,9.04357408066188,-0.458746406106344,3,TRUE
"concrete",23,"LSE",7.28046824912095,7.5034127105702,9.44750070356544,-0.622264562399245,3,TRUE
"concrete",23,"ridge-LSE",7.58419946279995,7.68966037180837,9.91179659265822,-0.583496727880851,3,TRUE
"concrete",23,"Huber",7.0355387580413,7.25494887959305,9.20058197116533,-0.71900615490299,3,TRUE
"concrete",23,"L1",7.09924804708755,7.09561424726972,9.09235814464753,-1.54953985983749,3,TRUE
"concrete",24,"auto",6.53228726316701,6.66535196293259,8.4471018752474,0.532805452826755,3,TRUE
"concrete",24,"auto-weak",6.92547629188612,6.96633780909083,8.61310897416589,0.6883406492494,3,TRUE
"concrete",24,"WPMM2",6.89838767615956,6.96780313821533,8.95072719609808,0.145779269265264,3,TRUE
"concrete",24,"WPMM3",6.53416114685013,6.59712728107456,8.49382118049926,0.315509610235658,3,TRUE
"concrete",24,"LSE",7.09514356044973,7.28376530284362,9.24456081850465,1.17259622411026,3,TRUE
"concrete",24,"ridge-LSE",6.5295174088451,6.75191261225217,8.48276847172823,0.695180066197613,3,TRUE
"concrete",24,"Huber",6.84715214658987,6.97414869710292,8.71199675559929,1.08878280212675,3,TRUE
"concrete",24,"L1",6.44591387946585,6.52621897508478,8.28218079963644,0.397660180015206,3,TRUE
"concrete",25,"auto",6.63577044188264,6.89051565462049,9.01727219512673,0.0501299242017012,3,TRUE
"concrete",25,"auto-weak",6.70045142846484,6.83011916567976,8.73642963256716,-0.0144272776591201,3,TRUE
"concrete",25,"WPMM2",6.78419532867898,6.82671171187783,8.79323392601788,-0.750966735137577,3,TRUE
"concrete",25,"WPMM3",6.72638267259907,6.87355026002687,8.76083597238984,-0.400424830790015,3,TRUE
"concrete",25,"LSE",6.89645804287242,7.05143496481513,8.95243214037536,-0.0873418622376447,3,TRUE
"concrete",25,"ridge-LSE",6.97607055759482,7.13493462141412,8.93346743880469,0.0929055290471929,3,TRUE
"concrete",25,"Huber",6.88501615234965,6.98397256261427,8.85645005535305,-0.532954696235429,3,TRUE
"concrete",25,"L1",7.79828108309877,7.96629258725306,10.200167488893,-0.209194490529706,3,TRUE
"concrete",26,"auto",7.05031516888539,7.02626768783492,8.94324204744882,-0.502732348760578,3,TRUE
"concrete",26,"auto-weak",6.6889715310784,6.7627994418415,8.66487818544639,-0.319945309175109,3,TRUE
"concrete",26,"WPMM2",6.90972274914493,6.86975838252641,8.79510247632905,-0.947025578432604,3,TRUE
"concrete",26,"WPMM3",6.8014783061321,6.86264168546417,8.54354978348553,-1.02733956182591,3,TRUE
"concrete",26,"LSE",7.09299213461327,7.08027585510868,8.9836264447218,-0.605086941313193,3,TRUE
"concrete",26,"ridge-LSE",6.80383593203064,6.70953432095499,8.42162637702694,0.00470600037681581,3,TRUE
"concrete",26,"Huber",6.8177852031241,6.80592792208302,8.47929241878801,-0.262632778155951,3,TRUE
"concrete",26,"L1",6.27852945466726,6.45987406348834,8.47323330068258,-1.40571378409936,3,TRUE
"concrete",27,"auto",6.66480730325971,6.56470182735123,8.34765820935952,0.0502620132848629,3,TRUE
"concrete",27,"auto-weak",7.03571634734706,6.97547239169202,8.75957119764079,0.42192921162247,3,TRUE
"concrete",27,"WPMM2",6.72716345913736,6.55333446085013,8.28909981780959,-0.549227429737705,3,TRUE
"concrete",27,"WPMM3",6.68977312687444,6.7040246807821,8.54163235255898,-0.0825725322782524,3,TRUE
"concrete",27,"LSE",7.31418997810897,7.2502120365674,9.08892271082493,-0.0798180681181355,3,TRUE
"concrete",27,"ridge-LSE",6.9147092074381,6.85781204078431,8.72170930352707,0.250721948816949,3,TRUE
"concrete",27,"Huber",6.82164330526569,6.92704431248082,8.82621523939429,0.210603541203535,3,TRUE
"concrete",27,"L1",6.65450875617306,6.70529073654686,8.36882717348582,0.0454011463170246,3,TRUE
"concrete",28,"auto",6.80074095282414,6.9021514752278,8.7966231337353,-0.416759846443483,3,TRUE
"concrete",28,"auto-weak",6.819578067214,6.82303319008209,8.69348583114767,0.176818952195567,3,TRUE
"concrete",28,"WPMM2",6.7236368588165,6.86166610072848,8.86263587546911,-1.43466372522039,3,TRUE
"concrete",28,"WPMM3",6.70374876741128,6.7419167525364,8.62738929533891,-0.152611657223738,3,TRUE
"concrete",28,"LSE",6.99214558584278,7.14311003903357,9.0772715191338,0.549901719382889,3,TRUE
"concrete",28,"ridge-LSE",6.70296609909853,6.82110902619294,8.59362089929671,0.435172570973424,3,TRUE
"concrete",28,"Huber",6.61178938162529,6.61778684853832,8.32732274017781,0.551355573865002,3,TRUE
"concrete",28,"L1",6.64439008077234,6.67267608666987,8.71769286094696,-0.693557659251035,3,TRUE
"concrete",29,"auto",6.29487248307125,6.51162583593199,8.30381176234662,0.10064482818657,3,TRUE
"concrete",29,"auto-weak",6.0095711710744,5.97916864283575,7.57117183165183,0.476615890549105,3,TRUE
"concrete",29,"WPMM2",6.2391492690144,6.40513404250256,8.26127661126109,1.02103315481866,3,TRUE
"concrete",29,"WPMM3",7.0424984954698,7.08702150465066,9.14357157942002,0.411080759885163,3,TRUE
"concrete",29,"LSE",6.07625632783304,6.12848146846315,7.78901394752184,0.157912807499776,3,TRUE
"concrete",29,"ridge-LSE",5.93109297569742,6.18065258194271,8.12631903010793,0.979478597552564,3,TRUE
"concrete",29,"Huber",6.45999515214675,6.35016849252148,8.11836548389715,1.0342718318574,3,TRUE
"concrete",29,"L1",6.05219498037067,6.22005147176947,8.00333715905929,0.313791478567068,3,TRUE
"concrete",30,"auto",6.37917921129163,6.0987475237038,8.11348252045187,-0.18387980129445,3,TRUE
"concrete",30,"auto-weak",6.18007938738395,6.12910889653155,8.00492294182416,0.112513993137985,3,TRUE
"concrete",30,"WPMM2",6.1600938136056,6.05883620320321,8.05575290036783,-0.585561071124788,3,TRUE
"concrete",30,"WPMM3",6.21610181478619,6.34075706369008,8.38578492539565,-0.305211136558162,3,TRUE
"concrete",30,"LSE",5.97227246312186,5.82331781335675,7.74286055012434,-0.259749919497847,3,TRUE
"concrete",30,"ridge-LSE",6.72005925351647,6.52594730181941,8.43205077252329,0.160804818719384,3,TRUE
"concrete",30,"Huber",6.20006162796622,6.23761822890292,8.17533391565155,-0.480500041419177,3,TRUE
"concrete",30,"L1",6.35059910073659,6.32566813750208,8.30649184594115,-1.2251640424147,3,TRUE
"mass_cars93_mpg",1,"auto",1.95204605403773,1.86575258443516,2.40512847919191,-0.342720829495982,3,TRUE
"mass_cars93_mpg",1,"auto-weak",1.50498877321154,1.42601415450081,1.8065428451016,-0.271057145371074,3,TRUE
"mass_cars93_mpg",1,"WPMM2",1.67166838554882,1.65668127949982,1.95806741375982,-0.467165194663199,3,TRUE
"mass_cars93_mpg",1,"WPMM3",1.64288359178841,2.17588795998892,3.50439597232952,0.0143871792767204,3,TRUE
"mass_cars93_mpg",1,"LSE",1.55538556679765,1.54901208587514,2.13231983270863,0.331543169332,3,TRUE
"mass_cars93_mpg",1,"ridge-LSE",1.56875928768461,1.62852299380213,2.25530646330056,0.346890980324791,3,TRUE
"mass_cars93_mpg",1,"Huber",1.85904011926574,1.80510741768729,2.28658347852433,-0.351682213922532,3,TRUE
"mass_cars93_mpg",1,"L1",1.97469050053939,1.87798010141095,2.53511189249637,-0.116497455919329,3,TRUE
"mass_cars93_mpg",2,"auto",2.3112796613264,2.30545685682453,3.3886213443028,0.417589610403809,3,TRUE
"mass_cars93_mpg",2,"auto-weak",2.10144353615557,2.0487184186235,2.72393681408154,0.524073749820709,3,TRUE
"mass_cars93_mpg",2,"WPMM2",3.0641482762923,3.36736273975794,4.94152351568802,0.854241183461126,3,TRUE
"mass_cars93_mpg",2,"WPMM3",3.13108686598819,2.86263649803362,3.95028383300711,0.577669083043298,3,TRUE
"mass_cars93_mpg",2,"LSE",2.31661996099081,2.29069211213957,2.91451184394284,0.577062437076272,3,TRUE
"mass_cars93_mpg",2,"ridge-LSE",2.88813444843849,2.64938219188217,3.79596488564288,0.636778009776346,3,TRUE
"mass_cars93_mpg",2,"Huber",1.96732070208344,1.97018423281466,2.56989167905037,0.320004347180986,3,TRUE
"mass_cars93_mpg",2,"L1",2.11283865565229,1.98423938365804,2.58151773487844,0.129048097270874,3,TRUE
"mass_cars93_mpg",3,"auto",1.80578225860193,1.96402552442502,3.01633347302462,0.96302672010883,3,TRUE
"mass_cars93_mpg",3,"auto-weak",2.15034119599924,2.32235335711853,2.91395932897326,0.247123172285405,3,TRUE
"mass_cars93_mpg",3,"WPMM2",1.58953519454312,1.63388445454016,2.05769904031248,0.5966323441968,3,TRUE
"mass_cars93_mpg",3,"WPMM3",2.1414506406197,2.25543768845305,2.96613186509656,0.34591047540893,3,TRUE
"mass_cars93_mpg",3,"LSE",1.18569300468695,1.3350164473198,2.0196626158412,0.460688308965935,3,TRUE
"mass_cars93_mpg",3,"ridge-LSE",2.55139437126249,2.43621457003905,2.9419411917091,1.66810892450408,3,TRUE
"mass_cars93_mpg",3,"Huber",2.25837362781833,2.1818833837755,2.75413141454369,1.32756069611571,3,TRUE
"mass_cars93_mpg",3,"L1",2.17601267327891,2.09518253093643,2.52139243300352,-0.0307867397421818,3,TRUE
"mass_cars93_mpg",4,"auto",1.63736402295184,1.56272823876746,2.0976901631065,-0.547538983856805,3,TRUE
"mass_cars93_mpg",4,"auto-weak",1.83085508890604,1.79037208997475,2.21392621532885,-0.0574496170810874,3,TRUE
"mass_cars93_mpg",4,"WPMM2",1.69774607853248,1.77937778650464,2.24857607006303,-0.34589672791377,3,TRUE
"mass_cars93_mpg",4,"WPMM3",2.68773022977455,3.13557345414804,4.87802363170246,-0.868722531981132,3,TRUE
"mass_cars93_mpg",4,"LSE",1.88375442438187,1.87579387212772,2.41978182301042,-0.167706741488351,3,TRUE
"mass_cars93_mpg",4,"ridge-LSE",1.93301288938144,1.83352197071759,2.34025324775355,0.119952219643916,3,TRUE
"mass_cars93_mpg",4,"Huber",1.57761060741302,1.45900272842574,1.97975852993044,-0.110590027187898,3,TRUE
"mass_cars93_mpg",4,"L1",1.79273700931129,1.70823029208693,2.21905955667034,-0.225739742558537,3,TRUE
"mass_cars93_mpg",5,"auto",2.0707788664461,1.90333629132973,2.36848904709647,-0.977063429719682,3,TRUE
"mass_cars93_mpg",5,"auto-weak",2.2815761855475,2.2172869122011,2.80292337339442,-0.781694229678802,3,TRUE
"mass_cars93_mpg",5,"WPMM2",2.1305825527228,2.11539468933892,2.49060125437262,-0.916800859208641,3,TRUE
"mass_cars93_mpg",5,"WPMM3",2.21411122859125,2.03932092493241,2.44528648661748,-1.17385365625051,3,TRUE
"mass_cars93_mpg",5,"LSE",2.17104283847405,2.22412733643271,2.66049499470749,-0.782360578040035,3,TRUE
"mass_cars93_mpg",5,"ridge-LSE",1.82180788805612,1.7210986459548,2.13988686326634,-0.67680668924348,3,TRUE
"mass_cars93_mpg",5,"Huber",2.32631865126197,2.24060036771172,2.76666414463881,-1.23739057360669,3,TRUE
"mass_cars93_mpg",5,"L1",2.3024257752874,2.14517278778766,2.6513112742652,-0.778542202231453,3,TRUE
"mass_cars93_mpg",6,"auto",2.35594227336686,3.20332184964199,6.32898711665942,-1.33551080151168,3,TRUE
"mass_cars93_mpg",6,"auto-weak",1.97210028195792,2.12982237659132,3.08812894761238,-0.201326473971604,3,TRUE
"mass_cars93_mpg",6,"WPMM2",1.52860174438211,2.39554923888973,5.27027171757881,0.745151115414526,3,TRUE
"mass_cars93_mpg",6,"WPMM3",1.76543445057854,1.78293590630088,2.3440711691804,0.604378749269481,3,TRUE
"mass_cars93_mpg",6,"LSE",1.82537736790613,1.83240111026331,2.56211316457994,-0.0910050445985407,3,TRUE
"mass_cars93_mpg",6,"ridge-LSE",2.29168269142001,3.22298961862465,5.83442243302809,-1.09797110308346,3,TRUE
"mass_cars93_mpg",6,"Huber",2.31788658560136,2.22551816759058,2.67339081163669,1.00094334351574,3,TRUE
"mass_cars93_mpg",6,"L1",2.11743121975118,2.11798600034917,2.89101841880276,0.0575123169829389,3,TRUE
"mass_cars93_mpg",7,"auto",1.62036071476154,1.90125639969936,2.5803411621563,-0.183359886388735,3,TRUE
"mass_cars93_mpg",7,"auto-weak",1.68914149392693,1.70831725695466,2.15696672787217,-0.200906946663325,3,TRUE
"mass_cars93_mpg",7,"WPMM2",2.56408463284835,2.35274291381902,2.84665567151236,-1.37545408796086,3,TRUE
"mass_cars93_mpg",7,"WPMM3",1.33949538884204,1.33353766328214,1.6415642512837,-0.191571086438427,3,TRUE
"mass_cars93_mpg",7,"LSE",1.35701918955151,1.27906235312106,1.64803489063878,0.0493905863122962,3,TRUE
"mass_cars93_mpg",7,"ridge-LSE",1.74124297741441,1.86675121381448,2.27037390097496,-0.145451529317234,3,TRUE
"mass_cars93_mpg",7,"Huber",1.28619514990488,1.5266138232536,2.13949047963527,-0.569785303431466,3,TRUE
"mass_cars93_mpg",7,"L1",1.28530305259846,1.40011605939006,1.89415203390776,-0.221371855214954,3,TRUE
"mass_cars93_mpg",8,"auto",1.92568369730033,1.85756774234555,2.23331635641392,1.17871804377239,3,TRUE
"mass_cars93_mpg",8,"auto-weak",1.97338655582652,2.02059885362162,2.66761558746046,-0.127137811437999,3,TRUE
"mass_cars93_mpg",8,"WPMM2",1.7449773294602,1.80108922072639,2.43362590132782,0.644988626728912,3,TRUE
"mass_cars93_mpg",8,"WPMM3",2.00808293460631,2.20614918545213,3.21672543911355,0.881701263749497,3,TRUE
"mass_cars93_mpg",8,"LSE",1.90271641256188,1.75331102189511,2.38501504715071,0.868182254164294,3,TRUE
"mass_cars93_mpg",8,"ridge-LSE",1.59535739965192,1.54947328349221,1.98601703109932,0.370333280220702,3,TRUE
"mass_cars93_mpg",8,"Huber",1.63499201818596,1.63482117022135,1.96929097888331,0.590884445103961,3,TRUE
"mass_cars93_mpg",8,"L1",1.65463421152608,1.77330724123637,2.3182454449986,-0.324783166292539,3,TRUE
"mass_cars93_mpg",9,"auto",1.90415918306624,1.94404824990813,2.74488024788892,-0.20422292950669,3,TRUE
"mass_cars93_mpg",9,"auto-weak",2.03218319017004,1.88733238053238,2.37648243097354,-0.241621860295603,3,TRUE
"mass_cars93_mpg",9,"WPMM2",2.28145854579057,2.44495204087536,3.56901515803889,1.00909132835437,3,TRUE
"mass_cars93_mpg",9,"WPMM3",2.02335132111341,2.16387622948262,2.86695430831135,-0.373480649634099,3,TRUE
"mass_cars93_mpg",9,"LSE",2.13936695618834,2.27450117763414,3.23763057554674,-0.975990641679668,3,TRUE
"mass_cars93_mpg",9,"ridge-LSE",1.72292157506368,1.81370913061087,2.71034232207672,-0.994919252033494,3,TRUE
"mass_cars93_mpg",9,"Huber",2.14693713154253,2.25928021854454,3.39013811293213,-0.81256167322147,3,TRUE
"mass_cars93_mpg",9,"L1",1.63972083844339,1.65054132564344,2.38527473534951,0.293882170498237,3,TRUE
"mass_cars93_mpg",10,"auto",1.47636430139802,1.5108682331475,1.98289226235886,0.203161876288198,3,TRUE
"mass_cars93_mpg",10,"auto-weak",2.01196404949888,2.05826053143827,2.49297232966491,0.318011917233555,3,TRUE
"mass_cars93_mpg",10,"WPMM2",2.08310910736087,3.12270080194206,5.9286829027554,1.01126337153798,3,TRUE
"mass_cars93_mpg",10,"WPMM3",1.53839160099662,1.49938251656375,1.91249584018889,-0.785284394201009,3,TRUE
"mass_cars93_mpg",10,"LSE",1.37794411374836,1.39833890339954,1.90172367939866,0.52282184878041,3,TRUE
"mass_cars93_mpg",10,"ridge-LSE",1.44131819898178,1.3913033705868,1.84618487309361,0.11890416596468,3,TRUE
"mass_cars93_mpg",10,"Huber",2.07938895591124,2.05061679700907,2.79045283841209,-0.600330912929394,3,TRUE
"mass_cars93_mpg",10,"L1",1.38986188751229,1.42224447374811,1.81206332056269,-0.511896464273406,3,TRUE
"mass_cars93_mpg",11,"auto",2.01906930105862,1.98883619541178,2.49941532597182,-0.453884881309106,3,TRUE
"mass_cars93_mpg",11,"auto-weak",2.56816717570424,2.39280796329612,3.01536106739982,0.740616567225277,3,TRUE
"mass_cars93_mpg",11,"WPMM2",1.67217551854997,1.64403849046436,2.10206455950774,-0.819980419801989,3,TRUE
"mass_cars93_mpg",11,"WPMM3",1.74589693125762,2.01062585496598,3.08408794684011,0.194260845914587,3,TRUE
"mass_cars93_mpg",11,"LSE",1.84561659413465,2.17632363396103,3.12905313393494,1.12236291703214,3,TRUE
"mass_cars93_mpg",11,"ridge-LSE",2.08299124172364,2.25749321524277,3.08895012735013,0.783746575051268,3,TRUE
"mass_cars93_mpg",11,"Huber",1.9609612156905,2.07010312211736,2.96020261747572,0.581413351932816,3,TRUE
"mass_cars93_mpg",11,"L1",1.87276875450001,2.01497789859395,2.91666320758891,0.779615854835293,3,TRUE
"mass_cars93_mpg",12,"auto",1.57856503112011,1.96877611874912,2.92415095569623,0.607809014189748,3,TRUE
"mass_cars93_mpg",12,"auto-weak",1.65455997641959,1.93295574778562,2.67592350452395,0.0755425212431876,3,TRUE
"mass_cars93_mpg",12,"WPMM2",1.82420211666508,2.0903772926086,3.36629397354894,0.506501952733173,3,TRUE
"mass_cars93_mpg",12,"WPMM3",20.6629831056961,19.5962360678085,46.2609468683242,-18.0087539779832,3,TRUE
"mass_cars93_mpg",12,"LSE",1.88650400569106,1.93059066765653,2.70740930679136,0.271337905465896,3,TRUE
"mass_cars93_mpg",12,"ridge-LSE",2.16287385810827,22.594898671563,87.99241241991,-20.5275402009828,3,TRUE
"mass_cars93_mpg",12,"Huber",1.84616782357137,1.97709326012343,2.55079626588144,0.784490973784171,3,TRUE
"mass_cars93_mpg",12,"L1",1.9544631285364,1.84370192856685,2.38990091605886,0.319441945408359,3,TRUE
"mass_cars93_mpg",13,"auto",2.07546260790269,2.19822011577719,2.90691766609978,0.407549684326343,3,TRUE
"mass_cars93_mpg",13,"auto-weak",1.99251921388834,2.04673201851424,2.60175663904168,0.842867060702088,3,TRUE
"mass_cars93_mpg",13,"WPMM2",2.07944780683026,2.0622018198028,2.66473329415163,0.420418449726443,3,TRUE
"mass_cars93_mpg",13,"WPMM3",1.54763392749423,1.92078281448405,3.15797491253974,0.244487667184175,3,TRUE
"mass_cars93_mpg",13,"LSE",2.37012522067989,2.57790692870569,3.43930207390144,0.339189800976705,3,TRUE
"mass_cars93_mpg",13,"ridge-LSE",2.78247491020849,2.86152953511817,3.36446709254595,0.83490592181742,3,TRUE
"mass_cars93_mpg",13,"Huber",1.7521724605374,2.37411062145759,4.4126920069809,-0.159513542432643,3,TRUE
"mass_cars93_mpg",13,"L1",2.2775040661304,2.19822739084296,3.06707949384234,0.437798307039054,3,TRUE
"mass_cars93_mpg",14,"auto",1.53513891890193,1.9677377884403,3.38938670172664,-0.448685092842795,3,TRUE
"mass_cars93_mpg",14,"auto-weak",1.41990192789111,1.62106295869276,2.50146963776374,-0.85392681851719,3,TRUE
"mass_cars93_mpg",14,"WPMM2",1.40643262456401,2.08009203341025,3.8482047971283,-1.27955063877336,3,TRUE
"mass_cars93_mpg",14,"WPMM3",1.50840278761089,2.11374281540524,3.90587003908145,-0.658614424711071,3,TRUE
"mass_cars93_mpg",14,"LSE",1.7258269221284,2.18088535659598,3.84694356961945,-1.58961220019297,3,TRUE
"mass_cars93_mpg",14,"ridge-LSE",2.78277305015881,30.3952479483599,129.339858591666,-29.709389791466,3,TRUE
"mass_cars93_mpg",14,"Huber",1.44563714591985,1.9388571878302,3.29794654703534,-0.545455690337287,3,TRUE
"mass_cars93_mpg",14,"L1",1.26132556128243,22.4165741257695,96.1740391458368,-21.7695625803325,3,TRUE
"mass_cars93_mpg",15,"auto",1.56717232523587,1.72577750219103,2.50534559781768,0.386252753745408,3,TRUE
"mass_cars93_mpg",15,"auto-weak",1.84054616122097,2.02139725910133,2.80781675904617,0.246094372979985,3,TRUE
"mass_cars93_mpg",15,"WPMM2",1.60270277788709,1.7862345582164,2.61118036239245,-0.162802400469646,3,TRUE
"mass_cars93_mpg",15,"WPMM3",1.47903415809275,1.39967288068333,2.04319983678517,0.0946837766729663,3,TRUE
"mass_cars93_mpg",15,"LSE",2.0469030036851,2.08366161585454,2.71529015518457,0.941360723606062,3,TRUE
"mass_cars93_mpg",15,"ridge-LSE",1.67765911306836,1.7621569867876,2.3074850405869,-0.0825051926927151,3,TRUE
"mass_cars93_mpg",15,"Huber",2.17065081298802,4.27549180846984,11.656773031763,2.65136838637038,3,TRUE
"mass_cars93_mpg",15,"L1",1.72668335661909,1.81599844359049,2.69300354671947,0.424401920080086,3,TRUE
"mass_cars93_mpg",16,"auto",2.47104249799629,2.48132179981364,3.04411436357758,0.317297144461679,3,TRUE
"mass_cars93_mpg",16,"auto-weak",2.71192647229984,233.31546016446,1057.93518824783,-230.168039194703,3,TRUE
"mass_cars93_mpg",16,"WPMM2",2.53840342131353,2.57990136876155,3.1804155755392,-0.881217442952962,3,TRUE
"mass_cars93_mpg",16,"WPMM3",2.07537859237841,2.04582156484966,2.37225691244787,0.0256552014872365,3,TRUE
"mass_cars93_mpg",16,"LSE",2.54139744833449,2.45390574477883,3.16774963046306,0.774066929143163,3,TRUE
"mass_cars93_mpg",16,"ridge-LSE",2.25575734418148,2.36047847411346,3.40534272321238,0.721593732200349,3,TRUE
"mass_cars93_mpg",16,"Huber",2.33690646274537,2.35314767901317,3.07310725629738,0.538809887772152,3,TRUE
"mass_cars93_mpg",16,"L1",2.19143375101971,2.00372104931373,2.56716540632072,0.370623835069982,3,TRUE
"mass_cars93_mpg",17,"auto",1.6580013110927,1.61573525407872,2.08906400863779,0.73177264263123,3,TRUE
"mass_cars93_mpg",17,"auto-weak",1.35929030098147,1.41766911464661,2.02268506775751,0.722609415661334,3,TRUE
"mass_cars93_mpg",17,"WPMM2",1.60453155690796,1.63642363414268,2.16538776337939,0.34958502954751,3,TRUE
"mass_cars93_mpg",17,"WPMM3",1.63358365396728,1.68922609893826,2.23208871503274,0.420550319403174,3,TRUE
"mass_cars93_mpg",17,"LSE",1.55024006248958,1.59562823040683,2.05834614300695,1.05038790404145,3,TRUE
"mass_cars93_mpg",17,"ridge-LSE",1.76125461968732,1.64657449544332,2.05434901541462,0.699274137798262,3,TRUE
"mass_cars93_mpg",17,"Huber",2.84192549875078,2.62009071315422,3.34229956646068,-0.0559027695937107,3,TRUE
"mass_cars93_mpg",17,"L1",1.85017944509188,1.886611234253,2.38231841476104,0.737391135697577,3,TRUE
"mass_cars93_mpg",18,"auto",2.28066907761379,2.39790939902215,3.77549780307323,-1.89909553837094,3,TRUE
"mass_cars93_mpg",18,"auto-weak",1.96548340605444,2.54919674665009,3.93672935402368,-1.36783391250673,3,TRUE
"mass_cars93_mpg",18,"WPMM2",3.6050068061022,4.70184714793756,8.54436113712329,-1.0678385005035,3,TRUE
"mass_cars93_mpg",18,"WPMM3",2.4272342168507,2.67040751728856,4.0766270252779,-2.09617914059077,3,TRUE
"mass_cars93_mpg",18,"LSE",1.69677045766065,2.14348787281395,3.68902627437008,-1.71617330629497,3,TRUE
"mass_cars93_mpg",18,"ridge-LSE",1.64180321399683,1.93262735338912,3.38095377907137,-1.09200568650343,3,TRUE
"mass_cars93_mpg",18,"Huber",2.60754142822819,2.76371841069611,4.18585319865788,-1.67217366619762,3,TRUE
"mass_cars93_mpg",18,"L1",2.87427885377357,3.01640692679662,5.31315712887724,-2.77797929825984,3,TRUE
"mass_cars93_mpg",19,"auto",2.38936246536263,3.32952172349515,6.16421991412952,-2.11250311424868,3,TRUE
"mass_cars93_mpg",19,"auto-weak",2.1363560878968,2.50987086057827,3.83602520399818,-1.22457033817181,3,TRUE
"mass_cars93_mpg",19,"WPMM2",2.08009166112705,2.48734390881383,3.79695108220404,-0.220753665617039,3,TRUE
"mass_cars93_mpg",19,"WPMM3",2.19815256105873,2.54150311879877,3.9611614711688,-1.14607183703464,3,TRUE
"mass_cars93_mpg",19,"LSE",2.54474388092167,2.78603613107433,4.07886707952855,-0.666009539914685,3,TRUE
"mass_cars93_mpg",19,"ridge-LSE",2.47941716198041,2.92616668569759,4.46815799539766,-1.2029221411543,3,TRUE
"mass_cars93_mpg",19,"Huber",2.52381689400407,2.9805755113607,4.92395498634617,-2.07129040580629,3,TRUE
"mass_cars93_mpg",19,"L1",2.41409288804623,2.72012572943829,4.23298272706323,-1.17235431436754,3,TRUE
"mass_cars93_mpg",20,"auto",1.46289617956775,1.37531147707422,1.74227293084706,0.987472176406622,3,TRUE
"mass_cars93_mpg",20,"auto-weak",1.77516950462052,1.79692511392053,2.33170696022964,1.13916289787968,3,TRUE
"mass_cars93_mpg",20,"WPMM2",1.31229524945311,1.44378176990827,2.04129431745813,0.658238019401179,3,TRUE
"mass_cars93_mpg",20,"WPMM3",1.45143738279159,1.488212814951,1.86106064913674,0.542756845358253,3,TRUE
"mass_cars93_mpg",20,"LSE",1.70262154977719,1.56030089777981,1.95806706293508,0.889831835758368,3,TRUE
"mass_cars93_mpg",20,"ridge-LSE",1.7479257932356,1.66701066117761,2.11162499789734,0.458123769365793,3,TRUE
"mass_cars93_mpg",20,"Huber",1.52639527013848,1.4971595083164,1.79617062796274,0.0705369865677477,3,TRUE
"mass_cars93_mpg",20,"L1",1.49652490495788,1.45913767693822,1.8340630821121,0.266546333922186,3,TRUE
"mass_cars93_mpg",21,"auto",1.99022326795046,1.88645041683558,2.29903470525568,0.0268300168488085,3,TRUE
"mass_cars93_mpg",21,"auto-weak",1.99873499129723,1.78691747785653,2.27354783163151,0.0442579392945245,3,TRUE
"mass_cars93_mpg",21,"WPMM2",1.59000510334231,1.57378971084093,2.21138676808698,0.263359459092113,3,TRUE
"mass_cars93_mpg",21,"WPMM3",1.28457465347007,1.33543663604377,1.74516097032844,-0.0708706065268204,3,TRUE
"mass_cars93_mpg",21,"LSE",2.00014995826646,1.90684322371622,2.32747136368826,-0.248311806209696,3,TRUE
"mass_cars93_mpg",21,"ridge-LSE",1.78024900167219,1.6464064781868,2.08701870394945,0.237370969851524,3,TRUE
"mass_cars93_mpg",21,"Huber",2.03074340507958,2.01234230641599,2.592634312906,-0.196527849613409,3,TRUE
"mass_cars93_mpg",21,"L1",1.71745502583089,1.67315020648873,2.02346303889878,-0.168309878942324,3,TRUE
"mass_cars93_mpg",22,"auto",2.94543426458019,3.48932283764758,5.5064638167213,-1.71275164446899,3,TRUE
"mass_cars93_mpg",22,"auto-weak",1.77996749274987,2.33877465787181,3.7962265680921,-1.26584897017744,3,TRUE
"mass_cars93_mpg",22,"WPMM2",2.05289634652036,2.41302644852758,3.76061677779954,-0.567054004260825,3,TRUE
"mass_cars93_mpg",22,"WPMM3",2.12728599158677,2.50466967157884,4.52248643236712,-1.01728833224849,3,TRUE
"mass_cars93_mpg",22,"LSE",2.35585925086523,2.8141137543717,4.25378250168961,-1.1375429681245,3,TRUE
"mass_cars93_mpg",22,"ridge-LSE",1.83806163424232,2.21265527364671,3.60674060674745,-0.422298045219656,3,TRUE
"mass_cars93_mpg",22,"Huber",1.84990129247856,2.18023751642543,3.65335557629016,-0.878857447010159,3,TRUE
"mass_cars93_mpg",22,"L1",2.14094748288458,2.45259479099312,3.65761686340653,-0.828527729105443,3,TRUE
"mass_cars93_mpg",23,"auto",3.24679594253798,3.34990359862285,5.17555977907304,0.198755663518536,3,TRUE
"mass_cars93_mpg",23,"auto-weak",2.16144115920136,2.3797224964679,3.55300592074688,-0.454699773948487,3,TRUE
"mass_cars93_mpg",23,"WPMM2",2.86609734426325,4.70008557790303,11.270874736801,3.21658441695378,3,TRUE
"mass_cars93_mpg",23,"WPMM3",2.50197664055641,2.31502135543637,3.1828994548011,0.309972161171692,3,TRUE
"mass_cars93_mpg",23,"LSE",3.06968753603959,2.79181340251202,4.64709455488154,1.23244086702807,3,TRUE
"mass_cars93_mpg",23,"ridge-LSE",2.99334733801189,3.15085896188714,5.13823261845121,1.05593903340962,3,TRUE
"mass_cars93_mpg",23,"Huber",3.17269330011463,2.99260241481656,4.35358602850271,0.499953134896096,3,TRUE
"mass_cars93_mpg",23,"L1",1.82942167598927,2.06989284844534,3.12724945446126,-0.709044759967482,3,TRUE
"mass_cars93_mpg",24,"auto",2.43401486587951,2.45252564824791,3.60473351932971,0.108957410207829,3,TRUE
"mass_cars93_mpg",24,"auto-weak",1.83011040520996,1.77146623985849,2.32924827768563,-1.14868972214163,3,TRUE
"mass_cars93_mpg",24,"WPMM2",2.25981663695693,2.73386630750195,4.4517850938399,-0.332089042010745,3,TRUE
"mass_cars93_mpg",24,"WPMM3",1.81059629364368,1.75955055385463,2.36035832126509,-0.659526207517637,3,TRUE
"mass_cars93_mpg",24,"LSE",1.70804437922762,1.67093264659318,2.28637323707311,-0.286854287831432,3,TRUE
"mass_cars93_mpg",24,"ridge-LSE",1.96996940088888,1.82562391737539,2.25035860411863,-0.46273860639184,3,TRUE
"mass_cars93_mpg",24,"Huber",1.52250769632588,1.62664562693642,2.42974447281045,-0.175816733350642,3,TRUE
"mass_cars93_mpg",24,"L1",1.94101439250199,1.84987218620221,2.36947258369731,-0.367250960288107,3,TRUE
"mass_cars93_mpg",25,"auto",4.5372391565417,8.34664216490293,20.2844037766467,-6.98231166722915,3,TRUE
"mass_cars93_mpg",25,"auto-weak",2.99710379931471,2.94476419272709,4.28453324820229,-2.16871944137864,3,TRUE
"mass_cars93_mpg",25,"WPMM2",2.81536534779287,2.70330482370258,3.49858231993513,-0.916357514430801,3,TRUE
"mass_cars93_mpg",25,"WPMM3",5.54807471880167,5.62063360964578,9.36448018669319,-4.52280441752066,3,TRUE
"mass_cars93_mpg",25,"LSE",1.73373433384372,1.62999391386329,2.02684114282655,-0.299588181497482,3,TRUE
"mass_cars93_mpg",25,"ridge-LSE",3.24794250280445,3.7478369662947,5.64001454737904,-2.46845105626783,3,TRUE
"mass_cars93_mpg",25,"Huber",2.49156092173501,2.33740403330729,3.12318056331368,-0.755583971020547,3,TRUE
"mass_cars93_mpg",25,"L1",2.85920398673768,2.84816340017031,4.2698049337167,-2.22311960972695,3,TRUE
"mass_cars93_mpg",26,"auto",2.35536840273984,2.21226451166293,3.37212491436902,0.470516417304785,3,TRUE
"mass_cars93_mpg",26,"auto-weak",2.13435149233729,2.53774678546669,4.07402516209708,-0.55265158570952,3,TRUE
"mass_cars93_mpg",26,"WPMM2",1.81299919327467,2.0346196837484,2.68509660833695,0.5342355421043,3,TRUE
"mass_cars93_mpg",26,"WPMM3",2.33079774699699,2.3218544512888,3.25077993183923,-0.196900578118163,3,TRUE
"mass_cars93_mpg",26,"LSE",1.71577224865388,1.66790314084971,2.45202925614601,0.140064445069665,3,TRUE
"mass_cars93_mpg",26,"ridge-LSE",4.61763884785085,5.80385779118749,12.4604052922577,2.68652097479581,3,TRUE
"mass_cars93_mpg",26,"Huber",1.06744672189329,1.14549977012935,1.60326245235722,-0.122786684521874,3,TRUE
"mass_cars93_mpg",26,"L1",1.86046561550765,4.9791007417005,14.15878746613,-3.35169066694067,3,TRUE
"mass_cars93_mpg",27,"auto",3.61679379788266,3.25962200876661,5.37421542787715,1.5456947355959,3,TRUE
"mass_cars93_mpg",27,"auto-weak",2.38519779250977,2.50449588828782,3.90313306318888,0.633006596967836,3,TRUE
"mass_cars93_mpg",27,"WPMM2",1.75734815978408,2.04127719926063,3.20834655019475,-0.250486315507574,3,TRUE
"mass_cars93_mpg",27,"WPMM3",1.66766159233606,1.59576287083542,2.24856376463955,1.17402881966983,3,TRUE
"mass_cars93_mpg",27,"LSE",1.94809663571229,2.02536368239748,3.2292859861705,0.747609483016112,3,TRUE
"mass_cars93_mpg",27,"ridge-LSE",2.98912676450056,2.9065846144841,4.81850757930159,1.44803012697062,3,TRUE
"mass_cars93_mpg",27,"Huber",1.34382944490026,1.83673309072566,3.15832878056789,0.115359841855467,3,TRUE
"mass_cars93_mpg",27,"L1",1.91658033559843,1.76185933256324,2.77910097840414,0.778764069912751,3,TRUE
"mass_cars93_mpg",28,"auto",1.3279659013901,1.29710104210209,1.70428891187183,-0.188801251790774,3,TRUE
"mass_cars93_mpg",28,"auto-weak",1.80740698804978,1.97258358362868,2.47400176255433,0.0400337758079617,3,TRUE
"mass_cars93_mpg",28,"WPMM2",1.22369066608396,1.24910487745903,1.55642155413827,0.633554212921064,3,TRUE
"mass_cars93_mpg",28,"WPMM3",1.53047393595788,1.55719988165236,1.89144409384372,-0.159901373821545,3,TRUE
"mass_cars93_mpg",28,"LSE",1.35564892823537,1.38902285162959,1.77531689552748,-0.00793408288587706,3,TRUE
"mass_cars93_mpg",28,"ridge-LSE",1.67849650714039,1.70235487438951,2.20658911843114,0.00647623565923837,3,TRUE
"mass_cars93_mpg",28,"Huber",1.32247024109998,1.34118555447471,1.76329382261865,-0.196402237135986,3,TRUE
"mass_cars93_mpg",28,"L1",1.78501913394454,1.75105512504665,2.32005520483519,-0.303071627859979,3,TRUE
"mass_cars93_mpg",29,"auto",2.75196621393771,2.90746360906229,3.83659876722771,1.06132147660203,3,TRUE
"mass_cars93_mpg",29,"auto-weak",2.67132168393412,3.01446934725142,4.36535586186679,0.737445682050054,3,TRUE
"mass_cars93_mpg",29,"WPMM2",5.15864307495964,5.29612874401322,9.76685953459337,2.91636225650221,3,TRUE
"mass_cars93_mpg",29,"WPMM3",3.96360561087263,4.96828640939009,9.69988538929062,-2.85620189939842,3,TRUE
"mass_cars93_mpg",29,"LSE",2.36046845606067,2.70887024592006,3.76237809973402,0.425675775291638,3,TRUE
"mass_cars93_mpg",29,"ridge-LSE",2.16247446109836,2.49930603634459,3.65311250869328,0.402196973795241,3,TRUE
"mass_cars93_mpg",29,"Huber",2.49957707784066,3.50667502535917,5.49268772155184,1.31350205295754,3,TRUE
"mass_cars93_mpg",29,"L1",2.01989417015009,2.33469420388711,3.33456914678357,-0.116652893695996,3,TRUE
"mass_cars93_mpg",30,"auto",2.05553748312068,1.95763153301205,2.47610536969622,0.0471847152872849,3,TRUE
"mass_cars93_mpg",30,"auto-weak",1.94523675221693,1.99667117520493,2.72407110366413,0.445737247298693,3,TRUE
"mass_cars93_mpg",30,"WPMM2",1.65188466032225,1.83604202493177,2.71941913622,0.623393329323031,3,TRUE
"mass_cars93_mpg",30,"WPMM3",1.97811073538331,3.22712416973467,7.51876903864719,2.2474081016351,3,TRUE
"mass_cars93_mpg",30,"LSE",2.29755571138115,2.43022471845619,3.38385279889208,-0.70352959736224,3,TRUE
"mass_cars93_mpg",30,"ridge-LSE",2.38041207758688,2.58512717150024,3.90496886375835,-1.68260544722329,3,TRUE
"mass_cars93_mpg",30,"Huber",1.85143580140706,2.13521740672106,3.16223301155968,-0.276929455315658,3,TRUE
"mass_cars93_mpg",30,"L1",1.85394370408441,2.02793849914437,2.67843478403498,-0.238975489496129,3,TRUE
