"candidate","rep","method","trmse","mae","rmse","bias","layers","ok"
"fremtpl2_severity_raw",1,"auto",1481.42463732377,4055.22122165103,45210.5750337214,-682.882975938743,3,TRUE
"fremtpl2_severity_raw",1,"auto-weak",696.981721035381,2876.98867240763,45051.0593458825,-2431.71309381454,3,TRUE
"fremtpl2_severity_raw",1,"WPMM2",708.070041725667,2912.87394917482,45055.6532329725,-2536.51181890842,3,TRUE
"fremtpl2_severity_raw",1,"WPMM3",699.214380799216,2877.21693597149,45049.2154286479,-2413.52766279016,3,TRUE
"fremtpl2_severity_raw",1,"LSE",1531.02426178106,3565.39087627032,44914.5668370008,-1067.8027598421,3,TRUE
"fremtpl2_severity_raw",1,"ridge-LSE",2081.81001443468,4055.77661896374,44987.7310111611,-368.58648376523,3,TRUE
"fremtpl2_severity_raw",1,"Huber",708.448359118264,2873.99553832924,45043.3221706032,-2329.74737949629,3,TRUE
"fremtpl2_severity_raw",1,"L1",713.559366070554,2890.31641631849,45053.926711556,-2289.2620595877,3,TRUE
"fremtpl2_severity_raw",2,"auto",1332.51733047259,2339.4780754706,10495.322587567,58.83931972028,3,TRUE
"fremtpl2_severity_raw",2,"auto-weak",640.247019494997,1619.90173743651,10478.4213272006,-1208.19736627159,3,TRUE
"fremtpl2_severity_raw",2,"WPMM2",651.741525121521,1658.41556876353,10501.6118307928,-1324.7428707843,3,TRUE
"fremtpl2_severity_raw",2,"WPMM3",639.301140584066,1622.02718414726,10484.0000283756,-1204.68342288422,3,TRUE
"fremtpl2_severity_raw",2,"LSE",2588.06293633164,3344.2420092836,10522.3785660174,1431.4752548579,3,TRUE
"fremtpl2_severity_raw",2,"ridge-LSE",1582.76769033963,2549.61705861769,10525.4271821875,403.305844359351,3,TRUE
"fremtpl2_severity_raw",2,"Huber",639.261850991224,1613.76833141787,10473.0195221419,-1148.35472022381,3,TRUE
"fremtpl2_severity_raw",2,"L1",645.555946972294,1598.41610643361,10474.5341436792,-1108.82001816292,3,TRUE
"fremtpl2_severity_raw",3,"auto",1439.03958286875,4772.98557230879,60819.9491785949,-2223.73232471383,3,TRUE
"fremtpl2_severity_raw",3,"auto-weak",644.727720825888,4059.10266084568,60891.7086763063,-3614.84602033205,3,TRUE
"fremtpl2_severity_raw",3,"WPMM2",648.498090075435,4096.52830568123,60894.8723149679,-3738.82206785634,3,TRUE
"fremtpl2_severity_raw",3,"WPMM3",640.852646321181,4064.01558522108,60890.6096860162,-3639.16374206134,3,TRUE
"fremtpl2_severity_raw",3,"LSE",1506.37542401434,4824.25840921754,60823.2059240764,-2310.9053987869,3,TRUE
"fremtpl2_severity_raw",3,"ridge-LSE",1514.17251886143,4779.42561240878,60820.1401004337,-2285.43974121765,3,TRUE
"fremtpl2_severity_raw",3,"Huber",650.460405095829,4059.59248511773,60884.1145963774,-3550.80666452551,3,TRUE
"fremtpl2_severity_raw",3,"L1",654.952245208714,4045.61370209152,60886.8407310858,-3533.43401757011,3,TRUE
"fremtpl2_severity_raw",4,"auto",3067.219058511,3507.73898961786,6582.48141880512,2252.04389595327,3,TRUE
"fremtpl2_severity_raw",4,"auto-weak",677.483326940998,1376.27211252397,6235.11907605438,-937.158994624678,3,TRUE
"fremtpl2_severity_raw",4,"WPMM2",686.170008236904,1403.50575241633,6253.70049056314,-1040.86378310126,3,TRUE
"fremtpl2_severity_raw",4,"WPMM3",675.981226157002,1374.49037862312,6232.72876954988,-931.016432599608,3,TRUE
"fremtpl2_severity_raw",4,"LSE",2989.76707341934,3297.45748519251,6863.45201027706,1791.14488450909,3,TRUE
"fremtpl2_severity_raw",4,"ridge-LSE",2958.08982997817,3286.27888468893,6700.98899472626,1995.16589945339,3,TRUE
"fremtpl2_severity_raw",4,"Huber",681.499138910304,1360.89561243564,6216.40712933425,-837.993613133357,3,TRUE
"fremtpl2_severity_raw",4,"L1",682.15479716586,1346.91754927292,6219.66472781155,-826.575052735261,3,TRUE
"fremtpl2_severity_raw",5,"auto",2904.89890216903,4703.68253292923,13881.0965253302,527.154196285906,3,TRUE
"fremtpl2_severity_raw",5,"auto-weak",661.730707884582,1917.13527413875,11808.1888646939,-1499.48088991204,3,TRUE
"fremtpl2_severity_raw",5,"WPMM2",679.811209368934,1970.50084796018,11832.8242970537,-1624.58337847866,3,TRUE
"fremtpl2_severity_raw",5,"WPMM3",660.140968052977,1913.47447839187,11808.1206604974,-1492.55367886743,3,TRUE
"fremtpl2_severity_raw",5,"LSE",1905.77840284314,4364.7386893246,18699.6448216451,846.144352132098,3,TRUE
"fremtpl2_severity_raw",5,"ridge-LSE",1757.44819147013,3781.0712209863,13315.0061932465,261.869050731205,3,TRUE
"fremtpl2_severity_raw",5,"Huber",670.098725133796,1914.3047296033,11799.3696338332,-1416.61301002571,3,TRUE
"fremtpl2_severity_raw",5,"L1",675.775393864168,1950.83529906836,11910.6786627992,-1456.04090588369,3,TRUE
"fremtpl2_severity_raw",6,"auto",1532.00953422126,3446.52430262795,14182.2198697867,315.808528313784,3,TRUE
"fremtpl2_severity_raw",6,"auto-weak",719.536899148497,1998.21511545553,11999.5862759046,-1552.58535737985,3,TRUE
"fremtpl2_severity_raw",6,"WPMM2",726.695499083264,2032.10823111056,12007.5454738103,-1665.40433702104,3,TRUE
"fremtpl2_severity_raw",6,"WPMM3",716.590391227747,1994.12850645417,11989.8351728855,-1538.06711173688,3,TRUE
"fremtpl2_severity_raw",6,"LSE",2700.95546950728,3729.29995816388,11959.6933792435,1207.51696639704,3,TRUE
"fremtpl2_severity_raw",6,"ridge-LSE",1363.26854211895,3412.81574457903,13777.9839499207,331.188589029073,3,TRUE
"fremtpl2_severity_raw",6,"Huber",712.042128682547,1983.49304482066,11977.0959247157,-1466.18673293966,3,TRUE
"fremtpl2_severity_raw",6,"L1",717.167264328645,1973.79018129819,11983.4282657047,-1450.64030422102,3,TRUE
"fremtpl2_severity_raw",7,"auto",2421.94883091223,4340.32200079776,44967.4524417265,-141.93075638334,3,TRUE
"fremtpl2_severity_raw",7,"auto-weak",745.475726845142,3093.69068101491,45156.9267435425,-2585.40323401375,3,TRUE
"fremtpl2_severity_raw",7,"WPMM2",742.821202053642,3055.6517369107,45108.7886848145,-2714.06056049802,3,TRUE
"fremtpl2_severity_raw",7,"WPMM3",726.561387322836,2990.96699219815,45071.8891853455,-2544.30616384805,3,TRUE
"fremtpl2_severity_raw",7,"LSE",1836.48256068589,3975.52297523416,44953.3499247395,-721.367660864629,3,TRUE
"fremtpl2_severity_raw",7,"ridge-LSE",1408.63362799555,3568.10081014655,44991.7660425616,-1269.88808270989,3,TRUE
"fremtpl2_severity_raw",7,"Huber",725.325669962774,2965.04013574616,45056.8490472499,-2487.76942377603,3,TRUE
"fremtpl2_severity_raw",7,"L1",723.080013840985,2951.58349952745,45064.8053901131,-2470.37463144301,3,TRUE
"fremtpl2_severity_raw",8,"auto",2614.35890645841,4442.90395846308,13770.0582181564,280.824853332068,3,TRUE
"fremtpl2_severity_raw",8,"auto-weak",779.136161682146,2033.02308456782,11558.1670237762,-1563.78512878432,3,TRUE
"fremtpl2_severity_raw",8,"WPMM2",796.125846766261,2069.5000195052,11583.4508000272,-1694.17082518034,3,TRUE
"fremtpl2_severity_raw",8,"WPMM3",781.981257465288,2038.83495790849,11560.7898755171,-1575.43318877577,3,TRUE
"fremtpl2_severity_raw",8,"LSE",2337.94422464417,4016.15104563737,12607.6011024364,55.1589872064579,3,TRUE
"fremtpl2_severity_raw",8,"ridge-LSE",1673.29328390026,3370.25242350166,12195.6539619173,288.938315112325,3,TRUE
"fremtpl2_severity_raw",8,"Huber",780.836892360295,2026.10644923901,11548.9250506877,-1476.14032677801,3,TRUE
"fremtpl2_severity_raw",8,"L1",779.176107230217,2008.07329359685,11548.1692290676,-1462.97982509607,3,TRUE
"fremtpl2_severity_raw",9,"auto",2608.9911877599,3197.38405513651,7984.63598679361,1727.80273806259,3,TRUE
"fremtpl2_severity_raw",9,"auto-weak",711.836837994901,1484.03025002342,7830.93298396005,-1069.61802346975,3,TRUE
"fremtpl2_severity_raw",9,"WPMM2",730.263284555058,1522.5713312923,7848.69334794098,-1178.4222675398,3,TRUE
"fremtpl2_severity_raw",9,"WPMM3",714.188495912443,1482.2898749923,7830.46893302613,-1059.12797295357,3,TRUE
"fremtpl2_severity_raw",9,"LSE",1479.5587145343,2186.71706056986,7810.77006577681,333.946894825206,3,TRUE
"fremtpl2_severity_raw",9,"ridge-LSE",1457.49817244836,2114.97617951839,7800.0653692235,251.171507459967,3,TRUE
"fremtpl2_severity_raw",9,"Huber",718.430672096023,1476.22793156739,7817.4175670732,-974.815146251393,3,TRUE
"fremtpl2_severity_raw",9,"L1",712.93521353253,1456.05005279702,7818.60055520132,-953.368451443677,3,TRUE
"fremtpl2_severity_raw",10,"auto",1496.93149588425,3791.47736070865,42542.4821388367,-1316.33926794824,3,TRUE
"fremtpl2_severity_raw",10,"auto-weak",706.750579076612,3103.13540435548,42754.0258546235,-2632.81513118731,3,TRUE
"fremtpl2_severity_raw",10,"WPMM2",722.739943805381,3148.04076407535,42764.8253600521,-2768.54203273039,3,TRUE
"fremtpl2_severity_raw",10,"WPMM3",707.761118971616,3112.1613967831,42754.9202724065,-2655.41065114816,3,TRUE
"fremtpl2_severity_raw",10,"LSE",1292.84920272441,3616.27661976878,42652.8459640832,-1557.73731186668,3,TRUE
"fremtpl2_severity_raw",10,"ridge-LSE",2204.49096283861,4403.59900649223,42663.565144148,-478.221550233519,3,TRUE
"fremtpl2_severity_raw",10,"Huber",705.279298783653,3103.41605006808,42749.5142824309,-2601.75952983895,3,TRUE
"fremtpl2_severity_raw",10,"L1",712.364515391344,3095.05271942711,42750.8537769024,-2557.82202497604,3,TRUE
"fremtpl2_severity_raw",11,"auto",1942.72508099986,4171.75427792782,45019.2038282102,-557.417830873276,3,TRUE
"fremtpl2_severity_raw",11,"auto-weak",705.132429208236,2951.26297609853,45042.9423718391,-2508.72700808904,3,TRUE
"fremtpl2_severity_raw",11,"WPMM2",725.462570396138,2998.27063729651,45052.9193191336,-2663.016679626,3,TRUE
"fremtpl2_severity_raw",11,"WPMM3",708.237672570271,2959.14156967523,45044.1482462777,-2532.49446442785,3,TRUE
"fremtpl2_severity_raw",11,"LSE",2090.69199997846,4115.01472584845,44974.9122323853,-519.259952003243,3,TRUE
"fremtpl2_severity_raw",11,"ridge-LSE",2053.20611193546,4291.53926619881,44981.7095196611,-582.337209116301,3,TRUE
"fremtpl2_severity_raw",11,"Huber",726.516390969733,2979.01970265373,45041.8708126646,-2418.08785878118,3,TRUE
"fremtpl2_severity_raw",11,"L1",712.736687822745,2937.74133770138,45041.2591210559,-2412.23400877996,3,TRUE
"fremtpl2_severity_raw",12,"auto",1289.0962389387,2257.8008041579,12136.6583509666,-382.10565991794,3,TRUE
"fremtpl2_severity_raw",12,"auto-weak",712.362862787704,1809.90273450036,12131.488396024,-1394.07555340998,3,TRUE
"fremtpl2_severity_raw",12,"WPMM2",733.728640213756,1855.11563595776,12144.0975502014,-1514.29506233382,3,TRUE
"fremtpl2_severity_raw",12,"WPMM3",715.04337630631,1813.91274277206,12131.0047708505,-1390.32827104434,3,TRUE
"fremtpl2_severity_raw",12,"LSE",1939.45465246131,4031.92921704909,14036.3319835574,670.979435104904,3,TRUE
"fremtpl2_severity_raw",12,"ridge-LSE",1345.91890543261,2540.14660551735,12229.5491162844,-38.4259406038433,3,TRUE
"fremtpl2_severity_raw",12,"Huber",710.871506734984,1803.7186795309,12122.8542756976,-1334.10867954354,3,TRUE
"fremtpl2_severity_raw",12,"L1",715.681880716291,1787.36354493562,12118.4990817925,-1290.51572422439,3,TRUE
"fremtpl2_severity_raw",13,"auto",1771.20600039671,5623.42074146397,64817.7816597313,-886.966862641521,3,TRUE
"fremtpl2_severity_raw",13,"auto-weak",691.638587890813,3891.2930222381,60599.3304660448,-3434.26227462036,3,TRUE
"fremtpl2_severity_raw",13,"WPMM2",705.5661316459,3929.62654774665,60604.3175883001,-3534.1095162731,3,TRUE
"fremtpl2_severity_raw",13,"WPMM3",698.058981752998,3897.20695817083,60598.6647555803,-3433.63466164572,3,TRUE
"fremtpl2_severity_raw",13,"LSE",1697.75432789935,4760.66725658147,60503.2594511869,-1848.88952797188,3,TRUE
"fremtpl2_severity_raw",13,"ridge-LSE",1574.69162282422,4668.96978242139,60506.1518906034,-2079.50952762648,3,TRUE
"fremtpl2_severity_raw",13,"Huber",699.562299489592,3895.5040184805,60590.9098672319,-3368.05134623027,3,TRUE
"fremtpl2_severity_raw",13,"L1",700.200967465476,3877.97365726757,60596.7148185472,-3344.98567856248,3,TRUE
"fremtpl2_severity_raw",14,"auto",2070.79165727925,4266.10928399086,45540.7587206347,-840.638922383897,3,TRUE
"fremtpl2_severity_raw",14,"auto-weak",669.33988508719,3095.90589888295,45657.3083398445,-2689.20879303721,3,TRUE
"fremtpl2_severity_raw",14,"WPMM2",693.678842936408,3147.58761994676,45662.9397380423,-2805.73069097868,3,TRUE
"fremtpl2_severity_raw",14,"WPMM3",677.367206420735,3110.98519354928,45659.8865779009,-2699.82610969345,3,TRUE
"fremtpl2_severity_raw",14,"LSE",2298.35709823942,4499.57162138756,45570.2334354584,-379.178013880241,3,TRUE
"fremtpl2_severity_raw",14,"ridge-LSE",1313.259083221,3741.61639676738,45684.6674421287,-1427.90924681435,3,TRUE
"fremtpl2_severity_raw",14,"Huber",677.265701928662,3095.01626583678,45650.4156374879,-2602.74669270346,3,TRUE
"fremtpl2_severity_raw",14,"L1",675.528638929418,3101.0284252336,45663.0722408071,-2621.42510142856,3,TRUE
"fremtpl2_severity_raw",15,"auto",3914.89230980673,9384.1937634956,74471.1536827648,5456.15761944194,3,TRUE
"fremtpl2_severity_raw",15,"auto-weak",656.419232042076,1579.54509046,8090.65921786251,-1111.02009700596,3,TRUE
"fremtpl2_severity_raw",15,"WPMM2",665.739633163974,1619.06968153103,8116.95686315517,-1258.6776634455,3,TRUE
"fremtpl2_severity_raw",15,"WPMM3",659.02759107525,1585.65297702741,8091.65206208387,-1125.00873369646,3,TRUE
"fremtpl2_severity_raw",15,"LSE",2038.85684047364,5015.82181366253,18810.3986491066,2257.27073632411,3,TRUE
"fremtpl2_severity_raw",15,"ridge-LSE",1954.30499461524,4752.37119486634,27636.7896815787,2489.12531477373,3,TRUE
"fremtpl2_severity_raw",15,"Huber",669.203914427924,1585.94537579802,8082.75414635126,-1062.3989084614,3,TRUE
"fremtpl2_severity_raw",15,"L1",666.034902083018,1578.28903396017,8102.38356591596,-1048.35459801169,3,TRUE
"fremtpl2_severity_raw",16,"auto",2909.42415552526,4041.318773514,13321.2150553675,1417.05488859691,3,TRUE
"fremtpl2_severity_raw",16,"auto-weak",643.823020453279,2025.23023040028,13316.5820411755,-1594.02488530036,3,TRUE
"fremtpl2_severity_raw",16,"WPMM2",654.431468577109,2059.39007889421,13330.8971203954,-1705.40520725559,3,TRUE
"fremtpl2_severity_raw",16,"WPMM3",646.832289529335,2022.20806594197,13310.9447292681,-1570.02946361924,3,TRUE
"fremtpl2_severity_raw",16,"LSE",3047.7069945916,5273.61732856901,17008.6063735106,-267.149524776396,3,TRUE
"fremtpl2_severity_raw",16,"ridge-LSE",1484.77320612162,3579.23779057491,14957.3149660765,373.857328024493,3,TRUE
"fremtpl2_severity_raw",16,"Huber",652.10122907474,2023.35814087429,13303.504217301,-1519.85431294155,3,TRUE
"fremtpl2_severity_raw",16,"L1",654.234363054024,2004.69124132639,13306.3175016088,-1490.21375266802,3,TRUE
"fremtpl2_severity_raw",17,"auto",1424.80049998682,4944.45876339146,61190.4875061313,-2501.31087805096,3,TRUE
"fremtpl2_severity_raw",17,"auto-weak",683.198092440583,4246.41555664755,61213.6802124646,-3838.08044194569,3,TRUE
"fremtpl2_severity_raw",17,"WPMM2",694.329131447483,4274.41159979419,61218.5369336025,-3921.69718928798,3,TRUE
"fremtpl2_severity_raw",17,"WPMM3",684.798323998078,4248.7871492649,61217.4428575122,-3834.96878138726,3,TRUE
"fremtpl2_severity_raw",17,"LSE",1297.11265992616,4868.47870977972,61163.6725095992,-2598.61250466839,3,TRUE
"fremtpl2_severity_raw",17,"ridge-LSE",1629.51237574741,5072.59689363573,61096.704558529,-2364.60803655013,3,TRUE
"fremtpl2_severity_raw",17,"Huber",691.15281090458,4240.13588975095,61207.5687690046,-3719.0445003954,3,TRUE
"fremtpl2_severity_raw",17,"L1",685.080088582894,4221.21365379833,61209.6499607034,-3716.62873253418,3,TRUE
"fremtpl2_severity_raw",18,"auto",2121.51346241181,4557.25980778924,45652.9900049894,-778.287289983933,3,TRUE
"fremtpl2_severity_raw",18,"auto-weak",685.00248939284,3306.78615812262,45747.7448596891,-2849.54728231086,3,TRUE
"fremtpl2_severity_raw",18,"WPMM2",687.454778310823,3331.32168616741,45759.8687949396,-2967.7785360448,3,TRUE
"fremtpl2_severity_raw",18,"WPMM3",680.150806623661,3299.18260635475,45756.6965857676,-2864.27123595847,3,TRUE
"fremtpl2_severity_raw",18,"LSE",2187.30552800947,4597.27597749373,45682.2391848399,-698.576945686932,3,TRUE
"fremtpl2_severity_raw",18,"ridge-LSE",2135.04443912491,4726.74823759289,45695.2390680174,-875.966447798626,3,TRUE
"fremtpl2_severity_raw",18,"Huber",687.584146462382,3298.61010031741,45745.9628478542,-2779.08997428972,3,TRUE
"fremtpl2_severity_raw",18,"L1",688.780510863967,3280.83176730466,45750.3650954234,-2756.48758714608,3,TRUE
"fremtpl2_severity_raw",19,"auto",1447.05193428778,3903.12219368789,42435.7383173133,-1471.49931925769,3,TRUE
"fremtpl2_severity_raw",19,"auto-weak",693.701985720745,3187.04197371584,42509.0547624629,-2798.54982674231,3,TRUE
"fremtpl2_severity_raw",19,"WPMM2",710.780908011086,3225.06384720314,42514.004618573,-2907.01213575345,3,TRUE
"fremtpl2_severity_raw",19,"WPMM3",691.90550258203,3182.37170292585,42508.5395182913,-2782.47671082222,3,TRUE
"fremtpl2_severity_raw",19,"LSE",2303.12109041009,4585.59371599863,42405.1623063951,-442.579192514195,3,TRUE
"fremtpl2_severity_raw",19,"ridge-LSE",2047.60911303961,4250.97503600416,42366.3478050291,-871.99394808817,3,TRUE
"fremtpl2_severity_raw",19,"Huber",691.511659408941,3181.54124249981,42497.7655226652,-2708.97518532988,3,TRUE
"fremtpl2_severity_raw",19,"L1",694.038361034191,3163.71635284994,42501.5958792665,-2685.36044273482,3,TRUE
"fremtpl2_severity_raw",20,"auto",2531.11300875593,4281.90771624473,44613.9412604117,473.181632366437,3,TRUE
"fremtpl2_severity_raw",20,"auto-weak",624.613940372517,2558.91991777131,44666.9307679599,-2117.74651517976,3,TRUE
"fremtpl2_severity_raw",20,"WPMM2",629.979052898284,2592.62890522521,44673.6096051869,-2228.17378660933,3,TRUE
"fremtpl2_severity_raw",20,"WPMM3",623.83715280477,2567.29206734128,44669.5597496369,-2140.51164634068,3,TRUE
"fremtpl2_severity_raw",20,"LSE",2161.04928135695,3974.91616796359,44659.4448205193,1.14710849889867,3,TRUE
"fremtpl2_severity_raw",20,"ridge-LSE",2281.22928389393,3945.8436967252,44594.1339811388,98.7547300831564,3,TRUE
"fremtpl2_severity_raw",20,"Huber",634.888168837621,2560.13204902628,44659.7436886537,-2040.24258923915,3,TRUE
"fremtpl2_severity_raw",20,"L1",637.232126222067,2542.99375829148,44665.792380309,-2023.90038533791,3,TRUE
"fremtpl2_severity_raw",21,"auto",1155.18420473316,3573.8054251142,42560.3733336424,-1825.07297836951,3,TRUE
"fremtpl2_severity_raw",21,"auto-weak",743.78210398869,3210.75709774505,42654.1496648436,-2716.40992300513,3,TRUE
"fremtpl2_severity_raw",21,"WPMM2",744.414670847052,3235.65375686285,42659.4154192975,-2854.59374257639,3,TRUE
"fremtpl2_severity_raw",21,"WPMM3",733.417999714812,3317.51818181465,42805.5627070825,-2858.63059866583,3,TRUE
"fremtpl2_severity_raw",21,"LSE",2339.01420020782,4670.05244799171,43022.2802689834,-846.05537532822,3,TRUE
"fremtpl2_severity_raw",21,"ridge-LSE",2367.7599937646,5043.81224968404,45658.7887989065,36.3539668425592,3,TRUE
"fremtpl2_severity_raw",21,"Huber",733.930077961532,3198.85484005106,42639.6847476149,-2637.3037524091,3,TRUE
"fremtpl2_severity_raw",21,"L1",738.287103722869,3181.2703617337,42650.0088457968,-2654.11673149306,3,TRUE
"fremtpl2_severity_raw",22,"auto",1604.59374569252,3298.18629475357,12609.315040453,708.063077177678,3,TRUE
"fremtpl2_severity_raw",22,"auto-weak",683.665318781262,1636.35923603226,10854.8438751317,-1200.5342702979,3,TRUE
"fremtpl2_severity_raw",22,"WPMM2",695.07439770968,1667.30074679898,10871.5114281842,-1314.62826924663,3,TRUE
"fremtpl2_severity_raw",22,"WPMM3",685.477578714428,1640.18924875564,10850.0193700823,-1209.04382768507,3,TRUE
"fremtpl2_severity_raw",22,"LSE",2915.51020552642,3599.81567970468,10944.682840149,1802.22629070459,3,TRUE
"fremtpl2_severity_raw",22,"ridge-LSE",1669.36826983366,3215.62984749624,12226.3812749802,881.888890358692,3,TRUE
"fremtpl2_severity_raw",22,"Huber",703.241752288854,1659.86520083509,10858.1245362951,-1116.34603466022,3,TRUE
"fremtpl2_severity_raw",22,"L1",682.218415023579,1611.43184138743,10847.0898502595,-1114.39355475366,3,TRUE
"fremtpl2_severity_raw",23,"auto",1642.47951555357,4060.23204827004,16123.1821765505,297.148647778411,3,TRUE
"fremtpl2_severity_raw",23,"auto-weak",684.680848664143,2333.36838458252,15046.4101541353,-1882.20011777732,3,TRUE
"fremtpl2_severity_raw",23,"WPMM2",695.722811593801,2370.96260363926,15059.9297385784,-2011.05073660371,3,TRUE
"fremtpl2_severity_raw",23,"WPMM3",687.737176553917,2334.20491700882,15045.5055006536,-1873.09980039348,3,TRUE
"fremtpl2_severity_raw",23,"LSE",2384.32995717734,4652.21455464796,16370.2495264279,73.2963435724567,3,TRUE
"fremtpl2_severity_raw",23,"ridge-LSE",2104.78283450014,4592.64346702547,16846.036184886,220.258775742522,3,TRUE
"fremtpl2_severity_raw",23,"Huber",703.443861156369,2339.89915403763,15029.1418771495,-1783.20811186277,3,TRUE
"fremtpl2_severity_raw",23,"L1",692.913990502337,2314.36074756123,15033.4390288047,-1788.39063585418,3,TRUE
"fremtpl2_severity_raw",24,"auto",2262.11689018007,4230.64089583187,45226.7906748036,-175.676788150706,3,TRUE
"fremtpl2_severity_raw",24,"auto-weak",677.730585842888,2866.11388892538,45295.6829935004,-2418.07471111735,3,TRUE
"fremtpl2_severity_raw",24,"WPMM2",692.139085820053,2904.41263903508,45301.7144628417,-2546.23483768486,3,TRUE
"fremtpl2_severity_raw",24,"WPMM3",677.425218127189,2865.390032523,45296.5689199592,-2433.81836720218,3,TRUE
"fremtpl2_severity_raw",24,"LSE",1635.82231613753,3877.94093057772,45208.5011266469,-741.099085947079,3,TRUE
"fremtpl2_severity_raw",24,"ridge-LSE",2375.6889332246,4201.78271650529,45204.3431416889,-166.746743459993,3,TRUE
"fremtpl2_severity_raw",24,"Huber",680.879066611081,2861.42094098559,45288.7690929446,-2350.13281915265,3,TRUE
"fremtpl2_severity_raw",24,"L1",682.670841352071,2846.86623350964,45292.0342597519,-2333.27005897681,3,TRUE
"fremtpl2_severity_raw",25,"auto",3098.65314604088,5064.99991864872,14438.6072547902,637.068156905259,3,TRUE
"fremtpl2_severity_raw",25,"auto-weak",686.27002101391,1803.23184636114,11162.0337327041,-1372.83451007855,3,TRUE
"fremtpl2_severity_raw",25,"WPMM2",698.851411822855,1838.38552380051,11174.8319194634,-1467.93328851328,3,TRUE
"fremtpl2_severity_raw",25,"WPMM3",687.800626594806,1803.54170703334,11161.5250327589,-1364.14048289461,3,TRUE
"fremtpl2_severity_raw",25,"LSE",2293.28046964567,4470.14188902365,15204.3044071857,873.426126243076,3,TRUE
"fremtpl2_severity_raw",25,"ridge-LSE",1361.9344910465,2449.16911449264,11177.0780763257,-123.583998548366,3,TRUE
"fremtpl2_severity_raw",25,"Huber",694.559052846304,1799.41866873994,11148.2104918121,-1260.65381188003,3,TRUE
"fremtpl2_severity_raw",25,"L1",692.480082791252,1773.41104212011,11147.0122877011,-1247.9925767286,3,TRUE
"fremtpl2_severity_raw",26,"auto",2165.6822067611,4250.65453544819,44904.3344191752,-518.451129251488,3,TRUE
"fremtpl2_severity_raw",26,"auto-weak",732.393102651732,3050.0701273925,44983.0877931191,-2621.66748954102,3,TRUE
"fremtpl2_severity_raw",26,"WPMM2",749.266410793892,3086.08722147483,44986.6795306388,-2732.97748754541,3,TRUE
"fremtpl2_severity_raw",26,"WPMM3",730.844683608843,3047.84941010066,44982.4348943737,-2613.56553549204,3,TRUE
"fremtpl2_severity_raw",26,"LSE",1419.46727227174,3688.03350649757,44898.2804554775,-1444.26937292955,3,TRUE
"fremtpl2_severity_raw",26,"ridge-LSE",1985.93759700028,4106.8852834703,44919.8253692087,-844.786697201598,3,TRUE
"fremtpl2_severity_raw",26,"Huber",748.136101171502,3052.13079184049,44977.1295323356,-2523.38741170096,3,TRUE
"fremtpl2_severity_raw",26,"L1",742.785609874957,3035.3944458662,44978.1834755408,-2507.54165359589,3,TRUE
"fremtpl2_severity_raw",27,"auto",2409.45415049161,3206.8196819641,9465.26900056402,1345.36635748786,3,TRUE
"fremtpl2_severity_raw",27,"auto-weak",648.410266487322,1614.99815077625,9415.87255272946,-1191.82900253713,3,TRUE
"fremtpl2_severity_raw",27,"WPMM2",660.399690119381,1655.27364903686,9433.94527451732,-1287.09138474963,3,TRUE
"fremtpl2_severity_raw",27,"WPMM3",645.467588140493,1614.0126261308,9416.71842729855,-1179.78488100209,3,TRUE
"fremtpl2_severity_raw",27,"LSE",2978.26195759918,3622.23973610293,9563.80461656259,1691.54092622062,3,TRUE
"fremtpl2_severity_raw",27,"ridge-LSE",2395.21154557899,3996.47136074413,11365.9346805027,1078.34629779331,3,TRUE
"fremtpl2_severity_raw",27,"Huber",657.070430880823,1611.8030883504,9408.08061316078,-1110.09084370765,3,TRUE
"fremtpl2_severity_raw",27,"L1",653.847653846525,1596.18202242701,9407.60299278479,-1098.76945669731,3,TRUE
"fremtpl2_severity_raw",28,"auto",2224.80020357542,4382.35255655788,42294.9701850947,-291.116221576192,3,TRUE
"fremtpl2_severity_raw",28,"auto-weak",654.666842324223,3005.76506272663,42389.9296365875,-2562.922641762,3,TRUE
"fremtpl2_severity_raw",28,"WPMM2",668.598895343776,3048.01084932133,42401.1878839716,-2705.77423333419,3,TRUE
"fremtpl2_severity_raw",28,"WPMM3",653.864802997377,3010.03831196514,42393.3427025704,-2592.71831831567,3,TRUE
"fremtpl2_severity_raw",28,"LSE",2141.79295399445,4238.5558609144,42273.9060537953,-520.693200594808,3,TRUE
"fremtpl2_severity_raw",28,"ridge-LSE",2221.18952847296,4261.84846917628,42260.6523623272,-469.854626850928,3,TRUE
"fremtpl2_severity_raw",28,"Huber",663.751417271384,3001.21736845239,42384.3098602616,-2476.13595328339,3,TRUE
"fremtpl2_severity_raw",28,"L1",661.734931731326,2984.48514158067,42389.3399507986,-2479.50620920026,3,TRUE
"fremtpl2_severity_raw",29,"auto",2699.76264432222,3450.01233962446,10809.4112292472,1743.5038946735,3,TRUE
"fremtpl2_severity_raw",29,"auto-weak",620.530360095383,1545.53469795741,10686.6432611844,-1080.11224812631,3,TRUE
"fremtpl2_severity_raw",29,"WPMM2",620.544499954037,1578.72657697259,10693.5505576951,-1202.86955878649,3,TRUE
"fremtpl2_severity_raw",29,"WPMM3",619.699821015055,1553.08628511804,10691.34439004,-1105.32199412701,3,TRUE
"fremtpl2_severity_raw",29,"LSE",2261.26797779818,3796.07828665331,12083.2621861129,1101.1201380554,3,TRUE
"fremtpl2_severity_raw",29,"ridge-LSE",2663.24965833788,3363.71998658401,10753.8078215777,1619.66472126872,3,TRUE
"fremtpl2_severity_raw",29,"Huber",648.187461508056,1549.86171333008,10676.6665923939,-968.207610929541,3,TRUE
"fremtpl2_severity_raw",29,"L1",636.631260574866,1527.84181925903,10675.1487914488,-981.429623133098,3,TRUE
"fremtpl2_severity_raw",30,"auto",1559.54559547891,3726.45486852532,14860.5293030141,-284.55567981093,3,TRUE
"fremtpl2_severity_raw",30,"auto-weak",659.77894700665,2292.95832804375,13352.9327524547,-1852.61563138639,3,TRUE
"fremtpl2_severity_raw",30,"WPMM2",664.357384220149,2320.0310020986,13368.6204474655,-1963.0089030571,3,TRUE
"fremtpl2_severity_raw",30,"WPMM3",655.379525830017,2288.20718135975,13354.7559591673,-1868.24024443482,3,TRUE
"fremtpl2_severity_raw",30,"LSE",1152.76160044864,2656.16176909818,13190.2505878118,-897.847126278954,3,TRUE
"fremtpl2_severity_raw",30,"ridge-LSE",2621.06919776657,3967.65579678793,13252.8614703495,781.016627437133,3,TRUE
"fremtpl2_severity_raw",30,"Huber",659.803330757194,2281.5640994247,13349.533419649,-1793.32240611667,3,TRUE
"fremtpl2_severity_raw",30,"L1",665.779088443192,2263.84364369731,13343.2030852308,-1754.65633951766,3,TRUE
"insurance_autobi_loss",1,"auto",2.42561274422202,5.19330335773962,19.7490891364879,-1.94930659962819,3,TRUE
"insurance_autobi_loss",1,"auto-weak",1.67391792804888,4.76869936431695,20.1712893105913,-3.77182955497503,3,TRUE
"insurance_autobi_loss",1,"WPMM2",1.77285150060138,4.88715734155417,20.262504929898,-3.74543370114177,3,TRUE
"insurance_autobi_loss",1,"WPMM3",1.6847034402256,4.7577431100497,20.158494189243,-3.79424786255985,3,TRUE
"insurance_autobi_loss",1,"LSE",3.60625119004839,5.86318772600818,19.4732978066671,-0.65208139474949,3,TRUE
"insurance_autobi_loss",1,"ridge-LSE",3.76389701133143,5.99156397277234,19.4980949089194,-0.556889171701308,3,TRUE
"insurance_autobi_loss",1,"Huber",1.69714262236403,4.71054492526762,20.0263033647018,-3.45633733928438,3,TRUE
"insurance_autobi_loss",1,"L1",1.75095848251034,4.78662666525099,20.1487632326289,-3.8346413911342,3,TRUE
"insurance_autobi_loss",2,"auto",2.77511062581251,5.46296524139329,18.7390870798131,-0.53638147293287,3,TRUE
"insurance_autobi_loss",2,"auto-weak",1.63062603200097,4.39557486067823,18.647635371242,-3.29217482796022,3,TRUE
"insurance_autobi_loss",2,"WPMM2",1.70618940096298,4.42812585182217,18.7304916596997,-3.67938717850134,3,TRUE
"insurance_autobi_loss",2,"WPMM3",1.65296803473801,4.39290259733568,18.643453247766,-3.35018515537822,3,TRUE
"insurance_autobi_loss",2,"LSE",3.87421704140319,5.94408491305847,18.4852818088096,0.0258740268880721,3,TRUE
"insurance_autobi_loss",2,"ridge-LSE",3.68224621652528,5.7524019165712,18.2000808743828,-0.433517770405107,3,TRUE
"insurance_autobi_loss",2,"Huber",1.77809940259265,4.43032019947289,18.4732710928282,-2.87512611677868,3,TRUE
"insurance_autobi_loss",2,"L1",1.82172172606856,4.46619930482367,18.5684609623964,-3.06421106424784,3,TRUE
"insurance_autobi_loss",3,"auto",2.84719402032218,5.3974281866553,19.2638368690074,-0.780614238911212,3,TRUE
"insurance_autobi_loss",3,"auto-weak",1.40620016231748,4.3608189209366,19.7635715955939,-3.3976281115535,3,TRUE
"insurance_autobi_loss",3,"WPMM2",1.44068333735643,4.38521418726755,19.7993014077139,-3.58254431965078,3,TRUE
"insurance_autobi_loss",3,"WPMM3",1.44180924581961,4.38088277241321,19.7070417318706,-3.21573345167517,3,TRUE
"insurance_autobi_loss",3,"LSE",3.65239661887317,5.8869067016902,19.2668603307365,-0.428792216579126,3,TRUE
"insurance_autobi_loss",3,"ridge-LSE",3.72213192001425,5.87779408595803,19.2892169244601,-0.54941379722797,3,TRUE
"insurance_autobi_loss",3,"Huber",1.57324746383747,4.4403438671613,19.4503330609414,-2.99984606259359,3,TRUE
"insurance_autobi_loss",3,"L1",1.47624438925599,4.37272960711919,19.6772621972345,-3.27474127355524,3,TRUE
"insurance_autobi_loss",4,"auto",3.71034432650285,5.75017801648369,15.8202897740164,-0.071230230523739,3,TRUE
"insurance_autobi_loss",4,"auto-weak",2.21436509232667,4.80985653002943,16.4738043930779,-2.74678604467464,3,TRUE
"insurance_autobi_loss",4,"WPMM2",2.13404873837776,4.57511191245914,16.3612779463396,-3.18528577534355,3,TRUE
"insurance_autobi_loss",4,"WPMM3",1.96415992194268,4.45126322231609,16.3151511341738,-3.28797576062666,3,TRUE
"insurance_autobi_loss",4,"LSE",3.62735085604222,5.4600207942061,15.8326362578657,-0.760698547052444,3,TRUE
"insurance_autobi_loss",4,"ridge-LSE",3.43516239918141,5.73581547951413,16.1577563846628,-0.237479421568994,3,TRUE
"insurance_autobi_loss",4,"Huber",1.96236399484102,4.43768730770351,16.2119397134085,-2.97710349027346,3,TRUE
"insurance_autobi_loss",4,"L1",1.93356542967423,4.36088284630205,16.2215221270722,-3.30574942922394,3,TRUE
"insurance_autobi_loss",5,"auto",3.14343126370275,4.81801117679401,13.8091076877679,0.612839416071237,3,TRUE
"insurance_autobi_loss",5,"auto-weak",1.41806460684941,3.53324820846554,14.4588214484879,-2.52658564872611,3,TRUE
"insurance_autobi_loss",5,"WPMM2",1.45569353964439,3.58283891368714,14.5803312347825,-3.00162208891173,3,TRUE
"insurance_autobi_loss",5,"WPMM3",1.43177824694645,3.54212309186626,14.4832317351648,-2.51476514163371,3,TRUE
"insurance_autobi_loss",5,"LSE",3.60521393926289,4.95612432496775,14.1615932634657,0.544738519220714,3,TRUE
"insurance_autobi_loss",5,"ridge-LSE",3.63700487926599,4.98496352867806,14.2510562422794,0.37667872242569,3,TRUE
"insurance_autobi_loss",5,"Huber",1.46549052518428,3.52619742897558,14.1718163420192,-2.2496034967707,3,TRUE
"insurance_autobi_loss",5,"L1",1.48355882799765,3.54721315550987,14.4410006718703,-2.50993958135251,3,TRUE
"insurance_autobi_loss",6,"auto",3.71280752072963,5.33286255733544,14.5842632997061,-0.0557090970360694,3,TRUE
"insurance_autobi_loss",6,"auto-weak",1.54592065941364,4.03079375562569,15.1803535570161,-2.49353882507369,3,TRUE
"insurance_autobi_loss",6,"WPMM2",1.52329580956659,3.85363229012309,15.050588512904,-2.92302803745437,3,TRUE
"insurance_autobi_loss",6,"WPMM3",1.63292734368908,4.13773523972253,15.2548063046454,-2.46561518241552,3,TRUE
"insurance_autobi_loss",6,"LSE",4.3702970617041,5.65789591557687,14.4826346023017,0.863999801727271,3,TRUE
"insurance_autobi_loss",6,"ridge-LSE",4.24582667865605,5.6363281293314,14.4864414000963,0.61776244131178,3,TRUE
"insurance_autobi_loss",6,"Huber",1.67775212936904,3.97908896169639,14.9023442822947,-2.2058061925398,3,TRUE
"insurance_autobi_loss",6,"L1",1.64550237743014,3.88661012745639,14.941172167293,-2.63868402842036,3,TRUE
"insurance_autobi_loss",7,"auto",3.4769548986066,5.46318175905313,12.3051260278497,-0.0996569072988643,3,TRUE
"insurance_autobi_loss",7,"auto-weak",1.84642832837475,4.4019507062045,13.8547355584284,-3.43473210889139,3,TRUE
"insurance_autobi_loss",7,"WPMM2",1.90365710145205,4.43494839154314,13.9331829476391,-3.70137186799861,3,TRUE
"insurance_autobi_loss",7,"WPMM3",1.81729062160539,4.37257772435862,13.7969270849208,-3.29897788353209,3,TRUE
"insurance_autobi_loss",7,"LSE",4.24251164942122,5.74032171273263,13.0456662154584,0.0468390026081601,3,TRUE
"insurance_autobi_loss",7,"ridge-LSE",4.43681795426608,5.8922698843795,13.0871606495786,0.246444341531731,3,TRUE
"insurance_autobi_loss",7,"Huber",1.79550894159423,4.3656863268606,13.7140317981854,-3.0559788186588,3,TRUE
"insurance_autobi_loss",7,"L1",1.93573079887241,4.37906785700057,13.4598918971731,-3.30095448276742,3,TRUE
"insurance_autobi_loss",8,"auto",3.19051426055065,5.70042992061648,21.1436554515757,-0.0799008378187567,3,TRUE
"insurance_autobi_loss",8,"auto-weak",1.53432369397986,4.29980426056242,21.4703018258951,-3.11373563434378,3,TRUE
"insurance_autobi_loss",8,"WPMM2",1.46811561733161,4.3059272944085,21.5693324212171,-3.48405416280096,3,TRUE
"insurance_autobi_loss",8,"WPMM3",1.4595067639194,4.28495501019558,21.510431117369,-3.25587250453062,3,TRUE
"insurance_autobi_loss",8,"LSE",3.88348026179295,5.87615323172268,21.1187670877514,0.00942517578960503,3,TRUE
"insurance_autobi_loss",8,"ridge-LSE",2.86351262602078,6.21021423240884,23.7212906497779,0.151400678355863,3,TRUE
"insurance_autobi_loss",8,"Huber",1.6434930321598,4.39061897603834,21.3809110466417,-2.66108844941902,3,TRUE
"insurance_autobi_loss",8,"L1",1.59929860867901,4.35615620718225,21.5266296591773,-3.25563096597833,3,TRUE
"insurance_autobi_loss",9,"auto",3.8063516035408,5.73338469919228,18.0355131853361,-0.330748756957346,3,TRUE
"insurance_autobi_loss",9,"auto-weak",1.69275229960012,4.3183484937123,18.5021202502163,-3.39716351161811,3,TRUE
"insurance_autobi_loss",9,"WPMM2",1.73219169002816,4.36040756478313,18.5861949866296,-3.6940636246255,3,TRUE
"insurance_autobi_loss",9,"WPMM3",1.66417533382193,4.31631493831559,18.4735305303619,-3.30238097706658,3,TRUE
"insurance_autobi_loss",9,"LSE",3.71173958080001,5.61155604685056,18.0089681491892,-0.316668650706163,3,TRUE
"insurance_autobi_loss",9,"ridge-LSE",3.45312067763646,5.40833347982899,17.9896561166171,-0.638348570700536,3,TRUE
"insurance_autobi_loss",9,"Huber",1.74005632721889,4.33762589424582,18.3784592600941,-2.97900409306017,3,TRUE
"insurance_autobi_loss",9,"L1",1.6843651541757,4.3065441767414,18.4557186994197,-3.33427889760814,3,TRUE
"insurance_autobi_loss",10,"auto",3.12601410192714,4.87570241832938,14.7700152034322,0.0671492047632728,3,TRUE
"insurance_autobi_loss",10,"auto-weak",1.70750146177461,3.95302007445082,15.4112743301636,-3.08208150887325,3,TRUE
"insurance_autobi_loss",10,"WPMM2",1.77182092855525,4.00724005349734,15.4528329950194,-3.25525282575535,3,TRUE
"insurance_autobi_loss",10,"WPMM3",1.67647851339112,3.9263906582289,15.3426263088023,-2.90065145774924,3,TRUE
"insurance_autobi_loss",10,"LSE",3.95228785883532,5.19655866083761,14.9102915029058,0.48948685417692,3,TRUE
"insurance_autobi_loss",10,"ridge-LSE",4.1283464169858,5.30594013461632,14.804305868729,0.725454691444125,3,TRUE
"insurance_autobi_loss",10,"Huber",1.70912702406841,3.90019997111125,15.246179079021,-2.61890948764427,3,TRUE
"insurance_autobi_loss",10,"L1",1.75402375580327,3.85802744582029,15.1061544291163,-2.53702700087542,3,TRUE
"insurance_autobi_loss",11,"auto",3.1012320409436,6.30007551222178,18.9911368548584,-2.73633130203693,3,TRUE
"insurance_autobi_loss",11,"auto-weak",1.88679589953194,5.60847600841784,19.5857919199305,-4.80206504570468,3,TRUE
"insurance_autobi_loss",11,"WPMM2",2.12721000296663,5.79052279168836,19.7100157463235,-5.0421674026455,3,TRUE
"insurance_autobi_loss",11,"WPMM3",1.89208837535065,5.63155919057524,19.5568446234633,-4.65411816537554,3,TRUE
"insurance_autobi_loss",11,"LSE",3.51264381555405,6.52407537847442,18.846749511442,-2.40140166305089,3,TRUE
"insurance_autobi_loss",11,"ridge-LSE",2.94036604895916,6.30017143116683,18.9937322731034,-2.9840793145845,3,TRUE
"insurance_autobi_loss",11,"Huber",1.87932844391323,5.63798748285769,19.4886625834316,-4.35724542138398,3,TRUE
"insurance_autobi_loss",11,"L1",1.95873497283137,5.62634266562166,19.5190067974572,-4.79127306296956,3,TRUE
"insurance_autobi_loss",12,"auto",3.62388277474271,4.4921856845581,8.81261051124405,1.84977753191675,3,TRUE
"insurance_autobi_loss",12,"auto-weak",1.5276942565285,2.71392545069361,8.63441477522284,-1.48681391872788,3,TRUE
"insurance_autobi_loss",12,"WPMM2",1.52728996298123,2.704455831648,8.68610042823389,-1.73350722068851,3,TRUE
"insurance_autobi_loss",12,"WPMM3",1.55496958364661,2.81799920664343,8.31399372321466,-1.18660660435368,3,TRUE
"insurance_autobi_loss",12,"LSE",4.39515565269467,4.8661429268244,9.01570156855797,1.82664997576981,3,TRUE
"insurance_autobi_loss",12,"ridge-LSE",3.64736131408595,4.27726896468411,8.69565990637012,1.58487970246199,3,TRUE
"insurance_autobi_loss",12,"Huber",1.65491946163683,3.00190344064616,9.0562146554099,-0.83116191897323,3,TRUE
"insurance_autobi_loss",12,"L1",1.63832076999271,2.72817370545423,8.58166174290242,-1.37488803125245,3,TRUE
"insurance_autobi_loss",13,"auto",3.40554373507328,6.43104869282394,19.3607414546783,-1.17208702820371,3,TRUE
"insurance_autobi_loss",13,"auto-weak",1.6577941773041,5.22200659623626,19.8926978883556,-4.17110486738618,3,TRUE
"insurance_autobi_loss",13,"WPMM2",1.70925835152155,5.2351529334322,19.9533114453394,-4.45835312908063,3,TRUE
"insurance_autobi_loss",13,"WPMM3",1.75824312913106,5.2532509904909,19.8752801756243,-4.07874903300304,3,TRUE
"insurance_autobi_loss",13,"LSE",3.89765965276689,6.59218023603381,19.2614456222384,-1.3564674662639,3,TRUE
"insurance_autobi_loss",13,"ridge-LSE",3.47058900371423,6.38740109587864,19.3776808957318,-1.86398295511608,3,TRUE
"insurance_autobi_loss",13,"Huber",1.82222093350334,5.28889765026961,19.7586974216855,-3.72505285672992,3,TRUE
"insurance_autobi_loss",13,"L1",1.80557328635064,5.25814040970394,19.7842217040874,-4.0759014775564,3,TRUE
"insurance_autobi_loss",14,"auto",3.96563033909353,5.55729462442673,19.1954598431408,0.382594717020071,3,TRUE
"insurance_autobi_loss",14,"auto-weak",1.51204699782822,3.866010539417,19.4666485209105,-2.75142113051944,3,TRUE
"insurance_autobi_loss",14,"WPMM2",1.4730653603614,3.84635716617613,19.5243381694884,-3.10924127582055,3,TRUE
"insurance_autobi_loss",14,"WPMM3",1.64034878234665,4.17486304833365,19.7019503466256,-2.57041571972132,3,TRUE
"insurance_autobi_loss",14,"LSE",2.94828830645242,5.08433044210164,19.4543447175062,-0.0902664277452297,3,TRUE
"insurance_autobi_loss",14,"ridge-LSE",3.46853653486229,5.26785638824363,19.2727916918197,0.217600257131,3,TRUE
"insurance_autobi_loss",14,"Huber",1.58842845937749,3.85927338317597,19.3742948618013,-2.39247079048361,3,TRUE
"insurance_autobi_loss",14,"L1",1.70237021064225,4.10189584415115,19.5761759689999,-2.67837618183868,3,TRUE
"insurance_autobi_loss",15,"auto",2.83354754573226,8.10149095145007,28.796005010089,-4.50917325271233,3,TRUE
"insurance_autobi_loss",15,"auto-weak",2.28114157119049,7.51414206292594,29.2512858492077,-6.48152545569672,3,TRUE
"insurance_autobi_loss",15,"WPMM2",2.3625491283793,7.58086838459418,29.3475016610817,-6.76422211746892,3,TRUE
"insurance_autobi_loss",15,"WPMM3",2.43404012357899,7.60321183086764,29.2484481598017,-6.43687491648877,3,TRUE
"insurance_autobi_loss",15,"LSE",2.71999633022329,7.83891171051163,28.6661626750302,-4.92061785025122,3,TRUE
"insurance_autobi_loss",15,"ridge-LSE",2.71754653166766,7.75648864037569,28.6165312782477,-4.99202551069543,3,TRUE
"insurance_autobi_loss",15,"Huber",2.2940011536461,7.52764466790127,29.1471812449271,-6.24608884255754,3,TRUE
"insurance_autobi_loss",15,"L1",2.42218451167271,7.54603050430692,29.2339553815245,-6.5072499586691,3,TRUE
"insurance_autobi_loss",16,"auto",3.63624731272469,6.04392360798456,20.8094284598313,-0.539818079775453,3,TRUE
"insurance_autobi_loss",16,"auto-weak",1.75328652727715,5.3604059248588,22.4576246057418,-2.74033528601971,3,TRUE
"insurance_autobi_loss",16,"WPMM2",1.59046203101656,4.6963849470112,21.4367591668372,-3.86286122517696,3,TRUE
"insurance_autobi_loss",16,"WPMM3",1.79668467273005,5.65253675493581,23.1746722311015,-2.13375516860243,3,TRUE
"insurance_autobi_loss",16,"LSE",3.51897929110465,6.01925059282084,20.9727377839114,-0.635734733056586,3,TRUE
"insurance_autobi_loss",16,"ridge-LSE",3.18715397368869,8.37398742515511,31.8794862421389,1.69301873880036,3,TRUE
"insurance_autobi_loss",16,"Huber",1.91865385435609,5.05921020256207,21.4431421408798,-3.12230947340722,3,TRUE
"insurance_autobi_loss",16,"L1",1.71803020606593,4.85936973789478,21.2730857457821,-3.18830085753911,3,TRUE
"insurance_autobi_loss",17,"auto",3.49700446546682,4.66648253464353,9.90622442325319,1.89718403277916,3,TRUE
"insurance_autobi_loss",17,"auto-weak",1.65374563327809,4.02517722083313,12.2016121105481,-0.503353218498775,3,TRUE
"insurance_autobi_loss",17,"WPMM2",1.48914900375452,2.95496162881845,9.53433807900668,-2.15808698821185,3,TRUE
"insurance_autobi_loss",17,"WPMM3",1.64646180846994,3.16940667787654,9.58421328195324,-1.53279345463241,3,TRUE
"insurance_autobi_loss",17,"LSE",4.90399600580427,5.48524598294871,10.056507011547,2.62102380434204,3,TRUE
"insurance_autobi_loss",17,"ridge-LSE",4.37135610237176,5.01367906927232,9.64303495143289,1.99697809248715,3,TRUE
"insurance_autobi_loss",17,"Huber",1.50737237706549,2.92372554795798,9.33301583643406,-1.54507893398909,3,TRUE
"insurance_autobi_loss",17,"L1",1.51553067752098,2.92032433865388,9.35003270008089,-1.65518748721511,3,TRUE
"insurance_autobi_loss",18,"auto",3.32743140429752,5.21344538458579,10.5307836282538,0.741981572758669,3,TRUE
"insurance_autobi_loss",18,"auto-weak",1.67014297903065,3.65236548834295,9.8983683780728,-2.4386846301567,3,TRUE
"insurance_autobi_loss",18,"WPMM2",1.72931258362896,3.6754738594262,10.0547356052954,-2.92897119951453,3,TRUE
"insurance_autobi_loss",18,"WPMM3",1.68998763599768,3.63672346039514,9.87259760995232,-2.51253014878718,3,TRUE
"insurance_autobi_loss",18,"LSE",4.01791382299182,5.16870557329908,9.80070785760477,0.36334663470984,3,TRUE
"insurance_autobi_loss",18,"ridge-LSE",3.59152963328341,4.79906078919179,9.71661397980573,0.154195121449874,3,TRUE
"insurance_autobi_loss",18,"Huber",1.80485610713645,8.21365106945174,74.3882741346854,-6.57664688171514,3,TRUE
"insurance_autobi_loss",18,"L1",1.85966204635926,4.03323003640801,11.0453196270781,-2.14970740385998,3,TRUE
"insurance_autobi_loss",19,"auto",3.66176857127517,5.34523301784663,13.5972534297738,0.33296234726713,3,TRUE
"insurance_autobi_loss",19,"auto-weak",1.4847054613126,3.82407568070141,14.0261736027766,-2.67931728020197,3,TRUE
"insurance_autobi_loss",19,"WPMM2",1.45695645876095,3.8332710742869,14.1236365193211,-3.01617243355279,3,TRUE
"insurance_autobi_loss",19,"WPMM3",1.45165111385273,3.81847320909398,14.0506321220509,-2.63708550930045,3,TRUE
"insurance_autobi_loss",19,"LSE",4.04986672108816,5.49532983374789,13.5665402069562,0.594966126672887,3,TRUE
"insurance_autobi_loss",19,"ridge-LSE",3.98802319295232,5.49325036205604,13.6217948945176,0.603340592953298,3,TRUE
"insurance_autobi_loss",19,"Huber",1.56772509035673,3.87159265941306,13.9370074971363,-2.28452646444301,3,TRUE
"insurance_autobi_loss",19,"L1",1.48641843073464,3.74980785713304,13.5297408113457,-2.46469671105883,3,TRUE
"insurance_autobi_loss",20,"auto",3.28159540457399,5.72673249184421,19.917273665049,-0.196552358186811,3,TRUE
"insurance_autobi_loss",20,"auto-weak",1.60070641414367,4.49662078357389,20.5425028220426,-3.5196069653626,3,TRUE
"insurance_autobi_loss",20,"WPMM2",1.66892469691302,4.52405749507154,20.5719306667908,-3.82526345586429,3,TRUE
"insurance_autobi_loss",20,"WPMM3",1.60870646131779,4.48518268613594,20.5043331483343,-3.48361808265528,3,TRUE
"insurance_autobi_loss",20,"LSE",3.55333373587049,5.59194276452411,19.9206606797497,-0.516350775768968,3,TRUE
"insurance_autobi_loss",20,"ridge-LSE",3.68587230307172,5.81011981160875,19.853030435429,-0.235402377970724,3,TRUE
"insurance_autobi_loss",20,"Huber",1.52343130445272,4.38706332848167,20.3829820126326,-3.22405593479388,3,TRUE
"insurance_autobi_loss",20,"L1",1.65052442920296,4.3784721500434,20.1432631216901,-3.45437196995411,3,TRUE
"insurance_autobi_loss",21,"auto",3.7734482381029,5.07648175532399,9.19634032941708,1.97955815694095,3,TRUE
"insurance_autobi_loss",21,"auto-weak",1.58604966444669,3.17776973029868,8.61481713512214,-1.66155410995996,3,TRUE
"insurance_autobi_loss",21,"WPMM2",1.45739177550168,2.9734211824013,8.43118468879644,-2.12367096859429,3,TRUE
"insurance_autobi_loss",21,"WPMM3",1.4560163857225,2.96199420326699,8.38739691270521,-1.9076838098638,3,TRUE
"insurance_autobi_loss",21,"LSE",4.40927645700716,5.19377379612875,9.30373505947991,2.0285483601951,3,TRUE
"insurance_autobi_loss",21,"ridge-LSE",4.49141685150496,5.15953696566582,8.78566577379344,1.92877827753573,3,TRUE
"insurance_autobi_loss",21,"Huber",1.69095263542084,3.35030186482429,8.93550370438684,-1.18225323640971,3,TRUE
"insurance_autobi_loss",21,"L1",1.53649947291815,2.99004095636243,8.29200491182314,-1.73212699859824,3,TRUE
"insurance_autobi_loss",22,"auto",3.39776126646151,5.04247806689742,17.3813425684419,0.929936319973679,3,TRUE
"insurance_autobi_loss",22,"auto-weak",1.60100290318669,3.59540264819126,17.5931190109157,-2.42636844072828,3,TRUE
"insurance_autobi_loss",22,"WPMM2",1.56745479547699,3.56926895824652,17.6723594520855,-2.78599437964373,3,TRUE
"insurance_autobi_loss",22,"WPMM3",1.60706539314188,3.59345835210198,17.6339520818486,-2.39686962441308,3,TRUE
"insurance_autobi_loss",22,"LSE",3.51967872376135,4.86989865288125,17.3056528075022,0.214998476822706,3,TRUE
"insurance_autobi_loss",22,"ridge-LSE",3.4112773138963,4.68926193467255,17.2788578510214,0.0699992316705446,3,TRUE
"insurance_autobi_loss",22,"Huber",1.70179532055081,3.63132865427414,17.5305715406754,-2.13911976199398,3,TRUE
"insurance_autobi_loss",22,"L1",1.69542894088021,3.64067989587267,17.5849040710606,-2.35071231130422,3,TRUE
"insurance_autobi_loss",23,"auto",3.57929200132899,7.21679207129951,21.890764994786,-1.5950709994003,3,TRUE
"insurance_autobi_loss",23,"auto-weak",1.91761642892925,4.68031013608718,16.9637677253868,-3.58863041580647,3,TRUE
"insurance_autobi_loss",23,"WPMM2",1.9706098471679,4.72354557226865,17.0205609824689,-3.95358195076284,3,TRUE
"insurance_autobi_loss",23,"WPMM3",1.96464986623219,4.78403005334387,16.8976731158436,-3.12660404582888,3,TRUE
"insurance_autobi_loss",23,"LSE",3.26608551598209,5.84447326888505,17.3189548790722,-0.474501733693452,3,TRUE
"insurance_autobi_loss",23,"ridge-LSE",3.87417113290002,5.81693462944302,16.2875798467378,-0.633795908541581,3,TRUE
"insurance_autobi_loss",23,"Huber",1.95262227226811,4.70259402517655,16.936791922219,-3.43498040155343,3,TRUE
"insurance_autobi_loss",23,"L1",2.05731881861767,4.70730297926709,16.8956975912499,-3.43840148537162,3,TRUE
"insurance_autobi_loss",24,"auto",3.22202914744804,4.42712795358183,10.2708729531202,0.0313742249713557,3,TRUE
"insurance_autobi_loss",24,"auto-weak",1.68005040752006,3.48388384575595,10.766850129798,-2.36043651736079,3,TRUE
"insurance_autobi_loss",24,"WPMM2",1.73667645829048,3.50816589215879,10.8856358080354,-2.78297264563034,3,TRUE
"insurance_autobi_loss",24,"WPMM3",1.69128048446673,3.47764150393918,10.7953515810098,-2.53371532542341,3,TRUE
"insurance_autobi_loss",24,"LSE",3.3941257652189,4.57297711612383,10.3095231148088,0.502888356048611,3,TRUE
"insurance_autobi_loss",24,"ridge-LSE",3.73063594983307,4.74315209618237,10.3659417632254,0.598419896765805,3,TRUE
"insurance_autobi_loss",24,"Huber",1.75982908859186,3.56758989291349,10.7949514146868,-1.75313033262619,3,TRUE
"insurance_autobi_loss",24,"L1",1.67978102433454,3.45490702312362,10.685864324891,-2.2714104255484,3,TRUE
"insurance_autobi_loss",25,"auto",2.71534581025355,5.3955194740791,20.9465084695317,-1.902141786882,3,TRUE
"insurance_autobi_loss",25,"auto-weak",2.0225879280268,4.97457112318084,21.5681968089464,-4.297290121268,3,TRUE
"insurance_autobi_loss",25,"WPMM2",2.0475275189706,4.97252509714996,21.570446701043,-4.29078509372836,3,TRUE
"insurance_autobi_loss",25,"WPMM3",1.94751526408975,4.91206504835538,21.4717849265812,-3.99997644249726,3,TRUE
"insurance_autobi_loss",25,"LSE",3.70748508007087,6.01337384975001,20.9738773650016,-1.02343071369126,3,TRUE
"insurance_autobi_loss",25,"ridge-LSE",3.83370370331663,6.11171090641149,20.9829985781588,-1.00455011877004,3,TRUE
"insurance_autobi_loss",25,"Huber",1.94904282046115,4.8701741551073,21.3605511017114,-3.66528607865561,3,TRUE
"insurance_autobi_loss",25,"L1",2.16650727304223,5.06661031434702,21.4217211533574,-3.80524274537333,3,TRUE
"insurance_autobi_loss",26,"auto",3.71181932048599,4.59599118014752,7.75959455800436,1.71801439120991,3,TRUE
"insurance_autobi_loss",26,"auto-weak",1.47082872516337,3.04302970508612,8.1704960155929,-1.99838862562375,3,TRUE
"insurance_autobi_loss",26,"WPMM2",1.49391212345153,3.04960962509265,8.257315868171,-2.26659597756402,3,TRUE
"insurance_autobi_loss",26,"WPMM3",1.46615335338947,3.03292189344016,8.13003465040651,-1.90610294353628,3,TRUE
"insurance_autobi_loss",26,"LSE",3.7764577016537,4.30125420536506,7.75356499877448,1.27674356190264,3,TRUE
"insurance_autobi_loss",26,"ridge-LSE",4.78523856948962,5.70905465685091,8.59290329307561,2.47116101910986,3,TRUE
"insurance_autobi_loss",26,"Huber",1.52414642234445,3.03090489303408,7.95109785037134,-1.52401706096966,3,TRUE
"insurance_autobi_loss",26,"L1",1.49686313977678,2.99284332338408,8.07445568334744,-1.92743585816131,3,TRUE
"insurance_autobi_loss",27,"auto",3.81068118612248,4.93611072031943,12.261683254805,1.25527677852219,3,TRUE
"insurance_autobi_loss",27,"auto-weak",1.52080606238398,3.21689929190356,12.2775290360991,-2.20764377642068,3,TRUE
"insurance_autobi_loss",27,"WPMM2",1.57656993497297,3.26935033742703,12.3671333572068,-2.55788158909912,3,TRUE
"insurance_autobi_loss",27,"WPMM3",1.53500179893743,3.21837726606754,12.2575518996535,-2.1426295892,3,TRUE
"insurance_autobi_loss",27,"LSE",4.19745860876858,4.98165709649539,12.2253658467249,1.38734697590637,3,TRUE
"insurance_autobi_loss",27,"ridge-LSE",3.83485122902869,4.71536046873936,12.1663794004073,0.908948722414169,3,TRUE
"insurance_autobi_loss",27,"Huber",1.65703320604938,3.21182342653693,12.1424508925448,-1.80932354702963,3,TRUE
"insurance_autobi_loss",27,"L1",1.62697146703861,3.22694896523494,12.2088065446404,-2.08847515215025,3,TRUE
"insurance_autobi_loss",28,"auto",2.93312542633733,4.88902642562036,16.889999697595,1.60002784900959,3,TRUE
"insurance_autobi_loss",28,"auto-weak",1.50482778465353,2.93613186047618,7.46240884985431,-1.99832096340944,3,TRUE
"insurance_autobi_loss",28,"WPMM2",1.65079747063964,3.12840838490771,7.8274874344103,-2.31334962560669,3,TRUE
"insurance_autobi_loss",28,"WPMM3",1.53246685520884,2.96787972575157,7.53245557796566,-2.06192614483906,3,TRUE
"insurance_autobi_loss",28,"LSE",3.38943470391147,4.19373914413729,7.41361669365396,0.809087773478638,3,TRUE
"insurance_autobi_loss",28,"ridge-LSE",3.54753640841379,4.33250788338488,8.2492479108071,1.14954949985828,3,TRUE
"insurance_autobi_loss",28,"Huber",1.65170861307298,3.13691132031439,7.66345640392445,-1.92220029782621,3,TRUE
"insurance_autobi_loss",28,"L1",1.5512518950378,2.93488424190885,7.47336363284627,-2.10927665688364,3,TRUE
"insurance_autobi_loss",29,"auto",2.70848385754894,5.97521010991499,23.3815966765966,-2.12762441469632,3,TRUE
"insurance_autobi_loss",29,"auto-weak",1.63921674008795,5.36758006541897,23.9633032439567,-4.29658506028,3,TRUE
"insurance_autobi_loss",29,"WPMM2",1.67088575245196,5.38595079837973,24.0721066859702,-4.66382945808494,3,TRUE
"insurance_autobi_loss",29,"WPMM3",1.63916798921022,5.3845676702954,23.9607867591405,-4.30361097180718,3,TRUE
"insurance_autobi_loss",29,"LSE",2.87486845380371,6.05252124795058,23.4308768042725,-2.31836043110028,3,TRUE
"insurance_autobi_loss",29,"ridge-LSE",3.27457951572247,6.34921561711693,23.5181921103223,-1.79375530388888,3,TRUE
"insurance_autobi_loss",29,"Huber",1.73153407558023,5.43399042752799,23.8486623528493,-3.94015654157928,3,TRUE
"insurance_autobi_loss",29,"L1",1.70418875794257,5.36522988187294,23.9084462197205,-4.27118223661856,3,TRUE
"insurance_autobi_loss",30,"auto",3.41569391959098,4.46064653215174,8.51835580531628,0.594436182383264,3,TRUE
"insurance_autobi_loss",30,"auto-weak",1.7059762168737,3.31879620678675,8.88546657935379,-2.24626490063387,3,TRUE
"insurance_autobi_loss",30,"WPMM2",1.79052854551407,3.36825764352836,9.05010223285895,-2.73301796713834,3,TRUE
"insurance_autobi_loss",30,"WPMM3",1.71972954356476,3.34090111536104,8.944293859195,-2.37582619453732,3,TRUE
"insurance_autobi_loss",30,"LSE",4.0920723673431,4.7880169847484,8.45246735967568,1.00378157573361,3,TRUE
"insurance_autobi_loss",30,"ridge-LSE",4.4422337098285,4.91497750274729,8.47592184484355,1.28084467399159,3,TRUE
"insurance_autobi_loss",30,"Huber",1.83791515712357,3.38998351351907,8.74252285584087,-1.89943332302867,3,TRUE
"insurance_autobi_loss",30,"L1",1.82878021998902,3.35650278103331,8.88572220193988,-2.45900769621729,3,TRUE
"insurance_autoclaims_paid",1,"auto",1147.44653077683,1519.62819924649,2771.83345141044,-74.5808170989898,3,TRUE
"insurance_autoclaims_paid",1,"auto-weak",1029.07669140548,1346.42407237355,2941.14341691842,-1000.94232401992,3,TRUE
"insurance_autoclaims_paid",1,"WPMM2",1026.66700791986,1345.39613101274,2941.28586417191,-1000.04429439575,3,TRUE
"insurance_autoclaims_paid",1,"WPMM3",981.015807940549,1338.68101190443,2877.19214858538,-804.900676068399,3,TRUE
"insurance_autoclaims_paid",1,"LSE",1170.94503934471,1539.93197572045,2765.09465460281,-14.2147151509276,3,TRUE
"insurance_autoclaims_paid",1,"ridge-LSE",1192.66507700529,1552.44031343566,2769.77621931784,16.6899786316824,3,TRUE
"insurance_autoclaims_paid",1,"Huber",971.610540050452,1351.44481222826,2847.67557426707,-668.807556455011,3,TRUE
"insurance_autoclaims_paid",1,"L1",988.922932854469,1339.68780038003,2886.82717417015,-843.141486944642,3,TRUE
"insurance_autoclaims_paid",2,"auto",1116.8662349979,1485.25284485262,2468.66316863937,-56.8869434012684,3,TRUE
"insurance_autoclaims_paid",2,"auto-weak",995.842886201586,1316.83387133729,2653.22188227024,-968.85512860865,3,TRUE
"insurance_autoclaims_paid",2,"WPMM2",1004.66854480439,1320.0744171627,2662.05065471838,-995.145638392638,3,TRUE
"insurance_autoclaims_paid",2,"WPMM3",952.817562703019,1307.87311836119,2590.76022734267,-781.368142260297,3,TRUE
"insurance_autoclaims_paid",2,"LSE",1155.11701165398,1512.68056222815,2468.23251776627,10.1994837889917,3,TRUE
"insurance_autoclaims_paid",2,"ridge-LSE",1121.33430625383,1487.75077850534,2466.8945401148,-47.5827623455191,3,TRUE
"insurance_autoclaims_paid",2,"Huber",944.078939959423,1321.70571842837,2543.29109374002,-611.683770137863,3,TRUE
"insurance_autoclaims_paid",2,"L1",964.963290109692,1311.47665806083,2605.56000797835,-823.388665772777,3,TRUE
"insurance_autoclaims_paid",3,"auto",1157.92864731109,1592.0025410842,3244.43642151726,-127.737341892822,3,TRUE
"insurance_autoclaims_paid",3,"auto-weak",1059.34207335487,1427.35311560267,3423.59008415948,-1089.77362902505,3,TRUE
"insurance_autoclaims_paid",3,"WPMM2",1063.67403937061,1428.88109811141,3426.91576418075,-1101.45855637837,3,TRUE
"insurance_autoclaims_paid",3,"WPMM3",1010.51113759468,1420.21734587597,3367.4877718995,-899.555432564128,3,TRUE
"insurance_autoclaims_paid",3,"LSE",1131.43359914587,1576.61124557261,3249.47980112748,-183.928742621015,3,TRUE
"insurance_autoclaims_paid",3,"ridge-LSE",1178.16779175194,1610.77606597268,3248.21533480223,-96.8213535625544,3,TRUE
"insurance_autoclaims_paid",3,"Huber",992.988676980268,1434.45443778919,3321.66592763446,-716.196633703666,3,TRUE
"insurance_autoclaims_paid",3,"L1",1015.10748301922,1418.99477136822,3373.3770488214,-929.947344648712,3,TRUE
"insurance_autoclaims_paid",4,"auto",1161.32781967192,1501.25001183722,2663.34164485617,36.2599982214339,3,TRUE
"insurance_autoclaims_paid",4,"auto-weak",995.907502361915,1296.05620073472,2827.1081542823,-952.553745931351,3,TRUE
"insurance_autoclaims_paid",4,"WPMM2",998.501393313383,1296.38504738758,2828.68372418532,-959.451270005758,3,TRUE
"insurance_autoclaims_paid",4,"WPMM3",952.313154110872,1290.6087795614,2769.97344875532,-765.083667215489,3,TRUE
"insurance_autoclaims_paid",4,"LSE",1146.48821878323,1490.5501674244,2663.2010942123,15.3008818652798,3,TRUE
"insurance_autoclaims_paid",4,"ridge-LSE",1151.81245907122,1493.11101174856,2662.20891682012,20.6617301698741,3,TRUE
"insurance_autoclaims_paid",4,"Huber",942.887510912044,1306.73816699773,2730.55665260983,-606.938426909739,3,TRUE
"insurance_autoclaims_paid",4,"L1",962.496468872721,1287.86846992999,2776.44462561435,-784.570715137488,3,TRUE
"insurance_autoclaims_paid",5,"auto",1127.64686439554,1506.3563913515,2907.74840377734,-12.9626540087159,3,TRUE
"insurance_autoclaims_paid",5,"auto-weak",955.918713944695,1309.06667450617,3058.21371873793,-964.881283526244,3,TRUE
"insurance_autoclaims_paid",5,"WPMM2",951.092838404656,1307.46140920309,3053.64028060048,-951.138027835298,3,TRUE
"insurance_autoclaims_paid",5,"WPMM3",914.629782629066,1301.74514714917,3004.80017805729,-776.896578444497,3,TRUE
"insurance_autoclaims_paid",5,"LSE",1103.7615680846,1486.37589104729,2901.19711353948,-49.0409713409504,3,TRUE
"insurance_autoclaims_paid",5,"ridge-LSE",1112.82274530673,1490.52644390941,2906.4072776698,-37.5226594956533,3,TRUE
"insurance_autoclaims_paid",5,"Huber",909.257715297922,1315.96442469457,2966.82938943308,-628.622265797295,3,TRUE
"insurance_autoclaims_paid",5,"L1",919.860161874707,1302.58018868388,3013.18449107952,-820.496421536203,3,TRUE
"insurance_autoclaims_paid",6,"auto",1174.09962758307,1576.67504853544,2918.94124063239,-59.2646035930776,3,TRUE
"insurance_autoclaims_paid",6,"auto-weak",1034.11397182495,1385.17758151715,3095.84619061142,-1036.66963012316,3,TRUE
"insurance_autoclaims_paid",6,"WPMM2",1049.208627949,1396.64829544609,3104.73983013197,-1008.56329989851,3,TRUE
"insurance_autoclaims_paid",6,"WPMM3",1003.1637374961,1386.21689205105,3042.05129117407,-817.864063794049,3,TRUE
"insurance_autoclaims_paid",6,"LSE",1135.59263151577,1548.12575246616,2922.63166017202,-130.844489915744,3,TRUE
"insurance_autoclaims_paid",6,"ridge-LSE",1201.00044186,1594.05298416539,2924.73111400749,-24.2844745415735,3,TRUE
"insurance_autoclaims_paid",6,"Huber",979.533632994829,1394.07203675862,2988.90303432895,-648.667526533475,3,TRUE
"insurance_autoclaims_paid",6,"L1",1008.17676695133,1383.05589149369,3064.88347490442,-915.290044415158,3,TRUE
"insurance_autoclaims_paid",7,"auto",1115.51031683736,1484.97842944878,2798.16565912304,41.2951719716558,3,TRUE
"insurance_autoclaims_paid",7,"auto-weak",899.515745140809,1264.64967855873,2934.36749903437,-887.608507245712,3,TRUE
"insurance_autoclaims_paid",7,"WPMM2",907.19699905283,1266.62894569137,2942.96575609018,-910.867717538925,3,TRUE
"insurance_autoclaims_paid",7,"WPMM3",873.123576742245,1268.03751549297,2886.87302819444,-708.985036953848,3,TRUE
"insurance_autoclaims_paid",7,"LSE",1138.70819622808,1500.42785066543,2797.50117110252,70.0874622510455,3,TRUE
"insurance_autoclaims_paid",7,"ridge-LSE",1157.8187866202,1516.30047971966,2798.80917123164,111.026828384686,3,TRUE
"insurance_autoclaims_paid",7,"Huber",875.777659061155,1288.65736017745,2853.50728279993,-553.295329351152,3,TRUE
"insurance_autoclaims_paid",7,"L1",872.762330884141,1262.02102332464,2892.42560228117,-742.458597980692,3,TRUE
"insurance_autoclaims_paid",8,"auto",1166.38390787958,1501.50951331876,2389.33439142102,111.067541000515,3,TRUE
"insurance_autoclaims_paid",8,"auto-weak",932.956921011994,1249.33416971912,2536.02992894235,-885.534475457784,3,TRUE
"insurance_autoclaims_paid",8,"WPMM2",932.735831228111,1248.94922313316,2540.23284707336,-890.777349500157,3,TRUE
"insurance_autoclaims_paid",8,"WPMM3",901.113192243693,1251.18397704703,2477.16088125426,-695.612087886092,3,TRUE
"insurance_autoclaims_paid",8,"LSE",1118.57954333313,1465.80040074459,2382.20528252923,38.5773991030317,3,TRUE
"insurance_autoclaims_paid",8,"ridge-LSE",1180.68652994522,1508.55888578409,2383.81146459626,128.717076379719,3,TRUE
"insurance_autoclaims_paid",8,"Huber",897.900753827692,1266.24451569617,2440.14817021132,-552.82257268711,3,TRUE
"insurance_autoclaims_paid",8,"L1",909.491751949911,1246.30966017565,2499.32021898776,-772.631137341095,3,TRUE
"insurance_autoclaims_paid",9,"auto",1152.29061694242,1472.2456900904,2315.49571660218,47.4761740918238,3,TRUE
"insurance_autoclaims_paid",9,"auto-weak",1001.28522990529,1278.95264162269,2503.64813073048,-951.614120379814,3,TRUE
"insurance_autoclaims_paid",9,"WPMM2",992.437577096066,1274.7865894842,2493.6854687957,-926.401736665101,3,TRUE
"insurance_autoclaims_paid",9,"WPMM3",946.945724145084,1268.66404398799,2424.94471141544,-725.133463122957,3,TRUE
"insurance_autoclaims_paid",9,"LSE",1150.29461606861,1472.55069984754,2320.58557790567,41.4819252931194,3,TRUE
"insurance_autoclaims_paid",9,"ridge-LSE",1177.34446702591,1490.92390535408,2316.38099016724,94.3325383463813,3,TRUE
"insurance_autoclaims_paid",9,"Huber",945.095008629313,1283.57676797783,2389.96915317753,-580.443364714548,3,TRUE
"insurance_autoclaims_paid",9,"L1",959.671370853002,1270.97770819058,2446.18523742277,-787.315687373351,3,TRUE
"insurance_autoclaims_paid",10,"auto",1128.53715277073,1445.61262091204,2330.38324209135,18.7510577775907,3,TRUE
"insurance_autoclaims_paid",10,"auto-weak",985.490333360255,1272.36981899007,2508.65986585977,-933.29618785636,3,TRUE
"insurance_autoclaims_paid",10,"WPMM2",989.679057598854,1273.29142152119,2510.34422428645,-940.473226768486,3,TRUE
"insurance_autoclaims_paid",10,"WPMM3",946.76345340902,1263.79783066422,2452.03965481307,-763.351912492605,3,TRUE
"insurance_autoclaims_paid",10,"LSE",1130.57824741837,1447.58103831735,2328.32700463277,26.7709796103677,3,TRUE
"insurance_autoclaims_paid",10,"ridge-LSE",1167.25548407995,1475.01810678507,2333.04427143844,84.2383803035132,3,TRUE
"insurance_autoclaims_paid",10,"Huber",935.310894194512,1273.15541624387,2411.85600795882,-614.572063892265,3,TRUE
"insurance_autoclaims_paid",10,"L1",944.140038430266,1264.31371246535,2448.01332050514,-751.975633726868,3,TRUE
"insurance_autoclaims_paid",11,"auto",1195.13386152896,1475.42665320348,2312.20693653124,127.081042185866,3,TRUE
"insurance_autoclaims_paid",11,"auto-weak",966.914159494178,1235.73191514237,2446.29756762447,-872.210655797157,3,TRUE
"insurance_autoclaims_paid",11,"WPMM2",970.471469000141,1237.78110404175,2449.38573431186,-878.104061923896,3,TRUE
"insurance_autoclaims_paid",11,"WPMM3",935.36411400472,1240.20569349178,2388.46351413381,-674.933713866723,3,TRUE
"insurance_autoclaims_paid",11,"LSE",1153.66880393015,1447.55741499284,2293.30197714033,88.4469671366933,3,TRUE
"insurance_autoclaims_paid",11,"ridge-LSE",1162.4526217946,1456.01532598168,2289.97703366725,107.063774712619,3,TRUE
"insurance_autoclaims_paid",11,"Huber",936.559355213116,1263.30408038555,2344.84383444379,-491.040382145416,3,TRUE
"insurance_autoclaims_paid",11,"L1",949.118418212455,1240.47021577317,2413.03955873579,-745.71031837996,3,TRUE
"insurance_autoclaims_paid",12,"auto",1133.6917192992,1505.95799101475,2793.66909573763,3.2584201483606,3,TRUE
"insurance_autoclaims_paid",12,"auto-weak",968.12309782677,1309.08308667789,2952.36323885774,-964.364795520531,3,TRUE
"insurance_autoclaims_paid",12,"WPMM2",963.028043140673,1306.48297706972,2948.47580898606,-952.531093304086,3,TRUE
"insurance_autoclaims_paid",12,"WPMM3",927.552192840245,1302.00074245953,2897.25534638954,-781.448447792454,3,TRUE
"insurance_autoclaims_paid",12,"LSE",1136.7027734977,1511.41773587253,2790.30873387097,8.0069706273645,3,TRUE
"insurance_autoclaims_paid",12,"ridge-LSE",1152.73158578469,1521.91454438112,2797.40821420297,27.5432768671695,3,TRUE
"insurance_autoclaims_paid",12,"Huber",921.751099331475,1323.64479041663,2850.16898712795,-582.200595158906,3,TRUE
"insurance_autoclaims_paid",12,"L1",952.14996933947,1314.34945599059,2907.37284622627,-784.249976686666,3,TRUE
"insurance_autoclaims_paid",13,"auto",1171.44055735086,1523.44197518295,2443.41057207764,-3.04969274577074,3,TRUE
"insurance_autoclaims_paid",13,"auto-weak",1032.17431816053,1324.9414329907,2631.24414998338,-963.333430035943,3,TRUE
"insurance_autoclaims_paid",13,"WPMM2",1033.11729108022,1327.34829034568,2632.5533281818,-965.811468409392,3,TRUE
"insurance_autoclaims_paid",13,"WPMM3",990.504752259257,1320.9214904929,2569.79984604064,-784.513999503277,3,TRUE
"insurance_autoclaims_paid",13,"LSE",1168.22489980635,1525.02206154971,2450.20276730804,-15.6384169756518,3,TRUE
"insurance_autoclaims_paid",13,"ridge-LSE",1214.89482766443,1558.19835750511,2447.29103586924,65.6362797501736,3,TRUE
"insurance_autoclaims_paid",13,"Huber",980.449019049526,1342.93553428667,2519.49666124534,-599.722355749915,3,TRUE
"insurance_autoclaims_paid",13,"L1",998.621831720672,1323.33173875607,2583.7868011496,-824.585340978841,3,TRUE
"insurance_autoclaims_paid",14,"auto",1195.87640856138,1601.01068303695,2643.58722037328,-115.987988148317,3,TRUE
"insurance_autoclaims_paid",14,"auto-weak",1110.14415183683,1426.68921190468,2856.73947750036,-1085.25098279796,3,TRUE
"insurance_autoclaims_paid",14,"WPMM2",1103.46007320696,1423.92170322406,2851.90298091652,-1074.22331536142,3,TRUE
"insurance_autoclaims_paid",14,"WPMM3",1056.00127457938,1419.6380578382,2785.08284828234,-886.865322390382,3,TRUE
"insurance_autoclaims_paid",14,"LSE",1188.04996064355,1593.1884328931,2642.57594879308,-133.63292736949,3,TRUE
"insurance_autoclaims_paid",14,"ridge-LSE",1185.2742567622,1590.35362377144,2642.70705458566,-134.901551282254,3,TRUE
"insurance_autoclaims_paid",14,"Huber",1040.20685032202,1440.26666722069,2733.25172351926,-699.08599091257,3,TRUE
"insurance_autoclaims_paid",14,"L1",1060.06263441224,1418.45148409626,2795.36018106701,-913.512131197741,3,TRUE
"insurance_autoclaims_paid",15,"auto",1159.22008050283,1516.54723066608,2744.18019091705,-26.6764262801295,3,TRUE
"insurance_autoclaims_paid",15,"auto-weak",1048.20507181658,1349.29630415017,2938.33859692925,-1034.50069335232,3,TRUE
"insurance_autoclaims_paid",15,"WPMM2",1035.27527435338,1343.15153153943,2927.33799100199,-1000.48418269272,3,TRUE
"insurance_autoclaims_paid",15,"WPMM3",993.826040876771,1336.0184802905,2873.60545051888,-837.93550011148,3,TRUE
"insurance_autoclaims_paid",15,"LSE",1117.67398302678,1491.68967032723,2754.59604697578,-109.04793967092,3,TRUE
"insurance_autoclaims_paid",15,"ridge-LSE",1184.66443404923,1537.16776699227,2747.38835244872,18.509772339946,3,TRUE
"insurance_autoclaims_paid",15,"Huber",977.03601881531,1344.47925740492,2831.81579235467,-687.499254011644,3,TRUE
"insurance_autoclaims_paid",15,"L1",1005.46192501552,1334.0749412829,2892.98036066117,-891.239424033982,3,TRUE
"insurance_autoclaims_paid",16,"auto",1162.27440689465,1568.42919397359,2813.6776499668,-46.8930684440977,3,TRUE
"insurance_autoclaims_paid",16,"auto-weak",1006.42062479348,1360.65776755982,2983.48065888279,-1001.00820450181,3,TRUE
"insurance_autoclaims_paid",16,"WPMM2",1010.22917295729,1362.07955044,2988.25788809353,-1014.54920622617,3,TRUE
"insurance_autoclaims_paid",16,"WPMM3",966.305840624228,1363.50723346493,2919.23852693766,-784.571610935438,3,TRUE
"insurance_autoclaims_paid",16,"LSE",1152.42285920791,1564.01711410803,2816.53189895458,-72.2360018053723,3,TRUE
"insurance_autoclaims_paid",16,"ridge-LSE",1156.3410581455,1566.05967391428,2812.67888119364,-67.0894110680967,3,TRUE
"insurance_autoclaims_paid",16,"Huber",963.5334847444,1385.58808854174,2879.27573129067,-624.302736174552,3,TRUE
"insurance_autoclaims_paid",16,"L1",974.71798155436,1360.74895945641,2936.95773035404,-851.540155188358,3,TRUE
"insurance_autoclaims_paid",17,"auto",1168.01075969453,1557.22004270091,2852.41677793526,-8.25416911781883,3,TRUE
"insurance_autoclaims_paid",17,"auto-weak",994.467724479262,1353.52324611107,3017.71897350483,-980.751614954865,3,TRUE
"insurance_autoclaims_paid",17,"WPMM2",1005.99848276749,1357.03657798514,3029.4610247106,-1019.9223193902,3,TRUE
"insurance_autoclaims_paid",17,"WPMM3",960.102715068053,1345.42351179203,2967.81063319344,-821.142913580728,3,TRUE
"insurance_autoclaims_paid",17,"LSE",1174.65754147833,1564.22116949523,2854.96616338199,3.03654853029311,3,TRUE
"insurance_autoclaims_paid",17,"ridge-LSE",1146.43277556402,1534.87127102615,2852.07603287206,-48.8787122583363,3,TRUE
"insurance_autoclaims_paid",17,"Huber",953.327552230877,1367.63368528189,2920.72327890992,-623.555691982418,3,TRUE
"insurance_autoclaims_paid",17,"L1",966.93169708671,1345.53536814441,2976.28344673945,-855.934578783745,3,TRUE
"insurance_autoclaims_paid",18,"auto",1139.37361921152,1568.44521135348,3014.11526936399,-111.574507799388,3,TRUE
"insurance_autoclaims_paid",18,"auto-weak",1014.76767989329,1393.68208636362,3185.97449504208,-1029.32869605605,3,TRUE
"insurance_autoclaims_paid",18,"WPMM2",1015.54618851736,1396.62443930619,3188.27971008597,-1030.0861267732,3,TRUE
"insurance_autoclaims_paid",18,"WPMM3",974.885528264272,1388.24800052225,3135.58371759761,-868.209101821742,3,TRUE
"insurance_autoclaims_paid",18,"LSE",1182.35178627326,1601.7449197485,3012.8244586087,-36.0711051683385,3,TRUE
"insurance_autoclaims_paid",18,"ridge-LSE",1152.81372257845,1575.45057039285,3014.02503739433,-97.3459572169723,3,TRUE
"insurance_autoclaims_paid",18,"Huber",965.289763000997,1408.18106252528,3085.82970155054,-665.279675096613,3,TRUE
"insurance_autoclaims_paid",18,"L1",979.616551668414,1386.75726451978,3140.77895308042,-893.409098954278,3,TRUE
"insurance_autoclaims_paid",19,"auto",1181.6239874309,1553.85763628511,2574.81761520367,-37.4261287569096,3,TRUE
"insurance_autoclaims_paid",19,"auto-weak",1029.98076641935,1356.87156693377,2756.17397824513,-987.766917759885,3,TRUE
"insurance_autoclaims_paid",19,"WPMM2",1035.80252777072,1357.04071897466,2756.37242621736,-995.92999874825,3,TRUE
"insurance_autoclaims_paid",19,"WPMM3",988.357343212886,1351.39726344801,2693.83213368499,-806.927378177952,3,TRUE
"insurance_autoclaims_paid",19,"LSE",1188.19322336704,1559.16642071764,2573.70892907941,-19.4741472335082,3,TRUE
"insurance_autoclaims_paid",19,"ridge-LSE",1157.78024192714,1539.38490031484,2573.2589283204,-68.337920504773,3,TRUE
"insurance_autoclaims_paid",19,"Huber",981.566990036915,1372.00796569225,2649.68067500194,-638.592434003325,3,TRUE
"insurance_autoclaims_paid",19,"L1",1003.301487028,1350.79316517566,2707.30322572151,-860.36064184426,3,TRUE
"insurance_autoclaims_paid",20,"auto",1120.47415323648,1525.6989699671,2639.79784055216,-101.678623362972,3,TRUE
"insurance_autoclaims_paid",20,"auto-weak",995.695050649191,1362.62572470074,2810.58858585142,-982.792929048008,3,TRUE
"insurance_autoclaims_paid",20,"WPMM2",994.823347091976,1362.47065968988,2809.89376602967,-981.474338709842,3,TRUE
"insurance_autoclaims_paid",20,"WPMM3",962.443023216453,1361.08875258815,2755.97718491121,-812.041647005524,3,TRUE
"insurance_autoclaims_paid",20,"LSE",1157.42100501016,1546.80748849334,2631.20691844304,-41.1504931184207,3,TRUE
"insurance_autoclaims_paid",20,"ridge-LSE",1173.56601817901,1567.18515702024,2632.9360293667,-8.76608155775679,3,TRUE
"insurance_autoclaims_paid",20,"Huber",956.60338767982,1375.22202014895,2711.71540977556,-649.28541238802,3,TRUE
"insurance_autoclaims_paid",20,"L1",968.08607098721,1356.0103443881,2776.6455229378,-881.538773535069,3,TRUE
"insurance_autoclaims_paid",21,"auto",1106.87897691969,1523.16020661157,2831.31390594415,-46.1102656434474,3,TRUE
"insurance_autoclaims_paid",21,"auto-weak",939.54192089978,1326.74896570147,2998.18712318446,-949.064573773364,3,TRUE
"insurance_autoclaims_paid",21,"WPMM2",935.478029870802,1320.67347151844,2994.13497761686,-967.143630284514,3,TRUE
"insurance_autoclaims_paid",21,"WPMM3",896.22770119019,1326.30181099104,2921.49533890646,-725.269084824224,3,TRUE
"insurance_autoclaims_paid",21,"LSE",1144.36065268044,1549.94600261481,2831.34914818001,13.7142279843325,3,TRUE
"insurance_autoclaims_paid",21,"ridge-LSE",1127.5126078408,1535.70266574198,2830.50238107228,-21.9189332350115,3,TRUE
"insurance_autoclaims_paid",21,"Huber",906.714567683739,1347.21913310968,2900.29902116813,-616.061593015027,3,TRUE
"insurance_autoclaims_paid",21,"L1",913.079848960061,1326.02373880538,2951.10068281432,-810.166765743239,3,TRUE
"insurance_autoclaims_paid",22,"auto",1132.44787915011,1501.4445056522,2483.03240628713,-37.2391239375787,3,TRUE
"insurance_autoclaims_paid",22,"auto-weak",986.274526017102,1323.18565073033,2659.51944856612,-958.677110721732,3,TRUE
"insurance_autoclaims_paid",22,"WPMM2",988.15604142308,1323.20876721525,2661.4445118154,-964.777519295108,3,TRUE
"insurance_autoclaims_paid",22,"WPMM3",950.220299717443,1320.31881127969,2595.79820651283,-754.93308551851,3,TRUE
"insurance_autoclaims_paid",22,"LSE",1115.4805820523,1487.36043286368,2484.98532370198,-69.1468545021039,3,TRUE
"insurance_autoclaims_paid",22,"ridge-LSE",1155.65745944455,1519.90396581925,2487.12452463412,-5.01944247633072,3,TRUE
"insurance_autoclaims_paid",22,"Huber",941.654408825407,1331.73175442347,2556.0515406564,-619.114532232267,3,TRUE
"insurance_autoclaims_paid",22,"L1",959.86191828393,1316.13590451427,2623.58524786402,-853.095240640724,3,TRUE
"insurance_autoclaims_paid",23,"auto",1177.22557762931,1543.54663342899,2757.94861034072,44.4394553642844,3,TRUE
"insurance_autoclaims_paid",23,"auto-weak",984.959812747648,1318.13340362497,2920.92487373348,-965.355544708273,3,TRUE
"insurance_autoclaims_paid",23,"WPMM2",981.208295545612,1315.77917018783,2919.65016929326,-965.92437749674,3,TRUE
"insurance_autoclaims_paid",23,"WPMM3",942.017237710057,1307.91939477836,2866.36491061413,-795.179633161218,3,TRUE
"insurance_autoclaims_paid",23,"LSE",1137.85648041605,1515.39387525534,2758.20022120226,-32.6253069725891,3,TRUE
"insurance_autoclaims_paid",23,"ridge-LSE",1156.90200090241,1530.06965439587,2757.41010253192,4.87639749492312,3,TRUE
"insurance_autoclaims_paid",23,"Huber",946.031454731883,1334.08672743069,2821.77642829163,-592.753320042421,3,TRUE
"insurance_autoclaims_paid",23,"L1",949.617979786274,1309.64382661664,2873.54604469309,-820.657419720909,3,TRUE
"insurance_autoclaims_paid",24,"auto",1155.38898671292,1493.42321636836,2356.68669024835,41.162615822374,3,TRUE
"insurance_autoclaims_paid",24,"auto-weak",997.842335766249,1286.56830650811,2541.00908963186,-948.285250822153,3,TRUE
"insurance_autoclaims_paid",24,"WPMM2",991.424416245971,1286.19851977562,2533.63631816163,-926.514296701322,3,TRUE
"insurance_autoclaims_paid",24,"WPMM3",947.610957025324,1281.21033519657,2468.86139447893,-739.583994100594,3,TRUE
"insurance_autoclaims_paid",24,"LSE",1173.10384511235,1510.4767084853,2361.00398719474,65.7957254070335,3,TRUE
"insurance_autoclaims_paid",24,"ridge-LSE",1136.96001027365,1480.28963711437,2358.52065765238,-2.77204219951795,3,TRUE
"insurance_autoclaims_paid",24,"Huber",943.204220118912,1302.41123902934,2421.57715045352,-552.811434141755,3,TRUE
"insurance_autoclaims_paid",24,"L1",960.43013396959,1281.42132224183,2486.33271914299,-766.267300339958,3,TRUE
"insurance_autoclaims_paid",25,"auto",1127.27737903594,1471.42640944167,2446.21074317086,-16.9717710278768,3,TRUE
"insurance_autoclaims_paid",25,"auto-weak",987.177140969512,1281.31635277001,2619.19915317417,-930.690575087239,3,TRUE
"insurance_autoclaims_paid",25,"WPMM2",991.540646376632,1286.40294964328,2628.241581959,-939.957982546488,3,TRUE
"insurance_autoclaims_paid",25,"WPMM3",941.523888586872,1286.20498850027,2541.95725204961,-687.638112521903,3,TRUE
"insurance_autoclaims_paid",25,"LSE",1154.59467692737,1493.54825730349,2447.08574100615,27.6588775095742,3,TRUE
"insurance_autoclaims_paid",25,"ridge-LSE",1208.83482156216,1539.89837976787,2451.03084640136,129.787625332708,3,TRUE
"insurance_autoclaims_paid",25,"Huber",943.367015031818,1305.25777782353,2510.66747492343,-563.033233435652,3,TRUE
"insurance_autoclaims_paid",25,"L1",960.438175109702,1283.1251846267,2574.15811559337,-792.732856251448,3,TRUE
"insurance_autoclaims_paid",26,"auto",1137.74668931201,1473.22980609334,2427.31696180268,1.86622005953284,3,TRUE
"insurance_autoclaims_paid",26,"auto-weak",977.894796685074,1282.99732501958,2591.21619779599,-948.807362998435,3,TRUE
"insurance_autoclaims_paid",26,"WPMM2",981.369642509322,1286.28830873691,2595.56910611314,-958.512856182569,3,TRUE
"insurance_autoclaims_paid",26,"WPMM3",934.591537312808,1274.70529441984,2526.89713255705,-754.068957989023,3,TRUE
"insurance_autoclaims_paid",26,"LSE",1136.51637632755,1477.33974375363,2414.89308307089,25.4946214274739,3,TRUE
"insurance_autoclaims_paid",26,"ridge-LSE",1171.43410035986,1503.6054265183,2416.31992331718,83.1325774779807,3,TRUE
"insurance_autoclaims_paid",26,"Huber",928.725232736805,1290.68242867056,2485.16927790014,-587.55221508309,3,TRUE
"insurance_autoclaims_paid",26,"L1",947.028725250451,1276.68625135936,2546.88413709242,-810.806091910582,3,TRUE
"insurance_autoclaims_paid",27,"auto",1178.45656867885,1553.23505024596,2742.66462948427,49.1372535359912,3,TRUE
"insurance_autoclaims_paid",27,"auto-weak",960.705492014153,1306.0535305425,2895.04128097466,-921.563857178836,3,TRUE
"insurance_autoclaims_paid",27,"WPMM2",971.865014437654,1310.22683541974,2903.67435875604,-951.177899114775,3,TRUE
"insurance_autoclaims_paid",27,"WPMM3",932.481993800468,1314.4053649096,2839.74872246015,-728.505409157227,3,TRUE
"insurance_autoclaims_paid",27,"LSE",1185.7091047402,1560.27484583334,2741.64301104546,62.8662156554611,3,TRUE
"insurance_autoclaims_paid",27,"ridge-LSE",1181.9531963875,1556.76101168678,2741.55234634266,57.4496575829485,3,TRUE
"insurance_autoclaims_paid",27,"Huber",948.197707770213,1345.26636175792,2805.62227748341,-565.769653068469,3,TRUE
"insurance_autoclaims_paid",27,"L1",941.297609732335,1312.34431166704,2855.46931693227,-785.86080498593,3,TRUE
"insurance_autoclaims_paid",28,"auto",1137.8054334361,1502.58753870904,2729.70840821305,21.0000075138996,3,TRUE
"insurance_autoclaims_paid",28,"auto-weak",956.216925652658,1288.48662140939,2884.21616222144,-926.026816058159,3,TRUE
"insurance_autoclaims_paid",28,"WPMM2",955.760653630485,1287.3833699127,2885.61283221126,-931.25940211291,3,TRUE
"insurance_autoclaims_paid",28,"WPMM3",919.666073302351,1286.01362798375,2824.96778255022,-723.496754787163,3,TRUE
"insurance_autoclaims_paid",28,"LSE",1175.24865263282,1525.45781857012,2728.10729858617,87.5162682433516,3,TRUE
"insurance_autoclaims_paid",28,"ridge-LSE",1180.96845239481,1533.87053219757,2732.21446467356,91.3277443803891,3,TRUE
"insurance_autoclaims_paid",28,"Huber",922.983715322533,1308.41553607551,2791.32300545456,-570.064732388333,3,TRUE
"insurance_autoclaims_paid",28,"L1",932.55090669452,1284.20647796176,2844.34925508442,-797.604877640644,3,TRUE
"insurance_autoclaims_paid",29,"auto",1143.71519365705,1562.77122897693,2948.2783444153,-116.474955457541,3,TRUE
"insurance_autoclaims_paid",29,"auto-weak",1021.52797641431,1376.75566652287,3110.52841551376,-1006.15631072343,3,TRUE
"insurance_autoclaims_paid",29,"WPMM2",1019.32075252104,1375.31480094482,3108.67925893923,-1004.61567994964,3,TRUE
"insurance_autoclaims_paid",29,"WPMM3",985.158646307692,1382.16445755304,3051.20182159643,-812.102701105623,3,TRUE
"insurance_autoclaims_paid",29,"LSE",1188.91616019754,1595.26413264811,2944.20348707014,-32.0504915359358,3,TRUE
"insurance_autoclaims_paid",29,"ridge-LSE",1127.33882396311,1549.78568336916,2948.33336332885,-144.715698248814,3,TRUE
"insurance_autoclaims_paid",29,"Huber",979.8095554818,1404.54810493359,3008.80941143302,-632.34452023541,3,TRUE
"insurance_autoclaims_paid",29,"L1",987.246704369302,1373.27524110901,3068.54292289361,-873.45804654374,3,TRUE
"insurance_autoclaims_paid",30,"auto",1148.75549736815,1529.8057026268,2552.98284642256,-50.7010952967975,3,TRUE
"insurance_autoclaims_paid",30,"auto-weak",1017.90787394104,1349.48986568126,2745.96082164846,-1013.38544655931,3,TRUE
"insurance_autoclaims_paid",30,"WPMM2",1020.58930663347,1352.27596584028,2748.1345783469,-1013.01424087293,3,TRUE
"insurance_autoclaims_paid",30,"WPMM3",968.928830625538,1347.18792373572,2666.98070811499,-763.697680121689,3,TRUE
"insurance_autoclaims_paid",30,"LSE",1162.58457933569,1542.4010643052,2554.33318910152,-31.1157350402933,3,TRUE
"insurance_autoclaims_paid",30,"ridge-LSE",1174.59324499338,1552.75030474615,2553.95489901164,-10.5968341750208,3,TRUE
"insurance_autoclaims_paid",30,"Huber",963.466524373374,1355.5253141685,2635.69071598221,-652.799439966908,3,TRUE
"insurance_autoclaims_paid",30,"L1",979.731024987495,1343.18937853646,2689.27223684079,-838.277509203543,3,TRUE
"fremtpl2_severity_log",1,"auto",0.822288321961578,0.837867935643449,1.23331550369573,0.0377832024199537,3,TRUE
"fremtpl2_severity_log",1,"auto-weak",0.82398536225255,0.831185941391766,1.23419455015667,0.0327462267101433,3,TRUE
"fremtpl2_severity_log",1,"WPMM2",0.817396420444006,0.815018557746503,1.26883500588758,0.270850793022548,3,TRUE
"fremtpl2_severity_log",1,"WPMM3",0.81696353093041,0.812291694800159,1.2721039502985,0.179492761836635,3,TRUE
"fremtpl2_severity_log",1,"LSE",0.825839296394475,0.83554659669004,1.23603619720007,0.0335502440633203,3,TRUE
"fremtpl2_severity_log",1,"ridge-LSE",0.829723334322249,0.844835830369068,1.23853025736046,0.0268291468608024,3,TRUE
"fremtpl2_severity_log",1,"Huber",0.817279038278956,0.814521694093933,1.24760516093832,0.136303792094191,3,TRUE
"fremtpl2_severity_log",1,"L1",0.821924844366094,0.798529751061317,1.26209315192471,0.202173547778761,3,TRUE
"fremtpl2_severity_log",2,"auto",0.737550307003981,0.766935834402041,1.12143064281297,-0.0373221893599887,3,TRUE
"fremtpl2_severity_log",2,"auto-weak",0.737206829867524,0.768439243487398,1.12354786786186,-0.0268611680287858,3,TRUE
"fremtpl2_severity_log",2,"WPMM2",0.723288122053548,0.73009999537178,1.14402403232807,0.204951478992686,3,TRUE
"fremtpl2_severity_log",2,"WPMM3",0.718390999561139,0.724181959514531,1.13829416343023,0.161512379624696,3,TRUE
"fremtpl2_severity_log",2,"LSE",0.740439793379025,0.76890333692268,1.12248262427225,-0.0254048927280906,3,TRUE
"fremtpl2_severity_log",2,"ridge-LSE",0.744587261528691,0.774065502544011,1.12171143377641,-0.0541194935335096,3,TRUE
"fremtpl2_severity_log",2,"Huber",0.71930362764992,0.727216768514614,1.12508866655258,0.0730990917899088,3,TRUE
"fremtpl2_severity_log",2,"L1",0.719908537413531,0.710406939547529,1.14285827817203,0.15131483480551,3,TRUE
"fremtpl2_severity_log",3,"auto",0.778313631523053,0.801102661349932,1.19260599836617,-0.00842415800911665,3,TRUE
"fremtpl2_severity_log",3,"auto-weak",0.77372212231406,0.791554103723115,1.19306312903709,0.0174493131422567,3,TRUE
"fremtpl2_severity_log",3,"WPMM2",0.762870968714404,0.763890838125924,1.21495518945445,0.235668614038281,3,TRUE
"fremtpl2_severity_log",3,"WPMM3",0.758477163689615,0.755372121695687,1.20251976349707,0.153531317865168,3,TRUE
"fremtpl2_severity_log",3,"LSE",0.779374353861527,0.801194833242633,1.18985436007507,-0.0167212126531758,3,TRUE
"fremtpl2_severity_log",3,"ridge-LSE",0.774025893103082,0.786506285053395,1.19377772150704,0.025932844056833,3,TRUE
"fremtpl2_severity_log",3,"Huber",0.760502868017056,0.767432844523729,1.195329773116,0.0928998150547454,3,TRUE
"fremtpl2_severity_log",3,"L1",0.76237804464667,0.746150865795618,1.20932766453273,0.168230375069184,3,TRUE
"fremtpl2_severity_log",4,"auto",0.802239622109843,0.826026935305786,1.222188942354,0.0421684984994224,3,TRUE
"fremtpl2_severity_log",4,"auto-weak",0.804470111448385,0.826678493223553,1.2218580938691,0.0404142210101385,3,TRUE
"fremtpl2_severity_log",4,"WPMM2",0.789103571267918,0.785770973054637,1.25263528987953,0.2513884802434,3,TRUE
"fremtpl2_severity_log",4,"WPMM3",0.787394844523725,0.786123662216046,1.24427160708696,0.204348378573486,3,TRUE
"fremtpl2_severity_log",4,"LSE",0.805515807863097,0.826837505331509,1.22132268276014,0.0313223590749945,3,TRUE
"fremtpl2_severity_log",4,"ridge-LSE",0.805453080202273,0.83130180936348,1.22242637032709,0.0247345992505017,3,TRUE
"fremtpl2_severity_log",4,"Huber",0.78864052721972,0.795005168353942,1.23339750526319,0.146899677176497,3,TRUE
"fremtpl2_severity_log",4,"L1",0.792381082228439,0.777125895613443,1.25028931383639,0.205561811693484,3,TRUE
"fremtpl2_severity_log",5,"auto",0.786317148503291,0.81748130715634,1.20037563718208,-0.0602445041436961,3,TRUE
"fremtpl2_severity_log",5,"auto-weak",0.782087320721231,0.805328119210182,1.20700578142492,-0.0245863971311438,3,TRUE
"fremtpl2_severity_log",5,"WPMM2",0.762739056321728,0.781906612779376,1.30968584276795,0.201528666397632,3,TRUE
"fremtpl2_severity_log",5,"WPMM3",0.761133364699421,0.796617565544423,1.73306022237032,0.111471976840601,3,TRUE
"fremtpl2_severity_log",5,"LSE",0.781924166781003,0.811105861424585,1.21023735414913,-0.0428468927442418,3,TRUE
"fremtpl2_severity_log",5,"ridge-LSE",0.779513230369372,0.802317986539458,1.21148485526244,-0.0366983701243421,3,TRUE
"fremtpl2_severity_log",5,"Huber",0.766568633322392,0.775599503633575,1.2047347196156,0.0761015994039732,3,TRUE
"fremtpl2_severity_log",5,"L1",0.76471816941185,0.830163845940206,2.6991467834504,0.0599239489331674,3,TRUE
"fremtpl2_severity_log",6,"auto",0.848379034301415,0.849030171767028,1.25677880299165,0.00724105127615886,3,TRUE
"fremtpl2_severity_log",6,"auto-weak",0.850315866625299,0.84695614368986,1.258499723458,0.00966415978578868,3,TRUE
"fremtpl2_severity_log",6,"WPMM2",0.841224195872428,0.815822221717935,1.28165309516927,0.213902288383716,3,TRUE
"fremtpl2_severity_log",6,"WPMM3",0.842871004345515,0.813902787770755,1.27942076845578,0.184490973287273,3,TRUE
"fremtpl2_severity_log",6,"LSE",0.864247226458575,0.868890320977622,1.26403663509642,-0.0240153146846607,3,TRUE
"fremtpl2_severity_log",6,"ridge-LSE",0.857402777955271,0.858049657672623,1.25964845591289,-0.0146080556266974,3,TRUE
"fremtpl2_severity_log",6,"Huber",0.839545946608945,0.823373126614487,1.26584782358859,0.111395504267396,3,TRUE
"fremtpl2_severity_log",6,"L1",0.843918378538399,0.805829526626811,1.28018037653139,0.173936796135383,3,TRUE
"fremtpl2_severity_log",7,"auto",0.818522502383683,0.826420060968439,1.20972210344352,-0.0658373964295157,3,TRUE
"fremtpl2_severity_log",7,"auto-weak",0.807209286898249,0.812891236250558,1.202826734915,-0.0431926656939404,3,TRUE
"fremtpl2_severity_log",7,"WPMM2",0.779718870851199,0.818086858542773,1.8166027267855,0.140101689836718,3,TRUE
"fremtpl2_severity_log",7,"WPMM3",0.784729375802743,0.847821933848779,2.79188956533575,0.0231088149474908,3,TRUE
"fremtpl2_severity_log",7,"LSE",0.810685316503933,0.829221224037847,1.3551022849783,-0.0598876024262208,3,TRUE
"fremtpl2_severity_log",7,"ridge-LSE",0.816330684405527,0.820760008013233,1.22205790452716,-0.0541672882482225,3,TRUE
"fremtpl2_severity_log",7,"Huber",0.792506303755922,0.83944486364711,2.06256533336089,-0.0210950681650503,3,TRUE
"fremtpl2_severity_log",7,"L1",0.783088089078349,0.784904097676042,1.4876384593798,0.0954281447800597,3,TRUE
"fremtpl2_severity_log",8,"auto",0.910352509683963,0.909026150664301,1.3077967843395,-0.0130274446950367,3,TRUE
"fremtpl2_severity_log",8,"auto-weak",0.897563604499372,0.890857513654735,1.30305867860347,0.0322959377832124,3,TRUE
"fremtpl2_severity_log",8,"WPMM2",0.891423580937432,0.909771346847964,1.95992076847903,0.170023109706829,3,TRUE
"fremtpl2_severity_log",8,"WPMM3",0.884683401231988,0.86111456496655,1.31893913696121,0.172940441015791,3,TRUE
"fremtpl2_severity_log",8,"LSE",0.902259533950186,0.900100321433979,1.3058574570546,0.0130749359319507,3,TRUE
"fremtpl2_severity_log",8,"ridge-LSE",0.908006342726848,0.903717027290975,1.30562290379676,-0.0144232761747104,3,TRUE
"fremtpl2_severity_log",8,"Huber",0.886655774007322,0.866499977017734,1.31506656664703,0.142750024433649,3,TRUE
"fremtpl2_severity_log",8,"L1",0.887133726301702,0.844969074744724,1.32653444298881,0.193025129594194,3,TRUE
"fremtpl2_severity_log",9,"auto",0.808006868586656,0.830884573881456,1.19361941615292,-0.0297684125978498,3,TRUE
"fremtpl2_severity_log",9,"auto-weak",0.808088093860051,0.831028306886668,1.19126183865364,-0.0572579251430293,3,TRUE
"fremtpl2_severity_log",9,"WPMM2",0.772820559776979,0.770928957429095,1.20458360425795,0.193028150347401,3,TRUE
"fremtpl2_severity_log",9,"WPMM3",0.775908600986541,0.772832193984302,1.20154879821726,0.14552639404437,3,TRUE
"fremtpl2_severity_log",9,"LSE",0.80042118604734,0.817556969282826,1.19085229982163,-0.0315648856710814,3,TRUE
"fremtpl2_severity_log",9,"ridge-LSE",0.795988665060056,0.813550604581568,1.18577114020638,-0.0320689859649113,3,TRUE
"fremtpl2_severity_log",9,"Huber",0.777978389889541,0.78521701231205,1.19241279957606,0.0888387882795626,3,TRUE
"fremtpl2_severity_log",9,"L1",0.774581610866038,0.759533797088878,1.20281152979166,0.157546852636791,3,TRUE
"fremtpl2_severity_log",10,"auto",0.832575744191065,0.868209816901698,1.34897903399058,-0.0414752753317973,3,TRUE
"fremtpl2_severity_log",10,"auto-weak",0.817653165209017,0.832489514073758,1.25422424337504,0.046625881280347,3,TRUE
"fremtpl2_severity_log",10,"WPMM2",0.811527692677357,0.812799682045512,1.28755429467875,0.256988468580895,3,TRUE
"fremtpl2_severity_log",10,"WPMM3",0.81359505381035,0.808710408064719,1.27918734279557,0.183783469008211,3,TRUE
"fremtpl2_severity_log",10,"LSE",0.822014810836427,0.841741087420777,1.25944187109267,0.0191361496132956,3,TRUE
"fremtpl2_severity_log",10,"ridge-LSE",0.823288395639183,0.847393371532831,1.28852215329271,0.0203874079130753,3,TRUE
"fremtpl2_severity_log",10,"Huber",0.812300938535145,0.819507454623661,1.28790380863733,0.114083401302589,3,TRUE
"fremtpl2_severity_log",10,"L1",0.816363644351151,0.804013944853466,1.28590852519656,0.195469262888706,3,TRUE
"fremtpl2_severity_log",11,"auto",0.811632379773777,0.833542123621009,1.23947735255647,-0.0147690683264654,3,TRUE
"fremtpl2_severity_log",11,"auto-weak",0.808481615409222,0.824756782877896,1.2396721190679,-0.00969229870500502,3,TRUE
"fremtpl2_severity_log",11,"WPMM2",0.790492731514474,0.80965207926989,1.28635751280331,0.227368784749192,3,TRUE
"fremtpl2_severity_log",11,"WPMM3",0.780962352547136,0.784599946024856,1.24831520059932,0.168144561778082,3,TRUE
"fremtpl2_severity_log",11,"LSE",0.825054143217025,0.848515675485902,1.2957572844707,0.00167941374919804,3,TRUE
"fremtpl2_severity_log",11,"ridge-LSE",0.817894133573228,0.832563335772963,1.24317409491135,0.00291372059339881,3,TRUE
"fremtpl2_severity_log",11,"Huber",0.785687793005632,0.797516294343507,1.24038595251087,0.093274574753434,3,TRUE
"fremtpl2_severity_log",11,"L1",0.798530897908704,0.801590976839269,1.32977360568861,0.197067117108516,3,TRUE
"fremtpl2_severity_log",12,"auto",0.807147866842285,0.839237306277826,1.22369100898791,-0.0393420699892299,3,TRUE
"fremtpl2_severity_log",12,"auto-weak",0.800924663379708,0.829220762753855,1.21811260868943,-0.0346018676861749,3,TRUE
"fremtpl2_severity_log",12,"WPMM2",0.771381200601049,0.784772872402626,1.23388141013661,0.193292672503191,3,TRUE
"fremtpl2_severity_log",12,"WPMM3",0.774274722417118,0.782023123815532,1.23114566815897,0.152739766984175,3,TRUE
"fremtpl2_severity_log",12,"LSE",0.796548978616115,0.823347264553332,1.21546110534142,-0.0135402010944516,3,TRUE
"fremtpl2_severity_log",12,"ridge-LSE",0.807203810386956,0.837848872455916,1.22787786902144,-0.053091455277496,3,TRUE
"fremtpl2_severity_log",12,"Huber",0.781445015784652,0.802018372559998,1.21534110083877,0.0530313463707415,3,TRUE
"fremtpl2_severity_log",12,"L1",0.778223178661511,0.772136076752979,1.23766241496834,0.149024812170598,3,TRUE
"fremtpl2_severity_log",13,"auto",0.844834528067583,0.848056407783675,1.25854903606034,0.0695441728443911,3,TRUE
"fremtpl2_severity_log",13,"auto-weak",0.843420563110149,0.846280553448804,1.26820856521516,0.0592743535785179,3,TRUE
"fremtpl2_severity_log",13,"WPMM2",0.834395297661551,0.819883951304933,1.28174285603601,0.260890185023249,3,TRUE
"fremtpl2_severity_log",13,"WPMM3",0.835282924371361,0.845574664310692,1.68178490343749,0.17291673793199,3,TRUE
"fremtpl2_severity_log",13,"LSE",0.840392525428412,0.862620460634115,1.46933165288082,0.0792929838454127,3,TRUE
"fremtpl2_severity_log",13,"ridge-LSE",0.843549237900172,0.864693757095813,1.53544631666904,0.0268991963834465,3,TRUE
"fremtpl2_severity_log",13,"Huber",0.835290601361846,0.826832264875231,1.25777230665387,0.125256677242876,3,TRUE
"fremtpl2_severity_log",13,"L1",0.83834208095513,0.814275532384116,1.31014999130725,0.189008001926053,3,TRUE
"fremtpl2_severity_log",14,"auto",0.795012532596805,0.824484702621903,1.21994503258722,-0.0329303950260109,3,TRUE
"fremtpl2_severity_log",14,"auto-weak",0.796580600356359,0.850274875953611,1.54240568945406,-0.0668982297392697,3,TRUE
"fremtpl2_severity_log",14,"WPMM2",0.769101336750957,0.784573819198145,1.24963984679725,0.189718785347183,3,TRUE
"fremtpl2_severity_log",14,"WPMM3",0.767927963360815,0.780477477087832,1.26360639915218,0.113448671701113,3,TRUE
"fremtpl2_severity_log",14,"LSE",0.80427668808444,0.828379955729523,1.2230303356757,-0.0419571976126743,3,TRUE
"fremtpl2_severity_log",14,"ridge-LSE",0.792799957684153,0.82848542667061,1.31780619036918,-0.069380484235376,3,TRUE
"fremtpl2_severity_log",14,"Huber",0.771864215404936,0.822190553729109,1.76179353467619,0.0227804084956535,3,TRUE
"fremtpl2_severity_log",14,"L1",0.761764311279438,0.777613534254988,1.53858591382647,0.104167103459021,3,TRUE
"fremtpl2_severity_log",15,"auto",0.828113842174935,0.839219687415752,1.23148757308193,0.0104091321495924,3,TRUE
"fremtpl2_severity_log",15,"auto-weak",0.826432915255798,0.830696004052688,1.23259562671452,0.0502073545707002,3,TRUE
"fremtpl2_severity_log",15,"WPMM2",0.822635129974162,0.814646019673352,1.28661094740046,0.252824587413086,3,TRUE
"fremtpl2_severity_log",15,"WPMM3",0.819401702353254,0.796499031857716,1.2552316753845,0.209869465474221,3,TRUE
"fremtpl2_severity_log",15,"LSE",0.824366047015772,0.827762700178369,1.22667362882924,0.0469313029258323,3,TRUE
"fremtpl2_severity_log",15,"ridge-LSE",0.835711137022092,0.844710074200967,1.26215386555067,0.0376122145152433,3,TRUE
"fremtpl2_severity_log",15,"Huber",0.817332521584812,0.853516911323213,2.08927925282921,0.0666810669158733,3,TRUE
"fremtpl2_severity_log",15,"L1",0.818946718028522,0.830353430412363,1.99923651876167,0.151953537696448,3,TRUE
"fremtpl2_severity_log",16,"auto",0.775784525460465,0.803426911226006,1.19811203562035,0.0335290881196885,3,TRUE
"fremtpl2_severity_log",16,"auto-weak",0.786530135898806,0.821205767801397,1.19825641440946,-0.0306728625177661,3,TRUE
"fremtpl2_severity_log",16,"WPMM2",0.769260920156865,0.784138845529093,1.2251555396261,0.251512776439442,3,TRUE
"fremtpl2_severity_log",16,"WPMM3",0.761539367239389,0.768073263775765,1.21326031311352,0.190704558125471,3,TRUE
"fremtpl2_severity_log",16,"LSE",0.787915929912972,0.821292477828874,1.20011616043377,-0.0319178024178124,3,TRUE
"fremtpl2_severity_log",16,"ridge-LSE",0.774001524174652,0.798401695489013,1.1958779999726,0.0273987546603463,3,TRUE
"fremtpl2_severity_log",16,"Huber",0.76186343230053,0.778954929538817,1.20001510520735,0.0910252691752769,3,TRUE
"fremtpl2_severity_log",16,"L1",0.75976580904469,0.756667520610241,1.21451849006765,0.17795018788576,3,TRUE
"fremtpl2_severity_log",17,"auto",0.799595591164195,0.823998520502153,1.22788330328335,-0.00723140361978023,3,TRUE
"fremtpl2_severity_log",17,"auto-weak",0.808984137060711,0.836708280409032,1.23157505958939,-0.040039654617428,3,TRUE
"fremtpl2_severity_log",17,"WPMM2",0.778938871598015,0.793347196265009,1.24638455737713,0.225015012935694,3,TRUE
"fremtpl2_severity_log",17,"WPMM3",0.776901906648984,0.784551146449866,1.23747220730737,0.146899449807925,3,TRUE
"fremtpl2_severity_log",17,"LSE",0.806985729917171,0.835137573745429,1.23229059507444,-0.040825025910121,3,TRUE
"fremtpl2_severity_log",17,"ridge-LSE",0.806972527029097,0.839391877653711,1.23638661794954,-0.0247974482289203,3,TRUE
"fremtpl2_severity_log",17,"Huber",0.782252379756993,0.798373893491802,1.23396394343943,0.100895817488521,3,TRUE
"fremtpl2_severity_log",17,"L1",0.778097133266946,0.775351422995924,1.2457896066862,0.161163815070606,3,TRUE
"fremtpl2_severity_log",18,"auto",0.814728298996546,0.829857526099496,1.25056807151339,0.0131543422282821,3,TRUE
"fremtpl2_severity_log",18,"auto-weak",0.817479799502112,0.836751607123404,1.25099193023947,-0.0138365370519871,3,TRUE
"fremtpl2_severity_log",18,"WPMM2",0.801687346740232,0.80323503221551,1.27181722879646,0.239905311397415,3,TRUE
"fremtpl2_severity_log",18,"WPMM3",0.794223120976968,0.79076903652182,1.2627550655897,0.171145111868611,3,TRUE
"fremtpl2_severity_log",18,"LSE",0.814878578924933,0.834564793974869,1.24884929567145,0.000223491224928244,3,TRUE
"fremtpl2_severity_log",18,"ridge-LSE",0.815288661717867,0.832904873484795,1.25108038799752,0.0152425654645791,3,TRUE
"fremtpl2_severity_log",18,"Huber",0.797974367292016,0.804133762139358,1.25218669422329,0.096975542143442,3,TRUE
"fremtpl2_severity_log",18,"L1",0.794048134016874,0.781004707471066,1.26336560503699,0.170655251257643,3,TRUE
"fremtpl2_severity_log",19,"auto",0.776424396674974,0.805877728693154,1.20761606807688,-0.0830423740954352,3,TRUE
"fremtpl2_severity_log",19,"auto-weak",0.776922003867167,0.808292488120715,1.21185229370662,-0.0934970221791733,3,TRUE
"fremtpl2_severity_log",19,"WPMM2",0.745647935603958,0.760222667179932,1.21929571082808,0.154107697169514,3,TRUE
"fremtpl2_severity_log",19,"WPMM3",0.744610987455065,0.756524903794829,1.21886871201397,0.129235409852916,3,TRUE
"fremtpl2_severity_log",19,"LSE",0.767733618206245,0.796685763174964,1.2083860713198,-0.0587732017889338,3,TRUE
"fremtpl2_severity_log",19,"ridge-LSE",0.778342825556384,0.812619167516012,1.20991186490586,-0.0888819342707988,3,TRUE
"fremtpl2_severity_log",19,"Huber",0.753536526450419,0.767452237476918,1.21471163333179,0.0483909984825551,3,TRUE
"fremtpl2_severity_log",19,"L1",0.750265569487308,0.74702594072856,1.22295735724876,0.108920973470808,3,TRUE
"fremtpl2_severity_log",20,"auto",0.752582014307529,0.781713117330051,1.16848382819613,0.0738546398359886,3,TRUE
"fremtpl2_severity_log",20,"auto-weak",0.752267289832915,0.777732595733981,1.16855336499203,0.0443838232462896,3,TRUE
"fremtpl2_severity_log",20,"WPMM2",0.742660026070824,0.753576676830486,1.19392000317031,0.275576748707895,3,TRUE
"fremtpl2_severity_log",20,"WPMM3",0.738491847733092,0.74080450064617,1.17937949638769,0.190605302086719,3,TRUE
"fremtpl2_severity_log",20,"LSE",0.758201191691494,0.791645227179623,1.16805730345238,0.0500131429598898,3,TRUE
"fremtpl2_severity_log",20,"ridge-LSE",0.755080586821025,0.783431069843155,1.16162798425775,0.0340470077968423,3,TRUE
"fremtpl2_severity_log",20,"Huber",0.737817842906664,0.753794628005668,1.17246273969653,0.152413319976016,3,TRUE
"fremtpl2_severity_log",20,"L1",0.739583206448565,0.733753372855468,1.1831749868885,0.206957638809393,3,TRUE
"fremtpl2_severity_log",21,"auto",0.870918576347403,0.917284019652602,1.69199017886287,-0.0416353080451977,3,TRUE
"fremtpl2_severity_log",21,"auto-weak",0.867125466082905,0.886358762736059,1.32810448606794,-0.00284672060880542,3,TRUE
"fremtpl2_severity_log",21,"WPMM2",0.852211572846379,0.841436836394064,1.31651821940485,0.231407861038166,3,TRUE
"fremtpl2_severity_log",21,"WPMM3",0.855063176160816,0.837248514668886,1.31306164901722,0.187438863185449,3,TRUE
"fremtpl2_severity_log",21,"LSE",0.865799101991571,0.889583485160801,1.43588141625791,0.0165965816624577,3,TRUE
"fremtpl2_severity_log",21,"ridge-LSE",0.863976739195843,0.878032725784878,1.29734021507092,0.0297667253787073,3,TRUE
"fremtpl2_severity_log",21,"Huber",0.856697935259241,0.857130449287559,1.32818552837178,0.130589080559512,3,TRUE
"fremtpl2_severity_log",21,"L1",0.85880996479677,0.831791711783384,1.31614155220414,0.183533548878351,3,TRUE
"fremtpl2_severity_log",22,"auto",0.779200210273477,0.817456900029977,1.19415663038606,-0.0459906864358757,3,TRUE
"fremtpl2_severity_log",22,"auto-weak",0.763801446349561,0.797192606693472,1.18542522685334,0.0139464978374383,3,TRUE
"fremtpl2_severity_log",22,"WPMM2",0.741881601877465,0.780862809863756,1.28410842934482,0.198335986651534,3,TRUE
"fremtpl2_severity_log",22,"WPMM3",0.742779042505153,0.802015703001666,1.81828520955734,0.122916211838165,3,TRUE
"fremtpl2_severity_log",22,"LSE",0.766954837933633,0.80477360583795,1.18789808829596,-0.00598614413830162,3,TRUE
"fremtpl2_severity_log",22,"ridge-LSE",0.769702626501971,0.802140010985614,1.18563947964607,-0.00924221497178521,3,TRUE
"fremtpl2_severity_log",22,"Huber",0.747865930987879,0.870080496484819,3.42149773560543,0.194806427124802,3,TRUE
"fremtpl2_severity_log",22,"L1",0.742905087851968,0.806657833714294,2.12295198634546,0.0904449599383428,3,TRUE
"fremtpl2_severity_log",23,"auto",0.849501064124033,0.86220412128296,1.27596354633212,0.0295859769309171,3,TRUE
"fremtpl2_severity_log",23,"auto-weak",0.839349596381934,0.852386853685337,1.27207542701161,0.0116611029424385,3,TRUE
"fremtpl2_severity_log",23,"WPMM2",0.830298723698575,0.827340083758125,1.29964118515993,0.257864761205146,3,TRUE
"fremtpl2_severity_log",23,"WPMM3",0.826398057692204,0.816807577778015,1.28908652640899,0.19640117596002,3,TRUE
"fremtpl2_severity_log",23,"LSE",0.845427158814227,0.864531937818407,1.27461415970613,-0.00515545511625681,3,TRUE
"fremtpl2_severity_log",23,"ridge-LSE",0.838412271694428,0.854737247090598,1.27237283154504,0.0208989888526116,3,TRUE
"fremtpl2_severity_log",23,"Huber",0.825431891615677,0.824967921114594,1.2794124291051,0.133776691815808,3,TRUE
"fremtpl2_severity_log",23,"L1",0.823941070871048,0.803608729131928,1.29231724339836,0.187828363344976,3,TRUE
"fremtpl2_severity_log",24,"auto",0.783750995162876,0.808756815847048,1.19889562323884,0.0376274013251365,3,TRUE
"fremtpl2_severity_log",24,"auto-weak",0.796640481420421,0.822418139111913,1.19921485382521,-0.006407379237672,3,TRUE
"fremtpl2_severity_log",24,"WPMM2",0.769487382067048,0.783692606719402,1.22449058345043,0.24296624478985,3,TRUE
"fremtpl2_severity_log",24,"WPMM3",0.767895302845988,0.773738391806681,1.21779971096432,0.188997182029767,3,TRUE
"fremtpl2_severity_log",24,"LSE",0.788710353019812,0.81110232793943,1.20010155094191,0.0126583080645831,3,TRUE
"fremtpl2_severity_log",24,"ridge-LSE",0.787062638375597,0.815461560767711,1.19894059058256,0.0166419736991593,3,TRUE
"fremtpl2_severity_log",24,"Huber",0.771909417657497,0.785931627424599,1.20691443423207,0.116627649207002,3,TRUE
"fremtpl2_severity_log",24,"L1",0.771555315230256,0.768033071322823,1.22169562417596,0.176935619442431,3,TRUE
"fremtpl2_severity_log",25,"auto",0.812887491217859,0.834557075363847,1.20967546291553,0.0225467115814355,3,TRUE
"fremtpl2_severity_log",25,"auto-weak",0.819172172596648,0.836983602364044,1.20786902556286,-0.00663065975634959,3,TRUE
"fremtpl2_severity_log",25,"WPMM2",0.798159805041348,0.794680374712764,1.22586887630243,0.231604079580587,3,TRUE
"fremtpl2_severity_log",25,"WPMM3",0.793382454231631,0.789241125021626,1.2130357031884,0.161840550172711,3,TRUE
"fremtpl2_severity_log",25,"LSE",0.808093627766147,0.827184250160184,1.1996714926727,0.0171136581402932,3,TRUE
"fremtpl2_severity_log",25,"ridge-LSE",0.81411240652667,0.83426315212878,1.20583141426664,-0.000637301588613834,3,TRUE
"fremtpl2_severity_log",25,"Huber",0.797569619027508,0.797813629515256,1.2102966340447,0.112664486172399,3,TRUE
"fremtpl2_severity_log",25,"L1",0.793468538216181,0.772178010965659,1.21611985255285,0.180054531567142,3,TRUE
"fremtpl2_severity_log",26,"auto",0.828572059208135,0.852325712448566,1.25293231622112,-0.0329682983754803,3,TRUE
"fremtpl2_severity_log",26,"auto-weak",0.829041511290137,0.855019857259493,1.2505750220626,-0.0552600233596304,3,TRUE
"fremtpl2_severity_log",26,"WPMM2",0.802997034319083,0.809213759795762,1.26553833364937,0.191126245484413,3,TRUE
"fremtpl2_severity_log",26,"WPMM3",0.804310940218636,0.809684127140508,1.26134165845306,0.154742268579768,3,TRUE
"fremtpl2_severity_log",26,"LSE",0.836330420134707,0.862191103255029,1.25602992474339,-0.0733819218863602,3,TRUE
"fremtpl2_severity_log",26,"ridge-LSE",0.831834419532884,0.858154963701062,1.25557928647581,-0.0470053394408277,3,TRUE
"fremtpl2_severity_log",26,"Huber",0.804749142206802,0.818760246766233,1.25217307281423,0.0832688463901716,3,TRUE
"fremtpl2_severity_log",26,"L1",0.806929321746786,0.799400483393437,1.26376914943284,0.143495813420708,3,TRUE
"fremtpl2_severity_log",27,"auto",0.750676470888802,0.776451902004686,1.15769108670041,-0.0179784130830689,3,TRUE
"fremtpl2_severity_log",27,"auto-weak",0.746258852870534,0.767864665362821,1.15842861498837,-0.00455859752688056,3,TRUE
"fremtpl2_severity_log",27,"WPMM2",0.739348456410854,0.741285511351638,1.18482702150292,0.224936545990885,3,TRUE
"fremtpl2_severity_log",27,"WPMM3",0.73878108880122,0.737679946778181,1.17791483732527,0.176677477311515,3,TRUE
"fremtpl2_severity_log",27,"LSE",0.755229058280693,0.772480095238556,1.16530164710403,-0.0112532107391295,3,TRUE
"fremtpl2_severity_log",27,"ridge-LSE",0.747140974006058,0.76446166431889,1.153878464696,-0.0150319849275859,3,TRUE
"fremtpl2_severity_log",27,"Huber",0.736861953815169,0.74188775083697,1.16388685443169,0.0950388491916622,3,TRUE
"fremtpl2_severity_log",27,"L1",0.741809568548091,0.730701833727321,1.18315875030333,0.162124102424247,3,TRUE
"fremtpl2_severity_log",28,"auto",0.774343412773803,0.806576602601302,1.19327832019704,0.009194192508754,3,TRUE
"fremtpl2_severity_log",28,"auto-weak",0.775222330695623,0.809896139688565,1.19200520903707,0.00518516709885093,3,TRUE
"fremtpl2_severity_log",28,"WPMM2",0.758878346665735,0.767342981717849,1.21402585292782,0.231048240319303,3,TRUE
"fremtpl2_severity_log",28,"WPMM3",0.754270505788529,0.762795786808443,1.20003889885895,0.160053728334406,3,TRUE
"fremtpl2_severity_log",28,"LSE",0.781499547063102,0.814281483757027,1.19154633541562,-0.050414283685249,3,TRUE
"fremtpl2_severity_log",28,"ridge-LSE",0.774783589383608,0.801939269339012,1.18702601249785,-0.0150938335741963,3,TRUE
"fremtpl2_severity_log",28,"Huber",0.757874418260628,0.771783162188041,1.19560211626357,0.119135763393779,3,TRUE
"fremtpl2_severity_log",28,"L1",0.758028680132379,0.750694877079465,1.20793322538324,0.16081990032322,3,TRUE
"fremtpl2_severity_log",29,"auto",0.791866847475184,0.809636902903439,1.22544212732674,0.11637738359845,3,TRUE
"fremtpl2_severity_log",29,"auto-weak",0.792343430568071,0.822558672940206,1.26447449268672,0.0913011148856343,3,TRUE
"fremtpl2_severity_log",29,"WPMM2",0.788980568257817,0.793943559862308,1.25110816447683,0.30164285164009,3,TRUE
"fremtpl2_severity_log",29,"WPMM3",0.783171850546281,0.803043363384847,1.52424338452319,0.217198498466283,3,TRUE
"fremtpl2_severity_log",29,"LSE",0.795875946983071,0.829095517165063,1.32426063162954,0.0760655470960431,3,TRUE
"fremtpl2_severity_log",29,"ridge-LSE",0.787619517520227,0.81917631360601,1.30093853775773,0.100931768156082,3,TRUE
"fremtpl2_severity_log",29,"Huber",0.785386778134939,0.78985169077077,1.23039657729889,0.206843090079397,3,TRUE
"fremtpl2_severity_log",29,"L1",0.784874822701566,0.769099495431305,1.24200402535085,0.249646795198649,3,TRUE
"fremtpl2_severity_log",30,"auto",0.817066974808838,0.85349399002252,1.46320375407796,-0.0613270043970294,3,TRUE
"fremtpl2_severity_log",30,"auto-weak",0.815889585714045,0.831578514716228,1.25319861057197,-0.0342395203822494,3,TRUE
"fremtpl2_severity_log",30,"WPMM2",0.815228478645699,0.81972026190323,1.50302765284036,0.181241516301654,3,TRUE
"fremtpl2_severity_log",30,"WPMM3",0.815664699532135,0.812570025774667,1.47425835682015,0.10636330465016,3,TRUE
"fremtpl2_severity_log",30,"LSE",0.822072984941922,0.844443270868168,1.24398812167945,-0.0667617651680662,3,TRUE
"fremtpl2_severity_log",30,"ridge-LSE",0.819829620065121,0.845078237773386,1.34209837771497,-0.0582824295800473,3,TRUE
"fremtpl2_severity_log",30,"Huber",0.81096886441674,0.797371459958034,1.25182623384141,0.0869382433186808,3,TRUE
"fremtpl2_severity_log",30,"L1",0.815551778590589,0.823239687010642,1.82219608313485,0.106185763891632,3,TRUE
