dataset,protocol,role,split_id,model,variant,params,trmse,mae,rmse
sru_y1_dynamic,blocked,strong_positive,1,rf,default,,0.003237658938825952,0.008647996468033315,0.03989050956478727
sru_y1_dynamic,blocked,strong_positive,1,rf,tuned,"{'max_features': 1.0, 'min_samples_leaf': 5}",0.0025181132554616525,0.008161719795769446,0.039713608706081795
sru_y1_dynamic,blocked,strong_positive,1,extra,default,,0.005562990722242204,0.009474669779016663,0.031704574740270414
sru_y1_dynamic,blocked,strong_positive,1,extra,tuned,"{'max_features': 1.0, 'min_samples_leaf': 5}",0.005842667924863097,0.010946167835314225,0.038535597954099436
sru_y1_dynamic,blocked,strong_positive,1,hgb,default,,0.004233456998096036,0.012996123521382295,0.060490528103952855
sru_y1_dynamic,blocked,strong_positive,1,hgb,tuned,"{'learning_rate': 0.03, 'max_leaf_nodes': 31, 'min_samples_leaf': 20}",0.004183131944305027,0.012926244518330047,0.06072610025909643
sru_y1_dynamic,blocked,strong_positive,2,rf,default,,0.0014111540847716452,0.0018995263279844435,0.003965140021257611
sru_y1_dynamic,blocked,strong_positive,2,rf,tuned,"{'max_features': 1.0, 'min_samples_leaf': 5}",0.0012761297831832411,0.001848586843968029,0.004009130614035134
sru_y1_dynamic,blocked,strong_positive,2,extra,default,,0.001369690365972541,0.001810777954811112,0.0036897327954166816
sru_y1_dynamic,blocked,strong_positive,2,extra,tuned,"{'max_features': 1.0, 'min_samples_leaf': 5}",0.0014839294100833843,0.00196856475220681,0.0037515777314354373
sru_y1_dynamic,blocked,strong_positive,2,hgb,default,,0.002236801508028266,0.002618223054057972,0.004178379647317708
sru_y1_dynamic,blocked,strong_positive,2,hgb,tuned,"{'learning_rate': 0.1, 'max_leaf_nodes': 15, 'min_samples_leaf': 20}",0.0025158340240650254,0.00286914793656995,0.004455053001995505
sru_y1_dynamic,blocked,strong_positive,3,rf,default,,0.006907132983316847,0.016862935303266643,0.055478332460381606
sru_y1_dynamic,blocked,strong_positive,3,rf,tuned,"{'max_features': 1.0, 'min_samples_leaf': 5}",0.0049615942803628455,0.015656814352345613,0.05747676853602187
sru_y1_dynamic,blocked,strong_positive,3,extra,default,,0.006109645885757094,0.014559126614949977,0.04377495401350523
sru_y1_dynamic,blocked,strong_positive,3,extra,tuned,"{'max_features': 1.0, 'min_samples_leaf': 5}",0.005874561936402569,0.01312327813104131,0.042831529132312106
sru_y1_dynamic,blocked,strong_positive,3,hgb,default,,0.023897543934109616,0.03483750055105868,0.08618149023559893
sru_y1_dynamic,blocked,strong_positive,3,hgb,tuned,"{'learning_rate': 0.03, 'max_leaf_nodes': 15, 'min_samples_leaf': 50}",0.02657282103105702,0.03951224398895586,0.09180163982986528
sru_y1_dynamic,blocked,strong_positive,4,rf,default,,0.0038087460684022465,0.005630572896238871,0.014400198306061512
sru_y1_dynamic,blocked,strong_positive,4,rf,tuned,"{'max_features': 1.0, 'min_samples_leaf': 5}",0.003171895034578736,0.005114682748489761,0.01605910928449358
sru_y1_dynamic,blocked,strong_positive,4,extra,default,,0.0035221804877862434,0.004792262822449981,0.012093073958111183
sru_y1_dynamic,blocked,strong_positive,4,extra,tuned,"{'max_features': 1.0, 'min_samples_leaf': 1}",0.0035221804877862434,0.004792262822449981,0.012093073958111183
sru_y1_dynamic,blocked,strong_positive,4,hgb,default,,0.0038201357812138264,0.006483622038312924,0.022545639274494166
sru_y1_dynamic,blocked,strong_positive,4,hgb,tuned,"{'learning_rate': 0.03, 'max_leaf_nodes': 31, 'min_samples_leaf': 50}",0.005059617765108245,0.007431954843269407,0.021377310724100176
sru_y1_dynamic,blocked,strong_positive,5,rf,default,,0.002634562444701312,0.0041312469781555556,0.011264965670941979
sru_y1_dynamic,blocked,strong_positive,5,rf,tuned,"{'max_features': 1.0, 'min_samples_leaf': 5}",0.0028152277902010973,0.004531824463746873,0.013685135136679571
sru_y1_dynamic,blocked,strong_positive,5,extra,default,,0.005998607267611866,0.006776536121388886,0.01239755192992806
sru_y1_dynamic,blocked,strong_positive,5,extra,tuned,"{'max_features': 1.0, 'min_samples_leaf': 1}",0.005998607267611866,0.006776536121388886,0.01239755192992806
sru_y1_dynamic,blocked,strong_positive,5,hgb,default,,0.00935639724936059,0.010854082497551407,0.02262359416256628
sru_y1_dynamic,blocked,strong_positive,5,hgb,tuned,"{'learning_rate': 0.1, 'max_leaf_nodes': 31, 'min_samples_leaf': 20}",0.009953163045265875,0.012045868897426147,0.02332397059126455
gas_turbine_co_2015_raw,blocked,strong_positive,1,rf,default,,0.3929229917254518,0.5334149881666663,1.1743031056620241
gas_turbine_co_2015_raw,blocked,strong_positive,1,rf,tuned,"{'max_features': 0.5, 'min_samples_leaf': 5}",0.38432220374150683,0.45300272535640224,0.7766606035753829
gas_turbine_co_2015_raw,blocked,strong_positive,1,extra,default,,0.36807855668174644,0.43789954272222187,0.7633705888841065
gas_turbine_co_2015_raw,blocked,strong_positive,1,extra,tuned,"{'max_features': 1.0, 'min_samples_leaf': 5}",0.3647590475044952,0.43568179510285054,0.7511166369283294
gas_turbine_co_2015_raw,blocked,strong_positive,1,hgb,default,,0.8033052106940175,0.8188184517619435,1.168616698281659
gas_turbine_co_2015_raw,blocked,strong_positive,1,hgb,tuned,"{'learning_rate': 0.03, 'max_leaf_nodes': 31, 'min_samples_leaf': 50}",0.539424100517377,0.5976148037479511,0.891135267816523
gas_turbine_co_2015_raw,blocked,strong_positive,2,rf,default,,0.535491117079667,0.6591420170000003,1.513035243140946
gas_turbine_co_2015_raw,blocked,strong_positive,2,rf,tuned,"{'max_features': 'sqrt', 'min_samples_leaf': 5}",0.5317732408674446,0.6525373790563532,1.512648346118874
gas_turbine_co_2015_raw,blocked,strong_positive,2,extra,default,,0.5101143179718569,0.6256905768888892,1.405998153398171
gas_turbine_co_2015_raw,blocked,strong_positive,2,extra,tuned,"{'max_features': 0.5, 'min_samples_leaf': 1}",0.51215713637378,0.6321167118888892,1.4297154745704426
gas_turbine_co_2015_raw,blocked,strong_positive,2,hgb,default,,0.5831168268593633,0.7095387095057051,1.5479655542441606
gas_turbine_co_2015_raw,blocked,strong_positive,2,hgb,tuned,"{'learning_rate': 0.03, 'max_leaf_nodes': 15, 'min_samples_leaf': 20}",0.5988763352922314,0.7285427020061972,1.55482460049244
gas_turbine_co_2015_raw,blocked,strong_positive,3,rf,default,,0.7590367546363944,0.936629619888889,2.1193198576501073
gas_turbine_co_2015_raw,blocked,strong_positive,3,rf,tuned,"{'max_features': 1.0, 'min_samples_leaf': 5}",0.761442373287292,0.9190724698825223,2.05881143579618
gas_turbine_co_2015_raw,blocked,strong_positive,3,extra,default,,0.7562917956219462,0.9322078758888892,2.18385270300578
gas_turbine_co_2015_raw,blocked,strong_positive,3,extra,tuned,"{'max_features': 1.0, 'min_samples_leaf': 5}",0.7474380672073185,0.9039034596780975,2.0991613937703626
gas_turbine_co_2015_raw,blocked,strong_positive,3,hgb,default,,0.7900557742397009,0.9642255511024479,2.2252673117374218
gas_turbine_co_2015_raw,blocked,strong_positive,3,hgb,tuned,"{'learning_rate': 0.03, 'max_leaf_nodes': 15, 'min_samples_leaf': 20}",0.7615735454296542,0.9295309505212564,2.1959785536765124
gas_turbine_co_2015_raw,blocked,strong_positive,4,rf,default,,0.8223320432461316,0.8671635987222218,1.3732922189457093
gas_turbine_co_2015_raw,blocked,strong_positive,4,rf,tuned,"{'max_features': 0.5, 'min_samples_leaf': 1}",0.789919244164859,0.8408761096666666,1.2922346916098946
gas_turbine_co_2015_raw,blocked,strong_positive,4,extra,default,,0.7916767825127858,0.8449823787777778,1.319220302555712
gas_turbine_co_2015_raw,blocked,strong_positive,4,extra,tuned,"{'max_features': 0.5, 'min_samples_leaf': 1}",0.7763502963160605,0.8283468749444444,1.2709144389103642
gas_turbine_co_2015_raw,blocked,strong_positive,4,hgb,default,,0.843024153629332,0.9113407445048715,1.3657172497259304
gas_turbine_co_2015_raw,blocked,strong_positive,4,hgb,tuned,"{'learning_rate': 0.03, 'max_leaf_nodes': 15, 'min_samples_leaf': 50}",0.8049701525524108,0.8573688847080475,1.2408508901857291
gas_turbine_co_2015_raw,blocked,strong_positive,5,rf,default,,0.5246071274878354,0.5656220702777779,0.7882020972331879
gas_turbine_co_2015_raw,blocked,strong_positive,5,rf,tuned,"{'max_features': 'sqrt', 'min_samples_leaf': 5}",0.5160256802148898,0.5507471662411054,0.741328686838127
gas_turbine_co_2015_raw,blocked,strong_positive,5,extra,default,,0.5261745734968392,0.5791597723333333,0.8030856785474156
gas_turbine_co_2015_raw,blocked,strong_positive,5,extra,tuned,"{'max_features': 0.5, 'min_samples_leaf': 5}",0.5438880660977207,0.579821556716805,0.7819488638638751
gas_turbine_co_2015_raw,blocked,strong_positive,5,hgb,default,,0.6444220196604716,0.7258677929187216,1.0333691345323623
gas_turbine_co_2015_raw,blocked,strong_positive,5,hgb,tuned,"{'learning_rate': 0.03, 'max_leaf_nodes': 15, 'min_samples_leaf': 50}",0.5658650049218801,0.6375673117632212,0.9148429651548593
gas_turbine_nox_2015_raw,blocked,strong_positive,1,rf,default,,2.2855221500673735,2.6640403277777818,4.235038106666244
gas_turbine_nox_2015_raw,blocked,strong_positive,1,rf,tuned,"{'max_features': 1.0, 'min_samples_leaf': 1}",2.2855221500673735,2.6640403277777818,4.235038106666244
gas_turbine_nox_2015_raw,blocked,strong_positive,1,extra,default,,2.254179448434436,2.5696678500000067,4.063706503313939
gas_turbine_nox_2015_raw,blocked,strong_positive,1,extra,tuned,"{'max_features': 1.0, 'min_samples_leaf': 1}",2.254179448434436,2.5696678500000067,4.063706503313939
gas_turbine_nox_2015_raw,blocked,strong_positive,1,hgb,default,,3.3632479248075904,3.769315384806531,5.396574021176751
gas_turbine_nox_2015_raw,blocked,strong_positive,1,hgb,tuned,"{'learning_rate': 0.1, 'max_leaf_nodes': 15, 'min_samples_leaf': 20}",3.0817376938146968,3.4378430541454175,4.999348269320808
gas_turbine_nox_2015_raw,blocked,strong_positive,2,rf,default,,2.183692183645129,2.4939515388888958,3.7906425129975485
gas_turbine_nox_2015_raw,blocked,strong_positive,2,rf,tuned,"{'max_features': 1.0, 'min_samples_leaf': 1}",2.183692183645129,2.4939515388888958,3.7906425129975485
gas_turbine_nox_2015_raw,blocked,strong_positive,2,extra,default,,2.1937661022251835,2.5418040555555597,3.8840662547203366
gas_turbine_nox_2015_raw,blocked,strong_positive,2,extra,tuned,"{'max_features': 1.0, 'min_samples_leaf': 1}",2.1937661022251835,2.5418040555555597,3.8840662547203366
gas_turbine_nox_2015_raw,blocked,strong_positive,2,hgb,default,,2.4253124440365683,2.830110043087801,4.260848461717108
gas_turbine_nox_2015_raw,blocked,strong_positive,2,hgb,tuned,"{'learning_rate': 0.1, 'max_leaf_nodes': 15, 'min_samples_leaf': 20}",2.4840821489765723,2.854322013593648,4.235540274009896
gas_turbine_nox_2015_raw,blocked,strong_positive,3,rf,default,,2.8039743438298923,3.30732033333333,5.241852230140129
gas_turbine_nox_2015_raw,blocked,strong_positive,3,rf,tuned,"{'max_features': 1.0, 'min_samples_leaf': 1}",2.8039743438298923,3.30732033333333,5.241852230140129
gas_turbine_nox_2015_raw,blocked,strong_positive,3,extra,default,,2.7154842475028245,3.1018388499999987,4.692468375692255
gas_turbine_nox_2015_raw,blocked,strong_positive,3,extra,tuned,"{'max_features': 1.0, 'min_samples_leaf': 1}",2.7154842475028245,3.1018388499999987,4.692468375692255
gas_turbine_nox_2015_raw,blocked,strong_positive,3,hgb,default,,2.9091370827126037,3.39336348798537,5.325653313897228
gas_turbine_nox_2015_raw,blocked,strong_positive,3,hgb,tuned,"{'learning_rate': 0.1, 'max_leaf_nodes': 15, 'min_samples_leaf': 20}",2.912365915878928,3.317094102045768,5.131107698871996
gas_turbine_nox_2015_raw,blocked,strong_positive,4,rf,default,,2.2265508871013893,2.3543334777777805,3.1709344554082994
gas_turbine_nox_2015_raw,blocked,strong_positive,4,rf,tuned,"{'max_features': 1.0, 'min_samples_leaf': 1}",2.2265508871013893,2.3543334777777805,3.1709344554082994
gas_turbine_nox_2015_raw,blocked,strong_positive,4,extra,default,,2.2374030812822885,2.318198183333338,3.018416838746438
gas_turbine_nox_2015_raw,blocked,strong_positive,4,extra,tuned,"{'max_features': 1.0, 'min_samples_leaf': 1}",2.2374030812822885,2.318198183333338,3.018416838746438
gas_turbine_nox_2015_raw,blocked,strong_positive,4,hgb,default,,2.2164649556448865,2.3771062385857507,3.306777869963084
gas_turbine_nox_2015_raw,blocked,strong_positive,4,hgb,tuned,"{'learning_rate': 0.03, 'max_leaf_nodes': 31, 'min_samples_leaf': 20}",2.1677504310557647,2.324436851028388,3.189634971173504
gas_turbine_nox_2015_raw,blocked,strong_positive,5,rf,default,,4.612253725856856,4.625765227777767,5.513632475903606
gas_turbine_nox_2015_raw,blocked,strong_positive,5,rf,tuned,"{'max_features': 0.5, 'min_samples_leaf': 1}",5.281250889831414,5.300903772222225,6.126260248795589
gas_turbine_nox_2015_raw,blocked,strong_positive,5,extra,default,,4.467184758120738,4.449444866666661,5.206324774188565
gas_turbine_nox_2015_raw,blocked,strong_positive,5,extra,tuned,"{'max_features': 1.0, 'min_samples_leaf': 1}",4.467184758120738,4.449444866666661,5.206324774188565
gas_turbine_nox_2015_raw,blocked,strong_positive,5,hgb,default,,4.155599351595895,4.2745064280051706,5.057803899702138
gas_turbine_nox_2015_raw,blocked,strong_positive,5,hgb,tuned,"{'learning_rate': 0.1, 'max_leaf_nodes': 15, 'min_samples_leaf': 20}",3.8773799582246147,4.0351584375879135,4.769695644428558
islr_credit_balance,random,modest_positive,1,rf,default,,55.20343125406447,63.589933333333335,105.63705497388479
islr_credit_balance,random,modest_positive,1,rf,tuned,"{'max_features': 1.0, 'min_samples_leaf': 1}",55.20343125406447,63.589933333333335,105.63705497388479
islr_credit_balance,random,modest_positive,1,extra,default,,43.305912349752475,52.74949999999999,96.07533159916174
islr_credit_balance,random,modest_positive,1,extra,tuned,"{'max_features': 1.0, 'min_samples_leaf': 1}",43.305912349752475,52.74949999999999,96.07533159916174
islr_credit_balance,random,modest_positive,1,hgb,default,,59.12749550257033,74.10627493382128,131.47118577309095
islr_credit_balance,random,modest_positive,1,hgb,tuned,"{'learning_rate': 0.03, 'max_leaf_nodes': 15, 'min_samples_leaf': 20}",58.442064376805845,73.25128347594206,130.79898269678358
islr_credit_balance,random,modest_positive,2,rf,default,,64.44737750605069,69.65353333333333,106.33526736799143
islr_credit_balance,random,modest_positive,2,rf,tuned,"{'max_features': 1.0, 'min_samples_leaf': 1}",64.44737750605069,69.65353333333333,106.33526736799143
islr_credit_balance,random,modest_positive,2,extra,default,,54.33591936926902,56.188533333333346,87.53361731865586
islr_credit_balance,random,modest_positive,2,extra,tuned,"{'max_features': 1.0, 'min_samples_leaf': 1}",54.33591936926902,56.188533333333346,87.53361731865586
islr_credit_balance,random,modest_positive,2,hgb,default,,81.5298149160381,91.9299671920419,151.41040948267042
islr_credit_balance,random,modest_positive,2,hgb,tuned,"{'learning_rate': 0.03, 'max_leaf_nodes': 15, 'min_samples_leaf': 20}",81.61116294895038,92.23046608290056,153.37385884097822
islr_credit_balance,random,modest_positive,3,rf,default,,68.568393098415,73.79663333333333,127.43247117722129
islr_credit_balance,random,modest_positive,3,rf,tuned,"{'max_features': 1.0, 'min_samples_leaf': 1}",68.568393098415,73.79663333333333,127.43247117722129
islr_credit_balance,random,modest_positive,3,extra,default,,50.980177331397556,58.89029999999999,97.99194834100742
islr_credit_balance,random,modest_positive,3,extra,tuned,"{'max_features': 1.0, 'min_samples_leaf': 1}",50.980177331397556,58.89029999999999,97.99194834100742
islr_credit_balance,random,modest_positive,3,hgb,default,,72.5043971633374,90.81016770000888,158.91600149467712
islr_credit_balance,random,modest_positive,3,hgb,tuned,"{'learning_rate': 0.03, 'max_leaf_nodes': 15, 'min_samples_leaf': 20}",74.11305739881138,90.75627233666144,159.34717604558355
islr_credit_balance,random,modest_positive,4,rf,default,,93.98804650224751,102.36996666666668,164.02049718759744
islr_credit_balance,random,modest_positive,4,rf,tuned,"{'max_features': 1.0, 'min_samples_leaf': 1}",93.98804650224751,102.36996666666668,164.02049718759744
islr_credit_balance,random,modest_positive,4,extra,default,,74.22115866752968,78.38216666666668,130.56123955404564
islr_credit_balance,random,modest_positive,4,extra,tuned,"{'max_features': 1.0, 'min_samples_leaf': 1}",74.22115866752968,78.38216666666668,130.56123955404564
islr_credit_balance,random,modest_positive,4,hgb,default,,101.57505051073383,115.4193259523062,187.7857276184477
islr_credit_balance,random,modest_positive,4,hgb,tuned,"{'learning_rate': 0.03, 'max_leaf_nodes': 15, 'min_samples_leaf': 20}",101.33532093362906,115.33544709757281,186.9463435939159
islr_credit_balance,random,modest_positive,5,rf,default,,57.31747659384892,62.77613333333332,101.6049944113641
islr_credit_balance,random,modest_positive,5,rf,tuned,"{'max_features': 1.0, 'min_samples_leaf': 1}",57.31747659384892,62.77613333333332,101.6049944113641
islr_credit_balance,random,modest_positive,5,extra,default,,48.203813535681135,53.96536666666667,87.70223522617121
islr_credit_balance,random,modest_positive,5,extra,tuned,"{'max_features': 1.0, 'min_samples_leaf': 1}",48.203813535681135,53.96536666666667,87.70223522617121
islr_credit_balance,random,modest_positive,5,hgb,default,,66.44456662726465,77.10803135332453,131.35457044611198
islr_credit_balance,random,modest_positive,5,hgb,tuned,"{'learning_rate': 0.03, 'max_leaf_nodes': 15, 'min_samples_leaf': 20}",66.22362175816353,78.54258493080697,134.51423979793248
islr_credit_balance,random,modest_positive,6,rf,default,,60.28482853386932,67.44833333333334,113.64010504316786
islr_credit_balance,random,modest_positive,6,rf,tuned,"{'max_features': 1.0, 'min_samples_leaf': 1}",60.28482853386932,67.44833333333334,113.64010504316786
islr_credit_balance,random,modest_positive,6,extra,default,,44.50049936188121,51.889066666666665,88.77727600011164
islr_credit_balance,random,modest_positive,6,extra,tuned,"{'max_features': 1.0, 'min_samples_leaf': 1}",44.50049936188121,51.889066666666665,88.77727600011164
islr_credit_balance,random,modest_positive,6,hgb,default,,72.7783383945826,85.67105494751287,144.86396635561886
islr_credit_balance,random,modest_positive,6,hgb,tuned,"{'learning_rate': 0.03, 'max_leaf_nodes': 15, 'min_samples_leaf': 20}",72.73464980399822,85.84784563152189,144.6754078333862
islr_credit_balance,random,modest_positive,7,rf,default,,61.209442929205814,61.843999999999994,95.18898005896831
islr_credit_balance,random,modest_positive,7,rf,tuned,"{'max_features': 1.0, 'min_samples_leaf': 1}",61.209442929205814,61.843999999999994,95.18898005896831
islr_credit_balance,random,modest_positive,7,extra,default,,48.64448915789022,52.45906666666668,84.35345181371589
islr_credit_balance,random,modest_positive,7,extra,tuned,"{'max_features': 1.0, 'min_samples_leaf': 1}",48.64448915789022,52.45906666666668,84.35345181371589
islr_credit_balance,random,modest_positive,7,hgb,default,,63.27443237080529,70.63419639162801,105.56256366795384
islr_credit_balance,random,modest_positive,7,hgb,tuned,"{'learning_rate': 0.03, 'max_leaf_nodes': 15, 'min_samples_leaf': 20}",59.755670743478994,68.12008343441049,104.03749873579979
islr_credit_balance,random,modest_positive,8,rf,default,,66.70223504131006,74.0689,122.80967656816695
islr_credit_balance,random,modest_positive,8,rf,tuned,"{'max_features': 1.0, 'min_samples_leaf': 1}",66.70223504131006,74.0689,122.80967656816695
islr_credit_balance,random,modest_positive,8,extra,default,,56.753794644439495,62.07083333333334,101.81475059636496
islr_credit_balance,random,modest_positive,8,extra,tuned,"{'max_features': 1.0, 'min_samples_leaf': 1}",56.753794644439495,62.07083333333334,101.81475059636496
islr_credit_balance,random,modest_positive,8,hgb,default,,73.23406518204325,97.43890416655867,167.93817929436457
islr_credit_balance,random,modest_positive,8,hgb,tuned,"{'learning_rate': 0.03, 'max_leaf_nodes': 15, 'min_samples_leaf': 20}",70.22755102275765,95.52735568478035,168.21290275482863
islr_credit_balance,random,modest_positive,9,rf,default,,72.2171959233882,72.22726666666667,110.61609230025158
islr_credit_balance,random,modest_positive,9,rf,tuned,"{'max_features': 1.0, 'min_samples_leaf': 1}",72.2171959233882,72.22726666666667,110.61609230025158
islr_credit_balance,random,modest_positive,9,extra,default,,58.96533915240397,64.47913333333332,100.40682416825838
islr_credit_balance,random,modest_positive,9,extra,tuned,"{'max_features': 1.0, 'min_samples_leaf': 1}",58.96533915240397,64.47913333333332,100.40682416825838
islr_credit_balance,random,modest_positive,9,hgb,default,,68.12799063831879,75.89412880442977,115.25016344487835
islr_credit_balance,random,modest_positive,9,hgb,tuned,"{'learning_rate': 0.03, 'max_leaf_nodes': 15, 'min_samples_leaf': 20}",67.21436581343495,75.16081294751218,114.23530105795425
islr_credit_balance,random,modest_positive,10,rf,default,,69.41952378007106,73.39526666666667,114.12953929344206
islr_credit_balance,random,modest_positive,10,rf,tuned,"{'max_features': 1.0, 'min_samples_leaf': 1}",69.41952378007106,73.39526666666667,114.12953929344206
islr_credit_balance,random,modest_positive,10,extra,default,,52.53051439842336,53.217766666666655,84.56646233518869
islr_credit_balance,random,modest_positive,10,extra,tuned,"{'max_features': 1.0, 'min_samples_leaf': 1}",52.53051439842336,53.217766666666655,84.56646233518869
islr_credit_balance,random,modest_positive,10,hgb,default,,67.29071926277553,70.9610776361804,110.08526486643545
islr_credit_balance,random,modest_positive,10,hgb,tuned,"{'learning_rate': 0.03, 'max_leaf_nodes': 15, 'min_samples_leaf': 20}",67.91750396724633,73.2017541487592,110.0844070275693
islr_credit_balance,random,modest_positive,11,rf,default,,77.11327410991325,82.3993,124.73087559443954
islr_credit_balance,random,modest_positive,11,rf,tuned,"{'max_features': 1.0, 'min_samples_leaf': 1}",77.11327410991325,82.3993,124.73087559443954
islr_credit_balance,random,modest_positive,11,extra,default,,58.98465264607207,64.24770000000001,101.5785528877911
islr_credit_balance,random,modest_positive,11,extra,tuned,"{'max_features': 1.0, 'min_samples_leaf': 1}",58.98465264607207,64.24770000000001,101.5785528877911
islr_credit_balance,random,modest_positive,11,hgb,default,,96.09343826092486,102.76414205962516,164.3906278452646
islr_credit_balance,random,modest_positive,11,hgb,tuned,"{'learning_rate': 0.03, 'max_leaf_nodes': 15, 'min_samples_leaf': 20}",96.04870146318079,103.67072355978162,164.59302837029895
islr_credit_balance,random,modest_positive,12,rf,default,,57.20586698414251,57.1077,83.59500454306796
islr_credit_balance,random,modest_positive,12,rf,tuned,"{'max_features': 1.0, 'min_samples_leaf': 1}",57.20586698414251,57.1077,83.59500454306796
islr_credit_balance,random,modest_positive,12,extra,default,,48.92971953933041,50.96886666666666,76.88856604781293
islr_credit_balance,random,modest_positive,12,extra,tuned,"{'max_features': 1.0, 'min_samples_leaf': 1}",48.92971953933041,50.96886666666666,76.88856604781293
islr_credit_balance,random,modest_positive,12,hgb,default,,60.00705266602431,71.43455604531519,109.66138696456926
islr_credit_balance,random,modest_positive,12,hgb,tuned,"{'learning_rate': 0.03, 'max_leaf_nodes': 15, 'min_samples_leaf': 20}",58.667851933038406,69.56950009088621,108.19326320115138
islr_credit_balance,random,modest_positive,13,rf,default,,55.207685222750655,56.74606666666668,90.10996563952045
islr_credit_balance,random,modest_positive,13,rf,tuned,"{'max_features': 1.0, 'min_samples_leaf': 1}",55.207685222750655,56.74606666666668,90.10996563952045
islr_credit_balance,random,modest_positive,13,extra,default,,48.83008486477609,49.93909999999999,75.35356148996689
islr_credit_balance,random,modest_positive,13,extra,tuned,"{'max_features': 1.0, 'min_samples_leaf': 1}",48.83008486477609,49.93909999999999,75.35356148996689
islr_credit_balance,random,modest_positive,13,hgb,default,,54.90358726107339,66.32722726832391,116.32617414057812
islr_credit_balance,random,modest_positive,13,hgb,tuned,"{'learning_rate': 0.03, 'max_leaf_nodes': 15, 'min_samples_leaf': 20}",54.701128605400605,66.44923491840557,116.56389314549104
islr_credit_balance,random,modest_positive,14,rf,default,,78.0150107366968,88.81020000000002,145.35777542326383
islr_credit_balance,random,modest_positive,14,rf,tuned,"{'max_features': 1.0, 'min_samples_leaf': 1}",78.0150107366968,88.81020000000002,145.35777542326383
islr_credit_balance,random,modest_positive,14,extra,default,,57.54554354681834,69.86190000000002,125.8542004627224
islr_credit_balance,random,modest_positive,14,extra,tuned,"{'max_features': 1.0, 'min_samples_leaf': 1}",57.54554354681834,69.86190000000002,125.8542004627224
islr_credit_balance,random,modest_positive,14,hgb,default,,79.43608408081512,96.99906574657308,179.6808619024272
islr_credit_balance,random,modest_positive,14,hgb,tuned,"{'learning_rate': 0.03, 'max_leaf_nodes': 15, 'min_samples_leaf': 20}",81.49184557836057,99.87519075900681,180.87770217190234
islr_credit_balance,random,modest_positive,15,rf,default,,58.22883022191281,62.10119999999999,98.42659439399496
islr_credit_balance,random,modest_positive,15,rf,tuned,"{'max_features': 1.0, 'min_samples_leaf': 1}",58.22883022191281,62.10119999999999,98.42659439399496
islr_credit_balance,random,modest_positive,15,extra,default,,41.22335312165415,46.32246666666667,79.1830781094603
islr_credit_balance,random,modest_positive,15,extra,tuned,"{'max_features': 1.0, 'min_samples_leaf': 1}",41.22335312165415,46.32246666666667,79.1830781094603
islr_credit_balance,random,modest_positive,15,hgb,default,,58.61772460834356,73.03285346649938,116.04530382106705
islr_credit_balance,random,modest_positive,15,hgb,tuned,"{'learning_rate': 0.03, 'max_leaf_nodes': 15, 'min_samples_leaf': 20}",58.62054708702284,72.5066037098835,116.89172521159873
islr_credit_balance,random,modest_positive,16,rf,default,,72.25439745513721,82.00846666666666,129.7265344844043
islr_credit_balance,random,modest_positive,16,rf,tuned,"{'max_features': 1.0, 'min_samples_leaf': 1}",72.25439745513721,82.00846666666666,129.7265344844043
islr_credit_balance,random,modest_positive,16,extra,default,,55.453876421071385,64.53736666666666,110.70806635622056
islr_credit_balance,random,modest_positive,16,extra,tuned,"{'max_features': 1.0, 'min_samples_leaf': 1}",55.453876421071385,64.53736666666666,110.70806635622056
islr_credit_balance,random,modest_positive,16,hgb,default,,78.13971734284084,84.38234707975302,131.4403433615076
islr_credit_balance,random,modest_positive,16,hgb,tuned,"{'learning_rate': 0.03, 'max_leaf_nodes': 15, 'min_samples_leaf': 20}",77.01285862292815,84.75947658260877,132.43842093152026
islr_credit_balance,random,modest_positive,17,rf,default,,70.88126746212313,73.20836666666666,112.85951211769631
islr_credit_balance,random,modest_positive,17,rf,tuned,"{'max_features': 1.0, 'min_samples_leaf': 1}",70.88126746212313,73.20836666666666,112.85951211769631
islr_credit_balance,random,modest_positive,17,extra,default,,62.78849848184728,65.39066666666666,103.40185011991915
islr_credit_balance,random,modest_positive,17,extra,tuned,"{'max_features': 1.0, 'min_samples_leaf': 1}",62.78849848184728,65.39066666666666,103.40185011991915
islr_credit_balance,random,modest_positive,17,hgb,default,,66.60901027512563,86.89929490874901,150.43104253493593
islr_credit_balance,random,modest_positive,17,hgb,tuned,"{'learning_rate': 0.03, 'max_leaf_nodes': 15, 'min_samples_leaf': 20}",62.445182292517785,83.90183757435071,149.60105449472667
islr_credit_balance,random,modest_positive,18,rf,default,,69.14622088260268,78.36273333333332,128.03350319263225
islr_credit_balance,random,modest_positive,18,rf,tuned,"{'max_features': 1.0, 'min_samples_leaf': 1}",69.14622088260268,78.36273333333332,128.03350319263225
islr_credit_balance,random,modest_positive,18,extra,default,,52.81217326935239,59.58526666666667,92.28343050503585
islr_credit_balance,random,modest_positive,18,extra,tuned,"{'max_features': 1.0, 'min_samples_leaf': 1}",52.81217326935239,59.58526666666667,92.28343050503585
islr_credit_balance,random,modest_positive,18,hgb,default,,82.64540849338519,92.78573421562449,156.01422439686039
islr_credit_balance,random,modest_positive,18,hgb,tuned,"{'learning_rate': 0.03, 'max_leaf_nodes': 15, 'min_samples_leaf': 20}",87.53095836583411,96.91232983283545,161.07414999367805
islr_credit_balance,random,modest_positive,19,rf,default,,70.91373909699055,78.39003333333334,111.95804352176854
islr_credit_balance,random,modest_positive,19,rf,tuned,"{'max_features': 1.0, 'min_samples_leaf': 1}",70.91373909699055,78.39003333333334,111.95804352176854
islr_credit_balance,random,modest_positive,19,extra,default,,55.50455711910199,60.66553333333334,89.2963245019388
islr_credit_balance,random,modest_positive,19,extra,tuned,"{'max_features': 1.0, 'min_samples_leaf': 1}",55.50455711910199,60.66553333333334,89.2963245019388
islr_credit_balance,random,modest_positive,19,hgb,default,,73.44776152540138,82.76597928679718,124.31834916396434
islr_credit_balance,random,modest_positive,19,hgb,tuned,"{'learning_rate': 0.03, 'max_leaf_nodes': 15, 'min_samples_leaf': 20}",72.15754374819252,81.60650901197366,123.32739099455503
islr_credit_balance,random,modest_positive,20,rf,default,,43.46654123476562,49.97406666666666,83.99288809840456
islr_credit_balance,random,modest_positive,20,rf,tuned,"{'max_features': 1.0, 'min_samples_leaf': 1}",43.46654123476562,49.97406666666666,83.99288809840456
islr_credit_balance,random,modest_positive,20,extra,default,,34.07572352247634,39.8424,70.91766596084034
islr_credit_balance,random,modest_positive,20,extra,tuned,"{'max_features': 1.0, 'min_samples_leaf': 1}",34.07572352247634,39.8424,70.91766596084034
islr_credit_balance,random,modest_positive,20,hgb,default,,59.486579924564,64.8138598299574,98.23228966371904
islr_credit_balance,random,modest_positive,20,hgb,tuned,"{'learning_rate': 0.03, 'max_leaf_nodes': 15, 'min_samples_leaf': 20}",56.24737714360788,60.92855419275634,95.74955277545043
islr_credit_balance,random,modest_positive,21,rf,default,,55.56189528493715,62.25683333333333,97.2398505466423
islr_credit_balance,random,modest_positive,21,rf,tuned,"{'max_features': 1.0, 'min_samples_leaf': 1}",55.56189528493715,62.25683333333333,97.2398505466423
islr_credit_balance,random,modest_positive,21,extra,default,,43.276782429004676,49.32343333333334,82.98153659097909
islr_credit_balance,random,modest_positive,21,extra,tuned,"{'max_features': 1.0, 'min_samples_leaf': 1}",43.276782429004676,49.32343333333334,82.98153659097909
islr_credit_balance,random,modest_positive,21,hgb,default,,63.54134798270894,76.6294729011882,136.05489624903987
islr_credit_balance,random,modest_positive,21,hgb,tuned,"{'learning_rate': 0.03, 'max_leaf_nodes': 15, 'min_samples_leaf': 20}",59.62591420701315,73.28647186416191,131.88990955900618
islr_credit_balance,random,modest_positive,22,rf,default,,60.237686313019026,65.77416666666667,110.87322917588759
islr_credit_balance,random,modest_positive,22,rf,tuned,"{'max_features': 1.0, 'min_samples_leaf': 1}",60.237686313019026,65.77416666666667,110.87322917588759
islr_credit_balance,random,modest_positive,22,extra,default,,49.264852176780145,59.06916666666666,107.91700346768549
islr_credit_balance,random,modest_positive,22,extra,tuned,"{'max_features': 1.0, 'min_samples_leaf': 1}",49.264852176780145,59.06916666666666,107.91700346768549
islr_credit_balance,random,modest_positive,22,hgb,default,,62.74857374401503,72.5643694635883,123.84751856261624
islr_credit_balance,random,modest_positive,22,hgb,tuned,"{'learning_rate': 0.03, 'max_leaf_nodes': 15, 'min_samples_leaf': 20}",64.60050362307972,75.59864419818167,128.46525614449675
islr_credit_balance,random,modest_positive,23,rf,default,,57.33113048201369,62.39449999999999,101.70516613066746
islr_credit_balance,random,modest_positive,23,rf,tuned,"{'max_features': 1.0, 'min_samples_leaf': 1}",57.33113048201369,62.39449999999999,101.70516613066746
islr_credit_balance,random,modest_positive,23,extra,default,,50.45958318236757,53.881966666666656,88.42373040649213
islr_credit_balance,random,modest_positive,23,extra,tuned,"{'max_features': 1.0, 'min_samples_leaf': 1}",50.45958318236757,53.881966666666656,88.42373040649213
islr_credit_balance,random,modest_positive,23,hgb,default,,69.52722551845585,79.41687364291278,125.8128176152164
islr_credit_balance,random,modest_positive,23,hgb,tuned,"{'learning_rate': 0.03, 'max_leaf_nodes': 15, 'min_samples_leaf': 20}",70.04098899883566,77.85615123689462,124.70646795104224
islr_credit_balance,random,modest_positive,24,rf,default,,106.21309990059525,104.59649999999999,162.0457573406694
islr_credit_balance,random,modest_positive,24,rf,tuned,"{'max_features': 1.0, 'min_samples_leaf': 1}",106.21309990059525,104.59649999999999,162.0457573406694
islr_credit_balance,random,modest_positive,24,extra,default,,65.84362386427593,73.39603333333332,120.38043063785558
islr_credit_balance,random,modest_positive,24,extra,tuned,"{'max_features': 1.0, 'min_samples_leaf': 1}",65.84362386427593,73.39603333333332,120.38043063785558
islr_credit_balance,random,modest_positive,24,hgb,default,,123.17222392889813,118.88858419997936,190.6843367750902
islr_credit_balance,random,modest_positive,24,hgb,tuned,"{'learning_rate': 0.03, 'max_leaf_nodes': 15, 'min_samples_leaf': 20}",124.33916212164502,120.44717406673038,193.57990393022732
islr_credit_balance,random,modest_positive,25,rf,default,,65.02001060832097,71.67146666666666,117.03772481080144
islr_credit_balance,random,modest_positive,25,rf,tuned,"{'max_features': 1.0, 'min_samples_leaf': 1}",65.02001060832097,71.67146666666666,117.03772481080144
islr_credit_balance,random,modest_positive,25,extra,default,,58.43090010145886,63.14416666666666,106.755602145482
islr_credit_balance,random,modest_positive,25,extra,tuned,"{'max_features': 1.0, 'min_samples_leaf': 1}",58.43090010145886,63.14416666666666,106.755602145482
islr_credit_balance,random,modest_positive,25,hgb,default,,63.47184298074373,76.0163403603294,130.66321882531432
islr_credit_balance,random,modest_positive,25,hgb,tuned,"{'learning_rate': 0.03, 'max_leaf_nodes': 15, 'min_samples_leaf': 20}",66.6920896529662,79.15185630173598,134.68002183947678
islr_credit_balance,random,modest_positive,26,rf,default,,54.12579617411166,55.8545,90.15263465491302
islr_credit_balance,random,modest_positive,26,rf,tuned,"{'max_features': 1.0, 'min_samples_leaf': 1}",54.12579617411166,55.8545,90.15263465491302
islr_credit_balance,random,modest_positive,26,extra,default,,43.053547019817714,47.09590000000001,86.02270797941154
islr_credit_balance,random,modest_positive,26,extra,tuned,"{'max_features': 1.0, 'min_samples_leaf': 1}",43.053547019817714,47.09590000000001,86.02270797941154
islr_credit_balance,random,modest_positive,26,hgb,default,,66.5813193062515,73.09833067469499,116.24583601139796
islr_credit_balance,random,modest_positive,26,hgb,tuned,"{'learning_rate': 0.03, 'max_leaf_nodes': 15, 'min_samples_leaf': 20}",64.25759287889686,70.31017547608475,113.49670803916177
islr_credit_balance,random,modest_positive,27,rf,default,,63.53385029714669,72.40466666666669,130.13625850110594
islr_credit_balance,random,modest_positive,27,rf,tuned,"{'max_features': 1.0, 'min_samples_leaf': 1}",63.53385029714669,72.40466666666669,130.13625850110594
islr_credit_balance,random,modest_positive,27,extra,default,,41.356805135160705,47.66146666666666,83.14689020041581
islr_credit_balance,random,modest_positive,27,extra,tuned,"{'max_features': 1.0, 'min_samples_leaf': 1}",41.356805135160705,47.66146666666666,83.14689020041581
islr_credit_balance,random,modest_positive,27,hgb,default,,60.941443623625396,81.38265296567236,145.66949544031328
islr_credit_balance,random,modest_positive,27,hgb,tuned,"{'learning_rate': 0.03, 'max_leaf_nodes': 15, 'min_samples_leaf': 20}",60.157305563136774,80.66556877937597,144.68988520426515
islr_credit_balance,random,modest_positive,28,rf,default,,44.34994690658923,52.21543333333333,86.72065084639426
islr_credit_balance,random,modest_positive,28,rf,tuned,"{'max_features': 1.0, 'min_samples_leaf': 1}",44.34994690658923,52.21543333333333,86.72065084639426
islr_credit_balance,random,modest_positive,28,extra,default,,39.24045651217568,42.14723333333333,67.639986714796
islr_credit_balance,random,modest_positive,28,extra,tuned,"{'max_features': 1.0, 'min_samples_leaf': 1}",39.24045651217568,42.14723333333333,67.639986714796
islr_credit_balance,random,modest_positive,28,hgb,default,,67.66820443204173,72.08631267439837,101.5365759165557
islr_credit_balance,random,modest_positive,28,hgb,tuned,"{'learning_rate': 0.1, 'max_leaf_nodes': 15, 'min_samples_leaf': 20}",78.2868616885008,80.560284439931,111.65839930897421
islr_credit_balance,random,modest_positive,29,rf,default,,65.13579432308141,67.16883333333334,100.09786205453587
islr_credit_balance,random,modest_positive,29,rf,tuned,"{'max_features': 1.0, 'min_samples_leaf': 1}",65.13579432308141,67.16883333333334,100.09786205453587
islr_credit_balance,random,modest_positive,29,extra,default,,47.937688930527315,50.595533333333336,77.45342436300383
islr_credit_balance,random,modest_positive,29,extra,tuned,"{'max_features': 1.0, 'min_samples_leaf': 1}",47.937688930527315,50.595533333333336,77.45342436300383
islr_credit_balance,random,modest_positive,29,hgb,default,,62.49007353157153,69.47645122554827,108.74120638755282
islr_credit_balance,random,modest_positive,29,hgb,tuned,"{'learning_rate': 0.03, 'max_leaf_nodes': 15, 'min_samples_leaf': 20}",64.14280356248926,71.97303846457864,109.42597700896864
islr_credit_balance,random,modest_positive,30,rf,default,,57.65195808566359,69.8082,115.59843321890943
islr_credit_balance,random,modest_positive,30,rf,tuned,"{'max_features': 1.0, 'min_samples_leaf': 1}",57.65195808566359,69.8082,115.59843321890943
islr_credit_balance,random,modest_positive,30,extra,default,,50.83278285433573,63.286133333333325,112.97298806942008
islr_credit_balance,random,modest_positive,30,extra,tuned,"{'max_features': 1.0, 'min_samples_leaf': 1}",50.83278285433573,63.286133333333325,112.97298806942008
islr_credit_balance,random,modest_positive,30,hgb,default,,59.64154264766594,76.85562304326457,137.1283567435971
islr_credit_balance,random,modest_positive,30,hgb,tuned,"{'learning_rate': 0.03, 'max_leaf_nodes': 15, 'min_samples_leaf': 20}",57.843777836026355,75.52167919398677,134.16999929820943
insurance_autobi_loss,random,modest_positive,1,rf,default,,3.3543176629170564,6.338475139290643,20.953520239802792
insurance_autobi_loss,random,modest_positive,1,rf,tuned,"{'max_features': 0.5, 'min_samples_leaf': 1}",3.482340888273947,6.295341898512014,20.76080620238045
insurance_autobi_loss,random,modest_positive,1,extra,default,,3.700004260015877,6.367621692556124,20.794818974034527
insurance_autobi_loss,random,modest_positive,1,extra,tuned,"{'max_features': 'sqrt', 'min_samples_leaf': 20}",2.742334298469374,5.523814181417509,19.65437586642694
insurance_autobi_loss,random,modest_positive,1,hgb,default,,3.2094197119232897,5.964897865642799,20.388616489969646
insurance_autobi_loss,random,modest_positive,1,hgb,tuned,"{'learning_rate': 0.03, 'max_leaf_nodes': 15, 'min_samples_leaf': 50}",3.2023457774552324,5.824848548387742,19.890488651530838
insurance_autobi_loss,random,modest_positive,2,rf,default,,3.3733373776186295,6.786170220660062,21.092715127696735
insurance_autobi_loss,random,modest_positive,2,rf,tuned,"{'max_features': 'sqrt', 'min_samples_leaf': 20}",3.2228734552240996,5.596630735435632,18.256574796310996
insurance_autobi_loss,random,modest_positive,2,extra,default,,3.2696133456514698,6.806837255160178,21.78237294654021
insurance_autobi_loss,random,modest_positive,2,extra,tuned,"{'max_features': 'sqrt', 'min_samples_leaf': 20}",3.2893020596651565,5.644339506569445,18.209642738118934
insurance_autobi_loss,random,modest_positive,2,hgb,default,,4.296479934450115,6.722413015291911,19.53096839648047
insurance_autobi_loss,random,modest_positive,2,hgb,tuned,"{'learning_rate': 0.03, 'max_leaf_nodes': 15, 'min_samples_leaf': 50}",3.990731819767786,6.090718129490775,18.59546994648763
insurance_autobi_loss,random,modest_positive,3,rf,default,,2.908475428918475,6.242829394668391,20.896418666033163
insurance_autobi_loss,random,modest_positive,3,rf,tuned,"{'max_features': 'sqrt', 'min_samples_leaf': 20}",3.1042647438503974,5.65532442366662,19.397945422315978
insurance_autobi_loss,random,modest_positive,3,extra,default,,3.100275484631195,6.502350298302222,21.284137865565423
insurance_autobi_loss,random,modest_positive,3,extra,tuned,"{'max_features': 'sqrt', 'min_samples_leaf': 20}",3.103908672584383,5.68367706912404,19.370679318988937
insurance_autobi_loss,random,modest_positive,3,hgb,default,,3.4049835110478885,6.181867826606668,20.25751267494848
insurance_autobi_loss,random,modest_positive,3,hgb,tuned,"{'learning_rate': 0.03, 'max_leaf_nodes': 15, 'min_samples_leaf': 50}",3.5121616799011353,6.002694108308835,19.757990964473667
insurance_autobi_loss,random,modest_positive,4,rf,default,,4.244900420314947,7.0665835574747415,19.466946540765953
insurance_autobi_loss,random,modest_positive,4,rf,tuned,"{'max_features': 0.5, 'min_samples_leaf': 1}",3.964910498727805,6.604710439866153,18.552226968218285
insurance_autobi_loss,random,modest_positive,4,extra,default,,4.0092952585059285,7.458784089181549,21.003560224111204
insurance_autobi_loss,random,modest_positive,4,extra,tuned,"{'max_features': 1.0, 'min_samples_leaf': 1}",4.0092952585059285,7.458784089181549,21.003560224111204
insurance_autobi_loss,random,modest_positive,4,hgb,default,,4.451587923512004,6.273074274125439,16.751930874617948
insurance_autobi_loss,random,modest_positive,4,hgb,tuned,"{'learning_rate': 0.03, 'max_leaf_nodes': 15, 'min_samples_leaf': 50}",4.365966801914566,6.087429581039546,16.23954994092374
insurance_autobi_loss,random,modest_positive,5,rf,default,,3.25381143604353,5.740131074967987,16.46308563184097
insurance_autobi_loss,random,modest_positive,5,rf,tuned,"{'max_features': 'sqrt', 'min_samples_leaf': 20}",3.093945373664934,4.853711987597397,14.202226623150286
insurance_autobi_loss,random,modest_positive,5,extra,default,,3.2055741341371133,5.364728317184139,15.55336010460952
insurance_autobi_loss,random,modest_positive,5,extra,tuned,"{'max_features': 'sqrt', 'min_samples_leaf': 20}",3.1123496826697408,4.89227250821342,14.180616079507134
insurance_autobi_loss,random,modest_positive,5,hgb,default,,3.6908338238825804,5.4919614719835845,15.137726567978444
insurance_autobi_loss,random,modest_positive,5,hgb,tuned,"{'learning_rate': 0.03, 'max_leaf_nodes': 15, 'min_samples_leaf': 20}",3.590497134397246,5.2934763782486085,14.929528072134
insurance_autobi_loss,random,modest_positive,6,rf,default,,3.401931766091571,5.718018532354182,16.59997638890801
insurance_autobi_loss,random,modest_positive,6,rf,tuned,"{'max_features': 'sqrt', 'min_samples_leaf': 20}",3.2020873004392376,5.170378374476947,14.619649241084462
insurance_autobi_loss,random,modest_positive,6,extra,default,,3.9021950716520983,6.429854794552008,18.386975583452347
insurance_autobi_loss,random,modest_positive,6,extra,tuned,"{'max_features': 'sqrt', 'min_samples_leaf': 20}",3.2790980816182635,5.2109528935430385,14.594906939981637
insurance_autobi_loss,random,modest_positive,6,hgb,default,,3.7331759133832034,5.577168168620665,15.428833179645627
insurance_autobi_loss,random,modest_positive,6,hgb,tuned,"{'learning_rate': 0.03, 'max_leaf_nodes': 15, 'min_samples_leaf': 50}",3.9494458240025176,5.490468642864101,14.937328289037387
insurance_autobi_loss,random,modest_positive,7,rf,default,,5.795029513587625,7.982973441209823,18.603098210532604
insurance_autobi_loss,random,modest_positive,7,rf,tuned,"{'max_features': 'sqrt', 'min_samples_leaf': 1}",4.986135078045725,7.476756418915134,18.05921915674855
insurance_autobi_loss,random,modest_positive,7,extra,default,,5.807135164850885,8.249900924385138,20.07470938529228
insurance_autobi_loss,random,modest_positive,7,extra,tuned,"{'max_features': 0.5, 'min_samples_leaf': 1}",5.575707238245662,8.096245638263852,19.89261023052907
insurance_autobi_loss,random,modest_positive,7,hgb,default,,5.676158654835349,7.264938270623809,15.173523151981042
insurance_autobi_loss,random,modest_positive,7,hgb,tuned,"{'learning_rate': 0.03, 'max_leaf_nodes': 15, 'min_samples_leaf': 50}",4.45184337402925,6.04731852988967,13.666612488708783
insurance_autobi_loss,random,modest_positive,8,rf,default,,3.3387060448214334,7.21563879618733,24.208526940304317
insurance_autobi_loss,random,modest_positive,8,rf,tuned,"{'max_features': 'sqrt', 'min_samples_leaf': 20}",3.059028180025734,5.542377025754716,21.15597938512374
insurance_autobi_loss,random,modest_positive,8,extra,default,,3.4235393663356155,7.1710472415838105,24.290528653774736
insurance_autobi_loss,random,modest_positive,8,extra,tuned,"{'max_features': 'sqrt', 'min_samples_leaf': 20}",3.0455972864653975,5.532415143798759,21.141469823888734
insurance_autobi_loss,random,modest_positive,8,hgb,default,,3.801416161682039,6.438191572186992,21.961840890277156
insurance_autobi_loss,random,modest_positive,8,hgb,tuned,"{'learning_rate': 0.03, 'max_leaf_nodes': 15, 'min_samples_leaf': 50}",3.6637933488490524,5.989594451109303,21.458252280279858
insurance_autobi_loss,random,modest_positive,9,rf,default,,3.1540409478229368,5.533552842874748,18.681469941630972
insurance_autobi_loss,random,modest_positive,9,rf,tuned,"{'max_features': 'sqrt', 'min_samples_leaf': 20}",3.1472863115575245,5.477342085371347,18.121633709678445
insurance_autobi_loss,random,modest_positive,9,extra,default,,3.2669131053974376,5.6929014482673415,18.6707759003991
insurance_autobi_loss,random,modest_positive,9,extra,tuned,"{'max_features': 'sqrt', 'min_samples_leaf': 20}",3.226332380596782,5.511278549076374,18.085631301371986
insurance_autobi_loss,random,modest_positive,9,hgb,default,,3.5990131859173142,5.815123615641928,18.496403751709146
insurance_autobi_loss,random,modest_positive,9,hgb,tuned,"{'learning_rate': 0.03, 'max_leaf_nodes': 15, 'min_samples_leaf': 20}",3.561439380290117,5.756495641281587,18.474284809723358
insurance_autobi_loss,random,modest_positive,10,rf,default,,3.7809481099215816,5.803305175607597,16.838470379403386
insurance_autobi_loss,random,modest_positive,10,rf,tuned,"{'max_features': 'sqrt', 'min_samples_leaf': 20}",3.273793998326445,5.105287604316989,15.002984739629202
insurance_autobi_loss,random,modest_positive,10,extra,default,,3.8883069580072016,6.036694536138459,17.996695319116228
insurance_autobi_loss,random,modest_positive,10,extra,tuned,"{'max_features': 0.5, 'min_samples_leaf': 1}",3.937495107724003,5.744627620591048,16.42072456112237
insurance_autobi_loss,random,modest_positive,10,hgb,default,,4.343936586854661,5.9511902833702806,16.051164398214855
insurance_autobi_loss,random,modest_positive,10,hgb,tuned,"{'learning_rate': 0.03, 'max_leaf_nodes': 15, 'min_samples_leaf': 50}",4.318800260132976,5.6397474049973235,15.512114059720814
insurance_autobi_loss,random,modest_positive,11,rf,default,,3.3705403683835153,7.043275110315667,20.88076235736395
insurance_autobi_loss,random,modest_positive,11,rf,tuned,"{'max_features': 'sqrt', 'min_samples_leaf': 1}",3.222272536564974,6.9466004027780865,20.29710556451887
insurance_autobi_loss,random,modest_positive,11,extra,default,,3.2527869270803462,7.073268756003253,21.781951805500057
insurance_autobi_loss,random,modest_positive,11,extra,tuned,"{'max_features': 'sqrt', 'min_samples_leaf': 20}",2.943355314423934,6.365899191407637,19.010663930156408
insurance_autobi_loss,random,modest_positive,11,hgb,default,,3.8761423452403987,6.963022116307123,19.89000546492782
insurance_autobi_loss,random,modest_positive,11,hgb,tuned,"{'learning_rate': 0.1, 'max_leaf_nodes': 15, 'min_samples_leaf': 50}",3.8390146993116456,7.026402110766699,19.6782870136407
insurance_autobi_loss,random,modest_positive,12,rf,default,,3.025429753828677,5.130372426413017,12.491052049514881
insurance_autobi_loss,random,modest_positive,12,rf,tuned,"{'max_features': 'sqrt', 'min_samples_leaf': 20}",3.4544384461700908,4.326625475541985,8.676025007749478
insurance_autobi_loss,random,modest_positive,12,extra,default,,2.6989708392332608,5.022484639109158,13.77662296632852
insurance_autobi_loss,random,modest_positive,12,extra,tuned,"{'max_features': 'sqrt', 'min_samples_leaf': 20}",3.5453490920650177,4.419853856382382,8.762744280166913
insurance_autobi_loss,random,modest_positive,12,hgb,default,,3.9591705347433432,5.076104327540367,10.22791881517489
insurance_autobi_loss,random,modest_positive,12,hgb,tuned,"{'learning_rate': 0.03, 'max_leaf_nodes': 15, 'min_samples_leaf': 50}",4.077732776171928,4.818563969113703,9.457997640907331
insurance_autobi_loss,random,modest_positive,13,rf,default,,3.8791992689623025,7.278568945375223,21.183170078287645
insurance_autobi_loss,random,modest_positive,13,rf,tuned,"{'max_features': 0.5, 'min_samples_leaf': 1}",3.782584177434864,7.247752088139467,21.205564864201833
insurance_autobi_loss,random,modest_positive,13,extra,default,,3.8710715009882386,7.314670755172518,21.167014590029698
insurance_autobi_loss,random,modest_positive,13,extra,tuned,"{'max_features': 'sqrt', 'min_samples_leaf': 1}",3.9411836019154785,7.389393688453522,21.23511345830979
insurance_autobi_loss,random,modest_positive,13,hgb,default,,3.850431056427856,6.975091601385228,20.63299560924299
insurance_autobi_loss,random,modest_positive,13,hgb,tuned,"{'learning_rate': 0.1, 'max_leaf_nodes': 15, 'min_samples_leaf': 50}",3.9021447024120266,6.967254656097892,20.43860047618225
insurance_autobi_loss,random,modest_positive,14,rf,default,,4.016130091998379,7.266840492195898,22.405892807584358
insurance_autobi_loss,random,modest_positive,14,rf,tuned,"{'max_features': 'sqrt', 'min_samples_leaf': 20}",3.257866330074481,5.164965355969684,19.19263483842219
insurance_autobi_loss,random,modest_positive,14,extra,default,,3.4129407119148185,6.404096452293739,21.280441489477216
insurance_autobi_loss,random,modest_positive,14,extra,tuned,"{'max_features': 'sqrt', 'min_samples_leaf': 20}",3.259895157583988,5.186990554695888,19.187146669029374
insurance_autobi_loss,random,modest_positive,14,hgb,default,,3.9659093447474882,6.373561821737085,20.25047318486654
insurance_autobi_loss,random,modest_positive,14,hgb,tuned,"{'learning_rate': 0.03, 'max_leaf_nodes': 15, 'min_samples_leaf': 20}",3.7547165771363575,5.9887338844180045,19.950547388053813
insurance_autobi_loss,random,modest_positive,15,rf,default,,3.1496695556368515,8.077855589625923,28.83407128755627
insurance_autobi_loss,random,modest_positive,15,rf,tuned,"{'max_features': 'sqrt', 'min_samples_leaf': 20}",2.642314502297038,7.984027591340566,28.893634091324643
insurance_autobi_loss,random,modest_positive,15,extra,default,,3.3191552146512975,8.272915592988412,28.998148602750103
insurance_autobi_loss,random,modest_positive,15,extra,tuned,"{'max_features': 'sqrt', 'min_samples_leaf': 20}",2.6792403506371185,8.003208377260744,28.869554023704374
insurance_autobi_loss,random,modest_positive,15,hgb,default,,3.4054676047056405,8.305835086631078,28.94765728072277
insurance_autobi_loss,random,modest_positive,15,hgb,tuned,"{'learning_rate': 0.03, 'max_leaf_nodes': 15, 'min_samples_leaf': 50}",3.0549714810643405,8.035272010111077,28.799857540311052
insurance_autobi_loss,random,modest_positive,16,rf,default,,4.377155335052295,8.12567046048405,24.813548799547824
insurance_autobi_loss,random,modest_positive,16,rf,tuned,"{'max_features': 'sqrt', 'min_samples_leaf': 20}",3.164784542504809,5.876040762046321,20.99708228134535
insurance_autobi_loss,random,modest_positive,16,extra,default,,4.173151451100206,7.9774414575794514,25.530048245468926
insurance_autobi_loss,random,modest_positive,16,extra,tuned,"{'max_features': 'sqrt', 'min_samples_leaf': 20}",3.2929024495651418,5.98036457754888,20.99511470538561
insurance_autobi_loss,random,modest_positive,16,hgb,default,,4.384053257826068,7.053171737469208,21.923211698619866
insurance_autobi_loss,random,modest_positive,16,hgb,tuned,"{'learning_rate': 0.03, 'max_leaf_nodes': 15, 'min_samples_leaf': 50}",4.15847143222611,6.4805698598976935,21.31426435215579
insurance_autobi_loss,random,modest_positive,17,rf,default,,3.4155140414044376,5.892010712721084,14.978912085901687
insurance_autobi_loss,random,modest_positive,17,rf,tuned,"{'max_features': 'sqrt', 'min_samples_leaf': 20}",3.590928006314371,4.598227827621294,9.292259037749846
insurance_autobi_loss,random,modest_positive,17,extra,default,,3.4644909290907173,5.8315266194572635,15.320997629292904
insurance_autobi_loss,random,modest_positive,17,extra,tuned,"{'max_features': 'sqrt', 'min_samples_leaf': 20}",3.6665115179118684,4.6684162072818935,9.299027622082376
insurance_autobi_loss,random,modest_positive,17,hgb,default,,4.41604723764748,5.58621893400469,11.278349039977881
insurance_autobi_loss,random,modest_positive,17,hgb,tuned,"{'learning_rate': 0.03, 'max_leaf_nodes': 15, 'min_samples_leaf': 50}",4.4221064911516645,5.197136212665075,10.182037330406793
insurance_autobi_loss,random,modest_positive,18,rf,default,,4.3950109098740535,6.2310816511749785,13.748742297273093
insurance_autobi_loss,random,modest_positive,18,rf,tuned,"{'max_features': 'sqrt', 'min_samples_leaf': 1}",3.957332491997705,5.893405904050184,13.239728997018268
insurance_autobi_loss,random,modest_positive,18,extra,default,,3.880870480974951,6.076677681913326,14.445177978027859
insurance_autobi_loss,random,modest_positive,18,extra,tuned,"{'max_features': 'sqrt', 'min_samples_leaf': 20}",3.4170588631250722,4.961276853945933,9.485631627194767
insurance_autobi_loss,random,modest_positive,18,hgb,default,,4.478127192383485,5.637845133315845,10.81398551635714
insurance_autobi_loss,random,modest_positive,18,hgb,tuned,"{'learning_rate': 0.03, 'max_leaf_nodes': 15, 'min_samples_leaf': 50}",4.368411505120972,5.391465600210405,10.17812333122565
insurance_autobi_loss,random,modest_positive,19,rf,default,,3.66074078029499,6.059827456209184,15.875479720910116
insurance_autobi_loss,random,modest_positive,19,rf,tuned,"{'max_features': 'sqrt', 'min_samples_leaf': 20}",3.282631099610597,5.252449834517911,13.752328492656906
insurance_autobi_loss,random,modest_positive,19,extra,default,,2.9942719143019922,5.517407408483053,15.273229328669576
insurance_autobi_loss,random,modest_positive,19,extra,tuned,"{'max_features': 'sqrt', 'min_samples_leaf': 20}",3.358098446028382,5.266241004605684,13.658638450909034
insurance_autobi_loss,random,modest_positive,19,hgb,default,,4.852489660546523,6.723107343304385,15.507967578468
insurance_autobi_loss,random,modest_positive,19,hgb,tuned,"{'learning_rate': 0.03, 'max_leaf_nodes': 15, 'min_samples_leaf': 50}",4.920660630200728,6.37016383787368,14.952608729181957
insurance_autobi_loss,random,modest_positive,20,rf,default,,2.8067423852491116,5.516754096984609,20.54045670300002
insurance_autobi_loss,random,modest_positive,20,rf,tuned,"{'max_features': 'sqrt', 'min_samples_leaf': 20}",2.898216346785472,5.439405634720261,20.077315549291033
insurance_autobi_loss,random,modest_positive,20,extra,default,,2.9171138491069524,5.766467270277343,20.84737744404978
insurance_autobi_loss,random,modest_positive,20,extra,tuned,"{'max_features': 'sqrt', 'min_samples_leaf': 20}",2.9885408014187598,5.475704500641824,20.04249587065822
insurance_autobi_loss,random,modest_positive,20,hgb,default,,3.0647423290820903,5.518419830690891,20.26307614375338
insurance_autobi_loss,random,modest_positive,20,hgb,tuned,"{'learning_rate': 0.03, 'max_leaf_nodes': 15, 'min_samples_leaf': 20}",3.0560369015107005,5.4546176110563565,20.21898971333672
insurance_autobi_loss,random,modest_positive,21,rf,default,,3.6953827006846773,6.3796598132144196,14.922326012291318
insurance_autobi_loss,random,modest_positive,21,rf,tuned,"{'max_features': 'sqrt', 'min_samples_leaf': 1}",3.56639907198563,5.6231024731496895,13.042712231136317
insurance_autobi_loss,random,modest_positive,21,extra,default,,3.3243781465244,5.970160417378907,16.458694056850398
insurance_autobi_loss,random,modest_positive,21,extra,tuned,"{'max_features': 'sqrt', 'min_samples_leaf': 20}",3.8198346877549025,4.790502318429608,8.307524132102007
insurance_autobi_loss,random,modest_positive,21,hgb,default,,4.889119173022763,6.044437934129287,10.93156474812203
insurance_autobi_loss,random,modest_positive,21,hgb,tuned,"{'learning_rate': 0.03, 'max_leaf_nodes': 15, 'min_samples_leaf': 50}",4.63255879860188,5.502284792343843,9.564759955542904
insurance_autobi_loss,random,modest_positive,22,rf,default,,3.080153135087371,6.852530040949446,22.633846886616023
insurance_autobi_loss,random,modest_positive,22,rf,tuned,"{'max_features': 'sqrt', 'min_samples_leaf': 20}",3.2939734480792695,4.887460110981412,17.36660854373464
insurance_autobi_loss,random,modest_positive,22,extra,default,,2.7571894401257127,6.212170464968898,22.41615090249873
insurance_autobi_loss,random,modest_positive,22,extra,tuned,"{'max_features': 'sqrt', 'min_samples_leaf': 20}",3.3503127495375167,4.971119432559685,17.369862570775382
insurance_autobi_loss,random,modest_positive,22,hgb,default,,3.761654140838879,5.9001728367243,18.543653551806948
insurance_autobi_loss,random,modest_positive,22,hgb,tuned,"{'learning_rate': 0.03, 'max_leaf_nodes': 15, 'min_samples_leaf': 50}",3.7660155159191113,5.253017178085343,17.674476173975684
insurance_autobi_loss,random,modest_positive,23,rf,default,,3.961166398167217,7.002950652896237,19.549724276694896
insurance_autobi_loss,random,modest_positive,23,rf,tuned,"{'max_features': 0.5, 'min_samples_leaf': 1}",3.86860117590828,6.657025409812477,18.676781898267723
insurance_autobi_loss,random,modest_positive,23,extra,default,,3.338313236924077,6.742723409597454,19.90838670228848
insurance_autobi_loss,random,modest_positive,23,extra,tuned,"{'max_features': 'sqrt', 'min_samples_leaf': 20}",3.13061302879757,5.608192310857866,16.491586313033313
insurance_autobi_loss,random,modest_positive,23,hgb,default,,3.4796086972401965,6.102210274385261,17.339434790194378
insurance_autobi_loss,random,modest_positive,23,hgb,tuned,"{'learning_rate': 0.03, 'max_leaf_nodes': 15, 'min_samples_leaf': 50}",3.4013240188160436,5.63965216279675,16.757813366485564
insurance_autobi_loss,random,modest_positive,24,rf,default,,3.16081693833333,6.125564420084931,16.469533105936062
insurance_autobi_loss,random,modest_positive,24,rf,tuned,"{'max_features': 'sqrt', 'min_samples_leaf': 20}",3.30261844417983,4.691745118846282,10.438335878646424
insurance_autobi_loss,random,modest_positive,24,extra,default,,3.4732172044572374,6.794176985406118,18.89459092943763
insurance_autobi_loss,random,modest_positive,24,extra,tuned,"{'max_features': 'sqrt', 'min_samples_leaf': 20}",3.3209418981351693,4.680997018563731,10.367375001081946
insurance_autobi_loss,random,modest_positive,24,hgb,default,,4.417373215758998,6.043787612084467,12.559386950990001
insurance_autobi_loss,random,modest_positive,24,hgb,tuned,"{'learning_rate': 0.03, 'max_leaf_nodes': 15, 'min_samples_leaf': 20}",4.166161653922377,5.766074135882553,12.226117930145548
insurance_autobi_loss,random,modest_positive,25,rf,default,,3.6890002131237742,6.648478001873991,22.26231545904271
insurance_autobi_loss,random,modest_positive,25,rf,tuned,"{'max_features': 'sqrt', 'min_samples_leaf': 20}",3.0531129435455866,5.7746098506468115,21.043545395798326
insurance_autobi_loss,random,modest_positive,25,extra,default,,3.5958567477456125,6.474288671463459,22.156161499392095
insurance_autobi_loss,random,modest_positive,25,extra,tuned,"{'max_features': 'sqrt', 'min_samples_leaf': 20}",3.1179644207186437,5.8693826347645714,21.07172167549134
insurance_autobi_loss,random,modest_positive,25,hgb,default,,4.075312902987386,6.663271231437068,21.602698298443297
insurance_autobi_loss,random,modest_positive,25,hgb,tuned,"{'learning_rate': 0.03, 'max_leaf_nodes': 15, 'min_samples_leaf': 50}",3.965003218041997,6.307964695609374,21.267745727270867
insurance_autobi_loss,random,modest_positive,26,rf,default,,3.391141306333515,5.427872329440104,12.54272814040802
insurance_autobi_loss,random,modest_positive,26,rf,tuned,"{'max_features': 'sqrt', 'min_samples_leaf': 20}",3.5188704307283887,4.492446868465815,7.843505152574426
insurance_autobi_loss,random,modest_positive,26,extra,default,,3.7225936204709824,5.536900706145709,12.408335823176275
insurance_autobi_loss,random,modest_positive,26,extra,tuned,"{'max_features': 'sqrt', 'min_samples_leaf': 20}",3.48863911484301,4.488496386593247,7.832060525072214
insurance_autobi_loss,random,modest_positive,26,hgb,default,,4.5621104809679105,5.528647819752505,9.861491202800842
insurance_autobi_loss,random,modest_positive,26,hgb,tuned,"{'learning_rate': 0.03, 'max_leaf_nodes': 15, 'min_samples_leaf': 20}",4.365044393640171,5.308574605390686,9.556570492361466
insurance_autobi_loss,random,modest_positive,27,rf,default,,3.4070136014899495,6.95789752764724,18.494051142911907
insurance_autobi_loss,random,modest_positive,27,rf,tuned,"{'max_features': 'sqrt', 'min_samples_leaf': 20}",3.2044549953103334,4.523607476119388,12.112044332655756
insurance_autobi_loss,random,modest_positive,27,extra,default,,2.775773835973651,6.202278940035268,18.636713119278056
insurance_autobi_loss,random,modest_positive,27,extra,tuned,"{'max_features': 'sqrt', 'min_samples_leaf': 20}",3.276841177778843,4.60168697030294,12.051400406621138
insurance_autobi_loss,random,modest_positive,27,hgb,default,,3.959304249230139,5.805720938180226,14.160224569088697
insurance_autobi_loss,random,modest_positive,27,hgb,tuned,"{'learning_rate': 0.03, 'max_leaf_nodes': 15, 'min_samples_leaf': 50}",3.8489905667307927,5.038348657354841,12.886190560585653
insurance_autobi_loss,random,modest_positive,28,rf,default,,2.8398642004233494,4.665524203630397,10.879798082435375
insurance_autobi_loss,random,modest_positive,28,rf,tuned,"{'max_features': 'sqrt', 'min_samples_leaf': 1}",2.8344063175149063,4.600665228117992,10.68833930204238
insurance_autobi_loss,random,modest_positive,28,extra,default,,3.0177481929003576,5.005483781022599,12.22980988959063
insurance_autobi_loss,random,modest_positive,28,extra,tuned,"{'max_features': 0.5, 'min_samples_leaf': 1}",3.0343520465610987,4.820951863033182,11.160383925834942
insurance_autobi_loss,random,modest_positive,28,hgb,default,,3.6826689586201167,4.697173831713889,8.728855469065236
insurance_autobi_loss,random,modest_positive,28,hgb,tuned,"{'learning_rate': 0.03, 'max_leaf_nodes': 15, 'min_samples_leaf': 50}",3.6336307906846645,4.467735803335393,8.026393893407139
insurance_autobi_loss,random,modest_positive,29,rf,default,,3.20283782673904,6.916083291325808,24.568171901207847
insurance_autobi_loss,random,modest_positive,29,rf,tuned,"{'max_features': 'sqrt', 'min_samples_leaf': 20}",2.875440277167041,6.3458514656146505,23.566960947317497
insurance_autobi_loss,random,modest_positive,29,extra,default,,3.407975781278097,6.64387383199605,24.013053440091586
insurance_autobi_loss,random,modest_positive,29,extra,tuned,"{'max_features': 'sqrt', 'min_samples_leaf': 20}",2.9054380791039707,6.3632723231916755,23.582680444797667
insurance_autobi_loss,random,modest_positive,29,hgb,default,,3.5278850455922273,6.915606583801865,24.101332192338912
insurance_autobi_loss,random,modest_positive,29,hgb,tuned,"{'learning_rate': 0.03, 'max_leaf_nodes': 15, 'min_samples_leaf': 50}",3.5719154372849293,6.661513345389955,23.689810780136263
insurance_autobi_loss,random,modest_positive,30,rf,default,,4.466592935953974,6.672197071515385,14.790833779043108
insurance_autobi_loss,random,modest_positive,30,rf,tuned,"{'max_features': 'sqrt', 'min_samples_leaf': 20}",3.7058863119918612,4.769933850213625,8.553396783045203
insurance_autobi_loss,random,modest_positive,30,extra,default,,5.005817080442508,6.965543824728181,15.657743136144733
insurance_autobi_loss,random,modest_positive,30,extra,tuned,"{'max_features': 'sqrt', 'min_samples_leaf': 20}",3.7676076559108265,4.793931736665114,8.61643081582546
insurance_autobi_loss,random,modest_positive,30,hgb,default,,4.976218663760698,6.169186655698668,10.92449152340999
insurance_autobi_loss,random,modest_positive,30,hgb,tuned,"{'learning_rate': 0.03, 'max_leaf_nodes': 15, 'min_samples_leaf': 50}",5.029423006446807,5.708766931458291,9.64395561441479
fremtpl2_severity_raw,random,rescue_tie,1,rf,default,,1650.8792160838182,4288.158425766667,45453.45198661421
fremtpl2_severity_raw,random,rescue_tie,1,rf,tuned,"{'max_features': 1.0, 'min_samples_leaf': 5}",1488.6022519130204,3837.282686859309,45208.55028335088
fremtpl2_severity_raw,random,rescue_tie,1,extra,default,,1874.6642815754424,4829.408669066666,46608.8089541058
fremtpl2_severity_raw,random,rescue_tie,1,extra,tuned,"{'max_features': 'sqrt', 'min_samples_leaf': 1}",1589.0277018013205,4138.698167166667,45480.3482096732
fremtpl2_severity_raw,random,rescue_tie,1,hgb,default,,2710.2074854702823,5424.247765122292,45602.10220726321
fremtpl2_severity_raw,random,rescue_tie,1,hgb,tuned,"{'learning_rate': 0.03, 'max_leaf_nodes': 15, 'min_samples_leaf': 20}",2135.7127146237895,4805.819831496343,45674.36901689178
fremtpl2_severity_raw,random,rescue_tie,2,rf,default,,1662.329509098395,3608.571902333334,14164.780932668706
fremtpl2_severity_raw,random,rescue_tie,2,rf,tuned,"{'max_features': 1.0, 'min_samples_leaf': 5}",1491.1006136297833,3409.173210835248,14919.194015314672
fremtpl2_severity_raw,random,rescue_tie,2,extra,default,,2107.3789024379216,4735.281839266667,19344.871216828396
fremtpl2_severity_raw,random,rescue_tie,2,extra,tuned,"{'max_features': 'sqrt', 'min_samples_leaf': 1}",1859.5502163428698,3877.873525466667,15087.190180684143
fremtpl2_severity_raw,random,rescue_tie,2,hgb,default,,2824.423328163599,5693.406006375324,23299.202255265816
fremtpl2_severity_raw,random,rescue_tie,2,hgb,tuned,"{'learning_rate': 0.03, 'max_leaf_nodes': 15, 'min_samples_leaf': 20}",2068.9800199084784,4937.145990243585,22352.857538855766
fremtpl2_severity_raw,random,rescue_tie,3,rf,default,,1709.73818417766,5215.079633733334,60905.992393835855
fremtpl2_severity_raw,random,rescue_tie,3,rf,tuned,"{'max_features': 'sqrt', 'min_samples_leaf': 20}",1612.89652086122,4842.622823242184,60770.363157902844
fremtpl2_severity_raw,random,rescue_tie,3,extra,default,,1769.3446771432245,5231.6336077333335,60898.08240072583
fremtpl2_severity_raw,random,rescue_tie,3,extra,tuned,"{'max_features': 'sqrt', 'min_samples_leaf': 20}",1548.0367183644407,4813.236168532609,60773.0978276629
fremtpl2_severity_raw,random,rescue_tie,3,hgb,default,,2275.3268346421037,5575.640760700656,60737.69021286875
fremtpl2_severity_raw,random,rescue_tie,3,hgb,tuned,"{'learning_rate': 0.03, 'max_leaf_nodes': 15, 'min_samples_leaf': 50}",2006.3715772185415,5232.8402833413975,60767.970081908665
fremtpl2_severity_raw,random,rescue_tie,4,rf,default,,1701.5038833044255,3151.9783797666673,11442.541111485927
fremtpl2_severity_raw,random,rescue_tie,4,rf,tuned,"{'max_features': 1.0, 'min_samples_leaf': 5}",1579.9273742772239,2963.8584679859396,10395.918727012002
fremtpl2_severity_raw,random,rescue_tie,4,extra,default,,2088.7925295963355,3890.148215966667,14874.289978364619
fremtpl2_severity_raw,random,rescue_tie,4,extra,tuned,"{'max_features': 'sqrt', 'min_samples_leaf': 1}",1743.9067373772234,3515.646797766666,15207.733820405396
fremtpl2_severity_raw,random,rescue_tie,4,hgb,default,,3052.870307412204,5405.482401918468,20269.92819956262
fremtpl2_severity_raw,random,rescue_tie,4,hgb,tuned,"{'learning_rate': 0.03, 'max_leaf_nodes': 15, 'min_samples_leaf': 20}",2268.4137171663215,4661.209512066245,19753.05758761356
fremtpl2_severity_raw,random,rescue_tie,5,rf,default,,1566.6053487004635,4458.281669666665,23339.97549516137
fremtpl2_severity_raw,random,rescue_tie,5,rf,tuned,"{'max_features': 1.0, 'min_samples_leaf': 5}",1453.337694538401,3396.563434755021,14854.825811943656
fremtpl2_severity_raw,random,rescue_tie,5,extra,default,,1804.7854768425482,4727.823899533333,23173.36467098658
fremtpl2_severity_raw,random,rescue_tie,5,extra,tuned,"{'max_features': 'sqrt', 'min_samples_leaf': 1}",1703.4314542225104,3718.0953610666675,14516.681833741812
fremtpl2_severity_raw,random,rescue_tie,5,hgb,default,,2619.951368746864,4783.625978980547,17777.59883089029
fremtpl2_severity_raw,random,rescue_tie,5,hgb,tuned,"{'learning_rate': 0.03, 'max_leaf_nodes': 15, 'min_samples_leaf': 20}",2202.113775693306,4232.403083596162,16370.840303572199
fremtpl2_severity_raw,random,rescue_tie,6,rf,default,,1807.4863920819369,3817.6211920333335,16210.868017040126
fremtpl2_severity_raw,random,rescue_tie,6,rf,tuned,"{'max_features': 1.0, 'min_samples_leaf': 5}",1611.7964860589973,3560.0830637287354,15116.29679868669
fremtpl2_severity_raw,random,rescue_tie,6,extra,default,,1831.19015584236,3908.3026470666673,14786.211406309045
fremtpl2_severity_raw,random,rescue_tie,6,extra,tuned,"{'max_features': 'sqrt', 'min_samples_leaf': 1}",1670.4377096990495,3452.9439096666674,13621.10791611967
fremtpl2_severity_raw,random,rescue_tie,6,hgb,default,,2782.8528978742324,5459.495818253866,20859.528598910103
fremtpl2_severity_raw,random,rescue_tie,6,hgb,tuned,"{'learning_rate': 0.03, 'max_leaf_nodes': 15, 'min_samples_leaf': 20}",2265.667657130256,4799.801440901649,20158.909040017366
fremtpl2_severity_raw,random,rescue_tie,7,rf,default,,1822.869472834645,4895.452551300002,45810.51775426615
fremtpl2_severity_raw,random,rescue_tie,7,rf,tuned,"{'max_features': 1.0, 'min_samples_leaf': 5}",1672.3662933625624,4465.03378391967,45743.22920992739
fremtpl2_severity_raw,random,rescue_tie,7,extra,default,,1948.7914020792132,4694.318454700001,45676.33730602869
fremtpl2_severity_raw,random,rescue_tie,7,extra,tuned,"{'max_features': 'sqrt', 'min_samples_leaf': 1}",1732.2811784062778,4262.6147858,45521.381701774735
fremtpl2_severity_raw,random,rescue_tie,7,hgb,default,,2738.6187524290526,5297.436818636216,45703.53761884274
fremtpl2_severity_raw,random,rescue_tie,7,hgb,tuned,"{'learning_rate': 0.03, 'max_leaf_nodes': 15, 'min_samples_leaf': 20}",2171.934410325242,4738.337012042044,45550.110429878856
fremtpl2_severity_raw,random,rescue_tie,8,rf,default,,1827.7103744506824,3780.6505687000003,14772.147667592326
fremtpl2_severity_raw,random,rescue_tie,8,rf,tuned,"{'max_features': 1.0, 'min_samples_leaf': 5}",1592.14714559981,3533.561175931003,14523.295030669104
fremtpl2_severity_raw,random,rescue_tie,8,extra,default,,1959.3538316647575,3629.400614766667,13014.3499601012
fremtpl2_severity_raw,random,rescue_tie,8,extra,tuned,"{'max_features': 'sqrt', 'min_samples_leaf': 1}",1795.182217407087,3284.5305788,12542.282387333282
fremtpl2_severity_raw,random,rescue_tie,8,hgb,default,,2699.1276655602414,4831.271960820127,17549.90220683236
fremtpl2_severity_raw,random,rescue_tie,8,hgb,tuned,"{'learning_rate': 0.03, 'max_leaf_nodes': 15, 'min_samples_leaf': 20}",2210.4005982442663,4279.405034799129,16889.111688659843
fremtpl2_severity_raw,random,rescue_tie,9,rf,default,,1862.061583221706,4132.840046533335,30680.80134337135
fremtpl2_severity_raw,random,rescue_tie,9,rf,tuned,"{'max_features': 1.0, 'min_samples_leaf': 5}",1668.5235676493794,3297.047528694598,12883.822228743691
fremtpl2_severity_raw,random,rescue_tie,9,extra,default,,2180.858572499811,4701.464512166667,23604.387098613155
fremtpl2_severity_raw,random,rescue_tie,9,extra,tuned,"{'max_features': 'sqrt', 'min_samples_leaf': 1}",1868.0170076311995,3715.396355733334,17690.552117646523
fremtpl2_severity_raw,random,rescue_tie,9,hgb,default,,2913.473871780823,4704.784154248758,13901.071532101163
fremtpl2_severity_raw,random,rescue_tie,9,hgb,tuned,"{'learning_rate': 0.03, 'max_leaf_nodes': 15, 'min_samples_leaf': 20}",2489.709367016023,4182.069455443269,13290.136651431136
fremtpl2_severity_raw,random,rescue_tie,10,rf,default,,1752.1378016101394,4399.327816500001,42892.320231330414
fremtpl2_severity_raw,random,rescue_tie,10,rf,tuned,"{'max_features': 1.0, 'min_samples_leaf': 20}",1562.7418879979546,4096.475227186893,42390.06678566586
fremtpl2_severity_raw,random,rescue_tie,10,extra,default,,1845.1701584005996,4630.361001833333,43141.062499965934
fremtpl2_severity_raw,random,rescue_tie,10,extra,tuned,"{'max_features': 'sqrt', 'min_samples_leaf': 1}",1566.2658642250676,4249.138113400001,43094.984496033816
fremtpl2_severity_raw,random,rescue_tie,10,hgb,default,,2582.7912756151522,5067.252601818485,41505.53071260304
fremtpl2_severity_raw,random,rescue_tie,10,hgb,tuned,"{'learning_rate': 0.03, 'max_leaf_nodes': 15, 'min_samples_leaf': 20}",2068.4239369933644,4604.7061142210605,41288.882444157985
fremtpl2_severity_raw,random,rescue_tie,11,rf,default,,2035.5259914281437,5721.725926633333,48134.39734565517
fremtpl2_severity_raw,random,rescue_tie,11,rf,tuned,"{'max_features': 1.0, 'min_samples_leaf': 5}",1853.882758227176,5176.418208707804,46308.016318725386
fremtpl2_severity_raw,random,rescue_tie,11,extra,default,,2109.036871526049,5003.126335066667,46062.383806666774
fremtpl2_severity_raw,random,rescue_tie,11,extra,tuned,"{'max_features': 'sqrt', 'min_samples_leaf': 1}",1838.9251181664113,4285.095618666667,45201.01089041922
fremtpl2_severity_raw,random,rescue_tie,11,hgb,default,,2881.55984324081,6286.796847583525,47407.76846492132
fremtpl2_severity_raw,random,rescue_tie,11,hgb,tuned,"{'learning_rate': 0.03, 'max_leaf_nodes': 15, 'min_samples_leaf': 20}",2306.9954902477907,5567.879876417376,46950.78132960707
fremtpl2_severity_raw,random,rescue_tie,12,rf,default,,1703.3655062908729,3472.2436065333336,14348.93747082072
fremtpl2_severity_raw,random,rescue_tie,12,rf,tuned,"{'max_features': 1.0, 'min_samples_leaf': 5}",1505.4961750449127,3146.7218734678495,13763.66490210505
fremtpl2_severity_raw,random,rescue_tie,12,extra,default,,1712.8121219836337,3147.5581407666673,13850.868071305555
fremtpl2_severity_raw,random,rescue_tie,12,extra,tuned,"{'max_features': 'sqrt', 'min_samples_leaf': 1}",1496.4885061341245,2743.7651602666674,12807.170872753213
fremtpl2_severity_raw,random,rescue_tie,12,hgb,default,,2663.3608137330393,4639.719034415704,15862.993373188583
fremtpl2_severity_raw,random,rescue_tie,12,hgb,tuned,"{'learning_rate': 0.03, 'max_leaf_nodes': 15, 'min_samples_leaf': 20}",2428.5635248119747,4200.760886328627,15275.561237123295
fremtpl2_severity_raw,random,rescue_tie,13,rf,default,,1736.6689978382465,5551.487116933334,60900.64297540099
fremtpl2_severity_raw,random,rescue_tie,13,rf,tuned,"{'max_features': 'sqrt', 'min_samples_leaf': 20}",1695.0141350060892,4728.2354824985605,60472.62902168508
fremtpl2_severity_raw,random,rescue_tie,13,extra,default,,1932.5250872805673,5304.924173200001,60631.71936688603
fremtpl2_severity_raw,random,rescue_tie,13,extra,tuned,"{'max_features': 'sqrt', 'min_samples_leaf': 20}",1625.1960295415568,4682.462476458447,60490.433767808834
fremtpl2_severity_raw,random,rescue_tie,13,hgb,default,,2479.3344370723703,5755.756394202592,60619.79247789011
fremtpl2_severity_raw,random,rescue_tie,13,hgb,tuned,"{'learning_rate': 0.03, 'max_leaf_nodes': 15, 'min_samples_leaf': 50}",2200.1196755166584,5296.900963122675,60518.16815252177
fremtpl2_severity_raw,random,rescue_tie,14,rf,default,,1765.6437318636608,5000.729691966667,46263.83718714379
fremtpl2_severity_raw,random,rescue_tie,14,rf,tuned,"{'max_features': 1.0, 'min_samples_leaf': 5}",1640.3001990856178,4473.518626621822,46139.500578500905
fremtpl2_severity_raw,random,rescue_tie,14,extra,default,,1953.05408179811,4799.5220563,46594.34631860305
fremtpl2_severity_raw,random,rescue_tie,14,extra,tuned,"{'max_features': 1.0, 'min_samples_leaf': 5}",1799.874236553454,4308.692789137678,45783.18875820204
fremtpl2_severity_raw,random,rescue_tie,14,hgb,default,,2591.865302684451,5125.5332987107595,46208.446395986146
fremtpl2_severity_raw,random,rescue_tie,14,hgb,tuned,"{'learning_rate': 0.03, 'max_leaf_nodes': 15, 'min_samples_leaf': 20}",2241.1557641531467,4764.514862342871,46186.39964093041
fremtpl2_severity_raw,random,rescue_tie,15,rf,default,,1827.688497053332,4328.235486100001,24691.398935877798
fremtpl2_severity_raw,random,rescue_tie,15,rf,tuned,"{'max_features': 1.0, 'min_samples_leaf': 5}",1587.7773206512643,3944.7423502935653,15350.728428532835
fremtpl2_severity_raw,random,rescue_tie,15,extra,default,,2025.7982026748336,5374.698237933334,27364.335786543295
fremtpl2_severity_raw,random,rescue_tie,15,extra,tuned,"{'max_features': 'sqrt', 'min_samples_leaf': 1}",1816.244402196822,3778.680949066667,14650.155941336678
fremtpl2_severity_raw,random,rescue_tie,15,hgb,default,,3112.975061414609,6774.366074101118,25141.825380572474
fremtpl2_severity_raw,random,rescue_tie,15,hgb,tuned,"{'learning_rate': 0.03, 'max_leaf_nodes': 15, 'min_samples_leaf': 20}",2453.079602689364,6056.626274392089,23786.340445471596
fremtpl2_severity_raw,random,rescue_tie,16,rf,default,,1750.485167768986,4259.113665466668,27978.516985758644
fremtpl2_severity_raw,random,rescue_tie,16,rf,tuned,"{'max_features': 1.0, 'min_samples_leaf': 5}",1533.8404470034222,3692.1694738543088,16129.087652155018
fremtpl2_severity_raw,random,rescue_tie,16,extra,default,,1917.0625855668598,4693.618157233334,23707.882447922824
fremtpl2_severity_raw,random,rescue_tie,16,extra,tuned,"{'max_features': 'sqrt', 'min_samples_leaf': 1}",1713.0466423076193,4119.295694933334,18184.477468615263
fremtpl2_severity_raw,random,rescue_tie,16,hgb,default,,2721.1326912135282,4973.828060954168,17920.35845082398
fremtpl2_severity_raw,random,rescue_tie,16,hgb,tuned,"{'learning_rate': 0.03, 'max_leaf_nodes': 15, 'min_samples_leaf': 20}",2149.178940876483,4466.697177595738,18284.789168137624
fremtpl2_severity_raw,random,rescue_tie,17,rf,default,,1809.4308445493477,5934.935344933333,61495.70981724879
fremtpl2_severity_raw,random,rescue_tie,17,rf,tuned,"{'max_features': 1.0, 'min_samples_leaf': 5}",1503.6205202337612,5150.102648195712,61156.34450388291
fremtpl2_severity_raw,random,rescue_tie,17,extra,default,,1806.671491299812,5486.367183833333,61181.68287702055
fremtpl2_severity_raw,random,rescue_tie,17,extra,tuned,"{'max_features': 'sqrt', 'min_samples_leaf': 20}",1513.8967231915246,4948.6629290779565,61110.31372711601
fremtpl2_severity_raw,random,rescue_tie,17,hgb,default,,2166.4641016514215,5735.934825964465,61398.14754883248
fremtpl2_severity_raw,random,rescue_tie,17,hgb,tuned,"{'learning_rate': 0.03, 'max_leaf_nodes': 15, 'min_samples_leaf': 20}",1887.2249852756713,5427.942505474306,61317.940240875476
fremtpl2_severity_raw,random,rescue_tie,18,rf,default,,1661.8136524522681,4488.6901830666675,45840.10623299135
fremtpl2_severity_raw,random,rescue_tie,18,rf,tuned,"{'max_features': 1.0, 'min_samples_leaf': 5}",1526.7799316016947,4352.372435746638,45985.661598461455
fremtpl2_severity_raw,random,rescue_tie,18,extra,default,,1901.9856033598203,4749.108437333334,46354.943402822486
fremtpl2_severity_raw,random,rescue_tie,18,extra,tuned,"{'max_features': 'sqrt', 'min_samples_leaf': 1}",1677.1094393555632,4425.568150433333,46027.79766161738
fremtpl2_severity_raw,random,rescue_tie,18,hgb,default,,2493.2876773977637,5220.543859004775,46351.30704181212
fremtpl2_severity_raw,random,rescue_tie,18,hgb,tuned,"{'learning_rate': 0.03, 'max_leaf_nodes': 15, 'min_samples_leaf': 20}",2015.048308004708,4760.232146534173,46327.840464493696
fremtpl2_severity_raw,random,rescue_tie,19,rf,default,,1860.4448602252992,5383.906018999999,43453.123090392815
fremtpl2_severity_raw,random,rescue_tie,19,rf,tuned,"{'max_features': 1.0, 'min_samples_leaf': 5}",1693.7607193607544,4966.783368194143,40859.26278340987
fremtpl2_severity_raw,random,rescue_tie,19,extra,default,,1900.9546254240508,5842.690701333335,45661.454907148276
fremtpl2_severity_raw,random,rescue_tie,19,extra,tuned,"{'max_features': 'sqrt', 'min_samples_leaf': 1}",1626.5048186335387,4729.396530366666,43864.59757798662
fremtpl2_severity_raw,random,rescue_tie,19,hgb,default,,2960.0937843035626,5981.677423727628,42850.857247563246
fremtpl2_severity_raw,random,rescue_tie,19,hgb,tuned,"{'learning_rate': 0.03, 'max_leaf_nodes': 15, 'min_samples_leaf': 20}",2481.1756342873864,5498.596792630076,42921.47147965297
fremtpl2_severity_raw,random,rescue_tie,20,rf,default,,1854.9271246208189,4155.168872733334,44926.0613775023
fremtpl2_severity_raw,random,rescue_tie,20,rf,tuned,"{'max_features': 1.0, 'min_samples_leaf': 5}",1677.167757054638,4107.836581995403,45376.408247199965
fremtpl2_severity_raw,random,rescue_tie,20,extra,default,,2068.6159906376515,4538.783130566667,45190.85474904403
fremtpl2_severity_raw,random,rescue_tie,20,extra,tuned,"{'max_features': 'sqrt', 'min_samples_leaf': 1}",1712.5357199808543,3893.0502058,44763.32358939593
fremtpl2_severity_raw,random,rescue_tie,20,hgb,default,,2811.837852010812,5255.579132354129,45431.608636044235
fremtpl2_severity_raw,random,rescue_tie,20,hgb,tuned,"{'learning_rate': 0.03, 'max_leaf_nodes': 15, 'min_samples_leaf': 20}",2290.3839878555104,4785.973706682277,45517.21590948664
fremtpl2_severity_raw,random,rescue_tie,21,rf,default,,2023.5000894531356,5641.679548300001,46457.151133496045
fremtpl2_severity_raw,random,rescue_tie,21,rf,tuned,"{'max_features': 'sqrt', 'min_samples_leaf': 1}",1787.3886805956977,5039.250057844445,44102.63560359055
fremtpl2_severity_raw,random,rescue_tie,21,extra,default,,1900.5094686313585,5512.724980399999,45505.73327234497
fremtpl2_severity_raw,random,rescue_tie,21,extra,tuned,"{'max_features': 'sqrt', 'min_samples_leaf': 1}",1759.1600767327986,4565.895731233334,43278.069495600175
fremtpl2_severity_raw,random,rescue_tie,21,hgb,default,,2798.9555866098394,5968.027456130352,43311.8437563867
fremtpl2_severity_raw,random,rescue_tie,21,hgb,tuned,"{'learning_rate': 0.03, 'max_leaf_nodes': 15, 'min_samples_leaf': 50}",2424.7688405745334,4935.578961443122,41938.97924595148
fremtpl2_severity_raw,random,rescue_tie,22,rf,default,,1798.3438575588968,4761.652743333334,19994.809404136853
fremtpl2_severity_raw,random,rescue_tie,22,rf,tuned,"{'max_features': 1.0, 'min_samples_leaf': 5}",1705.25253997019,4214.241429474221,17147.368181108734
fremtpl2_severity_raw,random,rescue_tie,22,extra,default,,2131.281719464924,4240.392682666667,15409.454632439589
fremtpl2_severity_raw,random,rescue_tie,22,extra,tuned,"{'max_features': 'sqrt', 'min_samples_leaf': 1}",1804.684516850216,3752.6291545333343,15081.466560856961
fremtpl2_severity_raw,random,rescue_tie,22,hgb,default,,2667.2787176270817,5217.641955325535,20184.006951770083
fremtpl2_severity_raw,random,rescue_tie,22,hgb,tuned,"{'learning_rate': 0.03, 'max_leaf_nodes': 15, 'min_samples_leaf': 20}",2102.6816603216307,4579.711544379223,19094.891688563104
fremtpl2_severity_raw,random,rescue_tie,23,rf,default,,1677.8767984927244,3947.6341417333333,16419.54367677555
fremtpl2_severity_raw,random,rescue_tie,23,rf,tuned,"{'max_features': 1.0, 'min_samples_leaf': 5}",1488.7116560605098,3769.0443433015303,16901.99692042043
fremtpl2_severity_raw,random,rescue_tie,23,extra,default,,1822.5323375895089,4354.161121933334,18020.78489720176
fremtpl2_severity_raw,random,rescue_tie,23,extra,tuned,"{'max_features': 'sqrt', 'min_samples_leaf': 1}",1605.2120568770601,3675.5160504333335,16081.764872213216
fremtpl2_severity_raw,random,rescue_tie,23,hgb,default,,2655.7336891151704,5439.988886174232,21345.241583705512
fremtpl2_severity_raw,random,rescue_tie,23,hgb,tuned,"{'learning_rate': 0.03, 'max_leaf_nodes': 15, 'min_samples_leaf': 20}",2283.6679635103883,5005.466414793448,20377.64184082349
fremtpl2_severity_raw,random,rescue_tie,24,rf,default,,1973.8310658554155,4626.011322566667,45898.19758925498
fremtpl2_severity_raw,random,rescue_tie,24,rf,tuned,"{'max_features': 1.0, 'min_samples_leaf': 5}",1630.869021761257,4500.278582618562,46225.29124698606
fremtpl2_severity_raw,random,rescue_tie,24,extra,default,,2018.1396885431668,4511.489358433334,45525.121918413846
fremtpl2_severity_raw,random,rescue_tie,24,extra,tuned,"{'max_features': 'sqrt', 'min_samples_leaf': 1}",1695.2352359693707,4221.629859533333,45388.03867861081
fremtpl2_severity_raw,random,rescue_tie,24,hgb,default,,2814.0462234357606,5385.711166112134,46056.98991200553
fremtpl2_severity_raw,random,rescue_tie,24,hgb,tuned,"{'learning_rate': 0.03, 'max_leaf_nodes': 15, 'min_samples_leaf': 50}",2450.3354121140246,4789.615505039161,45618.492039214325
fremtpl2_severity_raw,random,rescue_tie,25,rf,default,,1755.8489009346647,4075.7285678333346,24863.70717398936
fremtpl2_severity_raw,random,rescue_tie,25,rf,tuned,"{'max_features': 1.0, 'min_samples_leaf': 5}",1557.1677044327844,3181.255415624056,12932.8440082861
fremtpl2_severity_raw,random,rescue_tie,25,extra,default,,1866.7069594659786,4769.414559700001,26423.40213780403
fremtpl2_severity_raw,random,rescue_tie,25,extra,tuned,"{'max_features': 'sqrt', 'min_samples_leaf': 1}",1610.3256380465593,3683.2952561,18361.87443106181
fremtpl2_severity_raw,random,rescue_tie,25,hgb,default,,2654.1953471912716,4538.595022362906,15581.132790076046
fremtpl2_severity_raw,random,rescue_tie,25,hgb,tuned,"{'learning_rate': 0.03, 'max_leaf_nodes': 15, 'min_samples_leaf': 20}",2136.321149463307,4137.835158096267,15614.103701695218
fremtpl2_severity_raw,random,rescue_tie,26,rf,default,,1626.142957328572,4278.525996766667,45216.68222489612
fremtpl2_severity_raw,random,rescue_tie,26,rf,tuned,"{'max_features': 1.0, 'min_samples_leaf': 5}",1528.4468998768496,4045.3827188672913,45218.926638459
fremtpl2_severity_raw,random,rescue_tie,26,extra,default,,2025.3822230258545,4477.759951066667,45155.24511962798
fremtpl2_severity_raw,random,rescue_tie,26,extra,tuned,"{'max_features': 'sqrt', 'min_samples_leaf': 1}",1827.5121102629398,4165.566583833333,45071.01906693106
fremtpl2_severity_raw,random,rescue_tie,26,hgb,default,,2616.7579541629784,5321.500863548628,46100.887325306496
fremtpl2_severity_raw,random,rescue_tie,26,hgb,tuned,"{'learning_rate': 0.03, 'max_leaf_nodes': 15, 'min_samples_leaf': 20}",2144.8945235908864,4856.9713984833115,46008.414103051124
fremtpl2_severity_raw,random,rescue_tie,27,rf,default,,1817.4117045572316,4507.169054633336,31224.938015926786
fremtpl2_severity_raw,random,rescue_tie,27,rf,tuned,"{'max_features': 1.0, 'min_samples_leaf': 5}",1601.1093848578337,3635.360377171675,15362.95478466252
fremtpl2_severity_raw,random,rescue_tie,27,extra,default,,1932.0473825485094,4034.9997174666664,20247.36312325461
fremtpl2_severity_raw,random,rescue_tie,27,extra,tuned,"{'max_features': 'sqrt', 'min_samples_leaf': 1}",1682.3699592644903,3299.747986133334,12701.347543001977
fremtpl2_severity_raw,random,rescue_tie,27,hgb,default,,2912.3797976012142,5522.264807360452,20761.538632347976
fremtpl2_severity_raw,random,rescue_tie,27,hgb,tuned,"{'learning_rate': 0.03, 'max_leaf_nodes': 15, 'min_samples_leaf': 20}",2373.1022647591312,4879.433635951546,20020.152277806803
fremtpl2_severity_raw,random,rescue_tie,28,rf,default,,1707.3892067719669,4832.1011572,44752.85151163739
fremtpl2_severity_raw,random,rescue_tie,28,rf,tuned,"{'max_features': 1.0, 'min_samples_leaf': 5}",1597.3058486376153,4132.902003500258,41780.905773991406
fremtpl2_severity_raw,random,rescue_tie,28,extra,default,,1848.304214213057,4882.185316133334,43055.05463811982
fremtpl2_severity_raw,random,rescue_tie,28,extra,tuned,"{'max_features': 'sqrt', 'min_samples_leaf': 1}",1592.149283396217,4246.306667866666,42613.426806097385
fremtpl2_severity_raw,random,rescue_tie,28,hgb,default,,2697.9429004857807,5337.010661295089,42672.965871145854
fremtpl2_severity_raw,random,rescue_tie,28,hgb,tuned,"{'learning_rate': 0.03, 'max_leaf_nodes': 15, 'min_samples_leaf': 50}",2423.1421633639466,4665.15375263432,41700.007676792935
fremtpl2_severity_raw,random,rescue_tie,29,rf,default,,1713.089588671086,3250.3401820000004,12562.705931398277
fremtpl2_severity_raw,random,rescue_tie,29,rf,tuned,"{'max_features': 1.0, 'min_samples_leaf': 5}",1528.0923755222077,3566.3839725275134,15591.91425803612
fremtpl2_severity_raw,random,rescue_tie,29,extra,default,,2044.6523941954802,4159.3916875333325,18022.529747690685
fremtpl2_severity_raw,random,rescue_tie,29,extra,tuned,"{'max_features': 'sqrt', 'min_samples_leaf': 1}",1834.1603390843502,4001.4961047500005,19280.89803406435
fremtpl2_severity_raw,random,rescue_tie,29,hgb,default,,2685.1880371758157,5113.199166587821,18545.022222779677
fremtpl2_severity_raw,random,rescue_tie,29,hgb,tuned,"{'learning_rate': 0.03, 'max_leaf_nodes': 15, 'min_samples_leaf': 20}",2171.2104444918723,4579.7934186648745,18116.060586056632
fremtpl2_severity_raw,random,rescue_tie,30,rf,default,,1523.3854054401224,3371.911986266666,14001.474229271447
fremtpl2_severity_raw,random,rescue_tie,30,rf,tuned,"{'max_features': 1.0, 'min_samples_leaf': 5}",1390.2539692071084,3301.75076658637,14544.815193136017
fremtpl2_severity_raw,random,rescue_tie,30,extra,default,,1936.0998163431614,4637.271720700001,18722.651198032323
fremtpl2_severity_raw,random,rescue_tie,30,extra,tuned,"{'max_features': 'sqrt', 'min_samples_leaf': 1}",1724.1018937181043,4045.955682366667,16290.817161121395
fremtpl2_severity_raw,random,rescue_tie,30,hgb,default,,2506.5187408352153,5560.589145691769,21767.326415032403
fremtpl2_severity_raw,random,rescue_tie,30,hgb,tuned,"{'learning_rate': 0.03, 'max_leaf_nodes': 15, 'min_samples_leaf': 20}",2102.8338369751805,5013.635444922671,21082.34291550977
sru_y2_static,blocked,tie_control,1,rf,default,,0.09408817032422187,0.09193974860623909,0.10776834275255741
sru_y2_static,blocked,tie_control,1,rf,tuned,"{'max_features': 0.5, 'min_samples_leaf': 20}",0.06405823314763774,0.06614573552835937,0.08046638554205539
sru_y2_static,blocked,tie_control,1,extra,default,,0.06992345891162786,0.07118133371490586,0.08514436578634269
sru_y2_static,blocked,tie_control,1,extra,tuned,"{'max_features': 0.5, 'min_samples_leaf': 20}",0.036352427733835416,0.04277763714303504,0.06428248929634879
sru_y2_static,blocked,tie_control,1,hgb,default,,0.07392167613358733,0.07274811163733176,0.08940482209097063
sru_y2_static,blocked,tie_control,1,hgb,tuned,"{'learning_rate': 0.03, 'max_leaf_nodes': 15, 'min_samples_leaf': 20}",0.06915843609033157,0.06849268053548284,0.08530263829920327
sru_y2_static,blocked,tie_control,2,rf,default,,0.03912700798686524,0.04254095670293889,0.06357884629656242
sru_y2_static,blocked,tie_control,2,rf,tuned,"{'max_features': 0.5, 'min_samples_leaf': 20}",0.027252082296212347,0.02806760967062614,0.037508001416376266
sru_y2_static,blocked,tie_control,2,extra,default,,0.03928080905574459,0.039849636462255596,0.057624459119112924
sru_y2_static,blocked,tie_control,2,extra,tuned,"{'max_features': 0.5, 'min_samples_leaf': 20}",0.0251656478840598,0.026377458007625865,0.03327850049486781
sru_y2_static,blocked,tie_control,2,hgb,default,,0.040208942743402046,0.04202322307498882,0.06025989863000719
sru_y2_static,blocked,tie_control,2,hgb,tuned,"{'learning_rate': 0.03, 'max_leaf_nodes': 31, 'min_samples_leaf': 50}",0.03185548503272877,0.03188896919278308,0.04172672919349254
sru_y2_static,blocked,tie_control,3,rf,default,,0.04329388650763685,0.0477880713043723,0.06854465194295332
sru_y2_static,blocked,tie_control,3,rf,tuned,"{'max_features': 0.5, 'min_samples_leaf': 20}",0.038211963513561924,0.041214886280572356,0.05787352942998854
sru_y2_static,blocked,tie_control,3,extra,default,,0.03977562530339777,0.04473916455758341,0.06546742688693374
sru_y2_static,blocked,tie_control,3,extra,tuned,"{'max_features': 0.5, 'min_samples_leaf': 20}",0.038414316840536075,0.0410890656640337,0.05927178820872884
sru_y2_static,blocked,tie_control,3,hgb,default,,0.04507696271572422,0.049913626306081274,0.07306260216806348
sru_y2_static,blocked,tie_control,3,hgb,tuned,"{'learning_rate': 0.03, 'max_leaf_nodes': 31, 'min_samples_leaf': 50}",0.03530081319705459,0.03806925415669378,0.05828086348647161
sru_y2_static,blocked,tie_control,4,rf,default,,0.0479812224728727,0.050497850579283354,0.0698938531844015
sru_y2_static,blocked,tie_control,4,rf,tuned,"{'max_features': 0.5, 'min_samples_leaf': 20}",0.04240914466422593,0.04485118640064404,0.06565034286372713
sru_y2_static,blocked,tie_control,4,extra,default,,0.03961657295082017,0.04447736565192784,0.06642589225359607
sru_y2_static,blocked,tie_control,4,extra,tuned,"{'max_features': 0.5, 'min_samples_leaf': 20}",0.03247343987192748,0.036426110165978166,0.060811577038192614
sru_y2_static,blocked,tie_control,4,hgb,default,,0.04020492782229142,0.04531885114006928,0.06640269229668795
sru_y2_static,blocked,tie_control,4,hgb,tuned,"{'learning_rate': 0.03, 'max_leaf_nodes': 31, 'min_samples_leaf': 50}",0.041916067195333355,0.04584877565449505,0.0672890168845215
sru_y2_static,blocked,tie_control,5,rf,default,,0.050806711965246144,0.05067118865692775,0.06802731180897478
sru_y2_static,blocked,tie_control,5,rf,tuned,"{'max_features': 0.5, 'min_samples_leaf': 20}",0.03764621129834112,0.04303067362536698,0.06538547794953449
sru_y2_static,blocked,tie_control,5,extra,default,,0.06434986547988597,0.06458216033096666,0.08236767629886486
sru_y2_static,blocked,tie_control,5,extra,tuned,"{'max_features': 0.5, 'min_samples_leaf': 20}",0.032961001310648774,0.039009089852961705,0.06527182593453902
sru_y2_static,blocked,tie_control,5,hgb,default,,0.04736403623275577,0.047894894089200835,0.06291518774957863
sru_y2_static,blocked,tie_control,5,hgb,tuned,"{'learning_rate': 0.03, 'max_leaf_nodes': 15, 'min_samples_leaf': 50}",0.04355397242765338,0.04721672611379212,0.06294413662852869
concrete,random,loss_control,1,rf,default,,3.1903274798306662,3.253751354398868,4.329851288457719
concrete,random,loss_control,1,rf,tuned,"{'max_features': 0.5, 'min_samples_leaf': 1}",3.191514594691005,3.251863098337015,4.212617330665331
concrete,random,loss_control,1,extra,default,,2.9529982199301594,2.942370032002376,4.232489757751579
concrete,random,loss_control,1,extra,tuned,"{'max_features': 1.0, 'min_samples_leaf': 1}",2.9529982199301594,2.942370032002376,4.232489757751579
concrete,random,loss_control,1,hgb,default,,2.9529084617730166,3.0003247840157186,4.002660212529895
concrete,random,loss_control,1,hgb,tuned,"{'learning_rate': 0.1, 'max_leaf_nodes': 31, 'min_samples_leaf': 20}",2.6355858062869015,2.6942590663031036,3.781062359241211
concrete,random,loss_control,2,rf,default,,3.2777859975722508,3.4541156135776068,4.7250725651382
concrete,random,loss_control,2,rf,tuned,"{'max_features': 0.5, 'min_samples_leaf': 1}",3.2828305639454705,3.5009927203869595,4.753563703648563
concrete,random,loss_control,2,extra,default,,2.7735142320171793,2.9486754860257864,4.306887463501089
concrete,random,loss_control,2,extra,tuned,"{'max_features': 1.0, 'min_samples_leaf': 1}",2.7735142320171793,2.9486754860257864,4.306887463501089
concrete,random,loss_control,2,hgb,default,,2.7528688541339217,2.935902082188736,4.156943394100167
concrete,random,loss_control,2,hgb,tuned,"{'learning_rate': 0.1, 'max_leaf_nodes': 31, 'min_samples_leaf': 20}",2.400434258457553,2.655020542680906,3.92953487457192
concrete,random,loss_control,3,rf,default,,3.6041035003617576,3.759869175162707,5.4954543401906895
concrete,random,loss_control,3,rf,tuned,"{'max_features': 0.5, 'min_samples_leaf': 1}",3.4074127221158266,3.588855075600602,5.196148593611815
concrete,random,loss_control,3,extra,default,,3.2008306776790496,3.3904758239123343,5.303380221864622
concrete,random,loss_control,3,extra,tuned,"{'max_features': 1.0, 'min_samples_leaf': 1}",3.2008306776790496,3.3904758239123343,5.303380221864622
concrete,random,loss_control,3,hgb,default,,2.9739696517771197,3.1589691694639686,4.5653985598091
concrete,random,loss_control,3,hgb,tuned,"{'learning_rate': 0.1, 'max_leaf_nodes': 15, 'min_samples_leaf': 20}",2.7405372369093017,3.025160759339571,4.496311698101252
concrete,random,loss_control,4,rf,default,,2.9000814215551154,2.964779511304307,4.198467140852306
concrete,random,loss_control,4,rf,tuned,"{'max_features': 0.5, 'min_samples_leaf': 1}",3.049447991197505,3.073388075895526,4.22709616892523
concrete,random,loss_control,4,extra,default,,2.7240069336204034,2.8052841955629786,4.182121062620851
concrete,random,loss_control,4,extra,tuned,"{'max_features': 1.0, 'min_samples_leaf': 1}",2.7240069336204034,2.8052841955629786,4.182121062620851
concrete,random,loss_control,4,hgb,default,,2.62505011586283,2.77915334232213,3.9569904136716234
concrete,random,loss_control,4,hgb,tuned,"{'learning_rate': 0.1, 'max_leaf_nodes': 31, 'min_samples_leaf': 20}",2.2880539296134,2.5394939812068937,3.6814180400748358
concrete,random,loss_control,5,rf,default,,3.0823048240904067,3.314962066177354,5.07943692409602
concrete,random,loss_control,5,rf,tuned,"{'max_features': 0.5, 'min_samples_leaf': 1}",2.9785168543836047,3.224582461232202,4.9961034297655305
concrete,random,loss_control,5,extra,default,,2.8738417089862773,2.999596783114645,5.009694024759111
concrete,random,loss_control,5,extra,tuned,"{'max_features': 1.0, 'min_samples_leaf': 1}",2.8738417089862773,2.999596783114645,5.009694024759111
concrete,random,loss_control,5,hgb,default,,2.664950390819427,2.9436700015867183,4.634005029093413
concrete,random,loss_control,5,hgb,tuned,"{'learning_rate': 0.1, 'max_leaf_nodes': 15, 'min_samples_leaf': 20}",2.5464047557599168,2.7591269068392017,4.411579605748882
concrete,random,loss_control,6,rf,default,,3.3591233798130733,3.3963535856684803,4.572406449574204
concrete,random,loss_control,6,rf,tuned,"{'max_features': 1.0, 'min_samples_leaf': 1}",3.3591233798130733,3.3963535856684803,4.572406449574204
concrete,random,loss_control,6,extra,default,,3.077217727436093,3.1100919353996797,4.5844629332029445
concrete,random,loss_control,6,extra,tuned,"{'max_features': 1.0, 'min_samples_leaf': 1}",3.077217727436093,3.1100919353996797,4.5844629332029445
concrete,random,loss_control,6,hgb,default,,2.9800439167704047,3.1440564806588505,4.449603440428909
concrete,random,loss_control,6,hgb,tuned,"{'learning_rate': 0.1, 'max_leaf_nodes': 15, 'min_samples_leaf': 20}",2.778613566121155,3.0724712157278353,4.37245270048616
concrete,random,loss_control,7,rf,default,,3.0384175825272894,3.1492680227472682,4.282218005925506
concrete,random,loss_control,7,rf,tuned,"{'max_features': 1.0, 'min_samples_leaf': 1}",3.0384175825272894,3.1492680227472682,4.282218005925506
concrete,random,loss_control,7,extra,default,,2.7170860699785204,2.8386077892973334,4.25273877391963
concrete,random,loss_control,7,extra,tuned,"{'max_features': 1.0, 'min_samples_leaf': 1}",2.7170860699785204,2.8386077892973334,4.25273877391963
concrete,random,loss_control,7,hgb,default,,2.6363833985866503,2.801435710006747,4.002802800954912
concrete,random,loss_control,7,hgb,tuned,"{'learning_rate': 0.1, 'max_leaf_nodes': 31, 'min_samples_leaf': 20}",2.3256350988192813,2.4945498872862717,3.706910427673723
concrete,random,loss_control,8,rf,default,,3.368581404734302,3.576820380705287,5.103610258226884
concrete,random,loss_control,8,rf,tuned,"{'max_features': 0.5, 'min_samples_leaf': 1}",3.229787685780054,3.5340019708878554,5.10758466761224
concrete,random,loss_control,8,extra,default,,2.478320931668382,2.7318379895467655,4.377881803091361
concrete,random,loss_control,8,extra,tuned,"{'max_features': 1.0, 'min_samples_leaf': 1}",2.478320931668382,2.7318379895467655,4.377881803091361
concrete,random,loss_control,8,hgb,default,,2.7413920044251627,3.037186240379344,4.6011834151124
concrete,random,loss_control,8,hgb,tuned,"{'learning_rate': 0.1, 'max_leaf_nodes': 15, 'min_samples_leaf': 20}",2.548703637957479,2.903158806681049,4.519735434516164
concrete,random,loss_control,9,rf,default,,2.9592574882283333,3.297144730785025,5.0077364691849
concrete,random,loss_control,9,rf,tuned,"{'max_features': 0.5, 'min_samples_leaf': 1}",2.746615495209952,3.1387639096425857,4.726192628300782
concrete,random,loss_control,9,extra,default,,2.456031279649933,2.7270245498464325,4.5506898990186055
concrete,random,loss_control,9,extra,tuned,"{'max_features': 1.0, 'min_samples_leaf': 1}",2.456031279649933,2.7270245498464325,4.5506898990186055
concrete,random,loss_control,9,hgb,default,,2.713995281159057,3.0182214222363064,4.670027758892644
concrete,random,loss_control,9,hgb,tuned,"{'learning_rate': 0.1, 'max_leaf_nodes': 31, 'min_samples_leaf': 20}",2.4022944163651037,2.678571793951434,4.329439175163761
concrete,random,loss_control,10,rf,default,,3.062195496966796,3.180009432745154,4.384523374393421
concrete,random,loss_control,10,rf,tuned,"{'max_features': 1.0, 'min_samples_leaf': 1}",3.062195496966796,3.180009432745154,4.384523374393421
concrete,random,loss_control,10,extra,default,,2.559467163944049,2.6622261180273665,4.0565892449017396
concrete,random,loss_control,10,extra,tuned,"{'max_features': 1.0, 'min_samples_leaf': 1}",2.559467163944049,2.6622261180273665,4.0565892449017396
concrete,random,loss_control,10,hgb,default,,2.5674447072619344,2.75214695332544,4.005118696128194
concrete,random,loss_control,10,hgb,tuned,"{'learning_rate': 0.1, 'max_leaf_nodes': 15, 'min_samples_leaf': 20}",2.3193520692769574,2.5200432491147082,3.686160571498442
concrete,random,loss_control,11,rf,default,,3.3614564787494166,3.6849467271907863,5.465202182477123
concrete,random,loss_control,11,rf,tuned,"{'max_features': 1.0, 'min_samples_leaf': 1}",3.3614564787494166,3.6849467271907863,5.465202182477123
concrete,random,loss_control,11,extra,default,,3.0597116072392145,3.305867334444998,5.126339091561089
concrete,random,loss_control,11,extra,tuned,"{'max_features': 1.0, 'min_samples_leaf': 1}",3.0597116072392145,3.305867334444998,5.126339091561089
concrete,random,loss_control,11,hgb,default,,2.93280390084834,3.3017685547740356,4.996690313046863
concrete,random,loss_control,11,hgb,tuned,"{'learning_rate': 0.1, 'max_leaf_nodes': 15, 'min_samples_leaf': 20}",2.7120475532638997,3.0570206165180895,4.7681617094976305
concrete,random,loss_control,12,rf,default,,3.193943618222373,3.5149044591891587,5.20811034742101
concrete,random,loss_control,12,rf,tuned,"{'max_features': 1.0, 'min_samples_leaf': 1}",3.193943618222373,3.5149044591891587,5.20811034742101
concrete,random,loss_control,12,extra,default,,2.9811871481103704,3.1405675526056207,4.784367576209047
concrete,random,loss_control,12,extra,tuned,"{'max_features': 1.0, 'min_samples_leaf': 1}",2.9811871481103704,3.1405675526056207,4.784367576209047
concrete,random,loss_control,12,hgb,default,,2.5594306496875245,2.946384968663478,4.53395776058278
concrete,random,loss_control,12,hgb,tuned,"{'learning_rate': 0.1, 'max_leaf_nodes': 31, 'min_samples_leaf': 20}",2.3637434994957327,2.6983717489021894,4.408794860967265
concrete,random,loss_control,13,rf,default,,3.6174067912235732,3.762055730806331,5.456021334064663
concrete,random,loss_control,13,rf,tuned,"{'max_features': 0.5, 'min_samples_leaf': 1}",3.5287831018295512,3.717452492828793,5.453141459778736
concrete,random,loss_control,13,extra,default,,3.1232834629995683,3.2154981833678042,5.0056149735457325
concrete,random,loss_control,13,extra,tuned,"{'max_features': 1.0, 'min_samples_leaf': 1}",3.1232834629995683,3.2154981833678042,5.0056149735457325
concrete,random,loss_control,13,hgb,default,,2.8661817301381594,3.158698350724313,4.744322871959142
concrete,random,loss_control,13,hgb,tuned,"{'learning_rate': 0.1, 'max_leaf_nodes': 31, 'min_samples_leaf': 20}",2.521236929736629,2.814504197066272,4.382467368336894
concrete,random,loss_control,14,rf,default,,3.1759422854816837,3.2664991211955074,4.418547993449615
concrete,random,loss_control,14,rf,tuned,"{'max_features': 0.5, 'min_samples_leaf': 1}",3.2398222280753433,3.3422265888362013,4.582681120164692
concrete,random,loss_control,14,extra,default,,2.652017239889515,2.788315386644412,4.226846049646783
concrete,random,loss_control,14,extra,tuned,"{'max_features': 1.0, 'min_samples_leaf': 1}",2.652017239889515,2.788315386644412,4.226846049646783
concrete,random,loss_control,14,hgb,default,,2.7493334969353276,2.8792924932155457,4.036698863741142
concrete,random,loss_control,14,hgb,tuned,"{'learning_rate': 0.1, 'max_leaf_nodes': 15, 'min_samples_leaf': 20}",2.625132494304947,2.7321484377989127,3.8460230331053418
concrete,random,loss_control,15,rf,default,,3.50856071049498,3.6149734173035912,5.27525740130343
concrete,random,loss_control,15,rf,tuned,"{'max_features': 0.5, 'min_samples_leaf': 1}",3.344296216837035,3.534287380179714,5.171694042676039
concrete,random,loss_control,15,extra,default,,2.907332220291497,3.0454786341294207,4.791846159468612
concrete,random,loss_control,15,extra,tuned,"{'max_features': 1.0, 'min_samples_leaf': 1}",2.907332220291497,3.0454786341294207,4.791846159468612
concrete,random,loss_control,15,hgb,default,,2.8674245876247277,3.08438198503034,4.726015977459878
concrete,random,loss_control,15,hgb,tuned,"{'learning_rate': 0.1, 'max_leaf_nodes': 15, 'min_samples_leaf': 20}",2.4981596731884523,2.7849956677199463,4.474323624769956
concrete,random,loss_control,16,rf,default,,3.271810406112197,3.632724899500487,5.298850756553623
concrete,random,loss_control,16,rf,tuned,"{'max_features': 1.0, 'min_samples_leaf': 1}",3.271810406112197,3.632724899500487,5.298850756553623
concrete,random,loss_control,16,extra,default,,3.104550601708563,3.3442318732709952,5.223857111512911
concrete,random,loss_control,16,extra,tuned,"{'max_features': 1.0, 'min_samples_leaf': 1}",3.104550601708563,3.3442318732709952,5.223857111512911
concrete,random,loss_control,16,hgb,default,,2.9343998954300754,3.341543373669994,5.163457500061174
concrete,random,loss_control,16,hgb,tuned,"{'learning_rate': 0.1, 'max_leaf_nodes': 31, 'min_samples_leaf': 20}",2.5935933237811946,2.9867095249413063,4.765252298212344
concrete,random,loss_control,17,rf,default,,3.1894190072546946,3.487062335754307,5.0162318606856795
concrete,random,loss_control,17,rf,tuned,"{'max_features': 0.5, 'min_samples_leaf': 1}",3.2338998120859475,3.4615613654926958,4.967430873265501
concrete,random,loss_control,17,extra,default,,2.8536521646954545,3.017915359946771,4.6270557570261515
concrete,random,loss_control,17,extra,tuned,"{'max_features': 1.0, 'min_samples_leaf': 1}",2.8536521646954545,3.017915359946771,4.6270557570261515
concrete,random,loss_control,17,hgb,default,,2.767079471536557,3.044779686538677,4.580773286232613
concrete,random,loss_control,17,hgb,tuned,"{'learning_rate': 0.1, 'max_leaf_nodes': 15, 'min_samples_leaf': 20}",2.720035889428677,2.982044106603142,4.531873371882858
concrete,random,loss_control,18,rf,default,,3.0968135707331816,3.073777043727551,4.169430720737439
concrete,random,loss_control,18,rf,tuned,"{'max_features': 0.5, 'min_samples_leaf': 1}",3.16494722809393,3.2002873255703914,4.266552546130767
concrete,random,loss_control,18,extra,default,,2.896024127968428,2.862659983555375,4.248481737579638
concrete,random,loss_control,18,extra,tuned,"{'max_features': 1.0, 'min_samples_leaf': 1}",2.896024127968428,2.862659983555375,4.248481737579638
concrete,random,loss_control,18,hgb,default,,2.848579354087192,2.890442903149517,3.909305166255255
concrete,random,loss_control,18,hgb,tuned,"{'learning_rate': 0.1, 'max_leaf_nodes': 15, 'min_samples_leaf': 20}",2.534213203276621,2.5455728302555403,3.500797305846645
concrete,random,loss_control,19,rf,default,,3.2274830869582187,3.606242813424536,5.546739329405873
concrete,random,loss_control,19,rf,tuned,"{'max_features': 1.0, 'min_samples_leaf': 1}",3.2274830869582187,3.606242813424536,5.546739329405873
concrete,random,loss_control,19,extra,default,,2.710925850388611,3.008234853578869,5.209343996596697
concrete,random,loss_control,19,extra,tuned,"{'max_features': 1.0, 'min_samples_leaf': 1}",2.710925850388611,3.008234853578869,5.209343996596697
concrete,random,loss_control,19,hgb,default,,2.6129336199623037,3.0241552262725877,4.8313429957192815
concrete,random,loss_control,19,hgb,tuned,"{'learning_rate': 0.1, 'max_leaf_nodes': 31, 'min_samples_leaf': 20}",2.3828283738146947,2.754288356748865,4.611299815303825
concrete,random,loss_control,20,rf,default,,3.3967959717635403,3.6607213954560884,5.24160444173053
concrete,random,loss_control,20,rf,tuned,"{'max_features': 1.0, 'min_samples_leaf': 1}",3.3967959717635403,3.6607213954560884,5.24160444173053
concrete,random,loss_control,20,extra,default,,2.733647210094642,2.993300146649511,4.887677770621013
concrete,random,loss_control,20,extra,tuned,"{'max_features': 1.0, 'min_samples_leaf': 1}",2.733647210094642,2.993300146649511,4.887677770621013
concrete,random,loss_control,20,hgb,default,,2.7368638931909315,3.0311065394151435,4.656944996746202
concrete,random,loss_control,20,hgb,tuned,"{'learning_rate': 0.1, 'max_leaf_nodes': 31, 'min_samples_leaf': 20}",2.4474270031117067,2.7801007974090837,4.484842018207226
concrete,random,loss_control,21,rf,default,,3.286468883511811,3.564523422802486,5.50840430544275
concrete,random,loss_control,21,rf,tuned,"{'max_features': 1.0, 'min_samples_leaf': 1}",3.286468883511811,3.564523422802486,5.50840430544275
concrete,random,loss_control,21,extra,default,,3.210451589149194,3.4287408001896824,5.69010488225898
concrete,random,loss_control,21,extra,tuned,"{'max_features': 1.0, 'min_samples_leaf': 1}",3.210451589149194,3.4287408001896824,5.69010488225898
concrete,random,loss_control,21,hgb,default,,2.683211071811122,3.0641108016900858,5.103065075391533
concrete,random,loss_control,21,hgb,tuned,"{'learning_rate': 0.1, 'max_leaf_nodes': 31, 'min_samples_leaf': 20}",2.489024092455625,2.8955216341368657,4.978982072962175
concrete,random,loss_control,22,rf,default,,3.2327860223604916,3.362091415358793,4.807983959891294
concrete,random,loss_control,22,rf,tuned,"{'max_features': 1.0, 'min_samples_leaf': 1}",3.2327860223604916,3.362091415358793,4.807983959891294
concrete,random,loss_control,22,extra,default,,2.729403033268838,2.90413791891238,4.476652037685344
concrete,random,loss_control,22,extra,tuned,"{'max_features': 1.0, 'min_samples_leaf': 1}",2.729403033268838,2.90413791891238,4.476652037685344
concrete,random,loss_control,22,hgb,default,,2.9331992242494533,3.104086641518098,4.4626167771455645
concrete,random,loss_control,22,hgb,tuned,"{'learning_rate': 0.1, 'max_leaf_nodes': 15, 'min_samples_leaf': 20}",2.550497281770092,2.7718743466712152,4.069892683430747
concrete,random,loss_control,23,rf,default,,3.3853579495109507,3.4547974898262743,4.8515626638190135
concrete,random,loss_control,23,rf,tuned,"{'max_features': 0.5, 'min_samples_leaf': 1}",3.2539474797317127,3.4179077725961675,4.778223712294308
concrete,random,loss_control,23,extra,default,,2.8561581738694333,2.92843336613404,4.521427609851859
concrete,random,loss_control,23,extra,tuned,"{'max_features': 1.0, 'min_samples_leaf': 1}",2.8561581738694333,2.92843336613404,4.521427609851859
concrete,random,loss_control,23,hgb,default,,2.9243007277584008,3.047036649778947,4.324179301412804
concrete,random,loss_control,23,hgb,tuned,"{'learning_rate': 0.1, 'max_leaf_nodes': 31, 'min_samples_leaf': 20}",2.654185616613415,2.7629991346169485,4.079188634654808
concrete,random,loss_control,24,rf,default,,3.1792020494244,3.4924741910335118,5.317690477379591
concrete,random,loss_control,24,rf,tuned,"{'max_features': 1.0, 'min_samples_leaf': 1}",3.1792020494244,3.4924741910335118,5.317690477379591
concrete,random,loss_control,24,extra,default,,2.960401570082064,3.3057053923715096,5.811483447870526
concrete,random,loss_control,24,extra,tuned,"{'max_features': 1.0, 'min_samples_leaf': 1}",2.960401570082064,3.3057053923715096,5.811483447870526
concrete,random,loss_control,24,hgb,default,,2.598561975634633,2.9134619021847987,4.316968747367255
concrete,random,loss_control,24,hgb,tuned,"{'learning_rate': 0.1, 'max_leaf_nodes': 31, 'min_samples_leaf': 20}",2.3023346913434835,2.6661087356652886,4.304638865996761
concrete,random,loss_control,25,rf,default,,3.100837296962022,3.1812716935760768,4.5083626488900235
concrete,random,loss_control,25,rf,tuned,"{'max_features': 1.0, 'min_samples_leaf': 1}",3.100837296962022,3.1812716935760768,4.5083626488900235
concrete,random,loss_control,25,extra,default,,2.6497243360986147,2.7335730868411896,4.304410113249653
concrete,random,loss_control,25,extra,tuned,"{'max_features': 1.0, 'min_samples_leaf': 1}",2.6497243360986147,2.7335730868411896,4.304410113249653
concrete,random,loss_control,25,hgb,default,,2.5923932123714244,2.7655934281798933,4.030722288489
concrete,random,loss_control,25,hgb,tuned,"{'learning_rate': 0.1, 'max_leaf_nodes': 31, 'min_samples_leaf': 20}",2.48834659206275,2.6584957034331307,4.074255835040756
concrete,random,loss_control,26,rf,default,,3.0510398955161118,3.135915361917477,4.4309234245478315
concrete,random,loss_control,26,rf,tuned,"{'max_features': 1.0, 'min_samples_leaf': 1}",3.0510398955161118,3.135915361917477,4.4309234245478315
concrete,random,loss_control,26,extra,default,,2.7569374843051326,2.829587521671618,4.234892097742861
concrete,random,loss_control,26,extra,tuned,"{'max_features': 1.0, 'min_samples_leaf': 1}",2.7569374843051326,2.829587521671618,4.234892097742861
concrete,random,loss_control,26,hgb,default,,2.5580350789493598,2.7524380291086374,3.9868301994162314
concrete,random,loss_control,26,hgb,tuned,"{'learning_rate': 0.1, 'max_leaf_nodes': 15, 'min_samples_leaf': 20}",2.4720903837120534,2.706646319078377,3.9817263113590076
concrete,random,loss_control,27,rf,default,,3.018548159810385,3.205583645001268,4.5517256892960685
concrete,random,loss_control,27,rf,tuned,"{'max_features': 0.5, 'min_samples_leaf': 1}",3.100636053038884,3.342539090219822,4.694089178715365
concrete,random,loss_control,27,extra,default,,2.8385671765702827,2.906419440125583,4.443505034299303
concrete,random,loss_control,27,extra,tuned,"{'max_features': 1.0, 'min_samples_leaf': 1}",2.8385671765702827,2.906419440125583,4.443505034299303
concrete,random,loss_control,27,hgb,default,,2.639076330422098,2.885024219188009,4.316216091947819
concrete,random,loss_control,27,hgb,tuned,"{'learning_rate': 0.1, 'max_leaf_nodes': 31, 'min_samples_leaf': 20}",2.425854855429854,2.607829946958675,4.087902824567213
concrete,random,loss_control,28,rf,default,,2.8643170109346054,3.2206391597925554,4.767196196320132
concrete,random,loss_control,28,rf,tuned,"{'max_features': 0.5, 'min_samples_leaf': 1}",3.003652752596691,3.3102724243468145,4.821315467998334
concrete,random,loss_control,28,extra,default,,2.8604623501978166,3.0220945427976122,4.8204386350851065
concrete,random,loss_control,28,extra,tuned,"{'max_features': 1.0, 'min_samples_leaf': 1}",2.8604623501978166,3.0220945427976122,4.8204386350851065
concrete,random,loss_control,28,hgb,default,,2.52890878603736,2.863965415027773,4.2487103340419345
concrete,random,loss_control,28,hgb,tuned,"{'learning_rate': 0.1, 'max_leaf_nodes': 31, 'min_samples_leaf': 20}",2.2219750061700956,2.562599036851706,4.013321791359522
concrete,random,loss_control,29,rf,default,,3.1320478931353097,3.227753972910076,4.411880979386793
concrete,random,loss_control,29,rf,tuned,"{'max_features': 0.5, 'min_samples_leaf': 1}",3.0874064700390367,3.2027103598017503,4.2780125788388075
concrete,random,loss_control,29,extra,default,,2.799353467859514,2.8046492744318714,4.119959472575804
concrete,random,loss_control,29,extra,tuned,"{'max_features': 1.0, 'min_samples_leaf': 1}",2.799353467859514,2.8046492744318714,4.119959472575804
concrete,random,loss_control,29,hgb,default,,2.732013946909212,2.876659442555418,3.9147911104094857
concrete,random,loss_control,29,hgb,tuned,"{'learning_rate': 0.1, 'max_leaf_nodes': 15, 'min_samples_leaf': 20}",2.518706493139218,2.6883182189290116,3.687269471137215
concrete,random,loss_control,30,rf,default,,3.456295050567832,3.6479801229334745,5.1913937164639306
concrete,random,loss_control,30,rf,tuned,"{'max_features': 0.5, 'min_samples_leaf': 1}",3.4257216178760146,3.5806520114431635,4.986191751148761
concrete,random,loss_control,30,extra,default,,2.986808544350581,3.270064042784129,5.106136287929053
concrete,random,loss_control,30,extra,tuned,"{'max_features': 1.0, 'min_samples_leaf': 1}",2.986808544350581,3.270064042784129,5.106136287929053
concrete,random,loss_control,30,hgb,default,,2.8200541865309185,3.0265289882846136,4.569279168811746
concrete,random,loss_control,30,hgb,tuned,"{'learning_rate': 0.1, 'max_leaf_nodes': 15, 'min_samples_leaf': 20}",2.5476743123538603,2.848083196237709,4.41941709047702
mass_boston_medv,random,pool,1,rf,default,,2.27778769781038,2.442293963254594,3.529883527084947
mass_boston_medv,random,pool,1,rf,tuned,"{'max_features': 0.5, 'min_samples_leaf': 1}",2.1586359118665666,2.3744015748031493,3.3419301704579287
mass_boston_medv,random,pool,1,extra,default,,2.2071221219958588,2.5034120734908125,3.881292446256572
mass_boston_medv,random,pool,1,extra,tuned,"{'max_features': 0.5, 'min_samples_leaf': 1}",2.1006201678715297,2.383955380577429,3.7371770512428157
mass_boston_medv,random,pool,1,hgb,default,,2.218700865931042,2.5437255189779084,3.8337966095277776
mass_boston_medv,random,pool,1,hgb,tuned,"{'learning_rate': 0.03, 'max_leaf_nodes': 15, 'min_samples_leaf': 20}",2.248294902369165,2.5720372935371203,3.8379272689086887
mass_boston_medv,random,pool,2,rf,default,,2.0108902129015074,2.214430446194223,3.087935467358192
mass_boston_medv,random,pool,2,rf,tuned,"{'max_features': 0.5, 'min_samples_leaf': 1}",2.003215319183071,2.2151889763779504,3.044198832953945
mass_boston_medv,random,pool,2,extra,default,,1.8848123008291078,2.0669658792650885,2.8283044709202496
mass_boston_medv,random,pool,2,extra,tuned,"{'max_features': 1.0, 'min_samples_leaf': 1}",1.8848123008291078,2.0669658792650885,2.8283044709202496
mass_boston_medv,random,pool,2,hgb,default,,2.1356991088574273,2.348521324691773,3.1770894024292633
mass_boston_medv,random,pool,2,hgb,tuned,"{'learning_rate': 0.03, 'max_leaf_nodes': 15, 'min_samples_leaf': 20}",2.2130471462160286,2.4247292776657536,3.2618257308222547
mass_boston_medv,random,pool,3,rf,default,,1.7669645715947293,2.030207349081362,2.9871174014555786
mass_boston_medv,random,pool,3,rf,tuned,"{'max_features': 'sqrt', 'min_samples_leaf': 1}",1.9872989843422215,2.1403617672790847,2.9980809545453844
mass_boston_medv,random,pool,3,extra,default,,1.627912410355505,1.91082152230971,3.1404156139508768
mass_boston_medv,random,pool,3,extra,tuned,"{'max_features': 0.5, 'min_samples_leaf': 1}",1.7712879274774256,1.960635170603671,2.8723902782806454
mass_boston_medv,random,pool,3,hgb,default,,1.9766011096043192,2.186704296541172,3.2394481770077888
mass_boston_medv,random,pool,3,hgb,tuned,"{'learning_rate': 0.03, 'max_leaf_nodes': 15, 'min_samples_leaf': 20}",2.051440420314092,2.2318646855141635,3.231589426727225
mass_boston_medv,random,pool,4,rf,default,,1.8723026183130425,2.235994750656158,3.5272747579183186
mass_boston_medv,random,pool,4,rf,tuned,"{'max_features': 0.5, 'min_samples_leaf': 1}",1.8084670538318612,2.096664041994741,3.120164482254971
mass_boston_medv,random,pool,4,extra,default,,1.7509384011439062,1.988818897637791,3.0971264705292856
mass_boston_medv,random,pool,4,extra,tuned,"{'max_features': 'sqrt', 'min_samples_leaf': 1}",1.875297418256653,2.096207349081364,2.9819956841810513
mass_boston_medv,random,pool,4,hgb,default,,1.910370115312706,2.198896929349785,3.5041048058350177
mass_boston_medv,random,pool,4,hgb,tuned,"{'learning_rate': 0.03, 'max_leaf_nodes': 15, 'min_samples_leaf': 20}",1.9010571837944343,2.1734037159395694,3.4932468376557266
mass_boston_medv,random,pool,5,rf,default,,2.0380234708268996,2.2092388451443536,3.0755777674568012
mass_boston_medv,random,pool,5,rf,tuned,"{'max_features': 'sqrt', 'min_samples_leaf': 1}",1.9314588276039024,2.1444015748031484,3.2682909480200646
mass_boston_medv,random,pool,5,extra,default,,1.9580758623827605,2.2274593175852986,3.4114716992605483
mass_boston_medv,random,pool,5,extra,tuned,"{'max_features': 0.5, 'min_samples_leaf': 1}",1.931498349790562,2.15308398950131,3.2882153651850468
mass_boston_medv,random,pool,5,hgb,default,,1.9610087745283296,2.1159231364248305,3.0479676188350378
mass_boston_medv,random,pool,5,hgb,tuned,"{'learning_rate': 0.03, 'max_leaf_nodes': 15, 'min_samples_leaf': 20}",1.9187660323083562,2.1274570773832995,3.141361038787919
mass_boston_medv,random,pool,6,rf,default,,1.9546240454034658,2.184341207349084,3.1541648077257687
mass_boston_medv,random,pool,6,rf,tuned,"{'max_features': 0.5, 'min_samples_leaf': 1}",1.9797441047450866,2.183698162729664,3.201838180351776
mass_boston_medv,random,pool,6,extra,default,,1.7750606554169857,1.993792650918641,2.8593906485499505
mass_boston_medv,random,pool,6,extra,tuned,"{'max_features': 1.0, 'min_samples_leaf': 1}",1.7750606554169857,1.993792650918641,2.8593906485499505
mass_boston_medv,random,pool,6,hgb,default,,2.1361394218710332,2.2530413863340977,3.1510511519036277
mass_boston_medv,random,pool,6,hgb,tuned,"{'learning_rate': 0.03, 'max_leaf_nodes': 15, 'min_samples_leaf': 20}",2.2334109882455753,2.3513052596955815,3.2632866068794235
mass_boston_medv,random,pool,7,rf,default,,2.0371365074774617,2.362236220472442,3.6318937240435822
mass_boston_medv,random,pool,7,rf,tuned,"{'max_features': 'sqrt', 'min_samples_leaf': 1}",2.038296608764819,2.224013123359581,3.0671379403658814
mass_boston_medv,random,pool,7,extra,default,,1.8562307742127653,2.0941889763779566,3.104893620069941
mass_boston_medv,random,pool,7,extra,tuned,"{'max_features': 0.5, 'min_samples_leaf': 1}",1.9109411392097815,2.070206036745409,2.9108188773889996
mass_boston_medv,random,pool,7,hgb,default,,1.9018117894813262,2.1768324353488957,3.315852040464957
mass_boston_medv,random,pool,7,hgb,tuned,"{'learning_rate': 0.03, 'max_leaf_nodes': 15, 'min_samples_leaf': 20}",1.9123096574822813,2.199189220309779,3.3923476613943837
mass_boston_medv,random,pool,8,rf,default,,2.2170238915430094,2.4672362204724383,3.562247762401554
mass_boston_medv,random,pool,8,rf,tuned,"{'max_features': 0.5, 'min_samples_leaf': 1}",2.1789267262490895,2.496755905511807,3.5782883110637327
mass_boston_medv,random,pool,8,extra,default,,2.0251998532043953,2.326309711286087,3.4451005267691484
mass_boston_medv,random,pool,8,extra,tuned,"{'max_features': 0.5, 'min_samples_leaf': 1}",2.0374328731213818,2.320078740157477,3.4760064693018307
mass_boston_medv,random,pool,8,hgb,default,,2.254691248161498,2.643927822543557,4.013390542818861
mass_boston_medv,random,pool,8,hgb,tuned,"{'learning_rate': 0.1, 'max_leaf_nodes': 15, 'min_samples_leaf': 20}",2.1230701406191046,2.5796203981992623,3.946579210748554
mass_boston_medv,random,pool,9,rf,default,,2.3775316335678887,2.693608923884515,4.180332790023492
mass_boston_medv,random,pool,9,rf,tuned,"{'max_features': 0.5, 'min_samples_leaf': 1}",2.3408846039574116,2.527913385826774,3.618814985998478
mass_boston_medv,random,pool,9,extra,default,,2.2476589306689774,2.485960629921264,3.6223283528054284
mass_boston_medv,random,pool,9,extra,tuned,"{'max_features': 0.5, 'min_samples_leaf': 1}",2.20833669171101,2.4197060367454113,3.374378147759529
mass_boston_medv,random,pool,9,hgb,default,,2.3967672862245024,2.6721471657272358,3.9034572709337048
mass_boston_medv,random,pool,9,hgb,tuned,"{'learning_rate': 0.03, 'max_leaf_nodes': 15, 'min_samples_leaf': 20}",2.394839711610546,2.682702619522745,3.976192829383594
mass_boston_medv,random,pool,10,rf,default,,2.0156744693220645,2.2632257217847753,3.3627296768050052
mass_boston_medv,random,pool,10,rf,tuned,"{'max_features': 0.5, 'min_samples_leaf': 1}",1.9229696943579486,2.1756010498687655,3.2978866304758836
mass_boston_medv,random,pool,10,extra,default,,1.9198316301967933,2.2625538057742753,3.556109215354763
mass_boston_medv,random,pool,10,extra,tuned,"{'max_features': 0.5, 'min_samples_leaf': 1}",1.943273692636518,2.2531509186351677,3.3091666075107526
mass_boston_medv,random,pool,10,hgb,default,,1.996256975103883,2.272749149535988,3.4296879464974954
mass_boston_medv,random,pool,10,hgb,tuned,"{'learning_rate': 0.03, 'max_leaf_nodes': 15, 'min_samples_leaf': 20}",2.0275132794397135,2.2898069422045517,3.4225393178848345
mass_boston_medv,random,pool,11,rf,default,,1.833687889957767,2.1363595800524906,3.5344150029316537
mass_boston_medv,random,pool,11,rf,tuned,"{'max_features': 0.5, 'min_samples_leaf': 1}",1.8342295549981866,2.0197007874015727,3.1507791004182657
mass_boston_medv,random,pool,11,extra,default,,1.730122962086109,2.1031837270341187,3.4545724827386657
mass_boston_medv,random,pool,11,extra,tuned,"{'max_features': 1.0, 'min_samples_leaf': 1}",1.730122962086109,2.1031837270341187,3.4545724827386657
mass_boston_medv,random,pool,11,hgb,default,,1.9324181872629085,2.273547660123925,3.606560739554987
mass_boston_medv,random,pool,11,hgb,tuned,"{'learning_rate': 0.03, 'max_leaf_nodes': 15, 'min_samples_leaf': 20}",1.8799154181676625,2.2480251351532736,3.5823001587783936
mass_boston_medv,random,pool,12,rf,default,,1.8771972292814167,2.0750629921259818,3.194822010795739
mass_boston_medv,random,pool,12,rf,tuned,"{'max_features': 'sqrt', 'min_samples_leaf': 1}",1.9082156167886195,2.0375196850393746,2.736840702296412
mass_boston_medv,random,pool,12,extra,default,,1.80309324022455,1.9510866141732262,2.888955330112873
mass_boston_medv,random,pool,12,extra,tuned,"{'max_features': 0.5, 'min_samples_leaf': 1}",1.817594488174011,1.9331955380577417,2.722174248925583
mass_boston_medv,random,pool,12,hgb,default,,1.7923294634612874,2.019897418174723,3.106324323072923
mass_boston_medv,random,pool,12,hgb,tuned,"{'learning_rate': 0.03, 'max_leaf_nodes': 15, 'min_samples_leaf': 20}",1.8023313114790607,2.054223850898319,3.162542979760721
mass_boston_medv,random,pool,13,rf,default,,2.0531625819012223,2.188404199475066,3.0457681885310515
mass_boston_medv,random,pool,13,rf,tuned,"{'max_features': 'sqrt', 'min_samples_leaf': 1}",1.8625371770430366,2.0742178477690305,2.8708137223958707
mass_boston_medv,random,pool,13,extra,default,,1.8153839360539301,1.9865721784776926,2.811214998720107
mass_boston_medv,random,pool,13,extra,tuned,"{'max_features': 0.5, 'min_samples_leaf': 1}",1.7639734788161807,1.920024934383204,2.6701057700942914
mass_boston_medv,random,pool,13,hgb,default,,1.9396987535122958,2.0945342569643093,2.87295934624538
mass_boston_medv,random,pool,13,hgb,tuned,"{'learning_rate': 0.1, 'max_leaf_nodes': 15, 'min_samples_leaf': 20}",2.0502040966762953,2.2563518457664142,3.054526966748512
mass_boston_medv,random,pool,14,rf,default,,1.7188197282683846,1.8903228346456706,2.598564186122086
mass_boston_medv,random,pool,14,rf,tuned,"{'max_features': 'sqrt', 'min_samples_leaf': 1}",1.7574784202546625,1.978939632545934,2.6972185420386463
mass_boston_medv,random,pool,14,extra,default,,1.5743116379955664,1.794847769028879,2.5994638283885867
mass_boston_medv,random,pool,14,extra,tuned,"{'max_features': 0.5, 'min_samples_leaf': 1}",1.5977781868904513,1.7534540682414734,2.51090366453961
mass_boston_medv,random,pool,14,hgb,default,,1.8166490356131637,1.9569526717237005,2.8469477548467332
mass_boston_medv,random,pool,14,hgb,tuned,"{'learning_rate': 0.1, 'max_leaf_nodes': 15, 'min_samples_leaf': 20}",1.7759511479951609,1.9322203744004676,2.8323828884045104
mass_boston_medv,random,pool,15,rf,default,,1.9192094970500844,2.064144356955376,2.7862240341237694
mass_boston_medv,random,pool,15,rf,tuned,"{'max_features': 'sqrt', 'min_samples_leaf': 1}",1.8869053332496084,1.9915444006999117,2.669770793848663
mass_boston_medv,random,pool,15,extra,default,,1.8442997300200494,2.107317585301831,3.1991116034953375
mass_boston_medv,random,pool,15,extra,tuned,"{'max_features': 1.0, 'min_samples_leaf': 1}",1.8442997300200494,2.107317585301831,3.1991116034953375
mass_boston_medv,random,pool,15,hgb,default,,2.097557849156258,2.2584964432876258,3.1781756999904838
mass_boston_medv,random,pool,15,hgb,tuned,"{'learning_rate': 0.03, 'max_leaf_nodes': 15, 'min_samples_leaf': 20}",2.0982670913056216,2.275368903104184,3.2175946328877862
mass_boston_medv,random,pool,16,rf,default,,1.9945236138972555,2.2003753280839895,3.3072412983103194
mass_boston_medv,random,pool,16,rf,tuned,"{'max_features': 0.5, 'min_samples_leaf': 1}",1.9539885671781092,2.221128608923882,3.37314209488734
mass_boston_medv,random,pool,16,extra,default,,1.895807280715536,2.1604986876640386,3.3892755802501675
mass_boston_medv,random,pool,16,extra,tuned,"{'max_features': 0.5, 'min_samples_leaf': 1}",1.8036523439337713,2.0927007874015726,3.2544351869144323
mass_boston_medv,random,pool,16,hgb,default,,2.072189541340307,2.352289113794037,3.591804301962428
mass_boston_medv,random,pool,16,hgb,tuned,"{'learning_rate': 0.03, 'max_leaf_nodes': 15, 'min_samples_leaf': 20}",2.0786342175673913,2.347023331344492,3.6401523423465068
mass_boston_medv,random,pool,17,rf,default,,2.075908477233028,2.546191601049866,4.35348934427215
mass_boston_medv,random,pool,17,rf,tuned,"{'max_features': 0.5, 'min_samples_leaf': 1}",2.04620104209688,2.5170892388451427,4.108752886958429
mass_boston_medv,random,pool,17,extra,default,,2.0258412836233526,2.4853543307086525,3.9352680330173784
mass_boston_medv,random,pool,17,extra,tuned,"{'max_features': 1.0, 'min_samples_leaf': 1}",2.0258412836233526,2.4853543307086525,3.9352680330173784
mass_boston_medv,random,pool,17,hgb,default,,2.0058133048172926,2.431161625523142,3.7678704689093356
mass_boston_medv,random,pool,17,hgb,tuned,"{'learning_rate': 0.03, 'max_leaf_nodes': 15, 'min_samples_leaf': 20}",1.980760306190196,2.423304586077371,3.767531731198455
mass_boston_medv,random,pool,18,rf,default,,2.0401172559754146,2.445443569553807,4.047274626030795
mass_boston_medv,random,pool,18,rf,tuned,"{'max_features': 'sqrt', 'min_samples_leaf': 1}",2.039126457230403,2.4262729658792677,3.931517033821245
mass_boston_medv,random,pool,18,extra,default,,1.981183342512039,2.2513963254593166,3.464231623846339
mass_boston_medv,random,pool,18,extra,tuned,"{'max_features': 0.5, 'min_samples_leaf': 1}",1.8871440833765194,2.1717165354330716,3.421081661665362
mass_boston_medv,random,pool,18,hgb,default,,2.106547259966911,2.518659711085215,4.171191749459099
mass_boston_medv,random,pool,18,hgb,tuned,"{'learning_rate': 0.03, 'max_leaf_nodes': 15, 'min_samples_leaf': 20}",2.122363164969221,2.565866791572482,4.2540308469806165
mass_boston_medv,random,pool,19,rf,default,,1.7653377030055846,1.8941023622047288,2.6019026736572264
mass_boston_medv,random,pool,19,rf,tuned,"{'max_features': 0.5, 'min_samples_leaf': 1}",1.7178794952030236,1.8742939632545952,2.5717419654113693
mass_boston_medv,random,pool,19,extra,default,,1.7128290102411265,1.865440944881895,2.629587544709839
mass_boston_medv,random,pool,19,extra,tuned,"{'max_features': 1.0, 'min_samples_leaf': 1}",1.7128290102411265,1.865440944881895,2.629587544709839
mass_boston_medv,random,pool,19,hgb,default,,1.8277722896040751,1.9903789301410768,2.7088803561195975
mass_boston_medv,random,pool,19,hgb,tuned,"{'learning_rate': 0.03, 'max_leaf_nodes': 15, 'min_samples_leaf': 20}",1.863272386434987,1.9879900070098437,2.7289437793633393
mass_boston_medv,random,pool,20,rf,default,,1.9469226059420712,2.2098031496062984,3.278807694785951
mass_boston_medv,random,pool,20,rf,tuned,"{'max_features': 'sqrt', 'min_samples_leaf': 1}",1.9366449933865937,2.0864173228346456,2.886740063956298
mass_boston_medv,random,pool,20,extra,default,,1.734738619496523,2.0179790026246693,3.1508584068333656
mass_boston_medv,random,pool,20,extra,tuned,"{'max_features': 0.5, 'min_samples_leaf': 1}",1.882882901163314,2.116805774278214,3.048351754198133
mass_boston_medv,random,pool,20,hgb,default,,2.1937692277678527,2.333415528283411,3.335205522281014
mass_boston_medv,random,pool,20,hgb,tuned,"{'learning_rate': 0.1, 'max_leaf_nodes': 15, 'min_samples_leaf': 20}",2.221185125669016,2.3924329909698687,3.3439605462662474
mass_boston_medv,random,pool,21,rf,default,,2.0696211599261436,2.222464566929131,3.051273276240461
mass_boston_medv,random,pool,21,rf,tuned,"{'max_features': 0.5, 'min_samples_leaf': 1}",2.0442068372763202,2.197721784776901,3.015810344376091
mass_boston_medv,random,pool,21,extra,default,,2.018591112613455,2.1415433070866134,2.823873746183281
mass_boston_medv,random,pool,21,extra,tuned,"{'max_features': 'sqrt', 'min_samples_leaf': 1}",2.1161661341813707,2.2207020997375313,2.878371196028407
mass_boston_medv,random,pool,21,hgb,default,,2.1334331260607797,2.394436283200793,3.3965471450372555
mass_boston_medv,random,pool,21,hgb,tuned,"{'learning_rate': 0.1, 'max_leaf_nodes': 15, 'min_samples_leaf': 20}",2.169020827859663,2.387306851033139,3.547924117772231
mass_boston_medv,random,pool,22,rf,default,,2.096860497599626,2.3481312335957982,3.229443922294377
mass_boston_medv,random,pool,22,rf,tuned,"{'max_features': 0.5, 'min_samples_leaf': 1}",2.0188801906432055,2.215241469816273,3.0121252364518303
mass_boston_medv,random,pool,22,extra,default,,1.973524986988766,2.2670419947506537,3.4121557383899006
mass_boston_medv,random,pool,22,extra,tuned,"{'max_features': 0.5, 'min_samples_leaf': 1}",1.9805434798644366,2.2122650918635176,3.055990781427192
mass_boston_medv,random,pool,22,hgb,default,,2.202211918110002,2.3836922186583136,3.3426054681118735
mass_boston_medv,random,pool,22,hgb,tuned,"{'learning_rate': 0.1, 'max_leaf_nodes': 15, 'min_samples_leaf': 20}",2.08919506331104,2.3086635984628185,3.346417844481313
mass_boston_medv,random,pool,23,rf,default,,2.1809768274851717,2.517170603674537,3.5962672903229858
mass_boston_medv,random,pool,23,rf,tuned,"{'max_features': 0.5, 'min_samples_leaf': 1}",2.1123920349125025,2.4101286089238805,3.605592564843817
mass_boston_medv,random,pool,23,extra,default,,1.991052216260345,2.3310183727034106,3.5919302667395767
mass_boston_medv,random,pool,23,extra,tuned,"{'max_features': 0.5, 'min_samples_leaf': 1}",1.861030352441771,2.1711338582677104,3.5067780078728115
mass_boston_medv,random,pool,23,hgb,default,,2.178690917094546,2.481840945956398,3.784778626223304
mass_boston_medv,random,pool,23,hgb,tuned,"{'learning_rate': 0.03, 'max_leaf_nodes': 15, 'min_samples_leaf': 20}",2.159769583002837,2.4364468921927043,3.7778756363651538
mass_boston_medv,random,pool,24,rf,default,,1.6511064855743376,1.9704619422572147,3.2579533962993437
mass_boston_medv,random,pool,24,rf,tuned,"{'max_features': 'sqrt', 'min_samples_leaf': 1}",1.7699268239077863,1.908874015748029,2.598914847071215
mass_boston_medv,random,pool,24,extra,default,,1.5892563658190195,1.8269343832020954,2.92987683639866
mass_boston_medv,random,pool,24,extra,tuned,"{'max_features': 0.5, 'min_samples_leaf': 1}",1.5272807311604109,1.7492178477690257,2.6949432972380105
mass_boston_medv,random,pool,24,hgb,default,,1.7461915723116623,2.0224117117699976,3.3041129912040015
mass_boston_medv,random,pool,24,hgb,tuned,"{'learning_rate': 0.1, 'max_leaf_nodes': 15, 'min_samples_leaf': 20}",1.8274873782069194,2.0938958360999,3.4162347949524725
mass_boston_medv,random,pool,25,rf,default,,1.9460382637493572,2.2513385826771666,3.5011997321353245
mass_boston_medv,random,pool,25,rf,tuned,"{'max_features': 0.5, 'min_samples_leaf': 1}",1.9556623856053834,2.177304461942257,3.1762907901713007
mass_boston_medv,random,pool,25,extra,default,,1.834866674305152,2.0533307086614196,3.1148211043029463
mass_boston_medv,random,pool,25,extra,tuned,"{'max_features': 0.5, 'min_samples_leaf': 1}",1.8363471270973903,2.0015446194225714,2.9687114530351937
mass_boston_medv,random,pool,25,hgb,default,,2.3299603631238757,2.5957206899087937,3.8363405868437535
mass_boston_medv,random,pool,25,hgb,tuned,"{'learning_rate': 0.03, 'max_leaf_nodes': 15, 'min_samples_leaf': 20}",2.331503400830824,2.6091477242009997,3.841770504065986
mass_boston_medv,random,pool,26,rf,default,,1.7045169863982208,1.8572545931758515,2.498776090960514
mass_boston_medv,random,pool,26,rf,tuned,"{'max_features': 'sqrt', 'min_samples_leaf': 1}",1.7194450241380614,1.8819702537182859,2.6545660413139296
mass_boston_medv,random,pool,26,extra,default,,1.6674942357668852,1.9374593175853034,3.005196628076657
mass_boston_medv,random,pool,26,extra,tuned,"{'max_features': 0.5, 'min_samples_leaf': 1}",1.6996194454227835,2.008391076115482,3.001835525525954
mass_boston_medv,random,pool,26,hgb,default,,1.8217328669403188,1.9931670426931347,2.8333703478477013
mass_boston_medv,random,pool,26,hgb,tuned,"{'learning_rate': 0.1, 'max_leaf_nodes': 15, 'min_samples_leaf': 20}",1.8212949027178,2.010652886657504,2.8710365915091085
mass_boston_medv,random,pool,27,rf,default,,1.776841876639812,2.2630026246719135,3.6073239027404473
mass_boston_medv,random,pool,27,rf,tuned,"{'max_features': 0.5, 'min_samples_leaf': 1}",1.7634723491228483,2.1534409448818885,3.274716532782453
mass_boston_medv,random,pool,27,extra,default,,1.689774276712073,2.223805774278214,3.758647470154572
mass_boston_medv,random,pool,27,extra,tuned,"{'max_features': 0.5, 'min_samples_leaf': 1}",1.6997998271095647,2.13287401574803,3.4579734547597774
mass_boston_medv,random,pool,27,hgb,default,,2.036486543124792,2.3516738947658995,3.818518669221618
mass_boston_medv,random,pool,27,hgb,tuned,"{'learning_rate': 0.03, 'max_leaf_nodes': 15, 'min_samples_leaf': 20}",1.9477680018265309,2.3273112155342774,3.754234852171892
mass_boston_medv,random,pool,28,rf,default,,2.262989071562579,2.8590209973753202,4.7015431688812415
mass_boston_medv,random,pool,28,rf,tuned,"{'max_features': 0.5, 'min_samples_leaf': 1}",2.187336364695578,2.672853018372698,4.153685525884692
mass_boston_medv,random,pool,28,extra,default,,2.0230787256590914,2.4397349081364776,3.91112310575638
mass_boston_medv,random,pool,28,extra,tuned,"{'max_features': 1.0, 'min_samples_leaf': 1}",2.0230787256590914,2.4397349081364776,3.91112310575638
mass_boston_medv,random,pool,28,hgb,default,,2.0460179751838448,2.5731950213268417,4.198137174617914
mass_boston_medv,random,pool,28,hgb,tuned,"{'learning_rate': 0.03, 'max_leaf_nodes': 15, 'min_samples_leaf': 20}",2.003259273349414,2.5249979339826876,4.189975946341154
mass_boston_medv,random,pool,29,rf,default,,2.2819521060333394,2.3281076115485506,3.0643742577280073
mass_boston_medv,random,pool,29,rf,tuned,"{'max_features': 0.5, 'min_samples_leaf': 1}",2.255230758670558,2.291398950131229,3.1249753579430903
mass_boston_medv,random,pool,29,extra,default,,2.169476961965488,2.2449632545931735,2.9560751853280665
mass_boston_medv,random,pool,29,extra,tuned,"{'max_features': 0.5, 'min_samples_leaf': 1}",2.1377817614642285,2.2624881889763766,3.062113629670675
mass_boston_medv,random,pool,29,hgb,default,,2.360002018077619,2.4033495537191825,3.1850344818423846
mass_boston_medv,random,pool,29,hgb,tuned,"{'learning_rate': 0.03, 'max_leaf_nodes': 15, 'min_samples_leaf': 20}",2.318222686211369,2.3858778694962104,3.1512964269264216
mass_boston_medv,random,pool,30,rf,default,,1.9173456542052663,2.3531049868766454,3.761161658683021
mass_boston_medv,random,pool,30,rf,tuned,"{'max_features': 0.5, 'min_samples_leaf': 1}",1.870389616300342,2.25057480314961,3.4047102912148266
mass_boston_medv,random,pool,30,extra,default,,1.779434127697575,2.1549501312335986,3.6347933210072947
mass_boston_medv,random,pool,30,extra,tuned,"{'max_features': 0.5, 'min_samples_leaf': 1}",1.7067887885766426,2.062440944881893,3.4013050634621402
mass_boston_medv,random,pool,30,hgb,default,,2.3561633625526492,2.73425679263249,4.106681519320029
mass_boston_medv,random,pool,30,hgb,tuned,"{'learning_rate': 0.03, 'max_leaf_nodes': 15, 'min_samples_leaf': 20}",2.3062143410806253,2.7141170743210448,4.1275301361894465
islr_wage,random,pool,1,rf,default,,23.240862387015074,26.713108105032006,39.06142610827468
islr_wage,random,pool,1,rf,tuned,"{'max_features': 0.5, 'min_samples_leaf': 20}",20.45460581515257,23.674288864724165,35.74350383364334
islr_wage,random,pool,1,extra,default,,25.375377944936012,28.290605158461094,41.34895988818279
islr_wage,random,pool,1,extra,tuned,"{'max_features': 'sqrt', 'min_samples_leaf': 5}",20.956008096550633,24.213884693791236,36.273673265077214
islr_wage,random,pool,1,hgb,default,,21.769374193336162,25.089784250280974,37.16502755262407
islr_wage,random,pool,1,hgb,tuned,"{'learning_rate': 0.03, 'max_leaf_nodes': 15, 'min_samples_leaf': 50}",20.95459321117877,24.187967640994767,36.28541046959476
islr_wage,random,pool,2,rf,default,,21.95400038388063,24.64762357017823,36.17193827067164
islr_wage,random,pool,2,rf,tuned,"{'max_features': 0.5, 'min_samples_leaf': 20}",19.138097926385402,21.970316906470572,33.498098237013195
islr_wage,random,pool,2,extra,default,,24.163321030136682,27.075061496165706,39.66691890707504
islr_wage,random,pool,2,extra,tuned,"{'max_features': 0.5, 'min_samples_leaf': 20}",19.563354588542783,22.285745376085163,33.750563433996206
islr_wage,random,pool,2,hgb,default,,20.4627600593292,23.1182421322163,34.68982090557752
islr_wage,random,pool,2,hgb,tuned,"{'learning_rate': 0.03, 'max_leaf_nodes': 15, 'min_samples_leaf': 50}",19.382158384538684,22.005358021355818,33.446126345029086
islr_wage,random,pool,3,rf,default,,22.35554690929185,24.72271618318487,35.61574624940616
islr_wage,random,pool,3,rf,tuned,"{'max_features': 0.5, 'min_samples_leaf': 20}",19.490136154718577,22.236142725778972,32.93393920045713
islr_wage,random,pool,3,extra,default,,24.819625560789742,26.899128068487556,38.34530781087054
islr_wage,random,pool,3,extra,tuned,"{'max_features': 0.5, 'min_samples_leaf': 20}",19.614106841827883,22.247263262245106,32.980080274655606
islr_wage,random,pool,3,hgb,default,,20.640782703657777,23.005043638798206,33.84477030975357
islr_wage,random,pool,3,hgb,tuned,"{'learning_rate': 0.03, 'max_leaf_nodes': 15, 'min_samples_leaf': 50}",19.93300422027691,22.44012188017549,33.077256539891586
islr_wage,random,pool,4,rf,default,,23.324818061859638,26.16532449415808,38.032277805536374
islr_wage,random,pool,4,rf,tuned,"{'max_features': 'sqrt', 'min_samples_leaf': 5}",20.256509855529615,23.192462735113523,34.51862953045217
islr_wage,random,pool,4,extra,default,,26.430625046406654,29.03861327588588,41.79076468741713
islr_wage,random,pool,4,extra,tuned,"{'max_features': 'sqrt', 'min_samples_leaf': 5}",20.045444598968885,22.99509273962632,34.41759562071334
islr_wage,random,pool,4,hgb,default,,21.228502223219014,24.18179170537675,35.90086966549087
islr_wage,random,pool,4,hgb,tuned,"{'learning_rate': 0.03, 'max_leaf_nodes': 15, 'min_samples_leaf': 20}",20.503081007561228,23.462108782919774,35.14269380254746
islr_wage,random,pool,5,rf,default,,22.304998442654345,24.7974723201652,36.55843125403727
islr_wage,random,pool,5,rf,tuned,"{'max_features': 0.5, 'min_samples_leaf': 20}",19.768194201909367,22.453785591412174,33.50944558736281
islr_wage,random,pool,5,extra,default,,24.0102200801452,26.545757188317978,38.622409263786025
islr_wage,random,pool,5,extra,tuned,"{'max_features': 'sqrt', 'min_samples_leaf': 5}",19.99686630655422,22.556286207871143,33.715534395463415
islr_wage,random,pool,5,hgb,default,,21.05297195261116,23.815837836597133,35.07933608197982
islr_wage,random,pool,5,hgb,tuned,"{'learning_rate': 0.03, 'max_leaf_nodes': 15, 'min_samples_leaf': 50}",20.18901378287338,22.851728487954205,34.12788035055813
islr_wage,random,pool,6,rf,default,,22.087235634935688,24.454973550716886,35.23739485479298
islr_wage,random,pool,6,rf,tuned,"{'max_features': 0.5, 'min_samples_leaf': 20}",20.344286222563046,22.65309057931288,32.531766294714096
islr_wage,random,pool,6,extra,default,,24.727135668937287,26.930799022702388,38.67688395115966
islr_wage,random,pool,6,extra,tuned,"{'max_features': 'sqrt', 'min_samples_leaf': 5}",20.566783558416155,22.808432307773863,32.56395499129171
islr_wage,random,pool,6,hgb,default,,21.31815705760922,23.445866994357576,33.39324042357782
islr_wage,random,pool,6,hgb,tuned,"{'learning_rate': 0.03, 'max_leaf_nodes': 15, 'min_samples_leaf': 20}",20.82764611922152,22.980881098126304,33.070485647056024
islr_wage,random,pool,7,rf,default,,22.65588700968552,24.97696386670237,35.54541272276754
islr_wage,random,pool,7,rf,tuned,"{'max_features': 0.5, 'min_samples_leaf': 20}",19.66806539377726,22.274293745348306,32.46443810158026
islr_wage,random,pool,7,extra,default,,24.93976321152185,27.145994369066024,38.171955350066796
islr_wage,random,pool,7,extra,tuned,"{'max_features': 0.5, 'min_samples_leaf': 20}",20.19833059173983,22.66386876804326,32.723492024374124
islr_wage,random,pool,7,hgb,default,,21.214688731500406,23.739448401252776,34.026665806876785
islr_wage,random,pool,7,hgb,tuned,"{'learning_rate': 0.03, 'max_leaf_nodes': 15, 'min_samples_leaf': 20}",20.153900025228932,22.72807558288784,33.132200792098004
islr_wage,random,pool,8,rf,default,,23.941522883155166,26.755815426396897,38.077639707754166
islr_wage,random,pool,8,rf,tuned,"{'max_features': 'sqrt', 'min_samples_leaf': 5}",20.720051755097572,23.487444111659727,34.526171878100435
islr_wage,random,pool,8,extra,default,,26.102663919444595,28.940588869434468,41.99047394877969
islr_wage,random,pool,8,extra,tuned,"{'max_features': 0.5, 'min_samples_leaf': 20}",20.942254670019274,23.698821969277894,34.631473838995745
islr_wage,random,pool,8,hgb,default,,22.19222686022515,25.02508126361628,35.93144607705323
islr_wage,random,pool,8,hgb,tuned,"{'learning_rate': 0.03, 'max_leaf_nodes': 15, 'min_samples_leaf': 50}",21.447821418821846,24.090409860286744,34.96915578293428
islr_wage,random,pool,9,rf,default,,23.964003461128105,26.341120306444985,37.39503039537349
islr_wage,random,pool,9,rf,tuned,"{'max_features': 'sqrt', 'min_samples_leaf': 5}",19.930344763966623,22.628251656444704,33.1869007001144
islr_wage,random,pool,9,extra,default,,26.303090533608568,29.09569407855758,41.704144620707666
islr_wage,random,pool,9,extra,tuned,"{'max_features': 'sqrt', 'min_samples_leaf': 5}",20.05169309015916,22.689532424264122,33.30190906057707
islr_wage,random,pool,9,hgb,default,,21.091666625650284,23.57059997432022,34.34077560059341
islr_wage,random,pool,9,hgb,tuned,"{'learning_rate': 0.03, 'max_leaf_nodes': 15, 'min_samples_leaf': 20}",20.417484076925785,22.996383415903004,33.709667020084424
islr_wage,random,pool,10,rf,default,,23.26600634257503,25.548350066650354,36.498999706777035
islr_wage,random,pool,10,rf,tuned,"{'max_features': 'sqrt', 'min_samples_leaf': 5}",19.839021561306556,22.154030141236117,32.29815134224498
islr_wage,random,pool,10,extra,default,,25.27883704850377,27.054398317154885,37.84298764396615
islr_wage,random,pool,10,extra,tuned,"{'max_features': 'sqrt', 'min_samples_leaf': 5}",20.055233921116955,22.33336579711876,32.445347868379464
islr_wage,random,pool,10,hgb,default,,21.275294792277805,23.365389217960875,33.42309157578988
islr_wage,random,pool,10,hgb,tuned,"{'learning_rate': 0.03, 'max_leaf_nodes': 15, 'min_samples_leaf': 20}",20.61996341790848,22.69896320155833,32.6896141954947
islr_wage,random,pool,11,rf,default,,23.44619329443512,25.776196773698548,36.80872078792953
islr_wage,random,pool,11,rf,tuned,"{'max_features': 0.5, 'min_samples_leaf': 20}",20.32194576898829,22.54052921938042,32.56389112208326
islr_wage,random,pool,11,extra,default,,25.66327642797642,28.07493420481349,40.12689858449578
islr_wage,random,pool,11,extra,tuned,"{'max_features': 'sqrt', 'min_samples_leaf': 5}",20.694466130088927,22.774205404299593,32.71554287486575
islr_wage,random,pool,11,hgb,default,,21.320648389073863,23.4939734085352,33.85325289997603
islr_wage,random,pool,11,hgb,tuned,"{'learning_rate': 0.03, 'max_leaf_nodes': 15, 'min_samples_leaf': 20}",20.948951330012,23.18350016543723,33.315649364249545
islr_wage,random,pool,12,rf,default,,24.049855529681743,26.16435667135361,35.86168498746527
islr_wage,random,pool,12,rf,tuned,"{'max_features': 0.5, 'min_samples_leaf': 20}",21.58243376720492,23.652054407719735,32.85068579402399
islr_wage,random,pool,12,extra,default,,26.380463497675475,28.616136000126296,40.07805369739286
islr_wage,random,pool,12,extra,tuned,"{'max_features': 0.5, 'min_samples_leaf': 20}",21.791974606806882,23.934801768608747,33.03156814738606
islr_wage,random,pool,12,hgb,default,,22.649953392721347,24.601379397875853,34.27811221657099
islr_wage,random,pool,12,hgb,tuned,"{'learning_rate': 0.03, 'max_leaf_nodes': 15, 'min_samples_leaf': 20}",21.985640829990285,23.967093926272092,33.38720770929586
islr_wage,random,pool,13,rf,default,,23.270321636663844,25.58675499415613,36.55253876956468
islr_wage,random,pool,13,rf,tuned,"{'max_features': 0.5, 'min_samples_leaf': 20}",19.290487021962907,21.768629960562087,32.00728987547496
islr_wage,random,pool,13,extra,default,,26.014621797209596,27.894828214663125,39.59918499329887
islr_wage,random,pool,13,extra,tuned,"{'max_features': 0.5, 'min_samples_leaf': 20}",19.552388788349706,21.935729992090366,32.05599096920661
islr_wage,random,pool,13,hgb,default,,21.184759857543526,23.162836900205,33.75916857278194
islr_wage,random,pool,13,hgb,tuned,"{'learning_rate': 0.03, 'max_leaf_nodes': 15, 'min_samples_leaf': 50}",19.82096298425103,21.901812813027075,32.25170709917047
islr_wage,random,pool,14,rf,default,,23.611383539164954,26.560994649833894,39.07665354286622
islr_wage,random,pool,14,rf,tuned,"{'max_features': 'sqrt', 'min_samples_leaf': 5}",20.686826008422212,23.52367938747995,35.61573540262702
islr_wage,random,pool,14,extra,default,,25.21799637049622,28.691487420591944,41.85875263541609
islr_wage,random,pool,14,extra,tuned,"{'max_features': 0.5, 'min_samples_leaf': 20}",21.1555681786293,23.953633254590994,35.9787883278718
islr_wage,random,pool,14,hgb,default,,21.720545748706883,24.47100442788942,37.02244082715544
islr_wage,random,pool,14,hgb,tuned,"{'learning_rate': 0.03, 'max_leaf_nodes': 15, 'min_samples_leaf': 50}",21.299470035202948,23.95768492632981,36.06182545914946
islr_wage,random,pool,15,rf,default,,23.235244125840797,25.93972444224103,38.063237260678896
islr_wage,random,pool,15,rf,tuned,"{'max_features': 0.5, 'min_samples_leaf': 20}",20.871125984180807,23.430372855914737,35.868676088132666
islr_wage,random,pool,15,extra,default,,25.213715863012823,27.674133682906255,40.81655340723335
islr_wage,random,pool,15,extra,tuned,"{'max_features': 'sqrt', 'min_samples_leaf': 5}",21.243919567874777,23.891013897713357,36.15802320220617
islr_wage,random,pool,15,hgb,default,,21.909693750973208,24.681665340563487,37.02041469435971
islr_wage,random,pool,15,hgb,tuned,"{'learning_rate': 0.03, 'max_leaf_nodes': 15, 'min_samples_leaf': 50}",21.066408835479912,23.91833084168941,36.28664385584663
islr_wage,random,pool,16,rf,default,,23.4846439465758,26.12487047235504,37.211290552441845
islr_wage,random,pool,16,rf,tuned,"{'max_features': 0.5, 'min_samples_leaf': 20}",20.401386985814028,23.22526325951639,34.2820581598443
islr_wage,random,pool,16,extra,default,,25.722714193867088,28.21255571007227,39.99261441715357
islr_wage,random,pool,16,extra,tuned,"{'max_features': 0.5, 'min_samples_leaf': 20}",20.48982486724837,23.2170764121213,34.19811730968716
islr_wage,random,pool,16,hgb,default,,21.29932887214107,23.960073971427008,34.844868766910245
islr_wage,random,pool,16,hgb,tuned,"{'learning_rate': 0.03, 'max_leaf_nodes': 15, 'min_samples_leaf': 20}",20.656908119964587,23.409108544589767,34.56428802649998
islr_wage,random,pool,17,rf,default,,22.426224415952138,24.94180690140122,35.83558307639002
islr_wage,random,pool,17,rf,tuned,"{'max_features': 'sqrt', 'min_samples_leaf': 5}",19.52084384574399,22.144382231578785,33.077247666277636
islr_wage,random,pool,17,extra,default,,25.303971161362924,27.83290687854575,39.94835505080509
islr_wage,random,pool,17,extra,tuned,"{'max_features': 'sqrt', 'min_samples_leaf': 5}",19.689880910656793,22.11560555882171,33.13016853348903
islr_wage,random,pool,17,hgb,default,,20.920855521976424,23.471250261195944,34.45580525743281
islr_wage,random,pool,17,hgb,tuned,"{'learning_rate': 0.03, 'max_leaf_nodes': 15, 'min_samples_leaf': 50}",20.022406309380187,22.724988253533365,33.588769886502575
islr_wage,random,pool,18,rf,default,,22.85414697641641,25.466562699527305,37.02077449383202
islr_wage,random,pool,18,rf,tuned,"{'max_features': 0.5, 'min_samples_leaf': 20}",20.35679944279113,22.97453984222103,34.72616192370124
islr_wage,random,pool,18,extra,default,,25.242815884401207,27.816179859386484,40.668547306161365
islr_wage,random,pool,18,extra,tuned,"{'max_features': 0.5, 'min_samples_leaf': 20}",20.614211631921613,23.057824256699163,34.8126778236765
islr_wage,random,pool,18,hgb,default,,21.129521172679006,23.746534247268322,35.363177187278396
islr_wage,random,pool,18,hgb,tuned,"{'learning_rate': 0.03, 'max_leaf_nodes': 15, 'min_samples_leaf': 20}",20.38498904237583,23.279840373579734,34.88713728161686
islr_wage,random,pool,19,rf,default,,24.092244282255777,25.594382998727127,35.15977529982441
islr_wage,random,pool,19,rf,tuned,"{'max_features': 'sqrt', 'min_samples_leaf': 5}",20.564587775213838,22.536721856548674,31.4980271233556
islr_wage,random,pool,19,extra,default,,26.44161300744883,28.078610097869973,38.581325130652
islr_wage,random,pool,19,extra,tuned,"{'max_features': 'sqrt', 'min_samples_leaf': 5}",20.86843359946165,22.655884121695365,31.797917991760524
islr_wage,random,pool,19,hgb,default,,22.369212702735954,23.978992369374364,33.07441084851983
islr_wage,random,pool,19,hgb,tuned,"{'learning_rate': 0.03, 'max_leaf_nodes': 15, 'min_samples_leaf': 50}",21.049531927479418,22.885159144966387,31.70119746249482
islr_wage,random,pool,20,rf,default,,22.99904865676561,25.571948614256165,36.93976102359213
islr_wage,random,pool,20,rf,tuned,"{'max_features': 0.5, 'min_samples_leaf': 20}",20.277424851612892,23.03539501930556,34.00169022349518
islr_wage,random,pool,20,extra,default,,25.459206532886572,27.867935479099376,40.53159319157112
islr_wage,random,pool,20,extra,tuned,"{'max_features': 'sqrt', 'min_samples_leaf': 5}",20.37555909648273,23.100047173271577,34.322714121907424
islr_wage,random,pool,20,hgb,default,,21.43687500090077,24.01482471242163,35.243775051202675
islr_wage,random,pool,20,hgb,tuned,"{'learning_rate': 0.03, 'max_leaf_nodes': 15, 'min_samples_leaf': 50}",20.800404778474054,23.405240454533924,34.40124286763594
islr_wage,random,pool,21,rf,default,,23.49334997630493,25.48089316453033,35.99508657376638
islr_wage,random,pool,21,rf,tuned,"{'max_features': 0.5, 'min_samples_leaf': 20}",21.180154854484723,23.455157220949175,33.35800790669738
islr_wage,random,pool,21,extra,default,,25.842989869983274,27.90844910516602,39.31263468942918
islr_wage,random,pool,21,extra,tuned,"{'max_features': 0.5, 'min_samples_leaf': 20}",21.725173720372975,23.958108902484643,33.878879254741754
islr_wage,random,pool,21,hgb,default,,21.87050804579586,23.86266777669065,34.0076572676333
islr_wage,random,pool,21,hgb,tuned,"{'learning_rate': 0.03, 'max_leaf_nodes': 15, 'min_samples_leaf': 20}",21.08373939701682,23.320918797966996,33.53223190739012
islr_wage,random,pool,22,rf,default,,23.794105070861175,26.07552219150822,37.58090510730561
islr_wage,random,pool,22,rf,tuned,"{'max_features': 0.5, 'min_samples_leaf': 20}",20.249820974493066,22.780115664884537,33.77291970478583
islr_wage,random,pool,22,extra,default,,25.211562326327215,27.795525205632508,40.57928300043072
islr_wage,random,pool,22,extra,tuned,"{'max_features': 'sqrt', 'min_samples_leaf': 5}",20.624814658443604,23.021519583456072,33.93973836078346
islr_wage,random,pool,22,hgb,default,,21.98397093291396,24.219091975826853,35.653325324130755
islr_wage,random,pool,22,hgb,tuned,"{'learning_rate': 0.03, 'max_leaf_nodes': 15, 'min_samples_leaf': 20}",21.244480869487354,23.61059068466307,34.89624469327071
islr_wage,random,pool,23,rf,default,,23.32998051030056,26.057178046671872,36.904070296058755
islr_wage,random,pool,23,rf,tuned,"{'max_features': 0.5, 'min_samples_leaf': 20}",20.562532044075603,23.128824575861533,33.38764697277716
islr_wage,random,pool,23,extra,default,,25.338425172196413,28.055395145579553,40.14983701884369
islr_wage,random,pool,23,extra,tuned,"{'max_features': 'sqrt', 'min_samples_leaf': 5}",20.673223514514174,23.063969544240546,33.2958895440005
islr_wage,random,pool,23,hgb,default,,21.52472935539164,24.156837061897996,34.71661233413608
islr_wage,random,pool,23,hgb,tuned,"{'learning_rate': 0.03, 'max_leaf_nodes': 15, 'min_samples_leaf': 50}",20.693877785635006,23.451375668419313,34.09799243222916
islr_wage,random,pool,24,rf,default,,23.15525250356377,25.470638930316756,35.927437436502395
islr_wage,random,pool,24,rf,tuned,"{'max_features': 0.5, 'min_samples_leaf': 20}",20.026813816500507,22.254508371300386,32.11401387594601
islr_wage,random,pool,24,extra,default,,25.500046138181663,27.90957508169629,39.943951535656154
islr_wage,random,pool,24,extra,tuned,"{'max_features': 'sqrt', 'min_samples_leaf': 5}",20.314990815076904,22.449281730492533,32.06886254693191
islr_wage,random,pool,24,hgb,default,,20.78263754122113,23.054847155468888,32.95163819572199
islr_wage,random,pool,24,hgb,tuned,"{'learning_rate': 0.03, 'max_leaf_nodes': 15, 'min_samples_leaf': 20}",20.29419800544105,22.349606180314687,32.26131430774642
islr_wage,random,pool,25,rf,default,,23.620231542756198,26.239613363561404,38.19970465013554
islr_wage,random,pool,25,rf,tuned,"{'max_features': 'sqrt', 'min_samples_leaf': 5}",20.589582138459157,23.560223537989998,35.137852560046895
islr_wage,random,pool,25,extra,default,,25.690648522952078,28.251166643285824,41.301230878686816
islr_wage,random,pool,25,extra,tuned,"{'max_features': 'sqrt', 'min_samples_leaf': 5}",21.017302957158154,23.998914396459092,35.568540109699406
islr_wage,random,pool,25,hgb,default,,22.032774163004973,24.756210204524542,36.51248954980839
islr_wage,random,pool,25,hgb,tuned,"{'learning_rate': 0.03, 'max_leaf_nodes': 15, 'min_samples_leaf': 20}",21.129523596719824,23.926972322926463,35.49368333497111
islr_wage,random,pool,26,rf,default,,23.415800263065922,26.287661484046613,38.275599104271066
islr_wage,random,pool,26,rf,tuned,"{'max_features': 0.5, 'min_samples_leaf': 20}",20.735249972945734,23.478114616078944,34.485595419554606
islr_wage,random,pool,26,extra,default,,25.38503200018979,28.249759816918065,41.05260291128236
islr_wage,random,pool,26,extra,tuned,"{'max_features': 0.5, 'min_samples_leaf': 20}",21.046413242948432,23.640641117003277,34.708857185428144
islr_wage,random,pool,26,hgb,default,,21.295662278715138,24.319100077862135,35.63367397810698
islr_wage,random,pool,26,hgb,tuned,"{'learning_rate': 0.03, 'max_leaf_nodes': 15, 'min_samples_leaf': 50}",20.724629230863403,23.530015929609924,34.61714111345827
islr_wage,random,pool,27,rf,default,,24.446047215866855,27.017063034096267,38.355320195130325
islr_wage,random,pool,27,rf,tuned,"{'max_features': 0.5, 'min_samples_leaf': 20}",21.064630246158394,23.996914547837378,35.26669742463303
islr_wage,random,pool,27,extra,default,,26.794905371635416,29.44326507649237,42.20167790156244
islr_wage,random,pool,27,extra,tuned,"{'max_features': 0.5, 'min_samples_leaf': 20}",21.404693201757716,24.203916105343087,35.297076042807745
islr_wage,random,pool,27,hgb,default,,22.387735283578273,25.34982379158744,36.72028725001015
islr_wage,random,pool,27,hgb,tuned,"{'learning_rate': 0.03, 'max_leaf_nodes': 15, 'min_samples_leaf': 50}",21.394336987558745,24.285993440025738,35.70736600873471
islr_wage,random,pool,28,rf,default,,22.843523201462624,26.137570836221542,38.69857993419957
islr_wage,random,pool,28,rf,tuned,"{'max_features': 'sqrt', 'min_samples_leaf': 5}",19.83788014670977,22.94951553144146,35.03375889848305
islr_wage,random,pool,28,extra,default,,24.83995603985657,28.853040190205455,43.318786365850784
islr_wage,random,pool,28,extra,tuned,"{'max_features': 0.5, 'min_samples_leaf': 20}",20.220222658718896,23.10697164298855,35.22934758335573
islr_wage,random,pool,28,hgb,default,,20.98782379526489,24.029676613571933,36.191277953018286
islr_wage,random,pool,28,hgb,tuned,"{'learning_rate': 0.03, 'max_leaf_nodes': 15, 'min_samples_leaf': 50}",20.44614977768377,23.447782980474415,35.43005560949405
islr_wage,random,pool,29,rf,default,,22.685512058816283,24.985228262206743,36.303350680632974
islr_wage,random,pool,29,rf,tuned,"{'max_features': 'sqrt', 'min_samples_leaf': 5}",20.25761606555002,22.55128301413945,32.87367060291279
islr_wage,random,pool,29,extra,default,,24.01870506116789,26.857490722722673,39.79361868865053
islr_wage,random,pool,29,extra,tuned,"{'max_features': 0.5, 'min_samples_leaf': 20}",20.443279324550545,22.69008421763372,32.94805312179529
islr_wage,random,pool,29,hgb,default,,21.534349344706314,24.019555848245826,34.79844948406935
islr_wage,random,pool,29,hgb,tuned,"{'learning_rate': 0.03, 'max_leaf_nodes': 15, 'min_samples_leaf': 50}",20.565948995951366,22.769362953636108,33.37624977221248
islr_wage,random,pool,30,rf,default,,24.937490422304123,26.52171256965224,36.303715769983846
islr_wage,random,pool,30,rf,tuned,"{'max_features': 0.5, 'min_samples_leaf': 20}",21.442897501646488,23.430457373744574,33.12189084488157
islr_wage,random,pool,30,extra,default,,26.972359869718424,28.329779412341217,39.10649017978389
islr_wage,random,pool,30,extra,tuned,"{'max_features': 'sqrt', 'min_samples_leaf': 5}",21.4135657930156,23.40501061085281,33.00350150125896
islr_wage,random,pool,30,hgb,default,,22.342860375242925,24.32594400173694,34.33400367841273
islr_wage,random,pool,30,hgb,tuned,"{'learning_rate': 0.03, 'max_leaf_nodes': 15, 'min_samples_leaf': 50}",21.95994148554539,23.90208349518738,33.644945273878676
airquality_ozone,random,pool,1,rf,default,,9.100418915876588,10.096190476190475,13.744798294581487
airquality_ozone,random,pool,1,rf,tuned,"{'max_features': 1.0, 'min_samples_leaf': 1}",9.100418915876588,10.096190476190475,13.744798294581487
airquality_ozone,random,pool,1,extra,default,,9.12058029342919,9.532142857142858,11.793513922276118
airquality_ozone,random,pool,1,extra,tuned,"{'max_features': 1.0, 'min_samples_leaf': 5}",11.241527665109526,11.392731530451217,13.737858493798635
airquality_ozone,random,pool,1,hgb,default,,16.355932909910422,15.997688508052155,19.347638672409616
airquality_ozone,random,pool,1,hgb,tuned,"{'learning_rate': 0.03, 'max_leaf_nodes': 15, 'min_samples_leaf': 20}",16.064171736554407,15.60813692637129,18.757218575731965
airquality_ozone,random,pool,2,rf,default,,10.843332206168606,11.944880952380952,15.376913598814193
airquality_ozone,random,pool,2,rf,tuned,"{'max_features': 0.5, 'min_samples_leaf': 1}",11.33235944835261,12.045833333333333,14.542673072010011
airquality_ozone,random,pool,2,extra,default,,10.112799436577609,11.32690476190476,14.791471963842639
airquality_ozone,random,pool,2,extra,tuned,"{'max_features': 0.5, 'min_samples_leaf': 1}",11.27763906647044,12.131547619047618,14.485397416560465
airquality_ozone,random,pool,2,hgb,default,,12.224404775287848,12.337297724772139,14.639557187200221
airquality_ozone,random,pool,2,hgb,tuned,"{'learning_rate': 0.03, 'max_leaf_nodes': 15, 'min_samples_leaf': 20}",12.295823305199349,12.336573018917411,14.582044641802703
airquality_ozone,random,pool,3,rf,default,,10.408848329933315,13.24083333333333,20.454193529359888
airquality_ozone,random,pool,3,rf,tuned,"{'max_features': 0.5, 'min_samples_leaf': 5}",11.203285574535185,14.341166061485017,24.274664216149382
airquality_ozone,random,pool,3,extra,default,,10.861987131480335,12.076309523809526,17.983913943140568
airquality_ozone,random,pool,3,extra,tuned,"{'max_features': 1.0, 'min_samples_leaf': 1}",10.861987131480335,12.076309523809526,17.983913943140568
airquality_ozone,random,pool,3,hgb,default,,13.879703357567239,16.100766702299985,25.506279652364416
airquality_ozone,random,pool,3,hgb,tuned,"{'learning_rate': 0.03, 'max_leaf_nodes': 15, 'min_samples_leaf': 20}",13.628861679423867,15.876291958357402,25.482842368700023
airquality_ozone,random,pool,4,rf,default,,10.387585132690315,10.480476190476192,13.699428096045839
airquality_ozone,random,pool,4,rf,tuned,"{'max_features': 0.5, 'min_samples_leaf': 1}",8.583033755289819,9.140714285714285,12.307074233564864
airquality_ozone,random,pool,4,extra,default,,8.510748942105833,8.984880952380951,12.433767721889645
airquality_ozone,random,pool,4,extra,tuned,"{'max_features': 1.0, 'min_samples_leaf': 1}",8.510748942105833,8.984880952380951,12.433767721889645
airquality_ozone,random,pool,4,hgb,default,,11.945438206421338,12.783639534301514,15.477591017945498
airquality_ozone,random,pool,4,hgb,tuned,"{'learning_rate': 0.03, 'max_leaf_nodes': 15, 'min_samples_leaf': 20}",12.099603054473203,12.78770886312923,15.409936470581476
airquality_ozone,random,pool,5,rf,default,,14.456684974240963,17.957738095238096,30.38093748226982
airquality_ozone,random,pool,5,rf,tuned,"{'max_features': 0.5, 'min_samples_leaf': 1}",12.429283022139469,16.473214285714285,27.56843219284384
airquality_ozone,random,pool,5,extra,default,,12.395256476213435,15.696309523809523,24.71694668787851
airquality_ozone,random,pool,5,extra,tuned,"{'max_features': 1.0, 'min_samples_leaf': 5}",11.723254253163331,16.918521840124225,27.832347170239505
airquality_ozone,random,pool,5,hgb,default,,12.133060075662106,16.893813205560154,29.028360597328174
airquality_ozone,random,pool,5,hgb,tuned,"{'learning_rate': 0.03, 'max_leaf_nodes': 15, 'min_samples_leaf': 20}",12.174858792002086,16.80974906113392,29.027518520273627
airquality_ozone,random,pool,6,rf,default,,7.1637072649416496,8.028333333333334,11.131559881563112
airquality_ozone,random,pool,6,rf,tuned,"{'max_features': 0.5, 'min_samples_leaf': 1}",7.402284242043128,8.084285714285715,10.821314395122952
airquality_ozone,random,pool,6,extra,default,,7.997223379259691,8.427142857142858,11.02093750513374
airquality_ozone,random,pool,6,extra,tuned,"{'max_features': 1.0, 'min_samples_leaf': 1}",7.997223379259691,8.427142857142858,11.02093750513374
airquality_ozone,random,pool,6,hgb,default,,10.120483117696901,10.791731383219552,12.361767726935735
airquality_ozone,random,pool,6,hgb,tuned,"{'learning_rate': 0.03, 'max_leaf_nodes': 15, 'min_samples_leaf': 20}",10.126664368464295,10.536216597531354,12.098764524428134
airquality_ozone,random,pool,7,rf,default,,9.057611924661918,9.933452380952378,12.654075775423454
airquality_ozone,random,pool,7,rf,tuned,"{'max_features': 0.5, 'min_samples_leaf': 1}",9.08085177111095,10.315238095238099,13.033102665112597
airquality_ozone,random,pool,7,extra,default,,9.80788118470719,10.85488095238095,13.634707536400425
airquality_ozone,random,pool,7,extra,tuned,"{'max_features': 1.0, 'min_samples_leaf': 1}",9.80788118470719,10.85488095238095,13.634707536400425
airquality_ozone,random,pool,7,hgb,default,,13.076594706920796,13.75791413987246,17.41849483933678
airquality_ozone,random,pool,7,hgb,tuned,"{'learning_rate': 0.03, 'max_leaf_nodes': 15, 'min_samples_leaf': 20}",13.15106554752871,14.130635880349647,17.960545872326595
airquality_ozone,random,pool,8,rf,default,,8.95822760247683,9.94654761904762,13.401368725998054
airquality_ozone,random,pool,8,rf,tuned,"{'max_features': 0.5, 'min_samples_leaf': 1}",8.386083233548305,9.56654761904762,13.243432529322984
airquality_ozone,random,pool,8,extra,default,,9.35632658211069,10.85154761904762,14.091083933770724
airquality_ozone,random,pool,8,extra,tuned,"{'max_features': 0.5, 'min_samples_leaf': 1}",10.197672958953811,11.25666666666667,14.101830709701465
airquality_ozone,random,pool,8,hgb,default,,10.113907831924681,11.123568797282205,14.377550005350214
airquality_ozone,random,pool,8,hgb,tuned,"{'learning_rate': 0.03, 'max_leaf_nodes': 15, 'min_samples_leaf': 20}",9.864387091966465,10.79190622577787,13.839818688237509
airquality_ozone,random,pool,9,rf,default,,9.28554130534851,10.560595238095235,14.892362442775294
airquality_ozone,random,pool,9,rf,tuned,"{'max_features': 0.5, 'min_samples_leaf': 1}",9.27320622965853,10.138333333333335,14.062427565951017
airquality_ozone,random,pool,9,extra,default,,9.667417878857023,10.498571428571427,14.768192278495132
airquality_ozone,random,pool,9,extra,tuned,"{'max_features': 1.0, 'min_samples_leaf': 1}",9.667417878857023,10.498571428571427,14.768192278495132
airquality_ozone,random,pool,9,hgb,default,,10.898975598079362,11.295741578338438,14.936592225127324
airquality_ozone,random,pool,9,hgb,tuned,"{'learning_rate': 0.03, 'max_leaf_nodes': 15, 'min_samples_leaf': 20}",10.91289683674314,11.265430536181444,14.870343862192907
airquality_ozone,random,pool,10,rf,default,,14.050272737566342,17.892976190476194,30.51905971605909
airquality_ozone,random,pool,10,rf,tuned,"{'max_features': 1.0, 'min_samples_leaf': 1}",14.050272737566342,17.892976190476194,30.51905971605909
airquality_ozone,random,pool,10,extra,default,,13.036318532810132,15.386785714285713,23.553145334726107
airquality_ozone,random,pool,10,extra,tuned,"{'max_features': 0.5, 'min_samples_leaf': 1}",14.141985971209156,16.811150793650793,25.626580069150165
airquality_ozone,random,pool,10,hgb,default,,12.22538183189161,16.998550577057934,28.37172022085949
airquality_ozone,random,pool,10,hgb,tuned,"{'learning_rate': 0.03, 'max_leaf_nodes': 15, 'min_samples_leaf': 20}",12.253260817443563,17.057355708782694,28.38728318821
airquality_ozone,random,pool,11,rf,default,,9.369683262759976,9.759166666666667,12.377775831053393
airquality_ozone,random,pool,11,rf,tuned,"{'max_features': 1.0, 'min_samples_leaf': 5}",13.25580493269159,13.154579684922169,16.258028646277104
airquality_ozone,random,pool,11,extra,default,,10.179892359177698,10.459285714285716,13.46450757680036
airquality_ozone,random,pool,11,extra,tuned,"{'max_features': 0.5, 'min_samples_leaf': 1}",12.129310377025655,11.943809523809522,15.04063704430144
airquality_ozone,random,pool,11,hgb,default,,13.723441278930286,14.386677237394002,17.907982160634205
airquality_ozone,random,pool,11,hgb,tuned,"{'learning_rate': 0.03, 'max_leaf_nodes': 15, 'min_samples_leaf': 20}",13.303665435052377,14.039370293583985,17.952045796093657
airquality_ozone,random,pool,12,rf,default,,9.075533115654052,12.071428571428571,19.429317256342774
airquality_ozone,random,pool,12,rf,tuned,"{'max_features': 1.0, 'min_samples_leaf': 1}",9.075533115654052,12.071428571428571,19.429317256342774
airquality_ozone,random,pool,12,extra,default,,10.22917820094394,12.3425,18.15484369536611
airquality_ozone,random,pool,12,extra,tuned,"{'max_features': 1.0, 'min_samples_leaf': 5}",10.593117625524178,13.139635765054503,21.60912569738054
airquality_ozone,random,pool,12,hgb,default,,12.056776834144273,14.761355414199485,23.77098175574547
airquality_ozone,random,pool,12,hgb,tuned,"{'learning_rate': 0.03, 'max_leaf_nodes': 15, 'min_samples_leaf': 20}",11.827613007431088,14.679818116333097,23.764641236502413
airquality_ozone,random,pool,13,rf,default,,12.035647939904745,12.290833333333333,16.954849624625126
airquality_ozone,random,pool,13,rf,tuned,"{'max_features': 0.5, 'min_samples_leaf': 1}",13.4198940880073,13.055714285714286,17.528855280945116
airquality_ozone,random,pool,13,extra,default,,13.169824296474118,12.731428571428571,16.95455225193199
airquality_ozone,random,pool,13,extra,tuned,"{'max_features': 0.5, 'min_samples_leaf': 1}",14.073317428978504,14.356746031746036,18.837036401408984
airquality_ozone,random,pool,13,hgb,default,,13.85043923297277,14.97771026716659,21.644561697213547
airquality_ozone,random,pool,13,hgb,tuned,"{'learning_rate': 0.03, 'max_leaf_nodes': 15, 'min_samples_leaf': 20}",13.787215060581532,15.07445444039027,21.804598285585634
airquality_ozone,random,pool,14,rf,default,,12.766624351539967,13.56833333333333,18.44432439480916
airquality_ozone,random,pool,14,rf,tuned,"{'max_features': 0.5, 'min_samples_leaf': 1}",11.22486668072276,11.984166666666669,15.643238143145894
airquality_ozone,random,pool,14,extra,default,,12.266346517561326,12.65261904761905,17.018777561344987
airquality_ozone,random,pool,14,extra,tuned,"{'max_features': 1.0, 'min_samples_leaf': 1}",12.266346517561326,12.65261904761905,17.018777561344987
airquality_ozone,random,pool,14,hgb,default,,14.126544975545764,14.971083562363232,18.689181500623913
airquality_ozone,random,pool,14,hgb,tuned,"{'learning_rate': 0.03, 'max_leaf_nodes': 15, 'min_samples_leaf': 20}",13.962767704457548,14.827398145665057,18.623715527422913
airquality_ozone,random,pool,15,rf,default,,10.535262523755373,10.83107142857143,13.916985411234286
airquality_ozone,random,pool,15,rf,tuned,"{'max_features': 0.5, 'min_samples_leaf': 1}",11.0383269666296,11.222619047619048,13.21626610213867
airquality_ozone,random,pool,15,extra,default,,10.430689420061254,10.807857142857141,13.423344005340633
airquality_ozone,random,pool,15,extra,tuned,"{'max_features': 0.5, 'min_samples_leaf': 1}",12.012556319673731,11.752261904761905,13.744481504421941
airquality_ozone,random,pool,15,hgb,default,,12.862482990376817,12.821552726365928,15.439254981384062
airquality_ozone,random,pool,15,hgb,tuned,"{'learning_rate': 0.03, 'max_leaf_nodes': 15, 'min_samples_leaf': 20}",12.882546360563829,13.001529495666915,15.5262083244728
airquality_ozone,random,pool,16,rf,default,,11.018207557392344,12.289761904761907,16.58294668130247
airquality_ozone,random,pool,16,rf,tuned,"{'max_features': 0.5, 'min_samples_leaf': 1}",11.678652471734724,11.18095238095238,14.848421031977008
airquality_ozone,random,pool,16,extra,default,,10.859610960905654,10.935476190476193,15.177554203075724
airquality_ozone,random,pool,16,extra,tuned,"{'max_features': 1.0, 'min_samples_leaf': 1}",10.859610960905654,10.935476190476193,15.177554203075724
airquality_ozone,random,pool,16,hgb,default,,15.407747051137799,14.671630225411324,18.20233294885696
airquality_ozone,random,pool,16,hgb,tuned,"{'learning_rate': 0.03, 'max_leaf_nodes': 15, 'min_samples_leaf': 20}",15.56305715769439,14.825817997233766,18.358567938709704
airquality_ozone,random,pool,17,rf,default,,10.681494797597905,11.224166666666665,14.748171328665887
airquality_ozone,random,pool,17,rf,tuned,"{'max_features': 0.5, 'min_samples_leaf': 1}",9.410052142965698,10.372857142857141,13.658681552259418
airquality_ozone,random,pool,17,extra,default,,10.876850708423525,11.222142857142856,14.636132745572914
airquality_ozone,random,pool,17,extra,tuned,"{'max_features': 0.5, 'min_samples_leaf': 1}",12.033661343636581,12.06761904761905,15.192534611989796
airquality_ozone,random,pool,17,hgb,default,,14.453455343357115,16.126257916439638,19.317285397517196
airquality_ozone,random,pool,17,hgb,tuned,"{'learning_rate': 0.03, 'max_leaf_nodes': 15, 'min_samples_leaf': 20}",14.783130071429975,16.37756849157372,19.598464116987383
airquality_ozone,random,pool,18,rf,default,,11.646739171688072,15.476904761904764,26.550465978034996
airquality_ozone,random,pool,18,rf,tuned,"{'max_features': 1.0, 'min_samples_leaf': 5}",12.058747715070748,16.54132103420643,30.55770871223112
airquality_ozone,random,pool,18,extra,default,,9.590068636065357,13.147857142857143,22.17462492301032
airquality_ozone,random,pool,18,extra,tuned,"{'max_features': 1.0, 'min_samples_leaf': 1}",9.590068636065357,13.147857142857143,22.17462492301032
airquality_ozone,random,pool,18,hgb,default,,12.260002195545214,16.599418799882006,28.361426853264117
airquality_ozone,random,pool,18,hgb,tuned,"{'learning_rate': 0.03, 'max_leaf_nodes': 15, 'min_samples_leaf': 20}",11.98739768755287,16.31283728662992,28.281472937482132
airquality_ozone,random,pool,19,rf,default,,11.840726066326244,12.0275,15.895355403786931
airquality_ozone,random,pool,19,rf,tuned,"{'max_features': 1.0, 'min_samples_leaf': 1}",11.840726066326244,12.0275,15.895355403786931
airquality_ozone,random,pool,19,extra,default,,13.031182772275294,13.356666666666666,16.577762213278366
airquality_ozone,random,pool,19,extra,tuned,"{'max_features': 1.0, 'min_samples_leaf': 1}",13.031182772275294,13.356666666666666,16.577762213278366
airquality_ozone,random,pool,19,hgb,default,,13.46037838976203,14.452340860971704,21.0870083093177
airquality_ozone,random,pool,19,hgb,tuned,"{'learning_rate': 0.03, 'max_leaf_nodes': 15, 'min_samples_leaf': 20}",13.626120269175612,14.801300555591906,21.39061166179338
airquality_ozone,random,pool,20,rf,default,,10.237351371869147,12.037738095238094,18.647847028799966
airquality_ozone,random,pool,20,rf,tuned,"{'max_features': 0.5, 'min_samples_leaf': 1}",10.377428090706182,12.278095238095238,16.784044648472094
airquality_ozone,random,pool,20,extra,default,,10.833053206634673,12.263928571428568,16.505658277049424
airquality_ozone,random,pool,20,extra,tuned,"{'max_features': 1.0, 'min_samples_leaf': 1}",10.833053206634673,12.263928571428568,16.505658277049424
airquality_ozone,random,pool,20,hgb,default,,12.695183249432388,12.72708565603973,15.447018846246076
airquality_ozone,random,pool,20,hgb,tuned,"{'learning_rate': 0.03, 'max_leaf_nodes': 15, 'min_samples_leaf': 20}",12.46861597948799,12.627464691251607,15.446736737800775
airquality_ozone,random,pool,21,rf,default,,10.073347584371124,11.026309523809521,14.92699234262634
airquality_ozone,random,pool,21,rf,tuned,"{'max_features': 0.5, 'min_samples_leaf': 1}",10.607213604167894,11.69904761904762,15.494255617578315
airquality_ozone,random,pool,21,extra,default,,9.640338122239857,10.582142857142857,14.540983324099715
airquality_ozone,random,pool,21,extra,tuned,"{'max_features': 1.0, 'min_samples_leaf': 1}",9.640338122239857,10.582142857142857,14.540983324099715
airquality_ozone,random,pool,21,hgb,default,,13.327546891915505,13.916281907413223,17.011549021216272
airquality_ozone,random,pool,21,hgb,tuned,"{'learning_rate': 0.03, 'max_leaf_nodes': 15, 'min_samples_leaf': 20}",13.06630366910705,13.781423028741798,16.815061640925194
airquality_ozone,random,pool,22,rf,default,,9.550168305672244,10.403452380952384,13.6296548041161
airquality_ozone,random,pool,22,rf,tuned,"{'max_features': 0.5, 'min_samples_leaf': 1}",8.82486240371171,9.106904761904762,12.062387625926107
airquality_ozone,random,pool,22,extra,default,,8.695500036736753,9.573333333333334,12.424330552691348
airquality_ozone,random,pool,22,extra,tuned,"{'max_features': 1.0, 'min_samples_leaf': 1}",8.695500036736753,9.573333333333334,12.424330552691348
airquality_ozone,random,pool,22,hgb,default,,11.329074308562124,12.030465926161877,16.302473261829263
airquality_ozone,random,pool,22,hgb,tuned,"{'learning_rate': 0.03, 'max_leaf_nodes': 15, 'min_samples_leaf': 20}",11.327821147014731,11.91432544293853,16.279173785503307
airquality_ozone,random,pool,23,rf,default,,10.808809657969846,12.661309523809521,17.654648304229447
airquality_ozone,random,pool,23,rf,tuned,"{'max_features': 0.5, 'min_samples_leaf': 1}",10.99149192178508,12.892738095238096,17.738233602848013
airquality_ozone,random,pool,23,extra,default,,10.884997810442284,12.398928571428572,17.40011488513432
airquality_ozone,random,pool,23,extra,tuned,"{'max_features': 0.5, 'min_samples_leaf': 1}",12.053224815145713,13.467738095238094,18.233009170531847
airquality_ozone,random,pool,23,hgb,default,,12.47780821155439,13.838595980343857,19.329642555244337
airquality_ozone,random,pool,23,hgb,tuned,"{'learning_rate': 0.03, 'max_leaf_nodes': 15, 'min_samples_leaf': 20}",12.226454433932387,13.632644186213538,18.93758783982285
airquality_ozone,random,pool,24,rf,default,,12.637106261588,15.201547619047618,24.935493293569525
airquality_ozone,random,pool,24,rf,tuned,"{'max_features': 0.5, 'min_samples_leaf': 1}",12.599554912773705,15.745714285714286,26.26404298595808
airquality_ozone,random,pool,24,extra,default,,12.980986300483229,16.145595238095236,27.774504703197433
airquality_ozone,random,pool,24,extra,tuned,"{'max_features': 1.0, 'min_samples_leaf': 1}",12.980986300483229,16.145595238095236,27.774504703197433
airquality_ozone,random,pool,24,hgb,default,,14.141205880554416,16.249301112436324,27.853250500354857
airquality_ozone,random,pool,24,hgb,tuned,"{'learning_rate': 0.03, 'max_leaf_nodes': 15, 'min_samples_leaf': 20}",14.10429850583725,16.138097351182065,27.68787623947572
airquality_ozone,random,pool,25,rf,default,,14.460938036271676,19.228928571428572,31.694247243519342
airquality_ozone,random,pool,25,rf,tuned,"{'max_features': 1.0, 'min_samples_leaf': 5}",15.612957049683422,19.78771011847824,33.57042095824516
airquality_ozone,random,pool,25,extra,default,,14.797210382741442,18.766428571428573,28.93357835369152
airquality_ozone,random,pool,25,extra,tuned,"{'max_features': 1.0, 'min_samples_leaf': 5}",15.512493127357626,19.68206333257118,31.83567998081507
airquality_ozone,random,pool,25,hgb,default,,16.955573299939957,20.106123295236983,30.04556920740749
airquality_ozone,random,pool,25,hgb,tuned,"{'learning_rate': 0.03, 'max_leaf_nodes': 15, 'min_samples_leaf': 20}",16.86503745364131,20.0809757921217,30.210220191287686
airquality_ozone,random,pool,26,rf,default,,11.305187757053051,11.616190476190479,16.793415329012095
airquality_ozone,random,pool,26,rf,tuned,"{'max_features': 0.5, 'min_samples_leaf': 1}",12.267015701556032,12.813333333333336,17.827904914790007
airquality_ozone,random,pool,26,extra,default,,12.302195540272928,12.367142857142857,16.640363744688862
airquality_ozone,random,pool,26,extra,tuned,"{'max_features': 1.0, 'min_samples_leaf': 1}",12.302195540272928,12.367142857142857,16.640363744688862
airquality_ozone,random,pool,26,hgb,default,,16.97192895491791,17.012122781963484,23.297624369357607
airquality_ozone,random,pool,26,hgb,tuned,"{'learning_rate': 0.03, 'max_leaf_nodes': 15, 'min_samples_leaf': 20}",17.1562632234377,17.003725391359836,23.261857344526145
airquality_ozone,random,pool,27,rf,default,,12.789520623454882,16.335595238095237,24.45312043092913
airquality_ozone,random,pool,27,rf,tuned,"{'max_features': 1.0, 'min_samples_leaf': 5}",14.386174859650954,18.18802472394102,28.87683551934268
airquality_ozone,random,pool,27,extra,default,,12.40144190541299,16.03202380952381,24.415003689508836
airquality_ozone,random,pool,27,extra,tuned,"{'max_features': 1.0, 'min_samples_leaf': 5}",14.430490864865698,18.726402086293053,28.740205853613325
airquality_ozone,random,pool,27,hgb,default,,15.820066967687517,19.178767339998757,29.20466176178871
airquality_ozone,random,pool,27,hgb,tuned,"{'learning_rate': 0.03, 'max_leaf_nodes': 15, 'min_samples_leaf': 20}",15.965555197365795,19.25891493023123,29.254147833085003
airquality_ozone,random,pool,28,rf,default,,12.875459292778645,14.578333333333331,21.936519959567605
airquality_ozone,random,pool,28,rf,tuned,"{'max_features': 1.0, 'min_samples_leaf': 5}",12.859597087781491,15.791280549704544,26.536741435948574
airquality_ozone,random,pool,28,extra,default,,12.682411057138236,13.86142857142857,20.313589848662456
airquality_ozone,random,pool,28,extra,tuned,"{'max_features': 1.0, 'min_samples_leaf': 1}",12.682411057138236,13.86142857142857,20.313589848662456
airquality_ozone,random,pool,28,hgb,default,,14.57068002229241,16.701842486511712,26.289725914408578
airquality_ozone,random,pool,28,hgb,tuned,"{'learning_rate': 0.03, 'max_leaf_nodes': 15, 'min_samples_leaf': 20}",14.549711878768626,16.58370338173697,26.11758487455514
airquality_ozone,random,pool,29,rf,default,,11.25494761328447,13.720238095238093,21.71282312586823
airquality_ozone,random,pool,29,rf,tuned,"{'max_features': 0.5, 'min_samples_leaf': 1}",10.512305234026137,13.456547619047617,22.021273507787004
airquality_ozone,random,pool,29,extra,default,,11.516867629698622,13.417738095238095,21.071984457289588
airquality_ozone,random,pool,29,extra,tuned,"{'max_features': 1.0, 'min_samples_leaf': 1}",11.516867629698622,13.417738095238095,21.071984457289588
airquality_ozone,random,pool,29,hgb,default,,11.708631272147258,15.221406379321325,25.247337207975704
airquality_ozone,random,pool,29,hgb,tuned,"{'learning_rate': 0.03, 'max_leaf_nodes': 15, 'min_samples_leaf': 20}",11.673628213069211,15.074649426130359,25.319561502699553
airquality_ozone,random,pool,30,rf,default,,8.692819284392785,9.232619047619048,12.010938466961806
airquality_ozone,random,pool,30,rf,tuned,"{'max_features': 0.5, 'min_samples_leaf': 1}",8.158881786127312,8.599880952380953,10.494148539611423
airquality_ozone,random,pool,30,extra,default,,8.002125384338006,8.515714285714287,10.749410430492205
airquality_ozone,random,pool,30,extra,tuned,"{'max_features': 1.0, 'min_samples_leaf': 1}",8.002125384338006,8.515714285714287,10.749410430492205
airquality_ozone,random,pool,30,hgb,default,,16.41319678051174,16.28823245129373,18.48399746487772
airquality_ozone,random,pool,30,hgb,tuned,"{'learning_rate': 0.1, 'max_leaf_nodes': 15, 'min_samples_leaf': 20}",17.66003386159973,17.36888402304829,20.551240503061287
mass_cars93_mpg,random,pool,1,rf,default,,1.5377533547734366,1.4696825396825395,1.960916668268741
mass_cars93_mpg,random,pool,1,rf,tuned,"{'max_features': 0.5, 'min_samples_leaf': 5}",1.5547070093661368,1.5294643332473694,1.991012895046026
mass_cars93_mpg,random,pool,1,extra,default,,1.3424103311119233,1.2614285714285713,1.699199469155648
mass_cars93_mpg,random,pool,1,extra,tuned,"{'max_features': 1.0, 'min_samples_leaf': 1}",1.3424103311119233,1.2614285714285713,1.699199469155648
mass_cars93_mpg,random,pool,1,hgb,default,,1.155456908151154,1.4302193850391152,2.099430989238035
mass_cars93_mpg,random,pool,1,hgb,tuned,"{'learning_rate': 0.03, 'max_leaf_nodes': 15, 'min_samples_leaf': 20}",1.1340156483967236,1.4323360931019888,2.0790131160876735
mass_cars93_mpg,random,pool,2,rf,default,,2.0700820674750724,2.290793650793651,3.4219898911035393
mass_cars93_mpg,random,pool,2,rf,tuned,"{'max_features': 'sqrt', 'min_samples_leaf': 1}",2.0328226278397508,2.223968253968254,3.436559048705273
mass_cars93_mpg,random,pool,2,extra,default,,2.468577496008819,2.3560317460317455,3.334340403427029
mass_cars93_mpg,random,pool,2,extra,tuned,"{'max_features': 1.0, 'min_samples_leaf': 1}",2.468577496008819,2.3560317460317455,3.334340403427029
mass_cars93_mpg,random,pool,2,hgb,default,,2.319859824268398,2.8851027766766726,4.429392495223853
mass_cars93_mpg,random,pool,2,hgb,tuned,"{'learning_rate': 0.03, 'max_leaf_nodes': 15, 'min_samples_leaf': 20}",2.3283379483447244,2.8925914285503658,4.438405564379837
mass_cars93_mpg,random,pool,3,rf,default,,2.4177181620509685,2.0638095238095238,2.6137372136889017
mass_cars93_mpg,random,pool,3,rf,tuned,"{'max_features': 1.0, 'min_samples_leaf': 1}",2.4177181620509685,2.0638095238095238,2.6137372136889017
mass_cars93_mpg,random,pool,3,extra,default,,1.7737395656588446,1.6665079365079367,2.138385015891777
mass_cars93_mpg,random,pool,3,extra,tuned,"{'max_features': 0.5, 'min_samples_leaf': 1}",1.7825761632473875,1.7188888888888887,2.1620124614807112
mass_cars93_mpg,random,pool,3,hgb,default,,2.5904188873622407,2.5662026832301152,3.193899937757997
mass_cars93_mpg,random,pool,3,hgb,tuned,"{'learning_rate': 0.03, 'max_leaf_nodes': 15, 'min_samples_leaf': 20}",2.6188667709285807,2.5977187502371493,3.2000990252551524
mass_cars93_mpg,random,pool,4,rf,default,,2.3561020688977647,2.3655555555555554,2.9980350707945833
mass_cars93_mpg,random,pool,4,rf,tuned,"{'max_features': 'sqrt', 'min_samples_leaf': 1}",2.0196144904556608,2.0450793650793653,2.595098554571003
mass_cars93_mpg,random,pool,4,extra,default,,2.057120283223401,2.0630158730158734,2.5473479309826295
mass_cars93_mpg,random,pool,4,extra,tuned,"{'max_features': 0.5, 'min_samples_leaf': 1}",1.787677934545487,1.8542857142857145,2.3157388801085843
mass_cars93_mpg,random,pool,4,hgb,default,,1.813408650344161,1.8536796951605652,2.3131280003292756
mass_cars93_mpg,random,pool,4,hgb,tuned,"{'learning_rate': 0.03, 'max_leaf_nodes': 15, 'min_samples_leaf': 20}",1.8110605640378288,1.837552979832545,2.2917829947125927
mass_cars93_mpg,random,pool,5,rf,default,,1.6011687982432825,1.8014285714285714,2.6469852073312934
mass_cars93_mpg,random,pool,5,rf,tuned,"{'max_features': 0.5, 'min_samples_leaf': 1}",1.5100346613116444,1.7133333333333332,2.56735715305112
mass_cars93_mpg,random,pool,5,extra,default,,1.531328399353537,1.6652380952380952,2.458523344822464
mass_cars93_mpg,random,pool,5,extra,tuned,"{'max_features': 1.0, 'min_samples_leaf': 5}",1.6957392288433957,1.8632965935532393,2.462860430614342
mass_cars93_mpg,random,pool,5,hgb,default,,2.125887504650209,2.2255529796047826,2.7582166345483112
mass_cars93_mpg,random,pool,5,hgb,tuned,"{'learning_rate': 0.03, 'max_leaf_nodes': 15, 'min_samples_leaf': 20}",2.1350288381120235,2.2103096445457737,2.768490258166917
mass_cars93_mpg,random,pool,6,rf,default,,1.9298703104625137,1.895873015873016,2.4653630188706117
mass_cars93_mpg,random,pool,6,rf,tuned,"{'max_features': 0.5, 'min_samples_leaf': 5}",1.8413187837523535,1.930213308076401,2.603698082530801
mass_cars93_mpg,random,pool,6,extra,default,,1.7146885213198924,1.7692063492063492,2.400392384149641
mass_cars93_mpg,random,pool,6,extra,tuned,"{'max_features': 1.0, 'min_samples_leaf': 1}",1.7146885213198924,1.7692063492063492,2.400392384149641
mass_cars93_mpg,random,pool,6,hgb,default,,1.8574279966531533,1.9637405657051341,2.711181116617667
mass_cars93_mpg,random,pool,6,hgb,tuned,"{'learning_rate': 0.03, 'max_leaf_nodes': 15, 'min_samples_leaf': 20}",1.8374665874982508,1.9690240100849994,2.706957736641524
mass_cars93_mpg,random,pool,7,rf,default,,1.3272525815400313,1.3760317460317462,1.9028679274206997
mass_cars93_mpg,random,pool,7,rf,tuned,"{'max_features': 0.5, 'min_samples_leaf': 5}",1.5990336660703963,1.748495180133555,2.273874126406389
mass_cars93_mpg,random,pool,7,extra,default,,1.1832826774430707,1.25,1.9461228583761563
mass_cars93_mpg,random,pool,7,extra,tuned,"{'max_features': 1.0, 'min_samples_leaf': 5}",1.3871519863535966,1.504120371796803,2.052499320456476
mass_cars93_mpg,random,pool,7,hgb,default,,1.7093293471699886,1.897760153211174,2.823086944736704
mass_cars93_mpg,random,pool,7,hgb,tuned,"{'learning_rate': 0.03, 'max_leaf_nodes': 15, 'min_samples_leaf': 20}",1.6997624358875567,1.885842882877929,2.7909854048527523
mass_cars93_mpg,random,pool,8,rf,default,,1.6890820719000115,1.7895238095238095,2.4100047201868198
mass_cars93_mpg,random,pool,8,rf,tuned,"{'max_features': 'sqrt', 'min_samples_leaf': 5}",1.4888370755118168,1.6695563131576339,2.444235764563014
mass_cars93_mpg,random,pool,8,extra,default,,1.3171704565833176,1.5017460317460316,2.3065277735961405
mass_cars93_mpg,random,pool,8,extra,tuned,"{'max_features': 0.5, 'min_samples_leaf': 1}",1.2958792088680982,1.5306349206349208,2.2571181935562303
mass_cars93_mpg,random,pool,8,hgb,default,,2.0018501633227146,2.0768546225626405,2.841793389286435
mass_cars93_mpg,random,pool,8,hgb,tuned,"{'learning_rate': 0.03, 'max_leaf_nodes': 15, 'min_samples_leaf': 20}",1.9766462421982338,2.0641004262289186,2.823401724359852
mass_cars93_mpg,random,pool,9,rf,default,,1.7033714418780919,1.9255555555555564,2.6236598493880656
mass_cars93_mpg,random,pool,9,rf,tuned,"{'max_features': 'sqrt', 'min_samples_leaf': 1}",1.6025832581851107,1.865714285714286,2.6637488004610477
mass_cars93_mpg,random,pool,9,extra,default,,1.5496100245126763,1.7611111111111117,2.57920509882385
mass_cars93_mpg,random,pool,9,extra,tuned,"{'max_features': 1.0, 'min_samples_leaf': 1}",1.5496100245126763,1.7611111111111117,2.57920509882385
mass_cars93_mpg,random,pool,9,hgb,default,,2.1342127035193545,2.1345420972498155,3.0698728587864474
mass_cars93_mpg,random,pool,9,hgb,tuned,"{'learning_rate': 0.03, 'max_leaf_nodes': 15, 'min_samples_leaf': 20}",2.1230505745846604,2.133132314179756,3.07254642400588
mass_cars93_mpg,random,pool,10,rf,default,,1.560852780856917,1.5195238095238093,1.9298555199916723
mass_cars93_mpg,random,pool,10,rf,tuned,"{'max_features': 1.0, 'min_samples_leaf': 1}",1.560852780856917,1.5195238095238093,1.9298555199916723
mass_cars93_mpg,random,pool,10,extra,default,,1.1790431247662145,1.1915873015873015,1.5885484705813178
mass_cars93_mpg,random,pool,10,extra,tuned,"{'max_features': 1.0, 'min_samples_leaf': 5}",1.5451931952188667,1.6100923081196936,2.0865661777131805
mass_cars93_mpg,random,pool,10,hgb,default,,1.8124118935218139,1.7819554419170094,2.227459973549554
mass_cars93_mpg,random,pool,10,hgb,tuned,"{'learning_rate': 0.03, 'max_leaf_nodes': 15, 'min_samples_leaf': 20}",1.7853307399342546,1.7414761790169453,2.1816889093920104
mass_cars93_mpg,random,pool,11,rf,default,,1.997727217386728,1.9501587301587295,2.5028102723257426
mass_cars93_mpg,random,pool,11,rf,tuned,"{'max_features': 0.5, 'min_samples_leaf': 5}",1.3396371417268256,1.5303584215996688,1.9558142514024714
mass_cars93_mpg,random,pool,11,extra,default,,1.4575131026664714,1.58984126984127,2.2821453287613616
mass_cars93_mpg,random,pool,11,extra,tuned,"{'max_features': 1.0, 'min_samples_leaf': 5}",1.284046485130731,1.4579304905172035,1.9557909085400889
mass_cars93_mpg,random,pool,11,hgb,default,,1.8654843970926671,1.7366034671637858,2.3367881454919734
mass_cars93_mpg,random,pool,11,hgb,tuned,"{'learning_rate': 0.03, 'max_leaf_nodes': 15, 'min_samples_leaf': 20}",1.8671904639723726,1.7160998375691057,2.3086141497617074
mass_cars93_mpg,random,pool,12,rf,default,,2.2594507172894147,1.9885714285714289,2.7428097438585297
mass_cars93_mpg,random,pool,12,rf,tuned,"{'max_features': 'sqrt', 'min_samples_leaf': 5}",1.8705225048799299,1.8345535387930691,2.6052007727765853
mass_cars93_mpg,random,pool,12,extra,default,,2.2720522963670757,2.013809523809524,2.782118354722268
mass_cars93_mpg,random,pool,12,extra,tuned,"{'max_features': 1.0, 'min_samples_leaf': 5}",1.8939708864824996,1.8230014345992007,2.5030231196513935
mass_cars93_mpg,random,pool,12,hgb,default,,2.932344742683793,2.7981927211072737,3.805806926715245
mass_cars93_mpg,random,pool,12,hgb,tuned,"{'learning_rate': 0.03, 'max_leaf_nodes': 15, 'min_samples_leaf': 20}",2.8656072182091625,2.753029760082052,3.767575609761698
mass_cars93_mpg,random,pool,13,rf,default,,1.8908440517584135,2.1714285714285713,3.3046918706270274
mass_cars93_mpg,random,pool,13,rf,tuned,"{'max_features': 'sqrt', 'min_samples_leaf': 1}",1.8426690532393717,2.1415873015873017,3.236030784478918
mass_cars93_mpg,random,pool,13,extra,default,,1.6281241672838005,1.9284126984126992,2.8372123773299167
mass_cars93_mpg,random,pool,13,extra,tuned,"{'max_features': 1.0, 'min_samples_leaf': 1}",1.6281241672838005,1.9284126984126992,2.8372123773299167
mass_cars93_mpg,random,pool,13,hgb,default,,2.4966193879212826,3.009828125615937,4.399562049894514
mass_cars93_mpg,random,pool,13,hgb,tuned,"{'learning_rate': 0.03, 'max_leaf_nodes': 15, 'min_samples_leaf': 20}",2.4677776373328375,2.991606289930652,4.408217589950674
mass_cars93_mpg,random,pool,14,rf,default,,1.2187170898240658,1.6541269841269841,3.4159640005289944
mass_cars93_mpg,random,pool,14,rf,tuned,"{'max_features': 'sqrt', 'min_samples_leaf': 1}",1.0638658403745227,1.646984126984127,3.457908809285366
mass_cars93_mpg,random,pool,14,extra,default,,0.9659016936890341,1.5131746031746034,3.4093122551197994
mass_cars93_mpg,random,pool,14,extra,tuned,"{'max_features': 0.5, 'min_samples_leaf': 1}",0.9098897818992578,1.534761904761905,3.447859009012948
mass_cars93_mpg,random,pool,14,hgb,default,,1.5785448524167442,1.888138480059773,2.984072753594126
mass_cars93_mpg,random,pool,14,hgb,tuned,"{'learning_rate': 0.03, 'max_leaf_nodes': 15, 'min_samples_leaf': 20}",1.5623971186353263,1.8686371469733054,3.0009209438214497
mass_cars93_mpg,random,pool,15,rf,default,,1.5223702280033957,1.4871428571428573,1.8710352791631206
mass_cars93_mpg,random,pool,15,rf,tuned,"{'max_features': 'sqrt', 'min_samples_leaf': 1}",1.3127545701324026,1.3973015873015873,1.8731097703125172
mass_cars93_mpg,random,pool,15,extra,default,,1.3099636171904065,1.470476190476191,2.2035423621521204
mass_cars93_mpg,random,pool,15,extra,tuned,"{'max_features': 1.0, 'min_samples_leaf': 1}",1.3099636171904065,1.470476190476191,2.2035423621521204
mass_cars93_mpg,random,pool,15,hgb,default,,1.4790963134838457,1.3430000693452036,1.7344166129254839
mass_cars93_mpg,random,pool,15,hgb,tuned,"{'learning_rate': 0.03, 'max_leaf_nodes': 15, 'min_samples_leaf': 20}",1.4744778524444,1.3378687163382397,1.7165978833867857
mass_cars93_mpg,random,pool,16,rf,default,,1.9419246496785705,2.047619047619048,2.8251740593472228
mass_cars93_mpg,random,pool,16,rf,tuned,"{'max_features': 0.5, 'min_samples_leaf': 1}",1.9826605080190807,2.1485714285714286,2.975354854120178
mass_cars93_mpg,random,pool,16,extra,default,,2.0009415912169923,2.1358730158730155,3.1940510178708643
mass_cars93_mpg,random,pool,16,extra,tuned,"{'max_features': 1.0, 'min_samples_leaf': 1}",2.0009415912169923,2.1358730158730155,3.1940510178708643
mass_cars93_mpg,random,pool,16,hgb,default,,2.235956739024785,2.306958653059233,3.17820337606389
mass_cars93_mpg,random,pool,16,hgb,tuned,"{'learning_rate': 0.03, 'max_leaf_nodes': 15, 'min_samples_leaf': 20}",2.234840602511843,2.298767103786487,3.1763234526224484
mass_cars93_mpg,random,pool,17,rf,default,,1.8495757376643773,2.1865079365079367,2.9896896018389456
mass_cars93_mpg,random,pool,17,rf,tuned,"{'max_features': 1.0, 'min_samples_leaf': 1}",1.8495757376643773,2.1865079365079367,2.9896896018389456
mass_cars93_mpg,random,pool,17,extra,default,,1.3684786874952255,1.6541269841269843,2.5586718404870896
mass_cars93_mpg,random,pool,17,extra,tuned,"{'max_features': 'sqrt', 'min_samples_leaf': 1}",1.446188780313308,1.713492063492063,2.2272279731640507
mass_cars93_mpg,random,pool,17,hgb,default,,2.142830817479304,2.002590141707609,2.7925041734630245
mass_cars93_mpg,random,pool,17,hgb,tuned,"{'learning_rate': 0.03, 'max_leaf_nodes': 15, 'min_samples_leaf': 20}",2.0999147654658894,1.9636736547481308,2.7461265780147346
mass_cars93_mpg,random,pool,18,rf,default,,2.2426664111229173,2.666349206349206,4.336133649514856
mass_cars93_mpg,random,pool,18,rf,tuned,"{'max_features': 'sqrt', 'min_samples_leaf': 1}",2.1764502458164814,2.606190476190476,4.424605623175349
mass_cars93_mpg,random,pool,18,extra,default,,1.8844587539454498,2.401111111111111,4.283033526657968
mass_cars93_mpg,random,pool,18,extra,tuned,"{'max_features': 0.5, 'min_samples_leaf': 1}",1.8850859722588293,2.4617460317460322,4.314127585665128
mass_cars93_mpg,random,pool,18,hgb,default,,2.2105017714848105,3.19004377445046,5.3216689442857446
mass_cars93_mpg,random,pool,18,hgb,tuned,"{'learning_rate': 0.03, 'max_leaf_nodes': 15, 'min_samples_leaf': 20}",2.212517745761285,3.2017092494148574,5.341635128093916
mass_cars93_mpg,random,pool,19,rf,default,,2.2218394992064385,2.667301587301587,4.257488391928674
mass_cars93_mpg,random,pool,19,rf,tuned,"{'max_features': 0.5, 'min_samples_leaf': 1}",2.0725458255079445,2.624285714285714,4.355292772280083
mass_cars93_mpg,random,pool,19,extra,default,,1.9550387740879036,2.4358730158730157,4.134105150673529
mass_cars93_mpg,random,pool,19,extra,tuned,"{'max_features': 'sqrt', 'min_samples_leaf': 1}",2.0517480779663466,2.533968253968254,4.308290641770614
mass_cars93_mpg,random,pool,19,hgb,default,,2.9465625378119826,3.6205462565866546,5.312101337201815
mass_cars93_mpg,random,pool,19,hgb,tuned,"{'learning_rate': 0.03, 'max_leaf_nodes': 15, 'min_samples_leaf': 20}",2.9613898891278563,3.6508555534404636,5.340812262774054
mass_cars93_mpg,random,pool,20,rf,default,,1.3642018852155757,1.409047619047619,1.742285034905926
mass_cars93_mpg,random,pool,20,rf,tuned,"{'max_features': 1.0, 'min_samples_leaf': 5}",1.482646241458699,1.470339216104658,1.7329609216984259
mass_cars93_mpg,random,pool,20,extra,default,,1.1580683150065985,1.1522222222222225,1.3775323002003395
mass_cars93_mpg,random,pool,20,extra,tuned,"{'max_features': 0.5, 'min_samples_leaf': 1}",1.0325449737454624,1.0684126984126985,1.2872083324020593
mass_cars93_mpg,random,pool,20,hgb,default,,1.832063784294458,1.9951356409830232,2.819157962678212
mass_cars93_mpg,random,pool,20,hgb,tuned,"{'learning_rate': 0.03, 'max_leaf_nodes': 15, 'min_samples_leaf': 20}",1.807675539163799,1.9667605300635185,2.7777668114661522
mass_cars93_mpg,random,pool,21,rf,default,,1.3776278450772412,1.3495238095238091,1.7839730346504084
mass_cars93_mpg,random,pool,21,rf,tuned,"{'max_features': 'sqrt', 'min_samples_leaf': 5}",1.3617101048663467,1.4585871478964123,1.9728657790964483
mass_cars93_mpg,random,pool,21,extra,default,,1.2586786443824975,1.2209523809523812,1.6657194133530306
mass_cars93_mpg,random,pool,21,extra,tuned,"{'max_features': 1.0, 'min_samples_leaf': 1}",1.2586786443824975,1.2209523809523812,1.6657194133530306
mass_cars93_mpg,random,pool,21,hgb,default,,1.791418042999156,1.775722732296111,2.1579406633389975
mass_cars93_mpg,random,pool,21,hgb,tuned,"{'learning_rate': 0.03, 'max_leaf_nodes': 15, 'min_samples_leaf': 20}",1.7896880901514312,1.7815097945972087,2.1590156965833986
mass_cars93_mpg,random,pool,22,rf,default,,2.001795100835995,2.2574603174603167,3.9265800243762627
mass_cars93_mpg,random,pool,22,rf,tuned,"{'max_features': 'sqrt', 'min_samples_leaf': 1}",1.9195319544036276,2.2660317460317456,3.9019506721150448
mass_cars93_mpg,random,pool,22,extra,default,,1.8305858200162168,2.1263492063492064,3.78004801066904
mass_cars93_mpg,random,pool,22,extra,tuned,"{'max_features': 1.0, 'min_samples_leaf': 5}",1.4986988166904325,2.0924019251316173,3.7234926779636286
mass_cars93_mpg,random,pool,22,hgb,default,,2.4189358342053056,2.8125589749544626,4.222861492495092
mass_cars93_mpg,random,pool,22,hgb,tuned,"{'learning_rate': 0.03, 'max_leaf_nodes': 15, 'min_samples_leaf': 20}",2.3869508642264514,2.8053340411053855,4.240872901478918
mass_cars93_mpg,random,pool,23,rf,default,,1.2882655278223654,1.7253968253968255,3.2128198891646007
mass_cars93_mpg,random,pool,23,rf,tuned,"{'max_features': 0.5, 'min_samples_leaf': 5}",1.3542120495578203,2.0108929153512314,3.7921764896649988
mass_cars93_mpg,random,pool,23,extra,default,,1.9655389273310777,1.933968253968254,3.1186672977869434
mass_cars93_mpg,random,pool,23,extra,tuned,"{'max_features': 1.0, 'min_samples_leaf': 5}",1.3500605529805243,1.9950873858090212,3.721756850347329
mass_cars93_mpg,random,pool,23,hgb,default,,2.248207995705396,2.6727053236205465,4.359292221581105
mass_cars93_mpg,random,pool,23,hgb,tuned,"{'learning_rate': 0.1, 'max_leaf_nodes': 15, 'min_samples_leaf': 20}",2.354148204323881,2.744345198060784,4.273994935101941
mass_cars93_mpg,random,pool,24,rf,default,,1.5214168911659771,1.8326984126984125,3.048180479040609
mass_cars93_mpg,random,pool,24,rf,tuned,"{'max_features': 'sqrt', 'min_samples_leaf': 1}",1.4900090270145332,1.8076190476190472,3.0391127569088896
mass_cars93_mpg,random,pool,24,extra,default,,1.4262497341256783,1.616507936507937,2.676363915749092
mass_cars93_mpg,random,pool,24,extra,tuned,"{'max_features': 'sqrt', 'min_samples_leaf': 1}",1.4738420968054176,1.7042857142857146,2.790239696896589
mass_cars93_mpg,random,pool,24,hgb,default,,1.9536385606267732,2.5255570265862084,4.094595262033243
mass_cars93_mpg,random,pool,24,hgb,tuned,"{'learning_rate': 0.1, 'max_leaf_nodes': 15, 'min_samples_leaf': 20}",2.13330056890335,2.6432709992847543,4.040609467486
mass_cars93_mpg,random,pool,25,rf,default,,2.361344150866284,2.817460317460317,4.551531401104259
mass_cars93_mpg,random,pool,25,rf,tuned,"{'max_features': 0.5, 'min_samples_leaf': 1}",2.3954321784674732,2.6317460317460313,4.410476704609691
mass_cars93_mpg,random,pool,25,extra,default,,2.0901103806997305,2.6100000000000003,4.371202357808439
mass_cars93_mpg,random,pool,25,extra,tuned,"{'max_features': 0.5, 'min_samples_leaf': 1}",2.2315998771500016,2.736984126984127,4.389055833674381
mass_cars93_mpg,random,pool,25,hgb,default,,2.9524369883258292,3.6415726925605996,5.258624304956546
mass_cars93_mpg,random,pool,25,hgb,tuned,"{'learning_rate': 0.03, 'max_leaf_nodes': 15, 'min_samples_leaf': 20}",2.9300124507966334,3.6381104978026944,5.292153533719166
mass_cars93_mpg,random,pool,26,rf,default,,1.2158423066417305,1.2830158730158734,1.85649481978082
mass_cars93_mpg,random,pool,26,rf,tuned,"{'max_features': 'sqrt', 'min_samples_leaf': 1}",1.1043168881592293,1.3428571428571427,2.0710682773689064
mass_cars93_mpg,random,pool,26,extra,default,,1.4248773415969849,1.5031746031746036,2.480212911154219
mass_cars93_mpg,random,pool,26,extra,tuned,"{'max_features': 'sqrt', 'min_samples_leaf': 1}",1.2430228670274799,1.324920634920635,2.1659694849013476
mass_cars93_mpg,random,pool,26,hgb,default,,1.8238567763679585,1.9446713272382474,2.835361487718197
mass_cars93_mpg,random,pool,26,hgb,tuned,"{'learning_rate': 0.03, 'max_leaf_nodes': 15, 'min_samples_leaf': 20}",1.8597869924176662,1.9673185307336016,2.873471234756843
mass_cars93_mpg,random,pool,27,rf,default,,1.978757658568888,2.1317460317460317,3.283401578534969
mass_cars93_mpg,random,pool,27,rf,tuned,"{'max_features': 0.5, 'min_samples_leaf': 1}",1.798818488123906,2.0641269841269843,3.312729496891759
mass_cars93_mpg,random,pool,27,extra,default,,1.7685866759673825,1.9879365079365074,3.2197433267183104
mass_cars93_mpg,random,pool,27,extra,tuned,"{'max_features': 1.0, 'min_samples_leaf': 1}",1.7685866759673825,1.9879365079365074,3.2197433267183104
mass_cars93_mpg,random,pool,27,hgb,default,,2.5154351756715068,2.9717542812977666,4.434644418289195
mass_cars93_mpg,random,pool,27,hgb,tuned,"{'learning_rate': 0.03, 'max_leaf_nodes': 15, 'min_samples_leaf': 20}",2.478160902003499,2.938067281484695,4.431371070045807
mass_cars93_mpg,random,pool,28,rf,default,,1.5958095710749771,1.4653968253968253,2.0139487128498126
mass_cars93_mpg,random,pool,28,rf,tuned,"{'max_features': 0.5, 'min_samples_leaf': 5}",1.3498322626264623,1.349023382929688,1.7312881419851953
mass_cars93_mpg,random,pool,28,extra,default,,1.1015172948606813,1.071904761904762,1.4913324534698782
mass_cars93_mpg,random,pool,28,extra,tuned,"{'max_features': 0.5, 'min_samples_leaf': 1}",1.1746518707871958,1.1652380952380947,1.5364418111836966
mass_cars93_mpg,random,pool,28,hgb,default,,1.2084895363413906,1.165265591665149,1.4934463409687264
mass_cars93_mpg,random,pool,28,hgb,tuned,"{'learning_rate': 0.03, 'max_leaf_nodes': 15, 'min_samples_leaf': 20}",1.174771283815603,1.1444062255077785,1.476639416645135
mass_cars93_mpg,random,pool,29,rf,default,,1.949222817084613,2.295873015873016,3.6977846935985386
mass_cars93_mpg,random,pool,29,rf,tuned,"{'max_features': 0.5, 'min_samples_leaf': 5}",1.9665226625907732,2.4818222939730012,3.6852322604187546
mass_cars93_mpg,random,pool,29,extra,default,,1.9845359762260983,2.346349206349206,3.78874858931229
mass_cars93_mpg,random,pool,29,extra,tuned,"{'max_features': 0.5, 'min_samples_leaf': 1}",2.043042966117822,2.3980952380952383,3.8411956637203635
mass_cars93_mpg,random,pool,29,hgb,default,,2.7733633054265003,2.7961590722404233,3.712348219915773
mass_cars93_mpg,random,pool,29,hgb,tuned,"{'learning_rate': 0.03, 'max_leaf_nodes': 15, 'min_samples_leaf': 20}",2.788452261425852,2.816313236526579,3.7445847661002496
mass_cars93_mpg,random,pool,30,rf,default,,1.811040862556103,1.7480952380952384,2.2364944460935754
mass_cars93_mpg,random,pool,30,rf,tuned,"{'max_features': 'sqrt', 'min_samples_leaf': 5}",1.6931528543204168,1.7382877440183926,2.4424294937404634
mass_cars93_mpg,random,pool,30,extra,default,,1.8826533472020262,1.8346031746031748,2.6664628890393987
mass_cars93_mpg,random,pool,30,extra,tuned,"{'max_features': 'sqrt', 'min_samples_leaf': 1}",1.7816755698659927,1.7523809523809522,2.4550962006604458
mass_cars93_mpg,random,pool,30,hgb,default,,2.4008724131157466,2.4943439069634517,3.229943068207666
mass_cars93_mpg,random,pool,30,hgb,tuned,"{'learning_rate': 0.03, 'max_leaf_nodes': 15, 'min_samples_leaf': 20}",2.4032299054273616,2.5262102857915485,3.253076129401375
insurance_autoclaims_paid,random,pool,1,rf,default,,1287.4646927910371,1613.209122949436,2895.272548184789
insurance_autoclaims_paid,random,pool,1,rf,tuned,"{'max_features': 'sqrt', 'min_samples_leaf': 20}",1192.6109957713277,1545.0568664454195,2775.5854787107455
insurance_autoclaims_paid,random,pool,1,extra,default,,1293.0841519290238,1634.4048294392962,2943.8002184024003
insurance_autoclaims_paid,random,pool,1,extra,tuned,"{'max_features': 'sqrt', 'min_samples_leaf': 20}",1189.2881463166937,1545.62382265261,2775.596251412504
insurance_autoclaims_paid,random,pool,1,hgb,default,,1238.365568114999,1570.5438773624644,2811.644421223988
insurance_autoclaims_paid,random,pool,1,hgb,tuned,"{'learning_rate': 0.03, 'max_leaf_nodes': 15, 'min_samples_leaf': 50}",1215.2959917574267,1556.197287586649,2780.511912023931
insurance_autoclaims_paid,random,pool,2,rf,default,,1295.9809884955835,1581.1922938111393,2541.788359112676
insurance_autoclaims_paid,random,pool,2,rf,tuned,"{'max_features': 'sqrt', 'min_samples_leaf': 20}",1171.8561854326301,1514.1569809648502,2467.5407179174313
insurance_autoclaims_paid,random,pool,2,extra,default,,1303.8499654438963,1595.0812930323204,2566.282995340477
insurance_autoclaims_paid,random,pool,2,extra,tuned,"{'max_features': 'sqrt', 'min_samples_leaf': 20}",1165.3279751686769,1513.9068754368918,2469.6230345985537
insurance_autoclaims_paid,random,pool,2,hgb,default,,1211.6905396205325,1532.2306620443564,2489.7744513654693
insurance_autoclaims_paid,random,pool,2,hgb,tuned,"{'learning_rate': 0.03, 'max_leaf_nodes': 15, 'min_samples_leaf': 20}",1189.3068535235905,1523.4439742730954,2481.1626184453044
insurance_autoclaims_paid,random,pool,3,rf,default,,1308.598594579099,1689.5565541669587,3361.3499102987757
insurance_autoclaims_paid,random,pool,3,rf,tuned,"{'max_features': 'sqrt', 'min_samples_leaf': 20}",1179.1616422141785,1606.4379183176395,3253.585334782402
insurance_autoclaims_paid,random,pool,3,extra,default,,1318.9123172709812,1705.211086697749,3397.040099301987
insurance_autoclaims_paid,random,pool,3,extra,tuned,"{'max_features': 'sqrt', 'min_samples_leaf': 20}",1169.033327339983,1603.966009629478,3250.221470983562
insurance_autoclaims_paid,random,pool,3,hgb,default,,1236.1187479266605,1630.0807963368904,3282.213864716878
insurance_autoclaims_paid,random,pool,3,hgb,tuned,"{'learning_rate': 0.03, 'max_leaf_nodes': 15, 'min_samples_leaf': 50}",1215.452347243754,1623.8155446699045,3270.397112129663
insurance_autoclaims_paid,random,pool,4,rf,default,,1292.7483259235948,1576.5674612662137,2754.002710867714
insurance_autoclaims_paid,random,pool,4,rf,tuned,"{'max_features': 'sqrt', 'min_samples_leaf': 20}",1168.282126567797,1502.221199132611,2667.8732909968076
insurance_autoclaims_paid,random,pool,4,extra,default,,1295.4078565330335,1579.5278318061712,2769.664345047693
insurance_autoclaims_paid,random,pool,4,extra,tuned,"{'max_features': 'sqrt', 'min_samples_leaf': 20}",1168.8072729981004,1504.2181547523496,2667.8944365256466
insurance_autoclaims_paid,random,pool,4,hgb,default,,1221.3431684869968,1529.3186372564517,2703.6035175476813
insurance_autoclaims_paid,random,pool,4,hgb,tuned,"{'learning_rate': 0.03, 'max_leaf_nodes': 15, 'min_samples_leaf': 20}",1191.4097272855533,1513.053760917085,2683.999385220337
insurance_autoclaims_paid,random,pool,5,rf,default,,1288.5510731867132,1613.3491008149533,3008.9607627664946
insurance_autoclaims_paid,random,pool,5,rf,tuned,"{'max_features': 'sqrt', 'min_samples_leaf': 20}",1151.620805153941,1522.4442562980428,2915.981569611658
insurance_autoclaims_paid,random,pool,5,extra,default,,1294.7804658552507,1625.3325727150673,3033.5014273839392
insurance_autoclaims_paid,random,pool,5,extra,tuned,"{'max_features': 'sqrt', 'min_samples_leaf': 20}",1146.7399071304792,1520.2237471908998,2909.8263695874593
insurance_autoclaims_paid,random,pool,5,hgb,default,,1208.719619436101,1551.250278268596,2932.3580105272235
insurance_autoclaims_paid,random,pool,5,hgb,tuned,"{'learning_rate': 0.03, 'max_leaf_nodes': 15, 'min_samples_leaf': 20}",1171.6902444987277,1533.585311390412,2923.132583946227
insurance_autoclaims_paid,random,pool,6,rf,default,,1329.2859070433337,1665.4038849048989,3017.023825510419
insurance_autoclaims_paid,random,pool,6,rf,tuned,"{'max_features': 'sqrt', 'min_samples_leaf': 20}",1188.7234320788502,1579.285760829058,2923.7450144506856
insurance_autoclaims_paid,random,pool,6,extra,default,,1337.2843717921805,1686.6954967700033,3052.104522447927
insurance_autoclaims_paid,random,pool,6,extra,tuned,"{'max_features': 'sqrt', 'min_samples_leaf': 20}",1177.2448676678039,1573.6702812848048,2921.3064908291026
insurance_autoclaims_paid,random,pool,6,hgb,default,,1239.2442613285634,1601.3831657530018,2944.159341215873
insurance_autoclaims_paid,random,pool,6,hgb,tuned,"{'learning_rate': 0.03, 'max_leaf_nodes': 15, 'min_samples_leaf': 50}",1203.099230300328,1583.0188257289083,2927.590912173603
insurance_autoclaims_paid,random,pool,7,rf,default,,1304.427549919345,1635.8807388258836,2984.2064882876343
insurance_autoclaims_paid,random,pool,7,rf,tuned,"{'max_features': 'sqrt', 'min_samples_leaf': 20}",1160.4235218870865,1516.4297585172596,2812.6885275171144
insurance_autoclaims_paid,random,pool,7,extra,default,,1307.2292441502254,1650.6225645899874,3024.8710099416603
insurance_autoclaims_paid,random,pool,7,extra,tuned,"{'max_features': 'sqrt', 'min_samples_leaf': 20}",1162.8858986718367,1517.812609022162,2813.8001807779647
insurance_autoclaims_paid,random,pool,7,hgb,default,,1225.271832233483,1549.0772504020997,2852.2595941148866
insurance_autoclaims_paid,random,pool,7,hgb,tuned,"{'learning_rate': 0.03, 'max_leaf_nodes': 15, 'min_samples_leaf': 50}",1188.0752430941195,1532.2422339551072,2823.190997761467
insurance_autoclaims_paid,random,pool,8,rf,default,,1334.0999265369496,1616.872685135351,2572.115819269096
insurance_autoclaims_paid,random,pool,8,rf,tuned,"{'max_features': 'sqrt', 'min_samples_leaf': 20}",1171.1593518308282,1495.7042662104163,2393.498667811332
insurance_autoclaims_paid,random,pool,8,extra,default,,1338.0263618446343,1629.9842406230289,2616.287491804153
insurance_autoclaims_paid,random,pool,8,extra,tuned,"{'max_features': 'sqrt', 'min_samples_leaf': 20}",1161.9619075222738,1491.5224186034357,2387.111767448944
insurance_autoclaims_paid,random,pool,8,hgb,default,,1232.7756915256582,1530.853026789877,2432.7192866100568
insurance_autoclaims_paid,random,pool,8,hgb,tuned,"{'learning_rate': 0.03, 'max_leaf_nodes': 15, 'min_samples_leaf': 20}",1200.9789502907167,1512.4195755293606,2412.558665847654
insurance_autoclaims_paid,random,pool,9,rf,default,,1276.782650124679,1554.444649729954,2482.892309969637
insurance_autoclaims_paid,random,pool,9,rf,tuned,"{'max_features': 'sqrt', 'min_samples_leaf': 20}",1171.2274001669155,1476.2733992360193,2327.8452064059347
insurance_autoclaims_paid,random,pool,9,extra,default,,1275.7129454763908,1552.2997070317026,2483.3151007311285
insurance_autoclaims_paid,random,pool,9,extra,tuned,"{'max_features': 'sqrt', 'min_samples_leaf': 20}",1165.63584350192,1476.5929877029423,2323.602865784422
insurance_autoclaims_paid,random,pool,9,hgb,default,,1215.0202409316346,1500.3996393497941,2373.063926614048
insurance_autoclaims_paid,random,pool,9,hgb,tuned,"{'learning_rate': 0.03, 'max_leaf_nodes': 15, 'min_samples_leaf': 20}",1189.8010773683122,1490.9477650325382,2351.438006386257
insurance_autoclaims_paid,random,pool,10,rf,default,,1276.3187665172663,1553.2325857808703,2478.639443488344
insurance_autoclaims_paid,random,pool,10,rf,tuned,"{'max_features': 'sqrt', 'min_samples_leaf': 20}",1174.1358400803902,1474.0775733615212,2349.4352809779334
insurance_autoclaims_paid,random,pool,10,extra,default,,1270.084318120257,1553.6830578630288,2493.4262163129106
insurance_autoclaims_paid,random,pool,10,extra,tuned,"{'max_features': 'sqrt', 'min_samples_leaf': 20}",1165.5009636958696,1469.1403439575174,2342.6837912614933
insurance_autoclaims_paid,random,pool,10,hgb,default,,1208.6035619283957,1492.2963029740733,2380.35338838429
insurance_autoclaims_paid,random,pool,10,hgb,tuned,"{'learning_rate': 0.03, 'max_leaf_nodes': 15, 'min_samples_leaf': 50}",1198.9143715364676,1487.0184960067054,2362.2065925909305
insurance_autoclaims_paid,random,pool,11,rf,default,,1341.7667199852674,1620.6378028320435,2588.051685012025
insurance_autoclaims_paid,random,pool,11,rf,tuned,"{'max_features': 'sqrt', 'min_samples_leaf': 20}",1212.54853383362,1489.1891141590495,2318.263040062421
insurance_autoclaims_paid,random,pool,11,extra,default,,1340.872683929125,1630.043523236353,2625.005540097054
insurance_autoclaims_paid,random,pool,11,extra,tuned,"{'max_features': 'sqrt', 'min_samples_leaf': 20}",1199.017489426178,1482.0331635852024,2311.477514324121
insurance_autoclaims_paid,random,pool,11,hgb,default,,1262.6213100252894,1528.8697164334592,2390.276405796419
insurance_autoclaims_paid,random,pool,11,hgb,tuned,"{'learning_rate': 0.03, 'max_leaf_nodes': 15, 'min_samples_leaf': 50}",1239.4467205923836,1506.5960649648662,2339.544181458367
insurance_autoclaims_paid,random,pool,12,rf,default,,1271.556842319176,1615.5899222917967,2943.789450969861
insurance_autoclaims_paid,random,pool,12,rf,tuned,"{'max_features': 'sqrt', 'min_samples_leaf': 20}",1162.4881383705952,1523.5501365312512,2809.554757790252
insurance_autoclaims_paid,random,pool,12,extra,default,,1275.5630057450167,1620.3183764949367,2960.639391407303
insurance_autoclaims_paid,random,pool,12,extra,tuned,"{'max_features': 'sqrt', 'min_samples_leaf': 20}",1160.4983911751513,1524.249012010331,2804.59746478243
insurance_autoclaims_paid,random,pool,12,hgb,default,,1213.176396951495,1557.8116809122953,2852.4356503851855
insurance_autoclaims_paid,random,pool,12,hgb,tuned,"{'learning_rate': 0.03, 'max_leaf_nodes': 15, 'min_samples_leaf': 50}",1183.5485346387404,1532.8516612661604,2822.213902615549
insurance_autoclaims_paid,random,pool,13,rf,default,,1333.0175354912794,1632.6184214211169,2610.309866319988
insurance_autoclaims_paid,random,pool,13,rf,tuned,"{'max_features': 'sqrt', 'min_samples_leaf': 20}",1203.783345626437,1540.2842200482044,2456.96371068082
insurance_autoclaims_paid,random,pool,13,extra,default,,1338.1707676345836,1637.4719268931642,2626.548418008951
insurance_autoclaims_paid,random,pool,13,extra,tuned,"{'max_features': 'sqrt', 'min_samples_leaf': 20}",1192.5717065120284,1535.1737140768348,2451.2548799613223
insurance_autoclaims_paid,random,pool,13,hgb,default,,1261.2435779976643,1576.490726580666,2506.1650326888366
insurance_autoclaims_paid,random,pool,13,hgb,tuned,"{'learning_rate': 0.03, 'max_leaf_nodes': 15, 'min_samples_leaf': 50}",1225.7759526767177,1551.4808848457083,2471.199351478805
insurance_autoclaims_paid,random,pool,14,rf,default,,1376.3651666688438,1697.7604284443184,2771.8471636835475
insurance_autoclaims_paid,random,pool,14,rf,tuned,"{'max_features': 'sqrt', 'min_samples_leaf': 20}",1213.0313093537513,1604.3410998048846,2656.552762879379
insurance_autoclaims_paid,random,pool,14,extra,default,,1375.615879720399,1695.264941624468,2775.4774135551297
insurance_autoclaims_paid,random,pool,14,extra,tuned,"{'max_features': 'sqrt', 'min_samples_leaf': 20}",1206.2941409057516,1602.1701709037027,2652.317956421134
insurance_autoclaims_paid,random,pool,14,hgb,default,,1272.8402992980327,1626.8839880770001,2687.4716541286193
insurance_autoclaims_paid,random,pool,14,hgb,tuned,"{'learning_rate': 0.03, 'max_leaf_nodes': 15, 'min_samples_leaf': 50}",1238.1627007127204,1610.7903097678425,2662.618722320642
insurance_autoclaims_paid,random,pool,15,rf,default,,1282.9490002290102,1588.4865848692887,2857.480743450904
insurance_autoclaims_paid,random,pool,15,rf,tuned,"{'max_features': 'sqrt', 'min_samples_leaf': 20}",1164.451982942406,1517.1303563969718,2756.60651103316
insurance_autoclaims_paid,random,pool,15,extra,default,,1298.1717505979645,1606.2960488520307,2889.916673343691
insurance_autoclaims_paid,random,pool,15,extra,tuned,"{'max_features': 'sqrt', 'min_samples_leaf': 20}",1158.7437448140856,1515.8942155534253,2755.2539654133498
insurance_autoclaims_paid,random,pool,15,hgb,default,,1209.9077727958975,1536.5002141885461,2791.5309456839263
insurance_autoclaims_paid,random,pool,15,hgb,tuned,"{'learning_rate': 0.03, 'max_leaf_nodes': 15, 'min_samples_leaf': 50}",1172.9346859677228,1514.5594182025998,2761.5037906449143
insurance_autoclaims_paid,random,pool,16,rf,default,,1324.3080354923186,1659.3255349480812,2949.474122615135
insurance_autoclaims_paid,random,pool,16,rf,tuned,"{'max_features': 'sqrt', 'min_samples_leaf': 20}",1186.9733186956018,1582.8147435219782,2826.749687006942
insurance_autoclaims_paid,random,pool,16,extra,default,,1337.0549996016243,1678.6101821898972,2981.164087603474
insurance_autoclaims_paid,random,pool,16,extra,tuned,"{'max_features': 'sqrt', 'min_samples_leaf': 20}",1181.492191847394,1578.5366125347284,2822.2758273284207
insurance_autoclaims_paid,random,pool,16,hgb,default,,1247.747606820898,1612.9194220676666,2872.7963502984994
insurance_autoclaims_paid,random,pool,16,hgb,tuned,"{'learning_rate': 0.03, 'max_leaf_nodes': 15, 'min_samples_leaf': 50}",1216.4355094334621,1593.8726778035527,2840.884304887992
insurance_autoclaims_paid,random,pool,17,rf,default,,1323.6722442356952,1648.0706928361337,2966.2078987832015
insurance_autoclaims_paid,random,pool,17,rf,tuned,"{'max_features': 'sqrt', 'min_samples_leaf': 20}",1183.3762846139864,1562.7157401622057,2862.686246195693
insurance_autoclaims_paid,random,pool,17,extra,default,,1311.636968927149,1636.1268753514244,2966.96393263072
insurance_autoclaims_paid,random,pool,17,extra,tuned,"{'max_features': 'sqrt', 'min_samples_leaf': 20}",1171.138916363731,1555.939819118196,2859.372663750574
insurance_autoclaims_paid,random,pool,17,hgb,default,,1232.2589792040894,1584.508734647385,2892.0026354962383
insurance_autoclaims_paid,random,pool,17,hgb,tuned,"{'learning_rate': 0.03, 'max_leaf_nodes': 15, 'min_samples_leaf': 50}",1200.5179205381999,1569.4783084971023,2871.1891590004084
insurance_autoclaims_paid,random,pool,18,rf,default,,1296.490716614973,1672.4571330446918,3156.039657474095
insurance_autoclaims_paid,random,pool,18,rf,tuned,"{'max_features': 'sqrt', 'min_samples_leaf': 20}",1172.0404461363412,1588.649015705635,3029.4973438112675
insurance_autoclaims_paid,random,pool,18,extra,default,,1291.0803544531686,1672.349257175707,3167.860453749363
insurance_autoclaims_paid,random,pool,18,extra,tuned,"{'max_features': 'sqrt', 'min_samples_leaf': 20}",1166.9337398481061,1589.517407461367,3024.456714898162
insurance_autoclaims_paid,random,pool,18,hgb,default,,1222.5210190688083,1619.9340095785897,3086.151453167385
insurance_autoclaims_paid,random,pool,18,hgb,tuned,"{'learning_rate': 0.03, 'max_leaf_nodes': 15, 'min_samples_leaf': 50}",1201.6739583432807,1606.607455453339,3047.668243006593
insurance_autoclaims_paid,random,pool,19,rf,default,,1355.481274441152,1662.2209563976928,2688.464026183757
insurance_autoclaims_paid,random,pool,19,rf,tuned,"{'max_features': 'sqrt', 'min_samples_leaf': 20}",1195.4790069818323,1563.620828759672,2583.612103354591
insurance_autoclaims_paid,random,pool,19,extra,default,,1359.3414149405796,1668.294485547261,2709.436931283665
insurance_autoclaims_paid,random,pool,19,extra,tuned,"{'max_features': 'sqrt', 'min_samples_leaf': 20}",1185.6110959121088,1557.711929269931,2579.8957344562427
insurance_autoclaims_paid,random,pool,19,hgb,default,,1265.1861574084887,1602.9136393957863,2613.3625406983647
insurance_autoclaims_paid,random,pool,19,hgb,tuned,"{'learning_rate': 0.03, 'max_leaf_nodes': 15, 'min_samples_leaf': 50}",1221.93171285774,1575.3858671830794,2593.48936823135
insurance_autoclaims_paid,random,pool,20,rf,default,,1330.9979746184936,1677.2306790928187,2794.621146845889
insurance_autoclaims_paid,random,pool,20,rf,tuned,"{'max_features': 'sqrt', 'min_samples_leaf': 20}",1178.8684470097005,1560.1481234726054,2649.5599110868584
insurance_autoclaims_paid,random,pool,20,extra,default,,1337.0196968719224,1684.3100134619356,2813.3531274503152
insurance_autoclaims_paid,random,pool,20,extra,tuned,"{'max_features': 'sqrt', 'min_samples_leaf': 20}",1171.4722275570355,1557.2626462218764,2639.5459749304455
insurance_autoclaims_paid,random,pool,20,hgb,default,,1244.1894213752075,1601.1850805961408,2693.321371929793
insurance_autoclaims_paid,random,pool,20,hgb,tuned,"{'learning_rate': 0.03, 'max_leaf_nodes': 15, 'min_samples_leaf': 50}",1204.4990199714384,1572.501659624984,2663.9203617754283
insurance_autoclaims_paid,random,pool,21,rf,default,,1277.2868355060928,1631.876161977095,2947.319077951617
insurance_autoclaims_paid,random,pool,21,rf,tuned,"{'max_features': 'sqrt', 'min_samples_leaf': 20}",1155.880658253604,1550.3000677678906,2835.572729658661
insurance_autoclaims_paid,random,pool,21,extra,default,,1277.2530526337016,1636.8502885177666,2974.951004121067
insurance_autoclaims_paid,random,pool,21,extra,tuned,"{'max_features': 'sqrt', 'min_samples_leaf': 20}",1149.8838785333091,1550.6484966161267,2833.527952017363
insurance_autoclaims_paid,random,pool,21,hgb,default,,1202.081288150345,1569.998737137879,2862.307526143243
insurance_autoclaims_paid,random,pool,21,hgb,tuned,"{'learning_rate': 0.03, 'max_leaf_nodes': 15, 'min_samples_leaf': 50}",1174.0670307972166,1559.478447377908,2847.9587025214396
insurance_autoclaims_paid,random,pool,22,rf,default,,1300.258038341521,1619.8551230366775,2635.5319808134027
insurance_autoclaims_paid,random,pool,22,rf,tuned,"{'max_features': 'sqrt', 'min_samples_leaf': 20}",1177.2556139275462,1528.5153815958297,2499.079480645506
insurance_autoclaims_paid,random,pool,22,extra,default,,1306.4481207231945,1628.297296915939,2650.0223796062896
insurance_autoclaims_paid,random,pool,22,extra,tuned,"{'max_features': 'sqrt', 'min_samples_leaf': 20}",1174.0098817497637,1526.5556274446299,2491.9075625464225
insurance_autoclaims_paid,random,pool,22,hgb,default,,1228.6850347308036,1558.9790673155294,2530.818771160756
insurance_autoclaims_paid,random,pool,22,hgb,tuned,"{'learning_rate': 0.03, 'max_leaf_nodes': 15, 'min_samples_leaf': 50}",1192.6803972470557,1533.807594951691,2506.4891079338895
insurance_autoclaims_paid,random,pool,23,rf,default,,1333.3088803454016,1652.9410645180906,2916.9500559731837
insurance_autoclaims_paid,random,pool,23,rf,tuned,"{'max_features': 'sqrt', 'min_samples_leaf': 20}",1202.0733136241936,1555.5067408339196,2778.3104743173653
insurance_autoclaims_paid,random,pool,23,extra,default,,1348.0539861500426,1672.6139871377252,2948.5707663378957
insurance_autoclaims_paid,random,pool,23,extra,tuned,"{'max_features': 'sqrt', 'min_samples_leaf': 20}",1188.1213735099361,1547.506086339491,2770.548163180997
insurance_autoclaims_paid,random,pool,23,hgb,default,,1262.0269980076919,1595.727527402257,2838.8574292549392
insurance_autoclaims_paid,random,pool,23,hgb,tuned,"{'learning_rate': 0.03, 'max_leaf_nodes': 15, 'min_samples_leaf': 50}",1220.4622950024393,1566.0277808446092,2795.194237518925
insurance_autoclaims_paid,random,pool,24,rf,default,,1335.542061742047,1615.7029494325202,2523.2276930543344
insurance_autoclaims_paid,random,pool,24,rf,tuned,"{'max_features': 'sqrt', 'min_samples_leaf': 20}",1177.6976779471772,1504.5463353801863,2368.1133265140716
insurance_autoclaims_paid,random,pool,24,extra,default,,1350.9403224885027,1632.059697043911,2553.010279621424
insurance_autoclaims_paid,random,pool,24,extra,tuned,"{'max_features': 'sqrt', 'min_samples_leaf': 20}",1171.4995047366742,1502.8930796325433,2364.8122825414716
insurance_autoclaims_paid,random,pool,24,hgb,default,,1235.5074940976178,1534.7200778899276,2415.515073711991
insurance_autoclaims_paid,random,pool,24,hgb,tuned,"{'learning_rate': 0.03, 'max_leaf_nodes': 15, 'min_samples_leaf': 20}",1199.8535471795526,1513.762961582232,2387.198568887138
insurance_autoclaims_paid,random,pool,25,rf,default,,1309.7898877148157,1585.2205127138966,2562.261228507859
insurance_autoclaims_paid,random,pool,25,rf,tuned,"{'max_features': 'sqrt', 'min_samples_leaf': 20}",1171.5656335900535,1498.3906356238995,2449.3933475553845
insurance_autoclaims_paid,random,pool,25,extra,default,,1313.6466378797868,1588.5191452361194,2571.311829800146
insurance_autoclaims_paid,random,pool,25,extra,tuned,"{'max_features': 'sqrt', 'min_samples_leaf': 20}",1170.880251011497,1501.714875886451,2451.006299689301
insurance_autoclaims_paid,random,pool,25,hgb,default,,1230.1602745207279,1531.771489464906,2483.7625833804746
insurance_autoclaims_paid,random,pool,25,hgb,tuned,"{'learning_rate': 0.03, 'max_leaf_nodes': 15, 'min_samples_leaf': 50}",1190.7751823911594,1507.8288996323042,2460.181538647159
insurance_autoclaims_paid,random,pool,26,rf,default,,1290.6874482625487,1590.781743203937,2622.5314570606906
insurance_autoclaims_paid,random,pool,26,rf,tuned,"{'max_features': 'sqrt', 'min_samples_leaf': 20}",1181.0631847411491,1503.2607986519556,2438.715347110961
insurance_autoclaims_paid,random,pool,26,extra,default,,1292.5729989472616,1588.7505446319578,2619.428274965046
insurance_autoclaims_paid,random,pool,26,extra,tuned,"{'max_features': 'sqrt', 'min_samples_leaf': 20}",1163.6424745747217,1490.9766110777102,2423.9718479883068
insurance_autoclaims_paid,random,pool,26,hgb,default,,1243.7326804748498,1539.2029788670977,2509.259386203974
insurance_autoclaims_paid,random,pool,26,hgb,tuned,"{'learning_rate': 0.03, 'max_leaf_nodes': 15, 'min_samples_leaf': 50}",1211.8473722928616,1520.521402390229,2460.815970603407
insurance_autoclaims_paid,random,pool,27,rf,default,,1290.9645991437096,1624.670468728571,2870.5655384567085
insurance_autoclaims_paid,random,pool,27,rf,tuned,"{'max_features': 'sqrt', 'min_samples_leaf': 20}",1194.5808005003012,1562.3578600374,2753.5670308192493
insurance_autoclaims_paid,random,pool,27,extra,default,,1300.9201363943043,1647.137035277743,2921.985518444162
insurance_autoclaims_paid,random,pool,27,extra,tuned,"{'max_features': 'sqrt', 'min_samples_leaf': 20}",1186.2445993499973,1557.700778862774,2751.6605513822865
insurance_autoclaims_paid,random,pool,27,hgb,default,,1247.156983727077,1587.7857885356314,2793.8926529719606
insurance_autoclaims_paid,random,pool,27,hgb,tuned,"{'learning_rate': 0.03, 'max_leaf_nodes': 15, 'min_samples_leaf': 50}",1212.5048707912927,1569.6023329726079,2759.462140290086
insurance_autoclaims_paid,random,pool,28,rf,default,,1291.1105780950427,1607.0566270074642,2870.796460194266
insurance_autoclaims_paid,random,pool,28,rf,tuned,"{'max_features': 'sqrt', 'min_samples_leaf': 20}",1180.6755379077513,1526.9738393028188,2742.637158451268
insurance_autoclaims_paid,random,pool,28,extra,default,,1293.6272912202073,1617.9712578098588,2913.6302760155086
insurance_autoclaims_paid,random,pool,28,extra,tuned,"{'max_features': 'sqrt', 'min_samples_leaf': 20}",1178.3737900407561,1527.534949195486,2742.5570073199597
insurance_autoclaims_paid,random,pool,28,hgb,default,,1228.2624522244182,1551.3270358949858,2775.541624710344
insurance_autoclaims_paid,random,pool,28,hgb,tuned,"{'learning_rate': 0.03, 'max_leaf_nodes': 15, 'min_samples_leaf': 50}",1211.704331950499,1542.7437492381428,2753.346409795038
insurance_autoclaims_paid,random,pool,29,rf,default,,1313.6848898919486,1659.0362499199086,3046.5001132105817
insurance_autoclaims_paid,random,pool,29,rf,tuned,"{'max_features': 'sqrt', 'min_samples_leaf': 20}",1183.0783687518608,1585.8000419349335,2950.644705924351
insurance_autoclaims_paid,random,pool,29,extra,default,,1318.6217606201762,1661.317594562385,3060.1577642807406
insurance_autoclaims_paid,random,pool,29,extra,tuned,"{'max_features': 'sqrt', 'min_samples_leaf': 20}",1179.1586036134788,1584.9981463795602,2947.9976458432125
insurance_autoclaims_paid,random,pool,29,hgb,default,,1237.060600071546,1607.1307647301494,2988.7818094780855
insurance_autoclaims_paid,random,pool,29,hgb,tuned,"{'learning_rate': 0.03, 'max_leaf_nodes': 15, 'min_samples_leaf': 50}",1205.4578890264522,1594.9806147036309,2952.81327915819
insurance_autoclaims_paid,random,pool,30,rf,default,,1315.3392629514365,1633.4978155666158,2702.7673228158783
insurance_autoclaims_paid,random,pool,30,rf,tuned,"{'max_features': 'sqrt', 'min_samples_leaf': 20}",1179.1646855762835,1548.1954108279351,2563.9297070422344
insurance_autoclaims_paid,random,pool,30,extra,default,,1325.977029382755,1649.6256216615423,2730.7407558888435
insurance_autoclaims_paid,random,pool,30,extra,tuned,"{'max_features': 'sqrt', 'min_samples_leaf': 20}",1173.5957038077054,1546.619455922974,2561.4367048599847
insurance_autoclaims_paid,random,pool,30,hgb,default,,1228.932095067025,1567.4805955304644,2597.015739814912
insurance_autoclaims_paid,random,pool,30,hgb,tuned,"{'learning_rate': 0.03, 'max_leaf_nodes': 15, 'min_samples_leaf': 50}",1190.618997026398,1547.2265734936582,2567.703075735365
fremtpl2_severity_log,random,pool,1,rf,default,,0.8644764942726614,0.8867780378250536,1.2654687048698983
fremtpl2_severity_log,random,pool,1,rf,tuned,"{'max_features': 'sqrt', 'min_samples_leaf': 20}",0.8231783184065025,0.8347374381625315,1.2320409537252854
fremtpl2_severity_log,random,pool,1,extra,default,,0.9014648987476096,0.9134874459022,1.2926714238680606
fremtpl2_severity_log,random,pool,1,extra,tuned,"{'max_features': 'sqrt', 'min_samples_leaf': 20}",0.8285615070040533,0.8364377956374122,1.2371556438726954
fremtpl2_severity_log,random,pool,1,hgb,default,,0.8660217423517512,0.8938474801595857,1.2701099233162032
fremtpl2_severity_log,random,pool,1,hgb,tuned,"{'learning_rate': 0.03, 'max_leaf_nodes': 15, 'min_samples_leaf': 50}",0.8360774453396818,0.8572578011876918,1.2426128298356862
fremtpl2_severity_log,random,pool,2,rf,default,,0.7983771752179177,0.828853645026494,1.190235102912594
fremtpl2_severity_log,random,pool,2,rf,tuned,"{'max_features': 'sqrt', 'min_samples_leaf': 20}",0.7407040560217765,0.7668622561458192,1.129917995460017
fremtpl2_severity_log,random,pool,2,extra,default,,0.8259086893826938,0.8546799693596813,1.21832753668155
fremtpl2_severity_log,random,pool,2,extra,tuned,"{'max_features': 'sqrt', 'min_samples_leaf': 20}",0.7339055475260408,0.7643693897235583,1.1273786197433102
fremtpl2_severity_log,random,pool,2,hgb,default,,0.8015587644455049,0.8386445246133947,1.190197593286445
fremtpl2_severity_log,random,pool,2,hgb,tuned,"{'learning_rate': 0.03, 'max_leaf_nodes': 15, 'min_samples_leaf': 50}",0.7712961651318299,0.8007046870817403,1.157518906512369
fremtpl2_severity_log,random,pool,3,rf,default,,0.8218335756070781,0.8484739631592134,1.216487711494021
fremtpl2_severity_log,random,pool,3,rf,tuned,"{'max_features': 'sqrt', 'min_samples_leaf': 20}",0.777250138709081,0.7964073878911575,1.1859375487526844
fremtpl2_severity_log,random,pool,3,extra,default,,0.8551163674493146,0.8748104522616672,1.23925819981728
fremtpl2_severity_log,random,pool,3,extra,tuned,"{'max_features': 'sqrt', 'min_samples_leaf': 20}",0.7768906802217407,0.7969488979354121,1.1899757677332812
fremtpl2_severity_log,random,pool,3,hgb,default,,0.8214565216877936,0.851471035132478,1.2166369837586064
fremtpl2_severity_log,random,pool,3,hgb,tuned,"{'learning_rate': 0.03, 'max_leaf_nodes': 15, 'min_samples_leaf': 50}",0.8020630907151105,0.8258983397580723,1.2013518249435684
fremtpl2_severity_log,random,pool,4,rf,default,,0.8651656630695586,0.8956713071165898,1.2699775266141144
fremtpl2_severity_log,random,pool,4,rf,tuned,"{'max_features': 'sqrt', 'min_samples_leaf': 20}",0.8042210076814499,0.8261917657084621,1.224788020279544
fremtpl2_severity_log,random,pool,4,extra,default,,0.8788648793258401,0.9126960755401481,1.2969530550246715
fremtpl2_severity_log,random,pool,4,extra,tuned,"{'max_features': 'sqrt', 'min_samples_leaf': 20}",0.8017381406372449,0.8208679352759359,1.225232789832899
fremtpl2_severity_log,random,pool,4,hgb,default,,0.8708406388213821,0.9071738330259427,1.2862666018835678
fremtpl2_severity_log,random,pool,4,hgb,tuned,"{'learning_rate': 0.03, 'max_leaf_nodes': 15, 'min_samples_leaf': 50}",0.8279920201859647,0.860247346715287,1.2488595796944157
fremtpl2_severity_log,random,pool,5,rf,default,,0.838383081090711,0.8737980007845519,1.253157211669188
fremtpl2_severity_log,random,pool,5,rf,tuned,"{'max_features': 'sqrt', 'min_samples_leaf': 20}",0.7741806122917075,0.8035620479208321,1.197681828635525
fremtpl2_severity_log,random,pool,5,extra,default,,0.8531434130664255,0.8943041163017933,1.283917869744968
fremtpl2_severity_log,random,pool,5,extra,tuned,"{'max_features': 'sqrt', 'min_samples_leaf': 20}",0.7749312971295685,0.8039242029687566,1.2010551367957951
fremtpl2_severity_log,random,pool,5,hgb,default,,0.8424621953976252,0.8792360695327041,1.2584385113342451
fremtpl2_severity_log,random,pool,5,hgb,tuned,"{'learning_rate': 0.03, 'max_leaf_nodes': 15, 'min_samples_leaf': 20}",0.8003249389895777,0.8332292757971064,1.2239250010503486
fremtpl2_severity_log,random,pool,6,rf,default,,0.8988155564590656,0.9095960648121143,1.2919137473334716
fremtpl2_severity_log,random,pool,6,rf,tuned,"{'max_features': 'sqrt', 'min_samples_leaf': 20}",0.8526217131328199,0.8511857260735848,1.2573087697110308
fremtpl2_severity_log,random,pool,6,extra,default,,0.924640513697548,0.9369333746880186,1.3176657711406865
fremtpl2_severity_log,random,pool,6,extra,tuned,"{'max_features': 'sqrt', 'min_samples_leaf': 20}",0.855210151098727,0.8544472551058778,1.26179932546238
fremtpl2_severity_log,random,pool,6,hgb,default,,0.8979713334122759,0.9116042808182169,1.2958254435304435
fremtpl2_severity_log,random,pool,6,hgb,tuned,"{'learning_rate': 0.03, 'max_leaf_nodes': 15, 'min_samples_leaf': 20}",0.8737462453682562,0.8864398237940805,1.2804197733454918
fremtpl2_severity_log,random,pool,7,rf,default,,0.8518366761520324,0.8639160257320236,1.2426152626956495
fremtpl2_severity_log,random,pool,7,rf,tuned,"{'max_features': 'sqrt', 'min_samples_leaf': 20}",0.8058124804560768,0.8126676996525752,1.199778697515583
fremtpl2_severity_log,random,pool,7,extra,default,,0.9034135803049528,0.9069472200549658,1.279118310502096
fremtpl2_severity_log,random,pool,7,extra,tuned,"{'max_features': 'sqrt', 'min_samples_leaf': 20}",0.8058176712603023,0.8147807280513052,1.2015717109232904
fremtpl2_severity_log,random,pool,7,hgb,default,,0.8538430890968123,0.8653645516152852,1.2316880929995948
fremtpl2_severity_log,random,pool,7,hgb,tuned,"{'learning_rate': 0.03, 'max_leaf_nodes': 15, 'min_samples_leaf': 50}",0.823136120229856,0.836824421678765,1.2118121631143646
fremtpl2_severity_log,random,pool,8,rf,default,,0.9260942468083152,0.9432260574608278,1.328805473763355
fremtpl2_severity_log,random,pool,8,rf,tuned,"{'max_features': 'sqrt', 'min_samples_leaf': 20}",0.9085801389126829,0.8999102477557213,1.3070799835446185
fremtpl2_severity_log,random,pool,8,extra,default,,0.9538995388024715,0.9663497012983002,1.345175722549877
fremtpl2_severity_log,random,pool,8,extra,tuned,"{'max_features': 'sqrt', 'min_samples_leaf': 20}",0.9068587175983941,0.8961167673599901,1.309361351314157
fremtpl2_severity_log,random,pool,8,hgb,default,,0.9328051822847742,0.9526578342399634,1.32689846744591
fremtpl2_severity_log,random,pool,8,hgb,tuned,"{'learning_rate': 0.03, 'max_leaf_nodes': 15, 'min_samples_leaf': 50}",0.91527037730394,0.9224973921531485,1.3111976400181347
fremtpl2_severity_log,random,pool,9,rf,default,,0.8554618274157201,0.8783182528322031,1.2244169251039285
fremtpl2_severity_log,random,pool,9,rf,tuned,"{'max_features': 'sqrt', 'min_samples_leaf': 20}",0.8078346252663305,0.8263200833834516,1.1935925729735624
fremtpl2_severity_log,random,pool,9,extra,default,,0.8777281181338727,0.8988952083443532,1.2498634596797848
fremtpl2_severity_log,random,pool,9,extra,tuned,"{'max_features': 'sqrt', 'min_samples_leaf': 20}",0.8021544377373251,0.8191955264124564,1.1929906201640388
fremtpl2_severity_log,random,pool,9,hgb,default,,0.8629532145356589,0.8847745494025808,1.2391056723251581
fremtpl2_severity_log,random,pool,9,hgb,tuned,"{'learning_rate': 0.03, 'max_leaf_nodes': 15, 'min_samples_leaf': 50}",0.8289178377323823,0.8550589085508156,1.215977553175341
fremtpl2_severity_log,random,pool,10,rf,default,,0.8951047883224857,0.9180513461946735,1.3140937548367897
fremtpl2_severity_log,random,pool,10,rf,tuned,"{'max_features': 'sqrt', 'min_samples_leaf': 20}",0.8289630418771363,0.8447162073361006,1.2616867644229348
fremtpl2_severity_log,random,pool,10,extra,default,,0.9062194265082814,0.9347575684527508,1.331722939787347
fremtpl2_severity_log,random,pool,10,extra,tuned,"{'max_features': 'sqrt', 'min_samples_leaf': 20}",0.8244796293893898,0.840951470500782,1.2620797905928534
fremtpl2_severity_log,random,pool,10,hgb,default,,0.8975646675535998,0.9222130813654255,1.3145756685226522
fremtpl2_severity_log,random,pool,10,hgb,tuned,"{'learning_rate': 0.03, 'max_leaf_nodes': 15, 'min_samples_leaf': 20}",0.8573434571258612,0.8783729675788333,1.2803924765715167
fremtpl2_severity_log,random,pool,11,rf,default,,0.8736122696161167,0.9021926797557704,1.2963838855911545
fremtpl2_severity_log,random,pool,11,rf,tuned,"{'max_features': 'sqrt', 'min_samples_leaf': 20}",0.8083686226597113,0.8216889684021421,1.2410206884465378
fremtpl2_severity_log,random,pool,11,extra,default,,0.897798547739289,0.921879103105246,1.3249107556426423
fremtpl2_severity_log,random,pool,11,extra,tuned,"{'max_features': 'sqrt', 'min_samples_leaf': 20}",0.802258103692656,0.8195981274136412,1.2370196029358693
fremtpl2_severity_log,random,pool,11,hgb,default,,0.8627132998987586,0.899161168725668,1.2867413029054888
fremtpl2_severity_log,random,pool,11,hgb,tuned,"{'learning_rate': 0.03, 'max_leaf_nodes': 15, 'min_samples_leaf': 50}",0.8302337009267564,0.8645528822566401,1.2636000990512644
fremtpl2_severity_log,random,pool,12,rf,default,,0.8502651978218115,0.8755335893462045,1.2477087084377494
fremtpl2_severity_log,random,pool,12,rf,tuned,"{'max_features': 'sqrt', 'min_samples_leaf': 20}",0.8012196839125748,0.8235087068322975,1.2151780354463586
fremtpl2_severity_log,random,pool,12,extra,default,,0.8665252199119794,0.8952037935786452,1.2747257045981888
fremtpl2_severity_log,random,pool,12,extra,tuned,"{'max_features': 'sqrt', 'min_samples_leaf': 20}",0.8024248439412919,0.8257038867442195,1.220771971122222
fremtpl2_severity_log,random,pool,12,hgb,default,,0.8442840775354458,0.8764189046835346,1.2556672403442612
fremtpl2_severity_log,random,pool,12,hgb,tuned,"{'learning_rate': 0.03, 'max_leaf_nodes': 15, 'min_samples_leaf': 50}",0.8184786236380313,0.8412579948931739,1.225516407501745
fremtpl2_severity_log,random,pool,13,rf,default,,0.8934888981482889,0.9070915374691768,1.299265671556847
fremtpl2_severity_log,random,pool,13,rf,tuned,"{'max_features': 'sqrt', 'min_samples_leaf': 20}",0.8399468511440783,0.8483291498319101,1.255773802555761
fremtpl2_severity_log,random,pool,13,extra,default,,0.9196349609027681,0.9344273569104273,1.3207327995844764
fremtpl2_severity_log,random,pool,13,extra,tuned,"{'max_features': 'sqrt', 'min_samples_leaf': 20}",0.8413888909099112,0.8467831865156936,1.2534037567283618
fremtpl2_severity_log,random,pool,13,hgb,default,,0.8955971269293185,0.9329197896586617,1.3085229829570955
fremtpl2_severity_log,random,pool,13,hgb,tuned,"{'learning_rate': 0.03, 'max_leaf_nodes': 15, 'min_samples_leaf': 50}",0.8650635845767916,0.8916723543157653,1.2824575686899453
fremtpl2_severity_log,random,pool,14,rf,default,,0.8526810492403875,0.8769786131423415,1.263035771607885
fremtpl2_severity_log,random,pool,14,rf,tuned,"{'max_features': 'sqrt', 'min_samples_leaf': 20}",0.8004414101199161,0.8240095599653801,1.2217092165108157
fremtpl2_severity_log,random,pool,14,extra,default,,0.881700437187275,0.9097624783697179,1.3080086375692828
fremtpl2_severity_log,random,pool,14,extra,tuned,"{'max_features': 'sqrt', 'min_samples_leaf': 20}",0.7919614366510228,0.8162703888255741,1.216068042849171
fremtpl2_severity_log,random,pool,14,hgb,default,,0.8609520492023611,0.8952239883655293,1.2680087192338287
fremtpl2_severity_log,random,pool,14,hgb,tuned,"{'learning_rate': 0.03, 'max_leaf_nodes': 15, 'min_samples_leaf': 20}",0.8303352933548959,0.8599013758949154,1.2457260305100724
fremtpl2_severity_log,random,pool,15,rf,default,,0.8778320880947968,0.8912594973030407,1.2589986965771967
fremtpl2_severity_log,random,pool,15,rf,tuned,"{'max_features': 'sqrt', 'min_samples_leaf': 20}",0.8273861159297418,0.8278222238219765,1.2181042157527089
fremtpl2_severity_log,random,pool,15,extra,default,,0.9086730868054324,0.9166532201297253,1.296774765386247
fremtpl2_severity_log,random,pool,15,extra,tuned,"{'max_features': 'sqrt', 'min_samples_leaf': 20}",0.8239974612656593,0.8238442762850022,1.2182168450675497
fremtpl2_severity_log,random,pool,15,hgb,default,,0.8692544063181293,0.8917980124886106,1.2517775507311566
fremtpl2_severity_log,random,pool,15,hgb,tuned,"{'learning_rate': 0.03, 'max_leaf_nodes': 15, 'min_samples_leaf': 50}",0.8425896865887675,0.8565911162832265,1.2322326889487651
fremtpl2_severity_log,random,pool,16,rf,default,,0.8499647393679268,0.8734209769849641,1.2482336012613569
fremtpl2_severity_log,random,pool,16,rf,tuned,"{'max_features': 'sqrt', 'min_samples_leaf': 20}",0.7812209288674167,0.8080136340497295,1.1997583396608937
fremtpl2_severity_log,random,pool,16,extra,default,,0.8929142549380784,0.916095964190037,1.3074238017437039
fremtpl2_severity_log,random,pool,16,extra,tuned,"{'max_features': 'sqrt', 'min_samples_leaf': 20}",0.7782056091684907,0.8035155786899263,1.2001540626070752
fremtpl2_severity_log,random,pool,16,hgb,default,,0.8596076123220725,0.8943410686073375,1.2696428127043613
fremtpl2_severity_log,random,pool,16,hgb,tuned,"{'learning_rate': 0.03, 'max_leaf_nodes': 15, 'min_samples_leaf': 50}",0.8151588568912307,0.8437184133395078,1.2243824893471633
fremtpl2_severity_log,random,pool,17,rf,default,,0.8530811337572027,0.8853041924722552,1.2839182963829394
fremtpl2_severity_log,random,pool,17,rf,tuned,"{'max_features': 'sqrt', 'min_samples_leaf': 20}",0.8004268278215182,0.8300512022199766,1.2346436732556398
fremtpl2_severity_log,random,pool,17,extra,default,,0.8690755732633504,0.9086854407397791,1.3102437594838932
fremtpl2_severity_log,random,pool,17,extra,tuned,"{'max_features': 'sqrt', 'min_samples_leaf': 20}",0.7970128444266638,0.8225144422360474,1.2304706314393459
fremtpl2_severity_log,random,pool,17,hgb,default,,0.8543972797509688,0.887541646761388,1.2901335484472822
fremtpl2_severity_log,random,pool,17,hgb,tuned,"{'learning_rate': 0.03, 'max_leaf_nodes': 15, 'min_samples_leaf': 20}",0.8308134846849297,0.8628752894408702,1.2673994944733735
fremtpl2_severity_log,random,pool,18,rf,default,,0.8531181124424176,0.8783152557274152,1.2801155420647428
fremtpl2_severity_log,random,pool,18,rf,tuned,"{'max_features': 'sqrt', 'min_samples_leaf': 20}",0.8101098286594828,0.8265741663045528,1.2458178651715976
fremtpl2_severity_log,random,pool,18,extra,default,,0.8780772203408451,0.9071291557656057,1.3098435172467808
fremtpl2_severity_log,random,pool,18,extra,tuned,"{'max_features': 'sqrt', 'min_samples_leaf': 20}",0.8065535858727293,0.8278552606646596,1.2472299552691701
fremtpl2_severity_log,random,pool,18,hgb,default,,0.856446721332519,0.8966217264199688,1.2916288731469912
fremtpl2_severity_log,random,pool,18,hgb,tuned,"{'learning_rate': 0.03, 'max_leaf_nodes': 15, 'min_samples_leaf': 50}",0.8314617394950296,0.8542995458735714,1.2609827520539245
fremtpl2_severity_log,random,pool,19,rf,default,,0.8514698493368859,0.873066701935179,1.2734276480580144
fremtpl2_severity_log,random,pool,19,rf,tuned,"{'max_features': 'sqrt', 'min_samples_leaf': 20}",0.7807228600344086,0.8038041827422414,1.215425925379624
fremtpl2_severity_log,random,pool,19,extra,default,,0.8550260296196684,0.8906211306564007,1.295589926321293
fremtpl2_severity_log,random,pool,19,extra,tuned,"{'max_features': 'sqrt', 'min_samples_leaf': 20}",0.7761187081042664,0.8076215100836771,1.2159217511490266
fremtpl2_severity_log,random,pool,19,hgb,default,,0.8548502902041208,0.8812441669110862,1.27648464115418
fremtpl2_severity_log,random,pool,19,hgb,tuned,"{'learning_rate': 0.03, 'max_leaf_nodes': 15, 'min_samples_leaf': 20}",0.8213208007321527,0.8423692337419456,1.245631299869214
fremtpl2_severity_log,random,pool,20,rf,default,,0.8137973000921402,0.8487181708260573,1.213815752839224
fremtpl2_severity_log,random,pool,20,rf,tuned,"{'max_features': 'sqrt', 'min_samples_leaf': 20}",0.7505561595749011,0.7798681510300017,1.161988527675712
fremtpl2_severity_log,random,pool,20,extra,default,,0.8445826199760654,0.8789606650943538,1.248547623291157
fremtpl2_severity_log,random,pool,20,extra,tuned,"{'max_features': 'sqrt', 'min_samples_leaf': 20}",0.7478413528858759,0.7757749182520494,1.1601039685007852
fremtpl2_severity_log,random,pool,20,hgb,default,,0.8120583970167343,0.84860903184103,1.2136877260850754
fremtpl2_severity_log,random,pool,20,hgb,tuned,"{'learning_rate': 0.03, 'max_leaf_nodes': 15, 'min_samples_leaf': 50}",0.7708087914682689,0.8101851566085185,1.1775378626710857
fremtpl2_severity_log,random,pool,21,rf,default,,0.8982733599744033,0.9329125504859678,1.3365618278761375
fremtpl2_severity_log,random,pool,21,rf,tuned,"{'max_features': 'sqrt', 'min_samples_leaf': 20}",0.8553741343502658,0.8725748157063402,1.29016654238106
fremtpl2_severity_log,random,pool,21,extra,default,,0.9155745041243237,0.9562309620248054,1.3554511786978347
fremtpl2_severity_log,random,pool,21,extra,tuned,"{'max_features': 'sqrt', 'min_samples_leaf': 20}",0.8581675389892444,0.8677343661220617,1.2927183472588188
fremtpl2_severity_log,random,pool,21,hgb,default,,0.8869129133482812,0.9195492517067843,1.3247907817984874
fremtpl2_severity_log,random,pool,21,hgb,tuned,"{'learning_rate': 0.03, 'max_leaf_nodes': 15, 'min_samples_leaf': 20}",0.8697935611676303,0.8996066971821896,1.3056569722047506
fremtpl2_severity_log,random,pool,22,rf,default,,0.8170447492165794,0.8516148735602166,1.208290643366174
fremtpl2_severity_log,random,pool,22,rf,tuned,"{'max_features': 'sqrt', 'min_samples_leaf': 20}",0.7680280989167295,0.801025332315922,1.1812767966544788
fremtpl2_severity_log,random,pool,22,extra,default,,0.8552966650145252,0.8811345600213707,1.2390055934892066
fremtpl2_severity_log,random,pool,22,extra,tuned,"{'max_features': 'sqrt', 'min_samples_leaf': 20}",0.7607660381024222,0.797694127477042,1.1821309884878446
fremtpl2_severity_log,random,pool,22,hgb,default,,0.8289350684915041,0.8677445822193649,1.2220367841524424
fremtpl2_severity_log,random,pool,22,hgb,tuned,"{'learning_rate': 0.03, 'max_leaf_nodes': 15, 'min_samples_leaf': 50}",0.790518026358685,0.827789429042333,1.1997646413318885
fremtpl2_severity_log,random,pool,23,rf,default,,0.88294724953638,0.9092970311682312,1.3011964724625007
fremtpl2_severity_log,random,pool,23,rf,tuned,"{'max_features': 'sqrt', 'min_samples_leaf': 20}",0.8365064764063778,0.8499334158014572,1.2691872180390658
fremtpl2_severity_log,random,pool,23,extra,default,,0.9107455265923828,0.9346175235100077,1.3278059754379306
fremtpl2_severity_log,random,pool,23,extra,tuned,"{'max_features': 'sqrt', 'min_samples_leaf': 20}",0.83716029042819,0.8503925527246368,1.274054567727037
fremtpl2_severity_log,random,pool,23,hgb,default,,0.8799703098779154,0.9110573557933077,1.3068459553090617
fremtpl2_severity_log,random,pool,23,hgb,tuned,"{'learning_rate': 0.03, 'max_leaf_nodes': 15, 'min_samples_leaf': 50}",0.8589352362320365,0.8812131545950713,1.2839634333445316
fremtpl2_severity_log,random,pool,24,rf,default,,0.8401882125301623,0.8700786049069824,1.2520011340084023
fremtpl2_severity_log,random,pool,24,rf,tuned,"{'max_features': 'sqrt', 'min_samples_leaf': 20}",0.7924757225822916,0.8147305715819362,1.2036582515386682
fremtpl2_severity_log,random,pool,24,extra,default,,0.8670996948004462,0.903149275360227,1.2842196464844993
fremtpl2_severity_log,random,pool,24,extra,tuned,"{'max_features': 'sqrt', 'min_samples_leaf': 20}",0.7904844657764342,0.8171236297484906,1.2056553018795113
fremtpl2_severity_log,random,pool,24,hgb,default,,0.838471592286396,0.8760011109768089,1.250933738928102
fremtpl2_severity_log,random,pool,24,hgb,tuned,"{'learning_rate': 0.03, 'max_leaf_nodes': 15, 'min_samples_leaf': 50}",0.8159878387977236,0.8421539900524561,1.2232310063544134
fremtpl2_severity_log,random,pool,25,rf,default,,0.8568201975036791,0.8837924095647115,1.2400215203518912
fremtpl2_severity_log,random,pool,25,rf,tuned,"{'max_features': 'sqrt', 'min_samples_leaf': 20}",0.8160738579656589,0.8363886761843393,1.205394876517711
fremtpl2_severity_log,random,pool,25,extra,default,,0.890844461910573,0.9150677528397412,1.2828120342245746
fremtpl2_severity_log,random,pool,25,extra,tuned,"{'max_features': 'sqrt', 'min_samples_leaf': 20}",0.8141340590202716,0.8323660926808104,1.2064116740628867
fremtpl2_severity_log,random,pool,25,hgb,default,,0.8707207899196664,0.8984482119589687,1.2568802912932586
fremtpl2_severity_log,random,pool,25,hgb,tuned,"{'learning_rate': 0.03, 'max_leaf_nodes': 15, 'min_samples_leaf': 20}",0.8356774598413855,0.8598847908091025,1.2167234805912945
fremtpl2_severity_log,random,pool,26,rf,default,,0.8893657871000963,0.9127405863805457,1.2970743981140207
fremtpl2_severity_log,random,pool,26,rf,tuned,"{'max_features': 'sqrt', 'min_samples_leaf': 20}",0.8287109224549136,0.8513649700806395,1.2522376411730705
fremtpl2_severity_log,random,pool,26,extra,default,,0.9091482720783781,0.9281539925433039,1.3210023457528064
fremtpl2_severity_log,random,pool,26,extra,tuned,"{'max_features': 'sqrt', 'min_samples_leaf': 20}",0.8233823795262727,0.8477727389625136,1.250007611845907
fremtpl2_severity_log,random,pool,26,hgb,default,,0.8925550497167809,0.9249884690781337,1.3134165198292962
fremtpl2_severity_log,random,pool,26,hgb,tuned,"{'learning_rate': 0.03, 'max_leaf_nodes': 15, 'min_samples_leaf': 50}",0.8574446244250508,0.882237720078088,1.2700346423808773
fremtpl2_severity_log,random,pool,27,rf,default,,0.819660233179222,0.8448642978586852,1.2046782013206543
fremtpl2_severity_log,random,pool,27,rf,tuned,"{'max_features': 'sqrt', 'min_samples_leaf': 20}",0.7541759984201332,0.7761687887837927,1.1606577556930793
fremtpl2_severity_log,random,pool,27,extra,default,,0.8452810229096542,0.8778563617266794,1.2409458360158656
fremtpl2_severity_log,random,pool,27,extra,tuned,"{'max_features': 'sqrt', 'min_samples_leaf': 20}",0.7554980293505535,0.7794483169862595,1.1652930416663327
fremtpl2_severity_log,random,pool,27,hgb,default,,0.8197165395087326,0.8515810275743004,1.215065349034097
fremtpl2_severity_log,random,pool,27,hgb,tuned,"{'learning_rate': 0.03, 'max_leaf_nodes': 15, 'min_samples_leaf': 20}",0.7810219260575121,0.8071658970104731,1.1785678113314868
fremtpl2_severity_log,random,pool,28,rf,default,,0.8447329683302235,0.8782063018824661,1.2427295715252094
fremtpl2_severity_log,random,pool,28,rf,tuned,"{'max_features': 'sqrt', 'min_samples_leaf': 20}",0.7754207597113101,0.8003309104460703,1.1876439001802122
fremtpl2_severity_log,random,pool,28,extra,default,,0.8515797293128369,0.888522930557255,1.2616013327848752
fremtpl2_severity_log,random,pool,28,extra,tuned,"{'max_features': 'sqrt', 'min_samples_leaf': 20}",0.7708950029686649,0.7987508427096907,1.190710418197986
fremtpl2_severity_log,random,pool,28,hgb,default,,0.8291002309695646,0.8720470055548821,1.236671421317021
fremtpl2_severity_log,random,pool,28,hgb,tuned,"{'learning_rate': 0.03, 'max_leaf_nodes': 15, 'min_samples_leaf': 50}",0.7995938098775998,0.8359011669256724,1.2101494251492104
fremtpl2_severity_log,random,pool,29,rf,default,,0.8316523815167711,0.8607041184053451,1.231588571616126
fremtpl2_severity_log,random,pool,29,rf,tuned,"{'max_features': 'sqrt', 'min_samples_leaf': 20}",0.7910214840649058,0.8131797068162506,1.2130965148913209
fremtpl2_severity_log,random,pool,29,extra,default,,0.8669419379168589,0.8987890741911038,1.282424312733687
fremtpl2_severity_log,random,pool,29,extra,tuned,"{'max_features': 'sqrt', 'min_samples_leaf': 20}",0.7885785409920179,0.8085460031169446,1.2145277858451855
fremtpl2_severity_log,random,pool,29,hgb,default,,0.8436656155806849,0.8692019678388488,1.2461031289565028
fremtpl2_severity_log,random,pool,29,hgb,tuned,"{'learning_rate': 0.03, 'max_leaf_nodes': 15, 'min_samples_leaf': 50}",0.810951943856451,0.8385692055340105,1.2266226392289092
fremtpl2_severity_log,random,pool,30,rf,default,,0.8405961025735449,0.8668675300985758,1.2553406466874524
fremtpl2_severity_log,random,pool,30,rf,tuned,"{'max_features': 'sqrt', 'min_samples_leaf': 20}",0.8112950442952467,0.8255224586118631,1.235714823005047
fremtpl2_severity_log,random,pool,30,extra,default,,0.8533816884102424,0.8849150662290944,1.2846905473305172
fremtpl2_severity_log,random,pool,30,extra,tuned,"{'max_features': 'sqrt', 'min_samples_leaf': 20}",0.8157251148849872,0.8321502285294834,1.2432694597044929
fremtpl2_severity_log,random,pool,30,hgb,default,,0.8433176425665272,0.8748333726267497,1.262055838451247
fremtpl2_severity_log,random,pool,30,hgb,tuned,"{'learning_rate': 0.03, 'max_leaf_nodes': 15, 'min_samples_leaf': 20}",0.8262258144829597,0.8465475040244985,1.2467796892030871
sru_y1_static,blocked,pool,1,rf,default,,0.024162988307765223,0.03503398779162778,0.09273609506322711
sru_y1_static,blocked,pool,1,rf,tuned,"{'max_features': 0.5, 'min_samples_leaf': 20}",0.020217426325339183,0.03240808571266976,0.09294159945271101
sru_y1_static,blocked,pool,1,extra,default,,0.02622680826800717,0.03647794610213335,0.09021411675241596
sru_y1_static,blocked,pool,1,extra,tuned,"{'max_features': 0.5, 'min_samples_leaf': 5}",0.02007851511370599,0.03233758981825673,0.09117597013431564
sru_y1_static,blocked,pool,1,hgb,default,,0.025030657850715277,0.03555777965839161,0.09449242582869692
sru_y1_static,blocked,pool,1,hgb,tuned,"{'learning_rate': 0.03, 'max_leaf_nodes': 15, 'min_samples_leaf': 50}",0.020789023310065605,0.03252298926301691,0.09289512153012328
sru_y1_static,blocked,pool,2,rf,default,,0.01885457945560522,0.019048126947905537,0.0226207841810378
sru_y1_static,blocked,pool,2,rf,tuned,"{'max_features': 0.5, 'min_samples_leaf': 20}",0.014426245112329818,0.014306410005186562,0.017433715144495328
sru_y1_static,blocked,pool,2,extra,default,,0.025893953470542307,0.02863915036934996,0.03771483708507574
sru_y1_static,blocked,pool,2,extra,tuned,"{'max_features': 0.5, 'min_samples_leaf': 20}",0.013648363243838411,0.013566641536470506,0.01676874370396278
sru_y1_static,blocked,pool,2,hgb,default,,0.017727076692745494,0.018437347558745664,0.022250440506354545
sru_y1_static,blocked,pool,2,hgb,tuned,"{'learning_rate': 0.03, 'max_leaf_nodes': 31, 'min_samples_leaf': 50}",0.01634198528586269,0.016546164925298652,0.020698327942602793
sru_y1_static,blocked,pool,3,rf,default,,0.0866849631078547,0.07643944279109988,0.12255639442392084
sru_y1_static,blocked,pool,3,rf,tuned,"{'max_features': 0.5, 'min_samples_leaf': 20}",0.06166764364315942,0.0581823742549917,0.09926922585887038
sru_y1_static,blocked,pool,3,extra,default,,0.11556242628700067,0.09434990655303335,0.15154475337906506
sru_y1_static,blocked,pool,3,extra,tuned,"{'max_features': 0.5, 'min_samples_leaf': 20}",0.0233359202134906,0.03590459180116144,0.08863726318877836
sru_y1_static,blocked,pool,3,hgb,default,,0.13354261830509317,0.10563216435756803,0.16823542773252104
sru_y1_static,blocked,pool,3,hgb,tuned,"{'learning_rate': 0.03, 'max_leaf_nodes': 31, 'min_samples_leaf': 50}",0.10026030646222263,0.08242085900846806,0.13403309809589617
sru_y1_static,blocked,pool,4,rf,default,,0.026726715798619637,0.031248398824133307,0.04575567829918656
sru_y1_static,blocked,pool,4,rf,tuned,"{'max_features': 0.5, 'min_samples_leaf': 20}",0.022512989086429312,0.025764611038706173,0.037911567765696624
sru_y1_static,blocked,pool,4,extra,default,,0.033650263711746405,0.03682759474757218,0.05137337068922504
sru_y1_static,blocked,pool,4,extra,tuned,"{'max_features': 0.5, 'min_samples_leaf': 20}",0.020037867171109655,0.02360134024169118,0.03626117444105047
sru_y1_static,blocked,pool,4,hgb,default,,0.029545592686306542,0.032021130488868156,0.05077504214835837
sru_y1_static,blocked,pool,4,hgb,tuned,"{'learning_rate': 0.03, 'max_leaf_nodes': 31, 'min_samples_leaf': 50}",0.032383444602206074,0.03417007301362271,0.04978815922194602
sru_y1_static,blocked,pool,5,rf,default,,0.031928165599162193,0.03327627216588334,0.04623820666670089
sru_y1_static,blocked,pool,5,rf,tuned,"{'max_features': 0.5, 'min_samples_leaf': 20}",0.027883120269533702,0.028545033915214096,0.03989754813054969
sru_y1_static,blocked,pool,5,extra,default,,0.03977683442260034,0.04135662662458336,0.05754969765606921
sru_y1_static,blocked,pool,5,extra,tuned,"{'max_features': 1.0, 'min_samples_leaf': 20}",0.026350143286961468,0.027709291611203384,0.037368511609776035
sru_y1_static,blocked,pool,5,hgb,default,,0.040692163475354357,0.045563610219803735,0.06229467901662679
sru_y1_static,blocked,pool,5,hgb,tuned,"{'learning_rate': 0.1, 'max_leaf_nodes': 31, 'min_samples_leaf': 20}",0.03708245149791914,0.04033107051717602,0.05547415740674777
