dataset,protocol,role,split_id,model,variant,params,trmse,mae,rmse,tail_rmse,tail_mae,n_tail
insurance_autobi_loss,random,modest_positive,1,rf,default,,3.3543176629170564,6.338475139290643,20.953520239802792,65.68493336612873,37.820995698598054,26
insurance_autobi_loss,random,modest_positive,1,rf,tuned,"{'max_features': 0.5, 'min_samples_leaf': 1}",3.482340888273947,6.295341898512014,20.76080620238045,65.18112257420245,37.41042777647744,26
insurance_autobi_loss,random,modest_positive,1,extra,default,,3.700004260015877,6.367621692556124,20.794818974034527,65.57134894242262,38.69168032051282,26
insurance_autobi_loss,random,modest_positive,1,extra,tuned,"{'max_features': 'sqrt', 'min_samples_leaf': 20}",2.742334298469374,5.523814181417509,19.65437586642694,63.000416196397175,33.51401371917617,26
insurance_autobi_loss,random,modest_positive,1,hgb,default,,3.2094197119232897,5.964897865642799,20.388616489969646,64.74983539059504,36.500570940251045,26
insurance_autobi_loss,random,modest_positive,1,hgb,tuned,"{'learning_rate': 0.03, 'max_leaf_nodes': 15, 'min_samples_leaf': 50}",3.2023457774552324,5.824848548387742,19.890488651530838,63.32638785201439,34.627289291547086,26
insurance_autobi_loss,random,modest_positive,2,rf,default,,3.3733373776186295,6.786170220660062,21.092715127696735,58.11246510730555,31.94556323377454,28
insurance_autobi_loss,random,modest_positive,2,rf,tuned,"{'max_features': 'sqrt', 'min_samples_leaf': 20}",3.2228734552240996,5.596630735435632,18.256574796310996,56.03915624740247,28.123653652040485,28
insurance_autobi_loss,random,modest_positive,2,extra,default,,3.2696133456514698,6.806837255160178,21.78237294654021,58.151413459762594,32.47586583900226,28
insurance_autobi_loss,random,modest_positive,2,extra,tuned,"{'max_features': 'sqrt', 'min_samples_leaf': 20}",3.2893020596651565,5.644339506569445,18.209642738118934,55.866007893729865,28.125804266136786,28
insurance_autobi_loss,random,modest_positive,2,hgb,default,,4.296479934450115,6.722413015291911,19.53096839648047,57.21586796506778,29.768287526049527,28
insurance_autobi_loss,random,modest_positive,2,hgb,tuned,"{'learning_rate': 0.03, 'max_leaf_nodes': 15, 'min_samples_leaf': 50}",3.990731819767786,6.090718129490775,18.59546994648763,55.99696699201955,28.013438915927004,28
insurance_autobi_loss,random,modest_positive,3,rf,default,,2.908475428918475,6.242829394668391,20.896418666033163,76.19355374228772,46.36378043183939,17
insurance_autobi_loss,random,modest_positive,3,rf,tuned,"{'max_features': 'sqrt', 'min_samples_leaf': 20}",3.1042647438503974,5.65532442366662,19.397945422315978,76.59350197381004,46.8251003216516,17
insurance_autobi_loss,random,modest_positive,3,extra,default,,3.100275484631195,6.502350298302222,21.284137865565423,77.11537480413372,48.826744901960765,17
insurance_autobi_loss,random,modest_positive,3,extra,tuned,"{'max_features': 'sqrt', 'min_samples_leaf': 20}",3.103908672584383,5.68367706912404,19.370679318988937,76.511370579788,46.968253336887514,17
insurance_autobi_loss,random,modest_positive,3,hgb,default,,3.4049835110478885,6.181867826606668,20.25751267494848,77.45882075904613,46.93398946127584,17
insurance_autobi_loss,random,modest_positive,3,hgb,tuned,"{'learning_rate': 0.03, 'max_leaf_nodes': 15, 'min_samples_leaf': 50}",3.5121616799011353,6.002694108308835,19.757990964473667,77.02733328335074,46.890845694891105,17
insurance_autobi_loss,random,modest_positive,4,rf,default,,4.244900420314947,7.0665835574747415,19.466946540765953,45.167775438331624,24.861616697322436,37
insurance_autobi_loss,random,modest_positive,4,rf,tuned,"{'max_features': 0.5, 'min_samples_leaf': 1}",3.964910498727805,6.604710439866153,18.552226968218285,44.699510788819545,24.474622032478774,37
insurance_autobi_loss,random,modest_positive,4,extra,default,,4.0092952585059285,7.458784089181549,21.003560224111204,46.852369599467245,26.99146462462465,37
insurance_autobi_loss,random,modest_positive,4,extra,tuned,"{'max_features': 1.0, 'min_samples_leaf': 1}",4.0092952585059285,7.458784089181549,21.003560224111204,46.852369599467245,26.99146462462465,37
insurance_autobi_loss,random,modest_positive,4,hgb,default,,4.451587923512004,6.273074274125439,16.751930874617948,43.025051678312444,22.19503688999812,37
insurance_autobi_loss,random,modest_positive,4,hgb,tuned,"{'learning_rate': 0.03, 'max_leaf_nodes': 15, 'min_samples_leaf': 50}",4.365966801914566,6.087429581039546,16.23954994092374,41.97613040843916,21.119748237791267,37
insurance_autobi_loss,random,modest_positive,5,rf,default,,3.25381143604353,5.740131074967987,16.46308563184097,47.81945382642965,28.21516313180579,23
insurance_autobi_loss,random,modest_positive,5,rf,tuned,"{'max_features': 'sqrt', 'min_samples_leaf': 20}",3.093945373664934,4.853711987597397,14.202226623150286,47.543693941276224,25.080000315738374,23
insurance_autobi_loss,random,modest_positive,5,extra,default,,3.2055741341371133,5.364728317184139,15.55336010460952,48.900084075891705,29.485464589371976,23
insurance_autobi_loss,random,modest_positive,5,extra,tuned,"{'max_features': 'sqrt', 'min_samples_leaf': 20}",3.1123496826697408,4.89227250821342,14.180616079507134,47.50936946273498,25.3676864754751,23
insurance_autobi_loss,random,modest_positive,5,hgb,default,,3.6908338238825804,5.4919614719835845,15.137726567978444,48.26199416086005,26.57810554439707,23
insurance_autobi_loss,random,modest_positive,5,hgb,tuned,"{'learning_rate': 0.03, 'max_leaf_nodes': 15, 'min_samples_leaf': 20}",3.590497134397246,5.2934763782486085,14.929528072134,48.16781611733883,26.457948122943016,23
insurance_autobi_loss,random,modest_positive,6,rf,default,,3.401931766091571,5.718018532354182,16.59997638890801,48.18110166093112,26.407255821220637,25
insurance_autobi_loss,random,modest_positive,6,rf,tuned,"{'max_features': 'sqrt', 'min_samples_leaf': 20}",3.2020873004392376,5.170378374476947,14.619649241084462,47.067342865539835,25.851722903968252,25
insurance_autobi_loss,random,modest_positive,6,extra,default,,3.9021950716520983,6.429854794552008,18.386975583452347,48.645124098480316,27.083432168888905,25
insurance_autobi_loss,random,modest_positive,6,extra,tuned,"{'max_features': 'sqrt', 'min_samples_leaf': 20}",3.2790980816182635,5.2109528935430385,14.594906939981637,46.928727895798325,25.870548687849833,25
insurance_autobi_loss,random,modest_positive,6,hgb,default,,3.7331759133832034,5.577168168620665,15.428833179645627,47.950434848647454,25.984122897139844,25
insurance_autobi_loss,random,modest_positive,6,hgb,tuned,"{'learning_rate': 0.03, 'max_leaf_nodes': 15, 'min_samples_leaf': 50}",3.9494458240025176,5.490468642864101,14.937328289037387,47.04433721327873,25.481586278969917,25
insurance_autobi_loss,random,modest_positive,7,rf,default,,5.795029513587625,7.982973441209823,18.603098210532604,37.290493051022466,24.77300367398765,35
insurance_autobi_loss,random,modest_positive,7,rf,tuned,"{'max_features': 'sqrt', 'min_samples_leaf': 1}",4.986135078045725,7.476756418915134,18.05921915674855,37.668016158844274,25.152606009234148,35
insurance_autobi_loss,random,modest_positive,7,extra,default,,5.807135164850885,8.249900924385138,20.07470938529228,40.08318642044708,26.605518238095232,35
insurance_autobi_loss,random,modest_positive,7,extra,tuned,"{'max_features': 0.5, 'min_samples_leaf': 1}",5.575707238245662,8.096245638263852,19.89261023052907,39.59569393957063,26.01935566666666,35
insurance_autobi_loss,random,modest_positive,7,hgb,default,,5.676158654835349,7.264938270623809,15.173523151981042,36.72283500887116,24.662871488095096,35
insurance_autobi_loss,random,modest_positive,7,hgb,tuned,"{'learning_rate': 0.03, 'max_leaf_nodes': 15, 'min_samples_leaf': 50}",4.45184337402925,6.04731852988967,13.666612488708783,35.65523311595646,22.687428048234374,35
insurance_autobi_loss,random,modest_positive,8,rf,default,,3.3387060448214334,7.21563879618733,24.208526940304317,71.62322087547837,36.296560780383686,25
insurance_autobi_loss,random,modest_positive,8,rf,tuned,"{'max_features': 'sqrt', 'min_samples_leaf': 20}",3.059028180025734,5.542377025754716,21.15597938512374,69.07309964461028,30.628334952686973,25
insurance_autobi_loss,random,modest_positive,8,extra,default,,3.4235393663356155,7.1710472415838105,24.290528653774736,71.9104242810575,37.81274767809522,25
insurance_autobi_loss,random,modest_positive,8,extra,tuned,"{'max_features': 'sqrt', 'min_samples_leaf': 20}",3.0455972864653975,5.532415143798759,21.141469823888734,69.04169678809718,30.77402466669521,25
insurance_autobi_loss,random,modest_positive,8,hgb,default,,3.801416161682039,6.438191572186992,21.961840890277156,70.20381925292955,32.58010519076092,25
insurance_autobi_loss,random,modest_positive,8,hgb,tuned,"{'learning_rate': 0.03, 'max_leaf_nodes': 15, 'min_samples_leaf': 50}",3.6637933488490524,5.989594451109303,21.458252280279858,69.32545264841687,30.82521120797435,25
insurance_autobi_loss,random,modest_positive,9,rf,default,,3.1540409478229368,5.533552842874748,18.681469941630972,58.67426112850834,30.645606667995462,26
insurance_autobi_loss,random,modest_positive,9,rf,tuned,"{'max_features': 'sqrt', 'min_samples_leaf': 20}",3.1472863115575245,5.477342085371347,18.121633709678445,57.80718390902205,29.59497599406293,26
insurance_autobi_loss,random,modest_positive,9,extra,default,,3.2669131053974376,5.6929014482673415,18.6707759003991,58.01368362193309,31.470963920940168,26
insurance_autobi_loss,random,modest_positive,9,extra,tuned,"{'max_features': 'sqrt', 'min_samples_leaf': 20}",3.226332380596782,5.511278549076374,18.085631301371986,57.649684152304964,29.441680003037586,26
insurance_autobi_loss,random,modest_positive,9,hgb,default,,3.5990131859173142,5.815123615641928,18.496403751709146,58.03839818711602,29.92188561069241,26
insurance_autobi_loss,random,modest_positive,9,hgb,tuned,"{'learning_rate': 0.03, 'max_leaf_nodes': 15, 'min_samples_leaf': 20}",3.561439380290117,5.756495641281587,18.474284809723358,58.094640588552615,30.233649593819994,26
insurance_autobi_loss,random,modest_positive,10,rf,default,,3.7809481099215816,5.803305175607597,16.838470379403386,47.43043826793235,24.669028105923267,26
insurance_autobi_loss,random,modest_positive,10,rf,tuned,"{'max_features': 'sqrt', 'min_samples_leaf': 20}",3.273793998326445,5.105287604316989,15.002984739629202,47.41762943674625,25.03334630971255,26
insurance_autobi_loss,random,modest_positive,10,extra,default,,3.8883069580072016,6.036694536138459,17.996695319116228,47.989778193911135,26.445538108974347,26
insurance_autobi_loss,random,modest_positive,10,extra,tuned,"{'max_features': 0.5, 'min_samples_leaf': 1}",3.937495107724003,5.744627620591048,16.42072456112237,47.75188051205112,25.918888258547003,26
insurance_autobi_loss,random,modest_positive,10,hgb,default,,4.343936586854661,5.9511902833702806,16.051164398214855,48.34498789063798,24.85353055442477,26
insurance_autobi_loss,random,modest_positive,10,hgb,tuned,"{'learning_rate': 0.03, 'max_leaf_nodes': 15, 'min_samples_leaf': 50}",4.318800260132976,5.6397474049973235,15.512114059720814,47.349814305108396,23.831893451316454,26
insurance_autobi_loss,random,modest_positive,11,rf,default,,3.3705403683835153,7.043275110315667,20.88076235736395,55.127017022098755,35.19928709516609,33
insurance_autobi_loss,random,modest_positive,11,rf,tuned,"{'max_features': 'sqrt', 'min_samples_leaf': 1}",3.222272536564974,6.9466004027780865,20.29710556451887,55.33348959013815,35.645906355150494,33
insurance_autobi_loss,random,modest_positive,11,extra,default,,3.2527869270803462,7.073268756003253,21.781951805500057,55.15603146146918,35.959829764309774,33
insurance_autobi_loss,random,modest_positive,11,extra,tuned,"{'max_features': 'sqrt', 'min_samples_leaf': 20}",2.943355314423934,6.365899191407637,19.010663930156408,54.07559547501101,34.06103403192973,33
insurance_autobi_loss,random,modest_positive,11,hgb,default,,3.8761423452403987,6.963022116307123,19.89000546492782,55.70430755838469,36.16838747636518,33
insurance_autobi_loss,random,modest_positive,11,hgb,tuned,"{'learning_rate': 0.1, 'max_leaf_nodes': 15, 'min_samples_leaf': 50}",3.8390146993116456,7.026402110766699,19.6782870136407,55.166787456079994,35.56967085919339,33
insurance_autobi_loss,random,modest_positive,12,rf,default,,3.025429753828677,5.130372426413017,12.491052049514881,35.8707944762934,23.836910821326814,13
insurance_autobi_loss,random,modest_positive,12,rf,tuned,"{'max_features': 'sqrt', 'min_samples_leaf': 20}",3.4544384461700908,4.326625475541985,8.676025007749478,35.57311376913482,22.768077981689693,13
insurance_autobi_loss,random,modest_positive,12,extra,default,,2.6989708392332608,5.022484639109158,13.77662296632852,35.06279496460399,24.999085128205124,13
insurance_autobi_loss,random,modest_positive,12,extra,tuned,"{'max_features': 'sqrt', 'min_samples_leaf': 20}",3.5453490920650177,4.419853856382382,8.762744280166913,35.79787402811569,23.082480829025222,13
insurance_autobi_loss,random,modest_positive,12,hgb,default,,3.9591705347433432,5.076104327540367,10.22791881517489,36.47293970174918,22.95306169892351,13
insurance_autobi_loss,random,modest_positive,12,hgb,tuned,"{'learning_rate': 0.03, 'max_leaf_nodes': 15, 'min_samples_leaf': 50}",4.077732776171928,4.818563969113703,9.457997640907331,35.44349497772894,21.38891031578621,13
insurance_autobi_loss,random,modest_positive,13,rf,default,,3.8791992689623025,7.278568945375223,21.183170078287645,65.33303366388279,45.046632771162955,26
insurance_autobi_loss,random,modest_positive,13,rf,tuned,"{'max_features': 0.5, 'min_samples_leaf': 1}",3.782584177434864,7.247752088139467,21.205564864201833,65.53304919345548,45.43251355345065,26
insurance_autobi_loss,random,modest_positive,13,extra,default,,3.8710715009882386,7.314670755172518,21.167014590029698,65.39087180963531,45.80288106837607,26
insurance_autobi_loss,random,modest_positive,13,extra,tuned,"{'max_features': 'sqrt', 'min_samples_leaf': 1}",3.9411836019154785,7.389393688453522,21.23511345830979,65.60545379999019,46.0592605042735,26
insurance_autobi_loss,random,modest_positive,13,hgb,default,,3.850431056427856,6.975091601385228,20.63299560924299,64.76845765224938,42.75104410186285,26
insurance_autobi_loss,random,modest_positive,13,hgb,tuned,"{'learning_rate': 0.1, 'max_leaf_nodes': 15, 'min_samples_leaf': 50}",3.9021447024120266,6.967254656097892,20.43860047618225,64.29244945933654,42.33630398952066,26
insurance_autobi_loss,random,modest_positive,14,rf,default,,4.016130091998379,7.266840492195898,22.405892807584358,66.97255860638262,29.898317161954196,22
insurance_autobi_loss,random,modest_positive,14,rf,tuned,"{'max_features': 'sqrt', 'min_samples_leaf': 20}",3.257866330074481,5.164965355969684,19.19263483842219,66.44707774035692,28.72338106778756,22
insurance_autobi_loss,random,modest_positive,14,extra,default,,3.4129407119148185,6.404096452293739,21.280441489477216,66.8026555921286,29.27833577272726,22
insurance_autobi_loss,random,modest_positive,14,extra,tuned,"{'max_features': 'sqrt', 'min_samples_leaf': 20}",3.259895157583988,5.186990554695888,19.187146669029374,66.44499284979835,29.016250280238772,22
insurance_autobi_loss,random,modest_positive,14,hgb,default,,3.9659093447474882,6.373561821737085,20.25047318486654,66.73804142190053,29.33433226220636,22
insurance_autobi_loss,random,modest_positive,14,hgb,tuned,"{'learning_rate': 0.03, 'max_leaf_nodes': 15, 'min_samples_leaf': 20}",3.7547165771363575,5.9887338844180045,19.950547388053813,66.5210372248924,29.27552673752549,22
insurance_autobi_loss,random,modest_positive,15,rf,default,,3.1496695556368515,8.077855589625923,28.83407128755627,73.62150073400623,39.92661302725142,41
insurance_autobi_loss,random,modest_positive,15,rf,tuned,"{'max_features': 'sqrt', 'min_samples_leaf': 20}",2.642314502297038,7.984027591340566,28.893634091324643,74.34383946834437,41.28110516914414,41
insurance_autobi_loss,random,modest_positive,15,extra,default,,3.3191552146512975,8.272915592988412,28.998148602750103,73.63180422917081,40.460112463414625,41
insurance_autobi_loss,random,modest_positive,15,extra,tuned,"{'max_features': 'sqrt', 'min_samples_leaf': 20}",2.6792403506371185,8.003208377260744,28.869554023704374,74.27198615494042,41.21235140313398,41
insurance_autobi_loss,random,modest_positive,15,hgb,default,,3.4054676047056405,8.305835086631078,28.94765728072277,74.18428166809898,40.77586550273139,41
insurance_autobi_loss,random,modest_positive,15,hgb,tuned,"{'learning_rate': 0.03, 'max_leaf_nodes': 15, 'min_samples_leaf': 50}",3.0549714810643405,8.035272010111077,28.799857540311052,73.97177681377441,40.620645481480615,41
insurance_autobi_loss,random,modest_positive,16,rf,default,,4.377155335052295,8.12567046048405,24.813548799547824,68.14999097424122,34.68255754614067,26
insurance_autobi_loss,random,modest_positive,16,rf,tuned,"{'max_features': 'sqrt', 'min_samples_leaf': 20}",3.164784542504809,5.876040762046321,20.99708228134535,67.23074744760511,33.73040656468508,26
insurance_autobi_loss,random,modest_positive,16,extra,default,,4.173151451100206,7.9774414575794514,25.530048245468926,68.67986636575473,35.39297244871793,26
insurance_autobi_loss,random,modest_positive,16,extra,tuned,"{'max_features': 'sqrt', 'min_samples_leaf': 20}",3.2929024495651418,5.98036457754888,20.99511470538561,67.17585604814761,33.744652310168064,26
insurance_autobi_loss,random,modest_positive,16,hgb,default,,4.384053257826068,7.053171737469208,21.923211698619866,67.49354814327015,34.097355784875035,26
insurance_autobi_loss,random,modest_positive,16,hgb,tuned,"{'learning_rate': 0.03, 'max_leaf_nodes': 15, 'min_samples_leaf': 50}",4.15847143222611,6.4805698598976935,21.31426435215579,67.12483779293663,33.38461869280803,26
insurance_autobi_loss,random,modest_positive,17,rf,default,,3.4155140414044376,5.892010712721084,14.978912085901687,37.75450424783949,26.23166855451646,21
insurance_autobi_loss,random,modest_positive,17,rf,tuned,"{'max_features': 'sqrt', 'min_samples_leaf': 20}",3.590928006314371,4.598227827621294,9.292259037749846,30.48980109433196,17.9632420184783,21
insurance_autobi_loss,random,modest_positive,17,extra,default,,3.4644909290907173,5.8315266194572635,15.320997629292904,35.947374636355576,25.760993809523814,21
insurance_autobi_loss,random,modest_positive,17,extra,tuned,"{'max_features': 'sqrt', 'min_samples_leaf': 20}",3.6665115179118684,4.6684162072818935,9.299027622082376,30.404539490618436,17.969748249954648,21
insurance_autobi_loss,random,modest_positive,17,hgb,default,,4.41604723764748,5.58621893400469,11.278349039977881,32.70833785067737,21.969916195735994,21
insurance_autobi_loss,random,modest_positive,17,hgb,tuned,"{'learning_rate': 0.03, 'max_leaf_nodes': 15, 'min_samples_leaf': 50}",4.4221064911516645,5.197136212665075,10.182037330406793,30.578362596659854,19.090129608415776,21
insurance_autobi_loss,random,modest_positive,18,rf,default,,4.3950109098740535,6.2310816511749785,13.748742297273093,26.977488117530275,20.81585198882744,32
insurance_autobi_loss,random,modest_positive,18,rf,tuned,"{'max_features': 'sqrt', 'min_samples_leaf': 1}",3.957332491997705,5.893405904050184,13.239728997018268,27.84317663932098,21.872496220981567,32
insurance_autobi_loss,random,modest_positive,18,extra,default,,3.880870480974951,6.076677681913326,14.445177978027859,28.170214882247965,22.31456560416668,32
insurance_autobi_loss,random,modest_positive,18,extra,tuned,"{'max_features': 'sqrt', 'min_samples_leaf': 20}",3.4170588631250722,4.961276853945933,9.485631627194767,25.93947093765168,18.485282681451814,32
insurance_autobi_loss,random,modest_positive,18,hgb,default,,4.478127192383485,5.637845133315845,10.81398551635714,26.028345835640707,18.85315438696008,32
insurance_autobi_loss,random,modest_positive,18,hgb,tuned,"{'learning_rate': 0.03, 'max_leaf_nodes': 15, 'min_samples_leaf': 50}",4.368411505120972,5.391465600210405,10.17812333122565,25.532677390187576,17.805046669216573,32
insurance_autobi_loss,random,modest_positive,19,rf,default,,3.66074078029499,6.059827456209184,15.875479720910116,46.995859065001966,30.567271906882887,22
insurance_autobi_loss,random,modest_positive,19,rf,tuned,"{'max_features': 'sqrt', 'min_samples_leaf': 20}",3.282631099610597,5.252449834517911,13.752328492656906,46.8718223807753,29.28036570906103,22
insurance_autobi_loss,random,modest_positive,19,extra,default,,2.9942719143019922,5.517407408483053,15.273229328669576,47.63338383699034,31.559263813852816,22
insurance_autobi_loss,random,modest_positive,19,extra,tuned,"{'max_features': 'sqrt', 'min_samples_leaf': 20}",3.358098446028382,5.266241004605684,13.658638450909034,46.53101166470309,29.11008159734454,22
insurance_autobi_loss,random,modest_positive,19,hgb,default,,4.852489660546523,6.723107343304385,15.507967578468,47.92019131208119,30.516600657764346,22
insurance_autobi_loss,random,modest_positive,19,hgb,tuned,"{'learning_rate': 0.03, 'max_leaf_nodes': 15, 'min_samples_leaf': 50}",4.920660630200728,6.37016383787368,14.952608729181957,47.89486730940409,30.588600719536142,22
insurance_autobi_loss,random,modest_positive,20,rf,default,,2.8067423852491116,5.516754096984609,20.54045670300002,56.22414200947263,24.81070993647626,33
insurance_autobi_loss,random,modest_positive,20,rf,tuned,"{'max_features': 'sqrt', 'min_samples_leaf': 20}",2.898216346785472,5.439405634720261,20.077315549291033,57.13437247825886,25.145641294851668,33
insurance_autobi_loss,random,modest_positive,20,extra,default,,2.9171138491069524,5.766467270277343,20.84737744404978,56.741650962697484,26.199380932659942,33
insurance_autobi_loss,random,modest_positive,20,extra,tuned,"{'max_features': 'sqrt', 'min_samples_leaf': 20}",2.9885408014187598,5.475704500641824,20.04249587065822,56.99555587742944,25.06781215630059,33
insurance_autobi_loss,random,modest_positive,20,hgb,default,,3.0647423290820903,5.518419830690891,20.26307614375338,57.003391276991145,24.997650669757398,33
insurance_autobi_loss,random,modest_positive,20,hgb,tuned,"{'learning_rate': 0.03, 'max_leaf_nodes': 15, 'min_samples_leaf': 20}",3.0560369015107005,5.4546176110563565,20.21898971333672,57.015413791292026,24.9511406573779,33
insurance_autobi_loss,random,modest_positive,21,rf,default,,3.6953827006846773,6.3796598132144196,14.922326012291318,26.88808744081722,19.51928127524548,21
insurance_autobi_loss,random,modest_positive,21,rf,tuned,"{'max_features': 'sqrt', 'min_samples_leaf': 1}",3.56639907198563,5.6231024731496895,13.042712231136317,27.529185435560642,20.07029739021891,21
insurance_autobi_loss,random,modest_positive,21,extra,default,,3.3243781465244,5.970160417378907,16.458694056850398,27.830871232582886,20.886017809523818,21
insurance_autobi_loss,random,modest_positive,21,extra,tuned,"{'max_features': 'sqrt', 'min_samples_leaf': 20}",3.8198346877549025,4.790502318429608,8.307524132102007,26.227498856603063,18.734454305175888,21
insurance_autobi_loss,random,modest_positive,21,hgb,default,,4.889119173022763,6.044437934129287,10.93156474812203,26.95229385514546,20.132672790186934,21
insurance_autobi_loss,random,modest_positive,21,hgb,tuned,"{'learning_rate': 0.03, 'max_leaf_nodes': 15, 'min_samples_leaf': 50}",4.63255879860188,5.502284792343843,9.564759955542904,26.527100666886202,19.24661934788312,21
insurance_autobi_loss,random,modest_positive,22,rf,default,,3.080153135087371,6.852530040949446,22.633846886616023,59.226356965719,24.982129116954702,23
insurance_autobi_loss,random,modest_positive,22,rf,tuned,"{'max_features': 'sqrt', 'min_samples_leaf': 20}",3.2939734480792695,4.887460110981412,17.36660854373464,58.632982578515325,24.286933416003205,23
insurance_autobi_loss,random,modest_positive,22,extra,default,,2.7571894401257127,6.212170464968898,22.41615090249873,59.539710392669654,26.377545048309177,23
insurance_autobi_loss,random,modest_positive,22,extra,tuned,"{'max_features': 'sqrt', 'min_samples_leaf': 20}",3.3503127495375167,4.971119432559685,17.369862570775382,58.63414068218586,24.395284095136113,23
insurance_autobi_loss,random,modest_positive,22,hgb,default,,3.761654140838879,5.9001728367243,18.543653551806948,58.69939490199043,24.65726607524692,23
insurance_autobi_loss,random,modest_positive,22,hgb,tuned,"{'learning_rate': 0.03, 'max_leaf_nodes': 15, 'min_samples_leaf': 50}",3.7660155159191113,5.253017178085343,17.674476173975684,58.24105798667848,23.18560707387909,23
insurance_autobi_loss,random,modest_positive,23,rf,default,,3.961166398167217,7.002950652896237,19.549724276694896,46.528120731748075,26.933085137578548,35
insurance_autobi_loss,random,modest_positive,23,rf,tuned,"{'max_features': 0.5, 'min_samples_leaf': 1}",3.86860117590828,6.657025409812477,18.676781898267723,46.24089621108215,26.237784542693678,35
insurance_autobi_loss,random,modest_positive,23,extra,default,,3.338313236924077,6.742723409597454,19.90838670228848,46.42086542730736,26.479517973696137,35
insurance_autobi_loss,random,modest_positive,23,extra,tuned,"{'max_features': 'sqrt', 'min_samples_leaf': 20}",3.13061302879757,5.608192310857866,16.491586313033313,45.23856069153316,24.413954147983876,35
insurance_autobi_loss,random,modest_positive,23,hgb,default,,3.4796086972401965,6.102210274385261,17.339434790194378,45.98811570453354,24.714144687950085,35
insurance_autobi_loss,random,modest_positive,23,hgb,tuned,"{'learning_rate': 0.03, 'max_leaf_nodes': 15, 'min_samples_leaf': 50}",3.4013240188160436,5.63965216279675,16.757813366485564,45.37171023103746,23.93473969360444,35
insurance_autobi_loss,random,modest_positive,24,rf,default,,3.16081693833333,6.125564420084931,16.469533105936062,37.16938617507843,23.908252889513964,26
insurance_autobi_loss,random,modest_positive,24,rf,tuned,"{'max_features': 'sqrt', 'min_samples_leaf': 20}",3.30261844417983,4.691745118846282,10.438335878646424,31.84021350706385,19.29421108273868,26
insurance_autobi_loss,random,modest_positive,24,extra,default,,3.4732172044572374,6.794176985406118,18.89459092943763,39.4396682551324,26.64694331135528,26
insurance_autobi_loss,random,modest_positive,24,extra,tuned,"{'max_features': 'sqrt', 'min_samples_leaf': 20}",3.3209418981351693,4.680997018563731,10.367375001081946,31.650242513565868,19.338876147463186,26
insurance_autobi_loss,random,modest_positive,24,hgb,default,,4.417373215758998,6.043787612084467,12.559386950990001,33.111551871818875,20.982493753883055,26
insurance_autobi_loss,random,modest_positive,24,hgb,tuned,"{'learning_rate': 0.03, 'max_leaf_nodes': 15, 'min_samples_leaf': 20}",4.166161653922377,5.766074135882553,12.226117930145548,32.80753491782713,20.54673934382254,26
insurance_autobi_loss,random,modest_positive,25,rf,default,,3.6890002131237742,6.648478001873991,22.26231545904271,57.14026348318471,26.121209110779905,36
insurance_autobi_loss,random,modest_positive,25,rf,tuned,"{'max_features': 'sqrt', 'min_samples_leaf': 20}",3.0531129435455866,5.7746098506468115,21.043545395798326,57.37626897311407,26.0038448486295,36
insurance_autobi_loss,random,modest_positive,25,extra,default,,3.5958567477456125,6.474288671463459,22.156161499392095,57.95291297013268,27.97270480555556,36
insurance_autobi_loss,random,modest_positive,25,extra,tuned,"{'max_features': 'sqrt', 'min_samples_leaf': 20}",3.1179644207186437,5.8693826347645714,21.07172167549134,57.44549668466494,26.23438069760494,36
insurance_autobi_loss,random,modest_positive,25,hgb,default,,4.075312902987386,6.663271231437068,21.602698298443297,57.35225316304555,26.58965440973629,36
insurance_autobi_loss,random,modest_positive,25,hgb,tuned,"{'learning_rate': 0.03, 'max_leaf_nodes': 15, 'min_samples_leaf': 50}",3.965003218041997,6.307964695609374,21.267745727270867,57.156740853378615,25.8791099086104,36
insurance_autobi_loss,random,modest_positive,26,rf,default,,3.391141306333515,5.427872329440104,12.54272814040802,23.67485706878153,16.423099432702475,25
insurance_autobi_loss,random,modest_positive,26,rf,tuned,"{'max_features': 'sqrt', 'min_samples_leaf': 20}",3.5188704307283887,4.492446868465815,7.843505152574426,23.009912973789277,16.355339563376948,25
insurance_autobi_loss,random,modest_positive,26,extra,default,,3.7225936204709824,5.536900706145709,12.408335823176275,25.993521394562197,19.67138059999998,25
insurance_autobi_loss,random,modest_positive,26,extra,tuned,"{'max_features': 'sqrt', 'min_samples_leaf': 20}",3.48863911484301,4.488496386593247,7.832060525072214,23.052891375028953,16.543797596286396,25
insurance_autobi_loss,random,modest_positive,26,hgb,default,,4.5621104809679105,5.528647819752505,9.861491202800842,23.380514907767846,16.6184681642431,25
insurance_autobi_loss,random,modest_positive,26,hgb,tuned,"{'learning_rate': 0.03, 'max_leaf_nodes': 15, 'min_samples_leaf': 20}",4.365044393640171,5.308574605390686,9.556570492361466,23.4670043916966,16.65253379075991,25
insurance_autobi_loss,random,modest_positive,27,rf,default,,3.4070136014899495,6.95789752764724,18.494051142911907,45.50156646724883,26.049815396933617,20
insurance_autobi_loss,random,modest_positive,27,rf,tuned,"{'max_features': 'sqrt', 'min_samples_leaf': 20}",3.2044549953103334,4.523607476119388,12.112044332655756,42.86197111684218,22.90760380345149,20
insurance_autobi_loss,random,modest_positive,27,extra,default,,2.775773835973651,6.202278940035268,18.636713119278056,46.25356071476001,27.686369624999962,20
insurance_autobi_loss,random,modest_positive,27,extra,tuned,"{'max_features': 'sqrt', 'min_samples_leaf': 20}",3.276841177778843,4.60168697030294,12.051400406621138,42.62825988053035,22.943734831942397,20
insurance_autobi_loss,random,modest_positive,27,hgb,default,,3.959304249230139,5.805720938180226,14.160224569088697,44.11012217276709,24.580409345938428,20
insurance_autobi_loss,random,modest_positive,27,hgb,tuned,"{'learning_rate': 0.03, 'max_leaf_nodes': 15, 'min_samples_leaf': 50}",3.8489905667307927,5.038348657354841,12.886190560585653,43.235449969578646,23.427581196542288,20
insurance_autobi_loss,random,modest_positive,28,rf,default,,2.8398642004233494,4.665524203630397,10.879798082435375,19.891871550648276,14.903035175782701,31
insurance_autobi_loss,random,modest_positive,28,rf,tuned,"{'max_features': 'sqrt', 'min_samples_leaf': 1}",2.8344063175149063,4.600665228117992,10.68833930204238,21.571740452926335,16.44313525440229,31
insurance_autobi_loss,random,modest_positive,28,extra,default,,3.0177481929003576,5.005483781022599,12.22980988959063,20.944024857876784,16.404774157706104,31
insurance_autobi_loss,random,modest_positive,28,extra,tuned,"{'max_features': 0.5, 'min_samples_leaf': 1}",3.0343520465610987,4.820951863033182,11.160383925834942,20.819673506332354,16.328491702508966,31
insurance_autobi_loss,random,modest_positive,28,hgb,default,,3.6826689586201167,4.697173831713889,8.728855469065236,18.662922525961363,13.488191928942417,31
insurance_autobi_loss,random,modest_positive,28,hgb,tuned,"{'learning_rate': 0.03, 'max_leaf_nodes': 15, 'min_samples_leaf': 50}",3.6336307906846645,4.467735803335393,8.026393893407139,18.803162579180636,13.348109664341582,31
insurance_autobi_loss,random,modest_positive,29,rf,default,,3.20283782673904,6.916083291325808,24.568171901207847,69.35908915001485,34.83095345410564,31
insurance_autobi_loss,random,modest_positive,29,rf,tuned,"{'max_features': 'sqrt', 'min_samples_leaf': 20}",2.875440277167041,6.3458514656146505,23.566960947317497,69.41576684804329,35.001069497220385,31
insurance_autobi_loss,random,modest_positive,29,extra,default,,3.407975781278097,6.64387383199605,24.013053440091586,69.31356540676234,35.95692606758833,31
insurance_autobi_loss,random,modest_positive,29,extra,tuned,"{'max_features': 'sqrt', 'min_samples_leaf': 20}",2.9054380791039707,6.3632723231916755,23.582680444797667,69.4620404470219,35.1779685430828,31
insurance_autobi_loss,random,modest_positive,29,hgb,default,,3.5278850455922273,6.915606583801865,24.101332192338912,69.79644687200799,34.731355480219996,31
insurance_autobi_loss,random,modest_positive,29,hgb,tuned,"{'learning_rate': 0.03, 'max_leaf_nodes': 15, 'min_samples_leaf': 50}",3.5719154372849293,6.661513345389955,23.689810780136263,69.14999887667281,34.078837597480316,31
insurance_autobi_loss,random,modest_positive,30,rf,default,,4.466592935953974,6.672197071515385,14.790833779043108,22.046363893610177,14.874516178076542,30
insurance_autobi_loss,random,modest_positive,30,rf,tuned,"{'max_features': 'sqrt', 'min_samples_leaf': 20}",3.7058863119918612,4.769933850213625,8.553396783045203,23.17034407927003,15.705116767170272,30
insurance_autobi_loss,random,modest_positive,30,extra,default,,5.005817080442508,6.965543824728181,15.657743136144733,23.679251302764886,17.316481101851846,30
insurance_autobi_loss,random,modest_positive,30,extra,tuned,"{'max_features': 'sqrt', 'min_samples_leaf': 20}",3.7676076559108265,4.793931736665114,8.61643081582546,23.302662981320385,15.718586709544926,30
insurance_autobi_loss,random,modest_positive,30,hgb,default,,4.976218663760698,6.169186655698668,10.92449152340999,23.07762116629403,16.119606878100715,30
insurance_autobi_loss,random,modest_positive,30,hgb,tuned,"{'learning_rate': 0.03, 'max_leaf_nodes': 15, 'min_samples_leaf': 50}",5.029423006446807,5.708766931458291,9.64395561441479,22.628539169011134,15.589086768132294,30
fremtpl2_severity_raw,random,rescue_tie,1,rf,default,,1650.8792160838182,4288.158425766667,45453.45198661421,140817.50777782366,22905.36955228758,102
fremtpl2_severity_raw,random,rescue_tie,1,rf,tuned,"{'max_features': 1.0, 'min_samples_leaf': 5}",1488.6022519130204,3837.282686859309,45208.55028335088,140820.52696040896,22727.528753020037,102
fremtpl2_severity_raw,random,rescue_tie,1,extra,default,,1874.6642815754424,4829.408669066666,46608.8089541058,140601.44068902632,22538.865330065357,102
fremtpl2_severity_raw,random,rescue_tie,1,extra,tuned,"{'max_features': 'sqrt', 'min_samples_leaf': 1}",1589.0277018013205,4138.698167166667,45480.3482096732,140697.76562529066,22652.517505882348,102
fremtpl2_severity_raw,random,rescue_tie,1,hgb,default,,2710.2074854702823,5424.247765122292,45602.10220726321,140471.26969595117,24774.7682188586,102
fremtpl2_severity_raw,random,rescue_tie,1,hgb,tuned,"{'learning_rate': 0.03, 'max_leaf_nodes': 15, 'min_samples_leaf': 20}",2135.7127146237895,4805.819831496343,45674.36901689178,141233.90893814593,24195.66465924615,102
fremtpl2_severity_raw,random,rescue_tie,2,rf,default,,1662.329509098395,3608.571902333334,14164.780932668706,33575.847568404286,11939.032319927535,92
fremtpl2_severity_raw,random,rescue_tie,2,rf,tuned,"{'max_features': 1.0, 'min_samples_leaf': 5}",1491.1006136297833,3409.173210835248,14919.194015314672,33296.35911043918,11659.388917968294,92
fremtpl2_severity_raw,random,rescue_tie,2,extra,default,,2107.3789024379216,4735.281839266667,19344.871216828396,36620.613822817606,13936.129918840577,92
fremtpl2_severity_raw,random,rescue_tie,2,extra,tuned,"{'max_features': 'sqrt', 'min_samples_leaf': 1}",1859.5502163428698,3877.873525466667,15087.190180684143,34609.521528761754,12622.966710869567,92
fremtpl2_severity_raw,random,rescue_tie,2,hgb,default,,2824.423328163599,5693.406006375324,23299.202255265816,35081.58129757681,13928.072345212691,92
fremtpl2_severity_raw,random,rescue_tie,2,hgb,tuned,"{'learning_rate': 0.03, 'max_leaf_nodes': 15, 'min_samples_leaf': 20}",2068.9800199084784,4937.145990243585,22352.857538855766,35308.315924721064,13263.356500157664,92
fremtpl2_severity_raw,random,rescue_tie,3,rf,default,,1709.73818417766,5215.079633733334,60905.992393835855,192118.48704268318,34823.46251733334,100
fremtpl2_severity_raw,random,rescue_tie,3,rf,tuned,"{'max_features': 'sqrt', 'min_samples_leaf': 20}",1612.89652086122,4842.622823242184,60770.363157902844,192093.19188642057,34864.438422008505,100
fremtpl2_severity_raw,random,rescue_tie,3,extra,default,,1769.3446771432245,5231.6336077333335,60898.08240072583,192098.87572904912,34632.20470733334,100
fremtpl2_severity_raw,random,rescue_tie,3,extra,tuned,"{'max_features': 'sqrt', 'min_samples_leaf': 20}",1548.0367183644407,4813.236168532609,60773.0978276629,192113.98496986442,34874.291849327725,100
fremtpl2_severity_raw,random,rescue_tie,3,hgb,default,,2275.3268346421037,5575.640760700656,60737.69021286875,191713.96991163483,35076.51756466948,100
fremtpl2_severity_raw,random,rescue_tie,3,hgb,tuned,"{'learning_rate': 0.03, 'max_leaf_nodes': 15, 'min_samples_leaf': 50}",2006.3715772185415,5232.8402833413975,60767.970081908665,191965.30608616633,35071.03651688341,100
fremtpl2_severity_raw,random,rescue_tie,4,rf,default,,1701.5038833044255,3151.9783797666673,11442.541111485927,19312.849013772,8427.773570370371,99
fremtpl2_severity_raw,random,rescue_tie,4,rf,tuned,"{'max_features': 1.0, 'min_samples_leaf': 5}",1579.9273742772239,2963.8584679859396,10395.918727012002,19806.856286239716,8591.510316593523,99
fremtpl2_severity_raw,random,rescue_tie,4,extra,default,,2088.7925295963355,3890.148215966667,14874.289978364619,23287.54050853608,10594.87190909091,99
fremtpl2_severity_raw,random,rescue_tie,4,extra,tuned,"{'max_features': 'sqrt', 'min_samples_leaf': 1}",1743.9067373772234,3515.646797766666,15207.733820405396,23901.899333142766,9753.12375925926,99
fremtpl2_severity_raw,random,rescue_tie,4,hgb,default,,3052.870307412204,5405.482401918468,20269.92819956262,21854.00079246862,11170.963187635989,99
fremtpl2_severity_raw,random,rescue_tie,4,hgb,tuned,"{'learning_rate': 0.03, 'max_leaf_nodes': 15, 'min_samples_leaf': 20}",2268.4137171663215,4661.209512066245,19753.05758761356,20942.794250833034,10153.877385804242,99
fremtpl2_severity_raw,random,rescue_tie,5,rf,default,,1566.6053487004635,4458.281669666665,23339.97549516137,37771.87359643174,14701.57303861386,101
fremtpl2_severity_raw,random,rescue_tie,5,rf,tuned,"{'max_features': 1.0, 'min_samples_leaf': 5}",1453.337694538401,3396.563434755021,14854.825811943656,36689.39749705663,13910.51791489407,101
fremtpl2_severity_raw,random,rescue_tie,5,extra,default,,1804.7854768425482,4727.823899533333,23173.36467098658,43335.16079408414,15858.897975907592,101
fremtpl2_severity_raw,random,rescue_tie,5,extra,tuned,"{'max_features': 'sqrt', 'min_samples_leaf': 1}",1703.4314542225104,3718.0953610666675,14516.681833741812,38969.60334378022,15101.783865676565,101
fremtpl2_severity_raw,random,rescue_tie,5,hgb,default,,2619.951368746864,4783.625978980547,17777.59883089029,37124.16239795826,14238.702717404512,101
fremtpl2_severity_raw,random,rescue_tie,5,hgb,tuned,"{'learning_rate': 0.03, 'max_leaf_nodes': 15, 'min_samples_leaf': 20}",2202.113775693306,4232.403083596162,16370.840303572199,37134.87638057601,14206.51450435992,101
fremtpl2_severity_raw,random,rescue_tie,6,rf,default,,1807.4863920819369,3817.6211920333335,16210.868017040126,35913.37358231066,13332.066502380954,112
fremtpl2_severity_raw,random,rescue_tie,6,rf,tuned,"{'max_features': 1.0, 'min_samples_leaf': 5}",1611.7964860589973,3560.0830637287354,15116.29679868669,35844.06885106947,13680.92120208521,112
fremtpl2_severity_raw,random,rescue_tie,6,extra,default,,1831.19015584236,3908.3026470666673,14786.211406309045,36604.71789352478,13924.56384345238,112
fremtpl2_severity_raw,random,rescue_tie,6,extra,tuned,"{'max_features': 'sqrt', 'min_samples_leaf': 1}",1670.4377096990495,3452.9439096666674,13621.10791611967,37452.43098435525,14466.587532738095,112
fremtpl2_severity_raw,random,rescue_tie,6,hgb,default,,2782.8528978742324,5459.495818253866,20859.528598910103,38404.60087137333,16313.301597153699,112
fremtpl2_severity_raw,random,rescue_tie,6,hgb,tuned,"{'learning_rate': 0.03, 'max_leaf_nodes': 15, 'min_samples_leaf': 20}",2265.667657130256,4799.801440901649,20158.909040017366,37962.56074274199,15598.634326204809,112
fremtpl2_severity_raw,random,rescue_tie,7,rf,default,,1822.869472834645,4895.452551300002,45810.51775426615,130931.95867377029,20694.903088135594,118
fremtpl2_severity_raw,random,rescue_tie,7,rf,tuned,"{'max_features': 1.0, 'min_samples_leaf': 5}",1672.3662933625624,4465.03378391967,45743.22920992739,130823.54223242932,19940.230071179616,118
fremtpl2_severity_raw,random,rescue_tie,7,extra,default,,1948.7914020792132,4694.318454700001,45676.33730602869,130623.54325596734,20113.537808757068,118
fremtpl2_severity_raw,random,rescue_tie,7,extra,tuned,"{'max_features': 'sqrt', 'min_samples_leaf': 1}",1732.2811784062778,4262.6147858,45521.381701774735,130855.40821594335,20396.766140960455,118
fremtpl2_severity_raw,random,rescue_tie,7,hgb,default,,2738.6187524290526,5297.436818636216,45703.53761884274,131169.00430584457,20806.783238242468,118
fremtpl2_severity_raw,random,rescue_tie,7,hgb,tuned,"{'learning_rate': 0.03, 'max_leaf_nodes': 15, 'min_samples_leaf': 20}",2171.934410325242,4738.337012042044,45550.110429878856,131011.17327749488,20504.039817307275,118
fremtpl2_severity_raw,random,rescue_tie,8,rf,default,,1827.7103744506824,3780.6505687000003,14772.147667592326,31672.788987592045,11572.332270284238,129
fremtpl2_severity_raw,random,rescue_tie,8,rf,tuned,"{'max_features': 1.0, 'min_samples_leaf': 5}",1592.14714559981,3533.561175931003,14523.295030669104,31672.519756371126,11682.814027290424,129
fremtpl2_severity_raw,random,rescue_tie,8,extra,default,,1959.3538316647575,3629.400614766667,13014.3499601012,31783.517251345293,11452.64028397933,129
fremtpl2_severity_raw,random,rescue_tie,8,extra,tuned,"{'max_features': 'sqrt', 'min_samples_leaf': 1}",1795.182217407087,3284.5305788,12542.282387333282,31657.720783546105,11540.972074677002,129
fremtpl2_severity_raw,random,rescue_tie,8,hgb,default,,2699.1276655602414,4831.271960820127,17549.90220683236,32570.433043834662,12708.746413090685,129
fremtpl2_severity_raw,random,rescue_tie,8,hgb,tuned,"{'learning_rate': 0.03, 'max_leaf_nodes': 15, 'min_samples_leaf': 20}",2210.4005982442663,4279.405034799129,16889.111688659843,32157.452565580017,12292.314827227774,129
fremtpl2_severity_raw,random,rescue_tie,9,rf,default,,1862.061583221706,4132.840046533335,30680.80134337135,23201.00361635904,8616.992552976191,112
fremtpl2_severity_raw,random,rescue_tie,9,rf,tuned,"{'max_features': 1.0, 'min_samples_leaf': 5}",1668.5235676493794,3297.047528694598,12883.822228743691,25112.554006301656,9507.853551062042,112
fremtpl2_severity_raw,random,rescue_tie,9,extra,default,,2180.858572499811,4701.464512166667,23604.387098613155,30741.730944561546,11022.805916071427,112
fremtpl2_severity_raw,random,rescue_tie,9,extra,tuned,"{'max_features': 'sqrt', 'min_samples_leaf': 1}",1868.0170076311995,3715.396355733334,17690.552117646523,26711.895966907177,9889.061773809526,112
fremtpl2_severity_raw,random,rescue_tie,9,hgb,default,,2913.473871780823,4704.784154248758,13901.071532101163,25474.139833042922,10739.25991381156,112
fremtpl2_severity_raw,random,rescue_tie,9,hgb,tuned,"{'learning_rate': 0.03, 'max_leaf_nodes': 15, 'min_samples_leaf': 20}",2489.709367016023,4182.069455443269,13290.136651431136,25120.63560554762,9961.72652190352,112
fremtpl2_severity_raw,random,rescue_tie,10,rf,default,,1752.1378016101394,4399.327816500001,42892.320231330414,126338.25751304248,22694.21074152047,114
fremtpl2_severity_raw,random,rescue_tie,10,rf,tuned,"{'max_features': 1.0, 'min_samples_leaf': 20}",1562.7418879979546,4096.475227186893,42390.06678566586,125101.27596261272,22399.231160352712,114
fremtpl2_severity_raw,random,rescue_tie,10,extra,default,,1845.1701584005996,4630.361001833333,43141.062499965934,126846.7297754852,23842.316967251463,114
fremtpl2_severity_raw,random,rescue_tie,10,extra,tuned,"{'max_features': 'sqrt', 'min_samples_leaf': 1}",1566.2658642250676,4249.138113400001,43094.984496033816,126753.7015708306,23379.89589561404,114
fremtpl2_severity_raw,random,rescue_tie,10,hgb,default,,2582.7912756151522,5067.252601818485,41505.53071260304,121952.56329778455,23340.321342656363,114
fremtpl2_severity_raw,random,rescue_tie,10,hgb,tuned,"{'learning_rate': 0.03, 'max_leaf_nodes': 15, 'min_samples_leaf': 20}",2068.4239369933644,4604.7061142210605,41288.882444157985,121483.23588643754,22833.242898797158,114
fremtpl2_severity_raw,random,rescue_tie,11,rf,default,,2035.5259914281437,5721.725926633333,48134.39734565517,134661.33241919594,22586.61565427728,113
fremtpl2_severity_raw,random,rescue_tie,11,rf,tuned,"{'max_features': 1.0, 'min_samples_leaf': 5}",1853.882758227176,5176.418208707804,46308.016318725386,134231.2146457671,22460.899566413904,113
fremtpl2_severity_raw,random,rescue_tie,11,extra,default,,2109.036871526049,5003.126335066667,46062.383806666774,133715.06137306322,21170.770672861363,113
fremtpl2_severity_raw,random,rescue_tie,11,extra,tuned,"{'max_features': 'sqrt', 'min_samples_leaf': 1}",1838.9251181664113,4285.095618666667,45201.01089041922,133579.33662913062,20994.95117669617,113
fremtpl2_severity_raw,random,rescue_tie,11,hgb,default,,2881.55984324081,6286.796847583525,47407.76846492132,136272.45580217493,23675.18621935392,113
fremtpl2_severity_raw,random,rescue_tie,11,hgb,tuned,"{'learning_rate': 0.03, 'max_leaf_nodes': 15, 'min_samples_leaf': 20}",2306.9954902477907,5567.879876417376,46950.78132960707,135977.26129156674,22884.570151957843,113
fremtpl2_severity_raw,random,rescue_tie,12,rf,default,,1703.3655062908729,3472.2436065333336,14348.93747082072,35519.05373581366,11216.11311101449,115
fremtpl2_severity_raw,random,rescue_tie,12,rf,tuned,"{'max_features': 1.0, 'min_samples_leaf': 5}",1505.4961750449127,3146.7218734678495,13763.66490210505,35428.074797062414,11024.709388175588,115
fremtpl2_severity_raw,random,rescue_tie,12,extra,default,,1712.8121219836337,3147.5581407666673,13850.868071305555,35529.75869907246,11094.533790434783,115
fremtpl2_severity_raw,random,rescue_tie,12,extra,tuned,"{'max_features': 'sqrt', 'min_samples_leaf': 1}",1496.4885061341245,2743.7651602666674,12807.170872753213,35525.73729772456,11051.808333333334,115
fremtpl2_severity_raw,random,rescue_tie,12,hgb,default,,2663.3608137330393,4639.719034415704,15862.993373188583,37077.604031453564,13368.213269391148,115
fremtpl2_severity_raw,random,rescue_tie,12,hgb,tuned,"{'learning_rate': 0.03, 'max_leaf_nodes': 15, 'min_samples_leaf': 20}",2428.5635248119747,4200.760886328627,15275.561237123295,36825.589256922816,12855.73724825745,115
fremtpl2_severity_raw,random,rescue_tie,13,rf,default,,1736.6689978382465,5551.487116933334,60900.64297540099,187702.6745762542,32252.185255128206,104
fremtpl2_severity_raw,random,rescue_tie,13,rf,tuned,"{'max_features': 'sqrt', 'min_samples_leaf': 20}",1695.0141350060892,4728.2354824985605,60472.62902168508,187425.4679071906,31577.275404223343,104
fremtpl2_severity_raw,random,rescue_tie,13,extra,default,,1932.5250872805673,5304.924173200001,60631.71936688603,187459.99715773435,32030.006484935897,104
fremtpl2_severity_raw,random,rescue_tie,13,extra,tuned,"{'max_features': 'sqrt', 'min_samples_leaf': 20}",1625.1960295415568,4682.462476458447,60490.433767808834,187497.92951568935,31549.47923527002,104
fremtpl2_severity_raw,random,rescue_tie,13,hgb,default,,2479.3344370723703,5755.756394202592,60619.79247789011,187415.68996551976,32868.19312682011,104
fremtpl2_severity_raw,random,rescue_tie,13,hgb,tuned,"{'learning_rate': 0.03, 'max_leaf_nodes': 15, 'min_samples_leaf': 50}",2200.1196755166584,5296.900963122675,60518.16815252177,187369.5807569594,32259.73434576305,104
fremtpl2_severity_raw,random,rescue_tie,14,rf,default,,1765.6437318636608,5000.729691966667,46263.83718714379,142958.328410394,25846.608368627447,102
fremtpl2_severity_raw,random,rescue_tie,14,rf,tuned,"{'max_features': 1.0, 'min_samples_leaf': 5}",1640.3001990856178,4473.518626621822,46139.500578500905,142831.84739585707,24992.095755527804,102
fremtpl2_severity_raw,random,rescue_tie,14,extra,default,,1953.05408179811,4799.5220563,46594.34631860305,142729.47941506503,24582.786744117642,102
fremtpl2_severity_raw,random,rescue_tie,14,extra,tuned,"{'max_features': 1.0, 'min_samples_leaf': 5}",1799.874236553454,4308.692789137678,45783.18875820204,142721.60300457943,24991.60057136356,102
fremtpl2_severity_raw,random,rescue_tie,14,hgb,default,,2591.865302684451,5125.5332987107595,46208.446395986146,143589.92036242032,26048.549292975506,102
fremtpl2_severity_raw,random,rescue_tie,14,hgb,tuned,"{'learning_rate': 0.03, 'max_leaf_nodes': 15, 'min_samples_leaf': 20}",2241.1557641531467,4764.514862342871,46186.39964093041,143702.6904574947,25865.738233923606,102
fremtpl2_severity_raw,random,rescue_tie,15,rf,default,,1827.688497053332,4328.235486100001,24691.398935877798,29276.054313002052,13341.7630624031,86
fremtpl2_severity_raw,random,rescue_tie,15,rf,tuned,"{'max_features': 1.0, 'min_samples_leaf': 5}",1587.7773206512643,3944.7423502935653,15350.728428532835,31992.698943947482,14566.951192926654,86
fremtpl2_severity_raw,random,rescue_tie,15,extra,default,,2025.7982026748336,5374.698237933334,27364.335786543295,50461.305536085565,18051.20973759689,86
fremtpl2_severity_raw,random,rescue_tie,15,extra,tuned,"{'max_features': 'sqrt', 'min_samples_leaf': 1}",1816.244402196822,3778.680949066667,14650.155941336678,33624.582329980185,14831.904902325581,86
fremtpl2_severity_raw,random,rescue_tie,15,hgb,default,,3112.975061414609,6774.366074101118,25141.825380572474,30938.181516575383,14657.240193589301,86
fremtpl2_severity_raw,random,rescue_tie,15,hgb,tuned,"{'learning_rate': 0.03, 'max_leaf_nodes': 15, 'min_samples_leaf': 20}",2453.079602689364,6056.626274392089,23786.340445471596,30163.03887137929,14065.71348798462,86
fremtpl2_severity_raw,random,rescue_tie,16,rf,default,,1750.485167768986,4259.113665466668,27978.516985758644,42254.84929709962,15823.527444791665,96
fremtpl2_severity_raw,random,rescue_tie,16,rf,tuned,"{'max_features': 1.0, 'min_samples_leaf': 5}",1533.8404470034222,3692.1694738543088,16129.087652155018,42513.06817048914,16105.35645017378,96
fremtpl2_severity_raw,random,rescue_tie,16,extra,default,,1917.0625855668598,4693.618157233334,23707.882447922824,43538.45222001331,16466.616198263888,96
fremtpl2_severity_raw,random,rescue_tie,16,extra,tuned,"{'max_features': 'sqrt', 'min_samples_leaf': 1}",1713.0466423076193,4119.295694933334,18184.477468615263,42466.4301837572,15879.130836111113,96
fremtpl2_severity_raw,random,rescue_tie,16,hgb,default,,2721.1326912135282,4973.828060954168,17920.35845082398,45150.203160251156,17962.560031696445,96
fremtpl2_severity_raw,random,rescue_tie,16,hgb,tuned,"{'learning_rate': 0.03, 'max_leaf_nodes': 15, 'min_samples_leaf': 20}",2149.178940876483,4466.697177595738,18284.789168137624,45393.8154798961,17454.710728899674,96
fremtpl2_severity_raw,random,rescue_tie,17,rf,default,,1809.4308445493477,5934.935344933333,61495.70981724879,193334.81239277843,36904.382233000004,100
fremtpl2_severity_raw,random,rescue_tie,17,rf,tuned,"{'max_features': 1.0, 'min_samples_leaf': 5}",1503.6205202337612,5150.102648195712,61156.34450388291,193173.3669871833,36787.63203949589,100
fremtpl2_severity_raw,random,rescue_tie,17,extra,default,,1806.671491299812,5486.367183833333,61181.68287702055,193123.57636383484,37014.81081166666,100
fremtpl2_severity_raw,random,rescue_tie,17,extra,tuned,"{'max_features': 'sqrt', 'min_samples_leaf': 20}",1513.8967231915246,4948.6629290779565,61110.31372711601,193181.97330485866,36495.859717399304,100
fremtpl2_severity_raw,random,rescue_tie,17,hgb,default,,2166.4641016514215,5735.934825964465,61398.14754883248,193819.17952171058,37339.02166903432,100
fremtpl2_severity_raw,random,rescue_tie,17,hgb,tuned,"{'learning_rate': 0.03, 'max_leaf_nodes': 15, 'min_samples_leaf': 20}",1887.2249852756713,5427.942505474306,61317.940240875476,193625.7734210675,37433.34449033881,100
fremtpl2_severity_raw,random,rescue_tie,18,rf,default,,1661.8136524522681,4488.6901830666675,45840.10623299135,136279.5533843936,24500.837609821432,112
fremtpl2_severity_raw,random,rescue_tie,18,rf,tuned,"{'max_features': 1.0, 'min_samples_leaf': 5}",1526.7799316016947,4352.372435746638,45985.661598461455,136306.10448018764,24378.159966688818,112
fremtpl2_severity_raw,random,rescue_tie,18,extra,default,,1901.9856033598203,4749.108437333334,46354.943402822486,136298.0272582707,24157.780667857147,112
fremtpl2_severity_raw,random,rescue_tie,18,extra,tuned,"{'max_features': 'sqrt', 'min_samples_leaf': 1}",1677.1094393555632,4425.568150433333,46027.79766161738,136384.45743382093,24339.117810416672,112
fremtpl2_severity_raw,random,rescue_tie,18,hgb,default,,2493.2876773977637,5220.543859004775,46351.30704181212,137403.65332886713,25428.115439327983,112
fremtpl2_severity_raw,random,rescue_tie,18,hgb,tuned,"{'learning_rate': 0.03, 'max_leaf_nodes': 15, 'min_samples_leaf': 20}",2015.048308004708,4760.232146534173,46327.840464493696,137501.56534785015,25289.568799125645,112
fremtpl2_severity_raw,random,rescue_tie,19,rf,default,,1860.4448602252992,5383.906018999999,43453.123090392815,128403.82857501214,24630.115403144657,106
fremtpl2_severity_raw,random,rescue_tie,19,rf,tuned,"{'max_features': 1.0, 'min_samples_leaf': 5}",1693.7607193607544,4966.783368194143,40859.26278340987,122547.03558936794,24866.452837090234,106
fremtpl2_severity_raw,random,rescue_tie,19,extra,default,,1900.9546254240508,5842.690701333335,45661.454907148276,130816.73568308198,26026.25778930818,106
fremtpl2_severity_raw,random,rescue_tie,19,extra,tuned,"{'max_features': 'sqrt', 'min_samples_leaf': 1}",1626.5048186335387,4729.396530366666,43864.59757798662,130333.1510193579,24916.952342767298,106
fremtpl2_severity_raw,random,rescue_tie,19,hgb,default,,2960.0937843035626,5981.677423727628,42850.857247563246,128614.66500452535,26444.02720661307,106
fremtpl2_severity_raw,random,rescue_tie,19,hgb,tuned,"{'learning_rate': 0.03, 'max_leaf_nodes': 15, 'min_samples_leaf': 20}",2481.1756342873864,5498.596792630076,42921.47147965297,129287.08820303423,26100.949959673362,106
fremtpl2_severity_raw,random,rescue_tie,20,rf,default,,1854.9271246208189,4155.168872733334,44926.0613775023,152980.9454183847,24058.937012156865,85
fremtpl2_severity_raw,random,rescue_tie,20,rf,tuned,"{'max_features': 1.0, 'min_samples_leaf': 5}",1677.167757054638,4107.836581995403,45376.408247199965,153532.41268612538,25323.309929327886,85
fremtpl2_severity_raw,random,rescue_tie,20,extra,default,,2068.6159906376515,4538.783130566667,45190.85474904403,152765.7969967775,23994.448207058824,85
fremtpl2_severity_raw,random,rescue_tie,20,extra,tuned,"{'max_features': 'sqrt', 'min_samples_leaf': 1}",1712.5357199808543,3893.0502058,44763.32358939593,152866.80961031505,23914.918158823526,85
fremtpl2_severity_raw,random,rescue_tie,20,hgb,default,,2811.837852010812,5255.579132354129,45431.608636044235,152891.0866496095,24973.862061781656,85
fremtpl2_severity_raw,random,rescue_tie,20,hgb,tuned,"{'learning_rate': 0.03, 'max_leaf_nodes': 15, 'min_samples_leaf': 20}",2290.3839878555104,4785.973706682277,45517.21590948664,153293.761167627,25045.648030073306,85
fremtpl2_severity_raw,random,rescue_tie,21,rf,default,,2023.5000894531356,5641.679548300001,46457.151133496045,123502.92577459596,22563.36010616247,119
fremtpl2_severity_raw,random,rescue_tie,21,rf,tuned,"{'max_features': 'sqrt', 'min_samples_leaf': 1}",1787.3886805956977,5039.250057844445,44102.63560359055,123412.93444945724,22382.77252857143,119
fremtpl2_severity_raw,random,rescue_tie,21,extra,default,,1900.5094686313585,5512.724980399999,45505.73327234497,124034.14787035715,23235.03009187675,119
fremtpl2_severity_raw,random,rescue_tie,21,extra,tuned,"{'max_features': 'sqrt', 'min_samples_leaf': 1}",1759.1600767327986,4565.895731233334,43278.069495600175,123516.74337757348,22970.582512324938,119
fremtpl2_severity_raw,random,rescue_tie,21,hgb,default,,2798.9555866098394,5968.027456130352,43311.8437563867,121566.73990726875,23088.85267352857,119
fremtpl2_severity_raw,random,rescue_tie,21,hgb,tuned,"{'learning_rate': 0.03, 'max_leaf_nodes': 15, 'min_samples_leaf': 50}",2424.7688405745334,4935.578961443122,41938.97924595148,120612.92296639118,22071.19519847814,119
fremtpl2_severity_raw,random,rescue_tie,22,rf,default,,1798.3438575588968,4761.652743333334,19994.809404136853,34418.92874533738,11389.620710231025,101
fremtpl2_severity_raw,random,rescue_tie,22,rf,tuned,"{'max_features': 1.0, 'min_samples_leaf': 5}",1705.25253997019,4214.241429474221,17147.368181108734,38143.55091817229,13681.472406321136,101
fremtpl2_severity_raw,random,rescue_tie,22,extra,default,,2131.281719464924,4240.392682666667,15409.454632439589,39494.70491155738,14046.60191518152,101
fremtpl2_severity_raw,random,rescue_tie,22,extra,tuned,"{'max_features': 'sqrt', 'min_samples_leaf': 1}",1804.684516850216,3752.6291545333343,15081.466560856961,35174.007451769605,11971.896037953795,101
fremtpl2_severity_raw,random,rescue_tie,22,hgb,default,,2667.2787176270817,5217.641955325535,20184.006951770083,37825.103612948966,13514.705690371427,101
fremtpl2_severity_raw,random,rescue_tie,22,hgb,tuned,"{'learning_rate': 0.03, 'max_leaf_nodes': 15, 'min_samples_leaf': 20}",2102.6816603216307,4579.711544379223,19094.891688563104,37167.74395535293,12894.161878087963,101
fremtpl2_severity_raw,random,rescue_tie,23,rf,default,,1677.8767984927244,3947.6341417333333,16419.54367677555,44972.23485141212,16867.33492861635,106
fremtpl2_severity_raw,random,rescue_tie,23,rf,tuned,"{'max_features': 1.0, 'min_samples_leaf': 5}",1488.7116560605098,3769.0443433015303,16901.99692042043,45403.18178211624,17183.67867107382,106
fremtpl2_severity_raw,random,rescue_tie,23,extra,default,,1822.5323375895089,4354.161121933334,18020.78489720176,46565.728393882106,18234.03923836478,106
fremtpl2_severity_raw,random,rescue_tie,23,extra,tuned,"{'max_features': 'sqrt', 'min_samples_leaf': 1}",1605.2120568770601,3675.5160504333335,16081.764872213216,45945.152839068054,17293.257000314465,106
fremtpl2_severity_raw,random,rescue_tie,23,hgb,default,,2655.7336891151704,5439.988886174232,21345.241583705512,46421.005028085914,18776.40397802233,106
fremtpl2_severity_raw,random,rescue_tie,23,hgb,tuned,"{'learning_rate': 0.03, 'max_leaf_nodes': 15, 'min_samples_leaf': 20}",2283.6679635103883,5005.466414793448,20377.64184082349,46510.73887810769,18930.279136820838,106
fremtpl2_severity_raw,random,rescue_tie,24,rf,default,,1973.8310658554155,4626.011322566667,45898.19758925498,142101.003863433,22854.995076567662,101
fremtpl2_severity_raw,random,rescue_tie,24,rf,tuned,"{'max_features': 1.0, 'min_samples_leaf': 5}",1630.869021761257,4500.278582618562,46225.29124698606,142701.51573355935,23870.210225179995,101
fremtpl2_severity_raw,random,rescue_tie,24,extra,default,,2018.1396885431668,4511.489358433334,45525.121918413846,142009.58571177014,22726.84175445545,101
fremtpl2_severity_raw,random,rescue_tie,24,extra,tuned,"{'max_features': 'sqrt', 'min_samples_leaf': 1}",1695.2352359693707,4221.629859533333,45388.03867861081,141757.67644335475,22852.77552409241,101
fremtpl2_severity_raw,random,rescue_tie,24,hgb,default,,2814.0462234357606,5385.711166112134,46056.98991200553,143079.8053123815,24094.917663561537,101
fremtpl2_severity_raw,random,rescue_tie,24,hgb,tuned,"{'learning_rate': 0.03, 'max_leaf_nodes': 15, 'min_samples_leaf': 50}",2450.3354121140246,4789.615505039161,45618.492039214325,142555.53865192732,23344.205744661253,101
fremtpl2_severity_raw,random,rescue_tie,25,rf,default,,1755.8489009346647,4075.7285678333346,24863.70717398936,33714.79553060348,12250.483865656566,99
fremtpl2_severity_raw,random,rescue_tie,25,rf,tuned,"{'max_features': 1.0, 'min_samples_leaf': 5}",1557.1677044327844,3181.255415624056,12932.8440082861,34044.745416310005,12163.937717091772,99
fremtpl2_severity_raw,random,rescue_tie,25,extra,default,,1866.7069594659786,4769.414559700001,26423.40213780403,35076.84168345359,12795.295105387202,99
fremtpl2_severity_raw,random,rescue_tie,25,extra,tuned,"{'max_features': 'sqrt', 'min_samples_leaf': 1}",1610.3256380465593,3683.2952561,18361.87443106181,34991.59179160519,12392.233747474747,99
fremtpl2_severity_raw,random,rescue_tie,25,hgb,default,,2654.1953471912716,4538.595022362906,15581.132790076046,35106.88271813103,13656.281694615107,99
fremtpl2_severity_raw,random,rescue_tie,25,hgb,tuned,"{'learning_rate': 0.03, 'max_leaf_nodes': 15, 'min_samples_leaf': 20}",2136.321149463307,4137.835158096267,15614.103701695218,35246.02512516825,13622.653445444972,99
fremtpl2_severity_raw,random,rescue_tie,26,rf,default,,1626.142957328572,4278.525996766667,45216.68222489612,133062.79829924798,21928.526826608188,114
fremtpl2_severity_raw,random,rescue_tie,26,rf,tuned,"{'max_features': 1.0, 'min_samples_leaf': 5}",1528.4468998768496,4045.3827188672913,45218.926638459,133065.42320036617,21816.35998598024,114
fremtpl2_severity_raw,random,rescue_tie,26,extra,default,,2025.3822230258545,4477.759951066667,45155.24511962798,133025.4441920592,21692.447926608187,114
fremtpl2_severity_raw,random,rescue_tie,26,extra,tuned,"{'max_features': 'sqrt', 'min_samples_leaf': 1}",1827.5121102629398,4165.566583833333,45071.01906693106,133040.1797954451,21705.077022807018,114
fremtpl2_severity_raw,random,rescue_tie,26,hgb,default,,2616.7579541629784,5321.500863548628,46100.887325306496,134243.34825028907,22266.878409001965,114
fremtpl2_severity_raw,random,rescue_tie,26,hgb,tuned,"{'learning_rate': 0.03, 'max_leaf_nodes': 15, 'min_samples_leaf': 20}",2144.8945235908864,4856.9713984833115,46008.414103051124,134322.42399050857,22149.46169534233,114
fremtpl2_severity_raw,random,rescue_tie,27,rf,default,,1817.4117045572316,4507.169054633336,31224.938015926786,30272.514093507813,11796.811926950357,94
fremtpl2_severity_raw,random,rescue_tie,27,rf,tuned,"{'max_features': 1.0, 'min_samples_leaf': 5}",1601.1093848578337,3635.360377171675,15362.95478466252,30176.36449490425,11496.748074939673,94
fremtpl2_severity_raw,random,rescue_tie,27,extra,default,,1932.0473825485094,4034.9997174666664,20247.36312325461,31148.664031460296,12102.268745744683,94
fremtpl2_severity_raw,random,rescue_tie,27,extra,tuned,"{'max_features': 'sqrt', 'min_samples_leaf': 1}",1682.3699592644903,3299.747986133334,12701.347543001977,31835.92543240177,12443.58965248227,94
fremtpl2_severity_raw,random,rescue_tie,27,hgb,default,,2912.3797976012142,5522.264807360452,20761.538632347976,30604.065604443746,12584.76047848726,94
fremtpl2_severity_raw,random,rescue_tie,27,hgb,tuned,"{'learning_rate': 0.03, 'max_leaf_nodes': 15, 'min_samples_leaf': 20}",2373.1022647591312,4879.433635951546,20020.152277806803,30492.125024398087,12046.489849094753,94
fremtpl2_severity_raw,random,rescue_tie,28,rf,default,,1707.3892067719669,4832.1011572,44752.85151163739,139078.88139169593,26754.173982971013,92
fremtpl2_severity_raw,random,rescue_tie,28,rf,tuned,"{'max_features': 1.0, 'min_samples_leaf': 5}",1597.3058486376153,4132.902003500258,41780.905773991406,136872.55729169416,26239.783040188344,92
fremtpl2_severity_raw,random,rescue_tie,28,extra,default,,1848.304214213057,4882.185316133334,43055.05463811982,140272.76807575114,28204.316884420292,92
fremtpl2_severity_raw,random,rescue_tie,28,extra,tuned,"{'max_features': 'sqrt', 'min_samples_leaf': 1}",1592.149283396217,4246.306667866666,42613.426806097385,139790.39180422225,27639.938186231884,92
fremtpl2_severity_raw,random,rescue_tie,28,hgb,default,,2697.9429004857807,5337.010661295089,42672.965871145854,139125.10080235606,28040.97324650657,92
fremtpl2_severity_raw,random,rescue_tie,28,hgb,tuned,"{'learning_rate': 0.03, 'max_leaf_nodes': 15, 'min_samples_leaf': 50}",2423.1421633639466,4665.15375263432,41700.007676792935,136725.5286106539,26603.25768361886,92
fremtpl2_severity_raw,random,rescue_tie,29,rf,default,,1713.089588671086,3250.3401820000004,12562.705931398277,37636.708683101286,13153.49937416667,80
fremtpl2_severity_raw,random,rescue_tie,29,rf,tuned,"{'max_features': 1.0, 'min_samples_leaf': 5}",1528.0923755222077,3566.3839725275134,15591.91425803612,39695.749164573055,14070.233745424837,80
fremtpl2_severity_raw,random,rescue_tie,29,extra,default,,2044.6523941954802,4159.3916875333325,18022.529747690685,39405.2813263621,15079.241317916665,80
fremtpl2_severity_raw,random,rescue_tie,29,extra,tuned,"{'max_features': 'sqrt', 'min_samples_leaf': 1}",1834.1603390843502,4001.4961047500005,19280.89803406435,42169.75507724369,15890.286292083332,80
fremtpl2_severity_raw,random,rescue_tie,29,hgb,default,,2685.1880371758157,5113.199166587821,18545.022222779677,38421.98852044127,14508.940522748899,80
fremtpl2_severity_raw,random,rescue_tie,29,hgb,tuned,"{'learning_rate': 0.03, 'max_leaf_nodes': 15, 'min_samples_leaf': 20}",2171.2104444918723,4579.7934186648745,18116.060586056632,37618.875595504025,13896.483893612245,80
fremtpl2_severity_raw,random,rescue_tie,30,rf,default,,1523.3854054401224,3371.911986266666,14001.474229271447,41695.59574133489,17564.376346999998,100
fremtpl2_severity_raw,random,rescue_tie,30,rf,tuned,"{'max_features': 1.0, 'min_samples_leaf': 5}",1390.2539692071084,3301.75076658637,14544.815193136017,42024.36850068697,17831.430394953564,100
fremtpl2_severity_raw,random,rescue_tie,30,extra,default,,1936.0998163431614,4637.271720700001,18722.651198032323,46799.57906241623,21343.074937999998,100
fremtpl2_severity_raw,random,rescue_tie,30,extra,tuned,"{'max_features': 'sqrt', 'min_samples_leaf': 1}",1724.1018937181043,4045.955682366667,16290.817161121395,43662.32308706726,19704.534978333333,100
fremtpl2_severity_raw,random,rescue_tie,30,hgb,default,,2506.5187408352153,5560.589145691769,21767.326415032403,46683.007256517456,20323.70705951082,100
fremtpl2_severity_raw,random,rescue_tie,30,hgb,tuned,"{'learning_rate': 0.03, 'max_leaf_nodes': 15, 'min_samples_leaf': 20}",2102.8338369751805,5013.635444922671,21082.34291550977,47093.9921895259,20007.362475361242,100
insurance_autoclaims_paid,random,pool,1,rf,default,,1287.4646927910371,1613.209122949436,2895.272548184789,7920.52923896571,5782.835221084868,176
insurance_autoclaims_paid,random,pool,1,rf,tuned,"{'max_features': 'sqrt', 'min_samples_leaf': 20}",1192.6109957713277,1545.0568664454195,2775.5854787107455,7871.992243926995,5794.703223015295,176
insurance_autoclaims_paid,random,pool,1,extra,default,,1293.0841519290238,1634.4048294392962,2943.8002184024003,7937.3289033894525,5806.753415774616,176
insurance_autoclaims_paid,random,pool,1,extra,tuned,"{'max_features': 'sqrt', 'min_samples_leaf': 20}",1189.2881463166937,1545.62382265261,2775.596251412504,7877.232630913333,5798.065631971564,176
insurance_autoclaims_paid,random,pool,1,hgb,default,,1238.365568114999,1570.5438773624644,2811.644421223988,7862.301897396699,5736.017492392326,176
insurance_autoclaims_paid,random,pool,1,hgb,tuned,"{'learning_rate': 0.03, 'max_leaf_nodes': 15, 'min_samples_leaf': 50}",1215.2959917574267,1556.197287586649,2780.511912023931,7838.994492373835,5748.944224877738,176
insurance_autoclaims_paid,random,pool,2,rf,default,,1295.9809884955835,1581.1922938111393,2541.788359112676,6813.926121586803,5613.213950848161,170
insurance_autoclaims_paid,random,pool,2,rf,tuned,"{'max_features': 'sqrt', 'min_samples_leaf': 20}",1171.8561854326301,1514.1569809648502,2467.5407179174313,6951.8161386969805,5777.516202436617,170
insurance_autoclaims_paid,random,pool,2,extra,default,,1303.8499654438963,1595.0812930323204,2566.282995340477,6799.154006307818,5569.067497033823,170
insurance_autoclaims_paid,random,pool,2,extra,tuned,"{'max_features': 'sqrt', 'min_samples_leaf': 20}",1165.3279751686769,1513.9068754368918,2469.6230345985537,6968.559999577297,5790.2981669905,170
insurance_autoclaims_paid,random,pool,2,hgb,default,,1211.6905396205325,1532.2306620443564,2489.7744513654693,6906.371181026533,5710.769727202003,170
insurance_autoclaims_paid,random,pool,2,hgb,tuned,"{'learning_rate': 0.03, 'max_leaf_nodes': 15, 'min_samples_leaf': 20}",1189.3068535235905,1523.4439742730954,2481.1626184453044,6941.013983118861,5756.1353017390775,170
insurance_autoclaims_paid,random,pool,3,rf,default,,1308.598594579099,1689.5565541669587,3361.3499102987757,9393.576195080932,6356.019392246383,183
insurance_autoclaims_paid,random,pool,3,rf,tuned,"{'max_features': 'sqrt', 'min_samples_leaf': 20}",1179.1616422141785,1606.4379183176395,3253.585334782402,9315.536502722573,6314.544407635892,183
insurance_autoclaims_paid,random,pool,3,extra,default,,1318.9123172709812,1705.211086697749,3397.040099301987,9396.247084991677,6353.592695979609,183
insurance_autoclaims_paid,random,pool,3,extra,tuned,"{'max_features': 'sqrt', 'min_samples_leaf': 20}",1169.033327339983,1603.966009629478,3250.221470983562,9315.183901694198,6315.901070711441,183
insurance_autoclaims_paid,random,pool,3,hgb,default,,1236.1187479266605,1630.0807963368904,3282.213864716878,9324.244140160328,6294.757237931899,183
insurance_autoclaims_paid,random,pool,3,hgb,tuned,"{'learning_rate': 0.03, 'max_leaf_nodes': 15, 'min_samples_leaf': 50}",1215.452347243754,1623.8155446699045,3270.397112129663,9323.426706148517,6298.794691209076,183
insurance_autoclaims_paid,random,pool,4,rf,default,,1292.7483259235948,1576.5674612662137,2754.002710867714,7951.610973286806,5890.0554201506975,153
insurance_autoclaims_paid,random,pool,4,rf,tuned,"{'max_features': 'sqrt', 'min_samples_leaf': 20}",1168.282126567797,1502.221199132611,2667.8732909968076,8034.770392463843,5980.660608338172,153
insurance_autoclaims_paid,random,pool,4,extra,default,,1295.4078565330335,1579.5278318061712,2769.664345047693,7952.2226901462645,5883.281746259646,153
insurance_autoclaims_paid,random,pool,4,extra,tuned,"{'max_features': 'sqrt', 'min_samples_leaf': 20}",1168.8072729981004,1504.2181547523496,2667.8944365256466,8034.752846342337,5983.825373977574,153
insurance_autoclaims_paid,random,pool,4,hgb,default,,1221.3431684869968,1529.3186372564517,2703.6035175476813,8026.221885472615,5965.275227126618,153
insurance_autoclaims_paid,random,pool,4,hgb,tuned,"{'learning_rate': 0.03, 'max_leaf_nodes': 15, 'min_samples_leaf': 20}",1191.4097272855533,1513.053760917085,2683.999385220337,8033.771356857546,5975.496160779063,153
insurance_autoclaims_paid,random,pool,5,rf,default,,1288.5510731867132,1613.3491008149533,3008.9607627664946,8932.76679122883,6290.682118651537,149
insurance_autoclaims_paid,random,pool,5,rf,tuned,"{'max_features': 'sqrt', 'min_samples_leaf': 20}",1151.620805153941,1522.4442562980428,2915.981569611658,9069.198406073401,6474.185330744867,149
insurance_autoclaims_paid,random,pool,5,extra,default,,1294.7804658552507,1625.3325727150673,3033.5014273839392,8902.088939956431,6232.061782499262,149
insurance_autoclaims_paid,random,pool,5,extra,tuned,"{'max_features': 'sqrt', 'min_samples_leaf': 20}",1146.7399071304792,1520.2237471908998,2909.8263695874593,9055.406517476984,6456.008290430228,149
insurance_autoclaims_paid,random,pool,5,hgb,default,,1208.719619436101,1551.250278268596,2932.3580105272235,9012.681533350687,6385.50829162984,149
insurance_autoclaims_paid,random,pool,5,hgb,tuned,"{'learning_rate': 0.03, 'max_leaf_nodes': 15, 'min_samples_leaf': 20}",1171.6902444987277,1533.585311390412,2923.132583946227,9047.329059379701,6440.8069495485015,149
insurance_autoclaims_paid,random,pool,6,rf,default,,1329.2859070433337,1665.4038849048989,3017.023825510419,8230.378694553747,6081.558219917035,178
insurance_autoclaims_paid,random,pool,6,rf,tuned,"{'max_features': 'sqrt', 'min_samples_leaf': 20}",1188.7234320788502,1579.285760829058,2923.7450144506856,8335.359606733991,6153.24864927408,178
insurance_autoclaims_paid,random,pool,6,extra,default,,1337.2843717921805,1686.6954967700033,3052.104522447927,8212.797997219994,6046.800748506911,178
insurance_autoclaims_paid,random,pool,6,extra,tuned,"{'max_features': 'sqrt', 'min_samples_leaf': 20}",1177.2448676678039,1573.6702812848048,2921.3064908291026,8341.76879537403,6150.5173662573625,178
insurance_autoclaims_paid,random,pool,6,hgb,default,,1239.2442613285634,1601.3831657530018,2944.159341215873,8280.112753545145,6082.4086922117285,178
insurance_autoclaims_paid,random,pool,6,hgb,tuned,"{'learning_rate': 0.03, 'max_leaf_nodes': 15, 'min_samples_leaf': 50}",1203.099230300328,1583.0188257289083,2927.590912173603,8320.31391453098,6131.913918631504,178
insurance_autoclaims_paid,random,pool,7,rf,default,,1304.427549919345,1635.8807388258836,2984.2064882876343,8938.773579409924,6539.446845273739,139
insurance_autoclaims_paid,random,pool,7,rf,tuned,"{'max_features': 'sqrt', 'min_samples_leaf': 20}",1160.4235218870865,1516.4297585172596,2812.6885275171144,8965.836440729436,6585.852942168381,139
insurance_autoclaims_paid,random,pool,7,extra,default,,1307.2292441502254,1650.6225645899874,3024.8710099416603,8936.797805002228,6518.813934704235,139
insurance_autoclaims_paid,random,pool,7,extra,tuned,"{'max_features': 'sqrt', 'min_samples_leaf': 20}",1162.8858986718367,1517.812609022162,2813.8001807779647,8970.89727577903,6597.08201581503,139
insurance_autoclaims_paid,random,pool,7,hgb,default,,1225.271832233483,1549.0772504020997,2852.2595941148866,8959.163714735672,6557.4178668031645,139
insurance_autoclaims_paid,random,pool,7,hgb,tuned,"{'learning_rate': 0.03, 'max_leaf_nodes': 15, 'min_samples_leaf': 50}",1188.0752430941195,1532.2422339551072,2823.190997761467,8952.294191880736,6565.13969047141,139
insurance_autoclaims_paid,random,pool,8,rf,default,,1334.0999265369496,1616.872685135351,2572.115819269096,6876.636563394712,5744.642698702258,161
insurance_autoclaims_paid,random,pool,8,rf,tuned,"{'max_features': 'sqrt', 'min_samples_leaf': 20}",1171.1593518308282,1495.7042662104163,2393.498667811332,6849.576474339548,5731.332026555298,161
insurance_autoclaims_paid,random,pool,8,extra,default,,1338.0263618446343,1629.9842406230289,2616.287491804153,6958.715321217684,5768.412840699929,161
insurance_autoclaims_paid,random,pool,8,extra,tuned,"{'max_features': 'sqrt', 'min_samples_leaf': 20}",1161.9619075222738,1491.5224186034357,2387.111767448944,6843.224432821695,5715.520818249374,161
insurance_autoclaims_paid,random,pool,8,hgb,default,,1232.7756915256582,1530.853026789877,2432.7192866100568,6819.3745103579595,5715.330566673012,161
insurance_autoclaims_paid,random,pool,8,hgb,tuned,"{'learning_rate': 0.03, 'max_leaf_nodes': 15, 'min_samples_leaf': 20}",1200.9789502907167,1512.4195755293606,2412.558665847654,6827.328839863745,5717.5509339503615,161
insurance_autoclaims_paid,random,pool,9,rf,default,,1276.782650124679,1554.444649729954,2482.892309969637,6678.842702912175,5566.366700829575,160
insurance_autoclaims_paid,random,pool,9,rf,tuned,"{'max_features': 'sqrt', 'min_samples_leaf': 20}",1171.2274001669155,1476.2733992360193,2327.8452064059347,6621.733507709627,5599.215394321431,160
insurance_autoclaims_paid,random,pool,9,extra,default,,1275.7129454763908,1552.2997070317026,2483.3151007311285,6700.599805927786,5594.775089172827,160
insurance_autoclaims_paid,random,pool,9,extra,tuned,"{'max_features': 'sqrt', 'min_samples_leaf': 20}",1165.63584350192,1476.5929877029423,2323.602865784422,6620.9739627899235,5600.141576799503,160
insurance_autoclaims_paid,random,pool,9,hgb,default,,1215.0202409316346,1500.3996393497941,2373.063926614048,6614.879577812028,5554.519326840187,160
insurance_autoclaims_paid,random,pool,9,hgb,tuned,"{'learning_rate': 0.03, 'max_leaf_nodes': 15, 'min_samples_leaf': 20}",1189.8010773683122,1490.9477650325382,2351.438006386257,6622.87361049432,5597.807838479644,160
insurance_autoclaims_paid,random,pool,10,rf,default,,1276.3187665172663,1553.2325857808703,2478.639443488344,6472.759240872024,5285.823436177523,175
insurance_autoclaims_paid,random,pool,10,rf,tuned,"{'max_features': 'sqrt', 'min_samples_leaf': 20}",1174.1358400803902,1474.0775733615212,2349.4352809779334,6439.803336953704,5292.811587649461,175
insurance_autoclaims_paid,random,pool,10,extra,default,,1270.084318120257,1553.6830578630288,2493.4262163129106,6487.656602351078,5304.224553196291,175
insurance_autoclaims_paid,random,pool,10,extra,tuned,"{'max_features': 'sqrt', 'min_samples_leaf': 20}",1165.5009636958696,1469.1403439575174,2342.6837912614933,6432.642911821991,5286.911223473034,175
insurance_autoclaims_paid,random,pool,10,hgb,default,,1208.6035619283957,1492.2963029740733,2380.35338838429,6430.010866082069,5275.07941391666,175
insurance_autoclaims_paid,random,pool,10,hgb,tuned,"{'learning_rate': 0.03, 'max_leaf_nodes': 15, 'min_samples_leaf': 50}",1198.9143715364676,1487.0184960067054,2362.2065925909305,6432.085234353232,5281.1892098592825,175
insurance_autoclaims_paid,random,pool,11,rf,default,,1341.7667199852674,1620.6378028320435,2588.051685012025,6541.182261747799,5346.301551660948,160
insurance_autoclaims_paid,random,pool,11,rf,tuned,"{'max_features': 'sqrt', 'min_samples_leaf': 20}",1212.54853383362,1489.1891141590495,2318.263040062421,6514.268301922713,5343.084351761194,160
insurance_autoclaims_paid,random,pool,11,extra,default,,1340.872683929125,1630.043523236353,2625.005540097054,6544.522397537158,5337.025893488865,160
insurance_autoclaims_paid,random,pool,11,extra,tuned,"{'max_features': 'sqrt', 'min_samples_leaf': 20}",1199.017489426178,1482.0331635852024,2311.477514324121,6517.276513728635,5340.761704973137,160
insurance_autoclaims_paid,random,pool,11,hgb,default,,1262.6213100252894,1528.8697164334592,2390.276405796419,6536.300854314865,5371.8875915664585,160
insurance_autoclaims_paid,random,pool,11,hgb,tuned,"{'learning_rate': 0.03, 'max_leaf_nodes': 15, 'min_samples_leaf': 50}",1239.4467205923836,1506.5960649648662,2339.544181458367,6522.393006915092,5352.364500708584,160
insurance_autoclaims_paid,random,pool,12,rf,default,,1271.556842319176,1615.5899222917967,2943.789450969861,8391.696878969513,6116.48806420176,163
insurance_autoclaims_paid,random,pool,12,rf,tuned,"{'max_features': 'sqrt', 'min_samples_leaf': 20}",1162.4881383705952,1523.5501365312512,2809.554757790252,8310.450644464354,6077.052967044135,163
insurance_autoclaims_paid,random,pool,12,extra,default,,1275.5630057450167,1620.3183764949367,2960.639391407303,8399.084811400518,6117.211155085623,163
insurance_autoclaims_paid,random,pool,12,extra,tuned,"{'max_features': 'sqrt', 'min_samples_leaf': 20}",1160.4983911751513,1524.249012010331,2804.59746478243,8301.001582271587,6066.869045211924,163
insurance_autoclaims_paid,random,pool,12,hgb,default,,1213.176396951495,1557.8116809122953,2852.4356503851855,8330.992328145843,6084.3852734857,163
insurance_autoclaims_paid,random,pool,12,hgb,tuned,"{'learning_rate': 0.03, 'max_leaf_nodes': 15, 'min_samples_leaf': 50}",1183.5485346387404,1532.8516612661604,2822.213902615549,8314.285683123677,6065.364549400343,163
insurance_autoclaims_paid,random,pool,13,rf,default,,1333.0175354912794,1632.6184214211169,2610.309866319988,6746.803478046878,5534.670883286125,182
insurance_autoclaims_paid,random,pool,13,rf,tuned,"{'max_features': 'sqrt', 'min_samples_leaf': 20}",1203.783345626437,1540.2842200482044,2456.96371068082,6657.704249382521,5515.984303072715,182
insurance_autoclaims_paid,random,pool,13,extra,default,,1338.1707676345836,1637.4719268931642,2626.548418008951,6785.946207902949,5568.581524669545,182
insurance_autoclaims_paid,random,pool,13,extra,tuned,"{'max_features': 'sqrt', 'min_samples_leaf': 20}",1192.5717065120284,1535.1737140768348,2451.2548799613223,6659.0120373761065,5520.111473794479,182
insurance_autoclaims_paid,random,pool,13,hgb,default,,1261.2435779976643,1576.490726580666,2506.1650326888366,6657.446852553077,5512.344423088992,182
insurance_autoclaims_paid,random,pool,13,hgb,tuned,"{'learning_rate': 0.03, 'max_leaf_nodes': 15, 'min_samples_leaf': 50}",1225.7759526767177,1551.4808848457083,2471.199351478805,6659.734938696293,5502.247686695647,182
insurance_autoclaims_paid,random,pool,14,rf,default,,1376.3651666688438,1697.7604284443184,2771.8471636835475,6936.310303565737,5797.940632112876,203
insurance_autoclaims_paid,random,pool,14,rf,tuned,"{'max_features': 'sqrt', 'min_samples_leaf': 20}",1213.0313093537513,1604.3410998048846,2656.552762879379,6990.3754729662105,5780.971836307358,203
insurance_autoclaims_paid,random,pool,14,extra,default,,1375.615879720399,1695.264941624468,2775.4774135551297,6938.963466854039,5794.812221259585,203
insurance_autoclaims_paid,random,pool,14,extra,tuned,"{'max_features': 'sqrt', 'min_samples_leaf': 20}",1206.2941409057516,1602.1701709037027,2652.317956421134,6983.245350918129,5761.978134414131,203
insurance_autoclaims_paid,random,pool,14,hgb,default,,1272.8402992980327,1626.8839880770001,2687.4716541286193,6970.720965899854,5777.835884825077,203
insurance_autoclaims_paid,random,pool,14,hgb,tuned,"{'learning_rate': 0.03, 'max_leaf_nodes': 15, 'min_samples_leaf': 50}",1238.1627007127204,1610.7903097678425,2662.618722320642,6974.805894862895,5763.488676936834,203
insurance_autoclaims_paid,random,pool,15,rf,default,,1282.9490002290102,1588.4865848692887,2857.480743450904,8158.136940023551,6010.749479654311,164
insurance_autoclaims_paid,random,pool,15,rf,tuned,"{'max_features': 'sqrt', 'min_samples_leaf': 20}",1164.451982942406,1517.1303563969718,2756.60651103316,8101.532740541369,5977.555827355722,164
insurance_autoclaims_paid,random,pool,15,extra,default,,1298.1717505979645,1606.2960488520307,2889.916673343691,8231.69658851662,6049.830897763578,164
insurance_autoclaims_paid,random,pool,15,extra,tuned,"{'max_features': 'sqrt', 'min_samples_leaf': 20}",1158.7437448140856,1515.8942155534253,2755.2539654133498,8104.5463431688295,5972.817106506757,164
insurance_autoclaims_paid,random,pool,15,hgb,default,,1209.9077727958975,1536.5002141885461,2791.5309456839263,8121.976753388825,5996.054777038163,164
insurance_autoclaims_paid,random,pool,15,hgb,tuned,"{'learning_rate': 0.03, 'max_leaf_nodes': 15, 'min_samples_leaf': 50}",1172.9346859677228,1514.5594182025998,2761.5037906449143,8102.605111017713,5989.936362580328,164
insurance_autoclaims_paid,random,pool,16,rf,default,,1324.3080354923186,1659.3255349480812,2949.474122615135,8195.674266651347,6281.424125687986,175
insurance_autoclaims_paid,random,pool,16,rf,tuned,"{'max_features': 'sqrt', 'min_samples_leaf': 20}",1186.9733186956018,1582.8147435219782,2826.749687006942,8075.462907566827,6187.50699201148,175
insurance_autoclaims_paid,random,pool,16,extra,default,,1337.0549996016243,1678.6101821898972,2981.164087603474,8212.828812059546,6309.74913086115,175
insurance_autoclaims_paid,random,pool,16,extra,tuned,"{'max_features': 'sqrt', 'min_samples_leaf': 20}",1181.492191847394,1578.5366125347284,2822.2758273284207,8068.595024560126,6184.420536212474,175
insurance_autoclaims_paid,random,pool,16,hgb,default,,1247.747606820898,1612.9194220676666,2872.7963502984994,8106.167463256405,6186.7886023032215,175
insurance_autoclaims_paid,random,pool,16,hgb,tuned,"{'learning_rate': 0.03, 'max_leaf_nodes': 15, 'min_samples_leaf': 50}",1216.4355094334621,1593.8726778035527,2840.884304887992,8076.17724547656,6170.701164342514,175
insurance_autoclaims_paid,random,pool,17,rf,default,,1323.6722442356952,1648.0706928361337,2966.2078987832015,8226.751244479618,6043.755945223489,175
insurance_autoclaims_paid,random,pool,17,rf,tuned,"{'max_features': 'sqrt', 'min_samples_leaf': 20}",1183.3762846139864,1562.7157401622057,2862.686246195693,8202.62466773167,6039.885543482969,175
insurance_autoclaims_paid,random,pool,17,extra,default,,1311.636968927149,1636.1268753514244,2966.96393263072,8225.537510992377,6037.550003682175,175
insurance_autoclaims_paid,random,pool,17,extra,tuned,"{'max_features': 'sqrt', 'min_samples_leaf': 20}",1171.138916363731,1555.939819118196,2859.372663750574,8204.125869298763,6040.3094309452745,175
insurance_autoclaims_paid,random,pool,17,hgb,default,,1232.2589792040894,1584.508734647385,2892.0026354962383,8216.621954133441,6047.884427861089,175
insurance_autoclaims_paid,random,pool,17,hgb,tuned,"{'learning_rate': 0.03, 'max_leaf_nodes': 15, 'min_samples_leaf': 50}",1200.5179205381999,1569.4783084971023,2871.1891590004084,8207.889657945736,6043.364318281194,175
insurance_autoclaims_paid,random,pool,18,rf,default,,1296.490716614973,1672.4571330446918,3156.039657474095,8832.14501858519,6362.179556879752,176
insurance_autoclaims_paid,random,pool,18,rf,tuned,"{'max_features': 'sqrt', 'min_samples_leaf': 20}",1172.0404461363412,1588.649015705635,3029.4973438112675,8749.348316622885,6376.825743044025,176
insurance_autoclaims_paid,random,pool,18,extra,default,,1291.0803544531686,1672.349257175707,3167.860453749363,8833.734553177948,6353.801686211937,176
insurance_autoclaims_paid,random,pool,18,extra,tuned,"{'max_features': 'sqrt', 'min_samples_leaf': 20}",1166.9337398481061,1589.517407461367,3024.456714898162,8739.934661673053,6370.579948363805,176
insurance_autoclaims_paid,random,pool,18,hgb,default,,1222.5210190688083,1619.9340095785897,3086.151453167385,8809.75549289367,6372.9929018861,176
insurance_autoclaims_paid,random,pool,18,hgb,tuned,"{'learning_rate': 0.03, 'max_leaf_nodes': 15, 'min_samples_leaf': 50}",1201.6739583432807,1606.607455453339,3047.668243006593,8757.275379197803,6383.098031948154,176
insurance_autoclaims_paid,random,pool,19,rf,default,,1355.481274441152,1662.2209563976928,2688.464026183757,6992.496200962058,5717.509408432713,182
insurance_autoclaims_paid,random,pool,19,rf,tuned,"{'max_features': 'sqrt', 'min_samples_leaf': 20}",1195.4790069818323,1563.620828759672,2583.612103354591,7104.6687150891385,5799.389418531222,182
insurance_autoclaims_paid,random,pool,19,extra,default,,1359.3414149405796,1668.294485547261,2709.436931283665,7003.603905056495,5724.177635131328,182
insurance_autoclaims_paid,random,pool,19,extra,tuned,"{'max_features': 'sqrt', 'min_samples_leaf': 20}",1185.6110959121088,1557.711929269931,2579.8957344562427,7106.890360950966,5801.461964320008,182
insurance_autoclaims_paid,random,pool,19,hgb,default,,1265.1861574084887,1602.9136393957863,2613.3625406983647,7047.181348715781,5772.342348445009,182
insurance_autoclaims_paid,random,pool,19,hgb,tuned,"{'learning_rate': 0.03, 'max_leaf_nodes': 15, 'min_samples_leaf': 50}",1221.93171285774,1575.3858671830794,2593.48936823135,7094.895497397986,5795.818159988037,182
insurance_autoclaims_paid,random,pool,20,rf,default,,1330.9979746184936,1677.2306790928187,2794.621146845889,7587.796258804968,6202.661717625147,172
insurance_autoclaims_paid,random,pool,20,rf,tuned,"{'max_features': 'sqrt', 'min_samples_leaf': 20}",1178.8684470097005,1560.1481234726054,2649.5599110868584,7538.480694501104,6182.272736386166,172
insurance_autoclaims_paid,random,pool,20,extra,default,,1337.0196968719224,1684.3100134619356,2813.3531274503152,7591.530285705666,6204.387596468866,172
insurance_autoclaims_paid,random,pool,20,extra,tuned,"{'max_features': 'sqrt', 'min_samples_leaf': 20}",1171.4722275570355,1557.2626462218764,2639.5459749304455,7517.414141664312,6169.033495795727,172
insurance_autoclaims_paid,random,pool,20,hgb,default,,1244.1894213752075,1601.1850805961408,2693.321371929793,7528.53818727436,6173.5995978976225,172
insurance_autoclaims_paid,random,pool,20,hgb,tuned,"{'learning_rate': 0.03, 'max_leaf_nodes': 15, 'min_samples_leaf': 50}",1204.4990199714384,1572.501659624984,2663.9203617754283,7542.616823834493,6192.454478657585,172
insurance_autoclaims_paid,random,pool,21,rf,default,,1277.2868355060928,1631.876161977095,2947.319077951617,8508.316935156185,6474.239292677757,159
insurance_autoclaims_paid,random,pool,21,rf,tuned,"{'max_features': 'sqrt', 'min_samples_leaf': 20}",1155.880658253604,1550.3000677678906,2835.572729658661,8511.349017558068,6508.169664210904,159
insurance_autoclaims_paid,random,pool,21,extra,default,,1277.2530526337016,1636.8502885177666,2974.951004121067,8523.561771033232,6492.603966281857,159
insurance_autoclaims_paid,random,pool,21,extra,tuned,"{'max_features': 'sqrt', 'min_samples_leaf': 20}",1149.8838785333091,1550.6484966161267,2833.527952017363,8512.49789576936,6497.6750236314065,159
insurance_autoclaims_paid,random,pool,21,hgb,default,,1202.081288150345,1569.998737137879,2862.307526143243,8516.93128638826,6488.015233078357,159
insurance_autoclaims_paid,random,pool,21,hgb,tuned,"{'learning_rate': 0.03, 'max_leaf_nodes': 15, 'min_samples_leaf': 50}",1174.0670307972166,1559.478447377908,2847.9587025214396,8525.480478775073,6520.688789409741,159
insurance_autoclaims_paid,random,pool,22,rf,default,,1300.258038341521,1619.8551230366775,2635.5319808134027,7146.621908123429,5928.633918611903,169
insurance_autoclaims_paid,random,pool,22,rf,tuned,"{'max_features': 'sqrt', 'min_samples_leaf': 20}",1177.2556139275462,1528.5153815958297,2499.079480645506,7068.662341823199,5884.717315505467,169
insurance_autoclaims_paid,random,pool,22,extra,default,,1306.4481207231945,1628.297296915939,2650.0223796062896,7160.4456944997155,5952.072266689216,169
insurance_autoclaims_paid,random,pool,22,extra,tuned,"{'max_features': 'sqrt', 'min_samples_leaf': 20}",1174.0098817497637,1526.5556274446299,2491.9075625464225,7053.366595442584,5873.152461665033,169
insurance_autoclaims_paid,random,pool,22,hgb,default,,1228.6850347308036,1558.9790673155294,2530.818771160756,7042.850383511676,5834.233687510213,169
insurance_autoclaims_paid,random,pool,22,hgb,tuned,"{'learning_rate': 0.03, 'max_leaf_nodes': 15, 'min_samples_leaf': 50}",1192.6803972470557,1533.807594951691,2506.4891079338895,7063.065508926871,5879.708697606757,169
insurance_autoclaims_paid,random,pool,23,rf,default,,1333.3088803454016,1652.9410645180906,2916.9500559731837,8179.73800407063,5994.810967255878,165
insurance_autoclaims_paid,random,pool,23,rf,tuned,"{'max_features': 'sqrt', 'min_samples_leaf': 20}",1202.0733136241936,1555.5067408339196,2778.3104743173653,8097.743137963614,5982.674743321871,165
insurance_autoclaims_paid,random,pool,23,extra,default,,1348.0539861500426,1672.6139871377252,2948.5707663378957,8202.49449143288,6020.219986078806,165
insurance_autoclaims_paid,random,pool,23,extra,tuned,"{'max_features': 'sqrt', 'min_samples_leaf': 20}",1188.1213735099361,1547.506086339491,2770.548163180997,8094.479819214796,5983.558043883157,165
insurance_autoclaims_paid,random,pool,23,hgb,default,,1262.0269980076919,1595.727527402257,2838.8574292549392,8145.342376414539,5963.52769093629,165
insurance_autoclaims_paid,random,pool,23,hgb,tuned,"{'learning_rate': 0.03, 'max_leaf_nodes': 15, 'min_samples_leaf': 50}",1220.4622950024393,1566.0277808446092,2795.194237518925,8108.678125716556,5978.836997954142,165
insurance_autoclaims_paid,random,pool,24,rf,default,,1335.542061742047,1615.7029494325202,2523.2276930543344,6653.310309848121,5588.417606615917,168
insurance_autoclaims_paid,random,pool,24,rf,tuned,"{'max_features': 'sqrt', 'min_samples_leaf': 20}",1177.6976779471772,1504.5463353801863,2368.1133265140716,6617.753675215392,5609.583006614113,168
insurance_autoclaims_paid,random,pool,24,extra,default,,1350.9403224885027,1632.059697043911,2553.010279621424,6669.445964235479,5594.344489836327,168
insurance_autoclaims_paid,random,pool,24,extra,tuned,"{'max_features': 'sqrt', 'min_samples_leaf': 20}",1171.4995047366742,1502.8930796325433,2364.8122825414716,6621.814064608577,5612.624373087745,168
insurance_autoclaims_paid,random,pool,24,hgb,default,,1235.5074940976178,1534.7200778899276,2415.515073711991,6636.403350442093,5617.265371043607,168
insurance_autoclaims_paid,random,pool,24,hgb,tuned,"{'learning_rate': 0.03, 'max_leaf_nodes': 15, 'min_samples_leaf': 20}",1199.8535471795526,1513.762961582232,2387.198568887138,6624.5669266756,5616.350987891045,168
insurance_autoclaims_paid,random,pool,25,rf,default,,1309.7898877148157,1585.2205127138966,2562.261228507859,6876.5835275184445,5570.694844738002,162
insurance_autoclaims_paid,random,pool,25,rf,tuned,"{'max_features': 'sqrt', 'min_samples_leaf': 20}",1171.5656335900535,1498.3906356238995,2449.3933475553845,7029.061589924638,5702.150140168933,162
insurance_autoclaims_paid,random,pool,25,extra,default,,1313.6466378797868,1588.5191452361194,2571.311829800146,6862.142839965992,5546.012256210216,162
insurance_autoclaims_paid,random,pool,25,extra,tuned,"{'max_features': 'sqrt', 'min_samples_leaf': 20}",1170.880251011497,1501.714875886451,2451.006299689301,7039.704400034842,5713.913357906152,162
insurance_autoclaims_paid,random,pool,25,hgb,default,,1230.1602745207279,1531.771489464906,2483.7625833804746,6975.020398223448,5640.748709741994,162
insurance_autoclaims_paid,random,pool,25,hgb,tuned,"{'learning_rate': 0.03, 'max_leaf_nodes': 15, 'min_samples_leaf': 50}",1190.7751823911594,1507.8288996323042,2460.181538647159,7023.855491056711,5693.502920982319,162
insurance_autoclaims_paid,random,pool,26,rf,default,,1290.6874482625487,1590.781743203937,2622.5314570606906,6983.38137955605,5716.449485859289,167
insurance_autoclaims_paid,random,pool,26,rf,tuned,"{'max_features': 'sqrt', 'min_samples_leaf': 20}",1181.0631847411491,1503.2607986519556,2438.715347110961,6876.62854701026,5645.694367840132,167
insurance_autoclaims_paid,random,pool,26,extra,default,,1292.5729989472616,1588.7505446319578,2619.428274965046,6996.118022805864,5727.307525167531,167
insurance_autoclaims_paid,random,pool,26,extra,tuned,"{'max_features': 'sqrt', 'min_samples_leaf': 20}",1163.6424745747217,1490.9766110777102,2423.9718479883068,6864.300266599416,5631.811180953944,167
insurance_autoclaims_paid,random,pool,26,hgb,default,,1243.7326804748498,1539.2029788670977,2509.259386203974,6929.439639600732,5683.45828023312,167
insurance_autoclaims_paid,random,pool,26,hgb,tuned,"{'learning_rate': 0.03, 'max_leaf_nodes': 15, 'min_samples_leaf': 50}",1211.8473722928616,1520.521402390229,2460.815970603407,6887.476977872482,5655.156923870548,167
insurance_autoclaims_paid,random,pool,27,rf,default,,1290.9645991437096,1624.670468728571,2870.5655384567085,8091.387019417115,6152.103873693637,165
insurance_autoclaims_paid,random,pool,27,rf,tuned,"{'max_features': 'sqrt', 'min_samples_leaf': 20}",1194.5808005003012,1562.3578600374,2753.5670308192493,8026.134081927335,6091.335372841175,165
insurance_autoclaims_paid,random,pool,27,extra,default,,1300.9201363943043,1647.137035277743,2921.985518444162,8136.439446419717,6188.245862426054,165
insurance_autoclaims_paid,random,pool,27,extra,tuned,"{'max_features': 'sqrt', 'min_samples_leaf': 20}",1186.2445993499973,1557.700778862774,2751.6605513822865,8034.016822330235,6096.152993269726,165
insurance_autoclaims_paid,random,pool,27,hgb,default,,1247.156983727077,1587.7857885356314,2793.8926529719606,8038.09221718915,6101.7700751027005,165
insurance_autoclaims_paid,random,pool,27,hgb,tuned,"{'learning_rate': 0.03, 'max_leaf_nodes': 15, 'min_samples_leaf': 50}",1212.5048707912927,1569.6023329726079,2759.462140290086,8013.084685758363,6080.18828546711,165
insurance_autoclaims_paid,random,pool,28,rf,default,,1291.1105780950427,1607.0566270074642,2870.796460194266,8084.4578286376145,5978.066154925393,164
insurance_autoclaims_paid,random,pool,28,rf,tuned,"{'max_features': 'sqrt', 'min_samples_leaf': 20}",1180.6755379077513,1526.9738393028188,2742.637158451268,8027.646737703322,5905.075905075777,164
insurance_autoclaims_paid,random,pool,28,extra,default,,1293.6272912202073,1617.9712578098588,2913.6302760155086,8080.328214782624,5966.578806457795,164
insurance_autoclaims_paid,random,pool,28,extra,tuned,"{'max_features': 'sqrt', 'min_samples_leaf': 20}",1178.3737900407561,1527.534949195486,2742.5570073199597,8033.0605230849915,5908.356193384816,164
insurance_autoclaims_paid,random,pool,28,hgb,default,,1228.2624522244182,1551.3270358949858,2775.541624710344,8030.317913532541,5929.09270854233,164
insurance_autoclaims_paid,random,pool,28,hgb,tuned,"{'learning_rate': 0.03, 'max_leaf_nodes': 15, 'min_samples_leaf': 50}",1211.704331950499,1542.7437492381428,2753.346409795038,8012.702038471187,5888.209635642533,164
insurance_autoclaims_paid,random,pool,29,rf,default,,1313.6848898919486,1659.0362499199086,3046.5001132105817,8406.842002370686,6115.975267183883,180
insurance_autoclaims_paid,random,pool,29,rf,tuned,"{'max_features': 'sqrt', 'min_samples_leaf': 20}",1183.0783687518608,1585.8000419349335,2950.644705924351,8388.111667378897,6148.968530973796,180
insurance_autoclaims_paid,random,pool,29,extra,default,,1318.6217606201762,1661.317594562385,3060.1577642807406,8399.903405611367,6102.154041169695,180
insurance_autoclaims_paid,random,pool,29,extra,tuned,"{'max_features': 'sqrt', 'min_samples_leaf': 20}",1179.1586036134788,1584.9981463795602,2947.9976458432125,8384.599356388047,6147.3157015470915,180
insurance_autoclaims_paid,random,pool,29,hgb,default,,1237.060600071546,1607.1307647301494,2988.7818094780855,8412.56954054554,6140.170694621598,180
insurance_autoclaims_paid,random,pool,29,hgb,tuned,"{'learning_rate': 0.03, 'max_leaf_nodes': 15, 'min_samples_leaf': 50}",1205.4578890264522,1594.9806147036309,2952.81327915819,8362.145619005236,6127.895296111877,180
insurance_autoclaims_paid,random,pool,30,rf,default,,1315.3392629514365,1633.4978155666158,2702.7673228158783,7229.6129527353205,5954.382826769249,179
insurance_autoclaims_paid,random,pool,30,rf,tuned,"{'max_features': 'sqrt', 'min_samples_leaf': 20}",1179.1646855762835,1548.1954108279351,2563.9297070422344,7114.320599918052,5891.4003300118175,179
insurance_autoclaims_paid,random,pool,30,extra,default,,1325.977029382755,1649.6256216615423,2730.7407558888435,7244.603942218716,5977.292098631674,179
insurance_autoclaims_paid,random,pool,30,extra,tuned,"{'max_features': 'sqrt', 'min_samples_leaf': 20}",1173.5957038077054,1546.619455922974,2561.4367048599847,7114.218002612129,5894.590499615462,179
insurance_autoclaims_paid,random,pool,30,hgb,default,,1228.932095067025,1567.4805955304644,2597.015739814912,7108.197035244098,5853.747243299928,179
insurance_autoclaims_paid,random,pool,30,hgb,tuned,"{'learning_rate': 0.03, 'max_leaf_nodes': 15, 'min_samples_leaf': 50}",1190.618997026398,1547.2265734936582,2567.703075735365,7102.957224535537,5871.060661984472,179
fremtpl2_severity_log,random,pool,1,rf,default,,0.8644764942726614,0.8867780378250536,1.2654687048698983,2.203507254614147,1.9620366733789925,102
fremtpl2_severity_log,random,pool,1,rf,tuned,"{'max_features': 'sqrt', 'min_samples_leaf': 20}",0.8231783184065025,0.8347374381625315,1.2320409537252854,2.154117095070976,1.9471048612716315,102
fremtpl2_severity_log,random,pool,1,extra,default,,0.9014648987476096,0.9134874459022,1.2926714238680606,2.2415815607559426,1.9810368249349004,102
fremtpl2_severity_log,random,pool,1,extra,tuned,"{'max_features': 'sqrt', 'min_samples_leaf': 20}",0.8285615070040533,0.8364377956374122,1.2371556438726954,2.1620924572484896,1.9598514459241583,102
fremtpl2_severity_log,random,pool,1,hgb,default,,0.8660217423517512,0.8938474801595857,1.2701099233162032,2.1908344769020243,1.9507161923789917,102
fremtpl2_severity_log,random,pool,1,hgb,tuned,"{'learning_rate': 0.03, 'max_leaf_nodes': 15, 'min_samples_leaf': 50}",0.8360774453396818,0.8572578011876918,1.2426128298356862,2.147032007605042,1.9405249373249247,102
fremtpl2_severity_log,random,pool,2,rf,default,,0.7983771752179177,0.828853645026494,1.190235102912594,2.2064719554071597,2.0144611448146232,92
fremtpl2_severity_log,random,pool,2,rf,tuned,"{'max_features': 'sqrt', 'min_samples_leaf': 20}",0.7407040560217765,0.7668622561458192,1.129917995460017,2.1517537054379012,1.9799821130561446,92
fremtpl2_severity_log,random,pool,2,extra,default,,0.8259086893826938,0.8546799693596813,1.21832753668155,2.2013787642363867,1.9940870747398347,92
fremtpl2_severity_log,random,pool,2,extra,tuned,"{'max_features': 'sqrt', 'min_samples_leaf': 20}",0.7339055475260408,0.7643693897235583,1.1273786197433102,2.156023920309032,1.9817857378837427,92
fremtpl2_severity_log,random,pool,2,hgb,default,,0.8015587644455049,0.8386445246133947,1.190197593286445,2.23684833088998,2.017476515896765,92
fremtpl2_severity_log,random,pool,2,hgb,tuned,"{'learning_rate': 0.03, 'max_leaf_nodes': 15, 'min_samples_leaf': 50}",0.7712961651318299,0.8007046870817403,1.157518906512369,2.187346121367382,1.9879295803567196,92
fremtpl2_severity_log,random,pool,3,rf,default,,0.8218335756070781,0.8484739631592134,1.216487711494021,2.288113809667692,2.0485445003003755,100
fremtpl2_severity_log,random,pool,3,rf,tuned,"{'max_features': 'sqrt', 'min_samples_leaf': 20}",0.777250138709081,0.7964073878911575,1.1859375487526844,2.262884669601362,2.030578366693031,100
fremtpl2_severity_log,random,pool,3,extra,default,,0.8551163674493146,0.8748104522616672,1.23925819981728,2.263104866242903,2.041039099809377,100
fremtpl2_severity_log,random,pool,3,extra,tuned,"{'max_features': 'sqrt', 'min_samples_leaf': 20}",0.7768906802217407,0.7969488979354121,1.1899757677332812,2.27468140981628,2.042172370870134,100
fremtpl2_severity_log,random,pool,3,hgb,default,,0.8214565216877936,0.851471035132478,1.2166369837586064,2.2418087059119225,1.9943649343929295,100
fremtpl2_severity_log,random,pool,3,hgb,tuned,"{'learning_rate': 0.03, 'max_leaf_nodes': 15, 'min_samples_leaf': 50}",0.8020630907151105,0.8258983397580723,1.2013518249435684,2.2657853406434505,2.028644368012028,100
fremtpl2_severity_log,random,pool,4,rf,default,,0.8651656630695586,0.8956713071165898,1.2699775266141144,2.098688449247104,1.9326939279682311,99
fremtpl2_severity_log,random,pool,4,rf,tuned,"{'max_features': 'sqrt', 'min_samples_leaf': 20}",0.8042210076814499,0.8261917657084621,1.224788020279544,2.032277297423204,1.8909303153882544,99
fremtpl2_severity_log,random,pool,4,extra,default,,0.8788648793258401,0.9126960755401481,1.2969530550246715,2.13246439030184,1.9443984937290308,99
fremtpl2_severity_log,random,pool,4,extra,tuned,"{'max_features': 'sqrt', 'min_samples_leaf': 20}",0.8017381406372449,0.8208679352759359,1.225232789832899,2.0423557511403807,1.9059941080767007,99
fremtpl2_severity_log,random,pool,4,hgb,default,,0.8708406388213821,0.9071738330259427,1.2862666018835678,2.113479892257183,1.9456362759247507,99
fremtpl2_severity_log,random,pool,4,hgb,tuned,"{'learning_rate': 0.03, 'max_leaf_nodes': 15, 'min_samples_leaf': 50}",0.8279920201859647,0.860247346715287,1.2488595796944157,2.0609574333902603,1.8979153732682472,99
fremtpl2_severity_log,random,pool,5,rf,default,,0.838383081090711,0.8737980007845519,1.253157211669188,2.276775827521843,2.0642863532218723,101
fremtpl2_severity_log,random,pool,5,rf,tuned,"{'max_features': 'sqrt', 'min_samples_leaf': 20}",0.7741806122917075,0.8035620479208321,1.197681828635525,2.2573428507745783,2.059407643580919,101
fremtpl2_severity_log,random,pool,5,extra,default,,0.8531434130664255,0.8943041163017933,1.283917869744968,2.3097052983618798,2.0669043640873346,101
fremtpl2_severity_log,random,pool,5,extra,tuned,"{'max_features': 'sqrt', 'min_samples_leaf': 20}",0.7749312971295685,0.8039242029687566,1.2010551367957951,2.268863919540664,2.0735241973036755,101
fremtpl2_severity_log,random,pool,5,hgb,default,,0.8424621953976252,0.8792360695327041,1.2584385113342451,2.270503273354935,2.049212462010475,101
fremtpl2_severity_log,random,pool,5,hgb,tuned,"{'learning_rate': 0.03, 'max_leaf_nodes': 15, 'min_samples_leaf': 20}",0.8003249389895777,0.8332292757971064,1.2239250010503486,2.2689083108376673,2.053524806148799,101
fremtpl2_severity_log,random,pool,6,rf,default,,0.8988155564590656,0.9095960648121143,1.2919137473334716,2.205352305121153,2.002749383641613,112
fremtpl2_severity_log,random,pool,6,rf,tuned,"{'max_features': 'sqrt', 'min_samples_leaf': 20}",0.8526217131328199,0.8511857260735848,1.2573087697110308,2.1925241836645903,2.0102851920241998,112
fremtpl2_severity_log,random,pool,6,extra,default,,0.924640513697548,0.9369333746880186,1.3176657711406865,2.2406664964627434,2.0380983985614756,112
fremtpl2_severity_log,random,pool,6,extra,tuned,"{'max_features': 'sqrt', 'min_samples_leaf': 20}",0.855210151098727,0.8544472551058778,1.26179932546238,2.21640854839839,2.0324573334068554,112
fremtpl2_severity_log,random,pool,6,hgb,default,,0.8979713334122759,0.9116042808182169,1.2958254435304435,2.1997093190270793,1.9880322095899499,112
fremtpl2_severity_log,random,pool,6,hgb,tuned,"{'learning_rate': 0.03, 'max_leaf_nodes': 15, 'min_samples_leaf': 20}",0.8737462453682562,0.8864398237940805,1.2804197733454918,2.2076272218143482,2.0037502016879207,112
fremtpl2_severity_log,random,pool,7,rf,default,,0.8518366761520324,0.8639160257320236,1.2426152626956495,2.1423275999972913,1.9211495313358107,118
fremtpl2_severity_log,random,pool,7,rf,tuned,"{'max_features': 'sqrt', 'min_samples_leaf': 20}",0.8058124804560768,0.8126676996525752,1.199778697515583,2.1116058443073573,1.9114189672854052,118
fremtpl2_severity_log,random,pool,7,extra,default,,0.9034135803049528,0.9069472200549658,1.279118310502096,2.1607199317628503,1.9355918715256557,118
fremtpl2_severity_log,random,pool,7,extra,tuned,"{'max_features': 'sqrt', 'min_samples_leaf': 20}",0.8058176712603023,0.8147807280513052,1.2015717109232904,2.122576796396105,1.9272415519566441,118
fremtpl2_severity_log,random,pool,7,hgb,default,,0.8538430890968123,0.8653645516152852,1.2316880929995948,2.134221637556155,1.906990605036135,118
fremtpl2_severity_log,random,pool,7,hgb,tuned,"{'learning_rate': 0.03, 'max_leaf_nodes': 15, 'min_samples_leaf': 50}",0.823136120229856,0.836824421678765,1.2118121631143646,2.1166522081113586,1.9048310051675597,118
fremtpl2_severity_log,random,pool,8,rf,default,,0.9260942468083152,0.9432260574608278,1.328805473763355,2.1566527488673857,1.9456495421522875,129
fremtpl2_severity_log,random,pool,8,rf,tuned,"{'max_features': 'sqrt', 'min_samples_leaf': 20}",0.9085801389126829,0.8999102477557213,1.3070799835446185,2.1306640853683194,1.9483361184529084,129
fremtpl2_severity_log,random,pool,8,extra,default,,0.9538995388024715,0.9663497012983002,1.345175722549877,2.188182056962454,1.9667421465198256,129
fremtpl2_severity_log,random,pool,8,extra,tuned,"{'max_features': 'sqrt', 'min_samples_leaf': 20}",0.9068587175983941,0.8961167673599901,1.309361351314157,2.1360784810957436,1.953612727650349,129
fremtpl2_severity_log,random,pool,8,hgb,default,,0.9328051822847742,0.9526578342399634,1.32689846744591,2.1444516720635884,1.944402778298328,129
fremtpl2_severity_log,random,pool,8,hgb,tuned,"{'learning_rate': 0.03, 'max_leaf_nodes': 15, 'min_samples_leaf': 50}",0.91527037730394,0.9224973921531485,1.3111976400181347,2.1381995501402646,1.9473848676610066,129
fremtpl2_severity_log,random,pool,9,rf,default,,0.8554618274157201,0.8783182528322031,1.2244169251039285,2.086452479451086,1.915289484584213,112
fremtpl2_severity_log,random,pool,9,rf,tuned,"{'max_features': 'sqrt', 'min_samples_leaf': 20}",0.8078346252663305,0.8263200833834516,1.1935925729735624,2.0219481388195573,1.8844959135435218,112
fremtpl2_severity_log,random,pool,9,extra,default,,0.8777281181338727,0.8988952083443532,1.2498634596797848,2.08508184292334,1.8920320813780107,112
fremtpl2_severity_log,random,pool,9,extra,tuned,"{'max_features': 'sqrt', 'min_samples_leaf': 20}",0.8021544377373251,0.8191955264124564,1.1929906201640388,2.033440081995077,1.902363530785983,112
fremtpl2_severity_log,random,pool,9,hgb,default,,0.8629532145356589,0.8847745494025808,1.2391056723251581,2.108590140613299,1.9203751557099424,112
fremtpl2_severity_log,random,pool,9,hgb,tuned,"{'learning_rate': 0.03, 'max_leaf_nodes': 15, 'min_samples_leaf': 50}",0.8289178377323823,0.8550589085508156,1.215977553175341,2.0656483782782376,1.8864551583757887,112
fremtpl2_severity_log,random,pool,10,rf,default,,0.8951047883224857,0.9180513461946735,1.3140937548367897,2.299536806820042,2.0624949866040394,114
fremtpl2_severity_log,random,pool,10,rf,tuned,"{'max_features': 'sqrt', 'min_samples_leaf': 20}",0.8289630418771363,0.8447162073361006,1.2616867644229348,2.199779949865224,1.9774882276292767,114
fremtpl2_severity_log,random,pool,10,extra,default,,0.9062194265082814,0.9347575684527508,1.331722939787347,2.3275042225187925,2.08275661177276,114
fremtpl2_severity_log,random,pool,10,extra,tuned,"{'max_features': 'sqrt', 'min_samples_leaf': 20}",0.8244796293893898,0.840951470500782,1.2620797905928534,2.2000157230651958,1.9792660888931062,114
fremtpl2_severity_log,random,pool,10,hgb,default,,0.8975646675535998,0.9222130813654255,1.3145756685226522,2.248819185314854,2.000057799069612,114
fremtpl2_severity_log,random,pool,10,hgb,tuned,"{'learning_rate': 0.03, 'max_leaf_nodes': 15, 'min_samples_leaf': 20}",0.8573434571258612,0.8783729675788333,1.2803924765715167,2.2276335660350743,1.9899395968016242,114
fremtpl2_severity_log,random,pool,11,rf,default,,0.8736122696161167,0.9021926797557704,1.2963838855911545,2.2428897750369705,2.0254830925456235,113
fremtpl2_severity_log,random,pool,11,rf,tuned,"{'max_features': 'sqrt', 'min_samples_leaf': 20}",0.8083686226597113,0.8216889684021421,1.2410206884465378,2.1751559425667235,1.9644473411118082,113
fremtpl2_severity_log,random,pool,11,extra,default,,0.897798547739289,0.921879103105246,1.3249107556426423,2.281127676901412,2.042549278896134,113
fremtpl2_severity_log,random,pool,11,extra,tuned,"{'max_features': 'sqrt', 'min_samples_leaf': 20}",0.802258103692656,0.8195981274136412,1.2370196029358693,2.166788691560393,1.964267313503295,113
fremtpl2_severity_log,random,pool,11,hgb,default,,0.8627132998987586,0.899161168725668,1.2867413029054888,2.233975679646667,1.9980259980299675,113
fremtpl2_severity_log,random,pool,11,hgb,tuned,"{'learning_rate': 0.03, 'max_leaf_nodes': 15, 'min_samples_leaf': 50}",0.8302337009267564,0.8645528822566401,1.2636000990512644,2.2011639351781134,1.9774683698532307,113
fremtpl2_severity_log,random,pool,12,rf,default,,0.8502651978218115,0.8755335893462045,1.2477087084377494,2.1239720500194776,1.926752498431818,115
fremtpl2_severity_log,random,pool,12,rf,tuned,"{'max_features': 'sqrt', 'min_samples_leaf': 20}",0.8012196839125748,0.8235087068322975,1.2151780354463586,2.075708286609471,1.9000722478427998,115
fremtpl2_severity_log,random,pool,12,extra,default,,0.8665252199119794,0.8952037935786452,1.2747257045981888,2.19551062982456,1.951374326237517,115
fremtpl2_severity_log,random,pool,12,extra,tuned,"{'max_features': 'sqrt', 'min_samples_leaf': 20}",0.8024248439412919,0.8257038867442195,1.220771971122222,2.0882713562698814,1.9148886879982228,115
fremtpl2_severity_log,random,pool,12,hgb,default,,0.8442840775354458,0.8764189046835346,1.2556672403442612,2.132524639317138,1.93642682985705,115
fremtpl2_severity_log,random,pool,12,hgb,tuned,"{'learning_rate': 0.03, 'max_leaf_nodes': 15, 'min_samples_leaf': 50}",0.8184786236380313,0.8412579948931739,1.225516407501745,2.086771059409128,1.904441737298481,115
fremtpl2_severity_log,random,pool,13,rf,default,,0.8934888981482889,0.9070915374691768,1.299265671556847,2.2297140303305967,1.9522734588942683,104
fremtpl2_severity_log,random,pool,13,rf,tuned,"{'max_features': 'sqrt', 'min_samples_leaf': 20}",0.8399468511440783,0.8483291498319101,1.255773802555761,2.1691428318511483,1.9273008721450713,104
fremtpl2_severity_log,random,pool,13,extra,default,,0.9196349609027681,0.9344273569104273,1.3207327995844764,2.2254196798130494,1.9527867956283012,104
fremtpl2_severity_log,random,pool,13,extra,tuned,"{'max_features': 'sqrt', 'min_samples_leaf': 20}",0.8413888909099112,0.8467831865156936,1.2534037567283618,2.1642996168173134,1.9362871655317153,104
fremtpl2_severity_log,random,pool,13,hgb,default,,0.8955971269293185,0.9329197896586617,1.3085229829570955,2.205853195607562,1.9204808474356303,104
fremtpl2_severity_log,random,pool,13,hgb,tuned,"{'learning_rate': 0.03, 'max_leaf_nodes': 15, 'min_samples_leaf': 50}",0.8650635845767916,0.8916723543157653,1.2824575686899453,2.193947017035151,1.9185962072268201,104
fremtpl2_severity_log,random,pool,14,rf,default,,0.8526810492403875,0.8769786131423415,1.263035771607885,2.3361022847568327,2.0876256996198683,102
fremtpl2_severity_log,random,pool,14,rf,tuned,"{'max_features': 'sqrt', 'min_samples_leaf': 20}",0.8004414101199161,0.8240095599653801,1.2217092165108157,2.276930863735539,2.066196609481277,102
fremtpl2_severity_log,random,pool,14,extra,default,,0.881700437187275,0.9097624783697179,1.3080086375692828,2.409875798258239,2.1320983654321113,102
fremtpl2_severity_log,random,pool,14,extra,tuned,"{'max_features': 'sqrt', 'min_samples_leaf': 20}",0.7919614366510228,0.8162703888255741,1.216068042849171,2.283298574863616,2.0792147634779408,102
fremtpl2_severity_log,random,pool,14,hgb,default,,0.8609520492023611,0.8952239883655293,1.2680087192338287,2.3236160168036846,2.0722693767627822,102
fremtpl2_severity_log,random,pool,14,hgb,tuned,"{'learning_rate': 0.03, 'max_leaf_nodes': 15, 'min_samples_leaf': 20}",0.8303352933548959,0.8599013758949154,1.2457260305100724,2.293578321519242,2.0670189484408206,102
fremtpl2_severity_log,random,pool,15,rf,default,,0.8778320880947968,0.8912594973030407,1.2589986965771967,2.279917704657602,2.126444347098042,86
fremtpl2_severity_log,random,pool,15,rf,tuned,"{'max_features': 'sqrt', 'min_samples_leaf': 20}",0.8273861159297418,0.8278222238219765,1.2181042157527089,2.2821348580911396,2.1415807958839617,86
fremtpl2_severity_log,random,pool,15,extra,default,,0.9086730868054324,0.9166532201297253,1.296774765386247,2.3147398796500585,2.134039398015212,86
fremtpl2_severity_log,random,pool,15,extra,tuned,"{'max_features': 'sqrt', 'min_samples_leaf': 20}",0.8239974612656593,0.8238442762850022,1.2182168450675497,2.2857378491622504,2.1416384559440194,86
fremtpl2_severity_log,random,pool,15,hgb,default,,0.8692544063181293,0.8917980124886106,1.2517775507311566,2.2606296759316726,2.11371763589268,86
fremtpl2_severity_log,random,pool,15,hgb,tuned,"{'learning_rate': 0.03, 'max_leaf_nodes': 15, 'min_samples_leaf': 50}",0.8425896865887675,0.8565911162832265,1.2322326889487651,2.2757640244930415,2.124665202038939,86
fremtpl2_severity_log,random,pool,16,rf,default,,0.8499647393679268,0.8734209769849641,1.2482336012613569,2.3488333133032464,2.1486070574518092,96
fremtpl2_severity_log,random,pool,16,rf,tuned,"{'max_features': 'sqrt', 'min_samples_leaf': 20}",0.7812209288674167,0.8080136340497295,1.1997583396608937,2.2987307513454716,2.10593517530666,96
fremtpl2_severity_log,random,pool,16,extra,default,,0.8929142549380784,0.916095964190037,1.3074238017437039,2.433736023393594,2.219612523569285,96
fremtpl2_severity_log,random,pool,16,extra,tuned,"{'max_features': 'sqrt', 'min_samples_leaf': 20}",0.7782056091684907,0.8035155786899263,1.2001540626070752,2.3052438075518666,2.10743092910224,96
fremtpl2_severity_log,random,pool,16,hgb,default,,0.8596076123220725,0.8943410686073375,1.2696428127043613,2.3667144582553576,2.142574695372039,96
fremtpl2_severity_log,random,pool,16,hgb,tuned,"{'learning_rate': 0.03, 'max_leaf_nodes': 15, 'min_samples_leaf': 50}",0.8151588568912307,0.8437184133395078,1.2243824893471633,2.319208212041388,2.1242770672146896,96
fremtpl2_severity_log,random,pool,17,rf,default,,0.8530811337572027,0.8853041924722552,1.2839182963829394,2.3917103160434525,2.0724426451421105,100
fremtpl2_severity_log,random,pool,17,rf,tuned,"{'max_features': 'sqrt', 'min_samples_leaf': 20}",0.8004268278215182,0.8300512022199766,1.2346436732556398,2.3237115493156555,2.049544935626207,100
fremtpl2_severity_log,random,pool,17,extra,default,,0.8690755732633504,0.9086854407397791,1.3102437594838932,2.417828705836502,2.0858646722589893,100
fremtpl2_severity_log,random,pool,17,extra,tuned,"{'max_features': 'sqrt', 'min_samples_leaf': 20}",0.7970128444266638,0.8225144422360474,1.2304706314393459,2.3163877825089267,2.0504081037327184,100
fremtpl2_severity_log,random,pool,17,hgb,default,,0.8543972797509688,0.887541646761388,1.2901335484472822,2.413597958042084,2.0808326538640505,100
fremtpl2_severity_log,random,pool,17,hgb,tuned,"{'learning_rate': 0.03, 'max_leaf_nodes': 15, 'min_samples_leaf': 20}",0.8308134846849297,0.8628752894408702,1.2673994944733735,2.3812799827796267,2.069855697585752,100
fremtpl2_severity_log,random,pool,18,rf,default,,0.8531181124424176,0.8783152557274152,1.2801155420647428,2.268484701623304,2.0135273087112813,112
fremtpl2_severity_log,random,pool,18,rf,tuned,"{'max_features': 'sqrt', 'min_samples_leaf': 20}",0.8101098286594828,0.8265741663045528,1.2458178651715976,2.2749111235854578,2.0398947101542357,112
fremtpl2_severity_log,random,pool,18,extra,default,,0.8780772203408451,0.9071291557656057,1.3098435172467808,2.3280190404650463,2.0511722300899367,112
fremtpl2_severity_log,random,pool,18,extra,tuned,"{'max_features': 'sqrt', 'min_samples_leaf': 20}",0.8065535858727293,0.8278552606646596,1.2472299552691701,2.293557756428952,2.059326702429454,112
fremtpl2_severity_log,random,pool,18,hgb,default,,0.856446721332519,0.8966217264199688,1.2916288731469912,2.2909767562987104,2.018834736997977,112
fremtpl2_severity_log,random,pool,18,hgb,tuned,"{'learning_rate': 0.03, 'max_leaf_nodes': 15, 'min_samples_leaf': 50}",0.8314617394950296,0.8542995458735714,1.2609827520539245,2.2709403283601564,2.028932938499122,112
fremtpl2_severity_log,random,pool,19,rf,default,,0.8514698493368859,0.873066701935179,1.2734276480580144,2.362106909718672,2.1169036880149723,106
fremtpl2_severity_log,random,pool,19,rf,tuned,"{'max_features': 'sqrt', 'min_samples_leaf': 20}",0.7807228600344086,0.8038041827422414,1.215425925379624,2.350181312262215,2.1178193440927138,106
fremtpl2_severity_log,random,pool,19,extra,default,,0.8550260296196684,0.8906211306564007,1.295589926321293,2.391215657578978,2.1151820077961343,106
fremtpl2_severity_log,random,pool,19,extra,tuned,"{'max_features': 'sqrt', 'min_samples_leaf': 20}",0.7761187081042664,0.8076215100836771,1.2159217511490266,2.3595667368847724,2.123780334072112,106
fremtpl2_severity_log,random,pool,19,hgb,default,,0.8548502902041208,0.8812441669110862,1.27648464115418,2.3829656127174053,2.12216390745004,106
fremtpl2_severity_log,random,pool,19,hgb,tuned,"{'learning_rate': 0.03, 'max_leaf_nodes': 15, 'min_samples_leaf': 20}",0.8213208007321527,0.8423692337419456,1.245631299869214,2.370757267641311,2.1354987198571456,106
fremtpl2_severity_log,random,pool,20,rf,default,,0.8137973000921402,0.8487181708260573,1.213815752839224,2.137873910513198,1.9197747235622737,85
fremtpl2_severity_log,random,pool,20,rf,tuned,"{'max_features': 'sqrt', 'min_samples_leaf': 20}",0.7505561595749011,0.7798681510300017,1.161988527675712,2.1026031282525297,1.9082807203102607,85
fremtpl2_severity_log,random,pool,20,extra,default,,0.8445826199760654,0.8789606650943538,1.248547623291157,2.1100577927121464,1.8870909028647482,85
fremtpl2_severity_log,random,pool,20,extra,tuned,"{'max_features': 'sqrt', 'min_samples_leaf': 20}",0.7478413528858759,0.7757749182520494,1.1601039685007852,2.10999158854344,1.9212868705143535,85
fremtpl2_severity_log,random,pool,20,hgb,default,,0.8120583970167343,0.84860903184103,1.2136877260850754,2.154734565744446,1.937401772075485,85
fremtpl2_severity_log,random,pool,20,hgb,tuned,"{'learning_rate': 0.03, 'max_leaf_nodes': 15, 'min_samples_leaf': 50}",0.7708087914682689,0.8101851566085185,1.1775378626710857,2.1272787304469953,1.9226009465282357,85
fremtpl2_severity_log,random,pool,21,rf,default,,0.8982733599744033,0.9329125504859678,1.3365618278761375,2.2305522799922275,1.9923736823484546,119
fremtpl2_severity_log,random,pool,21,rf,tuned,"{'max_features': 'sqrt', 'min_samples_leaf': 20}",0.8553741343502658,0.8725748157063402,1.29016654238106,2.193321950289803,1.9751047915283673,119
fremtpl2_severity_log,random,pool,21,extra,default,,0.9155745041243237,0.9562309620248054,1.3554511786978347,2.247165738838325,1.9792769295986943,119
fremtpl2_severity_log,random,pool,21,extra,tuned,"{'max_features': 'sqrt', 'min_samples_leaf': 20}",0.8581675389892444,0.8677343661220617,1.2927183472588188,2.2027880433546314,1.9833675175725423,119
fremtpl2_severity_log,random,pool,21,hgb,default,,0.8869129133482812,0.9195492517067843,1.3247907817984874,2.2448088344503536,1.9996230448146606,119
fremtpl2_severity_log,random,pool,21,hgb,tuned,"{'learning_rate': 0.03, 'max_leaf_nodes': 15, 'min_samples_leaf': 20}",0.8697935611676303,0.8996066971821896,1.3056569722047506,2.211435274693016,1.974684243918607,119
fremtpl2_severity_log,random,pool,22,rf,default,,0.8170447492165794,0.8516148735602166,1.208290643366174,2.0659747388368475,1.8961088125222738,101
fremtpl2_severity_log,random,pool,22,rf,tuned,"{'max_features': 'sqrt', 'min_samples_leaf': 20}",0.7680280989167295,0.801025332315922,1.1812767966544788,2.036073821828125,1.886019703352158,101
fremtpl2_severity_log,random,pool,22,extra,default,,0.8552966650145252,0.8811345600213707,1.2390055934892066,2.0871109072643113,1.8961389286914774,101
fremtpl2_severity_log,random,pool,22,extra,tuned,"{'max_features': 'sqrt', 'min_samples_leaf': 20}",0.7607660381024222,0.797694127477042,1.1821309884878446,2.05647424318652,1.9049571713101505,101
fremtpl2_severity_log,random,pool,22,hgb,default,,0.8289350684915041,0.8677445822193649,1.2220367841524424,2.0921432345464845,1.9096854188566867,101
fremtpl2_severity_log,random,pool,22,hgb,tuned,"{'learning_rate': 0.03, 'max_leaf_nodes': 15, 'min_samples_leaf': 50}",0.790518026358685,0.827789429042333,1.1997646413318885,2.0621739294734835,1.8881800108477045,101
fremtpl2_severity_log,random,pool,23,rf,default,,0.88294724953638,0.9092970311682312,1.3011964724625007,2.340949472566323,2.0969181745520773,106
fremtpl2_severity_log,random,pool,23,rf,tuned,"{'max_features': 'sqrt', 'min_samples_leaf': 20}",0.8365064764063778,0.8499334158014572,1.2691872180390658,2.329693239607088,2.108647888165527,106
fremtpl2_severity_log,random,pool,23,extra,default,,0.9107455265923828,0.9346175235100077,1.3278059754379306,2.4136952881417675,2.1524253574712096,106
fremtpl2_severity_log,random,pool,23,extra,tuned,"{'max_features': 'sqrt', 'min_samples_leaf': 20}",0.83716029042819,0.8503925527246368,1.274054567727037,2.3454910406670773,2.123786567023882,106
fremtpl2_severity_log,random,pool,23,hgb,default,,0.8799703098779154,0.9110573557933077,1.3068459553090617,2.379228002234962,2.1217252877715453,106
fremtpl2_severity_log,random,pool,23,hgb,tuned,"{'learning_rate': 0.03, 'max_leaf_nodes': 15, 'min_samples_leaf': 50}",0.8589352362320365,0.8812131545950713,1.2839634333445316,2.3610166301835553,2.1174325209065024,106
fremtpl2_severity_log,random,pool,24,rf,default,,0.8401882125301623,0.8700786049069824,1.2520011340084023,2.261070078983885,2.0106296957998584,101
fremtpl2_severity_log,random,pool,24,rf,tuned,"{'max_features': 'sqrt', 'min_samples_leaf': 20}",0.7924757225822916,0.8147305715819362,1.2036582515386682,2.1615643108523916,1.9581454455619793,101
fremtpl2_severity_log,random,pool,24,extra,default,,0.8670996948004462,0.903149275360227,1.2842196464844993,2.3159365340198117,2.041330143916154,101
fremtpl2_severity_log,random,pool,24,extra,tuned,"{'max_features': 'sqrt', 'min_samples_leaf': 20}",0.7904844657764342,0.8171236297484906,1.2056553018795113,2.156022411000068,1.9583661545823923,101
fremtpl2_severity_log,random,pool,24,hgb,default,,0.838471592286396,0.8760011109768089,1.250933738928102,2.209006720798681,1.9574239978990033,101
fremtpl2_severity_log,random,pool,24,hgb,tuned,"{'learning_rate': 0.03, 'max_leaf_nodes': 15, 'min_samples_leaf': 50}",0.8159878387977236,0.8421539900524561,1.2232310063544134,2.1819078691625435,1.965773977696029,101
fremtpl2_severity_log,random,pool,25,rf,default,,0.8568201975036791,0.8837924095647115,1.2400215203518912,2.210600411454909,1.997464300020451,99
fremtpl2_severity_log,random,pool,25,rf,tuned,"{'max_features': 'sqrt', 'min_samples_leaf': 20}",0.8160738579656589,0.8363886761843393,1.205394876517711,2.1727367272757783,1.986805565259511,99
fremtpl2_severity_log,random,pool,25,extra,default,,0.890844461910573,0.9150677528397412,1.2828120342245746,2.2579842671214743,2.0155346005900165,99
fremtpl2_severity_log,random,pool,25,extra,tuned,"{'max_features': 'sqrt', 'min_samples_leaf': 20}",0.8141340590202716,0.8323660926808104,1.2064116740628867,2.192275475420829,2.0063794107746022,99
fremtpl2_severity_log,random,pool,25,hgb,default,,0.8707207899196664,0.8984482119589687,1.2568802912932586,2.20548856843367,1.9900524862201867,99
fremtpl2_severity_log,random,pool,25,hgb,tuned,"{'learning_rate': 0.03, 'max_leaf_nodes': 15, 'min_samples_leaf': 20}",0.8356774598413855,0.8598847908091025,1.2167234805912945,2.1499846972214085,1.9458123803081664,99
fremtpl2_severity_log,random,pool,26,rf,default,,0.8893657871000963,0.9127405863805457,1.2970743981140207,2.2983504341269274,2.084271305659295,114
fremtpl2_severity_log,random,pool,26,rf,tuned,"{'max_features': 'sqrt', 'min_samples_leaf': 20}",0.8287109224549136,0.8513649700806395,1.2522376411730705,2.247505271018351,2.051290512223532,114
fremtpl2_severity_log,random,pool,26,extra,default,,0.9091482720783781,0.9281539925433039,1.3210023457528064,2.3542408049383137,2.1195953471757556,114
fremtpl2_severity_log,random,pool,26,extra,tuned,"{'max_features': 'sqrt', 'min_samples_leaf': 20}",0.8233823795262727,0.8477727389625136,1.250007611845907,2.2441124339262517,2.051643238329145,114
fremtpl2_severity_log,random,pool,26,hgb,default,,0.8925550497167809,0.9249884690781337,1.3134165198292962,2.313567364182382,2.083251521470167,114
fremtpl2_severity_log,random,pool,26,hgb,tuned,"{'learning_rate': 0.03, 'max_leaf_nodes': 15, 'min_samples_leaf': 50}",0.8574446244250508,0.882237720078088,1.2700346423808773,2.2360117400406527,2.0323989099466604,114
fremtpl2_severity_log,random,pool,27,rf,default,,0.819660233179222,0.8448642978586852,1.2046782013206543,2.2386832583247407,2.0229410501752185,94
fremtpl2_severity_log,random,pool,27,rf,tuned,"{'max_features': 'sqrt', 'min_samples_leaf': 20}",0.7541759984201332,0.7761687887837927,1.1606577556930793,2.199956619200876,2.018495763954866,94
fremtpl2_severity_log,random,pool,27,extra,default,,0.8452810229096542,0.8778563617266794,1.2409458360158656,2.302900013038169,2.0520152908869544,94
fremtpl2_severity_log,random,pool,27,extra,tuned,"{'max_features': 'sqrt', 'min_samples_leaf': 20}",0.7554980293505535,0.7794483169862595,1.1652930416663327,2.200918281692325,2.023058225073316,94
fremtpl2_severity_log,random,pool,27,hgb,default,,0.8197165395087326,0.8515810275743004,1.215065349034097,2.2568471113697557,2.0252612479876806,94
fremtpl2_severity_log,random,pool,27,hgb,tuned,"{'learning_rate': 0.03, 'max_leaf_nodes': 15, 'min_samples_leaf': 20}",0.7810219260575121,0.8071658970104731,1.1785678113314868,2.1918137630215226,1.9917387349300026,94
fremtpl2_severity_log,random,pool,28,rf,default,,0.8447329683302235,0.8782063018824661,1.2427295715252094,2.4003326381141687,2.1287222773548686,92
fremtpl2_severity_log,random,pool,28,rf,tuned,"{'max_features': 'sqrt', 'min_samples_leaf': 20}",0.7754207597113101,0.8003309104460703,1.1876439001802122,2.3247641458794033,2.081893137979464,92
fremtpl2_severity_log,random,pool,28,extra,default,,0.8515797293128369,0.888522930557255,1.2616013327848752,2.3780491044383236,2.0842396198899813,92
fremtpl2_severity_log,random,pool,28,extra,tuned,"{'max_features': 'sqrt', 'min_samples_leaf': 20}",0.7708950029686649,0.7987508427096907,1.190710418197986,2.334020715161614,2.094715934023939,92
fremtpl2_severity_log,random,pool,28,hgb,default,,0.8291002309695646,0.8720470055548821,1.236671421317021,2.3703969030228422,2.0790269656853853,92
fremtpl2_severity_log,random,pool,28,hgb,tuned,"{'learning_rate': 0.03, 'max_leaf_nodes': 15, 'min_samples_leaf': 50}",0.7995938098775998,0.8359011669256724,1.2101494251492104,2.329789304318267,2.050633667525552,92
fremtpl2_severity_log,random,pool,29,rf,default,,0.8316523815167711,0.8607041184053451,1.231588571616126,2.137033882085103,1.9240989294576452,80
fremtpl2_severity_log,random,pool,29,rf,tuned,"{'max_features': 'sqrt', 'min_samples_leaf': 20}",0.7910214840649058,0.8131797068162506,1.2130965148913209,2.1346244489151567,1.9431697524207299,80
fremtpl2_severity_log,random,pool,29,extra,default,,0.8669419379168589,0.8987890741911038,1.282424312733687,2.1456052011326165,1.918919885314168,80
fremtpl2_severity_log,random,pool,29,extra,tuned,"{'max_features': 'sqrt', 'min_samples_leaf': 20}",0.7885785409920179,0.8085460031169446,1.2145277858451855,2.1411636322529386,1.958173302125564,80
fremtpl2_severity_log,random,pool,29,hgb,default,,0.8436656155806849,0.8692019678388488,1.2461031289565028,2.1405418459039884,1.937141961168976,80
fremtpl2_severity_log,random,pool,29,hgb,tuned,"{'learning_rate': 0.03, 'max_leaf_nodes': 15, 'min_samples_leaf': 50}",0.810951943856451,0.8385692055340105,1.2266226392289092,2.1314377221258147,1.9316620240298683,80
fremtpl2_severity_log,random,pool,30,rf,default,,0.8405961025735449,0.8668675300985758,1.2553406466874524,2.4140564989712265,2.2026562734131803,100
fremtpl2_severity_log,random,pool,30,rf,tuned,"{'max_features': 'sqrt', 'min_samples_leaf': 20}",0.8112950442952467,0.8255224586118631,1.235714823005047,2.417534606505934,2.212888209601338,100
fremtpl2_severity_log,random,pool,30,extra,default,,0.8533816884102424,0.8849150662290944,1.2846905473305172,2.456581383903427,2.2130539248486487,100
fremtpl2_severity_log,random,pool,30,extra,tuned,"{'max_features': 'sqrt', 'min_samples_leaf': 20}",0.8157251148849872,0.8321502285294834,1.2432694597044929,2.447878774815582,2.242949554941273,100
fremtpl2_severity_log,random,pool,30,hgb,default,,0.8433176425665272,0.8748333726267497,1.262055838451247,2.3777081804130513,2.135365668590019,100
fremtpl2_severity_log,random,pool,30,hgb,tuned,"{'learning_rate': 0.03, 'max_leaf_nodes': 15, 'min_samples_leaf': 20}",0.8262258144829597,0.8465475040244985,1.2467796892030871,2.405700733030352,2.1854812374514423,100
