"dataset","protocol","fold","method","trmse","mae","rmse","layers","ok"
"sru_y1_static","random",1,"auto",0.0202453418367954,0.0227130913409029,0.0429826817246973,3,TRUE
"sru_y1_static","random",1,"auto-weak",0.0182027913128399,0.0220174924158841,0.045686640108194,3,TRUE
"sru_y1_static","random",1,"WPMM2",0.017985814068082,0.0219019115692024,0.0456145065232804,3,TRUE
"sru_y1_static","random",1,"WPMM3",0.0184535250300328,0.0220879478216327,0.0452990059525297,3,TRUE
"sru_y1_static","random",1,"LSE",0.0203026030159559,0.0233037893888875,0.0453308069776039,3,TRUE
"sru_y1_static","random",1,"ridge-LSE",0.0203573580352177,0.0237531697327853,0.0478223214788121,3,TRUE
"sru_y1_static","random",1,"Huber",0.0180512922737986,0.0215013422669888,0.0445311656203897,3,TRUE
"sru_y1_static","random",1,"L1",0.0187655577351916,0.0220939490262718,0.044769575806318,3,TRUE
"sru_y1_static","random",2,"auto",0.0189554770465023,0.0249040435726229,0.0566931760561179,3,TRUE
"sru_y1_static","random",2,"auto-weak",0.0177446029902767,0.0246079762477967,0.0603343318860915,3,TRUE
"sru_y1_static","random",2,"WPMM2",0.0180850704529338,0.0251865491606965,0.0616032178786856,3,TRUE
"sru_y1_static","random",2,"WPMM3",0.0179597727122687,0.0250686458762961,0.0604400431291469,3,TRUE
"sru_y1_static","random",2,"LSE",0.0203162838584748,0.0265393082445357,0.0561592457715155,3,TRUE
"sru_y1_static","random",2,"ridge-LSE",0.0198175140960752,0.0262253983858087,0.058530622646256,3,TRUE
"sru_y1_static","random",2,"Huber",0.0173779166790476,0.0241726625972155,0.0592217281861227,3,TRUE
"sru_y1_static","random",2,"L1",0.0176789480587814,0.0246988797684942,0.0604117471430331,3,TRUE
"sru_y1_static","random",3,"auto",0.0178932853544583,0.0226119391766973,0.0477255800706904,3,TRUE
"sru_y1_static","random",3,"auto-weak",0.0174983740474707,0.022920659900751,0.0515397511917528,3,TRUE
"sru_y1_static","random",3,"WPMM2",0.0176455228405259,0.0232883854962292,0.0522593157677816,3,TRUE
"sru_y1_static","random",3,"WPMM3",0.017486867445728,0.0228953085744007,0.0512609620379431,3,TRUE
"sru_y1_static","random",3,"LSE",0.0191117633124143,0.0234359695008549,0.047093434880235,3,TRUE
"sru_y1_static","random",3,"ridge-LSE",0.02007769997154,0.0243455143143494,0.0464299320050414,3,TRUE
"sru_y1_static","random",3,"Huber",0.0168670698243803,0.0222320936355555,0.0501878526593084,3,TRUE
"sru_y1_static","random",3,"L1",0.0174930898342813,0.0228311043423472,0.0511525002962804,3,TRUE
"sru_y1_static","random",4,"auto",0.0198005618323835,0.0232188982681339,0.0463419148021308,3,TRUE
"sru_y1_static","random",4,"auto-weak",0.017763154115268,0.0221153467423804,0.048094630667296,3,TRUE
"sru_y1_static","random",4,"WPMM2",0.017297295672692,0.0215896092672185,0.0484542056433046,3,TRUE
"sru_y1_static","random",4,"WPMM3",0.017690209647602,0.0218975022117145,0.0476828631463676,3,TRUE
"sru_y1_static","random",4,"LSE",0.019311774526597,0.0227480174779184,0.0445598072218463,3,TRUE
"sru_y1_static","random",4,"ridge-LSE",0.0205245212308929,0.0242014492655434,0.0483410852351479,3,TRUE
"sru_y1_static","random",4,"Huber",0.0175848902809824,0.0214912029996535,0.0466707838462676,3,TRUE
"sru_y1_static","random",4,"L1",0.0181425633012291,0.0221887495637497,0.0476618473597026,3,TRUE
"sru_y1_static","random",5,"auto",0.0191321651218613,0.0234849073925293,0.0528459711097884,3,TRUE
"sru_y1_static","random",5,"auto-weak",0.018013903583107,0.0234639545400249,0.0562678362677593,3,TRUE
"sru_y1_static","random",5,"WPMM2",0.0182050666788346,0.0235882659850722,0.0565075007093983,3,TRUE
"sru_y1_static","random",5,"WPMM3",0.0181184445956251,0.0230922908653696,0.0553516779590501,3,TRUE
"sru_y1_static","random",5,"LSE",0.0186568394134094,0.0232488166388134,0.0533805485041173,3,TRUE
"sru_y1_static","random",5,"ridge-LSE",0.0187126759930965,0.0228810942312776,0.0520866921194425,3,TRUE
"sru_y1_static","random",5,"Huber",0.0177255246810427,0.0229218471765143,0.0551808854624516,3,TRUE
"sru_y1_static","random",5,"L1",0.0184784528299164,0.0235017962559882,0.0558697426682838,3,TRUE
"sru_y1_static","random",6,"auto",0.0191641329218478,0.0258133595790733,0.0576829504809502,3,TRUE
"sru_y1_static","random",6,"auto-weak",0.0186238439441119,0.0258772812210049,0.0598617747589431,3,TRUE
"sru_y1_static","random",6,"WPMM2",0.0183019890290379,0.025913019014664,0.0610981463655863,3,TRUE
"sru_y1_static","random",6,"WPMM3",0.0186050008227462,0.026046850754986,0.0602025952779718,3,TRUE
"sru_y1_static","random",6,"LSE",0.0210149920371995,0.0265800361833389,0.0558029938862562,3,TRUE
"sru_y1_static","random",6,"ridge-LSE",0.0199199610517669,0.0235395286884514,0.0436353997536502,3,TRUE
"sru_y1_static","random",6,"Huber",0.0187658813886454,0.0255619748486518,0.0585407613553853,3,TRUE
"sru_y1_static","random",6,"L1",0.0180348741536368,0.0249837821453323,0.0589435458243792,3,TRUE
"sru_y1_static","random",7,"auto",0.0196105903161634,0.0250627495091488,0.0567018602330624,3,TRUE
"sru_y1_static","random",7,"auto-weak",0.017967546426881,0.02450278308542,0.0616386878439266,3,TRUE
"sru_y1_static","random",7,"WPMM2",0.0177501365536862,0.0242568148711208,0.0623882018039002,3,TRUE
"sru_y1_static","random",7,"WPMM3",0.0174204921070514,0.0239528795099712,0.0617227864043792,3,TRUE
"sru_y1_static","random",7,"LSE",0.0186836322630183,0.0244463186900775,0.0564652849152429,3,TRUE
"sru_y1_static","random",7,"ridge-LSE",0.0199170614074899,0.0254332859439871,0.0584457518185868,3,TRUE
"sru_y1_static","random",7,"Huber",0.0173567296610389,0.0239749310339009,0.0614735818624945,3,TRUE
"sru_y1_static","random",7,"L1",0.0171000484404032,0.0235994533458467,0.0605701096980664,3,TRUE
"sru_y1_static","random",8,"auto",0.0197189828874097,0.0225608470250739,0.0405876865418059,3,TRUE
"sru_y1_static","random",8,"auto-weak",0.0187061642988175,0.0226947069569379,0.0438575539666861,3,TRUE
"sru_y1_static","random",8,"WPMM2",0.0189430141788209,0.0228881720938697,0.0441699436097453,3,TRUE
"sru_y1_static","random",8,"WPMM3",0.0180143588097715,0.0219427293598406,0.0429923131918787,3,TRUE
"sru_y1_static","random",8,"LSE",0.021034418197812,0.024057354026992,0.0420436144635319,3,TRUE
"sru_y1_static","random",8,"ridge-LSE",0.0201130221678552,0.0229282997214347,0.0412353889400117,3,TRUE
"sru_y1_static","random",8,"Huber",0.0178853178891124,0.0216416835456797,0.0422293308931497,3,TRUE
"sru_y1_static","random",8,"L1",0.0187543150762849,0.0222886202365956,0.0428253876818492,3,TRUE
"sru_y1_static","random",9,"auto",0.0188227025137702,0.0239278206094072,0.0477376553647767,3,TRUE
"sru_y1_static","random",9,"auto-weak",0.0176669178602922,0.0232626076383702,0.0510935132592103,3,TRUE
"sru_y1_static","random",9,"WPMM2",0.0174066041522888,0.0232295029244649,0.0518529463813506,3,TRUE
"sru_y1_static","random",9,"WPMM3",0.0175411249864509,0.0232771046482743,0.0512044154834985,3,TRUE
"sru_y1_static","random",9,"LSE",0.0197671272577373,0.0238874624872587,0.0445479984293706,3,TRUE
"sru_y1_static","random",9,"ridge-LSE",0.019052105779443,0.0235003212486066,0.0437547362617328,3,TRUE
"sru_y1_static","random",9,"Huber",0.017114024821469,0.0225279232510612,0.0496158738685807,3,TRUE
"sru_y1_static","random",9,"L1",0.0177861668151607,0.023277695651469,0.0502029245212756,3,TRUE
"sru_y1_static","random",10,"auto",0.0186200673755197,0.026176455073526,0.0666556374925022,3,TRUE
"sru_y1_static","random",10,"auto-weak",0.0179982977687659,0.0267487816915016,0.0701760420419682,3,TRUE
"sru_y1_static","random",10,"WPMM2",0.0180120203428817,0.0267615989629567,0.0702317868844792,3,TRUE
"sru_y1_static","random",10,"WPMM3",0.0179071642064535,0.0261083258747488,0.0695237402897046,3,TRUE
"sru_y1_static","random",10,"LSE",0.0191059199242713,0.0257276998953353,0.0621214010464529,3,TRUE
"sru_y1_static","random",10,"ridge-LSE",0.0190665979900195,0.0243085762123281,0.056551467275073,3,TRUE
"sru_y1_static","random",10,"Huber",0.0180617315639866,0.0260679969221955,0.0684740986234686,3,TRUE
"sru_y1_static","random",10,"L1",0.0180565181233506,0.0260578217444939,0.0688198806081012,3,TRUE
"sru_y1_static","random",11,"auto",0.0198200835096087,0.0254710115852,0.0589740876765463,3,TRUE
"sru_y1_static","random",11,"auto-weak",0.0184884054402379,0.0255707919077029,0.065471909023813,3,TRUE
"sru_y1_static","random",11,"WPMM2",0.0182169449342542,0.0255587329072596,0.0655758012836848,3,TRUE
"sru_y1_static","random",11,"WPMM3",0.0176596655516448,0.0249550001235701,0.0648897677018629,3,TRUE
"sru_y1_static","random",11,"LSE",0.0207531846122149,0.0260798571662819,0.0565152915656841,3,TRUE
"sru_y1_static","random",11,"ridge-LSE",0.0202673443079412,0.0255467619815419,0.0565839737001517,3,TRUE
"sru_y1_static","random",11,"Huber",0.0181929660367975,0.0250124334510941,0.0643481923684034,3,TRUE
"sru_y1_static","random",11,"L1",0.0182634820087303,0.0250294891574681,0.0644626874915579,3,TRUE
"sru_y1_static","random",12,"auto",0.018402736047834,0.0234159231485721,0.0564035186161296,3,TRUE
"sru_y1_static","random",12,"auto-weak",0.017545427845837,0.0233105346884529,0.060006879443589,3,TRUE
"sru_y1_static","random",12,"WPMM2",0.0177598851393115,0.02372477308056,0.0600165241180868,3,TRUE
"sru_y1_static","random",12,"WPMM3",0.0174593686006888,0.0232235018505577,0.0595933291420006,3,TRUE
"sru_y1_static","random",12,"LSE",0.0190115454811594,0.022955437395073,0.0520755234715046,3,TRUE
"sru_y1_static","random",12,"ridge-LSE",0.0198222498888233,0.0247107985335199,0.0572246427890049,3,TRUE
"sru_y1_static","random",12,"Huber",0.0175597972032707,0.0219125205475892,0.051918079805301,3,TRUE
"sru_y1_static","random",12,"L1",0.0177032514976687,0.0232724781374501,0.0581097958956462,3,TRUE
"sru_y1_static","random",13,"auto",0.0204451129763977,0.0229562579647612,0.0373920517802754,3,TRUE
"sru_y1_static","random",13,"auto-weak",0.0173375576986324,0.0205367898517908,0.0370916212315016,3,TRUE
"sru_y1_static","random",13,"WPMM2",0.0174010317187161,0.0208152881054781,0.0378726653244919,3,TRUE
"sru_y1_static","random",13,"WPMM3",0.0171315152338995,0.0202686547685625,0.0370907699869303,3,TRUE
"sru_y1_static","random",13,"LSE",0.0190383075479009,0.0216954167899993,0.0348089212743939,3,TRUE
"sru_y1_static","random",13,"ridge-LSE",0.0191885197467506,0.0225399097211914,0.0409648161841149,3,TRUE
"sru_y1_static","random",13,"Huber",0.0170248235554678,0.020149509349909,0.0361019779855363,3,TRUE
"sru_y1_static","random",13,"L1",0.0169064435481674,0.0200960828557355,0.036228842218752,3,TRUE
"sru_y1_static","random",14,"auto",0.018962715541016,0.0235462562900008,0.0451589115922831,3,TRUE
"sru_y1_static","random",14,"auto-weak",0.0174944730436364,0.0233919105320211,0.0501382636177286,3,TRUE
"sru_y1_static","random",14,"WPMM2",0.0176638021185547,0.0240634073097432,0.0511778186247257,3,TRUE
"sru_y1_static","random",14,"WPMM3",0.0175209878828705,0.0238038893851369,0.0506764346761228,3,TRUE
"sru_y1_static","random",14,"LSE",0.0191121069953347,0.0225483818621375,0.0420905071820894,3,TRUE
"sru_y1_static","random",14,"ridge-LSE",0.0190396323336043,0.0230017785984024,0.044297838298175,3,TRUE
"sru_y1_static","random",14,"Huber",0.0171667009985142,0.02304268426079,0.0489807660621481,3,TRUE
"sru_y1_static","random",14,"L1",0.0170885365411164,0.0229867790256857,0.0495933013130223,3,TRUE
"sru_y1_static","random",15,"auto",0.0201375765326789,0.0259940070246304,0.0597526607766491,3,TRUE
"sru_y1_static","random",15,"auto-weak",0.0185894458505511,0.0254808729735166,0.0634620469039062,3,TRUE
"sru_y1_static","random",15,"WPMM2",0.0182051859357064,0.0253058777260662,0.0642833990587763,3,TRUE
"sru_y1_static","random",15,"WPMM3",0.0185179388884544,0.0253641288809048,0.0631858096675104,3,TRUE
"sru_y1_static","random",15,"LSE",0.0194983571035283,0.0251343078791665,0.0563118357552342,3,TRUE
"sru_y1_static","random",15,"ridge-LSE",0.0209059696799185,0.027256958728479,0.0610695628820693,3,TRUE
"sru_y1_static","random",15,"Huber",0.017804030927968,0.0247104733735914,0.0624403666114075,3,TRUE
"sru_y1_static","random",15,"L1",0.0186865282576288,0.0252792957533592,0.0627230302105483,3,TRUE
"sru_y1_static","random",16,"auto",0.0200354952947797,0.0281664435727148,0.0732214677955122,3,TRUE
"sru_y1_static","random",16,"auto-weak",0.0186340296909819,0.0276187592805646,0.0747691109017672,3,TRUE
"sru_y1_static","random",16,"WPMM2",0.0184961828251449,0.0277296140478101,0.0758289937904432,3,TRUE
"sru_y1_static","random",16,"WPMM3",0.0182861807333377,0.0275746931176917,0.0756620603716926,3,TRUE
"sru_y1_static","random",16,"LSE",0.0200055687764492,0.0278585871290815,0.0700152491602107,3,TRUE
"sru_y1_static","random",16,"ridge-LSE",0.0194174484914173,0.0276788448908237,0.0710329462802469,3,TRUE
"sru_y1_static","random",16,"Huber",0.0181922562060745,0.0272547279972731,0.0742842790675193,3,TRUE
"sru_y1_static","random",16,"L1",0.0186023047770797,0.0276836490089635,0.0749465024663139,3,TRUE
"sru_y1_static","random",17,"auto",0.0189538833513932,0.024004130944815,0.0548272147416603,3,TRUE
"sru_y1_static","random",17,"auto-weak",0.0178947149242368,0.0239909717529732,0.0600797506943003,3,TRUE
"sru_y1_static","random",17,"WPMM2",0.0184177491757409,0.0244792801725432,0.0607378547824073,3,TRUE
"sru_y1_static","random",17,"WPMM3",0.0180478786068173,0.0241313257755243,0.0600966243845214,3,TRUE
"sru_y1_static","random",17,"LSE",0.0194373199175888,0.0246275188270456,0.0565482644327043,3,TRUE
"sru_y1_static","random",17,"ridge-LSE",0.0189576898000799,0.0243062057512058,0.0565586181276534,3,TRUE
"sru_y1_static","random",17,"Huber",0.0177330613596003,0.0234503878279606,0.0589575510633843,3,TRUE
"sru_y1_static","random",17,"L1",0.0178861092658993,0.0238215836562154,0.0593995925909365,3,TRUE
"sru_y1_static","random",18,"auto",0.0195771873347236,0.0254593550974051,0.0552028930148661,3,TRUE
"sru_y1_static","random",18,"auto-weak",0.0184617827869609,0.0251586822922662,0.0579814586109516,3,TRUE
"sru_y1_static","random",18,"WPMM2",0.017612432859666,0.0247257071505894,0.0586710495685778,3,TRUE
"sru_y1_static","random",18,"WPMM3",0.0176872372782303,0.024485647766361,0.0575238890918283,3,TRUE
"sru_y1_static","random",18,"LSE",0.0196369625221788,0.0244662126261065,0.0491862135957705,3,TRUE
"sru_y1_static","random",18,"ridge-LSE",0.0196596344557905,0.0245669710279766,0.0476388604475511,3,TRUE
"sru_y1_static","random",18,"Huber",0.0179763144083824,0.0243400028081224,0.0560667310958328,3,TRUE
"sru_y1_static","random",18,"L1",0.0178790599818575,0.0244646382575967,0.0569378500338861,3,TRUE
"sru_y1_static","random",19,"auto",0.0187271587445884,0.0237712778610638,0.0536667716044651,3,TRUE
"sru_y1_static","random",19,"auto-weak",0.01781013980678,0.0237423981033148,0.0554988517043261,3,TRUE
"sru_y1_static","random",19,"WPMM2",0.0179778145046926,0.0240696605015014,0.0561773038391832,3,TRUE
"sru_y1_static","random",19,"WPMM3",0.0177980087584867,0.023788452269508,0.0556808362084715,3,TRUE
"sru_y1_static","random",19,"LSE",0.0198754962312039,0.0232786222160224,0.043853805786164,3,TRUE
"sru_y1_static","random",19,"ridge-LSE",0.0197120428948183,0.0246888819265494,0.0534928767638335,3,TRUE
"sru_y1_static","random",19,"Huber",0.0177839510092635,0.023505117167131,0.0552003289859025,3,TRUE
"sru_y1_static","random",19,"L1",0.0182100865702691,0.0236659643346713,0.0547891690009326,3,TRUE
"sru_y1_static","random",20,"auto",0.0185955187718553,0.0234315472136375,0.0533766042107705,3,TRUE
"sru_y1_static","random",20,"auto-weak",0.0174589763421818,0.0239184591995559,0.0605818470994682,3,TRUE
"sru_y1_static","random",20,"WPMM2",0.0178743429905481,0.0244108569369799,0.0611213630617232,3,TRUE
"sru_y1_static","random",20,"WPMM3",0.0176711181025728,0.0241231552650443,0.0602470512451447,3,TRUE
"sru_y1_static","random",20,"LSE",0.0189178695351685,0.0237200580766511,0.0525632615383701,3,TRUE
"sru_y1_static","random",20,"ridge-LSE",0.0182349268946487,0.0229390445300637,0.0521461917595514,3,TRUE
"sru_y1_static","random",20,"Huber",0.0177648728677633,0.0237178359467059,0.0593500372166208,3,TRUE
"sru_y1_static","random",20,"L1",0.0173012354593141,0.0236159668348119,0.0599810225619402,3,TRUE
"sru_y1_static","random",21,"auto",0.0199594773068996,0.0242948633549564,0.045824413276907,3,TRUE
"sru_y1_static","random",21,"auto-weak",0.0180460325765003,0.0234006349606882,0.0487816035672473,3,TRUE
"sru_y1_static","random",21,"WPMM2",0.0180165546136434,0.0232491702388186,0.0490275892896949,3,TRUE
"sru_y1_static","random",21,"WPMM3",0.0182439203500591,0.0231770171453458,0.0484137250551868,3,TRUE
"sru_y1_static","random",21,"LSE",0.0209400716380735,0.0251879917095199,0.0436734334172739,3,TRUE
"sru_y1_static","random",21,"ridge-LSE",0.0199352185919013,0.0241308654307154,0.0443265479808039,3,TRUE
"sru_y1_static","random",21,"Huber",0.0175739577134608,0.0225337594541809,0.0472098091123793,3,TRUE
"sru_y1_static","random",21,"L1",0.0174884583581368,0.0225231896862931,0.0475397444351789,3,TRUE
"sru_y1_static","random",22,"auto",0.0188139610598325,0.0226352598800396,0.0501949817872915,3,TRUE
"sru_y1_static","random",22,"auto-weak",0.017702333991791,0.0225302185618478,0.0524473094770082,3,TRUE
"sru_y1_static","random",22,"WPMM2",0.0177105396394094,0.0226493004616441,0.0530175638167574,3,TRUE
"sru_y1_static","random",22,"WPMM3",0.0173525588288644,0.0222710884580356,0.0523386673687352,3,TRUE
"sru_y1_static","random",22,"LSE",0.0188388057455818,0.0225034204919566,0.0488598442463567,3,TRUE
"sru_y1_static","random",22,"ridge-LSE",0.0199318815513035,0.0241862173689088,0.0509727604747866,3,TRUE
"sru_y1_static","random",22,"Huber",0.017356521002105,0.022123719474802,0.0518250899169688,3,TRUE
"sru_y1_static","random",22,"L1",0.0175867226319783,0.0220583244312676,0.051917115961815,3,TRUE
"sru_y1_static","random",23,"auto",0.0189678394692847,0.0257656641614503,0.0632797454917311,3,TRUE
"sru_y1_static","random",23,"auto-weak",0.0176879073432238,0.0256835774502552,0.0653778375215115,3,TRUE
"sru_y1_static","random",23,"WPMM2",0.0180672930400321,0.0259779582979909,0.0657142707005894,3,TRUE
"sru_y1_static","random",23,"WPMM3",0.0176667565415522,0.0253728406790898,0.0649535304537488,3,TRUE
"sru_y1_static","random",23,"LSE",0.0202895222979199,0.0268441492709067,0.0626389745762681,3,TRUE
"sru_y1_static","random",23,"ridge-LSE",0.0188359178675656,0.0249942878303665,0.059019820675492,3,TRUE
"sru_y1_static","random",23,"Huber",0.0174551483908503,0.0252460325648969,0.0644743608938486,3,TRUE
"sru_y1_static","random",23,"L1",0.017724870962148,0.0257031546730564,0.0652747127038068,3,TRUE
"sru_y1_static","random",24,"auto",0.0200752654225783,0.0250444777742068,0.0505813135359772,3,TRUE
"sru_y1_static","random",24,"auto-weak",0.0178518757916054,0.023945147571318,0.052265712618487,3,TRUE
"sru_y1_static","random",24,"WPMM2",0.0179968995434943,0.0241519904527256,0.0526734095992551,3,TRUE
"sru_y1_static","random",24,"WPMM3",0.0183330165785763,0.0243634370741857,0.0522079050690504,3,TRUE
"sru_y1_static","random",24,"LSE",0.0197891660634499,0.0242380560741574,0.0481786668010201,3,TRUE
"sru_y1_static","random",24,"ridge-LSE",0.0223143183097416,0.0270894046652254,0.0518761349666468,3,TRUE
"sru_y1_static","random",24,"Huber",0.0179386262515589,0.0238982530759731,0.051445620641246,3,TRUE
"sru_y1_static","random",24,"L1",0.0183526931349066,0.0241570777286439,0.052167003832261,3,TRUE
"sru_y1_static","random",25,"auto",0.0188932882914413,0.0246288900836567,0.0574784290583217,3,TRUE
"sru_y1_static","random",25,"auto-weak",0.0184391535021627,0.0249534790620992,0.0605303523053898,3,TRUE
"sru_y1_static","random",25,"WPMM2",0.0183564037830365,0.024893752628425,0.0601396632293016,3,TRUE
"sru_y1_static","random",25,"WPMM3",0.0178110152865582,0.0243078013722758,0.059627745481339,3,TRUE
"sru_y1_static","random",25,"LSE",0.0184325245125142,0.0239417090360402,0.0533016448376948,3,TRUE
"sru_y1_static","random",25,"ridge-LSE",0.01948587501124,0.0245990399512355,0.0525147310553557,3,TRUE
"sru_y1_static","random",25,"Huber",0.0173204355276535,0.0238224309402793,0.0587490289316622,3,TRUE
"sru_y1_static","random",25,"L1",0.0176167677497273,0.0240220102759769,0.0589472304895093,3,TRUE
"sru_y1_static","random",26,"auto",0.01946937824805,0.0285197046448187,0.0754523273358402,3,TRUE
"sru_y1_static","random",26,"auto-weak",0.0186192852130868,0.0287181057667485,0.0781880837145976,3,TRUE
"sru_y1_static","random",26,"WPMM2",0.0185951070236278,0.0289497411983675,0.0789681464520503,3,TRUE
"sru_y1_static","random",26,"WPMM3",0.0180456200143134,0.0282513827100613,0.0779470977167184,3,TRUE
"sru_y1_static","random",26,"LSE",0.0199628689694252,0.0289865407600571,0.0750738847549199,3,TRUE
"sru_y1_static","random",26,"ridge-LSE",0.019401789476719,0.0274779557044279,0.0690872014945625,3,TRUE
"sru_y1_static","random",26,"Huber",0.0182698000760988,0.0281983169752851,0.077014906878302,3,TRUE
"sru_y1_static","random",26,"L1",0.0179713003928865,0.0277326727051785,0.0771736975517255,3,TRUE
"sru_y1_static","random",27,"auto",0.0196302688166375,0.0222107748700872,0.0386667909941982,3,TRUE
"sru_y1_static","random",27,"auto-weak",0.0172133800503045,0.0204672932975452,0.0392964855024803,3,TRUE
"sru_y1_static","random",27,"WPMM2",0.0171601767144673,0.0206949733258373,0.040109578617107,3,TRUE
"sru_y1_static","random",27,"WPMM3",0.0163454141392431,0.0199153189924581,0.0393345015580059,3,TRUE
"sru_y1_static","random",27,"LSE",0.0205956045831299,0.0241464557498775,0.0413011131387264,3,TRUE
"sru_y1_static","random",27,"ridge-LSE",0.0187793783992489,0.0211520886856169,0.0353199339114586,3,TRUE
"sru_y1_static","random",27,"Huber",0.01692940695653,0.0202553278041031,0.0385558643554556,3,TRUE
"sru_y1_static","random",27,"L1",0.0171388887776084,0.020574464828991,0.0394598217820876,3,TRUE
"sru_y1_static","random",28,"auto",0.0184634409466911,0.02575310808219,0.0659121267649484,3,TRUE
"sru_y1_static","random",28,"auto-weak",0.0179360994116755,0.0258803491499035,0.0682085417196749,3,TRUE
"sru_y1_static","random",28,"WPMM2",0.0178283406807491,0.0260697407742776,0.0687224729260036,3,TRUE
"sru_y1_static","random",28,"WPMM3",0.0173414724322783,0.0255048661300411,0.0682861415063365,3,TRUE
"sru_y1_static","random",28,"LSE",0.0207190501372064,0.0261825489927876,0.0580059164958196,3,TRUE
"sru_y1_static","random",28,"ridge-LSE",0.0192538752483074,0.0251340387623758,0.0600652176438772,3,TRUE
"sru_y1_static","random",28,"Huber",0.0172591828861958,0.0252676934490996,0.0672076144281946,3,TRUE
"sru_y1_static","random",28,"L1",0.0179895555295939,0.0255641674341327,0.0674259477357309,3,TRUE
"sru_y1_static","random",29,"auto",0.0188993920095467,0.024242964292413,0.0521274919772676,3,TRUE
"sru_y1_static","random",29,"auto-weak",0.0176506259602342,0.0237849610320757,0.0555798902683377,3,TRUE
"sru_y1_static","random",29,"WPMM2",0.0174344184585411,0.0236906360995861,0.0558270170067452,3,TRUE
"sru_y1_static","random",29,"WPMM3",0.0174466138020364,0.023457937021457,0.0550565418555865,3,TRUE
"sru_y1_static","random",29,"LSE",0.0207105860561891,0.0259609205459011,0.0546510532724523,3,TRUE
"sru_y1_static","random",29,"ridge-LSE",0.0193551655380623,0.0241944941724035,0.0512115780914233,3,TRUE
"sru_y1_static","random",29,"Huber",0.0174532044258916,0.0237322777030099,0.0555225719053779,3,TRUE
"sru_y1_static","random",29,"L1",0.0176280849685421,0.0235298866468757,0.0546524338829282,3,TRUE
"sru_y1_static","random",30,"auto",0.0186010184845607,0.0226851065372182,0.0476741059538109,3,TRUE
"sru_y1_static","random",30,"auto-weak",0.0173808653883031,0.0222790841970474,0.0496100925788931,3,TRUE
"sru_y1_static","random",30,"WPMM2",0.0174361174034943,0.022456873120525,0.0500396929487554,3,TRUE
"sru_y1_static","random",30,"WPMM3",0.0173979040991555,0.0220840616998116,0.0493108212122376,3,TRUE
"sru_y1_static","random",30,"LSE",0.0196141315879577,0.0252765991268995,0.0571489224752187,3,TRUE
"sru_y1_static","random",30,"ridge-LSE",0.0191126505381868,0.0228852436884092,0.0402147116543698,3,TRUE
"sru_y1_static","random",30,"Huber",0.017698712341525,0.0222052529887012,0.0465906950777226,3,TRUE
"sru_y1_static","random",30,"L1",0.0175570674347262,0.0224270118435272,0.0489174188560525,3,TRUE
"sru_y1_static","blocked",1,"auto",0.0203912573785678,0.157970985139835,1.07418099849659,3,TRUE
"sru_y1_static","blocked",1,"auto-weak",0.03712918917633,0.0729852361862184,0.24022490622568,3,TRUE
"sru_y1_static","blocked",1,"WPMM2",0.0196825516217436,0.0318941762223616,0.0934924553598985,3,TRUE
"sru_y1_static","blocked",1,"WPMM3",0.0221639404565165,0.118915692801402,0.744799162918787,3,TRUE
"sru_y1_static","blocked",1,"LSE",0.0977439331060006,0.146324257051809,0.338521770781035,3,TRUE
"sru_y1_static","blocked",1,"ridge-LSE",0.0410352833741943,0.0635642511543675,0.149945139663611,3,TRUE
"sru_y1_static","blocked",1,"Huber",0.0198554568116591,0.0393460917714209,0.112302308816236,3,TRUE
"sru_y1_static","blocked",1,"L1",0.0196966831836054,0.0329909905578304,0.0932100882679498,3,TRUE
"sru_y1_static","blocked",2,"auto",0.0139702704062122,0.0142572665326692,0.0179575026406555,3,TRUE
"sru_y1_static","blocked",2,"auto-weak",0.0130505575614694,0.0132196203661622,0.016688216419243,3,TRUE
"sru_y1_static","blocked",2,"WPMM2",0.0138606392254434,0.0139762656783491,0.0174435105020033,3,TRUE
"sru_y1_static","blocked",2,"WPMM3",0.0130840855952306,0.013173046218008,0.0163644973777318,3,TRUE
"sru_y1_static","blocked",2,"LSE",0.0148287982637344,0.0147870048330285,0.0180207523374308,3,TRUE
"sru_y1_static","blocked",2,"ridge-LSE",0.0150925850386631,0.0152159854426789,0.0194789013990186,3,TRUE
"sru_y1_static","blocked",2,"Huber",0.0132289090615122,0.0133610824092575,0.0167059853713758,3,TRUE
"sru_y1_static","blocked",2,"L1",0.0135130238955437,0.0136101929651706,0.0171404650622248,3,TRUE
"sru_y1_static","blocked",3,"auto",0.0255816797091003,0.0792714358060303,0.499844454647577,3,TRUE
"sru_y1_static","blocked",3,"auto-weak",0.0220690369579628,0.0375023183305994,0.09474204692379,3,TRUE
"sru_y1_static","blocked",3,"WPMM2",0.0207986723444418,0.036528414253954,0.0937716479662245,3,TRUE
"sru_y1_static","blocked",3,"WPMM3",0.0212422800821841,0.0362455521274455,0.0928265603337931,3,TRUE
"sru_y1_static","blocked",3,"LSE",0.0242871422413096,0.0382261802427888,0.0954555030609283,3,TRUE
"sru_y1_static","blocked",3,"ridge-LSE",2.63576375082479,1.98494003438252,3.90266641898125,3,TRUE
"sru_y1_static","blocked",3,"Huber",0.0659738643984398,0.137295412895088,0.43743077615743,3,TRUE
"sru_y1_static","blocked",3,"L1",0.0235139390452773,0.0389718909948456,0.0963804504418165,3,TRUE
"sru_y1_static","blocked",4,"auto",0.0880334924367814,0.0875165295049627,0.139367850294412,3,TRUE
"sru_y1_static","blocked",4,"auto-weak",0.021945751078306,0.0255142196174935,0.0393222114220965,3,TRUE
"sru_y1_static","blocked",4,"WPMM2",0.0179072948194306,0.0216993286266646,0.0363257190133377,3,TRUE
"sru_y1_static","blocked",4,"WPMM3",0.0234622890158089,0.0274339916460616,0.0409016450256127,3,TRUE
"sru_y1_static","blocked",4,"LSE",0.0193871207067252,0.0230673697948164,0.0363922148693712,3,TRUE
"sru_y1_static","blocked",4,"ridge-LSE",0.0240147755414958,0.0271210043761756,0.0410970787310306,3,TRUE
"sru_y1_static","blocked",4,"Huber",0.0198986502639766,0.0236568234788835,0.0379813100745898,3,TRUE
"sru_y1_static","blocked",4,"L1",0.0255091931288373,0.0282566885639317,0.0406468404655917,3,TRUE
"sru_y1_static","blocked",5,"auto",0.0328889315169941,0.0332827951745135,0.0432595275216234,3,TRUE
"sru_y1_static","blocked",5,"auto-weak",0.0221280334901068,0.0232907752183184,0.0347689655539464,3,TRUE
"sru_y1_static","blocked",5,"WPMM2",0.0212609806344888,0.022944421992553,0.034286712847386,3,TRUE
"sru_y1_static","blocked",5,"WPMM3",0.0216132505232532,0.0227005774519871,0.0340806879061788,3,TRUE
"sru_y1_static","blocked",5,"LSE",0.0354908386204527,0.0359218280087977,0.0453665333680337,3,TRUE
"sru_y1_static","blocked",5,"ridge-LSE",0.0259871917610005,0.0269754146604773,0.037216916350581,3,TRUE
"sru_y1_static","blocked",5,"Huber",0.0271948404068631,0.0289196182679262,0.0392194866746973,3,TRUE
"sru_y1_static","blocked",5,"L1",0.0328793548267633,0.034355634547232,0.0451309602165832,3,TRUE
"sru_y1_dynamic","random",1,"auto",0.00253434343518004,0.00413844561288065,0.0131293640873088,3,TRUE
"sru_y1_dynamic","random",1,"auto-weak",0.00278265321326702,0.00443049128271707,0.0181611650460324,3,TRUE
"sru_y1_dynamic","random",1,"WPMM2",0.00274475686623188,0.00454042641809937,0.0184885553614524,3,TRUE
"sru_y1_dynamic","random",1,"WPMM3",0.00144950274561249,0.00299380487464959,0.0121912379156012,3,TRUE
"sru_y1_dynamic","random",1,"LSE",0.00395376287059526,0.00525775559678105,0.0137244345693887,3,TRUE
"sru_y1_dynamic","random",1,"ridge-LSE",0.00181031103530784,0.00332253937928745,0.0114199214523026,3,TRUE
"sru_y1_dynamic","random",1,"Huber",0.00297802648886057,0.00437838295718504,0.0141255675717819,3,TRUE
"sru_y1_dynamic","random",1,"L1",0.0029639905281233,0.00434486322240906,0.0150099398406299,3,TRUE
"sru_y1_dynamic","random",2,"auto",0.00320586573121491,0.00556600002106306,0.0175482271916799,3,TRUE
"sru_y1_dynamic","random",2,"auto-weak",0.00322695859744969,0.00605730712669565,0.0200554644365301,3,TRUE
"sru_y1_dynamic","random",2,"WPMM2",0.00211520463266849,0.00437417826056561,0.0188716639228439,3,TRUE
"sru_y1_dynamic","random",2,"WPMM3",0.00211942374409589,0.00446619703537096,0.0205027893995608,3,TRUE
"sru_y1_dynamic","random",2,"LSE",0.00231028484362048,0.00460813417921026,0.0177685758810108,3,TRUE
"sru_y1_dynamic","random",2,"ridge-LSE",0.00238627432626665,0.00472881158307425,0.0167980945749325,3,TRUE
"sru_y1_dynamic","random",2,"Huber",0.00320234698996643,0.00572972358373798,0.0188492265301978,3,TRUE
"sru_y1_dynamic","random",2,"L1",0.0020952701767089,0.00409434141487683,0.0170197559936697,3,TRUE
"sru_y1_dynamic","random",3,"auto",0.003615559639124,0.00582147963087372,0.0183986287392152,3,TRUE
"sru_y1_dynamic","random",3,"auto-weak",0.00276645805429056,0.00535094475602935,0.0208727588659107,3,TRUE
"sru_y1_dynamic","random",3,"WPMM2",0.00276311725703751,0.00461293654724559,0.0134354372815865,3,TRUE
"sru_y1_dynamic","random",3,"WPMM3",0.0027582015816383,0.00532084349362567,0.0207692427669041,3,TRUE
"sru_y1_dynamic","random",3,"LSE",0.00291737533534163,0.00543454423336197,0.0213951104631568,3,TRUE
"sru_y1_dynamic","random",3,"ridge-LSE",0.00343675543444244,0.00608273273899196,0.0214277195521441,3,TRUE
"sru_y1_dynamic","random",3,"Huber",0.00138335254038381,0.00322572526792028,0.0125877851623618,3,TRUE
"sru_y1_dynamic","random",3,"L1",0.00136823904983454,0.00328485638840651,0.0134204385549823,3,TRUE
"sru_y1_dynamic","random",4,"auto",0.00367766838233855,0.0049990044448564,0.0109696759392237,3,TRUE
"sru_y1_dynamic","random",4,"auto-weak",0.00307016145606523,0.00442578506843881,0.0111866492016851,3,TRUE
"sru_y1_dynamic","random",4,"WPMM2",0.00163311026241524,0.00301598475674995,0.0109763490490291,3,TRUE
"sru_y1_dynamic","random",4,"WPMM3",0.00166405738405646,0.0031573053955923,0.0118892204438204,3,TRUE
"sru_y1_dynamic","random",4,"LSE",0.0024076779457963,0.00364954570537445,0.00882875873111246,3,TRUE
"sru_y1_dynamic","random",4,"ridge-LSE",0.00201044898899634,0.00349268781971288,0.00991109270743434,3,TRUE
"sru_y1_dynamic","random",4,"Huber",0.00298745338090195,0.00429856279134033,0.0106699785931738,3,TRUE
"sru_y1_dynamic","random",4,"L1",0.00164184634342861,0.00306193949291455,0.0111685903103772,3,TRUE
"sru_y1_dynamic","random",5,"auto",0.00239404920783467,0.00421615254427331,0.0134869242367474,3,TRUE
"sru_y1_dynamic","random",5,"auto-weak",0.00344354454350756,0.00524423565046298,0.0190199574556111,3,TRUE
"sru_y1_dynamic","random",5,"WPMM2",0.00336803401105267,0.00525355439188299,0.018800146185938,3,TRUE
"sru_y1_dynamic","random",5,"WPMM3",0.00190829804798239,0.00349065468414745,0.0146814370968601,3,TRUE
"sru_y1_dynamic","random",5,"LSE",0.00264121684274314,0.00408592678959554,0.0110831069334624,3,TRUE
"sru_y1_dynamic","random",5,"ridge-LSE",0.00249288239386248,0.00421811032736387,0.0153239640136611,3,TRUE
"sru_y1_dynamic","random",5,"Huber",0.00334674362703009,0.0051018772532197,0.0177349140297754,3,TRUE
"sru_y1_dynamic","random",5,"L1",0.0034169850624094,0.00516206325784423,0.0175679485584398,3,TRUE
"sru_y1_dynamic","random",6,"auto",0.003730935093099,0.00574626171935478,0.0155306575780801,3,TRUE
"sru_y1_dynamic","random",6,"auto-weak",0.00325151778512288,0.00521759884817883,0.015095155674215,3,TRUE
"sru_y1_dynamic","random",6,"WPMM2",0.00183053444016108,0.00339518210347837,0.0128510786702852,3,TRUE
"sru_y1_dynamic","random",6,"WPMM3",0.00327905667780572,0.0051589226818966,0.0142239136289159,3,TRUE
"sru_y1_dynamic","random",6,"LSE",0.00268031276372341,0.00485476944904835,0.0237006110202911,3,TRUE
"sru_y1_dynamic","random",6,"ridge-LSE",0.00349284076957565,0.0057222672050257,0.0258822666794748,3,TRUE
"sru_y1_dynamic","random",6,"Huber",0.00351442903934494,0.00510543985063388,0.0128111634628174,3,TRUE
"sru_y1_dynamic","random",6,"L1",0.00325253483580746,0.00509507639504539,0.0144702579051475,3,TRUE
"sru_y1_dynamic","random",7,"auto",0.00338716514526646,0.0052880446128423,0.0143445605831695,3,TRUE
"sru_y1_dynamic","random",7,"auto-weak",0.00265812809503666,0.00469667847956143,0.0147060550638447,3,TRUE
"sru_y1_dynamic","random",7,"WPMM2",0.00134001883498461,0.00335223756726981,0.0133039722680747,3,TRUE
"sru_y1_dynamic","random",7,"WPMM3",0.00137391427202171,0.00312830394064161,0.0131227177861968,3,TRUE
"sru_y1_dynamic","random",7,"LSE",0.00236914940202946,0.00401060385341787,0.0120320704238806,3,TRUE
"sru_y1_dynamic","random",7,"ridge-LSE",0.00277607565433895,0.00531053560958648,0.0182821064336532,3,TRUE
"sru_y1_dynamic","random",7,"Huber",0.00275534997800925,0.0045515435671902,0.0133563424195177,3,TRUE
"sru_y1_dynamic","random",7,"L1",0.00265026592507439,0.0047244877706596,0.015903615136898,3,TRUE
"sru_y1_dynamic","random",8,"auto",0.00295851113237089,0.00415557004158991,0.00956745383313906,3,TRUE
"sru_y1_dynamic","random",8,"auto-weak",0.00212520806742606,0.00334992658573707,0.0105128808582236,3,TRUE
"sru_y1_dynamic","random",8,"WPMM2",0.00208630269754657,0.0032376084061431,0.0102080608509221,3,TRUE
"sru_y1_dynamic","random",8,"WPMM3",0.0037716347143015,0.00494415542585331,0.0117660649629232,3,TRUE
"sru_y1_dynamic","random",8,"LSE",0.00278914522198463,0.00398565712118456,0.0105527584300053,3,TRUE
"sru_y1_dynamic","random",8,"ridge-LSE",0.00296890363652555,0.00415917799841367,0.011065801400481,3,TRUE
"sru_y1_dynamic","random",8,"Huber",0.00388863709303663,0.00504997168130236,0.0112771502482777,3,TRUE
"sru_y1_dynamic","random",8,"L1",0.00367983714831279,0.00488694823865649,0.0117352224405599,3,TRUE
"sru_y1_dynamic","random",9,"auto",0.00228887928406542,0.00454702962578437,0.0183537514721389,3,TRUE
"sru_y1_dynamic","random",9,"auto-weak",0.0027812466235938,0.00551885939735991,0.0240126598411063,3,TRUE
"sru_y1_dynamic","random",9,"WPMM2",0.00177888243446199,0.00411571132503413,0.0196660327019747,3,TRUE
"sru_y1_dynamic","random",9,"WPMM3",0.00277023490241204,0.00547501111266432,0.0236683971842796,3,TRUE
"sru_y1_dynamic","random",9,"LSE",0.00245161026618688,0.00466267650655027,0.0169865362256092,3,TRUE
"sru_y1_dynamic","random",9,"ridge-LSE",0.0028468187201634,0.005595286274401,0.0241238667759663,3,TRUE
"sru_y1_dynamic","random",9,"Huber",0.0028028858127146,0.00525731443932327,0.0225681250510518,3,TRUE
"sru_y1_dynamic","random",9,"L1",0.00282875893840413,0.00504112859699902,0.0206548167500497,3,TRUE
"sru_y1_dynamic","random",10,"auto",0.00341613989024147,0.00539913859172537,0.0172347275871877,3,TRUE
"sru_y1_dynamic","random",10,"auto-weak",0.00125870519644458,0.00281449341866796,0.0103693798601033,3,TRUE
"sru_y1_dynamic","random",10,"WPMM2",0.00293238133491993,0.00462895555892915,0.014697977458271,3,TRUE
"sru_y1_dynamic","random",10,"WPMM3",0.0012532767078017,0.00312511984654153,0.0123718490368283,3,TRUE
"sru_y1_dynamic","random",10,"LSE",0.00394645382936611,0.00580549708756044,0.0176691527110453,3,TRUE
"sru_y1_dynamic","random",10,"ridge-LSE",0.00404462941444013,0.00547897406619789,0.0118423001564113,3,TRUE
"sru_y1_dynamic","random",10,"Huber",0.00129485886503002,0.00291161281422086,0.0105850582237941,3,TRUE
"sru_y1_dynamic","random",10,"L1",0.00129302303164077,0.00298684313019439,0.0119252969020208,3,TRUE
"sru_y1_dynamic","random",11,"auto",0.00298498031135792,0.00451053640119603,0.0144889622909872,3,TRUE
"sru_y1_dynamic","random",11,"auto-weak",0.00217340067104526,0.00349508732611347,0.0114086521994613,3,TRUE
"sru_y1_dynamic","random",11,"WPMM2",0.00211086645206146,0.0036153643776976,0.0130541736010449,3,TRUE
"sru_y1_dynamic","random",11,"WPMM3",0.00305214842736767,0.00487194413494915,0.0130770833900791,3,TRUE
"sru_y1_dynamic","random",11,"LSE",0.00247668350327316,0.00425370994100572,0.0130570837853664,3,TRUE
"sru_y1_dynamic","random",11,"ridge-LSE",0.00267879370174864,0.00445349681520039,0.0124009366754521,3,TRUE
"sru_y1_dynamic","random",11,"Huber",0.00316637252880798,0.00477992150924715,0.0118225083539105,3,TRUE
"sru_y1_dynamic","random",11,"L1",0.00217157071715448,0.00345890946846173,0.0111684189246416,3,TRUE
"sru_y1_dynamic","random",12,"auto",0.00285975896345604,0.00407026485856676,0.00860634321261313,3,TRUE
"sru_y1_dynamic","random",12,"auto-weak",0.00156739526262799,0.00269333114336868,0.00914310054558203,3,TRUE
"sru_y1_dynamic","random",12,"WPMM2",0.00150328100221417,0.00266890682760676,0.00911891733464146,3,TRUE
"sru_y1_dynamic","random",12,"WPMM3",0.00155431737041508,0.00270964631653745,0.00932927417693821,3,TRUE
"sru_y1_dynamic","random",12,"LSE",0.00280368124352597,0.00394866014058294,0.0089981332991904,3,TRUE
"sru_y1_dynamic","random",12,"ridge-LSE",0.00257755857204645,0.00370851805289453,0.00836553222915881,3,TRUE
"sru_y1_dynamic","random",12,"Huber",0.0031725829407383,0.00443805056635794,0.0102470534744264,3,TRUE
"sru_y1_dynamic","random",12,"L1",0.00158126102390675,0.00276489691440081,0.00902921917979631,3,TRUE
"sru_y1_dynamic","random",13,"auto",0.00360658053629582,0.00518008969512539,0.0145774487973527,3,TRUE
"sru_y1_dynamic","random",13,"auto-weak",0.00285726434688116,0.00476505888431433,0.0189861022264889,3,TRUE
"sru_y1_dynamic","random",13,"WPMM2",0.0013124606084094,0.00275835946599667,0.011914527625371,3,TRUE
"sru_y1_dynamic","random",13,"WPMM3",0.00282108484198153,0.00475651988360863,0.0190153660863244,3,TRUE
"sru_y1_dynamic","random",13,"LSE",0.00288370730720332,0.00481812331431564,0.0189322062674424,3,TRUE
"sru_y1_dynamic","random",13,"ridge-LSE",0.00211820946986138,0.00364623173169303,0.0118844859982476,3,TRUE
"sru_y1_dynamic","random",13,"Huber",0.00126648047315791,0.00270122641734594,0.0112315354873679,3,TRUE
"sru_y1_dynamic","random",13,"L1",0.00136915010983103,0.00285010274146183,0.0139672227714102,3,TRUE
"sru_y1_dynamic","random",14,"auto",0.00237326108261737,0.00444947026114631,0.0220487094891946,3,TRUE
"sru_y1_dynamic","random",14,"auto-weak",0.00185874724441317,0.00418393895810514,0.0295969870729787,3,TRUE
"sru_y1_dynamic","random",14,"WPMM2",0.00307395996868567,0.00501483185815555,0.0151368073090009,3,TRUE
"sru_y1_dynamic","random",14,"WPMM3",0.0017916132108694,0.00341651305440767,0.0124528070623429,3,TRUE
"sru_y1_dynamic","random",14,"LSE",0.00259020593627292,0.00473249882199374,0.018608974547936,3,TRUE
"sru_y1_dynamic","random",14,"ridge-LSE",0.00255785307125841,0.00458067258814591,0.0190587977724404,3,TRUE
"sru_y1_dynamic","random",14,"Huber",0.0018475723770329,0.00367244979008018,0.0157845508538851,3,TRUE
"sru_y1_dynamic","random",14,"L1",0.00185186190615784,0.00345453662056112,0.0123995091714442,3,TRUE
"sru_y1_dynamic","random",15,"auto",0.00325162227655436,0.00559803197917791,0.0177544956721326,3,TRUE
"sru_y1_dynamic","random",15,"auto-weak",0.00289097110935325,0.00521782360509533,0.0177770898425435,3,TRUE
"sru_y1_dynamic","random",15,"WPMM2",0.00159155332461408,0.00372245582211491,0.0156329429312055,3,TRUE
"sru_y1_dynamic","random",15,"WPMM3",0.00156026751662024,0.00348350965997583,0.0132261267544552,3,TRUE
"sru_y1_dynamic","random",15,"LSE",0.00298251076095875,0.00501944067035427,0.0139455343937709,3,TRUE
"sru_y1_dynamic","random",15,"ridge-LSE",0.00234199577180667,0.00437867593696611,0.0134284875544639,3,TRUE
"sru_y1_dynamic","random",15,"Huber",0.00290092702494848,0.00516836574107632,0.0157248863926277,3,TRUE
"sru_y1_dynamic","random",15,"L1",0.00157228788360811,0.00357969827640331,0.0140172038156457,3,TRUE
"sru_y1_dynamic","random",16,"auto",0.00296579721585676,0.00543586372171528,0.0296376359205146,3,TRUE
"sru_y1_dynamic","random",16,"auto-weak",0.00372817626383868,0.00617641315688215,0.0222227767119031,3,TRUE
"sru_y1_dynamic","random",16,"WPMM2",0.00381118923078695,0.00682479269859818,0.0254981250002461,3,TRUE
"sru_y1_dynamic","random",16,"WPMM3",0.00197313723109743,0.00497697099612627,0.0315290207423483,3,TRUE
"sru_y1_dynamic","random",16,"LSE",0.00269572085204274,0.00472998916416815,0.0153726110047469,3,TRUE
"sru_y1_dynamic","random",16,"ridge-LSE",0.00391217566153445,0.00647962001204629,0.0205359720831812,3,TRUE
"sru_y1_dynamic","random",16,"Huber",0.00196777048683493,0.00355784003580981,0.0141725226959249,3,TRUE
"sru_y1_dynamic","random",16,"L1",0.0037600372520785,0.00571897938436296,0.0196638404194944,3,TRUE
"sru_y1_dynamic","random",17,"auto",0.00263389197887776,0.00449171908539442,0.0159829559784348,3,TRUE
"sru_y1_dynamic","random",17,"auto-weak",0.0017126682692918,0.00341374955806378,0.01543595819801,3,TRUE
"sru_y1_dynamic","random",17,"WPMM2",0.00170884345481969,0.00362285601549648,0.016337665178259,3,TRUE
"sru_y1_dynamic","random",17,"WPMM3",0.00170524784904818,0.00357771690301709,0.0161457572860668,3,TRUE
"sru_y1_dynamic","random",17,"LSE",0.00260135804472749,0.00459707167993224,0.0157620333276833,3,TRUE
"sru_y1_dynamic","random",17,"ridge-LSE",0.00323617147601106,0.00509746273814517,0.0159196234555902,3,TRUE
"sru_y1_dynamic","random",17,"Huber",0.00292503468790393,0.00491350303774367,0.0171056167881856,3,TRUE
"sru_y1_dynamic","random",17,"L1",0.0016731838590445,0.00340960844559935,0.0156054358785482,3,TRUE
"sru_y1_dynamic","random",18,"auto",0.00301823494539067,0.00491395067402564,0.0191714770050496,3,TRUE
"sru_y1_dynamic","random",18,"auto-weak",0.00173984300009277,0.00395346928590024,0.0176871138858084,3,TRUE
"sru_y1_dynamic","random",18,"WPMM2",0.00181556144055066,0.00457533177344556,0.0383838820603963,3,TRUE
"sru_y1_dynamic","random",18,"WPMM3",0.0031311172042166,0.00672014623213629,0.0437376270096624,3,TRUE
"sru_y1_dynamic","random",18,"LSE",0.00282539528994358,0.00497975396914151,0.0209786864489425,3,TRUE
"sru_y1_dynamic","random",18,"ridge-LSE",0.00429340308112834,0.00640441388968574,0.0246861127166818,3,TRUE
"sru_y1_dynamic","random",18,"Huber",0.00182759156109598,0.00402949164425288,0.0217551934012096,3,TRUE
"sru_y1_dynamic","random",18,"L1",0.00185223761433951,0.00387511761888178,0.0195999873610403,3,TRUE
"sru_y1_dynamic","random",19,"auto",0.00225116227871586,0.00380211028216638,0.0131082000360062,3,TRUE
"sru_y1_dynamic","random",19,"auto-weak",0.00184845401644503,0.00340473317276642,0.013835850678545,3,TRUE
"sru_y1_dynamic","random",19,"WPMM2",0.00322337984079081,0.00475167641482308,0.0146119443196115,3,TRUE
"sru_y1_dynamic","random",19,"WPMM3",0.00181334945219833,0.00338844555379743,0.0140636174160459,3,TRUE
"sru_y1_dynamic","random",19,"LSE",0.00212253412705603,0.00380708553778515,0.013054538874299,3,TRUE
"sru_y1_dynamic","random",19,"ridge-LSE",0.00267272638628721,0.00413998405849185,0.0129978167019717,3,TRUE
"sru_y1_dynamic","random",19,"Huber",0.00317259084630975,0.00465134512286191,0.0139639533428655,3,TRUE
"sru_y1_dynamic","random",19,"L1",0.00352761314922772,0.00474164256599895,0.0136619157404483,3,TRUE
"sru_y1_dynamic","random",20,"auto",0.00233725671278584,0.0035380121363282,0.00811150289488648,3,TRUE
"sru_y1_dynamic","random",20,"auto-weak",0.00150896256452388,0.00294613310250987,0.0101379566721835,3,TRUE
"sru_y1_dynamic","random",20,"WPMM2",0.0030017533744345,0.00514263805716969,0.0219687138371624,3,TRUE
"sru_y1_dynamic","random",20,"WPMM3",0.00292008512394335,0.00433544795055123,0.010127767021546,3,TRUE
"sru_y1_dynamic","random",20,"LSE",0.00386642332905264,0.00545603587814422,0.0122736627608694,3,TRUE
"sru_y1_dynamic","random",20,"ridge-LSE",0.00213617081245643,0.00356091094978377,0.00893505886833426,3,TRUE
"sru_y1_dynamic","random",20,"Huber",0.00295589734813449,0.00431319102988373,0.00988934244089448,3,TRUE
"sru_y1_dynamic","random",20,"L1",0.00156927078929605,0.00297215237713808,0.00993883539799046,3,TRUE
"sru_y1_dynamic","random",21,"auto",0.00295800162139167,0.00536468746406399,0.0292414471745792,3,TRUE
"sru_y1_dynamic","random",21,"auto-weak",0.00160191245055938,0.00365600452207965,0.017136448885225,3,TRUE
"sru_y1_dynamic","random",21,"WPMM2",0.00311647542693545,0.00489264805746488,0.0135684216672211,3,TRUE
"sru_y1_dynamic","random",21,"WPMM3",0.00159617904706905,0.00401528851444808,0.0240786050545282,3,TRUE
"sru_y1_dynamic","random",21,"LSE",0.0025909641925855,0.00464544626832651,0.0211059500979284,3,TRUE
"sru_y1_dynamic","random",21,"ridge-LSE",0.00301968626133383,0.00507723352613932,0.0203339495287891,3,TRUE
"sru_y1_dynamic","random",21,"Huber",0.00162724026073674,0.00371404648051094,0.0190720979210698,3,TRUE
"sru_y1_dynamic","random",21,"L1",0.0016138751779113,0.00348370569447178,0.0143511883792939,3,TRUE
"sru_y1_dynamic","random",22,"auto",0.00253421745710065,0.00442249424658448,0.0200025185656783,3,TRUE
"sru_y1_dynamic","random",22,"auto-weak",0.00147999857717913,0.00349531734115084,0.0211154989771795,3,TRUE
"sru_y1_dynamic","random",22,"WPMM2",0.00149479468622806,0.00343337742517127,0.0193393707011155,3,TRUE
"sru_y1_dynamic","random",22,"WPMM3",0.00147750509682911,0.0035079061355224,0.0241149583591048,3,TRUE
"sru_y1_dynamic","random",22,"LSE",0.00256772420563769,0.00450456292176113,0.0225947494299238,3,TRUE
"sru_y1_dynamic","random",22,"ridge-LSE",0.0029200119442124,0.00435956395476952,0.0122217896093962,3,TRUE
"sru_y1_dynamic","random",22,"Huber",0.00160948421519401,0.00334537266255061,0.0179407733524711,3,TRUE
"sru_y1_dynamic","random",22,"L1",0.0029354923642092,0.00451326407147059,0.0129127269256174,3,TRUE
"sru_y1_dynamic","random",23,"auto",0.00349285772327936,0.00531463919275488,0.0132637339778061,3,TRUE
"sru_y1_dynamic","random",23,"auto-weak",0.00171816255245346,0.00307314936170358,0.00991492808600592,3,TRUE
"sru_y1_dynamic","random",23,"WPMM2",0.0029576022796329,0.00497307919869939,0.0147689859528308,3,TRUE
"sru_y1_dynamic","random",23,"WPMM3",0.0029597669793407,0.00490812421786158,0.0142074727643893,3,TRUE
"sru_y1_dynamic","random",23,"LSE",0.00282076789057865,0.00428874097692487,0.0103549628934598,3,TRUE
"sru_y1_dynamic","random",23,"ridge-LSE",0.00262779748224454,0.00412153565691395,0.0101009546067058,3,TRUE
"sru_y1_dynamic","random",23,"Huber",0.00296958584006173,0.00465496808856287,0.0122307199908498,3,TRUE
"sru_y1_dynamic","random",23,"L1",0.00300088867216054,0.00451128205898826,0.011388574247728,3,TRUE
"sru_y1_dynamic","random",24,"auto",0.00257006700835352,0.00483061843502832,0.0166541696403487,3,TRUE
"sru_y1_dynamic","random",24,"auto-weak",0.00303317061392006,0.00549009770110303,0.0210344624628531,3,TRUE
"sru_y1_dynamic","random",24,"WPMM2",0.00307002293488762,0.00590109803515446,0.0233382937417776,3,TRUE
"sru_y1_dynamic","random",24,"WPMM3",0.00181714837933659,0.00436491664051472,0.0185009372972006,3,TRUE
"sru_y1_dynamic","random",24,"LSE",0.00241787384844477,0.00476267748490239,0.0153072359959601,3,TRUE
"sru_y1_dynamic","random",24,"ridge-LSE",0.00229853900505422,0.00517405311743449,0.0265559715919083,3,TRUE
"sru_y1_dynamic","random",24,"Huber",0.00183355844601822,0.00405164945915751,0.0157285040245973,3,TRUE
"sru_y1_dynamic","random",24,"L1",0.00302812456667807,0.0055390028515686,0.0210002709813683,3,TRUE
"sru_y1_dynamic","random",25,"auto",0.00294618178550189,0.00441936998655231,0.0122582066503732,3,TRUE
"sru_y1_dynamic","random",25,"auto-weak",0.00160635248758332,0.0033114126946149,0.0129855998813094,3,TRUE
"sru_y1_dynamic","random",25,"WPMM2",0.0016186730685977,0.00345286707919784,0.0140973371548103,3,TRUE
"sru_y1_dynamic","random",25,"WPMM3",0.0029960018999267,0.00499076305969574,0.0149873801484476,3,TRUE
"sru_y1_dynamic","random",25,"LSE",0.00230266030155303,0.00426380148622722,0.016059657278986,3,TRUE
"sru_y1_dynamic","random",25,"ridge-LSE",0.00237566962869398,0.00405131518542733,0.0121154935006789,3,TRUE
"sru_y1_dynamic","random",25,"Huber",0.00161287160731529,0.00330521322542151,0.0132746804586212,3,TRUE
"sru_y1_dynamic","random",25,"L1",0.00165137903125897,0.00335170571625825,0.0134228348518889,3,TRUE
"sru_y1_dynamic","random",26,"auto",0.00278861138516264,0.00434975320171771,0.0120126421928284,3,TRUE
"sru_y1_dynamic","random",26,"auto-weak",0.00207813027317073,0.00390581858735751,0.0145459297321392,3,TRUE
"sru_y1_dynamic","random",26,"WPMM2",0.00208043730718586,0.00380610788240379,0.0144092219037775,3,TRUE
"sru_y1_dynamic","random",26,"WPMM3",0.00205402879438075,0.00398596098805548,0.016092185340232,3,TRUE
"sru_y1_dynamic","random",26,"LSE",0.00259944438508563,0.00450055088521535,0.0124970477574476,3,TRUE
"sru_y1_dynamic","random",26,"ridge-LSE",0.00293540810091751,0.00483410267624769,0.0150032501732848,3,TRUE
"sru_y1_dynamic","random",26,"Huber",0.00210958250804397,0.00383215466153288,0.0148222768632995,3,TRUE
"sru_y1_dynamic","random",26,"L1",0.00331741081697707,0.00479153322353422,0.011842342515892,3,TRUE
"sru_y1_dynamic","random",27,"auto",0.00274482177429113,0.00477818046319854,0.0156682229776523,3,TRUE
"sru_y1_dynamic","random",27,"auto-weak",0.00184649168518027,0.00370219191914245,0.0154160155796785,3,TRUE
"sru_y1_dynamic","random",27,"WPMM2",0.00188593301479764,0.00379821532662863,0.0160562375688981,3,TRUE
"sru_y1_dynamic","random",27,"WPMM3",0.00189628735214836,0.00379958399061665,0.0169106661219047,3,TRUE
"sru_y1_dynamic","random",27,"LSE",0.00277081988517656,0.00500786898191401,0.0202258287294569,3,TRUE
"sru_y1_dynamic","random",27,"ridge-LSE",0.002281268904951,0.00456561991349573,0.0175736421270767,3,TRUE
"sru_y1_dynamic","random",27,"Huber",0.00186726616690038,0.00383097468440545,0.0175774164224966,3,TRUE
"sru_y1_dynamic","random",27,"L1",0.00185805435090763,0.00379862315936908,0.0162038887574891,3,TRUE
"sru_y1_dynamic","random",28,"auto",0.00291462632986446,0.00444331633827362,0.0110876138767256,3,TRUE
"sru_y1_dynamic","random",28,"auto-weak",0.00169098885079713,0.00293274116723751,0.00951947802990815,3,TRUE
"sru_y1_dynamic","random",28,"WPMM2",0.00279689594501969,0.00448997280597603,0.0117185276015125,3,TRUE
"sru_y1_dynamic","random",28,"WPMM3",0.00165452668164731,0.00323319558503927,0.013073017972146,3,TRUE
"sru_y1_dynamic","random",28,"LSE",0.00220634971767236,0.00388221251342299,0.010271131358068,3,TRUE
"sru_y1_dynamic","random",28,"ridge-LSE",0.00357751161419528,0.00573007096389844,0.0172326927896982,3,TRUE
"sru_y1_dynamic","random",28,"Huber",0.00178664543604989,0.003049563432892,0.00988718553981506,3,TRUE
"sru_y1_dynamic","random",28,"L1",0.00172725730546624,0.00328690916785533,0.0135974085728251,3,TRUE
"sru_y1_dynamic","random",29,"auto",0.00288593389338187,0.0047266161876175,0.0156176971858778,3,TRUE
"sru_y1_dynamic","random",29,"auto-weak",0.00311452411614188,0.0050209152008865,0.0161153104745573,3,TRUE
"sru_y1_dynamic","random",29,"WPMM2",0.0031712089345973,0.00540642676664248,0.0180408568491948,3,TRUE
"sru_y1_dynamic","random",29,"WPMM3",0.00314547659280981,0.00534708693124082,0.0175820873245936,3,TRUE
"sru_y1_dynamic","random",29,"LSE",0.0027018632109751,0.00470346011907194,0.016549414338192,3,TRUE
"sru_y1_dynamic","random",29,"ridge-LSE",0.0042637466256172,0.0063435254950225,0.0172677308998234,3,TRUE
"sru_y1_dynamic","random",29,"Huber",0.00314436745529926,0.00530412576123436,0.0177339222408342,3,TRUE
"sru_y1_dynamic","random",29,"L1",0.00315175177863272,0.0051912664039161,0.016875648599232,3,TRUE
"sru_y1_dynamic","random",30,"auto",0.00401917885443551,0.00615850022519218,0.0181703888756103,3,TRUE
"sru_y1_dynamic","random",30,"auto-weak",0.00282214561564708,0.00507470609843496,0.017900453687232,3,TRUE
"sru_y1_dynamic","random",30,"WPMM2",0.00134960404963913,0.00361378907676809,0.0167727256285604,3,TRUE
"sru_y1_dynamic","random",30,"WPMM3",0.00135649214027605,0.00365139667550824,0.0171936905532133,3,TRUE
"sru_y1_dynamic","random",30,"LSE",0.00345192985373254,0.00567079315471901,0.0177455457807604,3,TRUE
"sru_y1_dynamic","random",30,"ridge-LSE",0.00228476136551432,0.00443314434100904,0.0169413933043502,3,TRUE
"sru_y1_dynamic","random",30,"Huber",0.00136816316756767,0.00355511134140012,0.0164170475102106,3,TRUE
"sru_y1_dynamic","random",30,"L1",0.00293106984387857,0.00492451418393477,0.0168486237358708,3,TRUE
"sru_y1_dynamic","blocked",1,"auto",0.00239954908315661,0.00551181825258859,0.0196600767348289,3,TRUE
"sru_y1_dynamic","blocked",1,"auto-weak",0.00174194761951611,0.00426142027217464,0.0158746756202293,3,TRUE
"sru_y1_dynamic","blocked",1,"WPMM2",0.00172336259631574,0.00452228451633893,0.0178392408645197,3,TRUE
"sru_y1_dynamic","blocked",1,"WPMM3",0.00170632651029911,0.00458009040836328,0.0183852166109547,3,TRUE
"sru_y1_dynamic","blocked",1,"LSE",0.00455325982592509,0.0115740310516086,0.0541653949290412,3,TRUE
"sru_y1_dynamic","blocked",1,"ridge-LSE",0.00273115881464711,0.0062921143102468,0.0229612745977969,3,TRUE
"sru_y1_dynamic","blocked",1,"Huber",0.00331597995981041,0.00789675924572653,0.0315051126263855,3,TRUE
"sru_y1_dynamic","blocked",1,"L1",0.00335441985465339,0.00665300663110345,0.0225055228148424,3,TRUE
"sru_y1_dynamic","blocked",2,"auto",0.00195779691740946,0.00243372989129323,0.00392125643979151,3,TRUE
"sru_y1_dynamic","blocked",2,"auto-weak",0.000595634378616752,0.00125283069275745,0.00426541143362747,3,TRUE
"sru_y1_dynamic","blocked",2,"WPMM2",0.000590796470714,0.00124800543798937,0.00428312490924079,3,TRUE
"sru_y1_dynamic","blocked",2,"WPMM3",0.00205913480584127,0.00258907063779979,0.00468442986772223,3,TRUE
"sru_y1_dynamic","blocked",2,"LSE",0.00133161390683625,0.00196600757918658,0.00380141316948389,3,TRUE
"sru_y1_dynamic","blocked",2,"ridge-LSE",0.00168484847291665,0.0021920951834157,0.00382325534669358,3,TRUE
"sru_y1_dynamic","blocked",2,"Huber",0.000588315018781773,0.00128153603361423,0.00427183805060702,3,TRUE
"sru_y1_dynamic","blocked",2,"L1",0.00216740125178717,0.00265449085065996,0.00472584264400401,3,TRUE
"sru_y1_dynamic","blocked",3,"auto",0.00388812972003847,0.00751705713900979,0.0285626758488497,3,TRUE
"sru_y1_dynamic","blocked",3,"auto-weak",0.00339807247459846,0.00675388709821583,0.0289497201981583,3,TRUE
"sru_y1_dynamic","blocked",3,"WPMM2",0.00332916222272054,0.00688239097796579,0.0346142740986909,3,TRUE
"sru_y1_dynamic","blocked",3,"WPMM3",0.00331628604738742,0.00667265041313541,0.033000977212436,3,TRUE
"sru_y1_dynamic","blocked",3,"LSE",0.00392385353587277,0.00918011665165113,0.0348546812540591,3,TRUE
"sru_y1_dynamic","blocked",3,"ridge-LSE",0.00372733730431952,0.00764470919537745,0.0305910274513139,3,TRUE
"sru_y1_dynamic","blocked",3,"Huber",0.00463297161732216,0.00901635038567745,0.031951241284958,3,TRUE
"sru_y1_dynamic","blocked",3,"L1",0.00465786632143307,0.00763200337155177,0.026004601673995,3,TRUE
"sru_y1_dynamic","blocked",4,"auto",0.00349826349755511,0.00549401093797787,0.0148091678151505,3,TRUE
"sru_y1_dynamic","blocked",4,"auto-weak",0.0016672894372133,0.00371375070386032,0.0153086552405435,3,TRUE
"sru_y1_dynamic","blocked",4,"WPMM2",0.00166122580814519,0.00367158922066676,0.015346860761579,3,TRUE
"sru_y1_dynamic","blocked",4,"WPMM3",0.00165966491946995,0.00368454111868428,0.0156520441231609,3,TRUE
"sru_y1_dynamic","blocked",4,"LSE",0.00296569742715678,0.00475880783496073,0.0124444230619304,3,TRUE
"sru_y1_dynamic","blocked",4,"ridge-LSE",0.00313104121288656,0.00472018866414453,0.012378843873322,3,TRUE
"sru_y1_dynamic","blocked",4,"Huber",0.00175838038674777,0.00370673792082451,0.0136439405431685,3,TRUE
"sru_y1_dynamic","blocked",4,"L1",0.00174642660331261,0.0036694924333142,0.015397553065004,3,TRUE
"sru_y1_dynamic","blocked",5,"auto",0.00445878779154895,0.00596423504647385,0.0117221060549183,3,TRUE
"sru_y1_dynamic","blocked",5,"auto-weak",0.00204820363142564,0.00292084152679008,0.00884987853946663,3,TRUE
"sru_y1_dynamic","blocked",5,"WPMM2",0.00199574296062581,0.00281351301917984,0.00819397805425276,3,TRUE
"sru_y1_dynamic","blocked",5,"WPMM3",0.00315243013750674,0.00462429569120332,0.0110355870675538,3,TRUE
"sru_y1_dynamic","blocked",5,"LSE",0.00385972228688326,0.00526521341334561,0.0115615824035713,3,TRUE
"sru_y1_dynamic","blocked",5,"ridge-LSE",0.00307266286518137,0.00403211933021081,0.00788000553199255,3,TRUE
"sru_y1_dynamic","blocked",5,"Huber",0.00204099104723984,0.00292738524522045,0.00844568472243427,3,TRUE
"sru_y1_dynamic","blocked",5,"L1",0.00313133965889084,0.00445034405963389,0.0103942045444677,3,TRUE
"sru_y2_static","random",1,"auto",0.0300480706623599,0.0333995988011384,0.0499992770568051,3,TRUE
"sru_y2_static","random",1,"auto-weak",0.0284729541553951,0.0323889273844378,0.0516235163567217,3,TRUE
"sru_y2_static","random",1,"WPMM2",0.0292116778784601,0.0330506517382647,0.0519119028410288,3,TRUE
"sru_y2_static","random",1,"WPMM3",0.028305449354003,0.0324548904710394,0.0515382671307814,3,TRUE
"sru_y2_static","random",1,"LSE",0.029259221772697,0.0330080812101038,0.0500178447665927,3,TRUE
"sru_y2_static","random",1,"ridge-LSE",0.0292547545047091,0.0326775538060975,0.049652754919661,3,TRUE
"sru_y2_static","random",1,"Huber",0.0280991885124065,0.0319892727337423,0.0509578201079745,3,TRUE
"sru_y2_static","random",1,"L1",0.0290494014464358,0.0327713602140951,0.051794254405038,3,TRUE
"sru_y2_static","random",2,"auto",0.029369357614492,0.033292151883436,0.049672118451183,3,TRUE
"sru_y2_static","random",2,"auto-weak",0.0281121225148394,0.0327977858430167,0.0512173229509231,3,TRUE
"sru_y2_static","random",2,"WPMM2",0.0287564687901794,0.0332178005781247,0.0511889628969253,3,TRUE
"sru_y2_static","random",2,"WPMM3",0.0287767030699545,0.0331708622024657,0.0516191048477135,3,TRUE
"sru_y2_static","random",2,"LSE",0.0299258762776454,0.0341697925366905,0.0514016919038653,3,TRUE
"sru_y2_static","random",2,"ridge-LSE",0.0304918144190306,0.0345736746741187,0.0525448990126328,3,TRUE
"sru_y2_static","random",2,"Huber",0.0305957456838457,0.0343927595619552,0.0507527754579877,3,TRUE
"sru_y2_static","random",2,"L1",0.0287246730609951,0.0329662309576731,0.0509663383580135,3,TRUE
"sru_y2_static","random",3,"auto",0.028848281667475,0.0322059571855461,0.0506942219351561,3,TRUE
"sru_y2_static","random",3,"auto-weak",0.0279946252219535,0.0326389222165919,0.0537896706988006,3,TRUE
"sru_y2_static","random",3,"WPMM2",0.0288059238492613,0.0327531466309486,0.0525454212398806,3,TRUE
"sru_y2_static","random",3,"WPMM3",0.0279678195437178,0.0320128822849027,0.0527984834033671,3,TRUE
"sru_y2_static","random",3,"LSE",0.0299856685521836,0.0326295298333938,0.0485833430104286,3,TRUE
"sru_y2_static","random",3,"ridge-LSE",0.029957258497406,0.0328268114774363,0.0504868440698099,3,TRUE
"sru_y2_static","random",3,"Huber",0.0285813519270908,0.032128273926899,0.0510966367262859,3,TRUE
"sru_y2_static","random",3,"L1",0.0282144829755784,0.0322920419299372,0.0526147899249497,3,TRUE
"sru_y2_static","random",4,"auto",0.0297165048878145,0.033205994181374,0.0535425680722517,3,TRUE
"sru_y2_static","random",4,"auto-weak",0.0283976122476099,0.0331650727374842,0.0535428622771376,3,TRUE
"sru_y2_static","random",4,"WPMM2",0.0285858676680285,0.0336115357538219,0.0535502203832644,3,TRUE
"sru_y2_static","random",4,"WPMM3",0.0282430677626581,0.0330970558566641,0.0540037906843932,3,TRUE
"sru_y2_static","random",4,"LSE",0.0289537618783057,0.0334544666497988,0.0532793985304357,3,TRUE
"sru_y2_static","random",4,"ridge-LSE",0.0289460419828166,0.0335593276416217,0.0595459763278397,3,TRUE
"sru_y2_static","random",4,"Huber",0.029321321095964,0.0330356356171715,0.0509559048913978,3,TRUE
"sru_y2_static","random",4,"L1",0.0288558740428534,0.0329562709247965,0.0527385853251489,3,TRUE
"sru_y2_static","random",5,"auto",0.0292153346435307,0.0322096677336173,0.0465866594660298,3,TRUE
"sru_y2_static","random",5,"auto-weak",0.0282265126216834,0.031884900320657,0.0490386723485968,3,TRUE
"sru_y2_static","random",5,"WPMM2",0.027968061303084,0.0314398255382392,0.0487033865380884,3,TRUE
"sru_y2_static","random",5,"WPMM3",0.0276477636083725,0.0314918654297669,0.0490299359350483,3,TRUE
"sru_y2_static","random",5,"LSE",0.0288573727614573,0.0324694354946523,0.0482462015723907,3,TRUE
"sru_y2_static","random",5,"ridge-LSE",0.0291278245090818,0.0323170940900799,0.0474264132650213,3,TRUE
"sru_y2_static","random",5,"Huber",0.0285385785057634,0.0322486388289719,0.0485352405878535,3,TRUE
"sru_y2_static","random",5,"L1",0.0282792043017166,0.0316912597786829,0.0485366724825117,3,TRUE
"sru_y2_static","random",6,"auto",0.0295162092840223,0.034204023360936,0.0565669186342864,3,TRUE
"sru_y2_static","random",6,"auto-weak",0.0289770836645892,0.0332950071514772,0.0561307851561569,3,TRUE
"sru_y2_static","random",6,"WPMM2",0.0279446898839164,0.0327002711563517,0.0559518979800708,3,TRUE
"sru_y2_static","random",6,"WPMM3",0.028620888941707,0.0333253262246006,0.0562753907233882,3,TRUE
"sru_y2_static","random",6,"LSE",0.0297344313092069,0.0338636797381748,0.0552528584837411,3,TRUE
"sru_y2_static","random",6,"ridge-LSE",0.0296894354280291,0.033873500797721,0.0550569028387431,3,TRUE
"sru_y2_static","random",6,"Huber",0.02777785705206,0.0322204400966277,0.0538500194732041,3,TRUE
"sru_y2_static","random",6,"L1",0.0280336972053524,0.0325234502572953,0.055359038540796,3,TRUE
"sru_y2_static","random",7,"auto",0.029335601600151,0.0326476347262775,0.0492002462786894,3,TRUE
"sru_y2_static","random",7,"auto-weak",0.0273835097352181,0.031874451280075,0.0516508670937485,3,TRUE
"sru_y2_static","random",7,"WPMM2",0.0276440072963054,0.0321717876463411,0.0525115927013396,3,TRUE
"sru_y2_static","random",7,"WPMM3",0.0276811131190367,0.0318097924118196,0.0504742449015633,3,TRUE
"sru_y2_static","random",7,"LSE",0.0292944580562115,0.0333794200961155,0.0511056612245617,3,TRUE
"sru_y2_static","random",7,"ridge-LSE",0.028748261457946,0.0333743232389617,0.0571755493292274,3,TRUE
"sru_y2_static","random",7,"Huber",0.0291415670639161,0.0332804544081634,0.0620095016300792,3,TRUE
"sru_y2_static","random",7,"L1",0.0284476799542827,0.0319256446385675,0.049238934021039,3,TRUE
"sru_y2_static","random",8,"auto",0.0302544927147058,0.0331753301927061,0.0489400047330681,3,TRUE
"sru_y2_static","random",8,"auto-weak",0.0292071646900178,0.0322258043892853,0.0490501357061195,3,TRUE
"sru_y2_static","random",8,"WPMM2",0.0290498612665502,0.0321220986191826,0.0488506853884249,3,TRUE
"sru_y2_static","random",8,"WPMM3",0.0296320556892144,0.032635134813041,0.0496142101196415,3,TRUE
"sru_y2_static","random",8,"LSE",0.0305363537372354,0.0335923762158462,0.0481444193583516,3,TRUE
"sru_y2_static","random",8,"ridge-LSE",0.0308917016106713,0.0333411466372447,0.0474930393184426,3,TRUE
"sru_y2_static","random",8,"Huber",0.0298045785810867,0.0329606662572057,0.0487351315004311,3,TRUE
"sru_y2_static","random",8,"L1",0.0298757698003558,0.0327652502241434,0.0496297529819746,3,TRUE
"sru_y2_static","random",9,"auto",0.029261168156721,0.0319967319786342,0.0459943524592778,3,TRUE
"sru_y2_static","random",9,"auto-weak",0.028487029949778,0.0321150737182278,0.0493384047296181,3,TRUE
"sru_y2_static","random",9,"WPMM2",0.0283499740909584,0.0316079522504971,0.0483053008832657,3,TRUE
"sru_y2_static","random",9,"WPMM3",0.0289285159868313,0.0324069237253831,0.0494746181272038,3,TRUE
"sru_y2_static","random",9,"LSE",0.030561261572215,0.0333267267473455,0.0481453937280913,3,TRUE
"sru_y2_static","random",9,"ridge-LSE",0.0292132296849044,0.032370576859601,0.0482243422074271,3,TRUE
"sru_y2_static","random",9,"Huber",0.0284010948537549,0.0317548833385779,0.0472071993673628,3,TRUE
"sru_y2_static","random",9,"L1",0.0285870724510916,0.03205187934321,0.0493865487709243,3,TRUE
"sru_y2_static","random",10,"auto",0.028963276429172,0.0323240768901902,0.0479180869192284,3,TRUE
"sru_y2_static","random",10,"auto-weak",0.0275318211848062,0.0323255886414348,0.0516221276581346,3,TRUE
"sru_y2_static","random",10,"WPMM2",0.028698301766029,0.0328666976104635,0.0517966150081707,3,TRUE
"sru_y2_static","random",10,"WPMM3",0.0278752594570614,0.0325320152508862,0.0519293213077464,3,TRUE
"sru_y2_static","random",10,"LSE",0.0295975034772973,0.0331043321807889,0.0497544002049158,3,TRUE
"sru_y2_static","random",10,"ridge-LSE",0.028534872311361,0.032824276648673,0.0510301273962747,3,TRUE
"sru_y2_static","random",10,"Huber",0.0278012746937709,0.0319019757166285,0.0498518476829719,3,TRUE
"sru_y2_static","random",10,"L1",0.0282461620121952,0.0326655542232661,0.0522799163433683,3,TRUE
"sru_y2_static","random",11,"auto",0.0291294346632912,0.03319125403463,0.0524770853663424,3,TRUE
"sru_y2_static","random",11,"auto-weak",0.0284544837947902,0.032670558906342,0.0524429047923254,3,TRUE
"sru_y2_static","random",11,"WPMM2",0.0299270715208607,0.0341768873058165,0.0554955957833135,3,TRUE
"sru_y2_static","random",11,"WPMM3",0.030057442802955,0.0339602742002636,0.0534470238774763,3,TRUE
"sru_y2_static","random",11,"LSE",0.0310177516557474,0.0347735188265572,0.0538174295475171,3,TRUE
"sru_y2_static","random",11,"ridge-LSE",0.0337778106105952,0.037595742521662,0.0570413889518901,3,TRUE
"sru_y2_static","random",11,"Huber",0.0293420788895565,0.0336007401809287,0.0549140839781607,3,TRUE
"sru_y2_static","random",11,"L1",0.0294501245507774,0.0328079484423523,0.0519685819063126,3,TRUE
"sru_y2_static","random",12,"auto",0.0288247764880067,0.0327469700306463,0.04853079065014,3,TRUE
"sru_y2_static","random",12,"auto-weak",0.0282558125415961,0.03272366315218,0.0524799798933813,3,TRUE
"sru_y2_static","random",12,"WPMM2",0.0274736442797465,0.032401429077883,0.0523349093319671,3,TRUE
"sru_y2_static","random",12,"WPMM3",0.0282075843411106,0.0323245055785224,0.0507731706690132,3,TRUE
"sru_y2_static","random",12,"LSE",0.0293111720705889,0.032717200634365,0.0481904289941872,3,TRUE
"sru_y2_static","random",12,"ridge-LSE",0.0293703642523438,0.0330937507367262,0.0493436468021615,3,TRUE
"sru_y2_static","random",12,"Huber",0.0283349064753074,0.0327873989428915,0.0520371554714959,3,TRUE
"sru_y2_static","random",12,"L1",0.0274709734798397,0.0316205482925442,0.0511137771326069,3,TRUE
"sru_y2_static","random",13,"auto",0.0291710184590659,0.032175960961028,0.0473754337292415,3,TRUE
"sru_y2_static","random",13,"auto-weak",0.0293391970390373,0.0332478860966949,0.0508972840704582,3,TRUE
"sru_y2_static","random",13,"WPMM2",0.0290301750836983,0.0333734635962105,0.0509872289702163,3,TRUE
"sru_y2_static","random",13,"WPMM3",0.02918622605453,0.0326148874098174,0.0498978994632971,3,TRUE
"sru_y2_static","random",13,"LSE",0.0302276999265591,0.0333209979478764,0.0478074914895672,3,TRUE
"sru_y2_static","random",13,"ridge-LSE",0.030292235303215,0.0337456045869608,0.0501595502693141,3,TRUE
"sru_y2_static","random",13,"Huber",0.029591018891749,0.033016407779235,0.0497542985435448,3,TRUE
"sru_y2_static","random",13,"L1",0.0288062815432388,0.0322287486655348,0.0493301632850331,3,TRUE
"sru_y2_static","random",14,"auto",0.0305887891454338,0.0331579165082274,0.0480589680673246,3,TRUE
"sru_y2_static","random",14,"auto-weak",0.0281318620940774,0.03147048630769,0.0492335893661931,3,TRUE
"sru_y2_static","random",14,"WPMM2",0.0284026122615543,0.0317449819329242,0.0493856308734885,3,TRUE
"sru_y2_static","random",14,"WPMM3",0.029086656723566,0.0323165738831883,0.0483958229278737,3,TRUE
"sru_y2_static","random",14,"LSE",0.0318510185591979,0.0348806471333273,0.0489538966389969,3,TRUE
"sru_y2_static","random",14,"ridge-LSE",0.0306377665975403,0.0326730369569715,0.0456993923198938,3,TRUE
"sru_y2_static","random",14,"Huber",0.0300676726513724,0.0329645867945647,0.0480889263318463,3,TRUE
"sru_y2_static","random",14,"L1",0.0294954601421234,0.0323976750861193,0.0497487958955977,3,TRUE
"sru_y2_static","random",15,"auto",0.0291421913720666,0.0331904377949872,0.0512395695145198,3,TRUE
"sru_y2_static","random",15,"auto-weak",0.0289080301714569,0.0325687408337761,0.0492158722323251,3,TRUE
"sru_y2_static","random",15,"WPMM2",0.028126932551735,0.0319416763070563,0.0483909335536853,3,TRUE
"sru_y2_static","random",15,"WPMM3",0.0279451335263288,0.0318703738457041,0.0498138312390083,3,TRUE
"sru_y2_static","random",15,"LSE",0.0296123525265338,0.0327580495776355,0.0486133843545105,3,TRUE
"sru_y2_static","random",15,"ridge-LSE",0.0296010755025533,0.0333071476895574,0.0490295936003854,3,TRUE
"sru_y2_static","random",15,"Huber",0.0291628158669206,0.032470686068903,0.0483940230697382,3,TRUE
"sru_y2_static","random",15,"L1",0.0277004600212981,0.0313345256906015,0.0481263157778369,3,TRUE
"sru_y2_static","random",16,"auto",0.0310171273018371,0.0346015994282313,0.0511126000639063,3,TRUE
"sru_y2_static","random",16,"auto-weak",0.0312513147411283,0.0348164650195696,0.0517191237309745,3,TRUE
"sru_y2_static","random",16,"WPMM2",0.0298755522269538,0.0339940311265292,0.0514890824778683,3,TRUE
"sru_y2_static","random",16,"WPMM3",0.0297855129221538,0.0342959743401151,0.0527684077765596,3,TRUE
"sru_y2_static","random",16,"LSE",0.031604600633291,0.0351197303665927,0.056543258473981,3,TRUE
"sru_y2_static","random",16,"ridge-LSE",0.0317988837455796,0.0355802794314431,0.0583289529080592,3,TRUE
"sru_y2_static","random",16,"Huber",0.0304541452422523,0.0345106859142052,0.0526149508885472,3,TRUE
"sru_y2_static","random",16,"L1",0.0308591799997302,0.0340938148104762,0.0514831122901029,3,TRUE
"sru_y2_static","random",17,"auto",0.029661595808921,0.0326882331216916,0.0487377120672253,3,TRUE
"sru_y2_static","random",17,"auto-weak",0.0285949523594043,0.0317442071721308,0.0485590920067689,3,TRUE
"sru_y2_static","random",17,"WPMM2",0.0278006486905951,0.0311207620291214,0.0483293803933279,3,TRUE
"sru_y2_static","random",17,"WPMM3",0.0290556697957065,0.0319113366556994,0.0489384002274202,3,TRUE
"sru_y2_static","random",17,"LSE",0.029640836341728,0.0320782679980286,0.0461616674391703,3,TRUE
"sru_y2_static","random",17,"ridge-LSE",0.0295938601217156,0.0325938278178121,0.0504759891300953,3,TRUE
"sru_y2_static","random",17,"Huber",0.0286528566881049,0.0319069174641879,0.0511668557385117,3,TRUE
"sru_y2_static","random",17,"L1",0.0285026841523196,0.0313326544478236,0.0476249714507669,3,TRUE
"sru_y2_static","random",18,"auto",0.0294587448475392,0.0332095310281727,0.0504223438068542,3,TRUE
"sru_y2_static","random",18,"auto-weak",0.0298269466565056,0.0339119151489376,0.0533395799721332,3,TRUE
"sru_y2_static","random",18,"WPMM2",0.0286262974145742,0.0333066437771774,0.0535552545132799,3,TRUE
"sru_y2_static","random",18,"WPMM3",0.029500757928005,0.034011706635752,0.0548357940138358,3,TRUE
"sru_y2_static","random",18,"LSE",0.0308188742167344,0.0346474179812211,0.0517816109814248,3,TRUE
"sru_y2_static","random",18,"ridge-LSE",0.0304638190198218,0.0350310186373952,0.0538041384067767,3,TRUE
"sru_y2_static","random",18,"Huber",0.0299217676765199,0.0341803078294461,0.0527943321079845,3,TRUE
"sru_y2_static","random",18,"L1",0.0295871117701302,0.0337135172851521,0.0535058922024349,3,TRUE
"sru_y2_static","random",19,"auto",0.0297998279724961,0.0321207301097958,0.0454861072218027,3,TRUE
"sru_y2_static","random",19,"auto-weak",0.0292474959961226,0.0315997272107136,0.0471329764226202,3,TRUE
"sru_y2_static","random",19,"WPMM2",0.0288680718677613,0.0315428887669955,0.046829284315177,3,TRUE
"sru_y2_static","random",19,"WPMM3",0.0272464786421653,0.0297433950723123,0.045403023998501,3,TRUE
"sru_y2_static","random",19,"LSE",0.0308311382497673,0.0332365574031117,0.047820508898929,3,TRUE
"sru_y2_static","random",19,"ridge-LSE",0.030546541971237,0.0327403455788167,0.0460327790929563,3,TRUE
"sru_y2_static","random",19,"Huber",0.0284574491874582,0.0307106229495676,0.0456045589660065,3,TRUE
"sru_y2_static","random",19,"L1",0.0293038259918192,0.0315269679946818,0.0472388788841593,3,TRUE
"sru_y2_static","random",20,"auto",0.0301571025917468,0.0332689864855266,0.0481564517100746,3,TRUE
"sru_y2_static","random",20,"auto-weak",0.0286794127295912,0.0324870541562532,0.0494508617050847,3,TRUE
"sru_y2_static","random",20,"WPMM2",0.0287588072125282,0.0322119621563352,0.0489436764917111,3,TRUE
"sru_y2_static","random",20,"WPMM3",0.0283050640045865,0.0318806801748279,0.0486558870543097,3,TRUE
"sru_y2_static","random",20,"LSE",0.029355983433485,0.0325640796859154,0.048608969723475,3,TRUE
"sru_y2_static","random",20,"ridge-LSE",0.0292727407851277,0.0325300841114661,0.0486879998767841,3,TRUE
"sru_y2_static","random",20,"Huber",0.028761337344768,0.0323348896392955,0.0489574725953947,3,TRUE
"sru_y2_static","random",20,"L1",0.0286167448521044,0.032063680708368,0.0493842228252896,3,TRUE
"sru_y2_static","random",21,"auto",0.0301977882279889,0.0346989533052273,0.051967431227441,3,TRUE
"sru_y2_static","random",21,"auto-weak",0.0300699764251064,0.0350083051289923,0.0558142967852797,3,TRUE
"sru_y2_static","random",21,"WPMM2",0.03003108215867,0.0348018322619306,0.0553298165143367,3,TRUE
"sru_y2_static","random",21,"WPMM3",0.0300794192183349,0.034242710178633,0.0526398203056161,3,TRUE
"sru_y2_static","random",21,"LSE",0.0313361386648568,0.035059186198796,0.0513079631058025,3,TRUE
"sru_y2_static","random",21,"ridge-LSE",0.0309495317036956,0.0351754818514777,0.052633115262669,3,TRUE
"sru_y2_static","random",21,"Huber",0.0299203675203149,0.0344222997156949,0.0532762914770137,3,TRUE
"sru_y2_static","random",21,"L1",0.0302448423809383,0.0349264865184504,0.0548838605929324,3,TRUE
"sru_y2_static","random",22,"auto",0.0309042981239535,0.0339979806008424,0.0504639847881024,3,TRUE
"sru_y2_static","random",22,"auto-weak",0.0289671300005919,0.0324750665057083,0.0508531157659026,3,TRUE
"sru_y2_static","random",22,"WPMM2",0.0302318194622931,0.0338024500050603,0.0536611828042527,3,TRUE
"sru_y2_static","random",22,"WPMM3",0.0304612955668198,0.0340798589954519,0.053819939799662,3,TRUE
"sru_y2_static","random",22,"LSE",0.0307177452579499,0.0336748821040972,0.0502951655865407,3,TRUE
"sru_y2_static","random",22,"ridge-LSE",0.0307850624030773,0.0340732930441049,0.0506595093782454,3,TRUE
"sru_y2_static","random",22,"Huber",0.0296790194500089,0.032988320809822,0.0501206617436579,3,TRUE
"sru_y2_static","random",22,"L1",0.029657255107356,0.0335671344520531,0.0529731975548111,3,TRUE
"sru_y2_static","random",23,"auto",0.0301037111401345,0.0331350705347249,0.047963625931446,3,TRUE
"sru_y2_static","random",23,"auto-weak",0.0299931516341191,0.0329545154196963,0.0494563501732058,3,TRUE
"sru_y2_static","random",23,"WPMM2",0.0297440623851667,0.0326381215589914,0.0492638741165103,3,TRUE
"sru_y2_static","random",23,"WPMM3",0.0285964763636379,0.0321275696894286,0.048119672115784,3,TRUE
"sru_y2_static","random",23,"LSE",0.0308516835191595,0.0344367042371117,0.0499983850077197,3,TRUE
"sru_y2_static","random",23,"ridge-LSE",0.0316436346210799,0.0346452860749505,0.0498216895743127,3,TRUE
"sru_y2_static","random",23,"Huber",0.0298002661061139,0.0325731052737266,0.047055544168206,3,TRUE
"sru_y2_static","random",23,"L1",0.0291884384278618,0.0323307506745158,0.0490072083802869,3,TRUE
"sru_y2_static","random",24,"auto",0.0309162259027708,0.0336635448464709,0.0496918878020527,3,TRUE
"sru_y2_static","random",24,"auto-weak",0.0294556396272664,0.0331206897611435,0.0511524743932092,3,TRUE
"sru_y2_static","random",24,"WPMM2",0.0302544824479557,0.0340134523539848,0.0519844266458988,3,TRUE
"sru_y2_static","random",24,"WPMM3",0.0302185975511414,0.0341512242413275,0.0529659895575709,3,TRUE
"sru_y2_static","random",24,"LSE",0.0303428161910214,0.0329925226232307,0.0491037342948438,3,TRUE
"sru_y2_static","random",24,"ridge-LSE",0.0304649628902715,0.034448445235411,0.0601806815371325,3,TRUE
"sru_y2_static","random",24,"Huber",0.0304850424448353,0.0337393224199153,0.0520146774395328,3,TRUE
"sru_y2_static","random",24,"L1",0.0299027936045451,0.0331858539737018,0.0513047387572623,3,TRUE
"sru_y2_static","random",25,"auto",0.0302427633730438,0.0336798797163646,0.0491689117821258,3,TRUE
"sru_y2_static","random",25,"auto-weak",0.0282536007162235,0.0319096296714699,0.0495180663325123,3,TRUE
"sru_y2_static","random",25,"WPMM2",0.0276815541301662,0.0317245350595437,0.0489938208178384,3,TRUE
"sru_y2_static","random",25,"WPMM3",0.0288685394011472,0.0326192531339533,0.0494176541385515,3,TRUE
"sru_y2_static","random",25,"LSE",0.0292936758142325,0.032438164709899,0.0483955753638938,3,TRUE
"sru_y2_static","random",25,"ridge-LSE",0.0299271979282826,0.0331287363794531,0.0489436509834572,3,TRUE
"sru_y2_static","random",25,"Huber",0.0286139001442674,0.031804563444307,0.0470576301636525,3,TRUE
"sru_y2_static","random",25,"L1",0.0287446875907048,0.0320173611861268,0.049534689210636,3,TRUE
"sru_y2_static","random",26,"auto",0.0296862012554936,0.0329949259347581,0.0482816619298626,3,TRUE
"sru_y2_static","random",26,"auto-weak",0.0299661633773466,0.0335764344197921,0.0516941323830459,3,TRUE
"sru_y2_static","random",26,"WPMM2",0.0287236478075898,0.0327264890960459,0.0507887212536327,3,TRUE
"sru_y2_static","random",26,"WPMM3",0.0291845025788905,0.0330193800778957,0.052107394645223,3,TRUE
"sru_y2_static","random",26,"LSE",0.0297358815234888,0.032510628406281,0.0466850928286558,3,TRUE
"sru_y2_static","random",26,"ridge-LSE",0.0304139869413345,0.0339258487051394,0.0489790026188082,3,TRUE
"sru_y2_static","random",26,"Huber",0.0297948918555232,0.0332032921625042,0.0500888795886171,3,TRUE
"sru_y2_static","random",26,"L1",0.0292161983858918,0.0330154488145144,0.0514523255978777,3,TRUE
"sru_y2_static","random",27,"auto",0.0282321126540333,0.0318443631516436,0.0504755501903924,3,TRUE
"sru_y2_static","random",27,"auto-weak",0.0280607991219334,0.0319942739254143,0.0515857467878472,3,TRUE
"sru_y2_static","random",27,"WPMM2",0.027422938847646,0.03143181326013,0.050859795109618,3,TRUE
"sru_y2_static","random",27,"WPMM3",0.0287111523780325,0.0325499559867551,0.0539264575326121,3,TRUE
"sru_y2_static","random",27,"LSE",0.0286328026632676,0.0323814732008671,0.0514019148350936,3,TRUE
"sru_y2_static","random",27,"ridge-LSE",0.0288388770800571,0.032020181008965,0.0504025542922787,3,TRUE
"sru_y2_static","random",27,"Huber",0.0287687680230079,0.0332596886954031,0.0561215178103264,3,TRUE
"sru_y2_static","random",27,"L1",0.0278427843204452,0.0313038560144881,0.0510728731281596,3,TRUE
"sru_y2_static","random",28,"auto",0.0296313193420402,0.0329039073614462,0.0478796851898313,3,TRUE
"sru_y2_static","random",28,"auto-weak",0.0285904094230598,0.0317260353903623,0.0481525497540096,3,TRUE
"sru_y2_static","random",28,"WPMM2",0.0288347077533249,0.0322266623508202,0.0501078846505723,3,TRUE
"sru_y2_static","random",28,"WPMM3",0.0276509966921772,0.030720345056794,0.0473268731370201,3,TRUE
"sru_y2_static","random",28,"LSE",0.0294200284221199,0.0326730222498878,0.047194171635847,3,TRUE
"sru_y2_static","random",28,"ridge-LSE",0.0289834342714772,0.0322176130394166,0.0475731399820194,3,TRUE
"sru_y2_static","random",28,"Huber",0.0289687157996021,0.0323514108214092,0.0487628773526661,3,TRUE
"sru_y2_static","random",28,"L1",0.0288293942052722,0.031890366111746,0.0487768687588378,3,TRUE
"sru_y2_static","random",29,"auto",0.0298667011411967,0.0329566365110656,0.0484185356614943,3,TRUE
"sru_y2_static","random",29,"auto-weak",0.0291770290985943,0.0327559155848718,0.0494828687661619,3,TRUE
"sru_y2_static","random",29,"WPMM2",0.029373952652743,0.033146347999898,0.050740009503997,3,TRUE
"sru_y2_static","random",29,"WPMM3",0.0293584719969923,0.0330760935488046,0.0506281393000536,3,TRUE
"sru_y2_static","random",29,"LSE",0.0301754471992023,0.034779894915308,0.063373053601662,3,TRUE
"sru_y2_static","random",29,"ridge-LSE",0.0289041829305622,0.0330680870475375,0.0510700075788246,3,TRUE
"sru_y2_static","random",29,"Huber",0.0290513818713819,0.0331032702086088,0.0504506133339272,3,TRUE
"sru_y2_static","random",29,"L1",0.0293115020725781,0.0325418709683781,0.0493030660246744,3,TRUE
"sru_y2_static","random",30,"auto",0.0291267668310003,0.0321541828592644,0.0473801640036884,3,TRUE
"sru_y2_static","random",30,"auto-weak",0.0287381708385695,0.0321102191146852,0.0496029980401465,3,TRUE
"sru_y2_static","random",30,"WPMM2",0.0280235190477426,0.0317189965500785,0.0484726201116144,3,TRUE
"sru_y2_static","random",30,"WPMM3",0.0288583576946135,0.0315121533265253,0.0467084922268243,3,TRUE
"sru_y2_static","random",30,"LSE",0.0290254665404127,0.0312002186054712,0.0440216548876762,3,TRUE
"sru_y2_static","random",30,"ridge-LSE",0.0295680692067077,0.032543971821944,0.0467597013743494,3,TRUE
"sru_y2_static","random",30,"Huber",0.0286274250916009,0.0317335881684061,0.0468068915175089,3,TRUE
"sru_y2_static","random",30,"L1",0.0286812185401586,0.0310867662115072,0.0463349363756585,3,TRUE
"sru_y2_static","blocked",1,"auto",0.210314935446752,0.214533076653068,0.279880177066749,3,TRUE
"sru_y2_static","blocked",1,"auto-weak",0.0686505806978994,0.0817728981664754,0.12839992751026,3,TRUE
"sru_y2_static","blocked",1,"WPMM2",0.0783620141971674,0.081768902879313,0.09387539814832,3,TRUE
"sru_y2_static","blocked",1,"WPMM3",0.299944360546255,0.360221416540063,0.578953846671566,3,TRUE
"sru_y2_static","blocked",1,"LSE",0.0435719029951772,0.421915240961408,3.13970228975392,3,TRUE
"sru_y2_static","blocked",1,"ridge-LSE",0.115760910090149,0.295175413687441,1.54670526639081,3,TRUE
"sru_y2_static","blocked",1,"Huber",0.0373860802198495,0.161995190808573,1.05482804914244,3,TRUE
"sru_y2_static","blocked",1,"L1",0.034747265344947,0.0412506054294072,0.0632969656661285,3,TRUE
"sru_y2_static","blocked",2,"auto",0.0248592323106315,0.0258449303218582,0.0323623321103738,3,TRUE
"sru_y2_static","blocked",2,"auto-weak",0.0218190655344455,0.0234457935147126,0.0315799191626229,3,TRUE
"sru_y2_static","blocked",2,"WPMM2",0.0211310463324058,0.0234171310867977,0.0313821782992092,3,TRUE
"sru_y2_static","blocked",2,"WPMM3",0.0242883142072424,0.0258838587490597,0.0333780939533237,3,TRUE
"sru_y2_static","blocked",2,"LSE",0.0285611841553881,0.0291306908670962,0.0359558734946589,3,TRUE
"sru_y2_static","blocked",2,"ridge-LSE",0.0317680632127955,0.0335740761376407,0.0450869838780441,3,TRUE
"sru_y2_static","blocked",2,"Huber",0.0237856622995299,0.0247815244574729,0.032356231044404,3,TRUE
"sru_y2_static","blocked",2,"L1",0.0241360268970626,0.0258459594348232,0.0332068907037074,3,TRUE
"sru_y2_static","blocked",3,"auto",0.111989933005401,0.0968492905714493,0.159633310097244,3,TRUE
"sru_y2_static","blocked",3,"auto-weak",0.81470583898004,0.756908735912383,1.88085425764653,3,TRUE
"sru_y2_static","blocked",3,"WPMM2",2.54955956502874,1.90018365015645,3.68660185074786,3,TRUE
"sru_y2_static","blocked",3,"WPMM3",0.0374183035013657,0.0517910483733737,0.145422738561006,3,TRUE
"sru_y2_static","blocked",3,"LSE",0.0382796060698331,0.0577798817697901,0.159888200462739,3,TRUE
"sru_y2_static","blocked",3,"ridge-LSE",0.0755768603804336,0.073669620439134,0.116029268180805,3,TRUE
"sru_y2_static","blocked",3,"Huber",0.126056677818308,0.31852175841509,1.11495058236947,3,TRUE
"sru_y2_static","blocked",3,"L1",0.649961158189414,0.519033674562914,1.08382761159099,3,TRUE
"sru_y2_static","blocked",4,"auto",0.0337454278841726,0.0372944513102544,0.061583306152736,3,TRUE
"sru_y2_static","blocked",4,"auto-weak",0.0468838665766645,0.0505733679219049,0.0725865721898992,3,TRUE
"sru_y2_static","blocked",4,"WPMM2",0.0335046777662634,0.0379725366953704,0.0647572390419945,3,TRUE
"sru_y2_static","blocked",4,"WPMM3",0.033636094642809,0.0375625812683168,0.0622019419669873,3,TRUE
"sru_y2_static","blocked",4,"LSE",0.0335670924476909,0.0377239308790443,0.0620018347720993,3,TRUE
"sru_y2_static","blocked",4,"ridge-LSE",0.0327048377155624,0.0364305348993706,0.0620566554236103,3,TRUE
"sru_y2_static","blocked",4,"Huber",0.484368038369969,0.433964898685572,0.761354074457462,3,TRUE
"sru_y2_static","blocked",4,"L1",0.0414515331197678,0.0450472814419711,0.0706186335197535,3,TRUE
"sru_y2_static","blocked",5,"auto",0.0316011653088968,0.0379876560110322,0.0659350872722117,3,TRUE
"sru_y2_static","blocked",5,"auto-weak",0.0319425985754027,0.0392166506890833,0.0655376774287833,3,TRUE
"sru_y2_static","blocked",5,"WPMM2",0.0339246327649783,0.0398877650174384,0.0673706348646199,3,TRUE
"sru_y2_static","blocked",5,"WPMM3",0.0324146427966213,0.0384628328084606,0.0662309175178888,3,TRUE
"sru_y2_static","blocked",5,"LSE",0.0309790150985147,0.0365916180773969,0.0610841954870419,3,TRUE
"sru_y2_static","blocked",5,"ridge-LSE",0.0338981923354636,0.0400376077767779,0.0667840903128664,3,TRUE
"sru_y2_static","blocked",5,"Huber",0.0360418847447636,0.0400171514031388,0.0615174668587745,3,TRUE
"sru_y2_static","blocked",5,"L1",0.0318974738800828,0.0387209510587393,0.0673750509827053,3,TRUE
"gas_turbine_co_2015_raw","random",1,"auto",0.524472278787962,0.58990925181863,0.917534745213576,3,TRUE
"gas_turbine_co_2015_raw","random",1,"auto-weak",0.532312344942813,0.626265987507162,1.44453494930653,3,TRUE
"gas_turbine_co_2015_raw","random",1,"WPMM2",0.533540405884768,0.611105633256667,1.10127003508546,3,TRUE
"gas_turbine_co_2015_raw","random",1,"WPMM3",0.518833796614651,0.584450581430774,0.92702771837142,3,TRUE
"gas_turbine_co_2015_raw","random",1,"LSE",0.537322047262195,0.605234583041501,0.950643185619058,3,TRUE
"gas_turbine_co_2015_raw","random",1,"ridge-LSE",0.538388117965387,0.622619060796831,1.07723068030645,3,TRUE
"gas_turbine_co_2015_raw","random",1,"Huber",0.534796658652117,0.606039044466217,1.01656886698023,3,TRUE
"gas_turbine_co_2015_raw","random",1,"L1",0.513066432576506,0.612165402491467,1.39710679535793,3,TRUE
"gas_turbine_co_2015_raw","random",2,"auto",0.579341864102028,0.666792687032086,1.16664910498768,3,TRUE
"gas_turbine_co_2015_raw","random",2,"auto-weak",0.530876259698305,0.61484699317075,1.13601265889576,3,TRUE
"gas_turbine_co_2015_raw","random",2,"WPMM2",0.54669515726614,0.637060940228299,1.16105966024504,3,TRUE
"gas_turbine_co_2015_raw","random",2,"WPMM3",0.527271342733572,0.610300780661482,1.13274357639548,3,TRUE
"gas_turbine_co_2015_raw","random",2,"LSE",0.5512001713308,0.628318817974554,1.1412409661839,3,TRUE
"gas_turbine_co_2015_raw","random",2,"ridge-LSE",0.543924726745929,0.629303288219092,1.14088031093768,3,TRUE
"gas_turbine_co_2015_raw","random",2,"Huber",0.539057865726654,0.625682228302694,1.15083619065666,3,TRUE
"gas_turbine_co_2015_raw","random",2,"L1",0.520329816374715,0.601772684193766,1.13184346371087,3,TRUE
"gas_turbine_co_2015_raw","random",3,"auto",0.526544866974958,0.625585606594522,1.33167824623688,3,TRUE
"gas_turbine_co_2015_raw","random",3,"auto-weak",0.518766038763133,0.619526960566265,1.33866729738112,3,TRUE
"gas_turbine_co_2015_raw","random",3,"WPMM2",0.540424877857125,0.651268460854302,1.40154019654155,3,TRUE
"gas_turbine_co_2015_raw","random",3,"WPMM3",0.536810819994678,0.654222919641309,1.39699272618723,3,TRUE
"gas_turbine_co_2015_raw","random",3,"LSE",0.539543595426062,0.658829736759029,1.37594379531955,3,TRUE
"gas_turbine_co_2015_raw","random",3,"ridge-LSE",0.523524585867365,0.642757582626237,1.3811680907967,3,TRUE
"gas_turbine_co_2015_raw","random",3,"Huber",0.51759358611458,0.626436088666775,1.3485331301605,3,TRUE
"gas_turbine_co_2015_raw","random",3,"L1",0.529961661981136,0.644204940725156,1.40122373454963,3,TRUE
"gas_turbine_co_2015_raw","random",4,"auto",0.551267821306002,0.668534064159845,1.36010479499498,3,TRUE
"gas_turbine_co_2015_raw","random",4,"auto-weak",0.525289361894577,0.647763346048051,1.34306236567382,3,TRUE
"gas_turbine_co_2015_raw","random",4,"WPMM2",0.553972122051032,0.664488666333672,1.33742131492949,3,TRUE
"gas_turbine_co_2015_raw","random",4,"WPMM3",0.53523530217499,0.648188971201003,1.31573432159052,3,TRUE
"gas_turbine_co_2015_raw","random",4,"LSE",0.560850744393161,0.679450814047702,1.35187179122295,3,TRUE
"gas_turbine_co_2015_raw","random",4,"ridge-LSE",0.553733127819088,0.657414536951633,1.3769858467998,3,TRUE
"gas_turbine_co_2015_raw","random",4,"Huber",0.522452757605056,0.636636291398233,1.34552292188407,3,TRUE
"gas_turbine_co_2015_raw","random",4,"L1",0.537850953986133,0.653399342612692,1.3543612180837,3,TRUE
"gas_turbine_co_2015_raw","random",5,"auto",0.56261784931271,0.660541439799116,1.19073123747162,3,TRUE
"gas_turbine_co_2015_raw","random",5,"auto-weak",0.507804853653162,0.602654717238282,1.15344841211465,3,TRUE
"gas_turbine_co_2015_raw","random",5,"WPMM2",0.519374351704889,0.610846319295434,1.15671013497942,3,TRUE
"gas_turbine_co_2015_raw","random",5,"WPMM3",0.526773457390114,0.613683635423639,1.16795584289552,3,TRUE
"gas_turbine_co_2015_raw","random",5,"LSE",0.541068551282729,0.635553548443225,1.15824455413559,3,TRUE
"gas_turbine_co_2015_raw","random",5,"ridge-LSE",0.569773265200548,0.665082814806991,1.21051589325198,3,TRUE
"gas_turbine_co_2015_raw","random",5,"Huber",0.528032007084635,0.620850928555035,1.21779210339356,3,TRUE
"gas_turbine_co_2015_raw","random",5,"L1",0.541696799028857,0.642871126900133,1.1726265443163,3,TRUE
"gas_turbine_co_2015_raw","random",6,"auto",0.559081755629606,0.670075750871675,1.49597324371099,3,TRUE
"gas_turbine_co_2015_raw","random",6,"auto-weak",0.52066143375197,0.64007930365085,1.50436042044554,3,TRUE
"gas_turbine_co_2015_raw","random",6,"WPMM2",0.525149851184874,0.640365726518642,1.48850661607313,3,TRUE
"gas_turbine_co_2015_raw","random",6,"WPMM3",0.530019201002,0.637511749687694,1.48598240304108,3,TRUE
"gas_turbine_co_2015_raw","random",6,"LSE",0.536195413390608,0.652399461415458,1.49027111566614,3,TRUE
"gas_turbine_co_2015_raw","random",6,"ridge-LSE",0.534487708198037,0.650339880453497,1.48020611718553,3,TRUE
"gas_turbine_co_2015_raw","random",6,"Huber",0.525703852064889,0.642130220431643,1.49447549880975,3,TRUE
"gas_turbine_co_2015_raw","random",6,"L1",0.545499595116619,0.645328068182637,1.48769835868757,3,TRUE
"gas_turbine_co_2015_raw","random",7,"auto",0.508228003973396,0.617821990742687,1.34465168334378,3,TRUE
"gas_turbine_co_2015_raw","random",7,"auto-weak",0.479152610483303,0.574656345154861,1.24078926635185,3,TRUE
"gas_turbine_co_2015_raw","random",7,"WPMM2",0.493504628195011,0.621618331509826,1.5886252128007,3,TRUE
"gas_turbine_co_2015_raw","random",7,"WPMM3",0.487282393151187,0.598864000662075,1.35286877807143,3,TRUE
"gas_turbine_co_2015_raw","random",7,"LSE",0.494169835846108,0.594183959451927,1.30928360178806,3,TRUE
"gas_turbine_co_2015_raw","random",7,"ridge-LSE",0.505775281563524,0.606864595260586,1.31761909093848,3,TRUE
"gas_turbine_co_2015_raw","random",7,"Huber",0.483052670821701,0.590389729554288,1.28360501101189,3,TRUE
"gas_turbine_co_2015_raw","random",7,"L1",0.50284826939321,0.600801943714107,1.23737073589519,3,TRUE
"gas_turbine_co_2015_raw","random",8,"auto",0.542966943497092,0.678453659654997,1.69202266543814,3,TRUE
"gas_turbine_co_2015_raw","random",8,"auto-weak",0.514569708998896,0.640042227537284,1.69059213295457,3,TRUE
"gas_turbine_co_2015_raw","random",8,"WPMM2",0.525657944810469,0.641833464817057,1.67412848204838,3,TRUE
"gas_turbine_co_2015_raw","random",8,"WPMM3",0.50604693962774,0.626578476398704,1.60518067179558,3,TRUE
"gas_turbine_co_2015_raw","random",8,"LSE",0.54521914679695,0.676141402313699,1.67594222834778,3,TRUE
"gas_turbine_co_2015_raw","random",8,"ridge-LSE",0.555149363849341,0.677771369869835,1.72634061311533,3,TRUE
"gas_turbine_co_2015_raw","random",8,"Huber",0.520312701867205,0.642791723453953,1.66935005189631,3,TRUE
"gas_turbine_co_2015_raw","random",8,"L1",0.520169064516934,0.636313837440014,1.65206317852252,3,TRUE
"gas_turbine_co_2015_raw","random",9,"auto",0.563828731418161,0.676972419308298,1.42409042910606,3,TRUE
"gas_turbine_co_2015_raw","random",9,"auto-weak",0.528448463663654,0.662071246536516,1.52580974322575,3,TRUE
"gas_turbine_co_2015_raw","random",9,"WPMM2",0.517323398242976,0.628897312154254,1.43455615011373,3,TRUE
"gas_turbine_co_2015_raw","random",9,"WPMM3",0.515826972719317,0.61790939924163,1.42772680411707,3,TRUE
"gas_turbine_co_2015_raw","random",9,"LSE",0.539223846536449,0.653748903947011,1.39293503882565,3,TRUE
"gas_turbine_co_2015_raw","random",9,"ridge-LSE",0.540407779303035,0.664957536488485,1.44048837173312,3,TRUE
"gas_turbine_co_2015_raw","random",9,"Huber",0.51822172722337,0.635286058534596,1.48325213606649,3,TRUE
"gas_turbine_co_2015_raw","random",9,"L1",0.541384349045655,0.668685249025657,1.48681702572237,3,TRUE
"gas_turbine_co_2015_raw","random",10,"auto",0.538167109316832,0.622579174448563,0.965321105011195,3,TRUE
"gas_turbine_co_2015_raw","random",10,"auto-weak",0.502217935073604,0.586398665233597,0.97694791864077,3,TRUE
"gas_turbine_co_2015_raw","random",10,"WPMM2",0.497608525708009,0.583824348276075,0.954267295740136,3,TRUE
"gas_turbine_co_2015_raw","random",10,"WPMM3",0.48851120785246,0.568629493120415,0.921435253525147,3,TRUE
"gas_turbine_co_2015_raw","random",10,"LSE",0.529742416602289,0.621216479941609,0.998842473998022,3,TRUE
"gas_turbine_co_2015_raw","random",10,"ridge-LSE",0.508964652521924,0.600167183172083,1.00932328513317,3,TRUE
"gas_turbine_co_2015_raw","random",10,"Huber",0.490444250262653,0.576778619984652,0.943103469448905,3,TRUE
"gas_turbine_co_2015_raw","random",10,"L1",0.494419509408333,0.58801040231181,1.01121676737933,3,TRUE
"gas_turbine_co_2015_raw","random",11,"auto",0.522539630346447,0.574315749116353,0.830657829838672,3,TRUE
"gas_turbine_co_2015_raw","random",11,"auto-weak",0.510987058828712,0.575211648409929,0.86937118148379,3,TRUE
"gas_turbine_co_2015_raw","random",11,"WPMM2",0.521805586738372,0.591284275180706,0.947113857812928,3,TRUE
"gas_turbine_co_2015_raw","random",11,"WPMM3",0.516948586233115,0.593022638433228,0.992201823515051,3,TRUE
"gas_turbine_co_2015_raw","random",11,"LSE",0.534017092602306,0.600633631711369,0.932501551991432,3,TRUE
"gas_turbine_co_2015_raw","random",11,"ridge-LSE",0.532724572554214,0.603229748184183,0.896130017526963,3,TRUE
"gas_turbine_co_2015_raw","random",11,"Huber",0.503661709263681,0.568052634908969,0.856160975366861,3,TRUE
"gas_turbine_co_2015_raw","random",11,"L1",0.497001501135406,0.556278925161167,0.837608957849727,3,TRUE
"gas_turbine_co_2015_raw","random",12,"auto",0.537265501589039,0.628862146209393,1.13950267548923,3,TRUE
"gas_turbine_co_2015_raw","random",12,"auto-weak",0.519011825336026,0.616401677460719,1.15971003933551,3,TRUE
"gas_turbine_co_2015_raw","random",12,"WPMM2",0.521256679606407,0.606692960073177,1.07883565128695,3,TRUE
"gas_turbine_co_2015_raw","random",12,"WPMM3",0.529835160905882,0.617884359077874,1.09287689943175,3,TRUE
"gas_turbine_co_2015_raw","random",12,"LSE",0.546069020702285,0.63273071620798,1.15362195197782,3,TRUE
"gas_turbine_co_2015_raw","random",12,"ridge-LSE",0.545464050696605,0.637569472269815,1.14095442779036,3,TRUE
"gas_turbine_co_2015_raw","random",12,"Huber",0.520143916083921,0.608189974283831,1.10186308924461,3,TRUE
"gas_turbine_co_2015_raw","random",12,"L1",0.50441145887467,0.590898276718796,1.15000362181826,3,TRUE
"gas_turbine_co_2015_raw","random",13,"auto",0.540802481057543,0.633981170780505,1.10238165688023,3,TRUE
"gas_turbine_co_2015_raw","random",13,"auto-weak",0.512294102304888,0.60526787565756,1.10527753672301,3,TRUE
"gas_turbine_co_2015_raw","random",13,"WPMM2",0.509198791100085,0.595184109673895,0.981399023433141,3,TRUE
"gas_turbine_co_2015_raw","random",13,"WPMM3",0.501550474942292,0.600612330779055,1.01004680592754,3,TRUE
"gas_turbine_co_2015_raw","random",13,"LSE",0.55629458417068,0.636369286048751,1.05324917851487,3,TRUE
"gas_turbine_co_2015_raw","random",13,"ridge-LSE",0.54664399573363,0.638265858570723,1.0688729451344,3,TRUE
"gas_turbine_co_2015_raw","random",13,"Huber",0.519697124183639,0.60684532210837,1.08172754439604,3,TRUE
"gas_turbine_co_2015_raw","random",13,"L1",0.517930982488445,0.617094270759182,1.08188544661656,3,TRUE
"gas_turbine_co_2015_raw","random",14,"auto",0.546666341685621,0.665848194472859,1.38485501608643,3,TRUE
"gas_turbine_co_2015_raw","random",14,"auto-weak",0.505832501643805,0.64219593839112,1.48037905533182,3,TRUE
"gas_turbine_co_2015_raw","random",14,"WPMM2",0.529917161572483,0.655445731176233,1.31755358671197,3,TRUE
"gas_turbine_co_2015_raw","random",14,"WPMM3",0.508319765425521,0.638168240715689,1.37236883681865,3,TRUE
"gas_turbine_co_2015_raw","random",14,"LSE",0.545559704676465,0.678502545216302,1.38734991877619,3,TRUE
"gas_turbine_co_2015_raw","random",14,"ridge-LSE",0.540086383568314,0.66828989702611,1.35638210727876,3,TRUE
"gas_turbine_co_2015_raw","random",14,"Huber",0.5386704221945,0.663820854243152,1.36922814630048,3,TRUE
"gas_turbine_co_2015_raw","random",14,"L1",0.524165516217553,0.656778010966567,1.41143800335662,3,TRUE
"gas_turbine_co_2015_raw","random",15,"auto",0.561091268754443,0.618388846299057,0.873101934297329,3,TRUE
"gas_turbine_co_2015_raw","random",15,"auto-weak",0.512402777015369,0.590286663077238,1.09137675473587,3,TRUE
"gas_turbine_co_2015_raw","random",15,"WPMM2",0.519713566513675,0.594265469024227,1.08312485128417,3,TRUE
"gas_turbine_co_2015_raw","random",15,"WPMM3",0.513222709828228,0.575418153708779,0.898300160714308,3,TRUE
"gas_turbine_co_2015_raw","random",15,"LSE",0.542206069797942,0.612100261999287,0.951966564517502,3,TRUE
"gas_turbine_co_2015_raw","random",15,"ridge-LSE",0.56243477146668,0.622605790309469,0.926011515929423,3,TRUE
"gas_turbine_co_2015_raw","random",15,"Huber",0.514314927895717,0.574163795929402,0.870854801642669,3,TRUE
"gas_turbine_co_2015_raw","random",15,"L1",0.521233806585331,0.581983282137041,0.918607086627274,3,TRUE
"gas_turbine_co_2015_raw","random",16,"auto",0.526412337864227,0.588322290691802,0.897801723109144,3,TRUE
"gas_turbine_co_2015_raw","random",16,"auto-weak",0.490856416034431,0.552452670307738,0.852525891972312,3,TRUE
"gas_turbine_co_2015_raw","random",16,"WPMM2",0.508785453634433,0.58069061461142,0.939331829893029,3,TRUE
"gas_turbine_co_2015_raw","random",16,"WPMM3",0.51143531903732,0.590758065048858,0.995320718165971,3,TRUE
"gas_turbine_co_2015_raw","random",16,"LSE",0.542140028800218,0.617527000996128,0.95630059954417,3,TRUE
"gas_turbine_co_2015_raw","random",16,"ridge-LSE",0.520813772329905,0.591677314035704,0.91330015552569,3,TRUE
"gas_turbine_co_2015_raw","random",16,"Huber",0.509343150390202,0.578283581839297,0.913809012995945,3,TRUE
"gas_turbine_co_2015_raw","random",16,"L1",0.501859222706024,0.573716863926752,0.906631218613415,3,TRUE
"gas_turbine_co_2015_raw","random",17,"auto",0.563067349671406,0.645544929651821,1.12588448709974,3,TRUE
"gas_turbine_co_2015_raw","random",17,"auto-weak",0.535086823905905,0.635476160200639,1.18812696517801,3,TRUE
"gas_turbine_co_2015_raw","random",17,"WPMM2",0.541292677611453,0.628211369330018,1.14479297728713,3,TRUE
"gas_turbine_co_2015_raw","random",17,"WPMM3",0.54607899757221,0.633185891131522,1.14754177816949,3,TRUE
"gas_turbine_co_2015_raw","random",17,"LSE",0.541306235858016,0.635509533519706,1.15837992616876,3,TRUE
"gas_turbine_co_2015_raw","random",17,"ridge-LSE",0.6045644463308,0.693652575965922,1.18550966145891,3,TRUE
"gas_turbine_co_2015_raw","random",17,"Huber",0.534879633187968,0.643113486689414,1.26969893814348,3,TRUE
"gas_turbine_co_2015_raw","random",17,"L1",0.541269527357253,0.636934647686057,1.164167853911,3,TRUE
"gas_turbine_co_2015_raw","random",18,"auto",0.523210071122532,0.590042625369822,0.891023204211837,3,TRUE
"gas_turbine_co_2015_raw","random",18,"auto-weak",0.506717543192672,0.583731007290003,0.921014299993548,3,TRUE
"gas_turbine_co_2015_raw","random",18,"WPMM2",0.507713766419128,0.581644140058151,0.90784790140877,3,TRUE
"gas_turbine_co_2015_raw","random",18,"WPMM3",0.499122552374347,0.576514457341814,0.919374059165593,3,TRUE
"gas_turbine_co_2015_raw","random",18,"LSE",0.529520051845359,0.611228994768985,0.960334216235044,3,TRUE
"gas_turbine_co_2015_raw","random",18,"ridge-LSE",0.529074515465189,0.603075003441791,0.918508899278884,3,TRUE
"gas_turbine_co_2015_raw","random",18,"Huber",0.488865023708002,0.56778594924634,0.891118043707492,3,TRUE
"gas_turbine_co_2015_raw","random",18,"L1",0.493613859355324,0.567882406394657,0.895485820948804,3,TRUE
"gas_turbine_co_2015_raw","random",19,"auto",0.549341601652905,0.638030723107247,1.11009719033308,3,TRUE
"gas_turbine_co_2015_raw","random",19,"auto-weak",0.542605885988549,0.654592216650029,1.36770869194514,3,TRUE
"gas_turbine_co_2015_raw","random",19,"WPMM2",0.546666443698177,0.663389816477923,1.55956003346112,3,TRUE
"gas_turbine_co_2015_raw","random",19,"WPMM3",0.535639927005786,0.640818296186272,1.25046689140514,3,TRUE
"gas_turbine_co_2015_raw","random",19,"LSE",0.574351522628788,0.679808903148703,1.22136158124956,3,TRUE
"gas_turbine_co_2015_raw","random",19,"ridge-LSE",0.558629583239226,0.685219254145071,1.4763027555089,3,TRUE
"gas_turbine_co_2015_raw","random",19,"Huber",0.541828402872025,0.659674039929996,1.49106344602478,3,TRUE
"gas_turbine_co_2015_raw","random",19,"L1",0.54749654639254,0.64241812978368,1.21352417665419,3,TRUE
"gas_turbine_co_2015_raw","random",20,"auto",0.544602765593902,0.639599587844681,1.3307545262685,3,TRUE
"gas_turbine_co_2015_raw","random",20,"auto-weak",0.503617304812187,0.614159049533625,1.35910229337306,3,TRUE
"gas_turbine_co_2015_raw","random",20,"WPMM2",0.532077393865063,0.630511070450658,1.35377854312513,3,TRUE
"gas_turbine_co_2015_raw","random",20,"WPMM3",0.536813169473037,0.627934277776531,1.3391879261742,3,TRUE
"gas_turbine_co_2015_raw","random",20,"LSE",0.539987193096882,0.647663077503079,1.35186500353421,3,TRUE
"gas_turbine_co_2015_raw","random",20,"ridge-LSE",0.536204102299894,0.636748840776455,1.33284057217271,3,TRUE
"gas_turbine_co_2015_raw","random",20,"Huber",0.522388553815355,0.624999916302137,1.36224232781172,3,TRUE
"gas_turbine_co_2015_raw","random",20,"L1",0.526883362797144,0.627738671976926,1.34919315566502,3,TRUE
"gas_turbine_co_2015_raw","random",21,"auto",0.506839314647018,0.614935936888025,1.41563693370944,3,TRUE
"gas_turbine_co_2015_raw","random",21,"auto-weak",0.474518811905515,0.599596508674238,1.54479037789017,3,TRUE
"gas_turbine_co_2015_raw","random",21,"WPMM2",0.49278271243148,0.594709232178645,1.42096475959246,3,TRUE
"gas_turbine_co_2015_raw","random",21,"WPMM3",0.473304117017965,0.594089795953463,1.40452108891812,3,TRUE
"gas_turbine_co_2015_raw","random",21,"LSE",0.500598036578943,0.618713822776722,1.4329713904258,3,TRUE
"gas_turbine_co_2015_raw","random",21,"ridge-LSE",0.500341467950572,0.606074134698458,1.42224434531373,3,TRUE
"gas_turbine_co_2015_raw","random",21,"Huber",0.478471790796684,0.592099524988212,1.38029699842636,3,TRUE
"gas_turbine_co_2015_raw","random",21,"L1",0.531779112818229,0.63352589982585,1.39791537809843,3,TRUE
"gas_turbine_co_2015_raw","random",22,"auto",0.558126365337995,0.64135154277301,1.13131686437712,3,TRUE
"gas_turbine_co_2015_raw","random",22,"auto-weak",0.522286594878293,0.606042683889565,1.12522384829186,3,TRUE
"gas_turbine_co_2015_raw","random",22,"WPMM2",0.546476717335722,0.625487920001256,1.15293979138578,3,TRUE
"gas_turbine_co_2015_raw","random",22,"WPMM3",0.538973498563146,0.62424153047519,1.15356129341276,3,TRUE
"gas_turbine_co_2015_raw","random",22,"LSE",0.537070373295008,0.619097489626079,1.14772693248536,3,TRUE
"gas_turbine_co_2015_raw","random",22,"ridge-LSE",0.548657008964647,0.631295313151018,1.14404869770081,3,TRUE
"gas_turbine_co_2015_raw","random",22,"Huber",0.53100934139333,0.611635732619542,1.12941000566597,3,TRUE
"gas_turbine_co_2015_raw","random",22,"L1",0.544192331331273,0.626934087388222,1.16911757843025,3,TRUE
"gas_turbine_co_2015_raw","random",23,"auto",0.553739800008347,0.643495929184381,1.17831368186091,3,TRUE
"gas_turbine_co_2015_raw","random",23,"auto-weak",0.54005693956983,0.634529462042995,1.09959005217824,3,TRUE
"gas_turbine_co_2015_raw","random",23,"WPMM2",0.542965589877115,0.62842647837239,1.05524433289444,3,TRUE
"gas_turbine_co_2015_raw","random",23,"WPMM3",0.523270407622379,0.610180145761674,1.09267737391535,3,TRUE
"gas_turbine_co_2015_raw","random",23,"LSE",0.564947210374611,0.673413089263022,1.17083405387282,3,TRUE
"gas_turbine_co_2015_raw","random",23,"ridge-LSE",0.552744329662167,0.633516099187686,1.13435138519958,3,TRUE
"gas_turbine_co_2015_raw","random",23,"Huber",0.562155299672111,0.654419906822819,1.12516319328185,3,TRUE
"gas_turbine_co_2015_raw","random",23,"L1",0.553751252384632,0.645621597078694,1.12573403514298,3,TRUE
"gas_turbine_co_2015_raw","random",24,"auto",0.530717264821316,0.623652065718429,1.14617455916612,3,TRUE
"gas_turbine_co_2015_raw","random",24,"auto-weak",0.516545728560993,0.615469375626676,1.17904050312498,3,TRUE
"gas_turbine_co_2015_raw","random",24,"WPMM2",0.522047812044292,0.621788416369123,1.16272263660164,3,TRUE
"gas_turbine_co_2015_raw","random",24,"WPMM3",0.51871620883724,0.607195522447341,1.17376736903394,3,TRUE
"gas_turbine_co_2015_raw","random",24,"LSE",0.545212532745631,0.651135885566247,1.22850798412593,3,TRUE
"gas_turbine_co_2015_raw","random",24,"ridge-LSE",0.548415470438824,0.638839836878036,1.12560564230527,3,TRUE
"gas_turbine_co_2015_raw","random",24,"Huber",0.516663665724467,0.603406887068924,1.13406971835749,3,TRUE
"gas_turbine_co_2015_raw","random",24,"L1",0.532935465051663,0.613631952145768,1.12801141346146,3,TRUE
"gas_turbine_co_2015_raw","random",25,"auto",0.491160472501167,0.576893456168349,1.1780772857445,3,TRUE
"gas_turbine_co_2015_raw","random",25,"auto-weak",0.472938769610021,0.562989898372769,1.15006787382066,3,TRUE
"gas_turbine_co_2015_raw","random",25,"WPMM2",0.500526664313367,0.586088968955899,1.16758390127804,3,TRUE
"gas_turbine_co_2015_raw","random",25,"WPMM3",0.488599064637655,0.581302809926725,1.12946101126945,3,TRUE
"gas_turbine_co_2015_raw","random",25,"LSE",0.511100298688286,0.600578801266878,1.20367345108928,3,TRUE
"gas_turbine_co_2015_raw","random",25,"ridge-LSE",0.52909395111765,0.603544046264726,1.18640984378415,3,TRUE
"gas_turbine_co_2015_raw","random",25,"Huber",0.493996669333807,0.583101225073321,1.15543938619435,3,TRUE
"gas_turbine_co_2015_raw","random",25,"L1",0.493088751320191,0.579153577087634,1.13453381602877,3,TRUE
"gas_turbine_co_2015_raw","random",26,"auto",0.54494723650367,0.614400862576941,0.932214368361077,3,TRUE
"gas_turbine_co_2015_raw","random",26,"auto-weak",0.535094822658445,0.64471629192099,1.35383001212302,3,TRUE
"gas_turbine_co_2015_raw","random",26,"WPMM2",0.556909566208189,0.630344007732498,0.979148468008281,3,TRUE
"gas_turbine_co_2015_raw","random",26,"WPMM3",0.528601892039102,0.602425226019173,0.942388799757641,3,TRUE
"gas_turbine_co_2015_raw","random",26,"LSE",0.55325977712221,0.629562795154865,0.96029039866311,3,TRUE
"gas_turbine_co_2015_raw","random",26,"ridge-LSE",0.598783175779781,0.674385556512464,1.00404736862563,3,TRUE
"gas_turbine_co_2015_raw","random",26,"Huber",0.524651614231421,0.598127742765699,0.964839874678531,3,TRUE
"gas_turbine_co_2015_raw","random",26,"L1",0.522919539013684,0.603337849579759,0.960870191692996,3,TRUE
"gas_turbine_co_2015_raw","random",27,"auto",0.53356933055098,0.680894614401144,1.7717497665513,3,TRUE
"gas_turbine_co_2015_raw","random",27,"auto-weak",0.530143281900194,0.676383923228285,1.76243910264764,3,TRUE
"gas_turbine_co_2015_raw","random",27,"WPMM2",0.528697737419298,0.679344286574178,1.75063063366787,3,TRUE
"gas_turbine_co_2015_raw","random",27,"WPMM3",0.529110551885993,0.708881509241457,1.91710520241532,3,TRUE
"gas_turbine_co_2015_raw","random",27,"LSE",0.529978467486229,0.688368748621659,1.77244141035679,3,TRUE
"gas_turbine_co_2015_raw","random",27,"ridge-LSE",0.563091937273552,0.721841635631647,1.78579373723786,3,TRUE
"gas_turbine_co_2015_raw","random",27,"Huber",0.52424808539223,0.680018474759039,1.80274492725964,3,TRUE
"gas_turbine_co_2015_raw","random",27,"L1",0.522384117260535,0.667363384068633,1.78979338163602,3,TRUE
"gas_turbine_co_2015_raw","random",28,"auto",0.533879635960038,0.634704779941708,1.44700542600096,3,TRUE
"gas_turbine_co_2015_raw","random",28,"auto-weak",0.514135033602186,0.620467825982021,1.45876530832928,3,TRUE
"gas_turbine_co_2015_raw","random",28,"WPMM2",0.516484401551423,0.617983060776462,1.38558094720176,3,TRUE
"gas_turbine_co_2015_raw","random",28,"WPMM3",0.500018471112863,0.602663502847086,1.44013421683824,3,TRUE
"gas_turbine_co_2015_raw","random",28,"LSE",0.52416533955804,0.625018174137282,1.40824982002333,3,TRUE
"gas_turbine_co_2015_raw","random",28,"ridge-LSE",0.526268226151812,0.625857093291174,1.40143336714587,3,TRUE
"gas_turbine_co_2015_raw","random",28,"Huber",0.503418931565582,0.59969872157814,1.39256536581528,3,TRUE
"gas_turbine_co_2015_raw","random",28,"L1",0.501681971108433,0.599978320250327,1.41854452723182,3,TRUE
"gas_turbine_co_2015_raw","random",29,"auto",0.537520702371414,0.623626286043135,1.12882376005305,3,TRUE
"gas_turbine_co_2015_raw","random",29,"auto-weak",0.520049236577479,0.619581834854657,1.19452860632885,3,TRUE
"gas_turbine_co_2015_raw","random",29,"WPMM2",0.520346388111358,0.608445777007606,1.14003975117444,3,TRUE
"gas_turbine_co_2015_raw","random",29,"WPMM3",0.515093587895369,0.610859338054629,1.18813957686941,3,TRUE
"gas_turbine_co_2015_raw","random",29,"LSE",0.543497042791967,0.634830012593253,1.15892781609164,3,TRUE
"gas_turbine_co_2015_raw","random",29,"ridge-LSE",0.553564025073917,0.640619452207396,1.16867821855828,3,TRUE
"gas_turbine_co_2015_raw","random",29,"Huber",0.521251336305237,0.607268323811569,1.13877642745268,3,TRUE
"gas_turbine_co_2015_raw","random",29,"L1",0.520823758391168,0.61500398943745,1.1525712918087,3,TRUE
"gas_turbine_co_2015_raw","random",30,"auto",0.537738039288517,0.65288980105329,1.47977552542285,3,TRUE
"gas_turbine_co_2015_raw","random",30,"auto-weak",0.51705284718111,0.628704861386455,1.37371991366547,3,TRUE
"gas_turbine_co_2015_raw","random",30,"WPMM2",0.504373451148088,0.633303485317535,1.42556174433968,3,TRUE
"gas_turbine_co_2015_raw","random",30,"WPMM3",0.510361761092428,0.645848809109682,1.47147977783173,3,TRUE
"gas_turbine_co_2015_raw","random",30,"LSE",0.55685650355843,0.672325390965257,1.40563596982204,3,TRUE
"gas_turbine_co_2015_raw","random",30,"ridge-LSE",0.557645653453514,0.671448502246525,1.44819671696843,3,TRUE
"gas_turbine_co_2015_raw","random",30,"Huber",0.52008024785589,0.633785756438788,1.43562358327719,3,TRUE
"gas_turbine_co_2015_raw","random",30,"L1",0.525254369735784,0.64216339980867,1.34388711607862,3,TRUE
"gas_turbine_co_2015_raw","blocked",1,"auto",0.871087902773167,1.73893781364162,4.4960141500988,3,TRUE
"gas_turbine_co_2015_raw","blocked",1,"auto-weak",1.18573969552807,1.82362711879324,4.48465057396943,3,TRUE
"gas_turbine_co_2015_raw","blocked",1,"WPMM2",0.695999893769669,0.899133435905486,1.52165726735126,3,TRUE
"gas_turbine_co_2015_raw","blocked",1,"WPMM3",0.454154432177761,0.52695071626769,0.964495325119012,3,TRUE
"gas_turbine_co_2015_raw","blocked",1,"LSE",1.06303012227246,1.1211096686535,1.46036275347327,3,TRUE
"gas_turbine_co_2015_raw","blocked",1,"ridge-LSE",0.587017774322882,2.74922546916475,11.4730930119577,3,TRUE
"gas_turbine_co_2015_raw","blocked",1,"Huber",0.681531551269458,0.780164392850121,1.26610766598086,3,TRUE
"gas_turbine_co_2015_raw","blocked",1,"L1",0.558996826577705,0.764112785571224,1.42817989701281,3,TRUE
"gas_turbine_co_2015_raw","blocked",2,"auto",0.607104737737353,0.725281490757892,1.54177849468024,3,TRUE
"gas_turbine_co_2015_raw","blocked",2,"auto-weak",0.567788440631157,0.690352334328559,1.37868652702094,3,TRUE
"gas_turbine_co_2015_raw","blocked",2,"WPMM2",0.582854857485018,0.712061816409913,1.53841815504031,3,TRUE
"gas_turbine_co_2015_raw","blocked",2,"WPMM3",0.572157984345843,0.68787700957606,1.36440115805474,3,TRUE
"gas_turbine_co_2015_raw","blocked",2,"LSE",0.617543860435431,0.741594389749867,1.51424472738438,3,TRUE
"gas_turbine_co_2015_raw","blocked",2,"ridge-LSE",0.582047206856801,0.700939263136913,1.40793243223806,3,TRUE
"gas_turbine_co_2015_raw","blocked",2,"Huber",0.587422719790197,0.71367000228318,1.55113197014578,3,TRUE
"gas_turbine_co_2015_raw","blocked",2,"L1",0.576419084123872,0.681154757882093,1.31420891048971,3,TRUE
"gas_turbine_co_2015_raw","blocked",3,"auto",0.784967976756188,0.953416177713492,2.22425147604931,3,TRUE
"gas_turbine_co_2015_raw","blocked",3,"auto-weak",0.812846471634268,0.956638395259169,2.15933500426146,3,TRUE
"gas_turbine_co_2015_raw","blocked",3,"WPMM2",0.779709981493274,0.958768607743746,2.27504771302317,3,TRUE
"gas_turbine_co_2015_raw","blocked",3,"WPMM3",0.762180014669041,0.90196846914181,2.11694729174956,3,TRUE
"gas_turbine_co_2015_raw","blocked",3,"LSE",0.827220196555343,1.04094497337082,2.70522777023897,3,TRUE
"gas_turbine_co_2015_raw","blocked",3,"ridge-LSE",0.761967690173449,0.903848827576331,2.06557230948766,3,TRUE
"gas_turbine_co_2015_raw","blocked",3,"Huber",0.781119877420647,0.922932042411593,2.13820716234753,3,TRUE
"gas_turbine_co_2015_raw","blocked",3,"L1",0.807933597628771,1.07945243498313,3.81956610780578,3,TRUE
"gas_turbine_co_2015_raw","blocked",4,"auto",0.764917763818818,0.817310218092612,1.18945420289829,3,TRUE
"gas_turbine_co_2015_raw","blocked",4,"auto-weak",0.78612514031728,0.854243363697533,1.3485798950255,3,TRUE
"gas_turbine_co_2015_raw","blocked",4,"WPMM2",0.761918114780491,0.828172366532754,1.29405053860111,3,TRUE
"gas_turbine_co_2015_raw","blocked",4,"WPMM3",0.777989400477207,0.840874593872845,1.32684242090727,3,TRUE
"gas_turbine_co_2015_raw","blocked",4,"LSE",0.806588636130486,0.87150432998143,1.21728573252661,3,TRUE
"gas_turbine_co_2015_raw","blocked",4,"ridge-LSE",0.780896869299217,0.8873409776502,1.73002891905322,3,TRUE
"gas_turbine_co_2015_raw","blocked",4,"Huber",0.788342523658419,0.854365969502924,1.35992078126481,3,TRUE
"gas_turbine_co_2015_raw","blocked",4,"L1",0.781075297377172,0.820004124995737,1.10504988073192,3,TRUE
"gas_turbine_co_2015_raw","blocked",5,"auto",0.614470876078392,0.660206205666991,0.85210857867786,3,TRUE
"gas_turbine_co_2015_raw","blocked",5,"auto-weak",0.717450296092944,0.740045178474363,0.900578199509179,3,TRUE
"gas_turbine_co_2015_raw","blocked",5,"WPMM2",0.607127624813467,0.63806626206431,0.791796295992989,3,TRUE
"gas_turbine_co_2015_raw","blocked",5,"WPMM3",0.612452662072302,0.653249965133169,0.814047949778439,3,TRUE
"gas_turbine_co_2015_raw","blocked",5,"LSE",0.882065708159104,0.911494081334327,1.0276858579944,3,TRUE
"gas_turbine_co_2015_raw","blocked",5,"ridge-LSE",0.697573855100437,0.82121206231879,1.19723494042194,3,TRUE
"gas_turbine_co_2015_raw","blocked",5,"Huber",0.650338165061835,0.677228684874129,0.815336739465906,3,TRUE
"gas_turbine_co_2015_raw","blocked",5,"L1",0.689515663330319,0.753838252371063,0.978687188910609,3,TRUE
"gas_turbine_nox_2015_raw","random",1,"auto",3.50682223364048,3.80339322424998,5.30120297322735,3,TRUE
"gas_turbine_nox_2015_raw","random",1,"auto-weak",3.31083832584281,3.68329350867441,5.42446471920282,3,TRUE
"gas_turbine_nox_2015_raw","random",1,"WPMM2",3.38799844037722,3.77979625579333,5.54177375806172,3,TRUE
"gas_turbine_nox_2015_raw","random",1,"WPMM3",3.43557831619059,3.82453163818318,5.53446787934807,3,TRUE
"gas_turbine_nox_2015_raw","random",1,"LSE",3.54556329461868,3.72789746827387,5.05510226265418,3,TRUE
"gas_turbine_nox_2015_raw","random",1,"ridge-LSE",3.55073583773333,3.78623957407519,5.27593476078906,3,TRUE
"gas_turbine_nox_2015_raw","random",1,"Huber",3.47541675758274,3.76802115578218,5.26227166815288,3,TRUE
"gas_turbine_nox_2015_raw","random",1,"L1",3.41973415358729,3.72228009333252,5.34007553420628,3,TRUE
"gas_turbine_nox_2015_raw","random",2,"auto",3.44664307875362,3.66125811196602,5.07701432419376,3,TRUE
"gas_turbine_nox_2015_raw","random",2,"auto-weak",3.1512592527428,3.52033466953354,5.25506594631967,3,TRUE
"gas_turbine_nox_2015_raw","random",2,"WPMM2",3.42447428321127,3.67985471510453,5.23722576189276,3,TRUE
"gas_turbine_nox_2015_raw","random",2,"WPMM3",3.32364137605827,3.63645455261874,5.35570944247594,3,TRUE
"gas_turbine_nox_2015_raw","random",2,"LSE",3.4944834827178,3.68297641714433,5.07702885177795,3,TRUE
"gas_turbine_nox_2015_raw","random",2,"ridge-LSE",3.59030810061082,3.781631283551,5.15356937392081,3,TRUE
"gas_turbine_nox_2015_raw","random",2,"Huber",3.39652118741317,3.68013805296055,5.22291041922064,3,TRUE
"gas_turbine_nox_2015_raw","random",2,"L1",3.17167587708653,3.43956441394671,4.96281375142982,3,TRUE
"gas_turbine_nox_2015_raw","random",3,"auto",3.28064966098293,3.62796945958659,5.37134670592937,3,TRUE
"gas_turbine_nox_2015_raw","random",3,"auto-weak",3.43908304371472,3.68756265153336,5.29831317110164,3,TRUE
"gas_turbine_nox_2015_raw","random",3,"WPMM2",3.2649477781139,3.55703802387396,5.24883383855688,3,TRUE
"gas_turbine_nox_2015_raw","random",3,"WPMM3",3.24664055485922,3.62749281198677,5.81755611287516,3,TRUE
"gas_turbine_nox_2015_raw","random",3,"LSE",3.62719039559974,3.78813592014088,5.3274082619396,3,TRUE
"gas_turbine_nox_2015_raw","random",3,"ridge-LSE",3.66711837785354,3.82696776927898,5.41047003028496,3,TRUE
"gas_turbine_nox_2015_raw","random",3,"Huber",3.30285197109758,3.6000977597907,5.42219126414556,3,TRUE
"gas_turbine_nox_2015_raw","random",3,"L1",3.32328751298943,3.60773179068628,5.66564591194445,3,TRUE
"gas_turbine_nox_2015_raw","random",4,"auto",3.33974774644093,3.66195022447975,5.18334679380928,3,TRUE
"gas_turbine_nox_2015_raw","random",4,"auto-weak",3.35874178719298,3.7196801723259,5.57589879289484,3,TRUE
"gas_turbine_nox_2015_raw","random",4,"WPMM2",3.35971747076533,3.73796436135453,5.51812383169888,3,TRUE
"gas_turbine_nox_2015_raw","random",4,"WPMM3",3.34787341305882,3.65444006099649,5.35365155748185,3,TRUE
"gas_turbine_nox_2015_raw","random",4,"LSE",3.47395278493645,3.7066815495234,5.23752082423669,3,TRUE
"gas_turbine_nox_2015_raw","random",4,"ridge-LSE",3.5415723994171,3.74322623103491,5.21070219330414,3,TRUE
"gas_turbine_nox_2015_raw","random",4,"Huber",3.38714502773205,3.72184129734508,5.29244612487524,3,TRUE
"gas_turbine_nox_2015_raw","random",4,"L1",3.31795458715364,3.57580625616826,5.07540841702147,3,TRUE
"gas_turbine_nox_2015_raw","random",5,"auto",3.4091507445966,3.5800909965902,4.73347225339958,3,TRUE
"gas_turbine_nox_2015_raw","random",5,"auto-weak",3.34171121299065,3.51315132665769,4.74043856904857,3,TRUE
"gas_turbine_nox_2015_raw","random",5,"WPMM2",3.35558639205943,3.59274749823111,5.05244168772678,3,TRUE
"gas_turbine_nox_2015_raw","random",5,"WPMM3",3.26702763427723,3.49266355939991,4.82059434047548,3,TRUE
"gas_turbine_nox_2015_raw","random",5,"LSE",3.53150120200194,3.64521605920867,4.71083423740328,3,TRUE
"gas_turbine_nox_2015_raw","random",5,"ridge-LSE",3.54665137683983,3.67933084834036,4.84666126831528,3,TRUE
"gas_turbine_nox_2015_raw","random",5,"Huber",3.40546306393129,3.5885367383995,4.9073147821098,3,TRUE
"gas_turbine_nox_2015_raw","random",5,"L1",3.44265003782967,3.6271513217716,4.99676221240929,3,TRUE
"gas_turbine_nox_2015_raw","random",6,"auto",3.38271252584381,3.66540433137917,5.25791541984332,3,TRUE
"gas_turbine_nox_2015_raw","random",6,"auto-weak",3.48153902103341,3.73715263186483,5.13242299020595,3,TRUE
"gas_turbine_nox_2015_raw","random",6,"WPMM2",3.35460939721596,3.69066594480303,5.89778569215148,3,TRUE
"gas_turbine_nox_2015_raw","random",6,"WPMM3",3.35217031802395,3.69464406241931,5.80028719196524,3,TRUE
"gas_turbine_nox_2015_raw","random",6,"LSE",3.66855394242476,3.8676693598095,5.41483139990666,3,TRUE
"gas_turbine_nox_2015_raw","random",6,"ridge-LSE",3.68315600499086,3.84756019334272,5.35508307368476,3,TRUE
"gas_turbine_nox_2015_raw","random",6,"Huber",3.41033773513505,3.61939417416452,5.228080408242,3,TRUE
"gas_turbine_nox_2015_raw","random",6,"L1",3.40412733250462,3.6316777255326,5.30861176674385,3,TRUE
"gas_turbine_nox_2015_raw","random",7,"auto",3.46530001035933,3.83331213770456,5.71356746667331,3,TRUE
"gas_turbine_nox_2015_raw","random",7,"auto-weak",3.41871562866546,3.66942415071143,5.0710895840111,3,TRUE
"gas_turbine_nox_2015_raw","random",7,"WPMM2",3.4524982510735,3.81852806197225,5.53085955675948,3,TRUE
"gas_turbine_nox_2015_raw","random",7,"WPMM3",3.40473653460462,3.80428699456236,5.72669957455417,3,TRUE
"gas_turbine_nox_2015_raw","random",7,"LSE",3.61864694040357,3.8532638490525,5.3308636262546,3,TRUE
"gas_turbine_nox_2015_raw","random",7,"ridge-LSE",3.5846297626566,3.860266849463,5.48851136013117,3,TRUE
"gas_turbine_nox_2015_raw","random",7,"Huber",3.43548634879669,3.71210970226194,5.25084402838152,3,TRUE
"gas_turbine_nox_2015_raw","random",7,"L1",3.38670727356367,3.77882483476422,5.74467854681242,3,TRUE
"gas_turbine_nox_2015_raw","random",8,"auto",3.50373767277916,3.86667484446223,5.50380969411391,3,TRUE
"gas_turbine_nox_2015_raw","random",8,"auto-weak",3.39936444787141,3.68120819214819,5.20976644011313,3,TRUE
"gas_turbine_nox_2015_raw","random",8,"WPMM2",3.31080293038027,3.78467365001012,5.58150894190453,3,TRUE
"gas_turbine_nox_2015_raw","random",8,"WPMM3",3.43747181301833,3.77852344431646,5.32064253449543,3,TRUE
"gas_turbine_nox_2015_raw","random",8,"LSE",3.56446962741175,3.74000771865558,5.1754022354478,3,TRUE
"gas_turbine_nox_2015_raw","random",8,"ridge-LSE",3.60440509512653,3.7836217674722,5.11861725101157,3,TRUE
"gas_turbine_nox_2015_raw","random",8,"Huber",3.42227888540731,3.70012705809336,5.21912093260263,3,TRUE
"gas_turbine_nox_2015_raw","random",8,"L1",3.35027858777507,3.63629991526806,5.24533152694673,3,TRUE
"gas_turbine_nox_2015_raw","random",9,"auto",3.40066269903331,3.82945404310766,5.6716746925038,3,TRUE
"gas_turbine_nox_2015_raw","random",9,"auto-weak",3.36948766442157,3.8112482549556,5.65301136384288,3,TRUE
"gas_turbine_nox_2015_raw","random",9,"WPMM2",3.34328456010321,3.84192935394544,5.87776058358531,3,TRUE
"gas_turbine_nox_2015_raw","random",9,"WPMM3",3.32459366938743,3.78171838202551,5.71524376969762,3,TRUE
"gas_turbine_nox_2015_raw","random",9,"LSE",3.49743318882125,3.86707237992293,5.60189119842885,3,TRUE
"gas_turbine_nox_2015_raw","random",9,"ridge-LSE",3.50599828168416,3.90724055702751,5.76190498632819,3,TRUE
"gas_turbine_nox_2015_raw","random",9,"Huber",3.36647652556492,3.80661643517438,5.68480568373528,3,TRUE
"gas_turbine_nox_2015_raw","random",9,"L1",3.4510293407648,3.95185124569078,5.9659030874048,3,TRUE
"gas_turbine_nox_2015_raw","random",10,"auto",3.49358455432936,3.61190078496433,4.71665016178676,3,TRUE
"gas_turbine_nox_2015_raw","random",10,"auto-weak",3.39609087238596,3.50691109824195,4.54778469786841,3,TRUE
"gas_turbine_nox_2015_raw","random",10,"WPMM2",3.28284966510001,3.46566753812162,4.71709757099835,3,TRUE
"gas_turbine_nox_2015_raw","random",10,"WPMM3",3.30292758957234,3.43209810129581,4.53379362536274,3,TRUE
"gas_turbine_nox_2015_raw","random",10,"LSE",3.67691584160271,3.69101183672994,4.76369360285266,3,TRUE
"gas_turbine_nox_2015_raw","random",10,"ridge-LSE",3.54848002212086,3.59012936220413,4.70537397655514,3,TRUE
"gas_turbine_nox_2015_raw","random",10,"Huber",3.41939257101137,3.53229412203416,4.62346989021742,3,TRUE
"gas_turbine_nox_2015_raw","random",10,"L1",3.30211518613727,3.43499819462715,4.58271421098408,3,TRUE
"gas_turbine_nox_2015_raw","random",11,"auto",3.39608095327969,3.59063222270747,4.89627594085923,3,TRUE
"gas_turbine_nox_2015_raw","random",11,"auto-weak",3.4493700712248,3.78560903299784,6.52880743220145,3,TRUE
"gas_turbine_nox_2015_raw","random",11,"WPMM2",3.41085325365066,3.78234503847766,5.56791799835539,3,TRUE
"gas_turbine_nox_2015_raw","random",11,"WPMM3",3.33356678630402,3.62893546745216,5.79220893743206,3,TRUE
"gas_turbine_nox_2015_raw","random",11,"LSE",3.58135875634106,3.72903457764899,5.09382889642813,3,TRUE
"gas_turbine_nox_2015_raw","random",11,"ridge-LSE",3.61466318882442,3.72965604974499,4.93595959176115,3,TRUE
"gas_turbine_nox_2015_raw","random",11,"Huber",3.39824778080885,3.61765214719673,5.15259321392199,3,TRUE
"gas_turbine_nox_2015_raw","random",11,"L1",3.35680350107868,3.56520552620039,4.94665483276977,3,TRUE
"gas_turbine_nox_2015_raw","random",12,"auto",3.47624523446807,3.76490201223292,5.28711310190496,3,TRUE
"gas_turbine_nox_2015_raw","random",12,"auto-weak",3.44254193001719,3.73338124849434,5.13926380963821,3,TRUE
"gas_turbine_nox_2015_raw","random",12,"WPMM2",3.37190411595138,3.76724849789305,5.66961841445075,3,TRUE
"gas_turbine_nox_2015_raw","random",12,"WPMM3",3.322886438335,3.69994714463249,5.51776160107924,3,TRUE
"gas_turbine_nox_2015_raw","random",12,"LSE",3.50140914724653,3.70920513583712,5.06932099402627,3,TRUE
"gas_turbine_nox_2015_raw","random",12,"ridge-LSE",3.49942635824458,3.75062172320891,5.20891046448839,3,TRUE
"gas_turbine_nox_2015_raw","random",12,"Huber",3.35798999951122,3.57763533777614,4.95524298777974,3,TRUE
"gas_turbine_nox_2015_raw","random",12,"L1",3.38602509198678,3.68016778149771,5.40082839406064,3,TRUE
"gas_turbine_nox_2015_raw","random",13,"auto",3.4383206918893,3.69911644163321,5.13352329975013,3,TRUE
"gas_turbine_nox_2015_raw","random",13,"auto-weak",3.23763969907741,3.61168487963861,5.5313197771161,3,TRUE
"gas_turbine_nox_2015_raw","random",13,"WPMM2",3.32213105638431,3.70891575373276,5.59867723962522,3,TRUE
"gas_turbine_nox_2015_raw","random",13,"WPMM3",3.31628507501631,3.5945356475395,5.03985534555435,3,TRUE
"gas_turbine_nox_2015_raw","random",13,"LSE",3.42651107167249,3.60445292736046,4.87758759799815,3,TRUE
"gas_turbine_nox_2015_raw","random",13,"ridge-LSE",3.63040749080906,3.89202143374254,5.34496133467334,3,TRUE
"gas_turbine_nox_2015_raw","random",13,"Huber",3.38070031902534,3.679485050004,5.20834510367483,3,TRUE
"gas_turbine_nox_2015_raw","random",13,"L1",3.30341536181879,3.59999793500574,5.07058687884223,3,TRUE
"gas_turbine_nox_2015_raw","random",14,"auto",3.32094169575784,3.5729825382863,4.97369084627155,3,TRUE
"gas_turbine_nox_2015_raw","random",14,"auto-weak",3.31855417631543,3.52475955785823,4.83969089924425,3,TRUE
"gas_turbine_nox_2015_raw","random",14,"WPMM2",3.32071448483939,3.60796248947237,5.04061121191555,3,TRUE
"gas_turbine_nox_2015_raw","random",14,"WPMM3",3.2684933442117,3.47312206713475,4.82374934167623,3,TRUE
"gas_turbine_nox_2015_raw","random",14,"LSE",3.471988356945,3.66610619722468,5.06965679626533,3,TRUE
"gas_turbine_nox_2015_raw","random",14,"ridge-LSE",3.52251810557663,3.75238706213628,5.15905969335192,3,TRUE
"gas_turbine_nox_2015_raw","random",14,"Huber",3.28272489763131,3.51137528322135,4.91225098009276,3,TRUE
"gas_turbine_nox_2015_raw","random",14,"L1",3.27992833048747,3.52812981134855,5.00888771878479,3,TRUE
"gas_turbine_nox_2015_raw","random",15,"auto",3.36311577023439,3.67381490847783,5.14749652046387,3,TRUE
"gas_turbine_nox_2015_raw","random",15,"auto-weak",3.18202121649114,3.68711637498473,5.97858136128324,3,TRUE
"gas_turbine_nox_2015_raw","random",15,"WPMM2",3.26674957922166,3.73357280894067,5.51870836688831,3,TRUE
"gas_turbine_nox_2015_raw","random",15,"WPMM3",3.22834471643078,3.57700614975702,5.42066923056158,3,TRUE
"gas_turbine_nox_2015_raw","random",15,"LSE",3.47415852302178,3.76437412640129,5.36257041249463,3,TRUE
"gas_turbine_nox_2015_raw","random",15,"ridge-LSE",3.53463315761343,3.80632282339922,5.2971519805228,3,TRUE
"gas_turbine_nox_2015_raw","random",15,"Huber",3.30066940914509,3.63324385643448,5.39577903050301,3,TRUE
"gas_turbine_nox_2015_raw","random",15,"L1",3.29782303621578,3.66576494354195,5.64369536680129,3,TRUE
"gas_turbine_nox_2015_raw","random",16,"auto",3.44873557155079,3.79015152693039,5.3834311380466,3,TRUE
"gas_turbine_nox_2015_raw","random",16,"auto-weak",3.17659073459819,3.55040254724587,5.26196959494808,3,TRUE
"gas_turbine_nox_2015_raw","random",16,"WPMM2",3.30851873877068,3.69971548328049,5.58914514671962,3,TRUE
"gas_turbine_nox_2015_raw","random",16,"WPMM3",3.38632184117411,3.74795518315349,5.43629086410492,3,TRUE
"gas_turbine_nox_2015_raw","random",16,"LSE",3.5352965722648,3.69254197303811,4.98720002357643,3,TRUE
"gas_turbine_nox_2015_raw","random",16,"ridge-LSE",3.47305545805339,3.65721676314302,4.96602324898805,3,TRUE
"gas_turbine_nox_2015_raw","random",16,"Huber",3.29493435367531,3.61740557124463,5.22544583423282,3,TRUE
"gas_turbine_nox_2015_raw","random",16,"L1",3.2897515605935,3.58226700592698,5.17711758788442,3,TRUE
"gas_turbine_nox_2015_raw","random",17,"auto",3.29702030338159,3.69112029263023,5.53458271020909,3,TRUE
"gas_turbine_nox_2015_raw","random",17,"auto-weak",3.42300339781391,3.83986963897402,5.86204150790583,3,TRUE
"gas_turbine_nox_2015_raw","random",17,"WPMM2",3.20279821753109,3.72310062155006,5.93015490936392,3,TRUE
"gas_turbine_nox_2015_raw","random",17,"WPMM3",3.22409750157447,3.57896598603138,5.29214440120725,3,TRUE
"gas_turbine_nox_2015_raw","random",17,"LSE",3.48105071805229,3.82177089634541,5.63924662526826,3,TRUE
"gas_turbine_nox_2015_raw","random",17,"ridge-LSE",3.50351255263541,3.82441887401669,5.6477963235057,3,TRUE
"gas_turbine_nox_2015_raw","random",17,"Huber",3.41995283595946,3.87464180372712,5.97808643516416,3,TRUE
"gas_turbine_nox_2015_raw","random",17,"L1",3.19490611720829,3.6444451207895,5.79997893356818,3,TRUE
"gas_turbine_nox_2015_raw","random",18,"auto",3.32806256440691,3.63490204826065,5.0439504309088,3,TRUE
"gas_turbine_nox_2015_raw","random",18,"auto-weak",3.36772717839662,3.60067812233818,4.98467673706565,3,TRUE
"gas_turbine_nox_2015_raw","random",18,"WPMM2",3.24430105552947,3.63357385945082,5.38305451815273,3,TRUE
"gas_turbine_nox_2015_raw","random",18,"WPMM3",3.30700154465975,3.79091132297618,5.70532981796745,3,TRUE
"gas_turbine_nox_2015_raw","random",18,"LSE",3.54349243509345,3.72603008736231,5.09348571871946,3,TRUE
"gas_turbine_nox_2015_raw","random",18,"ridge-LSE",3.51422808794461,3.77148396075885,5.24498444976395,3,TRUE
"gas_turbine_nox_2015_raw","random",18,"Huber",3.28670329288667,3.55822247574006,5.10404989688104,3,TRUE
"gas_turbine_nox_2015_raw","random",18,"L1",3.31213390597294,3.54339490397567,5.00546351708215,3,TRUE
"gas_turbine_nox_2015_raw","random",19,"auto",3.38659150230087,3.77486534219323,5.58581205258766,3,TRUE
"gas_turbine_nox_2015_raw","random",19,"auto-weak",3.16877960657693,3.62079343770545,5.69577522141134,3,TRUE
"gas_turbine_nox_2015_raw","random",19,"WPMM2",3.18888672782088,3.59295445212121,5.45389097076845,3,TRUE
"gas_turbine_nox_2015_raw","random",19,"WPMM3",3.26779899510614,3.68355473807307,5.59328893930309,3,TRUE
"gas_turbine_nox_2015_raw","random",19,"LSE",3.54553141629774,3.76828048247854,5.16263282408664,3,TRUE
"gas_turbine_nox_2015_raw","random",19,"ridge-LSE",3.49076584022068,3.78934210465721,5.46942490946883,3,TRUE
"gas_turbine_nox_2015_raw","random",19,"Huber",3.3026578632075,3.6373300216031,5.22152814891483,3,TRUE
"gas_turbine_nox_2015_raw","random",19,"L1",3.30665195899068,3.60191250100565,5.1232565038553,3,TRUE
"gas_turbine_nox_2015_raw","random",20,"auto",3.29119464267808,3.59947117014768,5.19312292277919,3,TRUE
"gas_turbine_nox_2015_raw","random",20,"auto-weak",3.30959966611161,3.62713884326198,5.64580927672522,3,TRUE
"gas_turbine_nox_2015_raw","random",20,"WPMM2",3.25193848256873,3.62079312161033,5.46231234930577,3,TRUE
"gas_turbine_nox_2015_raw","random",20,"WPMM3",3.10946270216337,3.51978419263706,5.53229688363544,3,TRUE
"gas_turbine_nox_2015_raw","random",20,"LSE",3.39227767497121,3.60212489335662,5.12113942828389,3,TRUE
"gas_turbine_nox_2015_raw","random",20,"ridge-LSE",3.52786880339092,3.71407869553129,5.10248812183266,3,TRUE
"gas_turbine_nox_2015_raw","random",20,"Huber",3.2729301175613,3.61334282173147,5.78256189811833,3,TRUE
"gas_turbine_nox_2015_raw","random",20,"L1",3.36255243588893,3.61156188277142,5.0896400951357,3,TRUE
"gas_turbine_nox_2015_raw","random",21,"auto",3.3728864147931,3.71885721585112,5.39359246949721,3,TRUE
"gas_turbine_nox_2015_raw","random",21,"auto-weak",2.7905151200144,3.22827478354832,5.22876727418761,3,TRUE
"gas_turbine_nox_2015_raw","random",21,"WPMM2",3.16032575402943,3.47880843251296,5.26454052937893,3,TRUE
"gas_turbine_nox_2015_raw","random",21,"WPMM3",3.17784533897673,3.54076361822203,5.38875827655064,3,TRUE
"gas_turbine_nox_2015_raw","random",21,"LSE",3.31783427681543,3.59514916691078,5.18337816437279,3,TRUE
"gas_turbine_nox_2015_raw","random",21,"ridge-LSE",3.33456739105087,3.61522658244414,5.26676162093784,3,TRUE
"gas_turbine_nox_2015_raw","random",21,"Huber",3.13812322681327,3.4504052205811,5.10034266353733,3,TRUE
"gas_turbine_nox_2015_raw","random",21,"L1",3.17495621747506,3.50876334700197,5.36027887922542,3,TRUE
"gas_turbine_nox_2015_raw","random",22,"auto",3.40093081881945,3.78948386148262,5.49920151323462,3,TRUE
"gas_turbine_nox_2015_raw","random",22,"auto-weak",3.3035406857835,3.64760120902867,5.26094725433147,3,TRUE
"gas_turbine_nox_2015_raw","random",22,"WPMM2",3.33295356659556,3.77152344220772,5.66006969448511,3,TRUE
"gas_turbine_nox_2015_raw","random",22,"WPMM3",3.25516956470663,3.62663756727641,5.68175319087352,3,TRUE
"gas_turbine_nox_2015_raw","random",22,"LSE",3.56611361004583,3.81200985359999,5.14778405760302,3,TRUE
"gas_turbine_nox_2015_raw","random",22,"ridge-LSE",3.53803391104968,3.75043352685754,5.16561584513224,3,TRUE
"gas_turbine_nox_2015_raw","random",22,"Huber",3.29691649409546,3.67342755474947,5.64947020300721,3,TRUE
"gas_turbine_nox_2015_raw","random",22,"L1",3.3802472679673,3.76983614674039,5.4217419049565,3,TRUE
"gas_turbine_nox_2015_raw","random",23,"auto",3.54105829327607,3.88103084407557,5.50800633895258,3,TRUE
"gas_turbine_nox_2015_raw","random",23,"auto-weak",3.34012069013526,3.69980111810855,5.51007147387367,3,TRUE
"gas_turbine_nox_2015_raw","random",23,"WPMM2",3.44797906854498,3.8261778884229,5.47281608022597,3,TRUE
"gas_turbine_nox_2015_raw","random",23,"WPMM3",3.40689768385163,3.71420223558247,5.2763717028909,3,TRUE
"gas_turbine_nox_2015_raw","random",23,"LSE",3.56573463754857,3.77071027325405,5.13620696058882,3,TRUE
"gas_turbine_nox_2015_raw","random",23,"ridge-LSE",3.67686517237379,3.88556774358599,5.26477426543643,3,TRUE
"gas_turbine_nox_2015_raw","random",23,"Huber",3.45680570234511,3.76546555639695,5.33081301767999,3,TRUE
"gas_turbine_nox_2015_raw","random",23,"L1",3.52913899653795,3.84217878644871,5.36763334324156,3,TRUE
"gas_turbine_nox_2015_raw","random",24,"auto",3.32328414297928,3.58262142460527,5.1882119762372,3,TRUE
"gas_turbine_nox_2015_raw","random",24,"auto-weak",3.3160951466612,3.57220429599112,5.12757933589692,3,TRUE
"gas_turbine_nox_2015_raw","random",24,"WPMM2",3.29635992243077,3.68489262844529,5.7117619506503,3,TRUE
"gas_turbine_nox_2015_raw","random",24,"WPMM3",3.3238049457117,3.68903422570401,5.68316992702161,3,TRUE
"gas_turbine_nox_2015_raw","random",24,"LSE",3.55413191769144,3.7521171242613,5.3677358901863,3,TRUE
"gas_turbine_nox_2015_raw","random",24,"ridge-LSE",3.53075517318253,3.75094714845495,5.3981820103182,3,TRUE
"gas_turbine_nox_2015_raw","random",24,"Huber",3.27606505752533,3.53726894238737,5.08017183907173,3,TRUE
"gas_turbine_nox_2015_raw","random",24,"L1",3.30364136177933,3.60610126098419,5.33378761717723,3,TRUE
"gas_turbine_nox_2015_raw","random",25,"auto",3.26275634277861,3.50238650805159,4.72387277005171,3,TRUE
"gas_turbine_nox_2015_raw","random",25,"auto-weak",3.44199812249614,3.66761158958601,4.92120885805748,3,TRUE
"gas_turbine_nox_2015_raw","random",25,"WPMM2",3.15506544330142,3.43486495817244,4.7663570343462,3,TRUE
"gas_turbine_nox_2015_raw","random",25,"WPMM3",3.27711560029087,3.52290323764713,4.82806722124054,3,TRUE
"gas_turbine_nox_2015_raw","random",25,"LSE",3.52046429194741,3.7156224824796,5.00953546008373,3,TRUE
"gas_turbine_nox_2015_raw","random",25,"ridge-LSE",3.58475219105179,3.72165357582751,4.91408672131104,3,TRUE
"gas_turbine_nox_2015_raw","random",25,"Huber",3.28610167761577,3.49711446137233,4.68211056501336,3,TRUE
"gas_turbine_nox_2015_raw","random",25,"L1",3.2336900166554,3.43037789919477,4.65750883546116,3,TRUE
"gas_turbine_nox_2015_raw","random",26,"auto",3.31923205296274,3.66366198184082,5.27575807638406,3,TRUE
"gas_turbine_nox_2015_raw","random",26,"auto-weak",3.40338230355141,3.69954942066565,5.41408794054466,3,TRUE
"gas_turbine_nox_2015_raw","random",26,"WPMM2",3.42749651873645,3.87314308819728,5.63329925535496,3,TRUE
"gas_turbine_nox_2015_raw","random",26,"WPMM3",3.3825158576649,3.77321545881425,5.99536648134392,3,TRUE
"gas_turbine_nox_2015_raw","random",26,"LSE",3.51417257651395,3.78570944988267,5.39321335290885,3,TRUE
"gas_turbine_nox_2015_raw","random",26,"ridge-LSE",3.52179982329753,3.77471474068011,5.24297565847068,3,TRUE
"gas_turbine_nox_2015_raw","random",26,"Huber",3.35052279630778,3.75224527370733,5.74774848838234,3,TRUE
"gas_turbine_nox_2015_raw","random",26,"L1",3.44621005402548,3.79294218247274,5.38387897478888,3,TRUE
"gas_turbine_nox_2015_raw","random",27,"auto",3.42476829880736,3.80557984176098,5.74405652899228,3,TRUE
"gas_turbine_nox_2015_raw","random",27,"auto-weak",3.41066322565609,3.76382857688182,5.34616277377429,3,TRUE
"gas_turbine_nox_2015_raw","random",27,"WPMM2",3.34664713451933,3.78644257105136,6.06188012236846,3,TRUE
"gas_turbine_nox_2015_raw","random",27,"WPMM3",3.36744720739805,3.81265143489857,6.25938347895158,3,TRUE
"gas_turbine_nox_2015_raw","random",27,"LSE",3.63196372777614,3.83375701796863,5.3710602161122,3,TRUE
"gas_turbine_nox_2015_raw","random",27,"ridge-LSE",3.54606263338025,3.77361387679927,5.1724561581803,3,TRUE
"gas_turbine_nox_2015_raw","random",27,"Huber",3.38739966754371,3.71699588769598,5.45843948940834,3,TRUE
"gas_turbine_nox_2015_raw","random",27,"L1",3.4226408085606,3.6735132541358,5.21253872935718,3,TRUE
"gas_turbine_nox_2015_raw","random",28,"auto",3.38611746917733,3.71871461299976,5.45193937242056,3,TRUE
"gas_turbine_nox_2015_raw","random",28,"auto-weak",3.41440905903941,3.77328434778531,5.90841322061225,3,TRUE
"gas_turbine_nox_2015_raw","random",28,"WPMM2",3.39727640603889,3.79985973885124,5.90104822990047,3,TRUE
"gas_turbine_nox_2015_raw","random",28,"WPMM3",3.38218741429627,3.76642592665744,6.17918989711789,3,TRUE
"gas_turbine_nox_2015_raw","random",28,"LSE",3.59005505034174,3.86041342959311,5.63295473391037,3,TRUE
"gas_turbine_nox_2015_raw","random",28,"ridge-LSE",3.55354661078709,3.83499071748832,5.57145171418145,3,TRUE
"gas_turbine_nox_2015_raw","random",28,"Huber",3.41260504165678,3.75208959265582,5.79826486377059,3,TRUE
"gas_turbine_nox_2015_raw","random",28,"L1",3.41323853675126,3.73839127979089,5.63279890245045,3,TRUE
"gas_turbine_nox_2015_raw","random",29,"auto",3.350779483364,3.71789196793294,5.40729412608486,3,TRUE
"gas_turbine_nox_2015_raw","random",29,"auto-weak",3.35304906299074,3.75541261397578,5.49817247695302,3,TRUE
"gas_turbine_nox_2015_raw","random",29,"WPMM2",3.33601624087946,3.72630452609435,5.48928374464179,3,TRUE
"gas_turbine_nox_2015_raw","random",29,"WPMM3",3.30903040607721,3.77181338813877,5.82169224039772,3,TRUE
"gas_turbine_nox_2015_raw","random",29,"LSE",3.55969321986294,3.88494883026301,5.60674511530495,3,TRUE
"gas_turbine_nox_2015_raw","random",29,"ridge-LSE",3.4831070308295,3.78323110058875,5.42667679976045,3,TRUE
"gas_turbine_nox_2015_raw","random",29,"Huber",3.34913945359214,3.75754695026511,5.67870464118404,3,TRUE
"gas_turbine_nox_2015_raw","random",29,"L1",3.39541779345256,3.71562337485327,5.28557181591284,3,TRUE
"gas_turbine_nox_2015_raw","random",30,"auto",3.40199265979321,3.71178821927568,5.32905144941078,3,TRUE
"gas_turbine_nox_2015_raw","random",30,"auto-weak",3.15662357306024,3.58282002550188,5.5868054588699,3,TRUE
"gas_turbine_nox_2015_raw","random",30,"WPMM2",3.55587605516383,3.96295934000782,6.24877975459089,3,TRUE
"gas_turbine_nox_2015_raw","random",30,"WPMM3",3.34978125316001,3.68297986703652,5.73315333705195,3,TRUE
"gas_turbine_nox_2015_raw","random",30,"LSE",3.5730512802637,3.81763836133923,5.42710828434632,3,TRUE
"gas_turbine_nox_2015_raw","random",30,"ridge-LSE",3.5518670297786,3.84455442411731,5.64392158099612,3,TRUE
"gas_turbine_nox_2015_raw","random",30,"Huber",3.35971732890948,3.6633482274871,5.57812905548068,3,TRUE
"gas_turbine_nox_2015_raw","random",30,"L1",3.3094529069246,3.56065977147121,5.28100653966688,3,TRUE
"gas_turbine_nox_2015_raw","blocked",1,"auto",4.32206547057651,8.88945353700845,23.7686424201895,3,TRUE
"gas_turbine_nox_2015_raw","blocked",1,"auto-weak",3.09640671567322,3.66331463415842,6.43355869588986,3,TRUE
"gas_turbine_nox_2015_raw","blocked",1,"WPMM2",3.55398017544247,8.20192917555762,26.5560425260849,3,TRUE
"gas_turbine_nox_2015_raw","blocked",1,"WPMM3",3.68271230981388,4.15613611738738,6.28493544605716,3,TRUE
"gas_turbine_nox_2015_raw","blocked",1,"LSE",6.451388119287,11.1297888939872,25.0449482563128,3,TRUE
"gas_turbine_nox_2015_raw","blocked",1,"ridge-LSE",3.70377755025706,6.39188671385085,14.4847968815808,3,TRUE
"gas_turbine_nox_2015_raw","blocked",1,"Huber",5.40914845288565,6.5196662931043,10.6351060538599,3,TRUE
"gas_turbine_nox_2015_raw","blocked",1,"L1",4.04462886194757,4.6390969988217,7.33535238295805,3,TRUE
"gas_turbine_nox_2015_raw","blocked",2,"auto",2.99236703900315,3.3515007388184,5.0287222042871,3,TRUE
"gas_turbine_nox_2015_raw","blocked",2,"auto-weak",2.92650288807999,3.47481571097956,5.50098665440546,3,TRUE
"gas_turbine_nox_2015_raw","blocked",2,"WPMM2",2.84853136954175,3.1969570632523,5.05045500657178,3,TRUE
"gas_turbine_nox_2015_raw","blocked",2,"WPMM3",2.82114811048671,3.37515853250521,5.37383115546131,3,TRUE
"gas_turbine_nox_2015_raw","blocked",2,"LSE",2.73662089711068,3.16054206674419,4.67908933806522,3,TRUE
"gas_turbine_nox_2015_raw","blocked",2,"ridge-LSE",3.01981376069461,3.35470740105104,5.08828658699124,3,TRUE
"gas_turbine_nox_2015_raw","blocked",2,"Huber",2.61685713121925,3.10873706010109,5.16151084799604,3,TRUE
"gas_turbine_nox_2015_raw","blocked",2,"L1",2.84592785178009,3.39438462110826,5.27452800177641,3,TRUE
"gas_turbine_nox_2015_raw","blocked",3,"auto",3.81897592251371,4.38460382188017,6.48754797733823,3,TRUE
"gas_turbine_nox_2015_raw","blocked",3,"auto-weak",3.54388918713631,3.66741890067696,4.8379426085543,3,TRUE
"gas_turbine_nox_2015_raw","blocked",3,"WPMM2",3.75590050549852,4.21049707582728,6.13122342154572,3,TRUE
"gas_turbine_nox_2015_raw","blocked",3,"WPMM3",3.54186400578454,3.91115792501604,5.73493417737273,3,TRUE
"gas_turbine_nox_2015_raw","blocked",3,"LSE",3.73203032684746,4.10809410046024,5.83498087914079,3,TRUE
"gas_turbine_nox_2015_raw","blocked",3,"ridge-LSE",3.80227397634069,4.0474687558719,5.51629365919263,3,TRUE
"gas_turbine_nox_2015_raw","blocked",3,"Huber",3.71402492109193,4.35297050933428,6.72849078574244,3,TRUE
"gas_turbine_nox_2015_raw","blocked",3,"L1",3.74669322185215,4.06073542267778,5.59582253260244,3,TRUE
"gas_turbine_nox_2015_raw","blocked",4,"auto",2.97799479652943,3.22784364276735,4.55787339425351,3,TRUE
"gas_turbine_nox_2015_raw","blocked",4,"auto-weak",3.1494544629684,3.42330582543066,4.77160795284477,3,TRUE
"gas_turbine_nox_2015_raw","blocked",4,"WPMM2",2.87133767636502,3.08326037958944,4.16184359619953,3,TRUE
"gas_turbine_nox_2015_raw","blocked",4,"WPMM3",2.81043773105003,3.08571813891992,4.45829473503523,3,TRUE
"gas_turbine_nox_2015_raw","blocked",4,"LSE",3.34402431733319,3.39464757732102,4.35299772323841,3,TRUE
"gas_turbine_nox_2015_raw","blocked",4,"ridge-LSE",3.28354144984276,3.35190794015569,4.32015609719705,3,TRUE
"gas_turbine_nox_2015_raw","blocked",4,"Huber",3.03525371233478,3.24836300809046,4.48523947283129,3,TRUE
"gas_turbine_nox_2015_raw","blocked",4,"L1",3.08497455004434,3.24547552989518,4.36451341349588,3,TRUE
"gas_turbine_nox_2015_raw","blocked",5,"auto",5.57054175688814,5.5892242362586,6.5379507939256,3,TRUE
"gas_turbine_nox_2015_raw","blocked",5,"auto-weak",5.07331891505401,5.19611694100511,6.17263832509078,3,TRUE
"gas_turbine_nox_2015_raw","blocked",5,"WPMM2",4.69905212428342,4.86008708943124,5.91350170481812,3,TRUE
"gas_turbine_nox_2015_raw","blocked",5,"WPMM3",5.47968243364156,5.62092441769105,6.63954841194962,3,TRUE
"gas_turbine_nox_2015_raw","blocked",5,"LSE",5.89698370200616,5.87881157094058,6.8405213079292,3,TRUE
"gas_turbine_nox_2015_raw","blocked",5,"ridge-LSE",5.79402684868101,5.79327307374173,6.71965280907347,3,TRUE
"gas_turbine_nox_2015_raw","blocked",5,"Huber",5.86477828715762,5.92337732374268,7.00093116734328,3,TRUE
"gas_turbine_nox_2015_raw","blocked",5,"L1",6.58083209695957,6.52978112290366,7.56084077179879,3,TRUE
