"dataset","rep","method","trmse","mae","rmse","pmm2_share","pmm3_share","wpmm2_share","wpmm3_share","ok"
"boot_motor_accel",1,"auto",18.1998375261993,21.1164408150575,27.3306121424425,0,0,0,0,TRUE
"boot_motor_accel",1,"auto-weak",15.8835536573834,17.5743600723092,22.8563299458037,0.222222222222222,0.333333333333333,0,0,TRUE
"boot_motor_accel",1,"WPMM2",19.3501498058487,23.7268436206512,42.1989303925105,0,0,1,0,TRUE
"boot_motor_accel",1,"WPMM3",17.4972496220867,17.9053825911787,25.0663857690343,0,0,0,1,TRUE
"boot_motor_accel",1,"LSE",17.005331138622,23.733787625156,38.7951908549302,0,0,0,0,TRUE
"boot_motor_accel",1,"ridge-LSE",14.0657412886239,16.8269393183841,27.8666397262905,0,0,0,0,TRUE
"boot_motor_accel",1,"Huber",14.00761133446,14.7760979215098,21.5283493852031,0,0,0,0,TRUE
"boot_motor_accel",1,"L1",17.7730292863872,18.3964885540383,26.8409641206667,0,0,0,0,TRUE
"boot_motor_accel",2,"auto",19.8649640231061,19.8002849021817,27.0764288582224,0.111111111111111,0,0,0,TRUE
"boot_motor_accel",2,"auto-weak",14.5232348801264,17.6160143007077,25.4482988050557,0.333333333333333,0.222222222222222,0,0,TRUE
"boot_motor_accel",2,"WPMM2",14.8877554793859,15.7139388882194,24.7146170165436,0,0,1,0,TRUE
"boot_motor_accel",2,"WPMM3",16.5794736951956,19.955513941366,27.1816672292535,0,0,0,1,TRUE
"boot_motor_accel",2,"LSE",21.5888534579264,23.806385030939,30.2528199915256,0,0,0,0,TRUE
"boot_motor_accel",2,"ridge-LSE",24.3043439037858,25.5244754250552,33.3574245605432,0,0,0,0,TRUE
"boot_motor_accel",2,"Huber",16.9264671650754,19.4198783883916,25.9431092717805,0,0,0,0,TRUE
"boot_motor_accel",2,"L1",14.1208407736443,17.7985012348579,27.8406404791128,0,0,0,0,TRUE
"boot_motor_accel",3,"auto",17.4937127921283,17.3389522680897,21.4234413398218,0.111111111111111,0,0,0,TRUE
"boot_motor_accel",3,"auto-weak",13.9826864560678,14.8728436994516,18.9239184126201,0.222222222222222,0,0,0,TRUE
"boot_motor_accel",3,"WPMM2",20.6807052218078,22.8752249514024,30.664978626846,0,0,1,0,TRUE
"boot_motor_accel",3,"WPMM3",20.1692097511595,18.2027825029342,25.4232917808572,0,0,0,1,TRUE
"boot_motor_accel",3,"LSE",18.159453995586,18.466703395692,21.9307028325715,0,0,0,0,TRUE
"boot_motor_accel",3,"ridge-LSE",14.6379854920325,17.4946814262117,23.1909800848307,0,0,0,0,TRUE
"boot_motor_accel",3,"Huber",15.7558852530787,16.3654963310933,21.7919895906665,0,0,0,0,TRUE
"boot_motor_accel",3,"L1",17.241517444112,19.4847182717158,27.6871352156984,0,0,0,0,TRUE
"boot_motor_accel",4,"auto",17.2630196876953,19.2943339299143,25.7155494691149,0.111111111111111,0,0,0,TRUE
"boot_motor_accel",4,"auto-weak",18.5243399059844,20.7496607595295,28.0259914529834,0.111111111111111,0,0,0,TRUE
"boot_motor_accel",4,"WPMM2",16.372621022266,19.4784651827369,28.8361578615366,0,0,1,0,TRUE
"boot_motor_accel",4,"WPMM3",22.9938812460947,24.1288374942556,28.7898515179075,0,0,0,1,TRUE
"boot_motor_accel",4,"LSE",22.765148037634,23.940561212817,33.4188544183542,0,0,0,0,TRUE
"boot_motor_accel",4,"ridge-LSE",19.6116579947867,21.5901873032241,28.4988029198317,0,0,0,0,TRUE
"boot_motor_accel",4,"Huber",19.0527800943416,21.1276159812183,28.5454311578815,0,0,0,0,TRUE
"boot_motor_accel",4,"L1",26.190561338201,29.2927697325431,36.8696675272799,0,0,0,0,TRUE
"boot_motor_accel",5,"auto",17.2286621954136,16.9326809548988,23.0134675134924,0.333333333333333,0,0,0,TRUE
"boot_motor_accel",5,"auto-weak",39.8562538970032,36.7973958333333,50.3776324658532,0,0.222222222222222,0,0,TRUE
"boot_motor_accel",5,"WPMM2",19.7572723432249,18.2426583389874,25.4005311371758,0,0,1,0,TRUE
"boot_motor_accel",5,"WPMM3",17.7018698235987,17.2203684784504,23.8854154243514,0,0,0,1,TRUE
"boot_motor_accel",5,"LSE",19.2727420705542,21.0667379379047,24.3203979869404,0,0,0,0,TRUE
"boot_motor_accel",5,"ridge-LSE",15.432924122307,16.5929044552237,22.000785863696,0,0,0,0,TRUE
"boot_motor_accel",5,"Huber",18.3377819460843,17.9589910517669,22.9610592677799,0,0,0,0,TRUE
"boot_motor_accel",5,"L1",18.6108934773148,18.4438928134959,25.4165287922888,0,0,0,0,TRUE
"boot_motor_accel",6,"auto",20.1236351931418,20.0008478861169,26.2003280760326,0,0,0,0,TRUE
"boot_motor_accel",6,"auto-weak",26.6847138878179,27.0169128675546,35.2883610586831,0.222222222222222,0,0,0,TRUE
"boot_motor_accel",6,"WPMM2",28.4381830472366,29.0935587036639,39.3884673937065,0,0,1,0,TRUE
"boot_motor_accel",6,"WPMM3",24.609201983289,25.338315974186,36.8230886522899,0,0,0,1,TRUE
"boot_motor_accel",6,"LSE",19.0777373592105,19.9409088946614,26.4148699597861,0,0,0,0,TRUE
"boot_motor_accel",6,"ridge-LSE",25.2523672531286,24.8571092234552,31.2755380341515,0,0,0,0,TRUE
"boot_motor_accel",6,"Huber",23.3086603277672,27.0886116251883,35.9476062278458,0,0,0,0,TRUE
"boot_motor_accel",6,"L1",22.708016309315,23.4521945801751,33.3447882929032,0,0,0,0,TRUE
"boot_motor_accel",7,"auto",16.9334089552448,18.7031777532799,24.3284691898898,0.111111111111111,0,0,0,TRUE
"boot_motor_accel",7,"auto-weak",15.8689281497394,21.3751468638588,34.6786623181717,0.222222222222222,0.111111111111111,0,0,TRUE
"boot_motor_accel",7,"WPMM2",17.3302005403313,17.6571829967639,23.7245524009117,0,0,1,0,TRUE
"boot_motor_accel",7,"WPMM3",24.7338344707668,26.1154087234731,30.717163827311,0,0,0,1,TRUE
"boot_motor_accel",7,"LSE",20.541128403239,20.2877930335067,25.6531638834514,0,0,0,0,TRUE
"boot_motor_accel",7,"ridge-LSE",20.6473974315388,21.6211037581866,25.2186146784336,0,0,0,0,TRUE
"boot_motor_accel",7,"Huber",21.3840362601312,22.5311666878802,30.3459064234109,0,0,0,0,TRUE
"boot_motor_accel",7,"L1",16.833969543487,20.5663300801825,30.742234137883,0,0,0,0,TRUE
"boot_motor_accel",8,"auto",35.7784471166493,35.9477301580813,44.4103972998523,0,0,0,0,TRUE
"boot_motor_accel",8,"auto-weak",36.5812463042122,35.3158870736192,42.1423070115038,0,0,0,0,TRUE
"boot_motor_accel",8,"WPMM2",14.561408053965,23.4092020556967,49.7266883654417,0,0,1,0,TRUE
"boot_motor_accel",8,"WPMM3",30.6156405663788,40.8185072425831,68.1838903621911,0,0,0,1,TRUE
"boot_motor_accel",8,"LSE",36.1626453097956,35.8869020651481,43.1289486064382,0,0,0,0,TRUE
"boot_motor_accel",8,"ridge-LSE",16.0566904537237,25.139685098408,48.8538346828462,0,0,0,0,TRUE
"boot_motor_accel",8,"Huber",11.9312555767391,11.8392030483364,14.2322533421532,0,0,0,0,TRUE
"boot_motor_accel",8,"L1",14.8649740018396,15.9020811958324,20.6464325580523,0,0,0,0,TRUE
"boot_motor_accel",9,"auto",19.1583375250461,19.5408967376366,25.113995376799,0.222222222222222,0,0,0,TRUE
"boot_motor_accel",9,"auto-weak",18.2924932809431,19.7447925218057,24.5053136464566,0.222222222222222,0.111111111111111,0,0,TRUE
"boot_motor_accel",9,"WPMM2",15.3059247210286,15.8195943554079,22.8543612133367,0,0,1,0,TRUE
"boot_motor_accel",9,"WPMM3",17.4576593242849,19.6467161459785,24.285966327712,0,0,0,1,TRUE
"boot_motor_accel",9,"LSE",23.2164078669553,22.8924313270606,27.9003898203651,0,0,0,0,TRUE
"boot_motor_accel",9,"ridge-LSE",18.9122431713914,21.0933836931552,25.3166927002186,0,0,0,0,TRUE
"boot_motor_accel",9,"Huber",20.6938060282666,23.181589560111,28.6225974685271,0,0,0,0,TRUE
"boot_motor_accel",9,"L1",16.9460660683357,18.0269871843597,24.094634241233,0,0,0,0,TRUE
"boot_motor_accel",10,"auto",16.7947112480624,17.7726060657621,24.6527971836822,0.222222222222222,0,0,0,TRUE
"boot_motor_accel",10,"auto-weak",16.8921721245031,17.1753005062928,19.986843090069,0.111111111111111,0,0,0,TRUE
"boot_motor_accel",10,"WPMM2",31.730536150491,45.956511711909,75.3681806953644,0,0,1,0,TRUE
"boot_motor_accel",10,"WPMM3",18.051734459091,21.017133381029,28.868093953742,0,0,0,1,TRUE
"boot_motor_accel",10,"LSE",17.7869437298021,21.3734720258759,31.1473305768977,0,0,0,0,TRUE
"boot_motor_accel",10,"ridge-LSE",17.1879145696575,18.6668945666271,21.3075641442173,0,0,0,0,TRUE
"boot_motor_accel",10,"Huber",15.2720439077625,18.7038730068102,25.7435118473539,0,0,0,0,TRUE
"boot_motor_accel",10,"L1",33.3810196163457,31.9623838573894,48.4525574779228,0,0,0,0,TRUE
"boot_motor_accel",11,"auto",16.3606366014865,17.1637177860242,19.4478225638729,0,0,0,0,TRUE
"boot_motor_accel",11,"auto-weak",13.6220151808332,13.6766172229592,16.8528437513076,0,0.222222222222222,0,0,TRUE
"boot_motor_accel",11,"WPMM2",16.1355482488766,17.9247924968282,24.2730861997478,0,0,1,0,TRUE
"boot_motor_accel",11,"WPMM3",21.4002056329233,21.1772884775315,24.9412650480097,0,0,0,1,TRUE
"boot_motor_accel",11,"LSE",16.9719859254033,16.7943696439404,21.7771702268123,0,0,0,0,TRUE
"boot_motor_accel",11,"ridge-LSE",13.7435188008848,14.4638777850958,17.4138665068555,0,0,0,0,TRUE
"boot_motor_accel",11,"Huber",18.8623285700907,19.9838070689071,26.2042443707179,0,0,0,0,TRUE
"boot_motor_accel",11,"L1",23.354950330636,22.7065291372618,29.9487807495302,0,0,0,0,TRUE
"boot_motor_accel",12,"auto",36.724203441612,40.042966525529,65.1262472041341,0.111111111111111,0,0,0,TRUE
"boot_motor_accel",12,"auto-weak",17.3362168192819,22.5753407653446,33.115478326045,0.111111111111111,0.444444444444444,0,0,TRUE
"boot_motor_accel",12,"WPMM2",21.5256405331884,24.4083131638922,32.9532026297735,0,0,1,0,TRUE
"boot_motor_accel",12,"WPMM3",19.9805904623202,19.849246225139,25.5521739341928,0,0,0,1,TRUE
"boot_motor_accel",12,"LSE",13.8021032743082,17.0192011843907,22.3582838273959,0,0,0,0,TRUE
"boot_motor_accel",12,"ridge-LSE",10.2406742050993,13.816998476235,23.1329463555493,0,0,0,0,TRUE
"boot_motor_accel",12,"Huber",15.1688988939469,19.5376510323176,28.799207442248,0,0,0,0,TRUE
"boot_motor_accel",12,"L1",38.5441993940106,36.8268232659581,48.7328512803587,0,0,0,0,TRUE
"boot_motor_accel",13,"auto",13.5163165546499,15.1253564622758,19.7650245974504,0.111111111111111,0,0,0,TRUE
"boot_motor_accel",13,"auto-weak",16.8726467136433,17.3957209441518,21.8629124577094,0.222222222222222,0,0,0,TRUE
"boot_motor_accel",13,"WPMM2",14.7247144584857,15.3007091063538,19.9553389384528,0,0,1,0,TRUE
"boot_motor_accel",13,"WPMM3",17.8496191897586,19.0156157746408,26.9309765599993,0,0,0,1,TRUE
"boot_motor_accel",13,"LSE",18.0397183288673,19.2771563976179,23.6268943700083,0,0,0,0,TRUE
"boot_motor_accel",13,"ridge-LSE",15.9631994125228,17.3394135654884,22.3171499755742,0,0,0,0,TRUE
"boot_motor_accel",13,"Huber",15.0095277697746,16.0114596379339,21.9871326697066,0,0,0,0,TRUE
"boot_motor_accel",13,"L1",19.4237874590495,20.3105821546969,25.665655557567,0,0,0,0,TRUE
"boot_motor_accel",14,"auto",15.9050461993452,17.4653625254376,26.8117177723006,0,0,0,0,TRUE
"boot_motor_accel",14,"auto-weak",22.1512283859064,23.8023875156889,28.4264436564014,0.111111111111111,0.222222222222222,0,0,TRUE
"boot_motor_accel",14,"WPMM2",13.4361271316272,14.8616384932849,23.4943651600564,0,0,1,0,TRUE
"boot_motor_accel",14,"WPMM3",15.3084966596061,18.4566619628051,30.6944682934266,0,0,0,1,TRUE
"boot_motor_accel",14,"LSE",14.8780087413232,18.3036914488609,24.9637505709817,0,0,0,0,TRUE
"boot_motor_accel",14,"ridge-LSE",14.7791814056011,16.0502961876093,22.3488477990458,0,0,0,0,TRUE
"boot_motor_accel",14,"Huber",16.0397814286721,18.3838325526032,23.6548666616783,0,0,0,0,TRUE
"boot_motor_accel",14,"L1",17.9630345146455,17.02748557779,26.1639006978152,0,0,0,0,TRUE
"boot_motor_accel",15,"auto",16.019432374493,15.492747413972,20.6696488942205,0,0,0,0,TRUE
"boot_motor_accel",15,"auto-weak",32.7020959645131,35.397770822796,43.4240310901221,0.333333333333333,0,0,0,TRUE
"boot_motor_accel",15,"WPMM2",15.6195306310288,15.246310284918,21.4165176887858,0,0,1,0,TRUE
"boot_motor_accel",15,"WPMM3",23.3543554027614,24.9458115644739,32.5684908110948,0,0,0,1,TRUE
"boot_motor_accel",15,"LSE",12.7297644054244,13.6126694920551,19.7888367207367,0,0,0,0,TRUE
"boot_motor_accel",15,"ridge-LSE",23.6923616354106,24.6090593660267,34.7822875899424,0,0,0,0,TRUE
"boot_motor_accel",15,"Huber",26.3115734584016,27.1137350834504,34.1070374167943,0,0,0,0,TRUE
"boot_motor_accel",15,"L1",17.1005574556255,20.0833261345315,27.6551363376855,0,0,0,0,TRUE
"boot_motor_accel",16,"auto",23.0811819020232,28.4256606138882,41.7602093601755,0.111111111111111,0,0,0,TRUE
"boot_motor_accel",16,"auto-weak",22.4758442995898,24.6792658730159,37.0669210883715,0.111111111111111,0.111111111111111,0,0,TRUE
"boot_motor_accel",16,"WPMM2",37.2464320974641,43.4700954073812,64.3341648923825,0,0,1,0,TRUE
"boot_motor_accel",16,"WPMM3",14.1593363704349,16.0404949449327,21.0186154212187,0,0,0,1,TRUE
"boot_motor_accel",16,"LSE",13.6057231355201,14.1412311509822,18.7879288783669,0,0,0,0,TRUE
"boot_motor_accel",16,"ridge-LSE",15.7312712698406,17.2527395295226,21.3429439600137,0,0,0,0,TRUE
"boot_motor_accel",16,"Huber",13.8736126049864,15.4520896232045,23.1111709597171,0,0,0,0,TRUE
"boot_motor_accel",16,"L1",13.3245206476847,14.5427662353739,21.8684956842437,0,0,0,0,TRUE
"boot_motor_accel",17,"auto",16.93441170335,18.7616038857926,24.1784153629926,0.111111111111111,0,0,0,TRUE
"boot_motor_accel",17,"auto-weak",15.9376117194037,16.5320810751168,22.5954169332049,0.111111111111111,0,0,0,TRUE
"boot_motor_accel",17,"WPMM2",18.0152694549349,19.4086453304549,28.4036360396319,0,0,1,0,TRUE
"boot_motor_accel",17,"WPMM3",27.2212559787455,27.2665204517394,35.5360803142058,0,0,0,1,TRUE
"boot_motor_accel",17,"LSE",24.2032328499852,26.0890566091603,33.0624951909631,0,0,0,0,TRUE
"boot_motor_accel",17,"ridge-LSE",22.6325404993238,24.4905298906007,30.3798811865844,0,0,0,0,TRUE
"boot_motor_accel",17,"Huber",22.9157901485064,27.2140823172108,40.8204474481984,0,0,0,0,TRUE
"boot_motor_accel",17,"L1",18.4751598901926,20.2558537180071,27.877813672102,0,0,0,0,TRUE
"boot_motor_accel",18,"auto",12.8971426080138,15.5186407046111,21.7300289284828,0,0,0,0,TRUE
"boot_motor_accel",18,"auto-weak",18.9985952949844,21.1348523291556,25.0377286333802,0.333333333333333,0,0,0,TRUE
"boot_motor_accel",18,"WPMM2",19.8296257974237,19.0108089117035,26.2666209757726,0,0,1,0,TRUE
"boot_motor_accel",18,"WPMM3",38.198694931045,37.2501706372665,47.976760618432,0,0,0,1,TRUE
"boot_motor_accel",18,"LSE",20.6605949534448,23.7264578174964,32.4622064361895,0,0,0,0,TRUE
"boot_motor_accel",18,"ridge-LSE",20.6666707195442,21.8101940314447,23.9107618829993,0,0,0,0,TRUE
"boot_motor_accel",18,"Huber",19.5014627225846,17.0610875535244,23.7267420547378,0,0,0,0,TRUE
"boot_motor_accel",18,"L1",29.5748409577755,27.32364846572,36.4739889960558,0,0,0,0,TRUE
"boot_motor_accel",19,"auto",19.4535001951132,24.1056944444444,37.219599190331,0,0,0,0,TRUE
"boot_motor_accel",19,"auto-weak",18.5919324414795,19.8817188274882,26.7001659673631,0.111111111111111,0.111111111111111,0,0,TRUE
"boot_motor_accel",19,"WPMM2",21.7049642933246,29.5167891286645,54.7027423275033,0,0,1,0,TRUE
"boot_motor_accel",19,"WPMM3",16.5532397121004,16.5864449125439,24.4211467812445,0,0,0,1,TRUE
"boot_motor_accel",19,"LSE",16.1381466709944,16.0708409074442,21.4322878751793,0,0,0,0,TRUE
"boot_motor_accel",19,"ridge-LSE",21.4187252968038,22.2763235409823,26.2233250102374,0,0,0,0,TRUE
"boot_motor_accel",19,"Huber",25.0720315547292,26.2429091851193,33.5765416830038,0,0,0,0,TRUE
"boot_motor_accel",19,"L1",16.9138423763723,18.4651454988746,27.9896506129307,0,0,0,0,TRUE
"boot_motor_accel",20,"auto",18.1821352762357,19.3004972431692,24.9242085536491,0,0,0,0,TRUE
"boot_motor_accel",20,"auto-weak",15.5875514804533,17.9262481727152,23.0603064237608,0.222222222222222,0,0,0,TRUE
"boot_motor_accel",20,"WPMM2",28.0142926022813,30.6617730479235,39.4418212596355,0,0,1,0,TRUE
"boot_motor_accel",20,"WPMM3",15.831462791466,17.3709261398279,26.1587947382187,0,0,0,1,TRUE
"boot_motor_accel",20,"LSE",23.2849510687148,27.2845428039551,37.3167342765943,0,0,0,0,TRUE
"boot_motor_accel",20,"ridge-LSE",12.4849046217731,15.086518165289,20.9327308286013,0,0,0,0,TRUE
"boot_motor_accel",20,"Huber",18.103959699854,19.6681025808892,30.4923752856352,0,0,0,0,TRUE
"boot_motor_accel",20,"L1",17.8739007506718,18.4270798821871,26.1800121892319,0,0,0,0,TRUE
"boot_motor_accel",21,"auto",24.002261218646,22.8793948456998,28.8913221571646,0.666666666666667,0,0,0,TRUE
"boot_motor_accel",21,"auto-weak",56.4043549862269,47.0191512345679,59.5312195524358,0.111111111111111,0.111111111111111,0,0,TRUE
"boot_motor_accel",21,"WPMM2",24.3850197121152,26.3273197889956,35.0019103562554,0,0,1,0,TRUE
"boot_motor_accel",21,"WPMM3",64.2174409700023,53.616759450278,67.6554720030727,0,0,0,1,TRUE
"boot_motor_accel",21,"LSE",18.1098815570649,19.4319326074928,24.1216845351434,0,0,0,0,TRUE
"boot_motor_accel",21,"ridge-LSE",15.2720688717109,17.1864561629396,22.4472855618188,0,0,0,0,TRUE
"boot_motor_accel",21,"Huber",16.7574698465213,19.1061118487432,23.1558701233984,0,0,0,0,TRUE
"boot_motor_accel",21,"L1",21.0085609293044,20.4833594941659,27.4251708813459,0,0,0,0,TRUE
"boot_motor_accel",22,"auto",14.5070000669756,16.0092857307727,22.284334857316,0.222222222222222,0,0,0,TRUE
"boot_motor_accel",22,"auto-weak",18.8309614398184,18.3157932819498,22.1716148237465,0.222222222222222,0,0,0,TRUE
"boot_motor_accel",22,"WPMM2",24.5916811249405,27.8380785757957,37.07304356708,0,0,1,0,TRUE
"boot_motor_accel",22,"WPMM3",25.4297359910494,30.8175815709654,42.5126878676762,0,0,0,1,TRUE
"boot_motor_accel",22,"LSE",20.3868683836734,22.0280928951813,30.357289927589,0,0,0,0,TRUE
"boot_motor_accel",22,"ridge-LSE",15.1765954273496,18.5179642949226,28.9593841342347,0,0,0,0,TRUE
"boot_motor_accel",22,"Huber",14.0317135470417,16.7159705912145,24.4227234583658,0,0,0,0,TRUE
"boot_motor_accel",22,"L1",13.1630185369722,15.2970395769065,22.6662073124192,0,0,0,0,TRUE
"boot_motor_accel",23,"auto",25.8635918473236,27.4201737748352,33.5177269037663,0,0,0,0,TRUE
"boot_motor_accel",23,"auto-weak",20.9377639185317,23.6469058797871,30.3187123958487,0.333333333333333,0,0,0,TRUE
"boot_motor_accel",23,"WPMM2",31.3730819971387,30.415382596657,36.0820415132978,0,0,1,0,TRUE
"boot_motor_accel",23,"WPMM3",20.9089276951456,22.9453096289265,29.4945333670573,0,0,0,1,TRUE
"boot_motor_accel",23,"LSE",18.8860964294474,21.8489675439016,25.7519417443044,0,0,0,0,TRUE
"boot_motor_accel",23,"ridge-LSE",16.2892419591527,19.2899101291646,26.4768672854647,0,0,0,0,TRUE
"boot_motor_accel",23,"Huber",21.6169277017127,22.1464383861687,26.3905343713662,0,0,0,0,TRUE
"boot_motor_accel",23,"L1",23.6296535595313,21.6425335461432,27.7737075251003,0,0,0,0,TRUE
"boot_motor_accel",24,"auto",18.528566328143,19.2100808150808,24.5440760009339,0.222222222222222,0,0,0,TRUE
"boot_motor_accel",24,"auto-weak",23.7172991069129,26.049206612133,30.7957759269084,0.444444444444444,0.111111111111111,0,0,TRUE
"boot_motor_accel",24,"WPMM2",16.3161353892233,18.3207575326303,28.3392782936924,0,0,1,0,TRUE
"boot_motor_accel",24,"WPMM3",26.1586903942207,27.8818732897586,36.5117398398224,0,0,0,1,TRUE
"boot_motor_accel",24,"LSE",15.5673279395893,17.1475208909762,23.5666817224823,0,0,0,0,TRUE
"boot_motor_accel",24,"ridge-LSE",27.4142842569227,27.7812387673216,35.0602279567117,0,0,0,0,TRUE
"boot_motor_accel",24,"Huber",20.8025845417478,19.6050205702892,24.4335751825483,0,0,0,0,TRUE
"boot_motor_accel",24,"L1",14.7733620360972,17.2569169657347,23.3778152444576,0,0,0,0,TRUE
"boot_motor_accel",25,"auto",15.2834479757526,16.3010268907225,22.4840862216877,0,0,0,0,TRUE
"boot_motor_accel",25,"auto-weak",15.5144705317959,16.5000713608909,20.564551659394,0.222222222222222,0,0,0,TRUE
"boot_motor_accel",25,"WPMM2",16.1967649549253,17.8789362525087,24.2433242271393,0,0,1,0,TRUE
"boot_motor_accel",25,"WPMM3",19.7647275874056,21.0363037663282,28.490729986409,0,0,0,1,TRUE
"boot_motor_accel",25,"LSE",15.7776520882593,17.5187013570001,21.3122744489463,0,0,0,0,TRUE
"boot_motor_accel",25,"ridge-LSE",16.302530355844,17.6415492163059,22.1259824752029,0,0,0,0,TRUE
"boot_motor_accel",25,"Huber",15.8438934027123,17.4095474376755,22.3397420262629,0,0,0,0,TRUE
"boot_motor_accel",25,"L1",16.3185821799913,17.1005570049589,25.054505338768,0,0,0,0,TRUE
"boot_motor_accel",26,"auto",17.9382513479668,19.6696826897896,30.1737467081858,0.111111111111111,0,0,0,TRUE
"boot_motor_accel",26,"auto-weak",18.2714997925847,18.7419786341757,27.6965432412445,0.333333333333333,0,0,0,TRUE
"boot_motor_accel",26,"WPMM2",20.4325119406,22.04646551562,28.6180100617941,0,0,1,0,TRUE
"boot_motor_accel",26,"WPMM3",16.2822161230099,18.2592817524437,29.5618582324183,0,0,0,1,TRUE
"boot_motor_accel",26,"LSE",16.9760754605908,17.9854905337106,24.2572721197391,0,0,0,0,TRUE
"boot_motor_accel",26,"ridge-LSE",17.6482117162036,19.764190423911,24.6922271821639,0,0,0,0,TRUE
"boot_motor_accel",26,"Huber",16.4726223821228,17.0951967391243,25.0312122577196,0,0,0,0,TRUE
"boot_motor_accel",26,"L1",19.8184571794864,21.5696583997728,28.6009810966612,0,0,0,0,TRUE
"boot_motor_accel",27,"auto",20.9568445456496,24.2197546518258,37.7028015011515,0.222222222222222,0,0,0,TRUE
"boot_motor_accel",27,"auto-weak",15.1139540030852,15.7562835479098,21.4869744320998,0.111111111111111,0,0,0,TRUE
"boot_motor_accel",27,"WPMM2",20.7984345099729,21.5641841712411,30.2879858494423,0,0,1,0,TRUE
"boot_motor_accel",27,"WPMM3",23.141639741623,24.4730122510135,33.7898879046708,0,0,0,1,TRUE
"boot_motor_accel",27,"LSE",17.4371279030429,18.7452870256968,23.2739878118755,0,0,0,0,TRUE
"boot_motor_accel",27,"ridge-LSE",18.4975593772986,20.232748211076,25.785393531828,0,0,0,0,TRUE
"boot_motor_accel",27,"Huber",21.165735226321,22.1991036522586,29.7282306392044,0,0,0,0,TRUE
"boot_motor_accel",27,"L1",18.240239994823,17.6675408955332,24.9242363827806,0,0,0,0,TRUE
"boot_motor_accel",28,"auto",21.1104141709508,22.6310891823139,31.4406643560224,0,0,0,0,TRUE
"boot_motor_accel",28,"auto-weak",14.3098303936646,15.7498394031352,21.0195791080559,0.111111111111111,0,0,0,TRUE
"boot_motor_accel",28,"WPMM2",25.5569017493781,28.5528202826772,45.0661617410674,0,0,1,0,TRUE
"boot_motor_accel",28,"WPMM3",14.3778393688183,15.6714063509289,20.4113547454532,0,0,0,1,TRUE
"boot_motor_accel",28,"LSE",22.0514897460702,25.6671282937122,35.2152305959269,0,0,0,0,TRUE
"boot_motor_accel",28,"ridge-LSE",21.2174577978101,43.5090381132216,87.2012524247468,0,0,0,0,TRUE
"boot_motor_accel",28,"Huber",31.0637014510276,36.7633286269181,59.3283704638789,0,0,0,0,TRUE
"boot_motor_accel",28,"L1",20.0100586446045,19.7566647900686,27.5348904712166,0,0,0,0,TRUE
"boot_motor_accel",29,"auto",14.2822613721668,16.0722803499393,22.8074582048843,0,0,0,0,TRUE
"boot_motor_accel",29,"auto-weak",20.5296729126096,22.0954245456325,27.9677899486368,0.222222222222222,0.222222222222222,0,0,TRUE
"boot_motor_accel",29,"WPMM2",18.9264352609108,19.1109779801342,26.3080262432787,0,0,1,0,TRUE
"boot_motor_accel",29,"WPMM3",14.6354653296687,16.110870429783,21.496127559395,0,0,0,1,TRUE
"boot_motor_accel",29,"LSE",15.4730493004675,16.5720888370617,22.3608097261064,0,0,0,0,TRUE
"boot_motor_accel",29,"ridge-LSE",15.5967402239891,19.7163190439234,28.0739422861952,0,0,0,0,TRUE
"boot_motor_accel",29,"Huber",20.1835369459077,22.1363240949902,27.7572342500608,0,0,0,0,TRUE
"boot_motor_accel",29,"L1",16.8466413307537,18.5274684952406,22.9934523640964,0,0,0,0,TRUE
"boot_motor_accel",30,"auto",22.4749902255404,23.3927123212809,27.6738439100889,0.333333333333333,0,0,0,TRUE
"boot_motor_accel",30,"auto-weak",22.0462888853322,26.6490740740741,36.7214888983764,0,0.111111111111111,0,0,TRUE
"boot_motor_accel",30,"WPMM2",23.950362857143,23.489468978479,29.9716308804982,0,0,1,0,TRUE
"boot_motor_accel",30,"WPMM3",17.7981962889254,20.9526284734046,27.9368360038432,0,0,0,1,TRUE
"boot_motor_accel",30,"LSE",18.0648069081463,20.9144553470122,27.4497654908491,0,0,0,0,TRUE
"boot_motor_accel",30,"ridge-LSE",34.5969136210999,33.6159185486491,41.135084076121,0,0,0,0,TRUE
"boot_motor_accel",30,"Huber",16.2177122920768,18.6689595556299,24.7843038209085,0,0,0,0,TRUE
"boot_motor_accel",30,"L1",22.9320841025774,23.6424015457181,30.2269426774619,0,0,0,0,TRUE
"toothgrowth",1,"auto",2.93352873016519,3.24557370184255,3.78170278748629,0,0,0,0,TRUE
"toothgrowth",1,"auto-weak",2.64491126357029,2.92289054588972,3.64427630638029,0,0,0,0,TRUE
"toothgrowth",1,"WPMM2",4.28652369304666,4.40405422883165,5.38394678266683,0,0,1,0,TRUE
"toothgrowth",1,"WPMM3",3.89549191192702,3.80125288135196,4.58493492321019,0,0,0,1,TRUE
"toothgrowth",1,"LSE",2.69408875126593,2.5877375328084,3.2179148583369,0,0,0,0,TRUE
"toothgrowth",1,"ridge-LSE",2.17230044491803,2.48221807104809,3.19198775871089,0,0,0,0,TRUE
"toothgrowth",1,"Huber",3.36022148205683,3.26709619323177,3.86772119974736,0,0,0,0,TRUE
"toothgrowth",1,"L1",2.62330380178079,2.80652618478694,3.45452606933734,0,0,0,0,TRUE
"toothgrowth",2,"auto",3.55709051592118,3.52117534246575,4.32876398455932,0,0,0,0,TRUE
"toothgrowth",2,"auto-weak",3.92967831494274,3.91022353161242,4.70531826280143,0,0,0,0,TRUE
"toothgrowth",2,"WPMM2",3.83903740179679,3.80558022235469,4.84622572310858,0,0,1,0,TRUE
"toothgrowth",2,"WPMM3",4.20055322469437,4.19121732026125,4.79100167588893,0,0,0,1,TRUE
"toothgrowth",2,"LSE",4.06544538002201,4.14189432989691,4.97149499212942,0,0,0,0,TRUE
"toothgrowth",2,"ridge-LSE",3.6331458268525,3.63969135867326,4.39752051571446,0,0,0,0,TRUE
"toothgrowth",2,"Huber",3.89387570114468,3.93396020820099,4.80874375917944,0,0,0,0,TRUE
"toothgrowth",2,"L1",4.02450679223615,3.88643615662929,4.62253097456182,0,0,0,0,TRUE
"toothgrowth",3,"auto",2.95049130041542,3.25905348659004,3.9371715311952,0,0,0,0,TRUE
"toothgrowth",3,"auto-weak",3.13931007699003,3.6228853427896,4.36541727845137,0,0,0,0,TRUE
"toothgrowth",3,"WPMM2",3.4326311442907,3.56155225206115,4.21038392281901,0,0,1,0,TRUE
"toothgrowth",3,"WPMM3",3.27332282288834,3.56221161050454,4.43901904119632,0,0,0,1,TRUE
"toothgrowth",3,"LSE",2.93668928543369,3.31332266666667,4.11345261925682,0,0,0,0,TRUE
"toothgrowth",3,"ridge-LSE",3.05503871361676,3.39032332677455,4.05719428654672,0,0,0,0,TRUE
"toothgrowth",3,"Huber",3.07201842238388,3.54085575679798,4.29030817580663,0,0,0,0,TRUE
"toothgrowth",3,"L1",3.1281932408302,3.33333662907144,3.9884818122937,0,0,0,0,TRUE
"toothgrowth",4,"auto",3.21772250473193,3.27242590100194,3.87462693742048,0,0,0,0,TRUE
"toothgrowth",4,"auto-weak",3.21835310453441,3.01224470899471,3.61565308397608,0,0,0,0,TRUE
"toothgrowth",4,"WPMM2",4.32264233200188,4.51978669801902,5.11800323303962,0,0,1,0,TRUE
"toothgrowth",4,"WPMM3",3.71769999661578,3.40958615779421,4.16170394157721,0,0,0,1,TRUE
"toothgrowth",4,"LSE",2.9405817349475,3.10291823361824,3.59777598192093,0,0,0,0,TRUE
"toothgrowth",4,"ridge-LSE",3.37558530452103,3.41783836999901,3.87943202111724,0,0,0,0,TRUE
"toothgrowth",4,"Huber",3.38632483185184,2.95340840750711,3.84269899244583,0,0,0,0,TRUE
"toothgrowth",4,"L1",3.08867791705492,2.93553249367243,3.26160651704146,0,0,0,0,TRUE
"toothgrowth",5,"auto",2.99085872324023,3.0260404494382,3.71738510929865,0,0,0,0,TRUE
"toothgrowth",5,"auto-weak",2.13232678822049,2.28712719298245,2.63514805353011,0,0,0,0,TRUE
"toothgrowth",5,"WPMM2",2.42265934501146,2.58462184228204,3.39193373055765,0,0,1,0,TRUE
"toothgrowth",5,"WPMM3",1.9519276444547,2.11684422199117,2.69423396550346,0,0,0,1,TRUE
"toothgrowth",5,"LSE",2.28220633776266,2.30943491285403,2.77088680729092,0,0,0,0,TRUE
"toothgrowth",5,"ridge-LSE",1.86587593114271,2.01340494272863,2.32110705776381,0,0,0,0,TRUE
"toothgrowth",5,"Huber",2.21093502245061,2.30742017681037,2.60112978613933,0,0,0,0,TRUE
"toothgrowth",5,"L1",1.59700679793277,1.86148014810722,2.54040177543396,0,0,0,0,TRUE
"toothgrowth",6,"auto",3.41097710687607,3.35569092614931,3.87567318710723,0,0,0,0,TRUE
"toothgrowth",6,"auto-weak",2.4468539082618,2.59739272423483,3.22678115712757,0,0,0,0,TRUE
"toothgrowth",6,"WPMM2",3.00984729130923,3.12913576887833,3.92949184769783,0,0,1,0,TRUE
"toothgrowth",6,"WPMM3",3.3726740990272,3.29827320242517,3.83936752987443,0,0,0,1,TRUE
"toothgrowth",6,"LSE",2.43057618625457,2.83687122268712,3.40768580226858,0,0,0,0,TRUE
"toothgrowth",6,"ridge-LSE",3.10614849140039,3.11562090120343,3.64134682783151,0,0,0,0,TRUE
"toothgrowth",6,"Huber",3.29093103344094,3.41242804002127,3.8626515169063,0,0,0,0,TRUE
"toothgrowth",6,"L1",3.19150189568674,3.24150891613724,3.70253507273546,0,0,0,0,TRUE
"toothgrowth",7,"auto",2.99053030356819,3.18011495264069,4.13766814099355,0,0,0,0,TRUE
"toothgrowth",7,"auto-weak",3.62949623419425,3.76020921685044,5.06356008018651,0,0,0,0,TRUE
"toothgrowth",7,"WPMM2",2.97260709601194,3.31753910786826,4.40364064624127,0,0,1,0,TRUE
"toothgrowth",7,"WPMM3",2.78774545841086,3.19569007967983,3.99629458784606,0,0,0,1,TRUE
"toothgrowth",7,"LSE",3.45831717044382,3.80783950617284,5.0786594920719,0,0,0,0,TRUE
"toothgrowth",7,"ridge-LSE",3.08453692769379,3.47357499099574,4.19433336612579,0,0,0,0,TRUE
"toothgrowth",7,"Huber",3.3204554189326,3.7243799576345,4.74817302158202,0,0,0,0,TRUE
"toothgrowth",7,"L1",4.55390312124774,5.13868795769633,6.46915894590238,0,0,0,0,TRUE
"toothgrowth",8,"auto",4.19948370414076,4.34426299045599,5.2627298025568,0,0,0,0,TRUE
"toothgrowth",8,"auto-weak",4.25270098741401,4.32836363636364,5.17585411122673,0,0,0,0,TRUE
"toothgrowth",8,"WPMM2",4.78398449205144,5.04445409191459,5.7720298679191,0,0,1,0,TRUE
"toothgrowth",8,"WPMM3",3.72319611005489,3.88487067341196,5.06180523166888,0,0,0,1,TRUE
"toothgrowth",8,"LSE",4.27308447381192,4.22447630922693,5.38117365932123,0,0,0,0,TRUE
"toothgrowth",8,"ridge-LSE",4.28226323658164,4.21285240324416,5.63960928707656,0,0,0,0,TRUE
"toothgrowth",8,"Huber",4.68485046530058,4.8997573965649,5.74527271132038,0,0,0,0,TRUE
"toothgrowth",8,"L1",4.43570162342288,4.59999114966981,5.9471858025184,0,0,0,0,TRUE
"toothgrowth",9,"auto",3.13807890166095,3.37810723514212,4.01314000427017,0,0,0,0,TRUE
"toothgrowth",9,"auto-weak",3.36807042339075,3.63579501915709,4.49269756103852,0,0,0,0,TRUE
"toothgrowth",9,"WPMM2",3.32669473219074,3.33534764351284,4.01980001000044,0,0,1,0,TRUE
"toothgrowth",9,"WPMM3",3.188037431413,3.64937903349384,4.39038877817206,0,0,0,1,TRUE
"toothgrowth",9,"LSE",3.08810413337666,3.38164341085271,3.91242116066012,0,0,0,0,TRUE
"toothgrowth",9,"ridge-LSE",3.46234971723051,3.3912657388274,3.99315927601718,0,0,0,0,TRUE
"toothgrowth",9,"Huber",3.29712337861941,3.25042366874239,3.8370654702549,0,0,0,0,TRUE
"toothgrowth",9,"L1",3.39591812311692,3.3866262515562,3.95742161606812,0,0,0,0,TRUE
"toothgrowth",10,"auto",3.15625899676822,3.21653234048766,3.90990137462004,0,0,0,0,TRUE
"toothgrowth",10,"auto-weak",3.44959727179522,3.53729754530856,4.01659222210062,0,0,0,0,TRUE
"toothgrowth",10,"WPMM2",4.46272190261436,4.46363574336255,5.40795721197981,0,0,1,0,TRUE
"toothgrowth",10,"WPMM3",4.13305703202093,4.14532631583053,4.64660926222858,0,0,0,1,TRUE
"toothgrowth",10,"LSE",3.43400983485548,3.4060414732281,4.05320094387845,0,0,0,0,TRUE
"toothgrowth",10,"ridge-LSE",3.95608143157124,3.80483224516746,4.51571048352291,0,0,0,0,TRUE
"toothgrowth",10,"Huber",3.23941751632086,3.27850977947697,3.99301876311885,0,0,0,0,TRUE
"toothgrowth",10,"L1",3.21997898018469,3.4502541576029,4.07867890323238,0,0,0,0,TRUE
"toothgrowth",11,"auto",2.59268388468243,3.17997348484848,4.16542132840177,0,0,0,0,TRUE
"toothgrowth",11,"auto-weak",2.75938885736525,2.72281214935191,3.84446694800493,0,0,0,0,TRUE
"toothgrowth",11,"WPMM2",3.3162017643339,4.2516601473372,5.52159626933568,0,0,1,0,TRUE
"toothgrowth",11,"WPMM3",3.01714014733711,3.28893156874102,4.28927305987635,0,0,0,1,TRUE
"toothgrowth",11,"LSE",2.66023637228059,2.83951037716616,3.83243295983356,0,0,0,0,TRUE
"toothgrowth",11,"ridge-LSE",2.65546236499053,3.07210269823757,4.22986283150588,0,0,0,0,TRUE
"toothgrowth",11,"Huber",3.07979698908482,3.0678931502358,3.75755317820648,0,0,0,0,TRUE
"toothgrowth",11,"L1",2.65467101992958,2.87612644412971,3.90203953813177,0,0,0,0,TRUE
"toothgrowth",12,"auto",2.89882974988081,3.15734791786606,3.8859995997207,0,0,0,0,TRUE
"toothgrowth",12,"auto-weak",3.21981106002355,3.25835746352413,4.0020440217861,0,0,0,0,TRUE
"toothgrowth",12,"WPMM2",4.5210108400829,4.67912803493178,5.89330481272191,0,0,1,0,TRUE
"toothgrowth",12,"WPMM3",3.24809839135619,3.1605457068756,3.93375751187898,0,0,0,1,TRUE
"toothgrowth",12,"LSE",3.42826054092233,3.47132011866236,4.35214504852439,0,0,0,0,TRUE
"toothgrowth",12,"ridge-LSE",3.7196398844221,3.49419215626258,4.48723179318716,0,0,0,0,TRUE
"toothgrowth",12,"Huber",3.47866756921254,3.55809647884244,4.48857014762972,0,0,0,0,TRUE
"toothgrowth",12,"L1",3.25689777342776,3.27107563839146,4.03441993192868,0,0,0,0,TRUE
"toothgrowth",13,"auto",3.12292339067872,3.06333049161694,3.57908317645727,0,0,0,0,TRUE
"toothgrowth",13,"auto-weak",3.99688566853821,4.22304526748971,4.71031778752805,0,0,0,0,TRUE
"toothgrowth",13,"WPMM2",4.83954301834373,4.78604393487124,5.38889328459493,0,0,1,0,TRUE
"toothgrowth",13,"WPMM3",5.23678502293747,5.2470010473602,5.73746332304955,0,0,0,1,TRUE
"toothgrowth",13,"LSE",3.62195404786153,3.59518034617532,4.14793502301219,0,0,0,0,TRUE
"toothgrowth",13,"ridge-LSE",3.55759223516959,3.68562446278861,4.19950665986094,0,0,0,0,TRUE
"toothgrowth",13,"Huber",4.37997592460836,4.30308007676983,4.79904841376999,0,0,0,0,TRUE
"toothgrowth",13,"L1",4.29077357145509,4.39990115535818,4.89562357278434,0,0,0,0,TRUE
"toothgrowth",14,"auto",3.10863197853954,3.32066171681646,3.98921881413028,0,0,0,0,TRUE
"toothgrowth",14,"auto-weak",2.5113034697288,2.62318577997392,3.37315394847319,0,0,0,0,TRUE
"toothgrowth",14,"WPMM2",3.30336085399056,3.25999690242278,3.82545558624314,0,0,1,0,TRUE
"toothgrowth",14,"WPMM3",2.99914151238848,2.81862347213968,3.54207095892117,0,0,0,1,TRUE
"toothgrowth",14,"LSE",2.79675508498044,2.81188034188034,3.50364129013465,0,0,0,0,TRUE
"toothgrowth",14,"ridge-LSE",3.28584688899956,3.23490195965835,3.9651151580101,0,0,0,0,TRUE
"toothgrowth",14,"Huber",3.58189187605474,3.35270821354339,4.08913795943793,0,0,0,0,TRUE
"toothgrowth",14,"L1",3.4044270810389,3.55992619235129,4.02763211556835,0,0,0,0,TRUE
"toothgrowth",15,"auto",3.15188902264608,2.9854188034188,3.84733984489346,0,0,0,0,TRUE
"toothgrowth",15,"auto-weak",2.94718343083009,3.11171059431525,3.52154331356784,0,0,0,0,TRUE
"toothgrowth",15,"WPMM2",3.31487627840475,3.42258110079734,4.00397371407957,0,0,1,0,TRUE
"toothgrowth",15,"WPMM3",3.01532054475324,3.0900706188655,3.55534746394314,0,0,0,1,TRUE
"toothgrowth",15,"LSE",2.77980392971136,2.98806516565989,3.75591163887202,0,0,0,0,TRUE
"toothgrowth",15,"ridge-LSE",3.25295585742602,3.29838695100582,3.92442683514608,0,0,0,0,TRUE
"toothgrowth",15,"Huber",2.89065552254805,3.10409717166394,3.90855237124153,0,0,0,0,TRUE
"toothgrowth",15,"L1",2.83991061230265,3.15109518796782,3.88475668455325,0,0,0,0,TRUE
"toothgrowth",16,"auto",3.53035849364263,3.53942652329749,4.36320741314538,0,0,0,0,TRUE
"toothgrowth",16,"auto-weak",3.19725987335077,3.19862780813601,3.74573577125078,0,0,0,0,TRUE
"toothgrowth",16,"WPMM2",2.57131667894123,2.88352238692646,3.47024616750253,0,0,1,0,TRUE
"toothgrowth",16,"WPMM3",3.78180881604431,3.94854573266757,4.70421231055402,0,0,0,1,TRUE
"toothgrowth",16,"LSE",3.15733867678479,3.13316061471508,3.74057743897274,0,0,0,0,TRUE
"toothgrowth",16,"ridge-LSE",3.37510204523806,3.33940124989405,3.86538286993265,0,0,0,0,TRUE
"toothgrowth",16,"Huber",3.01402997807662,3.06778042983322,3.6259691721967,0,0,0,0,TRUE
"toothgrowth",16,"L1",3.93406472261097,3.63998643701885,4.20853903978759,0,0,0,0,TRUE
"toothgrowth",17,"auto",4.42218159068853,4.45173086419753,5.21886281041014,0,0,0,0,TRUE
"toothgrowth",17,"auto-weak",3.76243762194111,3.71079543094497,4.2859806185333,0,0,0,0,TRUE
"toothgrowth",17,"WPMM2",4.62968560274668,4.65328193948675,5.51820778789317,0,0,1,0,TRUE
"toothgrowth",17,"WPMM3",3.44553597366571,3.36455899752491,4.09080450342917,0,0,0,1,TRUE
"toothgrowth",17,"LSE",4.08594029976628,4.0111841868823,4.72909165112151,0,0,0,0,TRUE
"toothgrowth",17,"ridge-LSE",3.90776735317579,3.80221937972268,4.50165716433912,0,0,0,0,TRUE
"toothgrowth",17,"Huber",3.44737630893013,3.47273576155862,3.89569883532158,0,0,0,0,TRUE
"toothgrowth",17,"L1",4.00137581881528,3.88541326172129,4.60624184617648,0,0,0,0,TRUE
"toothgrowth",18,"auto",2.31274775014553,2.27893748148148,2.77035226649311,0,0,0,0,TRUE
"toothgrowth",18,"auto-weak",2.29608721317466,2.30362595870207,2.71477623437678,0,0,0,0,TRUE
"toothgrowth",18,"WPMM2",3.46650642220932,3.28787922881807,3.98852364951254,0,0,1,0,TRUE
"toothgrowth",18,"WPMM3",2.47724617810246,2.65175683291493,3.16670721505586,0,0,0,1,TRUE
"toothgrowth",18,"LSE",2.10750129789228,2.17875354107649,2.74169163972474,0,0,0,0,TRUE
"toothgrowth",18,"ridge-LSE",2.59364575435205,2.58722384945911,3.14119693325337,0,0,0,0,TRUE
"toothgrowth",18,"Huber",2.51123543758118,2.55651607540744,3.12505365084866,0,0,0,0,TRUE
"toothgrowth",18,"L1",2.64799866595314,2.75640218773916,3.3082126963124,0,0,0,0,TRUE
"toothgrowth",19,"auto",3.39165816111847,3.59512060812833,4.16906983690599,0,0,0,0,TRUE
"toothgrowth",19,"auto-weak",3.59548440954588,3.66934435261708,4.31187216130236,0,0,0,0,TRUE
"toothgrowth",19,"WPMM2",3.45271145655563,3.8643420443632,4.90537982857662,0,0,1,0,TRUE
"toothgrowth",19,"WPMM3",3.58153518269789,3.86285669388741,4.62127448296922,0,0,0,1,TRUE
"toothgrowth",19,"LSE",3.55110904684345,3.63720695102686,4.16565804960228,0,0,0,0,TRUE
"toothgrowth",19,"ridge-LSE",3.14323275765086,3.48503558166088,4.05835596820079,0,0,0,0,TRUE
"toothgrowth",19,"Huber",3.73764990341564,3.66064310077451,4.04756853701471,0,0,0,0,TRUE
"toothgrowth",19,"L1",3.41101303850222,3.55334000738285,4.21130279827744,0,0,0,0,TRUE
"toothgrowth",20,"auto",2.90467935342983,2.87557823129252,3.47333943118227,0,0,0,0,TRUE
"toothgrowth",20,"auto-weak",2.32789658933807,2.53613656114215,3.25418836159448,0,0,0,0,TRUE
"toothgrowth",20,"WPMM2",3.00411017678776,3.22502090727366,3.88592337849262,0,0,1,0,TRUE
"toothgrowth",20,"WPMM3",2.59975553480728,2.78937841368333,3.2689107465564,0,0,0,1,TRUE
"toothgrowth",20,"LSE",2.58241899482654,2.81704228121927,3.4340594356598,0,0,0,0,TRUE
"toothgrowth",20,"ridge-LSE",2.71380349345803,2.92496166839095,3.47176338097271,0,0,0,0,TRUE
"toothgrowth",20,"Huber",2.93910800508836,2.97012660611457,3.5028729293712,0,0,0,0,TRUE
"toothgrowth",20,"L1",2.18306900483651,2.68666055005897,3.56434012757703,0,0,0,0,TRUE
"toothgrowth",21,"auto",3.47175405948511,3.59285598705502,4.67113312532094,0,0,0,0,TRUE
"toothgrowth",21,"auto-weak",3.65715132155884,3.60163674859615,4.4863987760732,0,0,0,0,TRUE
"toothgrowth",21,"WPMM2",3.57432644968922,3.75702063981232,4.93384696118388,0,0,1,0,TRUE
"toothgrowth",21,"WPMM3",3.54865996377293,3.50602732018002,4.37745599051471,0,0,0,1,TRUE
"toothgrowth",21,"LSE",3.58035960043893,3.73119000657462,4.81931128887499,0,0,0,0,TRUE
"toothgrowth",21,"ridge-LSE",3.52644811386833,3.73626544846479,4.75301169949629,0,0,0,0,TRUE
"toothgrowth",21,"Huber",3.82040226947831,4.44507142006389,5.88353454274476,0,0,0,0,TRUE
"toothgrowth",21,"L1",3.5877771612858,3.77335874625101,5.20048371577963,0,0,0,0,TRUE
"toothgrowth",22,"auto",3.00257755001217,3.24346544715447,3.69026033959613,0,0,0,0,TRUE
"toothgrowth",22,"auto-weak",2.98328195903439,3.1171685062546,3.4717128922484,0,0,0,0,TRUE
"toothgrowth",22,"WPMM2",3.31077413143021,3.31704129629505,3.76568133710677,0,0,1,0,TRUE
"toothgrowth",22,"WPMM3",3.51192841359336,3.6787871511591,4.24053387416858,0,0,0,1,TRUE
"toothgrowth",22,"LSE",3.75643944036154,4.09305747126437,4.38673285430235,0,0,0,0,TRUE
"toothgrowth",22,"ridge-LSE",2.84154635942566,3.0586102365147,3.71845124882185,0,0,0,0,TRUE
"toothgrowth",22,"Huber",3.90330955601793,3.99579873286189,4.58019855493431,0,0,0,0,TRUE
"toothgrowth",22,"L1",3.8786266976087,4.07886531724175,4.50343998665185,0,0,0,0,TRUE
"toothgrowth",23,"auto",2.26333281540631,2.62937854766099,3.68461359101491,0,0,0,0,TRUE
"toothgrowth",23,"auto-weak",2.51950367737271,2.49617453069508,3.10278195614316,0,0,0,0,TRUE
"toothgrowth",23,"WPMM2",2.84946712043098,2.90088326557345,3.33800827836983,0,0,1,0,TRUE
"toothgrowth",23,"WPMM3",2.57975432555846,2.63803022191236,3.11705982871077,0,0,0,1,TRUE
"toothgrowth",23,"LSE",2.4841255274235,2.59529126213592,3.10008066984619,0,0,0,0,TRUE
"toothgrowth",23,"ridge-LSE",2.65463282690784,2.64287581700985,3.24989555300413,0,0,0,0,TRUE
"toothgrowth",23,"Huber",2.49730615969355,2.65097992710507,3.12107849668671,0,0,0,0,TRUE
"toothgrowth",23,"L1",2.39021097287409,2.63064259334295,3.55542269806832,0,0,0,0,TRUE
"toothgrowth",24,"auto",3.32101865613582,3.5095360383496,4.16315344520138,0,0,0,0,TRUE
"toothgrowth",24,"auto-weak",3.47669633537071,3.40117620345141,4.12672748906577,0,0,0,0,TRUE
"toothgrowth",24,"WPMM2",3.73301537202688,3.6161252431019,4.53390045054687,0,0,1,0,TRUE
"toothgrowth",24,"WPMM3",3.52606245154742,3.49213455623221,4.20223024877257,0,0,0,1,TRUE
"toothgrowth",24,"LSE",3.37860482543631,3.374872,4.19660408416138,0,0,0,0,TRUE
"toothgrowth",24,"ridge-LSE",3.70497087828879,3.72727235322724,4.66838804470357,0,0,0,0,TRUE
"toothgrowth",24,"Huber",2.99553633920806,3.34666679965948,4.15259963969992,0,0,0,0,TRUE
"toothgrowth",24,"L1",2.86715317267806,2.98667194312512,3.76936420747745,0,0,0,0,TRUE
"toothgrowth",25,"auto",3.1744831771836,3.61092451229856,4.50448062679159,0,0,0,0,TRUE
"toothgrowth",25,"auto-weak",3.59309323203914,3.80671326164875,4.29458694695284,0,0,0,0,TRUE
"toothgrowth",25,"WPMM2",2.73070051186232,3.2714973669437,4.04338971036752,0,0,1,0,TRUE
"toothgrowth",25,"WPMM3",3.74643013359846,3.79164746613346,4.62482551094549,0,0,0,1,TRUE
"toothgrowth",25,"LSE",3.50288939115552,3.89017799352751,4.4983759368922,0,0,0,0,TRUE
"toothgrowth",25,"ridge-LSE",3.21346861276667,3.30408475011953,3.88249477057971,0,0,0,0,TRUE
"toothgrowth",25,"Huber",2.87033963391712,3.16794598529814,3.89400703630436,0,0,0,0,TRUE
"toothgrowth",25,"L1",3.09957830546802,3.13340914508925,3.78516104039326,0,0,0,0,TRUE
"toothgrowth",26,"auto",2.48285055074916,2.44291273389634,2.90624890114418,0,0,0,0,TRUE
"toothgrowth",26,"auto-weak",2.53829756272995,2.52157006092254,3.13539806195921,0,0,0,0,TRUE
"toothgrowth",26,"WPMM2",3.31561803421507,3.30966194607371,4.40805139785974,0,0,1,0,TRUE
"toothgrowth",26,"WPMM3",3.0197930473756,3.10246244667034,3.6486448807076,0,0,0,1,TRUE
"toothgrowth",26,"LSE",2.84085831878421,2.77678721521787,3.4636496852079,0,0,0,0,TRUE
"toothgrowth",26,"ridge-LSE",2.52107065253842,2.57701482396408,3.14336632084848,0,0,0,0,TRUE
"toothgrowth",26,"Huber",2.6416679099338,2.73936943790902,3.19271177371618,0,0,0,0,TRUE
"toothgrowth",26,"L1",2.17020411133015,2.19667354722834,2.77411286395404,0,0,0,0,TRUE
"toothgrowth",27,"auto",2.95251695508802,3.58426533996683,4.72170271094188,0,0,0,0,TRUE
"toothgrowth",27,"auto-weak",3.16997471038258,3.47836879432624,4.14191323839389,0,0,0,0,TRUE
"toothgrowth",27,"WPMM2",3.78222298728681,3.61670081147962,4.63318789985961,0,0,1,0,TRUE
"toothgrowth",27,"WPMM3",3.4833307141409,3.60978526850688,4.67937284470157,0,0,0,1,TRUE
"toothgrowth",27,"LSE",3.44378772433048,3.57570907886017,4.16774308008801,0,0,0,0,TRUE
"toothgrowth",27,"ridge-LSE",2.98836200408835,3.16130783322391,4.01410427445003,0,0,0,0,TRUE
"toothgrowth",27,"Huber",2.85373440761894,3.06830133716816,4.10322971274989,0,0,0,0,TRUE
"toothgrowth",27,"L1",2.73361837374832,2.88166433425618,3.63309374733832,0,0,0,0,TRUE
"toothgrowth",28,"auto",3.2437673486757,3.69384534177884,4.68037647706769,0,0,0,0,TRUE
"toothgrowth",28,"auto-weak",3.32354182029328,3.50402550091075,4.16292541471444,0,0,0,0,TRUE
"toothgrowth",28,"WPMM2",3.4923640053825,3.70117967464969,4.41596957760203,0,0,1,0,TRUE
"toothgrowth",28,"WPMM3",3.26571731820706,3.34574066064393,3.96994964601275,0,0,0,1,TRUE
"toothgrowth",28,"LSE",3.16850004975941,3.38514745308311,4.16819515606394,0,0,0,0,TRUE
"toothgrowth",28,"ridge-LSE",3.64215203152686,3.87345911941016,4.53584911849602,0,0,0,0,TRUE
"toothgrowth",28,"Huber",3.38563974292421,3.49076731668772,4.01406726672036,0,0,0,0,TRUE
"toothgrowth",28,"L1",3.22316195646825,3.46061924809474,4.26965092954605,0,0,0,0,TRUE
"toothgrowth",29,"auto",2.7937355804841,2.69138910675381,3.23761972618654,0,0,0,0,TRUE
"toothgrowth",29,"auto-weak",3.13864743039222,3.17466666666667,3.69634413982248,0,0,0,0,TRUE
"toothgrowth",29,"WPMM2",3.54498351384048,3.54442255000219,4.07422034851953,0,0,1,0,TRUE
"toothgrowth",29,"WPMM3",3.70970928650284,3.51871554265717,3.98111774810278,0,0,0,1,TRUE
"toothgrowth",29,"LSE",2.9403694588353,2.93543956889915,3.47204582805742,0,0,0,0,TRUE
"toothgrowth",29,"ridge-LSE",3.24069016652703,3.11864101121703,3.65537600687342,0,0,0,0,TRUE
"toothgrowth",29,"Huber",3.01115549408842,3.13472883759136,3.80021358489731,0,0,0,0,TRUE
"toothgrowth",29,"L1",3.91692669508803,3.78456247337408,4.32746855685143,0,0,0,0,TRUE
"toothgrowth",30,"auto",2.83156654831388,2.95915151515151,3.61974290030967,0,0,0,0,TRUE
"toothgrowth",30,"auto-weak",2.92257820618679,3.21135983263598,4.23376070137995,0,0,0,0,TRUE
"toothgrowth",30,"WPMM2",4.03802171198764,3.91412834922084,4.85282393711093,0,0,1,0,TRUE
"toothgrowth",30,"WPMM3",3.07130767407133,3.33291207357498,3.72841409043981,0,0,0,1,TRUE
"toothgrowth",30,"LSE",2.77557382152406,3.20376593806921,4.33608929268455,0,0,0,0,TRUE
"toothgrowth",30,"ridge-LSE",3.39458900987145,3.40110546479556,4.28869745661746,0,0,0,0,TRUE
"toothgrowth",30,"Huber",2.86502972938276,3.04116665753024,3.49817155950052,0,0,0,0,TRUE
"toothgrowth",30,"L1",3.62967281667079,3.78672594738785,4.13335071206512,0,0,0,0,TRUE
"iris_versicolor",1,"auto",0.285914332101938,0.300017683551971,0.346622407431553,0,0,0,0,TRUE
"iris_versicolor",1,"auto-weak",0.373282313990748,1.11338723906925,2.36761644844205,0,0.666666666666667,0,0,TRUE
"iris_versicolor",1,"WPMM2",0.363730410817434,0.38026970075113,0.447111519906362,0,0,1,0,TRUE
"iris_versicolor",1,"WPMM3",0.341199843486827,0.353044400835754,0.418918260220634,0,0,0,1,TRUE
"iris_versicolor",1,"LSE",0.275423209232035,0.284804427497981,0.331398214238516,0,0,0,0,TRUE
"iris_versicolor",1,"ridge-LSE",0.249936319898687,0.261455702313435,0.323594389626014,0,0,0,0,TRUE
"iris_versicolor",1,"Huber",0.317183657564719,0.325663007032436,0.368774652014353,0,0,0,0,TRUE
"iris_versicolor",1,"L1",0.321108987038727,0.349777450224295,0.425157008968047,0,0,0,0,TRUE
"iris_versicolor",2,"auto",0.277382263252205,0.3138054558514,0.402063487461753,0,0,0,0,TRUE
"iris_versicolor",2,"auto-weak",0.26439065993532,0.288795528624252,0.393461346119621,0.333333333333333,0.666666666666667,0,0,TRUE
"iris_versicolor",2,"WPMM2",0.302141037342457,0.393137902777525,0.513521855864145,0,0,1,0,TRUE
"iris_versicolor",2,"WPMM3",0.226218031281657,0.283979909424087,0.36255677058438,0,0,0,1,TRUE
"iris_versicolor",2,"LSE",0.296635250392156,0.304098701827043,0.369405205362518,0,0,0,0,TRUE
"iris_versicolor",2,"ridge-LSE",0.350837512451871,0.498820039589705,0.770349223421677,0,0,0,0,TRUE
"iris_versicolor",2,"Huber",0.273228387206876,0.310449453101591,0.384582214546189,0,0,0,0,TRUE
"iris_versicolor",2,"L1",0.287272995217204,0.334152772083645,0.430547091724823,0,0,0,0,TRUE
"iris_versicolor",3,"auto",0.509772595682423,0.583807146214788,0.762308398067814,0,0,0,0,TRUE
"iris_versicolor",3,"auto-weak",0.392887184199066,0.397280390507259,0.440897929961618,0,0,0,0,TRUE
"iris_versicolor",3,"WPMM2",0.370498608940667,0.364114611390775,0.450433674553461,0,0,1,0,TRUE
"iris_versicolor",3,"WPMM3",0.44412308259501,0.626953620978004,0.92350648429497,0,0,0,1,TRUE
"iris_versicolor",3,"LSE",0.38378646931996,0.807815470754995,1.7238272760894,0,0,0,0,TRUE
"iris_versicolor",3,"ridge-LSE",0.372581420675777,0.523768515807014,0.799945712295415,0,0,0,0,TRUE
"iris_versicolor",3,"Huber",0.378071617081592,0.390295619035929,0.426597444385418,0,0,0,0,TRUE
"iris_versicolor",3,"L1",0.389910886691621,0.412254439641903,0.468870454429498,0,0,0,0,TRUE
"iris_versicolor",4,"auto",0.353346629410339,0.367347520641204,0.429025443068173,0,0,0,0,TRUE
"iris_versicolor",4,"auto-weak",0.33224433364827,0.368555115464982,0.448807478759637,0,0.555555555555556,0,0,TRUE
"iris_versicolor",4,"WPMM2",0.350453672284328,0.379590940933762,0.433213954055155,0,0,1,0,TRUE
"iris_versicolor",4,"WPMM3",0.37512418084148,0.391670414214027,0.451772769824211,0,0,0,1,TRUE
"iris_versicolor",4,"LSE",0.350365808966319,0.381265385053822,0.444392786893555,0,0,0,0,TRUE
"iris_versicolor",4,"ridge-LSE",0.396526201246705,0.411833723859104,0.499475165365402,0,0,0,0,TRUE
"iris_versicolor",4,"Huber",0.40780237528433,0.42533411974326,0.507518163129418,0,0,0,0,TRUE
"iris_versicolor",4,"L1",0.338073813283023,0.378235643366531,0.440380842659829,0,0,0,0,TRUE
"iris_versicolor",5,"auto",0.428768826051716,0.463711631773638,0.591239888217639,0,0,0,0,TRUE
"iris_versicolor",5,"auto-weak",0.484877642892718,0.822775375550811,1.46562139201312,0,0.333333333333333,0,0,TRUE
"iris_versicolor",5,"WPMM2",0.273415355001421,0.285655479671116,0.325906755037169,0,0,1,0,TRUE
"iris_versicolor",5,"WPMM3",0.237327805380231,0.268684046041051,0.327592425436101,0,0,0,1,TRUE
"iris_versicolor",5,"LSE",0.463682864752648,0.492302323072803,0.635910860680925,0,0,0,0,TRUE
"iris_versicolor",5,"ridge-LSE",0.255300456863264,0.279532822214954,0.346801157353025,0,0,0,0,TRUE
"iris_versicolor",5,"Huber",0.537192286647403,0.562862118419639,0.674806754045572,0,0,0,0,TRUE
"iris_versicolor",5,"L1",0.539533465098884,0.553443195166427,0.66505282777796,0,0,0,0,TRUE
"iris_versicolor",6,"auto",0.334627350460073,0.360736657394655,0.410557838622505,0,0,0,0,TRUE
"iris_versicolor",6,"auto-weak",0.39499995576116,0.407771046650257,0.456341260329575,0.222222222222222,0.111111111111111,0,0,TRUE
"iris_versicolor",6,"WPMM2",0.354371556010982,0.37653319556749,0.437322177206207,0,0,1,0,TRUE
"iris_versicolor",6,"WPMM3",0.326819067606263,0.363489944375179,0.419041324839925,0,0,0,1,TRUE
"iris_versicolor",6,"LSE",0.280231129652923,0.303493344045968,0.366875676959407,0,0,0,0,TRUE
"iris_versicolor",6,"ridge-LSE",0.319487310004666,0.342944491949225,0.413836063820404,0,0,0,0,TRUE
"iris_versicolor",6,"Huber",0.322060162649587,0.353594820193181,0.409644499645081,0,0,0,0,TRUE
"iris_versicolor",6,"L1",0.369728247535198,0.379286181105368,0.451001650712318,0,0,0,0,TRUE
"iris_versicolor",7,"auto",0.428209855040104,0.423317248037632,0.534686247559456,0,0,0,0,TRUE
"iris_versicolor",7,"auto-weak",0.295477984341437,0.313843017023039,0.391012411400694,0,0.111111111111111,0,0,TRUE
"iris_versicolor",7,"WPMM2",0.37464778903957,0.337620030445585,0.479824545076018,0,0,1,0,TRUE
"iris_versicolor",7,"WPMM3",0.510677567522617,0.496129494840364,0.564298476263222,0,0,0,1,TRUE
"iris_versicolor",7,"LSE",0.433431103245817,0.451937873898118,0.527927453445392,0,0,0,0,TRUE
"iris_versicolor",7,"ridge-LSE",0.411556564315143,0.438718131767393,0.53620895751574,0,0,0,0,TRUE
"iris_versicolor",7,"Huber",0.445188053152113,0.45252652982589,0.519117873072633,0,0,0,0,TRUE
"iris_versicolor",7,"L1",0.47401831740549,0.482317458636693,0.580140184600281,0,0,0,0,TRUE
"iris_versicolor",8,"auto",0.317009249854041,0.326477728467356,0.365626130957404,0,0,0,0,TRUE
"iris_versicolor",8,"auto-weak",0.32900066762798,0.317515442960067,0.396748784222028,0.222222222222222,0,0,0,TRUE
"iris_versicolor",8,"WPMM2",0.275274701755415,0.288239899131673,0.338816456508025,0,0,1,0,TRUE
"iris_versicolor",8,"WPMM3",0.313175131413246,0.310358595042048,0.381003659843054,0,0,0,1,TRUE
"iris_versicolor",8,"LSE",0.33348826510986,0.333436634137106,0.359958374979302,0,0,0,0,TRUE
"iris_versicolor",8,"ridge-LSE",0.320867836864397,0.345030415224282,0.365231187088403,0,0,0,0,TRUE
"iris_versicolor",8,"Huber",0.269389136347369,0.290860688969166,0.33135025730837,0,0,0,0,TRUE
"iris_versicolor",8,"L1",0.258484648021179,0.285229542984677,0.347648290728869,0,0,0,0,TRUE
"iris_versicolor",9,"auto",0.451952076940766,0.495003745542255,0.56177045363038,0,0,0,0,TRUE
"iris_versicolor",9,"auto-weak",0.279614207009236,0.276532890907349,0.345855932958064,0,0.111111111111111,0,0,TRUE
"iris_versicolor",9,"WPMM2",0.318797161164587,0.320669577551946,0.400078041422483,0,0,1,0,TRUE
"iris_versicolor",9,"WPMM3",0.328653118132355,0.35056023611394,0.444689744925092,0,0,0,1,TRUE
"iris_versicolor",9,"LSE",0.279172745854847,0.314798375455548,0.374986871593173,0,0,0,0,TRUE
"iris_versicolor",9,"ridge-LSE",0.35371682141796,0.36698117565046,0.42549731909201,0,0,0,0,TRUE
"iris_versicolor",9,"Huber",0.466097638810213,0.490602669234641,0.586365244218723,0,0,0,0,TRUE
"iris_versicolor",9,"L1",0.250550295672598,0.252165949849216,0.309770358098051,0,0,0,0,TRUE
"iris_versicolor",10,"auto",0.357664861969954,0.414006609776762,0.49366297695941,0,0,0,0,TRUE
"iris_versicolor",10,"auto-weak",0.361828312685316,0.401399899795287,0.446427862540827,0,0.111111111111111,0,0,TRUE
"iris_versicolor",10,"WPMM2",0.39968282718427,0.448323107981767,0.552244250877165,0,0,1,0,TRUE
"iris_versicolor",10,"WPMM3",0.362794933812587,0.404547322785235,0.468211766756585,0,0,0,1,TRUE
"iris_versicolor",10,"LSE",0.344739672530433,0.391375159897153,0.44854263730035,0,0,0,0,TRUE
"iris_versicolor",10,"ridge-LSE",0.350695899863137,0.37276943370713,0.402552119000902,0,0,0,0,TRUE
"iris_versicolor",10,"Huber",0.34624417003429,0.408941538128921,0.481736045269202,0,0,0,0,TRUE
"iris_versicolor",10,"L1",0.311709471170818,0.348507021707886,0.407336739711396,0,0,0,0,TRUE
"iris_versicolor",11,"auto",0.304365193180537,0.330590169085544,0.385336613192521,0,0,0,0,TRUE
"iris_versicolor",11,"auto-weak",0.301236064267757,0.333252337022956,0.408547678243669,0,0.222222222222222,0,0,TRUE
"iris_versicolor",11,"WPMM2",0.505891303890373,0.548444610868457,0.661834262324885,0,0,1,0,TRUE
"iris_versicolor",11,"WPMM3",0.398198472193581,0.408838215492368,0.461112641410002,0,0,0,1,TRUE
"iris_versicolor",11,"LSE",0.401940990624939,0.415058666795495,0.461358035401999,0,0,0,0,TRUE
"iris_versicolor",11,"ridge-LSE",0.342458133504919,0.371480372326425,0.429064475798094,0,0,0,0,TRUE
"iris_versicolor",11,"Huber",0.406543579701559,0.413521371888807,0.467341232908281,0,0,0,0,TRUE
"iris_versicolor",11,"L1",0.404191039375252,0.385811812835502,0.4830523684861,0,0,0,0,TRUE
"iris_versicolor",12,"auto",0.271511470262301,0.257185480967392,0.318451129970838,0,0,0,0,TRUE
"iris_versicolor",12,"auto-weak",0.261579905721453,0.263856985718352,0.326549104627353,0,0.444444444444444,0,0,TRUE
"iris_versicolor",12,"WPMM2",0.32964599048082,0.346719407142889,0.414455866261242,0,0,1,0,TRUE
"iris_versicolor",12,"WPMM3",0.331057630889301,0.331232077254385,0.387468775651863,0,0,0,1,TRUE
"iris_versicolor",12,"LSE",0.243401364283613,0.262960737476676,0.297190896369374,0,0,0,0,TRUE
"iris_versicolor",12,"ridge-LSE",0.258862302351649,0.284047166762404,0.317328692974164,0,0,0,0,TRUE
"iris_versicolor",12,"Huber",0.34213503517571,0.338701903295603,0.406811510417006,0,0,0,0,TRUE
"iris_versicolor",12,"L1",0.267812509269884,0.295841770606015,0.347421682792886,0,0,0,0,TRUE
"iris_versicolor",13,"auto",0.36063082904576,0.365005708711908,0.426442743386921,0,0,0,0,TRUE
"iris_versicolor",13,"auto-weak",0.452069077538957,0.454880732575686,0.549057976526031,0,0.111111111111111,0,0,TRUE
"iris_versicolor",13,"WPMM2",0.389166338718115,0.39807190387607,0.508392905977618,0,0,1,0,TRUE
"iris_versicolor",13,"WPMM3",0.403560712593467,0.417641304171967,0.474707451086793,0,0,0,1,TRUE
"iris_versicolor",13,"LSE",0.364264812886233,0.401485430978394,0.520999476243426,0,0,0,0,TRUE
"iris_versicolor",13,"ridge-LSE",0.466012684172178,0.464184709191453,0.548245064406934,0,0,0,0,TRUE
"iris_versicolor",13,"Huber",0.399995234574341,1.93113584745457,5.19368623603266,0,0,0,0,TRUE
"iris_versicolor",13,"L1",0.543862798033503,0.601695255592395,0.788870213535977,0,0,0,0,TRUE
"iris_versicolor",14,"auto",0.432650995651472,0.44450332403473,0.542721789830238,0,0,0,0,TRUE
"iris_versicolor",14,"auto-weak",0.454667759119301,0.487802321967885,0.580353328657065,0,0.888888888888889,0,0,TRUE
"iris_versicolor",14,"WPMM2",0.448278688565435,0.459961403058946,0.542819543007749,0,0,1,0,TRUE
"iris_versicolor",14,"WPMM3",0.434991985993575,0.448860472091668,0.528512846315203,0,0,0,1,TRUE
"iris_versicolor",14,"LSE",0.309832039954342,0.322972494166977,0.39513093818895,0,0,0,0,TRUE
"iris_versicolor",14,"ridge-LSE",0.471876409239837,0.487785590130502,0.590854919847796,0,0,0,0,TRUE
"iris_versicolor",14,"Huber",0.459248550877147,0.491981331660637,0.631005088146839,0,0,0,0,TRUE
"iris_versicolor",14,"L1",0.455015904999264,0.505238961309155,0.574736351338233,0,0,0,0,TRUE
"iris_versicolor",15,"auto",0.265455161824527,0.465104958849691,0.80613470280194,0,0,0,0,TRUE
"iris_versicolor",15,"auto-weak",0.329960835591953,0.425071129792171,0.591706554718604,0,0.444444444444444,0,0,TRUE
"iris_versicolor",15,"WPMM2",0.286038868197036,0.378888333835381,0.490013983975999,0,0,1,0,TRUE
"iris_versicolor",15,"WPMM3",0.318010136060062,0.333797463303609,0.413520718391843,0,0,0,1,TRUE
"iris_versicolor",15,"LSE",0.354441946034889,0.344093803944726,0.428298434838123,0,0,0,0,TRUE
"iris_versicolor",15,"ridge-LSE",0.38930586229274,0.379573185452117,0.47292548670934,0,0,0,0,TRUE
"iris_versicolor",15,"Huber",0.368665814047615,0.343077403341342,0.43660507914615,0,0,0,0,TRUE
"iris_versicolor",15,"L1",0.438933625996844,0.445333565824278,0.591199619556061,0,0,0,0,TRUE
"iris_versicolor",16,"auto",0.39515032996835,0.423770774657809,0.47835449214472,0,0,0,0,TRUE
"iris_versicolor",16,"auto-weak",0.437872623575996,0.446293346102152,0.512283178033242,0.333333333333333,0.333333333333333,0,0,TRUE
"iris_versicolor",16,"WPMM2",0.457033414869375,0.471320876228021,0.525402447166184,0,0,1,0,TRUE
"iris_versicolor",16,"WPMM3",0.398162524847302,0.438829432101866,0.549019170659608,0,0,0,1,TRUE
"iris_versicolor",16,"LSE",0.355261785953485,0.388605103314503,0.498436911835431,0,0,0,0,TRUE
"iris_versicolor",16,"ridge-LSE",0.370754627947474,0.39450801969912,0.470208260223258,0,0,0,0,TRUE
"iris_versicolor",16,"Huber",0.436166067667339,0.443109202754297,0.517190846752031,0,0,0,0,TRUE
"iris_versicolor",16,"L1",0.446055790444629,0.450719713675827,0.517496842719792,0,0,0,0,TRUE
"iris_versicolor",17,"auto",0.374543548932623,0.370542118335413,0.479191497849,0,0,0,0,TRUE
"iris_versicolor",17,"auto-weak",0.30961643275294,0.347227500912545,0.419571541701715,0,0.222222222222222,0,0,TRUE
"iris_versicolor",17,"WPMM2",0.239355557338809,0.271177457422155,0.363996905905706,0,0,1,0,TRUE
"iris_versicolor",17,"WPMM3",0.256500268611077,0.256125515552467,0.29985696016445,0,0,0,1,TRUE
"iris_versicolor",17,"LSE",0.268145035431875,0.263534062832579,0.318747082168678,0,0,0,0,TRUE
"iris_versicolor",17,"ridge-LSE",0.300979420578181,0.328683941121885,0.377344302336548,0,0,0,0,TRUE
"iris_versicolor",17,"Huber",0.249767744411391,0.253020230453091,0.28932099269246,0,0,0,0,TRUE
"iris_versicolor",17,"L1",0.193275009692888,0.216470142050935,0.27153600924978,0,0,0,0,TRUE
"iris_versicolor",18,"auto",0.319929720769357,0.331705252952501,0.393078226103356,0,0,0,0,TRUE
"iris_versicolor",18,"auto-weak",0.335633691339058,0.345907207822466,0.402918409909518,0,0.111111111111111,0,0,TRUE
"iris_versicolor",18,"WPMM2",0.444614474419739,0.454567150217717,0.535199331101258,0,0,1,0,TRUE
"iris_versicolor",18,"WPMM3",0.284296843313368,0.303023080451384,0.331319820592077,0,0,0,1,TRUE
"iris_versicolor",18,"LSE",0.258425342261165,0.288979185262373,0.350866563873518,0,0,0,0,TRUE
"iris_versicolor",18,"ridge-LSE",0.4161988830178,0.42195030939613,0.50773703511068,0,0,0,0,TRUE
"iris_versicolor",18,"Huber",0.328792352969204,0.369335895140418,0.409211269824929,0,0,0,0,TRUE
"iris_versicolor",18,"L1",0.546484621929819,0.539835687950068,0.605856743005426,0,0,0,0,TRUE
"iris_versicolor",19,"auto",0.21137843533398,0.281202654800168,0.381610309514238,0,0,0,0,TRUE
"iris_versicolor",19,"auto-weak",0.243537839994606,0.281311256590103,0.338900874826603,0,0.444444444444444,0,0,TRUE
"iris_versicolor",19,"WPMM2",0.603218113046266,0.727773855992924,1.01510779614323,0,0,1,0,TRUE
"iris_versicolor",19,"WPMM3",0.400506079584648,0.457740272518368,0.629100034015144,0,0,0,1,TRUE
"iris_versicolor",19,"LSE",0.365277576141253,0.396663065469699,0.497571734500642,0,0,0,0,TRUE
"iris_versicolor",19,"ridge-LSE",0.243731787784797,0.305354234518264,0.408922067695582,0,0,0,0,TRUE
"iris_versicolor",19,"Huber",0.30873117156961,1.29264692807082,3.31727380226401,0,0,0,0,TRUE
"iris_versicolor",19,"L1",0.324258762417065,0.319052127800221,0.393736548504334,0,0,0,0,TRUE
"iris_versicolor",20,"auto",0.246860103553463,0.271374622662716,0.337057082039498,0.111111111111111,0,0,0,TRUE
"iris_versicolor",20,"auto-weak",0.234770897504931,0.253226384980018,0.28173770772873,0.444444444444444,0,0,0,TRUE
"iris_versicolor",20,"WPMM2",0.283779088790503,0.319561559548394,0.43871110340412,0,0,1,0,TRUE
"iris_versicolor",20,"WPMM3",0.412989314208372,0.438635568929872,0.522718858777736,0,0,0,1,TRUE
"iris_versicolor",20,"LSE",0.536186314216657,0.550797871511185,0.650510020359682,0,0,0,0,TRUE
"iris_versicolor",20,"ridge-LSE",0.384934603985475,0.409389409508264,0.512048099432213,0,0,0,0,TRUE
"iris_versicolor",20,"Huber",0.36085332110665,0.405609510830905,0.479426035766953,0,0,0,0,TRUE
"iris_versicolor",20,"L1",0.461291153528343,0.595261215135148,0.847126646482096,0,0,0,0,TRUE
"iris_versicolor",21,"auto",0.235650645835277,0.245881360085175,0.277134813248289,0,0,0,0,TRUE
"iris_versicolor",21,"auto-weak",0.274105749179498,0.371994419673815,0.532227422539102,0,0.333333333333333,0,0,TRUE
"iris_versicolor",21,"WPMM2",0.456606904680021,0.520295550324111,0.617833148363575,0,0,1,0,TRUE
"iris_versicolor",21,"WPMM3",0.222519495675452,0.268385877634219,0.349809073933178,0,0,0,1,TRUE
"iris_versicolor",21,"LSE",0.391298528885386,0.570012576278799,0.965104698535066,0,0,0,0,TRUE
"iris_versicolor",21,"ridge-LSE",0.26338344318949,0.257419980423054,0.323959899590115,0,0,0,0,TRUE
"iris_versicolor",21,"Huber",0.347805945203295,0.375913468671102,0.458890024158097,0,0,0,0,TRUE
"iris_versicolor",21,"L1",0.239902936605342,0.282799987033483,0.355203619321658,0,0,0,0,TRUE
"iris_versicolor",22,"auto",0.235041437739455,0.260721024225337,0.316442631433276,0,0,0,0,TRUE
"iris_versicolor",22,"auto-weak",0.24138504733112,0.256615198464914,0.3119128008873,0,0.555555555555556,0,0,TRUE
"iris_versicolor",22,"WPMM2",0.378593318195631,0.384991751812944,0.445804121214712,0,0,1,0,TRUE
"iris_versicolor",22,"WPMM3",0.321314127389317,0.334435832569169,0.379023295572741,0,0,0,1,TRUE
"iris_versicolor",22,"LSE",0.294776534624131,0.324738847086845,0.357977594006981,0,0,0,0,TRUE
"iris_versicolor",22,"ridge-LSE",0.274742231377986,0.273864380645358,0.345530633600664,0,0,0,0,TRUE
"iris_versicolor",22,"Huber",0.306519284271189,0.320967609468873,0.386191044958075,0,0,0,0,TRUE
"iris_versicolor",22,"L1",0.295758488622196,0.322207781956968,0.35755369678371,0,0,0,0,TRUE
"iris_versicolor",23,"auto",0.302336972770841,0.332689816189622,0.412251511008141,0,0,0,0,TRUE
"iris_versicolor",23,"auto-weak",0.254336001134531,0.261932351345822,0.323005630458513,0,0.222222222222222,0,0,TRUE
"iris_versicolor",23,"WPMM2",0.238327944104005,0.279616459435102,0.390634724550235,0,0,1,0,TRUE
"iris_versicolor",23,"WPMM3",0.263564383555611,0.301668825543021,0.367215698848827,0,0,0,1,TRUE
"iris_versicolor",23,"LSE",0.281312103070099,0.316988343452468,0.377424633800273,0,0,0,0,TRUE
"iris_versicolor",23,"ridge-LSE",0.254764330012187,0.292188544152712,0.371823233844939,0,0,0,0,TRUE
"iris_versicolor",23,"Huber",0.269110076785156,0.30690634366198,0.392547358670647,0,0,0,0,TRUE
"iris_versicolor",23,"L1",0.310265424269518,0.35490001662628,0.422624638651847,0,0,0,0,TRUE
"iris_versicolor",24,"auto",0.308978068447068,0.323142374040306,0.36776113749052,0,0,0,0,TRUE
"iris_versicolor",24,"auto-weak",0.459038851991715,0.538317866380854,0.665580134878429,0.111111111111111,0.111111111111111,0,0,TRUE
"iris_versicolor",24,"WPMM2",0.4086115860639,0.458862618392249,0.543262291299113,0,0,1,0,TRUE
"iris_versicolor",24,"WPMM3",0.322907336320697,0.326128856582431,0.387778684017081,0,0,0,1,TRUE
"iris_versicolor",24,"LSE",0.324577113265401,0.364884680352291,0.476320514052386,0,0,0,0,TRUE
"iris_versicolor",24,"ridge-LSE",0.329678802297016,0.328131583662686,0.38027840975181,0,0,0,0,TRUE
"iris_versicolor",24,"Huber",0.326092131302051,0.323103136745921,0.377633469736724,0,0,0,0,TRUE
"iris_versicolor",24,"L1",0.351009296569683,0.408049147967945,0.496261582978965,0,0,0,0,TRUE
"iris_versicolor",25,"auto",0.267606350681516,0.257573063520705,0.355729697900799,0,0,0,0,TRUE
"iris_versicolor",25,"auto-weak",0.422332222097771,0.477745509661423,0.582326380965282,0,0.777777777777778,0,0,TRUE
"iris_versicolor",25,"WPMM2",0.333218030088279,0.369168874527488,0.44541161755588,0,0,1,0,TRUE
"iris_versicolor",25,"WPMM3",0.337849037523959,0.361831374486909,0.419216981198051,0,0,0,1,TRUE
"iris_versicolor",25,"LSE",0.419310779505391,0.460397422808844,0.507279112220432,0,0,0,0,TRUE
"iris_versicolor",25,"ridge-LSE",0.398277384464083,0.406495866248713,0.458810610165468,0,0,0,0,TRUE
"iris_versicolor",25,"Huber",0.351753020585705,0.367100442810592,0.431974663127632,0,0,0,0,TRUE
"iris_versicolor",25,"L1",0.320866872025379,0.396760940449621,0.500760185507385,0,0,0,0,TRUE
"iris_versicolor",26,"auto",0.253904552978726,0.292346963501607,0.348466827988185,0,0,0,0,TRUE
"iris_versicolor",26,"auto-weak",0.319933930917202,0.346246492913292,0.421689493929307,0,0.222222222222222,0,0,TRUE
"iris_versicolor",26,"WPMM2",1.31341665402954,4.82201722294553,12.7067046450063,0,0,1,0,TRUE
"iris_versicolor",26,"WPMM3",0.349845982025198,0.386857230386755,0.465125817142553,0,0,0,1,TRUE
"iris_versicolor",26,"LSE",0.189704666681011,0.204992297101759,0.285979993112589,0,0,0,0,TRUE
"iris_versicolor",26,"ridge-LSE",0.320518826208588,0.364541751749095,0.445565585317905,0,0,0,0,TRUE
"iris_versicolor",26,"Huber",0.39886291105275,0.428990911711478,0.500443426851959,0,0,0,0,TRUE
"iris_versicolor",26,"L1",0.216749980171191,0.230628915004874,0.30414170524998,0,0,0,0,TRUE
"iris_versicolor",27,"auto",0.321931504714435,0.351442655842083,0.408249912727929,0,0,0,0,TRUE
"iris_versicolor",27,"auto-weak",0.308898789131684,0.330692392034525,0.37325553049074,0,0.111111111111111,0,0,TRUE
"iris_versicolor",27,"WPMM2",0.584582999666658,1.06784395004797,2.14537393357991,0,0,1,0,TRUE
"iris_versicolor",27,"WPMM3",0.417868001214375,0.462631307048259,0.510605262246933,0,0,0,1,TRUE
"iris_versicolor",27,"LSE",0.335784514814843,0.350315550538278,0.384410079125257,0,0,0,0,TRUE
"iris_versicolor",27,"ridge-LSE",0.299120544545381,0.334655476435047,0.389265459639644,0,0,0,0,TRUE
"iris_versicolor",27,"Huber",0.327580983029421,0.329005395635558,0.371555645413153,0,0,0,0,TRUE
"iris_versicolor",27,"L1",0.420430628746605,0.42142433149303,0.518345395159136,0,0,0,0,TRUE
"iris_versicolor",28,"auto",0.333138755761804,0.383150520322226,0.464181264035062,0,0,0,0,TRUE
"iris_versicolor",28,"auto-weak",0.343458044829695,0.348939429925977,0.422597666716336,0,0.777777777777778,0,0,TRUE
"iris_versicolor",28,"WPMM2",0.43844210081765,0.474289100401603,0.565790857005452,0,0,1,0,TRUE
"iris_versicolor",28,"WPMM3",0.378077922938279,1.03919257480213,2.0985914019934,0,0,0,1,TRUE
"iris_versicolor",28,"LSE",0.271176214864765,0.303529129884268,0.332029466217395,0,0,0,0,TRUE
"iris_versicolor",28,"ridge-LSE",0.332777382827412,0.392347494468202,0.470183501969067,0,0,0,0,TRUE
"iris_versicolor",28,"Huber",0.339449584295709,0.485611221032152,0.797943670376488,0,0,0,0,TRUE
"iris_versicolor",28,"L1",0.384084766478979,0.413732523755768,0.502964684704937,0,0,0,0,TRUE
"iris_versicolor",29,"auto",0.380648117569407,0.394267093566352,0.461332334219823,0,0,0,0,TRUE
"iris_versicolor",29,"auto-weak",0.310321656162457,0.362506465221463,0.433781220303334,0,0,0,0,TRUE
"iris_versicolor",29,"WPMM2",0.403649280573509,0.397587024653211,0.504972961962225,0,0,1,0,TRUE
"iris_versicolor",29,"WPMM3",0.482199849436604,0.49545699521882,0.585969984848134,0,0,0,1,TRUE
"iris_versicolor",29,"LSE",0.362266645538032,0.412774461481081,0.49030747745167,0,0,0,0,TRUE
"iris_versicolor",29,"ridge-LSE",0.389828818066727,0.404943410555336,0.477991304463263,0,0,0,0,TRUE
"iris_versicolor",29,"Huber",0.651027946915546,0.685673658587468,0.752363001335387,0,0,0,0,TRUE
"iris_versicolor",29,"L1",0.424746583039169,0.503235686498198,0.624849825576452,0,0,0,0,TRUE
"iris_versicolor",30,"auto",0.351295386953022,0.347349620793476,0.435821576461423,0,0,0,0,TRUE
"iris_versicolor",30,"auto-weak",0.365792582028391,0.372642944992338,0.413501090247585,0,0,0,0,TRUE
"iris_versicolor",30,"WPMM2",0.420310314937355,0.433878456518069,0.47553343225637,0,0,1,0,TRUE
"iris_versicolor",30,"WPMM3",0.305872185571016,0.390281802232892,0.500307657182835,0,0,0,1,TRUE
"iris_versicolor",30,"LSE",0.313591443031316,0.338198832851076,0.375065502562058,0,0,0,0,TRUE
"iris_versicolor",30,"ridge-LSE",0.265682627759682,0.261636918807611,0.329250237889726,0,0,0,0,TRUE
"iris_versicolor",30,"Huber",0.48412983569857,0.491514706848123,0.552474664953963,0,0,0,0,TRUE
"iris_versicolor",30,"L1",0.413371694482654,0.420444399366975,0.466349930638884,0,0,0,0,TRUE
"trees_volume",1,"auto",2.5956580710427,2.72953926191764,3.41183247244256,0,0,0,0,TRUE
"trees_volume",1,"auto-weak",3.00251652658745,3.11130436814785,3.35847388011821,0,1,0,0,TRUE
"trees_volume",1,"WPMM2",2.56469814268625,3.02097359451314,3.8867266432595,0,0,1,0,TRUE
"trees_volume",1,"WPMM3",2.64166053935659,2.93174100440306,3.76114526104521,0,0,0,1,TRUE
"trees_volume",1,"LSE",2.59825632776003,2.62982639535518,3.18916173381388,0,0,0,0,TRUE
"trees_volume",1,"ridge-LSE",2.65198599423445,2.55402316019849,2.8787131936033,0,0,0,0,TRUE
"trees_volume",1,"Huber",2.72228065957258,2.70454238115592,3.07382921074931,0,0,0,0,TRUE
"trees_volume",1,"L1",3.17070052157877,3.13065778095541,3.52580981068474,0,0,0,0,TRUE
"trees_volume",2,"auto",2.52805413801695,2.61720526589121,3.39917889145694,0,0,0,0,TRUE
"trees_volume",2,"auto-weak",4.06930096711698,3.83925106986509,4.81465973507207,0,0,0,0,TRUE
"trees_volume",2,"WPMM2",5.37817171560253,6.18878981291966,8.36510581187873,0,0,1,0,TRUE
"trees_volume",2,"WPMM3",4.47794062899545,4.64889954754691,5.73177855554707,0,0,0,1,TRUE
"trees_volume",2,"LSE",3.34296091126368,3.23316963039629,3.87865629997721,0,0,0,0,TRUE
"trees_volume",2,"ridge-LSE",3.58933186912195,3.30880836346785,4.24396058630394,0,0,0,0,TRUE
"trees_volume",2,"Huber",3.81720287751066,3.5252355860221,4.67114746847556,0,0,0,0,TRUE
"trees_volume",2,"L1",3.64170246940003,3.39465760225458,4.17944070545811,0,0,0,0,TRUE
"trees_volume",3,"auto",2.23911097486642,2.57452539111724,3.40612835828456,0,0,0,0,TRUE
"trees_volume",3,"auto-weak",2.31286435809327,2.2582553658694,2.67327741194565,0,0,0,0,TRUE
"trees_volume",3,"WPMM2",3.55498348053585,3.36011692830401,4.0590234009594,0,0,1,0,TRUE
"trees_volume",3,"WPMM3",35.2266430390385,47.8712935591872,89.0640217822687,0,0,0,1,TRUE
"trees_volume",3,"LSE",5.2323791582465,5.49496306292648,5.73309708511767,0,0,0,0,TRUE
"trees_volume",3,"ridge-LSE",4.7949791943309,4.87240124692821,5.40588140599041,0,0,0,0,TRUE
"trees_volume",3,"Huber",2.50751936610368,2.72847045739205,3.23869608336548,0,0,0,0,TRUE
"trees_volume",3,"L1",3.45074458800443,3.72360458287461,4.27989922081701,0,0,0,0,TRUE
"trees_volume",4,"auto",3.03712816944372,3.01092703164645,3.66995582201732,0,0,0,0,TRUE
"trees_volume",4,"auto-weak",1.91563008319977,1.98107563468973,2.07019659468842,0,1,0,0,TRUE
"trees_volume",4,"WPMM2",2.54852414270694,3.85681096906841,6.19852649914816,0,0,1,0,TRUE
"trees_volume",4,"WPMM3",2.32735815028803,2.56878529899144,3.61826941601264,0,0,0,1,TRUE
"trees_volume",4,"LSE",4.32550095648093,4.97062025264466,7.11534461376125,0,0,0,0,TRUE
"trees_volume",4,"ridge-LSE",2.18897805048292,2.85829400387893,3.64053705955275,0,0,0,0,TRUE
"trees_volume",4,"Huber",2.99083430890931,2.98071059043376,3.52658628676772,0,0,0,0,TRUE
"trees_volume",4,"L1",12.1543895377393,12.0272304810217,14.9333967009359,0,0,0,0,TRUE
"trees_volume",5,"auto",2.63816052919751,2.64154842565707,3.02481314387619,0,0,0,0,TRUE
"trees_volume",5,"auto-weak",2.28523058101101,2.18930041557761,2.51375538272626,0,0,0,0,TRUE
"trees_volume",5,"WPMM2",2.56854306090848,2.37346559814415,3.07502221934066,0,0,1,0,TRUE
"trees_volume",5,"WPMM3",2.5557854887183,2.68749868540387,3.0515045562902,0,0,0,1,TRUE
"trees_volume",5,"LSE",2.53646842018804,2.72685170648095,3.26650247438357,0,0,0,0,TRUE
"trees_volume",5,"ridge-LSE",2.4813030425771,2.59434069918434,2.87636832460857,0,0,0,0,TRUE
"trees_volume",5,"Huber",2.4561248500814,2.22608171735085,3.15083960177979,0,0,0,0,TRUE
"trees_volume",5,"L1",4.73565935958535,4.96920576133267,5.7069582306962,0,0,0,0,TRUE
"trees_volume",6,"auto",2.32434978414831,2.37647323569904,2.95458461702637,0,0,0,0,TRUE
"trees_volume",6,"auto-weak",2.21083024265495,2.27335633821142,2.65046690718723,0,0,0,0,TRUE
"trees_volume",6,"WPMM2",4.28085624942003,4.35934630791682,4.98776089763882,0,0,1,0,TRUE
"trees_volume",6,"WPMM3",2.51889743435456,2.69830998634688,3.03599991806475,0,0,0,1,TRUE
"trees_volume",6,"LSE",1.50578517660761,1.57346542227068,2.20119046232454,0,0,0,0,TRUE
"trees_volume",6,"ridge-LSE",1.73632267311091,1.57847376891802,2.12512351716726,0,0,0,0,TRUE
"trees_volume",6,"Huber",1.81418911713752,1.79414540936255,2.44650920853432,0,0,0,0,TRUE
"trees_volume",6,"L1",1.72246549469849,1.6423258153892,2.22420413731542,0,0,0,0,TRUE
"trees_volume",7,"auto",2.73774366512822,2.52992178811813,3.06963906900525,0,0,0,0,TRUE
"trees_volume",7,"auto-weak",2.00626512514014,3.36950952217318,5.47450474879131,0,0,0,0,TRUE
"trees_volume",7,"WPMM2",2.47822495061385,2.79713250665609,3.67059831433809,0,0,1,0,TRUE
"trees_volume",7,"WPMM3",3.12165346206925,3.31300699829608,3.75391256701487,0,0,0,1,TRUE
"trees_volume",7,"LSE",2.20464510715628,3.17315042493924,4.86944958336749,0,0,0,0,TRUE
"trees_volume",7,"ridge-LSE",2.38296555730641,2.34731924020559,2.92249885124066,0,0,0,0,TRUE
"trees_volume",7,"Huber",4.03187428616756,3.97524205746693,4.89030136962034,0,0,0,0,TRUE
"trees_volume",7,"L1",2.95635871889866,2.82412932919011,3.31961473695912,0,0,0,0,TRUE
"trees_volume",8,"auto",4.10119857249328,3.85915308708979,4.70692967626567,0,0,0,0,TRUE
"trees_volume",8,"auto-weak",2.48780393010412,2.46838288526076,3.17441625351174,0,0,0,0,TRUE
"trees_volume",8,"WPMM2",1.82713842498655,1.91672234079259,2.27255502634385,0,0,1,0,TRUE
"trees_volume",8,"WPMM3",1.33425394569722,1.43714683458281,1.73165712431419,0,0,0,1,TRUE
"trees_volume",8,"LSE",3.50131078523864,3.38176060015552,4.02716767863275,0,0,0,0,TRUE
"trees_volume",8,"ridge-LSE",1.79247966301007,1.82780794283074,2.2816247692321,0,0,0,0,TRUE
"trees_volume",8,"Huber",3.1167169423593,2.95544461370389,3.45900033028959,0,0,0,0,TRUE
"trees_volume",8,"L1",4.0109774995381,4.13922809549895,4.69950963696883,0,0,0,0,TRUE
"trees_volume",9,"auto",3.75724241849599,4.15096812467878,5.42744485888202,0,0,0,0,TRUE
"trees_volume",9,"auto-weak",2.38093847575662,2.41359029810247,2.99974733423221,0,0,0,0,TRUE
"trees_volume",9,"WPMM2",6.44392275679255,6.06991411862095,7.74788840814814,0,0,1,0,TRUE
"trees_volume",9,"WPMM3",3.696248005091,3.88654831732336,5.16952242214899,0,0,0,1,TRUE
"trees_volume",9,"LSE",2.64442700357498,2.77593619184311,3.41130102153663,0,0,0,0,TRUE
"trees_volume",9,"ridge-LSE",3.74763732845041,3.77191706299589,4.18544049502839,0,0,0,0,TRUE
"trees_volume",9,"Huber",2.72938854091344,3.23949875244274,4.34977782668045,0,0,0,0,TRUE
"trees_volume",9,"L1",2.86923692872518,2.99318456854154,3.46694587843074,0,0,0,0,TRUE
"trees_volume",10,"auto",2.0427207919978,2.18556219057717,2.75253582355227,0,0,0,0,TRUE
"trees_volume",10,"auto-weak",2.16757572723394,2.39645276515926,2.87050989029525,0,1,0,0,TRUE
"trees_volume",10,"WPMM2",3.68284124108066,3.42358230227495,4.47084445611594,0,0,1,0,TRUE
"trees_volume",10,"WPMM3",2.33826610285225,2.18709965416193,3.14750159619278,0,0,0,1,TRUE
"trees_volume",10,"LSE",1.67437043399176,1.51109341405899,2.02376629820954,0,0,0,0,TRUE
"trees_volume",10,"ridge-LSE",1.87691450219903,1.62725868514988,2.46262830977531,0,0,0,0,TRUE
"trees_volume",10,"Huber",1.56159417579088,1.59711945798407,1.96562205214039,0,0,0,0,TRUE
"trees_volume",10,"L1",1.59208931664152,1.7103295242388,2.87771502586229,0,0,0,0,TRUE
"trees_volume",11,"auto",3.43925053766399,3.46007759094573,3.53897542622816,0,0,0,0,TRUE
"trees_volume",11,"auto-weak",3.76049542048482,3.71944005243575,4.29006395209385,0,0,0,0,TRUE
"trees_volume",11,"WPMM2",4.53253748456303,4.66400931254931,5.56088497079858,0,0,1,0,TRUE
"trees_volume",11,"WPMM3",4.64683651648784,4.72364812242084,5.60051810747922,0,0,0,1,TRUE
"trees_volume",11,"LSE",4.08490881085842,3.98170438518363,4.66178396224327,0,0,0,0,TRUE
"trees_volume",11,"ridge-LSE",5.0060908908626,4.52784861763413,5.4532827278232,0,0,0,0,TRUE
"trees_volume",11,"Huber",3.72236809589505,3.66525985830337,4.0477762681786,0,0,0,0,TRUE
"trees_volume",11,"L1",3.8010093534386,3.712244552671,4.3957174386047,0,0,0,0,TRUE
"trees_volume",12,"auto",3.52866585416445,3.30043111382354,3.94890571330516,0,0,0,0,TRUE
"trees_volume",12,"auto-weak",4.39181722320504,4.34019257704722,4.83782652844568,0,1,0,0,TRUE
"trees_volume",12,"WPMM2",4.60370131350421,4.47367461554079,5.07459688152713,0,0,1,0,TRUE
"trees_volume",12,"WPMM3",3.52841559761572,3.22534535431526,3.8177883343786,0,0,0,1,TRUE
"trees_volume",12,"LSE",3.55827827675335,3.41306092239719,3.92938343735953,0,0,0,0,TRUE
"trees_volume",12,"ridge-LSE",4.09512193483473,4.08324562376222,4.43535612674393,0,0,0,0,TRUE
"trees_volume",12,"Huber",2.94564212263836,2.59379507325632,3.19742910607141,0,0,0,0,TRUE
"trees_volume",12,"L1",3.048724040568,2.86950009551708,3.28115764705271,0,0,0,0,TRUE
"trees_volume",13,"auto",3.18922928178037,3.02344847981432,3.74332621266515,0,0,0,0,TRUE
"trees_volume",13,"auto-weak",3.57561321822928,3.44326685086305,4.79801098416589,0,0,0,0,TRUE
"trees_volume",13,"WPMM2",3.70989074413212,3.91071410035563,4.51588162220698,0,0,1,0,TRUE
"trees_volume",13,"WPMM3",3.84609689876263,4.39872426266539,5.80357585551291,0,0,0,1,TRUE
"trees_volume",13,"LSE",3.23274453528759,3.03378157969395,3.5324577270945,0,0,0,0,TRUE
"trees_volume",13,"ridge-LSE",3.01002389784227,3.03928489036445,3.16863540908398,0,0,0,0,TRUE
"trees_volume",13,"Huber",3.47419075485009,3.43628500519059,3.89292029397262,0,0,0,0,TRUE
"trees_volume",13,"L1",3.44183511601242,3.3031078256666,4.12034903145293,0,0,0,0,TRUE
"trees_volume",14,"auto",3.07913841168547,3.00748812083416,3.67847026746726,0,0,0,0,TRUE
"trees_volume",14,"auto-weak",2.34458373301789,2.2375659068934,2.88839581630269,0,0,0,0,TRUE
"trees_volume",14,"WPMM2",3.30917058086869,3.48455692867021,3.92677106752519,0,0,1,0,TRUE
"trees_volume",14,"WPMM3",4.00512542984031,3.84916540328244,4.63249876160113,0,0,0,1,TRUE
"trees_volume",14,"LSE",3.71938247050782,3.5315099193979,4.07964584963175,0,0,0,0,TRUE
"trees_volume",14,"ridge-LSE",2.60655483937164,2.47377249521529,2.99858403814199,0,0,0,0,TRUE
"trees_volume",14,"Huber",3.33245907431062,3.11482693174005,4.04905475511174,0,0,0,0,TRUE
"trees_volume",14,"L1",2.43896127651725,2.3460394905525,2.76429950580644,0,0,0,0,TRUE
"trees_volume",15,"auto",2.20489558522113,2.03637854729547,2.79956523850893,0,0,0,0,TRUE
"trees_volume",15,"auto-weak",2.84150473514167,3.10926098726233,3.71445035682207,0,0,0,0,TRUE
"trees_volume",15,"WPMM2",2.59022047514719,2.89674781182354,3.71641590856124,0,0,1,0,TRUE
"trees_volume",15,"WPMM3",2.56321564813936,2.9163433936095,3.6666277044542,0,0,0,1,TRUE
"trees_volume",15,"LSE",2.71258622938019,2.87153776803753,3.52484113944935,0,0,0,0,TRUE
"trees_volume",15,"ridge-LSE",2.24188077192014,2.16503350937693,2.87007933134794,0,0,0,0,TRUE
"trees_volume",15,"Huber",2.33516437129936,2.05280029568598,2.59957984271015,0,0,0,0,TRUE
"trees_volume",15,"L1",3.00331364739362,3.37479300156433,3.98803083380531,0,0,0,0,TRUE
"trees_volume",16,"auto",0.950991961063525,1.15079817019864,1.60110739873539,0,0,0,0,TRUE
"trees_volume",16,"auto-weak",5.31157823613183,5.1843144378635,7.12457274923429,0,0,0,0,TRUE
"trees_volume",16,"WPMM2",4.5226358139281,4.61721966254244,5.9358999687217,0,0,1,0,TRUE
"trees_volume",16,"WPMM3",4.05622308335689,3.92079967882101,4.4528813484996,0,0,0,1,TRUE
"trees_volume",16,"LSE",3.38208015259026,3.30666450987287,4.03351795747433,0,0,0,0,TRUE
"trees_volume",16,"ridge-LSE",1.64564146855657,1.65299923045354,2.44172094296259,0,0,0,0,TRUE
"trees_volume",16,"Huber",2.73800870782723,2.67427122786904,3.08487865367312,0,0,0,0,TRUE
"trees_volume",16,"L1",2.08953964576905,2.20128928877638,2.67799437647202,0,0,0,0,TRUE
"trees_volume",17,"auto",1.74731917855519,2.27688985633353,3.5085009941404,0,0,0,0,TRUE
"trees_volume",17,"auto-weak",1.46004899806408,1.85276571940778,2.79957782989581,0,0,0,0,TRUE
"trees_volume",17,"WPMM2",6.87145180114483,7.44147564268037,11.8784658436062,0,0,1,0,TRUE
"trees_volume",17,"WPMM3",4.47966537169228,4.02109110661965,5.41719736433417,0,0,0,1,TRUE
"trees_volume",17,"LSE",2.25370500786212,2.82716954434611,4.83323212617384,0,0,0,0,TRUE
"trees_volume",17,"ridge-LSE",2.00886211518547,1.81462351957184,2.52574997617001,0,0,0,0,TRUE
"trees_volume",17,"Huber",2.93052302783153,3.31478133253406,4.71151373300257,0,0,0,0,TRUE
"trees_volume",17,"L1",1.87184827298905,2.05840878912872,2.91086404879033,0,0,0,0,TRUE
"trees_volume",18,"auto",5.26521397067896,5.3633057034184,6.22258935474484,0,0,0,0,TRUE
"trees_volume",18,"auto-weak",2.82820618816226,2.83923868934277,2.96369719600088,0,0,0,0,TRUE
"trees_volume",18,"WPMM2",7.94401987053262,8.09939486502808,9.40402492227797,0,0,1,0,TRUE
"trees_volume",18,"WPMM3",3.30840120773877,3.30835381088766,3.7337394587256,0,0,0,1,TRUE
"trees_volume",18,"LSE",3.42087571174431,3.46408649481732,3.51995320137793,0,0,0,0,TRUE
"trees_volume",18,"ridge-LSE",2.44200041350226,2.34950425959487,2.91754731409653,0,0,0,0,TRUE
"trees_volume",18,"Huber",3.21216845027715,3.27890744523824,3.71875674940957,0,0,0,0,TRUE
"trees_volume",18,"L1",3.20692629111422,3.35608453781054,3.78683478171399,0,0,0,0,TRUE
"trees_volume",19,"auto",1.93085801614669,2.23086893620617,2.88350081012025,0,0,0,0,TRUE
"trees_volume",19,"auto-weak",2.42617523438561,3.38923282028662,5.34698210453174,0,0,0,0,TRUE
"trees_volume",19,"WPMM2",2.10085762738666,2.94383251819023,4.59907496519406,0,0,1,0,TRUE
"trees_volume",19,"WPMM3",2.80252226539178,2.83887220075325,3.82668467832201,0,0,0,1,TRUE
"trees_volume",19,"LSE",2.88910591951216,2.79870054922325,3.43394637803334,0,0,0,0,TRUE
"trees_volume",19,"ridge-LSE",2.05935871958485,2.03094447641798,2.53981022993242,0,0,0,0,TRUE
"trees_volume",19,"Huber",2.53467040326127,2.34737076788975,2.92017146431913,0,0,0,0,TRUE
"trees_volume",19,"L1",2.39339663690154,2.31393259243533,2.92759241298857,0,0,0,0,TRUE
"trees_volume",20,"auto",1.73082741801608,1.6560876944238,2.42999405605015,0,0,0,0,TRUE
"trees_volume",20,"auto-weak",2.28413235647291,2.89785360296869,3.65117779479359,0,0,0,0,TRUE
"trees_volume",20,"WPMM2",3.59476347257446,4.09793952151836,5.53621538851936,0,0,1,0,TRUE
"trees_volume",20,"WPMM3",3.67845584882347,5.02970676032685,6.98428702037642,0,0,0,1,TRUE
"trees_volume",20,"LSE",2.85775278582617,2.79355412281104,3.3028541555175,0,0,0,0,TRUE
"trees_volume",20,"ridge-LSE",3.38053740839195,3.05144653227805,4.05321309656822,0,0,0,0,TRUE
"trees_volume",20,"Huber",2.83981800930734,2.75941542970977,3.65402935489626,0,0,0,0,TRUE
"trees_volume",20,"L1",2.39186726665786,2.88085526379213,3.77900245716513,0,0,0,0,TRUE
"trees_volume",21,"auto",3.20966904180386,3.35567522017439,4.32339100953203,0,0,0,0,TRUE
"trees_volume",21,"auto-weak",2.85301891921873,3.49426379331987,4.72886875449197,0,0,0,0,TRUE
"trees_volume",21,"WPMM2",4.75374056644112,5.64636087615798,7.15887611421921,0,0,1,0,TRUE
"trees_volume",21,"WPMM3",3.31304394601141,3.33904854105102,3.91828586574495,0,0,0,1,TRUE
"trees_volume",21,"LSE",2.57357840245985,3.014581001067,3.89295185548533,0,0,0,0,TRUE
"trees_volume",21,"ridge-LSE",5.4733931719791,6.50332153347005,9.18570665712962,0,0,0,0,TRUE
"trees_volume",21,"Huber",7.47255443760874,7.26920042763891,9.91675667432091,0,0,0,0,TRUE
"trees_volume",21,"L1",4.31204737232803,4.65729259656,5.29572927299187,0,0,0,0,TRUE
"trees_volume",22,"auto",3.02456487463103,2.93400883338951,4.13821439807622,0,0,0,0,TRUE
"trees_volume",22,"auto-weak",1.83464572286512,2.29296971856087,3.12351515615679,0,0,0,0,TRUE
"trees_volume",22,"WPMM2",10.0350900882535,9.07719487190706,11.2234075931705,0,0,1,0,TRUE
"trees_volume",22,"WPMM3",3.86344823039199,3.4788294197674,4.46514908477549,0,0,0,1,TRUE
"trees_volume",22,"LSE",3.70992381002835,3.68419312321722,4.54210638524656,0,0,0,0,TRUE
"trees_volume",22,"ridge-LSE",4.03520361347172,3.70740003147524,4.78256534629683,0,0,0,0,TRUE
"trees_volume",22,"Huber",3.7414645607113,3.37507781306338,4.40838881516844,0,0,0,0,TRUE
"trees_volume",22,"L1",4.6362950249931,4.73808033752158,6.1187401373189,0,0,0,0,TRUE
"trees_volume",23,"auto",5.409820637375,5.76825382202733,7.03052053341955,0,0,0,0,TRUE
"trees_volume",23,"auto-weak",3.49461200218657,3.38675135272294,3.99826578886957,0,1,0,0,TRUE
"trees_volume",23,"WPMM2",2.90228762645664,2.82012049651709,3.68078011749894,0,0,1,0,TRUE
"trees_volume",23,"WPMM3",3.02558942118924,3.68431115779894,4.53059409118544,0,0,0,1,TRUE
"trees_volume",23,"LSE",3.75469890608297,4.03542090158034,4.95946600671846,0,0,0,0,TRUE
"trees_volume",23,"ridge-LSE",2.55916032640059,2.67538985574027,3.49572031730962,0,0,0,0,TRUE
"trees_volume",23,"Huber",2.55344411710604,2.64917586137163,3.17797466821149,0,0,0,0,TRUE
"trees_volume",23,"L1",2.85565503172195,3.48123024705602,4.3145618834194,0,0,0,0,TRUE
"trees_volume",24,"auto",3.73766098668519,4.08591518874777,4.93201930190382,0,0,0,0,TRUE
"trees_volume",24,"auto-weak",3.86192147685504,3.88416626040928,4.12151887213425,0,0,0,0,TRUE
"trees_volume",24,"WPMM2",4.08333162498008,3.97666408595391,4.62331506480893,0,0,1,0,TRUE
"trees_volume",24,"WPMM3",4.75312425631083,4.34237207977627,5.21024237496927,0,0,0,1,TRUE
"trees_volume",24,"LSE",4.94671456525458,4.2832289280385,5.33979174386112,0,0,0,0,TRUE
"trees_volume",24,"ridge-LSE",3.90164389395419,4.02380214085082,4.24187278911862,0,0,0,0,TRUE
"trees_volume",24,"Huber",3.89098137073287,3.95864350267622,4.20169648060961,0,0,0,0,TRUE
"trees_volume",24,"L1",5.32705247612577,5.90682041289308,7.21312445509808,0,0,0,0,TRUE
"trees_volume",25,"auto",1.40127907635955,1.60789520285992,2.23094307414064,0,0,0,0,TRUE
"trees_volume",25,"auto-weak",2.01531703728971,2.19119786172603,2.66992841598562,0,0,0,0,TRUE
"trees_volume",25,"WPMM2",2.23699439754655,2.27448436156892,2.75676678700832,0,0,1,0,TRUE
"trees_volume",25,"WPMM3",4.53295528083533,4.37178953779294,5.64307638985563,0,0,0,1,TRUE
"trees_volume",25,"LSE",1.2269588010617,1.88225492701727,3.01023061336389,0,0,0,0,TRUE
"trees_volume",25,"ridge-LSE",1.77738771133987,1.65517497813986,2.07214023244546,0,0,0,0,TRUE
"trees_volume",25,"Huber",1.73464023034747,1.82937341511004,2.32007904106389,0,0,0,0,TRUE
"trees_volume",25,"L1",3.22276046367308,3.27189490578303,4.18335230074321,0,0,0,0,TRUE
"trees_volume",26,"auto",1.59865907142276,1.61334500716554,2.1003273156599,0,0,0,0,TRUE
"trees_volume",26,"auto-weak",3.47264816212235,3.42970457501614,4.16639994308146,0,0,0,0,TRUE
"trees_volume",26,"WPMM2",4.00964082785471,4.05899127553919,4.92126259417842,0,0,1,0,TRUE
"trees_volume",26,"WPMM3",3.27193525345657,3.15909696958504,3.49381462533239,0,0,0,1,TRUE
"trees_volume",26,"LSE",2.407628187049,2.34003279433565,2.68118252793358,0,0,0,0,TRUE
"trees_volume",26,"ridge-LSE",1.90826450998508,1.94551812516924,2.72119144556452,0,0,0,0,TRUE
"trees_volume",26,"Huber",2.02220857607743,2.0920997373083,2.88592845846271,0,0,0,0,TRUE
"trees_volume",26,"L1",2.16551619599698,2.53348369537788,3.53658136512903,0,0,0,0,TRUE
"trees_volume",27,"auto",2.39667449728922,2.77169143473059,3.54232175059026,0,0,0,0,TRUE
"trees_volume",27,"auto-weak",2.06131270347946,2.42381991329383,3.27442986886859,0,0,0,0,TRUE
"trees_volume",27,"WPMM2",5.17450088572817,4.37972243451366,6.02005715651546,0,0,1,0,TRUE
"trees_volume",27,"WPMM3",3.91586667696727,4.04787929373114,4.8452297251877,0,0,0,1,TRUE
"trees_volume",27,"LSE",1.66294316069847,1.62124261059324,2.09874910498215,0,0,0,0,TRUE
"trees_volume",27,"ridge-LSE",2.43783691057268,2.90848597081331,3.67663658133141,0,0,0,0,TRUE
"trees_volume",27,"Huber",3.22210534627604,3.56918197338483,4.4306063550999,0,0,0,0,TRUE
"trees_volume",27,"L1",5.32605228458158,6.18780294165704,10.4704049812678,0,0,0,0,TRUE
"trees_volume",28,"auto",3.57395227172246,3.4631914736748,3.90148568130545,0,0,0,0,TRUE
"trees_volume",28,"auto-weak",5.32810701788766,5.39911700806483,6.29020066599775,0,0,0,0,TRUE
"trees_volume",28,"WPMM2",4.20488510302376,3.76111927789434,4.89861582395937,0,0,1,0,TRUE
"trees_volume",28,"WPMM3",3.03758920528589,3.27587957434192,3.93044221808771,0,0,0,1,TRUE
"trees_volume",28,"LSE",4.08224818114198,3.884578193793,4.72514874287123,0,0,0,0,TRUE
"trees_volume",28,"ridge-LSE",3.23582752709525,3.24958377610595,4.26480495703529,0,0,0,0,TRUE
"trees_volume",28,"Huber",3.40909755895714,3.3546739607151,4.58527398723974,0,0,0,0,TRUE
"trees_volume",28,"L1",3.52207853587089,3.53180801032875,4.0263485923798,0,0,0,0,TRUE
"trees_volume",29,"auto",1.50206707045549,1.57053027426738,2.12477149659878,0,0,0,0,TRUE
"trees_volume",29,"auto-weak",2.58443218364899,2.23723485488198,2.8989453397681,0,1,0,0,TRUE
"trees_volume",29,"WPMM2",2.62852146095464,3.31105239519459,4.89936858529946,0,0,1,0,TRUE
"trees_volume",29,"WPMM3",2.06622670376595,2.32314672658779,2.8819509430482,0,0,0,1,TRUE
"trees_volume",29,"LSE",1.51880569070035,1.59220873735777,2.08933506347807,0,0,0,0,TRUE
"trees_volume",29,"ridge-LSE",1.55978573434212,1.55305236681146,1.95747390750278,0,0,0,0,TRUE
"trees_volume",29,"Huber",2.61671542456735,2.38949131052444,3.11532890611347,0,0,0,0,TRUE
"trees_volume",29,"L1",1.67351371339953,1.73986964812259,2.10118843582704,0,0,0,0,TRUE
"trees_volume",30,"auto",2.81239558419593,2.71729699419892,3.19315753425317,0,0,0,0,TRUE
"trees_volume",30,"auto-weak",3.90805483148758,3.54216633819773,4.24808928026405,0,0,0,0,TRUE
"trees_volume",30,"WPMM2",2.6172849805628,2.98374359700837,3.57604339764993,0,0,1,0,TRUE
"trees_volume",30,"WPMM3",2.47866934998724,2.28786004896583,2.76173005386237,0,0,0,1,TRUE
"trees_volume",30,"LSE",3.88535565386694,4.6292824715064,5.52672859497289,0,0,0,0,TRUE
"trees_volume",30,"ridge-LSE",3.1773406569117,3.31613720346515,4.47043692140588,0,0,0,0,TRUE
"trees_volume",30,"Huber",2.33256137692064,2.20824524830393,2.84557311487899,0,0,0,0,TRUE
"trees_volume",30,"L1",3.10729452491652,3.30500820810497,4.02545276457639,0,0,0,0,TRUE
"orange_circ",1,"auto",11.1847106339261,13.7028177740548,19.8249824125544,0,0,0,0,TRUE
"orange_circ",1,"auto-weak",10.743581096189,10.2812621970821,11.6072718500441,0,0.111111111111111,0,0,TRUE
"orange_circ",1,"WPMM2",14.0723729061708,13.9363104971036,15.5758447008023,0,0,1,0,TRUE
"orange_circ",1,"WPMM3",10.6673616615336,10.7180180214521,12.9191144889254,0,0,0,1,TRUE
"orange_circ",1,"LSE",15.6736593230119,15.090390507693,17.1209995028056,0,0,0,0,TRUE
"orange_circ",1,"ridge-LSE",8.35293225707907,9.48691500731364,10.5795548134568,0,0,0,0,TRUE
"orange_circ",1,"Huber",13.6031928379707,12.9821285675193,15.3987688226534,0,0,0,0,TRUE
"orange_circ",1,"L1",10.1865932945485,9.92936160205357,11.7746315572034,0,0,0,0,TRUE
"orange_circ",2,"auto",7.46001307755164,7.04918129629073,9.39331921423814,0,0,0,0,TRUE
"orange_circ",2,"auto-weak",7.39111510366302,7.59200441561954,9.10675701186924,0.166666666666667,0,0,0.0555555555555556,TRUE
"orange_circ",2,"WPMM2",11.6681795054285,11.0088256606114,13.2545619326929,0,0,1,0,TRUE
"orange_circ",2,"WPMM3",9.73689081825193,9.08469023054758,10.7312903684051,0,0,0,1,TRUE
"orange_circ",2,"LSE",5.51212932279431,5.64746867308629,6.98122950635466,0,0,0,0,TRUE
"orange_circ",2,"ridge-LSE",9.55041916781325,9.08764314315962,10.3181462370475,0,0,0,0,TRUE
"orange_circ",2,"Huber",9.87043787883165,9.68896808636783,10.4235687093039,0,0,0,0,TRUE
"orange_circ",2,"L1",12.3196579960207,18.9726107679705,29.9385997413831,0,0,0,0,TRUE
"orange_circ",3,"auto",9.40115947069224,10.6446469997863,14.2262175922933,0,0,0,0,TRUE
"orange_circ",3,"auto-weak",12.1058077320161,11.800312324528,13.6294709367755,0,0.333333333333333,0,0,TRUE
"orange_circ",3,"WPMM2",21.3122046879739,21.5730905464983,25.8789389494276,0,0,1,0,TRUE
"orange_circ",3,"WPMM3",10.2662953591388,9.80441178556996,12.0936591007353,0,0,0,1,TRUE
"orange_circ",3,"LSE",11.8353299615458,11.6635330219682,14.0705920283031,0,0,0,0,TRUE
"orange_circ",3,"ridge-LSE",8.73410757287957,8.55893829452935,9.7910404989703,0,0,0,0,TRUE
"orange_circ",3,"Huber",10.3230669886002,9.96227190050745,11.4816224533156,0,0,0,0,TRUE
"orange_circ",3,"L1",11.5046186846641,12.0051246557474,14.4496192255746,0,0,0,0,TRUE
"orange_circ",4,"auto",8.42997181801219,9.53986647072292,11.9494723847,0,0,0,0,TRUE
"orange_circ",4,"auto-weak",7.24486955270637,7.8901458475252,10.1961185540448,0.0555555555555556,0.111111111111111,0,0,TRUE
"orange_circ",4,"WPMM2",28.1537778732625,28.3282529480587,34.2418155526206,0,0,1,0,TRUE
"orange_circ",4,"WPMM3",10.1025355806819,9.12655873743734,11.2824301194,0,0,0,1,TRUE
"orange_circ",4,"LSE",11.1744620031206,10.9302935788602,12.5178415397742,0,0,0,0,TRUE
"orange_circ",4,"ridge-LSE",11.2565402777825,10.2112943846049,13.7921063769842,0,0,0,0,TRUE
"orange_circ",4,"Huber",15.4256145864895,16.2734418633166,20.962248619699,0,0,0,0,TRUE
"orange_circ",4,"L1",8.42979363958717,8.69948803895837,10.698687752706,0,0,0,0,TRUE
"orange_circ",5,"auto",10.1298291960157,10.7523885260524,11.816169569597,0.0555555555555556,0,0,0,TRUE
"orange_circ",5,"auto-weak",11.1933812542422,11.7911127200549,13.1470624839103,0,0.388888888888889,0,0,TRUE
"orange_circ",5,"WPMM2",12.2829705493724,12.0399399677944,13.8373761490124,0,0,1,0,TRUE
"orange_circ",5,"WPMM3",14.1009541356483,14.2095209667108,15.9090494800559,0,0,0,1,TRUE
"orange_circ",5,"LSE",11.7142414677658,10.4607697843746,14.0009213771426,0,0,0,0,TRUE
"orange_circ",5,"ridge-LSE",18.2980122655703,21.9954107598649,29.1046995591043,0,0,0,0,TRUE
"orange_circ",5,"Huber",10.1705016805217,9.90040989567508,12.2179565483002,0,0,0,0,TRUE
"orange_circ",5,"L1",24.6580956359491,24.1536492612103,28.9461579873347,0,0,0,0,TRUE
"orange_circ",6,"auto",13.7647779154228,14.489821677571,16.5924647926874,0.0555555555555556,0,0,0,TRUE
"orange_circ",6,"auto-weak",10.0034118734906,9.99540837474824,12.5268724239728,0,0.444444444444444,0,0,TRUE
"orange_circ",6,"WPMM2",11.6143891837112,11.7915093600907,13.564455251693,0,0,1,0,TRUE
"orange_circ",6,"WPMM3",8.5593099468709,8.5523442522914,9.61144244699745,0,0,0,1,TRUE
"orange_circ",6,"LSE",6.67607338455313,6.92933660809403,8.69105656284328,0,0,0,0,TRUE
"orange_circ",6,"ridge-LSE",9.97445985666944,15.7194727146516,28.5825082323022,0,0,0,0,TRUE
"orange_circ",6,"Huber",7.47171322322491,7.32707523843307,8.07726881177472,0,0,0,0,TRUE
"orange_circ",6,"L1",10.1808018421451,10.2878692462396,12.7539924405265,0,0,0,0,TRUE
"orange_circ",7,"auto",15.3559338299657,15.8681123307744,18.357332805196,0,0,0,0,TRUE
"orange_circ",7,"auto-weak",12.7322171153588,12.2638910570251,14.7093778247497,0,0,0,0,TRUE
"orange_circ",7,"WPMM2",13.6616750937129,12.757519150018,15.2197476837136,0,0,1,0,TRUE
"orange_circ",7,"WPMM3",15.611679301442,14.5963282043565,18.013756454514,0,0,0,1,TRUE
"orange_circ",7,"LSE",11.580480391087,11.8369386613717,15.1646320785112,0,0,0,0,TRUE
"orange_circ",7,"ridge-LSE",16.9450842753183,17.6644022654041,20.8875658857992,0,0,0,0,TRUE
"orange_circ",7,"Huber",18.213159348413,17.9823893342655,21.1230978592901,0,0,0,0,TRUE
"orange_circ",7,"L1",13.9438329357714,14.5168800353453,17.8333951539346,0,0,0,0,TRUE
"orange_circ",8,"auto",9.51013575342342,10.0422773056237,11.1286650537534,0,0,0,0,TRUE
"orange_circ",8,"auto-weak",12.4233706154972,13.9496332301542,16.9681663498404,0.111111111111111,0.166666666666667,0,0,TRUE
"orange_circ",8,"WPMM2",7.70683142788721,7.25392967281518,8.52528263987357,0,0,1,0,TRUE
"orange_circ",8,"WPMM3",11.0814897334813,10.4840720879492,12.0332949626569,0,0,0,1,TRUE
"orange_circ",8,"LSE",9.2368806554647,8.75393656997688,10.8231335225438,0,0,0,0,TRUE
"orange_circ",8,"ridge-LSE",7.87848852269113,8.56495501609429,10.9846828278138,0,0,0,0,TRUE
"orange_circ",8,"Huber",9.62536086574012,9.21779702266526,11.2331466445001,0,0,0,0,TRUE
"orange_circ",8,"L1",12.4764800825473,12.6250740641646,15.0882374892692,0,0,0,0,TRUE
"orange_circ",9,"auto",14.2798491680664,26.3369560275924,54.0348168695886,0,0,0,0,TRUE
"orange_circ",9,"auto-weak",10.9877159425633,11.0128645611649,12.8306730221426,0.0555555555555556,0.166666666666667,0,0,TRUE
"orange_circ",9,"WPMM2",10.4891884400337,11.4151343001733,13.8404402835968,0,0,1,0,TRUE
"orange_circ",9,"WPMM3",11.4306409802567,13.7520160497989,20.7555366795391,0,0,0,1,TRUE
"orange_circ",9,"LSE",7.87078572602777,7.45292796921118,8.80930162833821,0,0,0,0,TRUE
"orange_circ",9,"ridge-LSE",10.6083935337471,9.89747081826934,12.6270860399011,0,0,0,0,TRUE
"orange_circ",9,"Huber",14.9782592732167,14.2153800723559,18.4996960599084,0,0,0,0,TRUE
"orange_circ",9,"L1",7.12662659599664,7.20150752274559,8.61535214166019,0,0,0,0,TRUE
"orange_circ",10,"auto",12.2179520491116,12.6990130298792,15.1006992637625,0,0,0,0,TRUE
"orange_circ",10,"auto-weak",8.61294660920984,8.51450441987109,9.7732048939997,0,0.166666666666667,0,0,TRUE
"orange_circ",10,"WPMM2",11.9384446463851,11.5344170679566,14.1168296348877,0,0,1,0,TRUE
"orange_circ",10,"WPMM3",12.2448367400283,12.0990861634976,14.7353590857242,0,0,0,1,TRUE
"orange_circ",10,"LSE",12.8625741379615,12.5736210654233,14.6389855618952,0,0,0,0,TRUE
"orange_circ",10,"ridge-LSE",10.1787944975136,9.88604074508622,11.2900888820472,0,0,0,0,TRUE
"orange_circ",10,"Huber",9.58682390783522,8.9091200303377,10.6297846483555,0,0,0,0,TRUE
"orange_circ",10,"L1",12.4118227077717,12.7102279899656,14.1831066952713,0,0,0,0,TRUE
"orange_circ",11,"auto",10.0018627211302,11.3998353148908,13.566824040959,0,0,0,0,TRUE
"orange_circ",11,"auto-weak",8.79421673917926,8.40101653590076,9.43522869469093,0,0.611111111111111,0,0,TRUE
"orange_circ",11,"WPMM2",55.8060439987207,50.6159001624618,77.1248576781684,0,0,1,0,TRUE
"orange_circ",11,"WPMM3",4.80942836475232,5.57667649624524,8.0847640398598,0,0,0,1,TRUE
"orange_circ",11,"LSE",7.36693442801575,7.30587244868718,9.85019962743119,0,0,0,0,TRUE
"orange_circ",11,"ridge-LSE",11.116844690405,11.7252811364007,14.5651870397394,0,0,0,0,TRUE
"orange_circ",11,"Huber",9.89464557146589,11.4829674285984,14.6017250920683,0,0,0,0,TRUE
"orange_circ",11,"L1",11.9929159430777,11.9936576377491,13.7872409629074,0,0,0,0,TRUE
"orange_circ",12,"auto",29.8981008994295,32.2038693310956,45.7142072137057,0,0,0,0,TRUE
"orange_circ",12,"auto-weak",10.1303812417264,10.0707150670252,13.1636806614202,0.0555555555555556,0.222222222222222,0,0,TRUE
"orange_circ",12,"WPMM2",8.37785500390602,8.05105517074375,9.62430175411308,0,0,1,0,TRUE
"orange_circ",12,"WPMM3",14.2614568639173,13.9782248080253,14.751914971552,0,0,0,1,TRUE
"orange_circ",12,"LSE",16.7775584121163,16.4529395188242,20.8046146161035,0,0,0,0,TRUE
"orange_circ",12,"ridge-LSE",13.0564504887621,13.0645633438895,13.9717414850977,0,0,0,0,TRUE
"orange_circ",12,"Huber",8.90526317772232,9.96817774368703,12.3026241472476,0,0,0,0,TRUE
"orange_circ",12,"L1",15.1993082133251,15.770686000303,17.1825975864095,0,0,0,0,TRUE
"orange_circ",13,"auto",14.5604188935904,14.5253549364799,18.1147546969252,0,0,0,0,TRUE
"orange_circ",13,"auto-weak",16.2242218816241,15.0890141354229,19.554880971626,0,0.555555555555556,0,0,TRUE
"orange_circ",13,"WPMM2",27.8484259455781,26.8604242399563,30.1987409998238,0,0,1,0,TRUE
"orange_circ",13,"WPMM3",8.83291200577368,9.9353050882027,12.6599416343241,0,0,0,1,TRUE
"orange_circ",13,"LSE",15.1692108367339,14.3159870372304,20.0684090385119,0,0,0,0,TRUE
"orange_circ",13,"ridge-LSE",14.4863954077777,14.5805560685308,17.3368899381184,0,0,0,0,TRUE
"orange_circ",13,"Huber",17.6525222353146,17.5296722626197,21.364274814141,0,0,0,0,TRUE
"orange_circ",13,"L1",11.6966977241017,10.8726680666535,12.5265421757311,0,0,0,0,TRUE
"orange_circ",14,"auto",7.32162752454709,6.70717746752444,8.77124313759051,0,0,0,0,TRUE
"orange_circ",14,"auto-weak",9.85183384544028,9.23344072589699,11.0730465841233,0.0555555555555556,0.166666666666667,0,0,TRUE
"orange_circ",14,"WPMM2",18.37880170726,17.7300628811393,22.7658904935329,0,0,1,0,TRUE
"orange_circ",14,"WPMM3",12.487679210349,12.5818011872653,14.448024968649,0,0,0,1,TRUE
"orange_circ",14,"LSE",5.2357689270416,5.10072807948956,5.63274878861713,0,0,0,0,TRUE
"orange_circ",14,"ridge-LSE",17.3480936874487,21.6909580834485,32.1431522047926,0,0,0,0,TRUE
"orange_circ",14,"Huber",6.00647005192593,7.28804907010514,11.0084250566235,0,0,0,0,TRUE
"orange_circ",14,"L1",8.90042805631607,11.8074778250821,19.4660800676089,0,0,0,0,TRUE
"orange_circ",15,"auto",16.8275825846955,18.6013867999148,21.9282977272279,0,0,0,0,TRUE
"orange_circ",15,"auto-weak",8.28633191682977,8.24026364232375,8.9217235158978,0.0555555555555556,0.388888888888889,0,0,TRUE
"orange_circ",15,"WPMM2",8.61887529277965,9.02049749838127,11.4898353141753,0,0,1,0,TRUE
"orange_circ",15,"WPMM3",8.81995724189349,8.70065544512323,10.5356778009836,0,0,0,1,TRUE
"orange_circ",15,"LSE",19.3824494195788,20.1740957768382,25.3950183200514,0,0,0,0,TRUE
"orange_circ",15,"ridge-LSE",14.5672652237563,15.5477634472642,18.4640600734344,0,0,0,0,TRUE
"orange_circ",15,"Huber",8.05353414787403,8.53080562743422,10.7428252122815,0,0,0,0,TRUE
"orange_circ",15,"L1",11.3205654073029,10.7864779457237,12.5311256575082,0,0,0,0,TRUE
"orange_circ",16,"auto",11.3377504646491,11.26863537694,13.4943780990014,0,0,0,0,TRUE
"orange_circ",16,"auto-weak",12.6179593697441,13.0856669662709,14.1695373683135,0.0555555555555556,0.277777777777778,0,0.0555555555555556,TRUE
"orange_circ",16,"WPMM2",17.3035503526227,17.167297995852,18.9995147630391,0,0,1,0,TRUE
"orange_circ",16,"WPMM3",9.68905614170321,9.3529668259847,11.1469085389626,0,0,0,1,TRUE
"orange_circ",16,"LSE",10.0781198626122,9.61936290485819,11.0980165287675,0,0,0,0,TRUE
"orange_circ",16,"ridge-LSE",12.3650926165299,12.2436164561358,14.3612959101699,0,0,0,0,TRUE
"orange_circ",16,"Huber",13.1594101100471,12.7220319954019,14.4232246443892,0,0,0,0,TRUE
"orange_circ",16,"L1",13.2827668718501,13.7593022759522,15.5702135920729,0,0,0,0,TRUE
"orange_circ",17,"auto",20.7141849774758,24.4419745658103,28.6870776431544,0,0,0,0,TRUE
"orange_circ",17,"auto-weak",28.4784754913778,31.9650878007699,47.8380147255796,0.0555555555555556,0.0555555555555556,0,0,TRUE
"orange_circ",17,"WPMM2",11.5117427164329,11.3786798503425,12.9975865675627,0,0,1,0,TRUE
"orange_circ",17,"WPMM3",38.7509801541872,35.6654853687187,42.3786288258755,0,0,0,1,TRUE
"orange_circ",17,"LSE",15.3485851263993,16.8292048266573,20.5489407415002,0,0,0,0,TRUE
"orange_circ",17,"ridge-LSE",15.0593963572302,16.2910417039543,18.2581167858534,0,0,0,0,TRUE
"orange_circ",17,"Huber",10.0708090351618,9.61594257086688,12.0685149094171,0,0,0,0,TRUE
"orange_circ",17,"L1",10.9257780215268,11.0155013884365,13.2499056664782,0,0,0,0,TRUE
"orange_circ",18,"auto",10.3417026541278,10.7642457579609,12.2760863276223,0,0,0,0,TRUE
"orange_circ",18,"auto-weak",8.17191168649098,8.7038068696858,10.9468648529257,0,0,0,0,TRUE
"orange_circ",18,"WPMM2",13.0447127238776,12.7603712632548,14.8501563391667,0,0,1,0,TRUE
"orange_circ",18,"WPMM3",7.60084442696229,8.11644318379767,10.5355862114662,0,0,0,1,TRUE
"orange_circ",18,"LSE",9.31014287299436,11.3980343045381,14.3789170532868,0,0,0,0,TRUE
"orange_circ",18,"ridge-LSE",12.093857739683,11.2693429193871,14.0382471183359,0,0,0,0,TRUE
"orange_circ",18,"Huber",11.321381350436,11.4752441310567,13.9867557038861,0,0,0,0,TRUE
"orange_circ",18,"L1",16.8884773985648,16.5376956154864,21.0362423246149,0,0,0,0,TRUE
"orange_circ",19,"auto",11.0419986214776,11.5553300301419,13.5098673850135,0.111111111111111,0,0,0,TRUE
"orange_circ",19,"auto-weak",9.7920394419056,10.7701244762992,11.5495957765705,0,0.111111111111111,0,0,TRUE
"orange_circ",19,"WPMM2",8.32481872482775,7.99399829732483,9.19432041905542,0,0,1,0,TRUE
"orange_circ",19,"WPMM3",10.3062088566242,10.3315527165804,11.6236949700489,0,0,0,1,TRUE
"orange_circ",19,"LSE",9.69229772383762,9.92224227209847,11.3472820249498,0,0,0,0,TRUE
"orange_circ",19,"ridge-LSE",11.1701511939038,10.6927333857573,12.1444337430319,0,0,0,0,TRUE
"orange_circ",19,"Huber",10.1859020248338,10.3007387927771,11.6096592818389,0,0,0,0,TRUE
"orange_circ",19,"L1",8.54157085791059,9.17315601003436,11.1392474536392,0,0,0,0,TRUE
"orange_circ",20,"auto",11.426403802368,11.5304027804536,13.7940897473228,0,0,0,0,TRUE
"orange_circ",20,"auto-weak",10.3448062141644,11.0990705755699,13.4277430589866,0,0.611111111111111,0,0,TRUE
"orange_circ",20,"WPMM2",12.7106090391279,12.2004630271185,13.641414972527,0,0,1,0,TRUE
"orange_circ",20,"WPMM3",9.28297187252127,8.51036856348416,11.2653853760874,0,0,0,1,TRUE
"orange_circ",20,"LSE",11.2525899258479,10.7903938977208,14.140567651801,0,0,0,0,TRUE
"orange_circ",20,"ridge-LSE",9.90261433783719,9.37791298288982,11.5572525544026,0,0,0,0,TRUE
"orange_circ",20,"Huber",13.9620401178086,13.8489305671456,16.0402836532681,0,0,0,0,TRUE
"orange_circ",20,"L1",13.31312595798,13.391812073173,15.4782166416752,0,0,0,0,TRUE
"orange_circ",21,"auto",11.1619129101825,12.5269651891968,15.1252342835802,0,0,0,0,TRUE
"orange_circ",21,"auto-weak",14.0890132649472,13.5981525353444,15.9855489712577,0,0.222222222222222,0,0,TRUE
"orange_circ",21,"WPMM2",11.2603904694423,10.6007188911557,12.4756893635683,0,0,1,0,TRUE
"orange_circ",21,"WPMM3",11.5880434211444,11.632884299394,12.9360364688239,0,0,0,1,TRUE
"orange_circ",21,"LSE",11.7605767637576,12.902557907092,15.9003945828162,0,0,0,0,TRUE
"orange_circ",21,"ridge-LSE",11.1456136762607,11.557704962165,14.4348688323601,0,0,0,0,TRUE
"orange_circ",21,"Huber",13.6756679953289,13.266042144179,16.3536085065492,0,0,0,0,TRUE
"orange_circ",21,"L1",11.9978797140489,11.7452558945103,13.0909454131404,0,0,0,0,TRUE
"orange_circ",22,"auto",13.2642044794492,14.4991263424307,18.5581544925111,0,0,0,0,TRUE
"orange_circ",22,"auto-weak",14.8392627486487,22.0865635116987,37.7353928228288,0,0.611111111111111,0,0,TRUE
"orange_circ",22,"WPMM2",15.9503255798737,16.412670500182,18.3857974002424,0,0,1,0,TRUE
"orange_circ",22,"WPMM3",13.180852297772,13.2077511585534,13.8358385022186,0,0,0,1,TRUE
"orange_circ",22,"LSE",11.198175827176,11.1630803727271,12.6285616867559,0,0,0,0,TRUE
"orange_circ",22,"ridge-LSE",14.0180562113127,13.4097528717224,16.69888890962,0,0,0,0,TRUE
"orange_circ",22,"Huber",8.54088902689892,11.2910262121842,17.0202022915107,0,0,0,0,TRUE
"orange_circ",22,"L1",10.1641268106979,11.0938456058309,12.4920788174839,0,0,0,0,TRUE
"orange_circ",23,"auto",11.5470659104934,12.7529271949338,15.4582721196528,0,0,0,0,TRUE
"orange_circ",23,"auto-weak",11.9615728150041,12.1142272225726,13.6998502397524,0,0,0,0.0555555555555556,TRUE
"orange_circ",23,"WPMM2",9.83223882277746,9.72567256165744,10.6164906467569,0,0,1,0,TRUE
"orange_circ",23,"WPMM3",20.5716726047164,19.9961093751832,22.561160501408,0,0,0,1,TRUE
"orange_circ",23,"LSE",9.05010720504473,8.3980264953895,10.1614858710191,0,0,0,0,TRUE
"orange_circ",23,"ridge-LSE",7.25041311323087,7.67739096146089,9.30783151158985,0,0,0,0,TRUE
"orange_circ",23,"Huber",16.0544864293705,18.9070130128122,29.4739416266724,0,0,0,0,TRUE
"orange_circ",23,"L1",8.81423348150033,9.14033391278966,9.7233407983081,0,0,0,0,TRUE
"orange_circ",24,"auto",13.9307564587483,16.1771151255628,20.4172619688794,0,0,0,0,TRUE
"orange_circ",24,"auto-weak",8.50156791929034,8.1733175970471,9.84742194576093,0,0.111111111111111,0,0,TRUE
"orange_circ",24,"WPMM2",11.9458351885804,12.8455281519554,14.961386022009,0,0,1,0,TRUE
"orange_circ",24,"WPMM3",15.6769120677553,17.0772149035256,22.6862590426392,0,0,0,1,TRUE
"orange_circ",24,"LSE",9.86325317892738,8.84461392698062,11.7544793710164,0,0,0,0,TRUE
"orange_circ",24,"ridge-LSE",10.1968457825686,12.0435597426338,16.4306923282666,0,0,0,0,TRUE
"orange_circ",24,"Huber",13.983400401315,13.837744007607,17.2367092264861,0,0,0,0,TRUE
"orange_circ",24,"L1",10.6097372096631,10.3566002413835,12.3128938165018,0,0,0,0,TRUE
"orange_circ",25,"auto",15.4217900246279,15.9737661186659,18.539556060599,0,0,0,0,TRUE
"orange_circ",25,"auto-weak",10.4042228660419,10.7476924386907,12.7450324800434,0,0.166666666666667,0,0,TRUE
"orange_circ",25,"WPMM2",25.9541870029483,24.5002620005473,29.5709900311198,0,0,1,0,TRUE
"orange_circ",25,"WPMM3",14.8637087249199,14.9718715627565,19.1492296105283,0,0,0,1,TRUE
"orange_circ",25,"LSE",15.4933664530522,15.3472177439716,18.4334049876808,0,0,0,0,TRUE
"orange_circ",25,"ridge-LSE",9.80133722030999,8.60154097495363,11.0304401289619,0,0,0,0,TRUE
"orange_circ",25,"Huber",10.9945188433357,11.0363155521085,14.1001492439417,0,0,0,0,TRUE
"orange_circ",25,"L1",10.6640555819781,11.6483207926868,13.6990788503106,0,0,0,0,TRUE
"orange_circ",26,"auto",15.8925465092373,16.2642746315274,17.7489802605182,0,0,0,0,TRUE
"orange_circ",26,"auto-weak",8.30429169366253,8.81576546709242,10.1088913710817,0,0.111111111111111,0,0,TRUE
"orange_circ",26,"WPMM2",18.0541769102876,18.4126485762752,21.8769716455397,0,0,1,0,TRUE
"orange_circ",26,"WPMM3",8.52498108811544,8.14822009662815,9.95571932333052,0,0,0,1,TRUE
"orange_circ",26,"LSE",10.9769878347953,11.9842944902989,13.5949526845485,0,0,0,0,TRUE
"orange_circ",26,"ridge-LSE",6.69665364842354,6.96438729750165,8.67909745034123,0,0,0,0,TRUE
"orange_circ",26,"Huber",5.55300937289767,5.88950848537388,7.64933287640994,0,0,0,0,TRUE
"orange_circ",26,"L1",13.1781934084185,14.4069254029066,16.2228769487703,0,0,0,0,TRUE
"orange_circ",27,"auto",9.8267315039991,10.7691855614058,13.0906457509111,0,0,0,0,TRUE
"orange_circ",27,"auto-weak",11.2177443770221,12.2100502121252,15.4662802254832,0,0.333333333333333,0,0,TRUE
"orange_circ",27,"WPMM2",15.3762050019757,15.3431724251002,15.8420214250842,0,0,1,0,TRUE
"orange_circ",27,"WPMM3",14.3922428401931,14.7440626403695,15.9391798891519,0,0,0,1,TRUE
"orange_circ",27,"LSE",11.2630727876813,11.6074188431403,13.8348272782387,0,0,0,0,TRUE
"orange_circ",27,"ridge-LSE",10.2239869883116,11.4983826155407,13.8408260478126,0,0,0,0,TRUE
"orange_circ",27,"Huber",13.8945190285079,16.556943323668,20.2210948741031,0,0,0,0,TRUE
"orange_circ",27,"L1",12.4829621180349,13.1312336175064,15.0256043935486,0,0,0,0,TRUE
"orange_circ",28,"auto",12.1411985173843,11.3705015930669,13.3509959634366,0,0,0,0,TRUE
"orange_circ",28,"auto-weak",18.3631839491421,20.0604056559833,22.1050040083433,0,0,0,0,TRUE
"orange_circ",28,"WPMM2",14.7694159001221,14.9006744958478,16.858408288575,0,0,1,0,TRUE
"orange_circ",28,"WPMM3",7.71260011846871,7.20314052739691,9.55318003197134,0,0,0,1,TRUE
"orange_circ",28,"LSE",11.8134719075392,12.6756527796284,14.1997578490444,0,0,0,0,TRUE
"orange_circ",28,"ridge-LSE",8.69899889361504,8.89514868698582,10.4043101326771,0,0,0,0,TRUE
"orange_circ",28,"Huber",9.6722457921881,12.0234769380322,18.3559798484532,0,0,0,0,TRUE
"orange_circ",28,"L1",9.96084958979181,9.93591995221634,11.636454982981,0,0,0,0,TRUE
"orange_circ",29,"auto",10.3843389537227,9.45816887117568,11.7928718927827,0,0,0,0,TRUE
"orange_circ",29,"auto-weak",9.5263736012621,9.00164861269612,10.6286627056396,0,0.111111111111111,0,0,TRUE
"orange_circ",29,"WPMM2",8.84141660106586,10.6386399665871,13.9512180214767,0,0,1,0,TRUE
"orange_circ",29,"WPMM3",8.97028699646849,9.43220424917513,10.7444522666429,0,0,0,1,TRUE
"orange_circ",29,"LSE",11.2843568937598,10.4322550161166,13.3387380203183,0,0,0,0,TRUE
"orange_circ",29,"ridge-LSE",8.4461574335443,8.67066568571796,10.9736258697446,0,0,0,0,TRUE
"orange_circ",29,"Huber",8.06832447515609,8.23317165807885,10.6640323237377,0,0,0,0,TRUE
"orange_circ",29,"L1",11.092050735436,11.3870422161332,13.8093959808088,0,0,0,0,TRUE
"orange_circ",30,"auto",12.2750266010452,11.7277548738571,14.5349664609421,0,0,0,0,TRUE
"orange_circ",30,"auto-weak",12.9361749616573,11.7383683166507,14.3218759609257,0,0.166666666666667,0,0,TRUE
"orange_circ",30,"WPMM2",10.1691056534187,9.28963926706209,11.9003291026541,0,0,1,0,TRUE
"orange_circ",30,"WPMM3",9.02775808345122,9.0805680332109,11.1225137029644,0,0,0,1,TRUE
"orange_circ",30,"LSE",10.7428071348416,10.0624258679116,12.5331389680319,0,0,0,0,TRUE
"orange_circ",30,"ridge-LSE",10.4098095779228,10.8238187956368,12.1308879832596,0,0,0,0,TRUE
"orange_circ",30,"Huber",13.6163546968049,13.7548299420623,16.5361529792927,0,0,0,0,TRUE
"orange_circ",30,"L1",10.5438552988042,10.1396853365485,12.8584384472623,0,0,0,0,TRUE
