"seed","contam","method","mae","trmse","coef_l2","b0_abs"
75001,0.12,"W00",0.16054232816612,0.145260893698576,0.227757303332124,0.133505638377808
75001,0.12,"W10",0.161043532300319,0.145972188915349,0.228515361021518,0.134693042982175
75001,0.12,"W01",0.239233076462788,0.240968769890893,0.337057750741175,0.27575948753642
75001,0.12,"W11",0.228925717176388,0.229269106158349,0.323259169706962,0.259296357738863
75001,0.12,"LSE",0.211188776726133,0.190777910463959,0.196380251943518,0.103791566527292
75001,0.12,"Huber",0.146214665240238,0.125068860272664,0.206249403334282,0.0964454823734817
75001,0.12,"L1",0.245567802374104,0.225226013724744,0.348628576529881,0.205223925854882
75001,0.12,"PMM2",0.220386660650922,0.216718490097209,0.222158471010829,0.0671115451843293
75001,0.12,"WPMM2",0.228925691306008,0.229269089845123,0.323259156397034,0.259296384308071
75002,0.12,"W00",0.119055275660204,0.10660031208597,0.111054712049771,0.0362121127750701
75002,0.12,"W10",0.118824996264846,0.106411972249225,0.110983177999331,0.0359863166052461
75002,0.12,"W01",0.11067976658116,0.105172640391595,0.174716632489983,0.135079758318803
75002,0.12,"W11",0.0972420334701452,0.0887069921942372,0.156044318963818,0.111553233049479
75002,0.12,"LSE",0.395928718817426,0.338251009505455,0.542785211706679,0.0862210393845994
75002,0.12,"Huber",0.139236246972959,0.125582056281012,0.135449836095199,0.0346764088386751
75002,0.12,"L1",0.138784884529345,0.124334825212946,0.177897985421407,0.0361288868607521
75002,0.12,"PMM2",0.376013651496355,0.37055635639414,0.376951738193042,0.339151202664911
75002,0.12,"WPMM2",0.0972420355656172,0.0887069764741035,0.156044296266864,0.111553134970769
75003,0.12,"W00",0.264314858808569,0.261909852725178,0.286435422510661,0.282362505171809
75003,0.12,"W10",0.26235879774289,0.260032549469838,0.284619719550242,0.28052597919873
75003,0.12,"W01",0.0975418940720117,0.0953716314185741,0.132311070482526,0.116056417093807
75003,0.12,"W11",0.109898467962326,0.107699921833455,0.145680336883808,0.131878394420832
75003,0.12,"LSE",0.442634758107529,0.403429347574838,0.458317401366252,0.377323927407429
75003,0.12,"Huber",0.279394038985704,0.273436372956245,0.311258292243265,0.299069874676204
75003,0.12,"L1",0.255562197815368,0.257207846032596,0.353301728431529,0.332166121363031
75003,0.12,"PMM2",0.396869258416066,0.387085922600421,0.393296695060995,0.387659920905825
75003,0.12,"WPMM2",0.109898498844382,0.107699955906597,0.145680392027967,0.131878430085891
75004,0.12,"W00",0.0964943380537682,0.0959993682620954,0.131109269394605,0.0861925096704556
75004,0.12,"W10",0.0939496407287072,0.0930858484684758,0.128112556294456,0.0812103882369757
75004,0.12,"W01",0.202528652570235,0.199943767245585,0.22664558992232,0.204293858617963
75004,0.12,"W11",0.182468379822282,0.1810838544656,0.210176465898861,0.186056197966043
75004,0.12,"LSE",0.346712863564587,0.325805527414513,0.406747361778202,0.31894101057581
75004,0.12,"Huber",0.096205097474204,0.0923016594988176,0.133513254104377,0.0474783525535412
75004,0.12,"L1",0.121925801095383,0.114624338027429,0.159091047596844,0.0415555006909315
75004,0.12,"PMM2",0.27041540689359,0.246271779340591,0.250806343928863,0.192741645337095
75004,0.12,"WPMM2",0.18246826789853,0.181083771537078,0.210176252855394,0.186055965439151
75005,0.12,"W00",0.106125483638118,0.0958648566713615,0.161847368060141,0.0246331532460575
75005,0.12,"W10",0.107690735619818,0.0985117376838768,0.16339913493535,0.030899998208027
75005,0.12,"W01",0.180459904701522,0.180509164789394,0.259921530968758,0.214252128561951
75005,0.12,"W11",0.157996757873953,0.155375599874336,0.22995465490336,0.177330900608417
75005,0.12,"LSE",0.38098644998722,0.344813974453702,0.379380715119192,0.284996718458931
75005,0.12,"Huber",0.130256517756101,0.119117144676569,0.170570868014034,0.0537718341779953
75005,0.12,"L1",0.0842803373857953,0.0794521643327336,0.086172665166132,0.00640938440013822
75005,0.12,"PMM2",0.378559987767934,0.343618734824138,0.331292733908576,0.279593670627988
75005,0.12,"WPMM2",0.15799681313287,0.155375651034208,0.22995481453856,0.177331081459786
75006,0.12,"W00",0.0741537416004486,0.0670797004310264,0.0868892923709771,0.00703712387074773
75006,0.12,"W10",0.0712588457496596,0.0634450599013013,0.0885178503595864,0.0216054700559647
75006,0.12,"W01",0.182120199891445,0.178365059146707,0.226161366658856,0.207698273708937
75006,0.12,"W11",0.16883451262941,0.164710257706599,0.211680437045381,0.192341816356316
75006,0.12,"LSE",0.291402104413371,0.275401939856899,0.27612832823058,0.222152895345704
75006,0.12,"Huber",0.0990693880943091,0.0884056823346663,0.0975790052513526,0.0170137186674768
75006,0.12,"L1",0.122771171013298,0.116639279603013,0.198702474115696,0.162298047659233
75006,0.12,"PMM2",0.289527254115357,0.266731486702749,0.255388039876738,0.231983348806975
75006,0.12,"WPMM2",0.168834489427308,0.164710262291812,0.211680507524571,0.192341916059751
75007,0.12,"W00",0.0727000885402166,0.0702051871518998,0.0989626636689244,0.0598981332385286
75007,0.12,"W10",0.083932221941696,0.0814996318060031,0.113251120946936,0.0781465790963536
75007,0.12,"W01",0.0573135452840934,0.052792520480135,0.0691170439321781,0.0191451437039267
75007,0.12,"W11",0.0549237727474292,0.0500797010628514,0.0691491832368865,0.0034772058583542
75007,0.12,"LSE",1.06294996978968,1.02071494874068,1.32200270379352,1.14946981314215
75007,0.12,"Huber",0.135966814542509,0.130099773336884,0.176306866882476,0.123865269551573
75007,0.12,"L1",0.16583990846741,0.157880242257991,0.218154063859007,0.155869893511079
75007,0.12,"PMM2",0.977077955316809,0.922226872914149,1.05333984505108,0.97139261022475
75007,0.12,"WPMM2",0.0549237984332783,0.0500797325660661,0.069149250025902,0.00347744419100965
75008,0.12,"W00",0.308608522338261,0.31147858388098,0.425627390881023,0.405588335540366
75008,0.12,"W10",0.302901639656615,0.305468551157027,0.41834266504248,0.397882554092096
75008,0.12,"W01",0.166995209266491,0.153990942450078,0.230484186713749,0.184263351499128
75008,0.12,"W11",0.176422525099457,0.165367420817267,0.244797725621789,0.202602226945629
75008,0.12,"LSE",0.475151377832055,0.483673389392584,0.682672008719863,0.660277145012109
75008,0.12,"Huber",0.324285005406914,0.327665850183207,0.450040385419741,0.430585744029808
75008,0.12,"L1",0.344131249722586,0.340280735451162,0.46313861404401,0.426666187894672
75008,0.12,"PMM2",0.462535175939147,0.465518840866912,0.587956055044291,0.57324593640758
75008,0.12,"WPMM2",0.176422421437231,0.165367330947274,0.244797602372031,0.202602131607374
75009,0.12,"W00",0.140778019898587,0.124378410492624,0.208824561322154,0.0027177059910552
75009,0.12,"W10",0.141367138824149,0.126092575448357,0.208006245191002,0.00708597766773866
75009,0.12,"W01",0.320642105339869,0.29131132477195,0.329236672398149,0.263882058179875
75009,0.12,"W11",0.297534721002904,0.268888667818691,0.307819277366608,0.237455178126186
75009,0.12,"LSE",0.223866473353686,0.21318385211588,0.311633398076185,0.254378757587992
75009,0.12,"Huber",0.129017450653288,0.112257960586908,0.192031426152272,0.0198052006415329
75009,0.12,"L1",0.169578098506104,0.156836759580793,0.237544028893691,0.0815697357738528
75009,0.12,"PMM2",0.26615429844218,0.245560970831006,0.355823910516812,0.24420098757615
75009,0.12,"WPMM2",0.297534868382412,0.268888807087889,0.307819435631464,0.237455268713231
75010,0.12,"W00",0.17225196300346,0.162927790310698,0.14707973366259,0.0445319576822944
75010,0.12,"W10",0.169924468699758,0.160701505362707,0.146318113472649,0.0412270532724948
75010,0.12,"W01",0.135262408724109,0.122120767179367,0.151110043465552,0.0376070875775927
75010,0.12,"W11",0.136176850190263,0.123398659198417,0.149574406265399,0.0327641622574606
75010,0.12,"LSE",0.294523996661617,0.273011272057694,0.266017891961206,0.205884214584405
75010,0.12,"Huber",0.195225254690471,0.184213994323099,0.156905744555536,0.0791740861755602
75010,0.12,"L1",0.137876079207945,0.129706400442114,0.113677606916025,0.0405058724244975
75010,0.12,"PMM2",0.286688125884036,0.268015105195833,0.221162578871387,0.15268461384596
75010,0.12,"WPMM2",0.136176825171036,0.123398625473864,0.149574436371898,0.0327642742436403
75011,0.12,"W00",0.168551752910701,0.163607605622368,0.202292032435778,0.179880759273576
75011,0.12,"W10",0.172345478904529,0.167522491155528,0.206349999217611,0.184511283905013
75011,0.12,"W01",0.102434959682508,0.096375123763081,0.130835764683892,0.0884099335842346
75011,0.12,"W11",0.110382639186584,0.104244573877596,0.139651427553693,0.101362709446593
75011,0.12,"LSE",0.459957472731759,0.453246014599584,0.563292862763181,0.542102633159389
75011,0.12,"Huber",0.20671829003277,0.202957810586247,0.238861788745352,0.227014900094285
75011,0.12,"L1",0.229183754723036,0.22667835897988,0.300797247049196,0.266747342198678
75011,0.12,"PMM2",0.462585679938049,0.433569986584997,0.420415169200436,0.406298829581062
75011,0.12,"WPMM2",0.110382717204686,0.104244649029515,0.139651522900739,0.101362840553873
75012,0.12,"W00",0.221848029208893,0.208344874441451,0.223143163044399,0.161187089120149
75012,0.12,"W10",0.22483901117832,0.211335516525133,0.225987168402168,0.165043988707878
75012,0.12,"W01",0.110889316140971,0.101343850825874,0.169805731552806,0.0690173484718555
75012,0.12,"W11",0.111926159688149,0.100646575578237,0.160597276010824,0.0424012943025819
75012,0.12,"LSE",0.599998596418195,0.605970575450917,0.844059736898386,0.802597972606573
75012,0.12,"Huber",0.266129543700415,0.254595361558578,0.288860263553579,0.253178453653946
75012,0.12,"L1",0.256607395391565,0.24138159521912,0.282537017873936,0.205683600749101
75012,0.12,"PMM2",0.555545949967389,0.547763055071802,0.637581161802768,0.615236617743345
75012,0.12,"WPMM2",0.111925982800415,0.100646426307283,0.160597187153649,0.0424013162065052
75013,0.12,"W00",0.144761032842254,0.131056050183715,0.163585885350071,0.0282030660213258
75013,0.12,"W10",0.148214153835465,0.134309710224527,0.164767344707548,0.0332779919816538
75013,0.12,"W01",0.115971719011755,0.101119992697228,0.164628944536148,0.0470889973404937
75013,0.12,"W11",0.117024138051736,0.10273837424993,0.162108548770143,0.0357372770792501
75013,0.12,"LSE",0.360478273762047,0.356675906123247,0.418937314171008,0.379944464936753
75013,0.12,"Huber",0.162175896586742,0.147642949316246,0.163687699491887,0.077475272737379
75013,0.12,"L1",0.198492793297505,0.185647787374758,0.235630124462784,0.179033268717374
75013,0.12,"PMM2",0.379532032406863,0.350004636156558,0.327235213726818,0.277096837396317
75013,0.12,"WPMM2",0.117024021400955,0.102738281774893,0.162108339453912,0.0357371795631424
75014,0.12,"W00",0.139926847799733,0.138949002595923,0.185108241934065,0.163011090091769
75014,0.12,"W10",0.140376933968754,0.139412525290343,0.185645237874722,0.163587762509971
75014,0.12,"W01",0.0903781903865261,0.0837937264093327,0.100233139481232,0.0772880455779515
75014,0.12,"W11",0.0667916825968638,0.0615031098769111,0.0809415684659097,0.0486285546975169
75014,0.12,"LSE",0.524279469046513,0.510758686220241,0.669776663165668,0.621753568665194
75014,0.12,"Huber",0.179119924938298,0.17471555705941,0.233559878251366,0.207976122357898
75014,0.12,"L1",0.141392058719594,0.133679206822883,0.155623039530661,0.142084393902582
75014,0.12,"PMM2",0.498565627649756,0.476842162098388,0.540806177534792,0.517941721604218
75014,0.12,"WPMM2",0.0667917526815486,0.0615031871237615,0.0809416249455297,0.048628587822373
75015,0.12,"W00",0.212159359878727,0.21155155336688,0.29964449872189,0.240504918378749
75015,0.12,"W10",0.213672285493063,0.213112981425,0.301724421193201,0.243005483162568
75015,0.12,"W01",0.139400705071627,0.13261565661766,0.175602010659785,0.00392141580879135
75015,0.12,"W11",0.136464629468949,0.130406741602729,0.175613786856404,0.0262809404523774
75015,0.12,"LSE",0.535479382641775,0.51499737078503,0.652219832569952,0.589803480626434
75015,0.12,"Huber",0.250487865557787,0.247636140695558,0.345073829733282,0.280093335425077
75015,0.12,"L1",0.202385323972764,0.206540523458755,0.298795584547178,0.261527705895225
75015,0.12,"PMM2",0.528556305989568,0.508475728075461,0.619670140557598,0.548916818036809
75015,0.12,"WPMM2",0.136464664591389,0.130406771524705,0.17561383920106,0.0262809618799377
75016,0.12,"W00",0.249141147852473,0.219715401254232,0.268909492531179,0.137137598739977
75016,0.12,"W10",0.246100802367026,0.216977166702837,0.267105728241223,0.134015153622504
75016,0.12,"W01",0.140083770396928,0.12599542414393,0.220909363552429,0.0479151847928574
75016,0.12,"W11",0.139003545822714,0.125902623734968,0.218292950442363,0.0203009041919398
75016,0.12,"LSE",0.661223018311816,0.631256378733809,0.793249427598332,0.700277039329393
75016,0.12,"Huber",0.291001598095188,0.259756258770928,0.315929367148006,0.198917934834932
75016,0.12,"L1",0.342028676013421,0.322108070762209,0.41598008226726,0.331873532511798
75016,0.12,"PMM2",0.615550698722124,0.561832021259345,0.628180572982749,0.528290812601375
75016,0.12,"WPMM2",0.139003752350962,0.125902769414582,0.218293253609361,0.020301371896628
75017,0.12,"W00",0.278198948498139,0.267793581679122,0.294158377508309,0.277625978951182
75017,0.12,"W10",0.276865766500246,0.26645575531779,0.292789010849845,0.276184395282446
75017,0.12,"W01",0.106370813135436,0.0956726967831098,0.117326517036251,0.0557324770109973
75017,0.12,"W11",0.120329737864909,0.108504017975418,0.130660488581371,0.0825446318208362
75017,0.12,"LSE",0.621794749295855,0.602710453541081,0.647894585366913,0.625203226553468
75017,0.12,"Huber",0.340838025762507,0.3311523676583,0.371065756857287,0.352887039471322
75017,0.12,"L1",0.2849211587861,0.267985113492242,0.349331643240214,0.300751945484174
75017,0.12,"PMM2",0.615900190479549,0.598269664127479,0.626192451857175,0.607116332571551
75017,0.12,"WPMM2",0.120329654451764,0.108503943487889,0.130660366508823,0.0825445310038993
75018,0.12,"W00",0.2921832601502,0.279232532056189,0.248515825813861,0.134674011527642
75018,0.12,"W10",0.285072677004633,0.272731516040521,0.244390447989924,0.12611989115274
75018,0.12,"W01",0.208448937976382,0.19438875437717,0.29344218608346,0.15852690819674
75018,0.12,"W11",0.200646392060083,0.18366096706258,0.272532160419432,0.129851300715091
75018,0.12,"LSE",0.579435086781207,0.567827685160844,0.569724913730106,0.469296093774739
75018,0.12,"Huber",0.320486606340954,0.308519084722782,0.284050183758456,0.177056031776317
75018,0.12,"L1",0.286699119281479,0.277624315015214,0.257972550700516,0.187849640992403
75018,0.12,"PMM2",0.557576209082888,0.526086825741766,0.461270323758508,0.384188064466198
75018,0.12,"WPMM2",0.200646511442803,0.18366115278826,0.272532415340149,0.129851541207886
75019,0.12,"W00",0.13882957361769,0.12758351600556,0.103162453328179,0.0652556760694716
75019,0.12,"W10",0.131071173183154,0.120738417452637,0.0975987592149992,0.0567865787650254
75019,0.12,"W01",0.09216410827915,0.088497311731486,0.154335974223035,0.128115252203262
75019,0.12,"W11",0.0853135979464102,0.0799536539165466,0.142737270187909,0.114632350029595
75019,0.12,"LSE",0.277005912918592,0.243803407067471,0.266683714978543,0.111800170744182
75019,0.12,"Huber",0.15118463495998,0.136663904599423,0.098195647114936,0.0599525228218522
75019,0.12,"L1",0.116538922035058,0.109211623767825,0.124814625444988,0.0391539205035346
75019,0.12,"PMM2",0.273298526179114,0.265369197383782,0.261328137955125,0.243661651514861
75019,0.12,"WPMM2",0.0853135907853225,0.0799536192906561,0.142737241133265,0.114632288160064
75020,0.12,"W00",0.25651149026019,0.252332552990825,0.328634740763679,0.274643174918427
75020,0.12,"W10",0.25261048032929,0.24879631285311,0.324923307199633,0.270163639038222
75020,0.12,"W01",0.152339114158126,0.150518239335354,0.187544193411081,0.00970541388458723
75020,0.12,"W11",0.147691008019842,0.14508393418684,0.18655919316141,0.0178558860549617
75020,0.12,"LSE",0.650323228438809,0.638679501562252,0.863079851571836,0.728433196418686
75020,0.12,"Huber",0.269440234000734,0.265226034039223,0.348296130051909,0.301588663846754
75020,0.12,"L1",0.243391160015452,0.249403228027491,0.315094257850719,0.265546432453787
75020,0.12,"PMM2",0.613903600901812,0.603710717186475,0.718192849769888,0.69884984253162
75020,0.12,"WPMM2",0.147691098338698,0.145084017555352,0.186559338264003,0.0178560070746042
75021,0.12,"W00",0.18937867054392,0.189351061626719,0.277096036605756,0.244789694691553
75021,0.12,"W10",0.189242015877373,0.189205721304305,0.276927232669724,0.244612287509915
75021,0.12,"W01",0.0837519225711786,0.0684204661094872,0.112910818418132,0.0473328098196862
75021,0.12,"W11",0.0893390415560394,0.0731489016639844,0.131223187573181,0.0761809418640731
75021,0.12,"LSE",0.470553710523472,0.47753827359284,0.682961250328973,0.64881504638045
75021,0.12,"Huber",0.242220488851457,0.243741805377687,0.353965139233847,0.322757637950984
75021,0.12,"L1",0.259279218313558,0.260928675102922,0.394443512895297,0.328801357451476
75021,0.12,"PMM2",0.399817971600666,0.40423700132399,0.498938351480199,0.487380301332133
75021,0.12,"WPMM2",0.0893390425988008,0.0731488996205844,0.131223198031402,0.076180967068715
75022,0.12,"W00",0.0874847589979538,0.0803015546461142,0.113639309443902,0.000683861872519231
75022,0.12,"W10",0.0866273152463627,0.0795200335430527,0.114689718294359,0.0108451740370291
75022,0.12,"W01",0.191504190128562,0.191084197561524,0.222409560411575,0.194681692705919
75022,0.12,"W11",0.16687497211793,0.167318919966323,0.196226725423525,0.165114694843222
75022,0.12,"LSE",0.233890458348915,0.21690754686322,0.23009419476606,0.149360284412155
75022,0.12,"Huber",0.0822844193856445,0.0779003002250738,0.106771579022347,0.00669521977688686
75022,0.12,"L1",0.0817613190526417,0.0747103323184862,0.107523345504987,0.020376491529533
75022,0.12,"PMM2",0.18309195979609,0.175090192180546,0.218559051674001,0.153104920913526
75022,0.12,"WPMM2",0.166874970204792,0.167318946820515,0.196226876240159,0.165114792950317
75023,0.12,"W00",0.225501826447185,0.225401839581422,0.337087930096108,0.285032669383373
75023,0.12,"W10",0.227625416877466,0.227703820299007,0.340050433172139,0.2885970415217
75023,0.12,"W01",0.15779314106922,0.145127057162503,0.209671949868117,0.0909941468354444
75023,0.12,"W11",0.15977634410189,0.14870895798919,0.219659347965196,0.113727572480132
75023,0.12,"LSE",0.403450441450269,0.402631889437335,0.481793484197069,0.460245180310031
75023,0.12,"Huber",0.236104125865052,0.237461451537013,0.343564537001047,0.299860048871681
75023,0.12,"L1",0.213146072292407,0.21268267459943,0.291503196970659,0.228371828762687
75023,0.12,"PMM2",0.402230409860828,0.410764616423389,0.548111464744698,0.516675411049578
75023,0.12,"WPMM2",0.159776241584203,0.148708845849006,0.219659176240331,0.113727460168127
75024,0.12,"W00",0.143446813594391,0.141781903974589,0.189345101216387,0.169064653966539
75024,0.12,"W10",0.140272779892534,0.138585798809896,0.185843279296082,0.165374240665589
75024,0.12,"W01",0.054618359091586,0.0466990806722036,0.0737967735810522,0.01396570681924
75024,0.12,"W11",0.0553519156223922,0.0449105814576107,0.0780449855428689,0.028495259055524
75024,0.12,"LSE",0.336607299137619,0.329682311808611,0.409299865371798,0.383924223922923
75024,0.12,"Huber",0.164868366630207,0.165639508788008,0.215500328413077,0.201065246810168
75024,0.12,"L1",0.098488023498004,0.0971718841410382,0.135133238524508,0.0641978480387495
75024,0.12,"PMM2",0.335685368338646,0.328011885968209,0.372235280578816,0.356223881227316
75024,0.12,"WPMM2",0.0553518984808026,0.0449105721047608,0.0780449427840852,0.0284951828352704
75025,0.12,"W00",0.147209439589256,0.125072659321281,0.211853743618155,0.101408620360037
75025,0.12,"W10",0.147133042942577,0.124979983500767,0.211782080950813,0.101193136613547
75025,0.12,"W01",0.14882237467753,0.131269473553309,0.206957284941635,0.0198026049884247
75025,0.12,"W11",0.141984398394061,0.123591953824314,0.203745083326655,0.00331284284966116
75025,0.12,"LSE",0.259966907605084,0.240443567608559,0.366946084108874,0.277630241789415
75025,0.12,"Huber",0.167006443429876,0.142900583625391,0.242855926850113,0.140635666397291
75025,0.12,"L1",0.192701053056204,0.175810768099649,0.269537227689135,0.0865286484413166
75025,0.12,"PMM2",0.225492454963943,0.212482644550587,0.296150018721307,0.229696007470269
75025,0.12,"WPMM2",0.141984226015416,0.123591792492462,0.203744837664155,0.00331271147236789
75026,0.12,"W00",0.129491596698574,0.119990534099732,0.137493765372563,0.027771684715162
75026,0.12,"W10",0.133527167479952,0.122935363543133,0.138670689453696,0.0320538489969255
75026,0.12,"W01",0.153527338238992,0.152068727726435,0.240781306771012,0.195366987519039
75026,0.12,"W11",0.138007272451989,0.133082798957743,0.216705273646531,0.165215607501318
75026,0.12,"LSE",0.397561368285404,0.352436480198536,0.333169030871186,0.222436157367421
75026,0.12,"Huber",0.161107174284955,0.144699846663663,0.155545245929081,0.0357105149899273
75026,0.12,"L1",0.209144862778866,0.18913906450891,0.262672757561459,0.0161079587415107
75026,0.12,"PMM2",0.374265453640879,0.344627051773523,0.279727906348076,0.250385355298163
75026,0.12,"WPMM2",0.138007196877048,0.133082699644706,0.216705239132327,0.165215666746707
75027,0.12,"W00",0.207561405745545,0.210598921208501,0.298448810481986,0.277120825460644
75027,0.12,"W10",0.210987356016222,0.214146700230354,0.303041643663356,0.281887505548796
75027,0.12,"W01",0.0729568812693422,0.0653206204245142,0.100812625065031,0.0127154300212533
75027,0.12,"W11",0.0659888398148609,0.0568635192447286,0.102295525348256,0.0244508975283436
75027,0.12,"LSE",0.330780064009428,0.33534547275675,0.477395655337408,0.433203770101854
75027,0.12,"Huber",0.215463924947165,0.217369395508118,0.308565191450481,0.282204075752645
75027,0.12,"L1",0.284059682830402,0.290769550924948,0.435433253112138,0.396060376187202
75027,0.12,"PMM2",0.3050213493297,0.303977170046704,0.375556574424399,0.361705304457903
75027,0.12,"WPMM2",0.0659888686536002,0.0568635237845747,0.102295575731384,0.0244510686967857
75028,0.12,"W00",0.305777814636355,0.302242274557064,0.483120413200094,0.420559072819916
75028,0.12,"W10",0.307201824740393,0.303835898527249,0.485140658845087,0.422779249976514
75028,0.12,"W01",0.227569046263144,0.20956468070135,0.362897300638664,0.282772644276927
75028,0.12,"W11",0.236893279781625,0.221730575753213,0.37884993525079,0.302080906342107
75028,0.12,"LSE",0.56833698431867,0.573536572691769,0.851728958970699,0.74971360480139
75028,0.12,"Huber",0.339625484814638,0.336457045204482,0.532804577717394,0.465481431938878
75028,0.12,"L1",0.363336535291511,0.357210405163808,0.598719803984496,0.53928285992113
75028,0.12,"PMM2",0.496014552798416,0.504581328395281,0.694651461701769,0.63669829514095
75028,0.12,"WPMM2",0.23689322699794,0.221730509699422,0.378849832007328,0.302080776247288
75029,0.12,"W00",0.19434915474453,0.173343041670172,0.207335770114062,0.119122712633131
75029,0.12,"W10",0.201212044228436,0.179649755345588,0.21383563157218,0.127366553473431
75029,0.12,"W01",0.121883296875733,0.110820939954157,0.148048723863547,0.020104068366038
75029,0.12,"W11",0.135313520182709,0.121622448007325,0.157067979259569,0.041819286540163
75029,0.12,"LSE",0.281125595056357,0.262658600859502,0.31622328930884,0.276352460595266
75029,0.12,"Huber",0.209955656846878,0.18781653599884,0.229347334664137,0.140790003157906
75029,0.12,"L1",0.26699067190436,0.238962709418098,0.29039300530819,0.157489309063861
75029,0.12,"PMM2",0.266573625683915,0.24684657796576,0.259696829987578,0.221722124051212
75029,0.12,"WPMM2",0.13531361449239,0.121622530438451,0.15706807102708,0.0418194011916063
75030,0.12,"W00",0.240497606282258,0.215041762341835,0.2326062322601,0.180448669025131
75030,0.12,"W10",0.230891187714252,0.205945958786312,0.224010017513041,0.169447362682813
75030,0.12,"W01",0.111861491631331,0.0916167583895774,0.169376893405523,0.0850271492778533
75030,0.12,"W11",0.105983341117168,0.0855312837827261,0.159343912189661,0.0661567512923752
75030,0.12,"LSE",0.533562672546836,0.508913284324814,0.489890697487619,0.450895697179454
75030,0.12,"Huber",0.274242474244209,0.251471297138227,0.261806119971852,0.226481288632705
75030,0.12,"L1",0.18489374564394,0.165741889233452,0.193394657668866,0.00372885667730555
75030,0.12,"PMM2",0.532568987467021,0.486762361819655,0.467912517346523,0.428028114968834
75030,0.12,"WPMM2",0.105983213279059,0.0855311782404201,0.159343721718157,0.066156572772651
75031,0.12,"W00",0.256081051814305,0.232512129420885,0.277792374590717,0.111798259022271
75031,0.12,"W10",0.253352017790964,0.228455767089195,0.280260655758544,0.118453859343541
75031,0.12,"W01",0.248525868628164,0.21201348849017,0.392797839844989,0.303665582836319
75031,0.12,"W11",0.242995395322421,0.204102424184697,0.378756710493145,0.285999416230113
75031,0.12,"LSE",0.378445816328041,0.355406478048497,0.285376044086871,0.0605696333983348
75031,0.12,"Huber",0.255191275770102,0.236568203385097,0.257520896862976,0.0768095747509313
75031,0.12,"L1",0.302094065828771,0.241452944412067,0.434868477565676,0.27164584011002
75031,0.12,"PMM2",0.379224914650388,0.355646751579387,0.273247250044805,0.0316971853228822
75031,0.12,"WPMM2",0.242995382313377,0.204102392416839,0.378756709899494,0.285999444753025
75032,0.12,"W00",0.224359973362786,0.219134850933419,0.261395170355197,0.161130241404253
75032,0.12,"W10",0.219123825291042,0.213431458511377,0.255272531909282,0.151268079939794
75032,0.12,"W01",0.159266543599984,0.149530332000522,0.218087943827027,0.0772079988543465
75032,0.12,"W11",0.158285941886287,0.147912678318849,0.21323074060404,0.0624123247654739
75032,0.12,"LSE",0.308779222464877,0.306108024224538,0.347842161460499,0.305525991053834
75032,0.12,"Huber",0.223348281544367,0.217197854023933,0.258744090260408,0.164320381201351
75032,0.12,"L1",0.211021600745422,0.205852567142626,0.271962587655036,0.153161061975188
75032,0.12,"PMM2",0.309137185249407,0.305640229934368,0.328010748012002,0.248171132843875
75032,0.12,"WPMM2",0.158285906342302,0.147912644797911,0.213230668076246,0.0624122012835444
75033,0.12,"W00",0.0490401686173843,0.0460393659674498,0.0618861139721927,0.0112371844433795
75033,0.12,"W10",0.0487278095592643,0.0459922904303932,0.0622496058242422,0.00603986868144707
75033,0.12,"W01",0.186396338972264,0.176603473388976,0.214115077507748,0.186921768424265
75033,0.12,"W11",0.172829386689229,0.163394955748015,0.199032038103655,0.171594061942652
75033,0.12,"LSE",0.100432430768035,0.102077828570935,0.141761943514132,0.12693965307102
75033,0.12,"Huber",0.0598406371313745,0.0546297315974754,0.0719468467034616,0.0284866195978135
75033,0.12,"L1",0.0991415901635968,0.0891401144501156,0.145936208917934,0.000779581985324684
75033,0.12,"PMM2",0.116628025353822,0.110420039068871,0.133947788649703,0.071505075722159
75033,0.12,"WPMM2",0.17282922439458,0.163394802645681,0.199031792124362,0.171593855855985
75034,0.12,"W00",0.195100181494976,0.193054037602146,0.283991351789775,0.252825425161508
75034,0.12,"W10",0.198921697609591,0.19713087770199,0.28830932195461,0.257364196956169
75034,0.12,"W01",0.187638714010922,0.185002217492617,0.275488122437451,0.243789173431452
75034,0.12,"W11",0.191459760971159,0.189135714324199,0.279858210054313,0.248445346466721
75034,0.12,"LSE",0.694444401860382,0.64191494805761,0.617456585352957,0.0219714579961575
75034,0.12,"Huber",0.251990959672134,0.230646907326488,0.26990252344411,0.213363388238724
75034,0.12,"L1",0.248016199521741,0.236684703088617,0.320898347360463,0.272611471214731
75034,0.12,"PMM2",0.630498454293541,0.562738882682101,0.61048200378575,0.403700668588366
75034,0.12,"WPMM2",0.191460112658078,0.189136092901613,0.279858547136414,0.248445707083659
75035,0.12,"W00",0.238755317337029,0.226441504505265,0.215591896673412,0.00305495581612403
75035,0.12,"W10",0.228838268017759,0.217045413947464,0.214336144283823,0.0151665163827968
75035,0.12,"W01",0.199225652705586,0.187126754060376,0.34175548835951,0.284148420134293
75035,0.12,"W11",0.192113614829352,0.176462868694358,0.327988267010129,0.266638277769626
75035,0.12,"LSE",0.835660393065252,0.845572128873274,1.08121613447188,1.0401048131221
75035,0.12,"Huber",0.268821424023151,0.250447085324294,0.206363689322504,0.0507899572858583
75035,0.12,"L1",0.326395761238365,0.26477440966491,0.481076928364272,0.272135502358152
75035,0.12,"PMM2",0.855976108947241,0.802234759441839,0.671582668533846,0.640415804073909
75035,0.12,"WPMM2",0.192113513568309,0.176462808631122,0.32798812028563,0.26663815772951
75036,0.12,"W00",0.152807209470001,0.139132572668131,0.218257740810654,0.152211189968783
75036,0.12,"W10",0.157419634117629,0.144306765215299,0.224523202486824,0.160836195225742
75036,0.12,"W01",0.110006510657492,0.0975676812802294,0.154708534646311,0.0187322712613301
75036,0.12,"W11",0.112030970835249,0.097169025174884,0.159199929469134,0.0421736709563135
75036,0.12,"LSE",0.501699176867349,0.496675606306484,0.633085909963329,0.595256837099119
75036,0.12,"Huber",0.179367663283717,0.172844266458893,0.263646199510527,0.211292509722324
75036,0.12,"L1",0.222140735377522,0.205172687098771,0.283141974036764,0.200183963109168
75036,0.12,"PMM2",0.480583029264019,0.478514211432996,0.622463061471381,0.560959083410765
75036,0.12,"WPMM2",0.112030988933592,0.0971690479287966,0.159199973094086,0.0421738832120158
75037,0.12,"W00",0.225816864501084,0.200130564382473,0.250490791450501,0.019626809590217
75037,0.12,"W10",0.231286303445422,0.205007041217738,0.252934011248706,0.0255820090522818
75037,0.12,"W01",0.167825019769799,0.146132760128902,0.22863198260559,0.154910133944049
75037,0.12,"W11",0.163406736486709,0.135783263100294,0.219792304179153,0.125133543935769
75037,0.12,"LSE",0.320150333492385,0.283363860979753,0.299923529623404,0.115964166339881
75037,0.12,"Huber",0.217984649354536,0.19303669266435,0.23252481041258,0.0268139024353491
75037,0.12,"L1",0.290298332315324,0.271882243904921,0.303094945278798,0.271914495650921
75037,0.12,"PMM2",0.299217652393804,0.262943477796469,0.259454246488099,0.135846284285358
75037,0.12,"WPMM2",0.163407217184399,0.135783592632303,0.219792988309693,0.125133681263605
75038,0.12,"W00",0.227957617693896,0.228678147680049,0.281038883999472,0.229391676549406
75038,0.12,"W10",0.231898179790655,0.232933439994884,0.285679921495533,0.234999127688737
75038,0.12,"W01",0.15479595702921,0.144399969369543,0.193041100476372,0.104826867815524
75038,0.12,"W11",0.165857785106408,0.157677317270065,0.206580030933199,0.128570083371259
75038,0.12,"LSE",0.37029563186415,0.352760603627421,0.419358781105283,0.270755927905475
75038,0.12,"Huber",0.254705752638984,0.254326096265969,0.300482822193003,0.246689113124714
75038,0.12,"L1",0.293115481538338,0.281062574723505,0.390238270491471,0.320992777758103
75038,0.12,"PMM2",0.324961130646417,0.321766375470057,0.372402204868688,0.329442199883967
75038,0.12,"WPMM2",0.165857673169249,0.157677198760684,0.206579864173085,0.128569836741135
75039,0.12,"W00",0.159299439791909,0.156171017745758,0.147995086775487,0.0985624506739702
75039,0.12,"W10",0.157250733262448,0.154159225914815,0.146373023328528,0.0961839579174898
75039,0.12,"W01",0.100204950328251,0.0942685702006332,0.144849145550824,0.0904866324720879
75039,0.12,"W11",0.0936258809680972,0.0866600357446293,0.133635931313516,0.0722063976571612
75039,0.12,"LSE",0.497740294529681,0.483560943099033,0.563196183568952,0.530237145639888
75039,0.12,"Huber",0.191667369436122,0.188206872068447,0.176365901493209,0.127599399529738
75039,0.12,"L1",0.183749143022607,0.17078200238067,0.208581505267998,0.134062399424901
75039,0.12,"PMM2",0.477046524616306,0.456031242175215,0.427116209691891,0.404860412273527
75039,0.12,"WPMM2",0.09362587350948,0.0866600405741327,0.133635912295228,0.0722063639539026
75040,0.12,"W00",0.235410232033667,0.210660133922026,0.209354817528503,0.113897812308232
75040,0.12,"W10",0.239378384522605,0.214361065763383,0.212310868774057,0.119448400211715
75040,0.12,"W01",0.161076769939769,0.143018640460894,0.181633048661081,0.0234461724518967
75040,0.12,"W11",0.167747506211426,0.149037711508216,0.179370095758599,0.00342727952873212
75040,0.12,"LSE",0.518716251106899,0.487118106610836,0.567251533492097,0.499156134112979
75040,0.12,"Huber",0.266395402717538,0.238488388042917,0.238789170485206,0.168457235957016
75040,0.12,"L1",0.236014902417046,0.213362776159301,0.22586750496296,0.162899312810399
75040,0.12,"PMM2",0.529455995256815,0.494944518694825,0.495336846611595,0.459866538255098
75040,0.12,"WPMM2",0.167747546190663,0.149037744438038,0.179370063702156,0.00342710157611315
75041,0.12,"W00",0.133131898357274,0.125313384094311,0.147857320317724,0.0353160956250148
75041,0.12,"W10",0.134295458810654,0.126413841790406,0.148257906274279,0.0370727562033143
75041,0.12,"W01",0.136555835114051,0.125621802646033,0.209147417950196,0.142245158696266
75041,0.12,"W11",0.126873844104172,0.112206855935395,0.192192023409419,0.11885994558548
75041,0.12,"LSE",0.281502396678409,0.263145991352139,0.282890954940849,0.259159880775598
75041,0.12,"Huber",0.152711207262891,0.138282071499043,0.149769678590578,0.0729068425010257
75041,0.12,"L1",0.150419020462177,0.141791475920448,0.179011188424529,0.153428378344781
75041,0.12,"PMM2",0.284701938969712,0.258893957490776,0.241131745926996,0.180528409335401
75041,0.12,"WPMM2",0.126873752614295,0.112206759688437,0.1921918856633,0.118859848326194
75042,0.12,"W00",0.228958793185032,0.2093467408824,0.297519641361836,0.0510857628750955
75042,0.12,"W10",0.228543139353055,0.208903821617228,0.297235598729918,0.0498981674336251
75042,0.12,"W01",0.224069668424593,0.212564829596026,0.294124033246368,0.0905127385749361
75042,0.12,"W11",0.219782318818411,0.206374194068563,0.29058013819606,0.0735620019111873
75042,0.12,"LSE",0.42106090617759,0.394006037583152,0.459927297418808,0.39858900648299
75042,0.12,"Huber",0.206887268755156,0.194188434937848,0.269576950085038,0.0849344582054584
75042,0.12,"L1",0.194473399946937,0.189850554856874,0.235406923929007,0.0757147709404393
75042,0.12,"PMM2",0.392148878313637,0.355780513613145,0.3747225753504,0.262153127325134
75042,0.12,"WPMM2",0.219782128462687,0.206374089555271,0.290579760465608,0.0735619673183575
75043,0.12,"W00",0.371269995774509,0.35137776748982,0.410134195112393,0.377653738904295
75043,0.12,"W10",0.373358301804979,0.353397504150482,0.412463417162974,0.379963108821133
75043,0.12,"W01",0.205833019495422,0.190117242086415,0.224685857935233,0.18364847920807
75043,0.12,"W11",0.22860007649279,0.212490251211194,0.249778828859522,0.212733011521016
75043,0.12,"LSE",0.510407136942905,0.478321363624895,0.586677906961917,0.512978940586984
75043,0.12,"Huber",0.384960950516255,0.363758178410262,0.429313304163517,0.39200977775071
75043,0.12,"L1",0.374087252400058,0.359150449171707,0.402499017840321,0.369093842769579
75043,0.12,"PMM2",0.478730745663898,0.45437411403914,0.503384149609075,0.479527092499918
75043,0.12,"WPMM2",0.228600115269136,0.212490283496706,0.249778842591036,0.21273301175478
75044,0.12,"W00",0.163586779839788,0.153659625353337,0.231058413828095,0.184750782758558
75044,0.12,"W10",0.169447512050549,0.160132822066113,0.239466951036048,0.194600791778477
75044,0.12,"W01",0.132292932236313,0.119354102124085,0.14285308041546,0.0687031156656708
75044,0.12,"W11",0.115417962115204,0.104078954102026,0.13158285190328,0.0360531577348467
75044,0.12,"LSE",0.544323077742396,0.544778079140527,0.692195960409291,0.625137691992618
75044,0.12,"Huber",0.21312080622199,0.207560680378956,0.293749521852387,0.258669330768098
75044,0.12,"L1",0.228007629133618,0.214265963326425,0.294064325433584,0.234572785574565
75044,0.12,"PMM2",0.454605804089317,0.448131154572135,0.527578906718965,0.506958633467429
75044,0.12,"WPMM2",0.11541794197242,0.104078936484224,0.131582837145477,0.0360531152461901
75045,0.12,"W00",0.165392544806468,0.163314998241357,0.237949540373107,0.206059026918582
75045,0.12,"W10",0.172367780971685,0.170501405786191,0.245376129782101,0.215579437580474
75045,0.12,"W01",0.110691669942267,0.101694449834291,0.164613141796964,0.0819582629479484
75045,0.12,"W11",0.113327389732271,0.10567772972921,0.171011365867932,0.0985241194374644
75045,0.12,"LSE",0.450513431542909,0.422149824209116,0.515723342277878,0.442944895004406
75045,0.12,"Huber",0.205038384215739,0.201871878456299,0.271652117739305,0.250640968329407
75045,0.12,"L1",0.231255153966285,0.214890715686846,0.242344927139298,0.196942113542514
75045,0.12,"PMM2",0.398856356679984,0.402420993057092,0.524371362791649,0.490745032957338
75045,0.12,"WPMM2",0.113327274210374,0.105677618134203,0.171011239851767,0.0985239883968185
75046,0.12,"W00",0.218377543724086,0.196993910566506,0.285825894967848,0.0203222366787413
75046,0.12,"W10",0.218996224203603,0.198132080948539,0.284952869393767,0.0118118438161843
75046,0.12,"W01",0.245064912055952,0.235881078095643,0.349706292875512,0.189105287554404
75046,0.12,"W11",0.235384065453625,0.222133854418497,0.333121619109648,0.159688337498628
75046,0.12,"LSE",0.484210826788131,0.465945492944502,0.593125302037579,0.497412140720146
75046,0.12,"Huber",0.216270622154601,0.198096145030839,0.276707624759649,2.36072573310819e-05
75046,0.12,"L1",0.273071986540267,0.239792289191819,0.370425103895063,0.0442961523216351
75046,0.12,"PMM2",0.40529478274153,0.396001436850922,0.427293753487837,0.339306882359911
75046,0.12,"WPMM2",0.235383967909642,0.222133727497028,0.333121475632537,0.159688148297305
75047,0.12,"W00",0.325163194867173,0.297464738327471,0.488478021995333,0.339375485237965
75047,0.12,"W10",0.325675432953537,0.298090020502762,0.489205768437288,0.340444935498509
75047,0.12,"W01",0.283153901466649,0.244818185346875,0.426002465895927,0.235479815868253
75047,0.12,"W11",0.28860476806359,0.251823534069169,0.43457988126793,0.251891437761804
75047,0.12,"LSE",0.363869703676047,0.341227728502107,0.534957818253585,0.376949482747569
75047,0.12,"Huber",0.327389207714038,0.300857722614853,0.488849771939125,0.33705603143865
75047,0.12,"L1",0.351370581773455,0.322663697802444,0.523919306575646,0.364556238654458
75047,0.12,"PMM2",0.362935152714576,0.342093105858128,0.53471724941068,0.379870490639584
75047,0.12,"WPMM2",0.288604794998797,0.251823562287113,0.43457992697052,0.251891488647424
75048,0.12,"W00",0.265897354764322,0.248310234750012,0.246609679218713,0.231813694746811
75048,0.12,"W10",0.268911450674928,0.251269832870494,0.24962951702894,0.234963431349959
75048,0.12,"W01",0.0748852300269326,0.0672045037753481,0.104306461101576,0.0176214097432068
75048,0.12,"W11",0.0782192684371057,0.0699499329891707,0.0977836574523049,0.0127832994361283
75048,0.12,"LSE",0.551251123345655,0.485558346916109,0.625126563114961,0.273540279084518
75048,0.12,"Huber",0.284074539264828,0.261843771452376,0.24711585783229,0.230279398287717
75048,0.12,"L1",0.2746912093658,0.268543551150574,0.316418233530895,0.293423724493032
75048,0.12,"PMM2",0.520337450999888,0.506332709729851,0.525413295405449,0.506750691436127
75048,0.12,"WPMM2",0.0782192643535135,0.0699499279541136,0.097783573347841,0.0127833948459754
75049,0.12,"W00",0.288178785839997,0.271235966045188,0.29293669798101,0.242642113275426
75049,0.12,"W10",0.286899655172399,0.269989836014052,0.29160623246538,0.241184064322682
75049,0.12,"W01",0.121004289240599,0.109853413995409,0.135746540799556,0.0276230516189323
75049,0.12,"W11",0.137776340509693,0.125781919486553,0.147029150836573,0.0569967086650894
75049,0.12,"LSE",0.446147713258972,0.427172319758425,0.510940371587613,0.444072240591221
75049,0.12,"Huber",0.296218057940847,0.281213341342131,0.306944580574933,0.264368560882537
75049,0.12,"L1",0.262329327527745,0.235018772434479,0.235303926098886,0.195953630496504
75049,0.12,"PMM2",0.433276648526953,0.413766327224294,0.429729780247994,0.395379201192345
75049,0.12,"WPMM2",0.137776564041185,0.12578212157842,0.147029457558457,0.056996802694672
75050,0.12,"W00",0.130023808524292,0.116660150888442,0.155061966082597,0.0934993921366242
75050,0.12,"W10",0.139005672111477,0.124920239196455,0.162060004273155,0.103406861194103
75050,0.12,"W01",0.0745179413277714,0.0660801784482602,0.11451358271587,0.0103046536379695
75050,0.12,"W11",0.0748508343454771,0.06765889172859,0.115670923205996,0.00892802998266318
75050,0.12,"LSE",0.383594688755874,0.380939226039048,0.409742107220428,0.342586436426486
75050,0.12,"Huber",0.155481440012108,0.140897649774557,0.176738790590366,0.130326064451016
75050,0.12,"L1",0.200400123883546,0.178954191346833,0.180952905974842,0.129501189714847
75050,0.12,"PMM2",0.358757591484256,0.327058531153986,0.328027806780473,0.289193057992447
75050,0.12,"WPMM2",0.0748508127863697,0.0676588766339172,0.115670896612451,0.00892806740404684
75051,0.12,"W00",0.107713685299869,0.103652117488987,0.101424160954716,0.0062882984355706
75051,0.12,"W10",0.109575338805722,0.105501365273379,0.101858067890529,0.00837081136848133
75051,0.12,"W01",0.0813924390200762,0.0727799301907232,0.11813861205183,0.0704398920413024
75051,0.12,"W11",0.0808999498364923,0.0710592407049361,0.113403761387477,0.0613709557610987
75051,0.12,"LSE",0.470045126731303,0.467094568048015,0.634653100932183,0.54496079027979
75051,0.12,"Huber",0.124783412767789,0.118381513595359,0.115542412925633,0.0452462259846563
75051,0.12,"L1",0.109368039046804,0.100173230829938,0.121504253796871,0.0380385387078712
75051,0.12,"PMM2",0.421745499302183,0.407603812809715,0.407475618943961,0.39404487704323
75051,0.12,"WPMM2",0.0808999565346077,0.0710592942435529,0.113403760832635,0.0613709135137823
75052,0.12,"W00",0.207086082515792,0.20405567063965,0.19301337466082,0.146255025920384
75052,0.12,"W10",0.188288914474919,0.186161484852736,0.178409184775643,0.12487006073029
75052,0.12,"W01",0.129041686864117,0.126045514127549,0.162311055049436,0.0570681511994322
75052,0.12,"W11",0.127014845907823,0.124327078955791,0.157708962883545,0.0490646499188931
75052,0.12,"LSE",0.399475362544565,0.37870991169657,0.437485072188383,0.367324629082303
75052,0.12,"Huber",0.226581989245639,0.223992006077021,0.223337175100289,0.181521808619625
75052,0.12,"L1",0.256400533191144,0.245356737590277,0.296224607202147,0.0321987593657784
75052,0.12,"PMM2",0.397224594505218,0.386970306751428,0.372482531676836,0.335256007989632
75052,0.12,"WPMM2",0.127015194184516,0.124327344297752,0.157709385650239,0.0490646531956093
75053,0.12,"W00",0.197541331064957,0.194174779071696,0.232476313594404,0.221904324158858
75053,0.12,"W10",0.199443512817139,0.196034211613717,0.234371962813142,0.223834845267796
75053,0.12,"W01",0.062979111928448,0.0565678220170191,0.0901985526555259,0.0672869097956652
75053,0.12,"W11",0.0752453251839503,0.0707892755752824,0.104289603094139,0.0850549961665384
75053,0.12,"LSE",0.418436941783466,0.377859498083452,0.425784476706736,0.219929915774202
75053,0.12,"Huber",0.212139739300779,0.197330743407941,0.215127401205816,0.192487886043502
75053,0.12,"L1",0.240690270205931,0.233592961173678,0.303149303631573,0.277102263096452
75053,0.12,"PMM2",0.40996973796069,0.401697147151365,0.478101491344317,0.462330089234097
75053,0.12,"WPMM2",0.0752453942715871,0.0707893537421468,0.104289730161344,0.0850551551747374
75054,0.12,"W00",0.142860159948854,0.133701876949705,0.141011282935635,0.000223600399863355
75054,0.12,"W10",0.138471598018669,0.128747931013075,0.141613478166867,0.00776042783498765
75054,0.12,"W01",0.163227228395071,0.156988976382676,0.251863837251352,0.200445436904261
75054,0.12,"W11",0.15411001822426,0.144884977279601,0.237002862157336,0.181876314752947
75054,0.12,"LSE",0.374388932431744,0.337363307186752,0.366569194690053,0.238237192264178
75054,0.12,"Huber",0.162976359604286,0.152886092577083,0.159755529202991,0.00589556765174382
75054,0.12,"L1",0.180369006600583,0.152472791987597,0.23483396827961,0.10494314812046
75054,0.12,"PMM2",0.381936682161792,0.350551778157968,0.287039490553768,0.249750215195515
75054,0.12,"WPMM2",0.154110082370765,0.144885050736851,0.237002954042239,0.18187640465668
75055,0.12,"W00",0.160822781848506,0.152797443246163,0.221999758037443,0.123998548979238
75055,0.12,"W10",0.158631729992732,0.150663570432181,0.219105687067161,0.118049873893977
75055,0.12,"W01",0.178407144062227,0.16117454341598,0.201728907948605,0.0348258185117853
75055,0.12,"W11",0.172581006408293,0.156156860915281,0.199001012890829,0.0241008147530527
75055,0.12,"LSE",0.33533117306555,0.316027693635992,0.439688752094471,0.360275140085182
75055,0.12,"Huber",0.173876080282028,0.163382294026535,0.233281332328266,0.140892432171028
75055,0.12,"L1",0.180232188262499,0.181737136844023,0.237814819879585,0.153754322337975
75055,0.12,"PMM2",0.316394707572055,0.306915015812686,0.413175183618446,0.374461150337311
75055,0.12,"WPMM2",0.172581372602524,0.156157200443334,0.19900128140717,0.0241006015976485
75056,0.12,"W00",0.136355911511759,0.122836111597665,0.154373720393442,0.0659345521740866
75056,0.12,"W10",0.13402292414532,0.120752523203424,0.15296549622407,0.0618324103950934
75056,0.12,"W01",0.111312311038028,0.102855999070542,0.156357979504093,0.0463788149488982
75056,0.12,"W11",0.109686046755838,0.101673947596262,0.153875745368599,0.0401180967743839
75056,0.12,"LSE",0.179228504989022,0.163569642440113,0.202803701445929,0.137687687196419
75056,0.12,"Huber",0.131881142608608,0.118634012864908,0.145185640934998,0.062308549472219
75056,0.12,"L1",0.112752683634022,0.0996771336464256,0.128590081279649,0.00127095950299383
75056,0.12,"PMM2",0.187710095174777,0.171830644799076,0.20963343141887,0.126701783341912
75056,0.12,"WPMM2",0.109686073114412,0.101673971869659,0.153875785916634,0.0401181146666931
75057,0.12,"W00",0.207284847698973,0.205458495448709,0.232890426150503,0.20172277620575
75057,0.12,"W10",0.206664168300041,0.204856257795215,0.23236572763386,0.201109107423091
75057,0.12,"W01",0.109061368463867,0.100919361135777,0.148534449669845,0.0864910332497002
75057,0.12,"W11",0.116966898030826,0.111123570208591,0.15571218110889,0.100841254981693
75057,0.12,"LSE",0.392270058169727,0.381230701837269,0.45709720260932,0.409239606974796
75057,0.12,"Huber",0.222716002046298,0.21827898736028,0.250423887307657,0.224792802520333
75057,0.12,"L1",0.195214120539801,0.186230046176462,0.235505978323017,0.209764024045141
75057,0.12,"PMM2",0.394607926780246,0.372948823486514,0.384875551037854,0.344692798042426
75057,0.12,"WPMM2",0.116966949366382,0.11112360924869,0.155712208305444,0.100841136646924
75058,0.12,"W00",0.220444183878618,0.194528734056231,0.235349750924229,0.127156141835542
75058,0.12,"W10",0.217870028554716,0.192185007504561,0.233440391471955,0.124105814907947
75058,0.12,"W01",0.152067395183507,0.136821542166187,0.187732977388661,0.0265094918935124
75058,0.12,"W11",0.157871448874625,0.141241337679478,0.1917076429332,0.0389474078313443
75058,0.12,"LSE",0.310556107289569,0.277361584165565,0.281594019724599,0.175715343534105
75058,0.12,"Huber",0.225276752111472,0.198540246654872,0.224166645569056,0.141765247506071
75058,0.12,"L1",0.180956050476545,0.158731508991313,0.199739262656989,0.0800458596031112
75058,0.12,"PMM2",0.297176860097587,0.263046574938154,0.269744284632616,0.203053195511539
75058,0.12,"WPMM2",0.15787121063862,0.141241138301215,0.191707336226224,0.0389472566757905
75059,0.12,"W00",0.1207444933451,0.113977796239524,0.167481423663697,0.132707446013104
75059,0.12,"W10",0.123138547341159,0.116317357485332,0.169576702944216,0.135760502107017
75059,0.12,"W01",0.0826029882157993,0.0771756862362282,0.125562537394525,0.0348100254421279
75059,0.12,"W11",0.0812249620029713,0.0764002432957002,0.127213161091883,0.0474328707263761
75059,0.12,"LSE",0.251621242560073,0.248936670334283,0.302106875289512,0.215540132819046
75059,0.12,"Huber",0.122884431103635,0.117211214587463,0.161607710366409,0.133614809809635
75059,0.12,"L1",0.140348803463614,0.138903500596982,0.165223328638483,0.108431465095648
75059,0.12,"PMM2",0.226694090282141,0.220254098753572,0.291887128843892,0.265662668478845
75059,0.12,"WPMM2",0.0812249309452554,0.0764002139995839,0.12721311736772,0.0474328648990113
75060,0.12,"W00",0.229651222870624,0.204224633440053,0.267452718377213,0.109567576057926
75060,0.12,"W10",0.223523402072058,0.199001974575148,0.26518400758938,0.103277659177467
75060,0.12,"W01",0.184036813019536,0.157047597510812,0.268928015521407,0.0905378535051047
75060,0.12,"W11",0.177375407547775,0.150052676433304,0.262274252977778,0.0719894145833355
75060,0.12,"LSE",0.521764548160418,0.489741549320432,0.567373717729548,0.0399842460970692
75060,0.12,"Huber",0.257303727456786,0.229791512214227,0.249782200917877,0.100468318128281
75060,0.12,"L1",0.212764144834366,0.19501996021984,0.231074470121425,0.121382565384831
75060,0.12,"PMM2",0.609662244743757,0.563066351273687,0.810333164822157,0.511196834978963
75060,0.12,"WPMM2",0.177375424700587,0.150052685617081,0.262274283291931,0.0719894834880386
75061,0.12,"W00",0.313149900122501,0.317514491121698,0.501692303617179,0.44975676399062
75061,0.12,"W10",0.305292727223863,0.308841825805496,0.491681161618259,0.438822877904661
75061,0.12,"W01",0.224168148946833,0.20795352217187,0.36809256564831,0.295165621507755
75061,0.12,"W11",0.227970207395632,0.213600570034144,0.375854412775108,0.305042436292494
75061,0.12,"LSE",0.617047939720631,0.625972319761892,0.81966507122627,0.79261930861444
75061,0.12,"Huber",0.349702711958548,0.356561961898126,0.557716401996878,0.515164717018026
75061,0.12,"L1",0.305865155002756,0.308079816598384,0.520239364514048,0.47125202957428
75061,0.12,"PMM2",0.608902215226959,0.61841005766174,0.844044042609914,0.798030125715651
75061,0.12,"WPMM2",0.227970176410374,0.213600550688704,0.375854220404828,0.305042210748577
75062,0.12,"W00",0.150388971145281,0.127044384305957,0.242572346855793,0.185700400423654
75062,0.12,"W10",0.146616929629417,0.121415046347673,0.230435369413759,0.168811658024786
75062,0.12,"W01",0.216436330474417,0.213360806816823,0.363311735636644,0.326434968567921
75062,0.12,"W11",0.199833708491425,0.193977164026489,0.338425961969106,0.299548795605802
75062,0.12,"LSE",0.152809580942767,0.137258471147788,0.131801165585903,0.0607408655440283
75062,0.12,"Huber",0.134883936093532,0.110966651119669,0.208216776772297,0.149393587405416
75062,0.12,"L1",0.174518089792093,0.146595763233687,0.221709691841378,0.104251511026981
75062,0.12,"PMM2",0.149344917910048,0.137644090851917,0.156002935570186,0.0398547915458037
75062,0.12,"WPMM2",0.199833337645285,0.193976685631692,0.338425424047559,0.299548178478247
75063,0.12,"W00",0.107653036706269,0.10712912094922,0.140362578514103,0.128875804888251
75063,0.12,"W10",0.101272663954317,0.100942150229218,0.134158333638882,0.122049892305361
75063,0.12,"W01",0.0917055020160218,0.0894755088641623,0.102797887484248,0.0619265038787267
75063,0.12,"W11",0.0804874169187595,0.0793181219369743,0.093849027571673,0.0475255856158626
75063,0.12,"LSE",0.399030338836209,0.360927310441982,0.284268243407627,0.20851567959269
75063,0.12,"Huber",0.141743759020554,0.141571115383974,0.15261829541518,0.146186501842159
75063,0.12,"L1",0.0931127372261087,0.0924805797934561,0.128390403687618,0.101812149224264
75063,0.12,"PMM2",0.383139978545078,0.37803980873257,0.412357712045697,0.402878764669556
75063,0.12,"WPMM2",0.080487349431762,0.0793180819134005,0.0938490289784811,0.047525528394772
75064,0.12,"W00",0.319176912023713,0.29789864441321,0.382683447302157,0.276042004526319
75064,0.12,"W10",0.322380210397901,0.300990497485762,0.385742110106263,0.280037116153813
75064,0.12,"W01",0.182430542553279,0.169039735825438,0.256805899030725,0.0518914955486435
75064,0.12,"W11",0.192769518240079,0.177489666507276,0.265157452691872,0.0801186776847914
75064,0.12,"LSE",0.644117681094941,0.624181766860592,0.752545302731569,0.638355309276752
75064,0.12,"Huber",0.34245190275859,0.318840227098362,0.402544331825086,0.295749429947695
75064,0.12,"L1",0.379450645227238,0.365520905301482,0.513315586597035,0.389963448107121
75064,0.12,"PMM2",0.600128129398673,0.571145231395758,0.678981058547296,0.613875093573487
75064,0.12,"WPMM2",0.192769549897484,0.177489683210607,0.265157474507703,0.0801186200110883
75065,0.12,"W00",0.162784740971844,0.145066989317744,0.220749029226874,0.105781293422521
75065,0.12,"W10",0.164696275383067,0.146984243257776,0.222697690287661,0.110112477664821
75065,0.12,"W01",0.198406865128727,0.177961535013461,0.224672778229591,0.106537097709695
75065,0.12,"W11",0.178250679091465,0.160761533043287,0.21396429920202,0.078995894152534
75065,0.12,"LSE",0.270887941956894,0.262217290779201,0.358800928571985,0.294692171813402
75065,0.12,"Huber",0.167718778626936,0.149796549565899,0.227314688130824,0.114133222464445
75065,0.12,"L1",0.226599624821264,0.203457069298957,0.297944965863119,0.131354209409333
75065,0.12,"PMM2",0.250889905044044,0.236943623737161,0.304166680753218,0.243204466336745
75065,0.12,"WPMM2",0.178250723724595,0.160761587542089,0.213964538806857,0.0789961924418485
75066,0.12,"W00",0.0781787338196028,0.0741447625468314,0.115984805360577,0.0929084560594332
75066,0.12,"W10",0.0798132270874813,0.0758998173037181,0.118008789446,0.0951582433907449
75066,0.12,"W01",0.0993659234255519,0.0885864858094132,0.0772565215314631,0.0589193414243347
75066,0.12,"W11",0.0836110086791227,0.0738417185186504,0.0671581000109602,0.0421881580988953
75066,0.12,"LSE",0.53042765161389,0.519356615824334,0.59361727565123,0.506042114206582
75066,0.12,"Huber",0.111701708510066,0.111302690336473,0.14041392052948,0.130853689884278
75066,0.12,"L1",0.108767100135711,0.10101905098455,0.159182676415506,0.106387302506398
75066,0.12,"PMM2",0.509427686293573,0.503230087086845,0.546263235886867,0.541829012132629
75066,0.12,"WPMM2",0.0836109988511442,0.0738417007785973,0.0671580913104424,0.0421880815479828
75067,0.12,"W00",0.113786622398899,0.107031600540214,0.131019201410751,0.0112101191671711
75067,0.12,"W10",0.109623374995064,0.101782502006751,0.129012113522563,0.00317127664344413
75067,0.12,"W01",0.19155441529026,0.193020620778913,0.25841590779873,0.239504527666639
75067,0.12,"W11",0.164155534144855,0.166410998352883,0.230950083247512,0.209106343583305
75067,0.12,"LSE",0.238644137170632,0.232993821061796,0.264845152939819,0.160790485558498
75067,0.12,"Huber",0.126452649864578,0.116975303421998,0.151982673727184,0.00945379885691283
75067,0.12,"L1",0.155938188887113,0.131629812893784,0.221251474176445,0.0923603772150183
75067,0.12,"PMM2",0.245123180703779,0.230306025205024,0.214213119482302,0.188146798618085
75067,0.12,"WPMM2",0.164155507856551,0.166410978257008,0.230950094992049,0.209106328303874
75068,0.12,"W00",0.224702581442087,0.199886726108063,0.303655954455004,0.0602696427420789
75068,0.12,"W10",0.229694642351464,0.203845729649619,0.305635184895302,0.0689216970876136
75068,0.12,"W01",0.210044091997471,0.184268876364875,0.30398287926853,0.0643120479247123
75068,0.12,"W11",0.205953526526889,0.181445486861347,0.301028538092232,0.0418971472892432
75068,0.12,"LSE",0.487416905064891,0.457853533106037,0.552763981501598,0.4622751013229
75068,0.12,"Huber",0.261693243084133,0.231211281247008,0.327143663424894,0.116377051937901
75068,0.12,"L1",0.308291339490394,0.275403868457262,0.378375987582323,0.220380362565923
75068,0.12,"PMM2",0.457858034757954,0.421066405729091,0.458522724583377,0.38744943448477
75068,0.12,"WPMM2",0.20595350784825,0.181445477162608,0.301028500661176,0.04189712773932
75069,0.12,"W00",0.266332144679685,0.240794783255283,0.322321437309281,0.0370816004016676
75069,0.12,"W10",0.266931106280711,0.241309696148396,0.322426424854366,0.0384635840012965
75069,0.12,"W01",0.237419080176085,0.218406587797654,0.341172771835841,0.0983579529168016
75069,0.12,"W11",0.23694750746892,0.217920117764698,0.336606303154914,0.0841795834164384
75069,0.12,"LSE",0.390145599698916,0.358003802243257,0.395252826738922,0.288906817927462
75069,0.12,"Huber",0.282741747721347,0.255092044409641,0.324527611897941,0.0808540008695672
75069,0.12,"L1",0.284443840249248,0.259905917919363,0.318406271289186,0.0931845909132076
75069,0.12,"PMM2",0.388491881481342,0.350869859703561,0.385663272066189,0.201985783422454
75069,0.12,"WPMM2",0.236947491054251,0.217920102827293,0.336606241562768,0.0841794707446052
75070,0.12,"W00",0.194011555730082,0.192092754748654,0.297712136069277,0.259778792648363
75070,0.12,"W10",0.19708868134693,0.195406503017683,0.301325830329771,0.263596234204672
75070,0.12,"W01",0.112266966586657,0.093156313465706,0.179328311549713,0.12577378728281
75070,0.12,"W11",0.118307740961351,0.101742366183323,0.19243984902676,0.14236396286266
75070,0.12,"LSE",0.700345140269156,0.644356819649322,0.858159459650421,0.620915843274767
75070,0.12,"Huber",0.218281827393472,0.216830655149662,0.320917082030066,0.286865012820679
75070,0.12,"L1",0.200160707172729,0.201040689161411,0.282045253240119,0.252772743196199
75070,0.12,"PMM2",0.598707975874611,0.595488123903272,0.733831796942536,0.706894302410675
75070,0.12,"WPMM2",0.118307688080457,0.101742319741136,0.192439756618732,0.142363892796516
75071,0.12,"W00",0.0335019243098389,0.0269740353979778,0.0526309767997222,0.0201879888017458
75071,0.12,"W10",0.0331508088948351,0.0269837894608019,0.0513249635824547,0.0166346210452578
75071,0.12,"W01",0.175012724832915,0.175873956056225,0.221675041742861,0.214564014619999
75071,0.12,"W11",0.150559043551186,0.151672477210428,0.196902587618248,0.188905117974796
75071,0.12,"LSE",0.636872617362052,0.649484703415789,0.935191186080242,0.897166304009015
75071,0.12,"Huber",0.0741912398227422,0.0688749887943137,0.0882927616031277,0.06471156752661
75071,0.12,"L1",0.116562755979823,0.101470227391924,0.166509155218241,0.0286120571035693
75071,0.12,"PMM2",0.580539832856557,0.5624254314664,0.629213744530881,0.606118920353703
75071,0.12,"WPMM2",0.150559035144399,0.151672468133421,0.196902545635255,0.188905087518786
75072,0.12,"W00",0.143608313255617,0.12963249510266,0.157160602343317,0.00492803850707041
75072,0.12,"W10",0.143004666906847,0.12893408545104,0.157091055243785,0.00402998937426119
75072,0.12,"W01",0.124065274799994,0.108970198492662,0.176472761526826,0.0802924765446588
75072,0.12,"W11",0.122340552613801,0.106582899775882,0.171686032904743,0.0696383487320088
75072,0.12,"LSE",0.401206947619027,0.379042651655025,0.422565026617213,0.397065989572921
75072,0.12,"Huber",0.188939987459497,0.171357152217406,0.179150124143862,0.0849375474231867
75072,0.12,"L1",0.215977933615501,0.195652537372796,0.254536327621325,0.0466419877127315
75072,0.12,"PMM2",0.393637830714126,0.360317527374341,0.314563014384653,0.274050576634155
75072,0.12,"WPMM2",0.122340725778121,0.106583225319383,0.171686300468712,0.0696384600671252
75073,0.12,"W00",0.224436182270342,0.217171932875763,0.247100691794602,0.0840643820425581
75073,0.12,"W10",0.222740475624551,0.215488707879509,0.245871786960168,0.0813137060106131
75073,0.12,"W01",0.176703057853113,0.164551539404056,0.223370009792572,0.0412929367499365
75073,0.12,"W11",0.176289916307919,0.16494594001573,0.220444326480874,0.0253686006921628
75073,0.12,"LSE",0.294065425047558,0.273503701442651,0.305521732382208,0.15019647049309
75073,0.12,"Huber",0.217147076493735,0.210961133950804,0.241634559037308,0.102516241159301
75073,0.12,"L1",0.196094249634906,0.194404733296648,0.243262344797377,0.148629097125537
75073,0.12,"PMM2",0.284769806021,0.276644887458253,0.296881026659733,0.167274585206451
75073,0.12,"WPMM2",0.176289957434624,0.164945970314729,0.220444398346296,0.0253688962406422
75074,0.12,"W00",0.260385442600418,0.247629678854836,0.348461760358035,0.28810601819945
75074,0.12,"W10",0.255823729672135,0.243033098720007,0.342732681826882,0.281150789164344
75074,0.12,"W01",0.156428169582999,0.148028650008066,0.226555252008345,0.100414659832565
75074,0.12,"W11",0.160845176053146,0.151851680287432,0.231214329724485,0.111263602996724
75074,0.12,"LSE",0.696827289550841,0.622426745978484,0.774871470423726,0.31558009454315
75074,0.12,"Huber",0.300145343189507,0.279745818902422,0.358618188001368,0.296692366108212
75074,0.12,"L1",0.276535568340407,0.25043592425532,0.291353219678878,0.125113448023047
75074,0.12,"PMM2",1.69269302700218,1.39344743982903,2.44133105133478,1.41569842962874
75074,0.12,"WPMM2",0.160845203258825,0.151851700114401,0.231214344053769,0.11126364874636
75075,0.12,"W00",0.137587568421837,0.127533762903865,0.162894571621218,0.0511693593424211
75075,0.12,"W10",0.137494233222781,0.127430223555862,0.162832545039154,0.0509936761368627
75075,0.12,"W01",0.130405547475559,0.126222077330646,0.183048179230732,0.105201115341957
75075,0.12,"W11",0.123461654558205,0.118063020820821,0.172697721551769,0.0841732443440204
75075,0.12,"LSE",0.445679466218058,0.434374203066348,0.461436866136646,0.415566998876382
75075,0.12,"Huber",0.159827460241686,0.14714937321389,0.177633314166322,0.102293487431778
75075,0.12,"L1",0.147858259761938,0.137641101266832,0.208815156153891,0.0719946799567337
75075,0.12,"PMM2",0.462025804985107,0.435635543723323,0.428921834656453,0.395590223306137
75075,0.12,"WPMM2",0.123461589285101,0.118062973168312,0.172697654157904,0.0841734013899907
75076,0.12,"W00",0.210760945908906,0.209451367205481,0.316041444705657,0.288716325689934
75076,0.12,"W10",0.201578402852319,0.199137182827334,0.304165270818418,0.27582406820962
75076,0.12,"W01",0.130141723733431,0.10720856267479,0.156958255448564,0.0604784876364491
75076,0.12,"W11",0.127925560627032,0.102569374882354,0.161479298353548,0.0748911173958474
75076,0.12,"LSE",0.636685552511306,0.595657935028175,0.803578498012234,0.56648536399529
75076,0.12,"Huber",0.222688164975288,0.222662496237004,0.331774026076764,0.305828005943081
75076,0.12,"L1",0.176155155420786,0.161623810575398,0.285616706961532,0.236382617782628
75076,0.12,"PMM2",0.517797474154698,0.522398235756522,0.693137662970478,0.666420869826488
75076,0.12,"WPMM2",0.127925240264903,0.102569147743658,0.161478789844124,0.0748907916859859
75077,0.12,"W00",0.172989442126893,0.173264579470319,0.208550046550192,0.146225517349417
75077,0.12,"W10",0.1681369484892,0.167846536791928,0.203898212017354,0.138140370021917
75077,0.12,"W01",0.131469770258222,0.114632492175383,0.182190996295327,0.0230724670799379
75077,0.12,"W11",0.129977146663918,0.112123025044124,0.179209010959304,0.0120308554306124
75077,0.12,"LSE",0.483035231437251,0.486903481741296,0.618427050459982,0.518113577019708
75077,0.12,"Huber",0.205647147892855,0.210209395652355,0.251618778001699,0.185298418859107
75077,0.12,"L1",0.199850746676134,0.181898367278012,0.273934317266158,0.14429696023425
75077,0.12,"PMM2",0.420333142237099,0.4197198081614,0.491069979217748,0.45809510495121
75077,0.12,"WPMM2",0.129977220544489,0.112123091003801,0.179209118959893,0.0120309219144584
75078,0.12,"W00",0.171546825202577,0.154657028098799,0.160668078783417,0.120774498266499
75078,0.12,"W10",0.174262155452774,0.157269916666214,0.163222388984918,0.124219752094654
75078,0.12,"W01",0.0980615824145537,0.0889404831410658,0.123045930088513,0.0496094122816619
75078,0.12,"W11",0.0949795893706141,0.086845518177566,0.116587201149674,0.0319739292710353
75078,0.12,"LSE",0.442704050918125,0.432449155648392,0.514571539927176,0.494005067944829
75078,0.12,"Huber",0.215614406817775,0.20139918001429,0.225428192881829,0.200112270825892
75078,0.12,"L1",0.261177140504429,0.24201485022383,0.317698301946228,0.255662366359737
75078,0.12,"PMM2",0.425095437005135,0.408276316211404,0.430905462896142,0.421203076641243
75078,0.12,"WPMM2",0.0949795695391729,0.0868455344715144,0.116587202851878,0.0319738691578914
75079,0.12,"W00",0.160240937369878,0.139337024589068,0.228491645723117,0.0601381783577687
75079,0.12,"W10",0.160116882565784,0.139526125981089,0.227972946975653,0.0570297895240695
75079,0.12,"W01",0.249695772738765,0.239835427803773,0.35536165085258,0.292167432465593
75079,0.12,"W11",0.230278983382891,0.217491036910994,0.330290955468038,0.26043240465242
75079,0.12,"LSE",0.375431170336483,0.337068234710614,0.39245325860035,0.0956942814570858
75079,0.12,"Huber",0.161934327542505,0.143618853297483,0.22574919581763,0.047421742533602
75079,0.12,"L1",0.187370385280865,0.161635440206484,0.260341084329554,0.102389667994911
75079,0.12,"PMM2",0.383549643245512,0.348756484086465,0.412429438300083,0.290194950532441
75079,0.12,"WPMM2",0.230278955297383,0.217491004368749,0.330290916499199,0.260432353884312
75080,0.12,"W00",0.203131030994656,0.173721139761077,0.272851004166649,0.138103800941433
75080,0.12,"W10",0.204262177131588,0.17641388038327,0.26812645473493,0.127077955310387
75080,0.12,"W01",0.251016416201875,0.235401561691371,0.425259472756843,0.358294086415301
75080,0.12,"W11",0.237185051636188,0.216709747655768,0.398571102670983,0.32662575451934
75080,0.12,"LSE",0.688646947372293,0.630630639885228,0.65614694211653,0.579666989526832
75080,0.12,"Huber",0.208490595537712,0.189340821895917,0.240870671960991,0.0648125646231748
75080,0.12,"L1",0.23625947204216,0.216130498188335,0.261222872677272,0.00510224872718412
75080,0.12,"PMM2",0.685587034590267,0.629603012866364,0.539561822043199,0.489503596824671
75080,0.12,"WPMM2",0.237184803516,0.216709573521509,0.398570697494456,0.326625512471897
75081,0.12,"W00",0.132022573300923,0.124721737753724,0.159676654375075,0.131153470621561
75081,0.12,"W10",0.133820341653324,0.12653576993132,0.161364722774651,0.133300954365689
75081,0.12,"W01",0.0797735616922588,0.0721887391004883,0.109536339829416,0.0194413758306662
75081,0.12,"W11",0.070492412115764,0.0648118792949503,0.104807261267461,0.000551848479012684
75081,0.12,"LSE",0.260981540739181,0.254772945432738,0.351254466114941,0.316486322852387
75081,0.12,"Huber",0.139367163232289,0.132492190701418,0.183903469632696,0.150563558352227
75081,0.12,"L1",0.140735810989888,0.142853496151662,0.16708133270842,0.119787122071836
75081,0.12,"PMM2",0.260721870792899,0.248162562673035,0.28709374053043,0.26161308210359
75081,0.12,"WPMM2",0.0704924958235075,0.0648119633179852,0.104807300523512,0.00055160557902928
75082,0.12,"W00",0.277942211379334,0.282380445592656,0.412000946714437,0.396301939828901
75082,0.12,"W10",0.27608606182098,0.280493105142657,0.4098207190734,0.394060594316815
75082,0.12,"W01",0.197442791326519,0.199049363923503,0.313178654763361,0.293460003053483
75082,0.12,"W11",0.206581458527604,0.208771067557884,0.324877254623379,0.305907933754196
75082,0.12,"LSE",0.413033324406645,0.420742051901956,0.608372504569479,0.577594253019164
75082,0.12,"Huber",0.303048255133017,0.308083448180226,0.441221202492907,0.427370014567952
75082,0.12,"L1",0.276386241297085,0.280050413680553,0.41563011884011,0.391973141770382
75082,0.12,"PMM2",0.390557590385841,0.396617185664471,0.541359871945573,0.524488427290814
75082,0.12,"WPMM2",0.206581337590229,0.208770935225025,0.32487712807005,0.305907780660661
75083,0.12,"W00",0.206169796898337,0.206913509123374,0.306992515512635,0.238596636499443
75083,0.12,"W10",0.207947959017824,0.20877063285633,0.309154348533111,0.241536477798655
75083,0.12,"W01",0.158442563957054,0.143212267123398,0.217576802324142,0.0771167711550036
75083,0.12,"W11",0.159652606126564,0.146912465046003,0.227307090314963,0.1018897475356
75083,0.12,"LSE",0.645408401107089,0.640755823490098,0.876339083380432,0.790185216936441
75083,0.12,"Huber",0.234563097314575,0.237155767500476,0.331557334912538,0.274298975961157
75083,0.12,"L1",0.282819900938944,0.282681005402761,0.418406743692932,0.340160774972646
75083,0.12,"PMM2",0.642871555035346,0.605761190919168,0.636779980120886,0.595124658938819
75083,0.12,"WPMM2",0.15965261626908,0.14691246871992,0.227307116679297,0.10188979717766
75084,0.12,"W00",0.273640008000317,0.27768144616081,0.381004835881788,0.361464273763031
75084,0.12,"W10",0.270929358712917,0.274948529975497,0.377568275227954,0.357937254248619
75084,0.12,"W01",0.112175800641166,0.113297671523589,0.166341256322736,0.126494909296952
75084,0.12,"W11",0.124128061068523,0.125884530978697,0.184233576248341,0.149082533153345
75084,0.12,"LSE",0.424834003233107,0.430769336888419,0.60836401765871,0.574827775741845
75084,0.12,"Huber",0.290411407009594,0.293926334155346,0.394712878866307,0.376489976213339
75084,0.12,"L1",0.278373402473648,0.282582878546062,0.388375344848877,0.357180620368913
75084,0.12,"PMM2",0.398536311521938,0.397789399837366,0.492278053746393,0.476963756039676
75084,0.12,"WPMM2",0.124128095898992,0.125884567548059,0.184233652253324,0.149082626560587
75085,0.12,"W00",0.180070311744368,0.1808780966304,0.218583984340281,0.154742149370804
75085,0.12,"W10",0.177002127444326,0.177426149123104,0.215511974766862,0.150196619130295
75085,0.12,"W01",0.131603331623347,0.11790551733107,0.170302100752517,0.0606129178677005
75085,0.12,"W11",0.133591087329367,0.120891645210538,0.172265320907694,0.0664132095575717
75085,0.12,"LSE",0.260813307726142,0.242297040310024,0.287278046850137,0.217479627824829
75085,0.12,"Huber",0.204150700254006,0.200205017170084,0.244157371843755,0.181790602933491
75085,0.12,"L1",0.200280484630198,0.193140640607303,0.234925496022548,0.119387767935021
75085,0.12,"PMM2",0.262105278328918,0.265703674424919,0.301561268744825,0.259748630652128
75085,0.12,"WPMM2",0.133591099506705,0.120891664771874,0.172265321252362,0.0664132130395703
75086,0.12,"W00",0.178214488084036,0.16133439475656,0.230113744485359,0.0629544562327302
75086,0.12,"W10",0.180155509366568,0.162871994961963,0.231099577684688,0.0668393629437296
75086,0.12,"W01",0.18295255025312,0.163090271883563,0.24323447291464,0.0903769083447798
75086,0.12,"W11",0.174893710926516,0.15562384544917,0.23555353249709,0.0692078477437101
75086,0.12,"LSE",0.505475259452146,0.465104916936618,0.528142578566485,0.382982361040835
75086,0.12,"Huber",0.20520823124871,0.183746651451486,0.246417337621253,0.108467063100417
75086,0.12,"L1",0.244802438397175,0.220625827719855,0.304817877624917,0.12727253889184
75086,0.12,"PMM2",0.453595394764406,0.413000818695428,0.432514386615724,0.361381844930799
75086,0.12,"WPMM2",0.174893765505456,0.155623891456443,0.235553596483308,0.0692079038302272
75087,0.12,"W00",0.158485235203276,0.152416743418451,0.217212798419104,0.107087052666257
75087,0.12,"W10",0.157655878270961,0.151424063612184,0.215592623611937,0.103358855640927
75087,0.12,"W01",0.267662893752793,0.259141219931045,0.313817567308083,0.253732526928982
75087,0.12,"W11",0.244070126727183,0.238071897795191,0.297575732943383,0.233280562174314
75087,0.12,"LSE",0.267912392845563,0.256763847639668,0.350646674253066,0.287505921498217
75087,0.12,"Huber",0.136276899216208,0.12802883331593,0.180777410498279,0.0626848754446299
75087,0.12,"L1",0.179846897432575,0.173159292524428,0.252919524127194,0.108301546838541
75087,0.12,"PMM2",0.213386792881389,0.206291941553123,0.227597304893742,0.160611168195299
75087,0.12,"WPMM2",0.244070261372674,0.238071990313671,0.297575657731951,0.233280449497274
75088,0.12,"W00",0.25946678644447,0.24446058557574,0.318257187867721,0.206184019960972
75088,0.12,"W10",0.262847334308748,0.247666747054291,0.321713146027099,0.211082896365087
75088,0.12,"W01",0.175349335725157,0.159617316996134,0.229615746586513,0.0112259115379346
75088,0.12,"W11",0.174197901261548,0.16098097712912,0.230964700851896,0.0183791290329794
75088,0.12,"LSE",0.466649332343704,0.440198154963277,0.545855149366746,0.476290827767415
75088,0.12,"Huber",0.280305005962969,0.263511113271208,0.328326084043244,0.240136642672075
75088,0.12,"L1",0.30064747309186,0.278069994000139,0.357521357158471,0.286815664271126
75088,0.12,"PMM2",0.459639933071473,0.431338046655749,0.483028158136941,0.419661644925322
75088,0.12,"WPMM2",0.174197853387429,0.160980967676308,0.230964650426745,0.0183791211426116
75089,0.12,"W00",0.229634160501957,0.22156007926062,0.282720890273333,0.253209260179572
75089,0.12,"W10",0.206085235199372,0.199158436049042,0.260046453001945,0.230103962895291
75089,0.12,"W01",0.0742737272178356,0.0665857325134643,0.096424754357425,0.0114067835239354
75089,0.12,"W11",0.0715263871550647,0.0646579736670003,0.100271365890887,0.0284188096835201
75089,0.12,"LSE",0.366533819854233,0.342493189001183,0.36245270915856,0.31442366502981
75089,0.12,"Huber",0.238266897561494,0.230040410036192,0.286041778772738,0.25767092761382
75089,0.12,"L1",0.198567054297991,0.190995219146401,0.279953929950041,0.18274255092535
75089,0.12,"PMM2",0.36508748119561,0.35589817498775,0.421268579935905,0.400396187145022
75089,0.12,"WPMM2",0.0715263419185141,0.0646579434802713,0.100271359685237,0.0284186639053732
75090,0.12,"W00",0.193251530524019,0.173529947944288,0.222600996639401,0.112135117432186
75090,0.12,"W10",0.191866747518405,0.17225378321019,0.221579482146796,0.110083124622595
75090,0.12,"W01",0.143009436210718,0.128071749329055,0.203618407144963,0.0602162368622144
75090,0.12,"W11",0.137829026751831,0.124768620124534,0.197398852122729,0.0362609035810637
75090,0.12,"LSE",0.342642019194386,0.302160619428085,0.303203174334548,0.140722837597485
75090,0.12,"Huber",0.192802536729202,0.171349345657644,0.210521894090514,0.0798946308125061
75090,0.12,"L1",0.211401672166537,0.191097489299434,0.23640966327111,0.0539850851579613
75090,0.12,"PMM2",0.345386774931191,0.320446409654562,0.345996844114323,0.277387264631153
75090,0.12,"WPMM2",0.137829181014698,0.124768775009718,0.197399016672075,0.036261154572295
75091,0.12,"W00",0.273141691564892,0.259548299760116,0.265020772371186,0.243325024986433
75091,0.12,"W10",0.281640963856125,0.26796230024453,0.274381050100418,0.253134383099319
75091,0.12,"W01",0.114648319182458,0.104409648747589,0.109533643993649,0.0562285124650972
75091,0.12,"W11",0.135701370313042,0.124579553092329,0.125541933231446,0.0830687886586056
75091,0.12,"LSE",0.487296441386252,0.441662193751084,0.453359564874828,0.352587449368916
75091,0.12,"Huber",0.304126757677044,0.284181574482928,0.291648644310319,0.262017056866894
75091,0.12,"L1",0.292925776752928,0.269993514555318,0.275617656684045,0.252631604665726
75091,0.12,"PMM2",0.476147545989547,0.456792505901476,0.46243824996584,0.438066983013352
75091,0.12,"WPMM2",0.135701459368763,0.124579636958826,0.125542044941721,0.0830689123176126
75092,0.12,"W00",0.174591209287652,0.171157657749114,0.269711068465169,0.218721507941584
75092,0.12,"W10",0.174674072080016,0.171251313864059,0.269836127076768,0.218873674300882
75092,0.12,"W01",0.126002027977714,0.112475449541956,0.16322303329637,0.0578260216469245
75092,0.12,"W11",0.126354904151973,0.113393284959942,0.172126208385208,0.0767229638047367
75092,0.12,"LSE",0.298536698259664,0.276642089942945,0.366403578357251,0.250673955849694
75092,0.12,"Huber",0.170703124125834,0.16809415297766,0.257534515526472,0.206037676775032
75092,0.12,"L1",0.253285119531235,0.243781562359249,0.380000919469109,0.272234660215237
75092,0.12,"PMM2",0.276347391026031,0.280224928154549,0.398227514720838,0.370429807360594
75092,0.12,"WPMM2",0.126354850460305,0.113393233909448,0.172126063342369,0.0767227945882846
75093,0.12,"W00",0.25296308410546,0.226368219518399,0.225856980677505,0.148316370099841
75093,0.12,"W10",0.253130662626042,0.226522964917705,0.225980564279792,0.148501396229434
75093,0.12,"W01",0.160111728093612,0.147848969215035,0.220109536000608,0.136457242868502
75093,0.12,"W11",0.148501844980381,0.137055831508255,0.199443355616527,0.0949597160024322
75093,0.12,"LSE",0.413417155115422,0.367804247409518,0.354459854107346,0.240746982573168
75093,0.12,"Huber",0.263904938964667,0.23541768554132,0.23436139258425,0.131985170165273
75093,0.12,"L1",0.289962927618536,0.259438632176343,0.272764999590536,0.149677401451064
75093,0.12,"PMM2",0.423174486609037,0.384185159986183,0.340895157648867,0.304862253241038
75093,0.12,"WPMM2",0.148501763270892,0.137055731318067,0.199443240512431,0.0949596795446929
75094,0.12,"W00",0.213721939462269,0.200518181179487,0.312392515852292,0.215081385027141
75094,0.12,"W10",0.221705001284212,0.208203769479537,0.321754013781135,0.227499491621963
75094,0.12,"W01",0.169578816260953,0.160290083658906,0.255296561631139,0.129543520948961
75094,0.12,"W11",0.177452663536896,0.167046824659542,0.267018364696802,0.149244223721143
75094,0.12,"LSE",0.751126331492502,0.739491075290575,1.03397817139887,0.9278889625357
75094,0.12,"Huber",0.266603692854865,0.249281135553092,0.369864102441625,0.281145447370745
75094,0.12,"L1",0.313593556293735,0.291658989716457,0.396364156730528,0.278773326112567
75094,0.12,"PMM2",0.667038372200844,0.650256833165833,0.779904934801448,0.732563177018679
75094,0.12,"WPMM2",0.177452746768405,0.167046878244062,0.267018469554455,0.149244405638952
75095,0.12,"W00",0.287950215008826,0.280146923506913,0.278255070647159,0.112133662954929
75095,0.12,"W10",0.285835375252081,0.277922932749836,0.276711305874122,0.108491079734122
75095,0.12,"W01",0.222928078079309,0.200385230013395,0.292577570205021,0.132437406640016
75095,0.12,"W11",0.221309256135755,0.199688147253445,0.279670975865925,0.10592985718867
75095,0.12,"LSE",0.562156823913827,0.553635301001816,0.618218494938793,0.544543337804013
75095,0.12,"Huber",0.309996595988046,0.303877594641238,0.297788562678348,0.161917537037232
75095,0.12,"L1",0.279495953861498,0.271798675548992,0.278243333018566,0.0952903611109922
75095,0.12,"PMM2",0.57300095206254,0.554084722367429,0.513842468831001,0.414237915138165
75095,0.12,"WPMM2",0.221309247709454,0.199688155742191,0.27967091052886,0.105929698515318
75096,0.12,"W00",0.108058217737806,0.0918783492002228,0.157616757064219,0.0424319090372026
75096,0.12,"W10",0.10820644476178,0.0920209246285149,0.157790441848806,0.0429687875177913
75096,0.12,"W01",0.156674065707592,0.141681373153387,0.180807534495191,0.102974555070589
75096,0.12,"W11",0.144508561583557,0.130597300290813,0.172682573221405,0.0884144883891377
75096,0.12,"LSE",0.374742122890894,0.377628851298282,0.568967262839975,0.515616647155114
75096,0.12,"Huber",0.100691000249396,0.0881518141884175,0.145528894875745,0.0824179982556679
75096,0.12,"L1",0.117659796682083,0.104903009462352,0.165101915220092,0.0151411454428944
75096,0.12,"PMM2",0.318383183921093,0.315087607190387,0.374251553991192,0.351912889983188
75096,0.12,"WPMM2",0.144508602695181,0.130597342322446,0.172682604941451,0.0884145349280624
75097,0.12,"W00",0.0641315973266585,0.0562849707926406,0.0822115426757359,0.0353658601368627
75097,0.12,"W10",0.0658188389063376,0.0592009641503611,0.0796135298566883,0.0274505743114826
75097,0.12,"W01",0.149965714528165,0.153251522946427,0.22838499859373,0.217005948977347
75097,0.12,"W11",0.13095788206423,0.133855897473224,0.206134226236443,0.193226288683404
75097,0.12,"LSE",0.319746923766167,0.317467559350573,0.411387696898737,0.379053527572271
75097,0.12,"Huber",0.0701138729443119,0.0659883410275208,0.0648951737862703,0.00799436628810984
75097,0.12,"L1",0.0961565841787935,0.0906596240381084,0.101282410622677,0.0168274377399774
75097,0.12,"PMM2",0.306181140756645,0.2918363092873,0.261386679000083,0.256188854650468
75097,0.12,"WPMM2",0.130957785255748,0.133855799141237,0.20613418332272,0.193226210707104
75098,0.12,"W00",0.10588738386607,0.0969130744723523,0.145197385460033,0.0747856182241793
75098,0.12,"W10",0.106631434955433,0.0975549511071115,0.145960621651952,0.0761657264773519
75098,0.12,"W01",0.128383360026289,0.119579347458866,0.149215667333342,0.0896581678583315
75098,0.12,"W11",0.115172690838931,0.106375904677605,0.1377542073397,0.0673525935032732
75098,0.12,"LSE",0.367296896324743,0.341708100112968,0.424965868644585,0.355677287748888
75098,0.12,"Huber",0.130758050167138,0.119566322752151,0.169304959991464,0.106730884897182
75098,0.12,"L1",0.111991565551136,0.0997076398052201,0.121090911336722,0.0540916759505998
75098,0.12,"PMM2",0.319384938078537,0.306498708033938,0.343710269494915,0.330501469104292
75098,0.12,"WPMM2",0.115172573440211,0.106375793929438,0.137754038921289,0.0673524787803254
75099,0.12,"W00",0.246462117238277,0.230644267339149,0.270668638038659,0.222273797020255
75099,0.12,"W10",0.251625307823526,0.235345708034622,0.274602312154898,0.226681212535691
75099,0.12,"W01",0.145034375474612,0.138742152653386,0.190273596366888,0.115911350275603
75099,0.12,"W11",0.157790047441061,0.151211228698577,0.203016271722637,0.135073775347578
75099,0.12,"LSE",0.637176390790859,0.598111667330587,0.743234336782204,0.624685562539123
75099,0.12,"Huber",0.289905908249356,0.277840461828621,0.322621874415959,0.282544004251706
75099,0.12,"L1",0.292209624833883,0.290082849160701,0.38764527172854,0.338513536830018
75099,0.12,"PMM2",0.600501662062632,0.566094446364148,0.58090568397607,0.550527818726925
75099,0.12,"WPMM2",0.157789772650766,0.151210889226352,0.20301589457205,0.135073364436579
75100,0.12,"W00",0.168781709961757,0.156678295796046,0.181881765895544,0.142191988168996
75100,0.12,"W10",0.158825773771844,0.147027455753635,0.172651996481655,0.131531500480645
75100,0.12,"W01",0.0837083942766767,0.075846019263645,0.107339220258949,0.0405759584122293
75100,0.12,"W11",0.0848038285810471,0.0768110166391977,0.108080194110675,0.0423668278989268
75100,0.12,"LSE",0.344924213834259,0.322517478214364,0.425242469284519,0.312664364301276
75100,0.12,"Huber",0.189830611006586,0.177345731309381,0.204745649295293,0.163021304796444
75100,0.12,"L1",0.187044776944541,0.169680263863548,0.202507254334298,0.122987882738414
75100,0.12,"PMM2",0.309938968761351,0.287259696798811,0.324011582748042,0.269726005622661
75100,0.12,"WPMM2",0.0848038253164208,0.0768110143399944,0.108080293648141,0.042366836672944
75101,0.12,"W00",0.260247920985095,0.239133990907362,0.382560118240143,0.259878344875349
75101,0.12,"W10",0.262290318006226,0.242223675243936,0.386257912220978,0.264454208612781
75101,0.12,"W01",0.221193586817775,0.187895812318692,0.298849457604249,0.144519059617988
75101,0.12,"W11",0.224519378704947,0.190578781510705,0.308924060014517,0.160953987941172
75101,0.12,"LSE",0.441045441525642,0.440854210104533,0.672028139948917,0.543463204167111
75101,0.12,"Huber",0.280806908779144,0.264939250932033,0.419131572770218,0.300974391709239
75101,0.12,"L1",0.389013504926077,0.345178093247751,0.59257153365143,0.419385585206449
75101,0.12,"PMM2",0.363194813410802,0.369490972942979,0.542856536470389,0.459885637795866
75101,0.12,"WPMM2",0.224519430631636,0.190578841364778,0.308924099743212,0.160953971870356
75102,0.12,"W00",0.234396073419702,0.211177916228485,0.217337131234397,0.168446543042673
75102,0.12,"W10",0.239312116546196,0.215866418775463,0.221343657570157,0.17363093663888
75102,0.12,"W01",0.177998489837421,0.15823576448226,0.175523688080093,0.10822349646999
75102,0.12,"W11",0.191979260142736,0.171206881983603,0.185027793028586,0.12344395751868
75102,0.12,"LSE",0.271152115109497,0.252133975757942,0.232796247883436,0.173991840716624
75102,0.12,"Huber",0.233113636402673,0.210858917686779,0.213147773457842,0.160520886357737
75102,0.12,"L1",0.246075999015564,0.215455047859695,0.205132705833305,0.103078835092924
75102,0.12,"PMM2",0.296617509033856,0.272156949544679,0.272616278915281,0.240666992101045
75102,0.12,"WPMM2",0.191979203040031,0.171206829133322,0.185027745778183,0.123443907035302
75103,0.12,"W00",0.2272574097159,0.218380691800445,0.219800839263908,0.149422772545438
75103,0.12,"W10",0.224261351430835,0.215376133850841,0.216998249045124,0.145521748216348
75103,0.12,"W01",0.127450353932594,0.116613310855701,0.149209886761225,0.0195709222875197
75103,0.12,"W11",0.136159230331187,0.125385596473864,0.151206756185253,0.00226134040510345
75103,0.12,"LSE",0.485416064624141,0.463012105704728,0.562145568819773,0.520639876130134
75103,0.12,"Huber",0.272645411854041,0.255880801144021,0.26597716872133,0.211629438904996
75103,0.12,"L1",0.268145882649181,0.250950266475355,0.263988957245754,0.128792406423798
75103,0.12,"PMM2",0.483774324703198,0.469039230050233,0.473309712504057,0.465242724242008
75103,0.12,"WPMM2",0.136159149122674,0.125385516009477,0.151206666256763,0.00226134634450237
75104,0.12,"W00",0.244311338579948,0.235331588221483,0.288236653881264,0.151281748640455
75104,0.12,"W10",0.240751510861835,0.232424045998853,0.286072160313136,0.14760267434057
75104,0.12,"W01",0.17373404265854,0.150051632444462,0.239167305810821,0.0782501639398547
75104,0.12,"W11",0.171312896415277,0.145440943299664,0.236193148628271,0.0595769597106577
75104,0.12,"LSE",0.471389139504573,0.459461626473482,0.5269482845795,0.464679408301591
75104,0.12,"Huber",0.263175874054309,0.25586070595528,0.306845287104387,0.172796843577931
75104,0.12,"L1",0.231971894002483,0.22367723133738,0.296348410447115,0.126877726958809
75104,0.12,"PMM2",0.470632993379786,0.437261867291366,0.447706715399793,0.377210150748525
75104,0.12,"WPMM2",0.171312804383747,0.145440901956079,0.236192993587209,0.0595768795230742
75105,0.12,"W00",0.185217209946792,0.171132586935969,0.234385174664904,0.141057899908919
75105,0.12,"W10",0.198073333859778,0.182317515442038,0.244403012776604,0.158351858205748
75105,0.12,"W01",0.146451032757065,0.124061372712227,0.205740113722496,0.0612752367635939
75105,0.12,"W11",0.138851382397154,0.116988220510953,0.197618047690595,0.0261548214987789
75105,0.12,"LSE",0.479940128929283,0.461660198961115,0.469686701788199,0.45627913258548
75105,0.12,"Huber",0.223788415969124,0.204400788641765,0.259154288493641,0.180625200379996
75105,0.12,"L1",0.249183864929816,0.235239363574633,0.330445546424664,0.225159911890594
75105,0.12,"PMM2",0.507824242417919,0.476895424583985,0.528654569380946,0.468224184805945
75105,0.12,"WPMM2",0.138851272230164,0.116988130245078,0.19761788606944,0.0261548244273619
75106,0.12,"W00",0.0696441941658719,0.063939607529781,0.096543076524112,0.045509900575162
75106,0.12,"W10",0.0716468272331937,0.0656293195207706,0.0985429413200272,0.0492275189297178
75106,0.12,"W01",0.10712191365219,0.10413283792514,0.12398190412468,0.0938183367693484
75106,0.12,"W11",0.0962624913275168,0.0922326633573967,0.112243102329471,0.0774080616783586
75106,0.12,"LSE",0.397660752601842,0.373326200899522,0.433811996839053,0.396825105902571
75106,0.12,"Huber",0.100931653568505,0.0927645531152599,0.119077340608434,0.0905345956301298
75106,0.12,"L1",0.127093804253189,0.125212214337478,0.174390247946036,0.136507481479511
75106,0.12,"PMM2",0.413297746224449,0.405589033765043,0.430287529259576,0.424129426062055
75106,0.12,"WPMM2",0.0962626393950833,0.0922328483061601,0.112243182281128,0.0774082254284911
75107,0.12,"W00",0.167312970914183,0.162181610624549,0.158046130183664,0.0570455696630668
75107,0.12,"W10",0.174471320169968,0.169446647570823,0.161410516690147,0.0676212090806155
75107,0.12,"W01",0.138322507148229,0.132358110087377,0.196823403157903,0.11005741898084
75107,0.12,"W11",0.132566229041218,0.124400489374187,0.177181700547714,0.0766858850609549
75107,0.12,"LSE",0.342204994845934,0.331249567847494,0.292651243087205,0.186583532450292
75107,0.12,"Huber",0.192204484067086,0.186952862823895,0.174027346785577,0.0752131279434047
75107,0.12,"L1",0.21004697150694,0.202034478228644,0.169566991057207,0.0994622982858969
75107,0.12,"PMM2",0.333979418600452,0.312430100893148,0.282965525644271,0.227608698938766
75107,0.12,"WPMM2",0.132566269771095,0.124400541278495,0.177181741258029,0.0766858638603134
75108,0.12,"W00",0.238188932372115,0.212875789816242,0.265361403576541,0.165023414291839
75108,0.12,"W10",0.237714799536223,0.212422252466506,0.264986191055951,0.164437181361812
75108,0.12,"W01",0.137854534651948,0.122517242924052,0.204923801917389,0.0197546471089149
75108,0.12,"W11",0.145814442670647,0.128860185667852,0.20761230720407,0.0353918879996449
75108,0.12,"LSE",0.400287034309,0.38100564710853,0.445083074136446,0.386667187309515
75108,0.12,"Huber",0.265198615521488,0.240380268023805,0.288052922910835,0.205512852398267
75108,0.12,"L1",0.251631629547863,0.225663468687259,0.293786916006169,0.17081001767343
75108,0.12,"PMM2",0.383576893211163,0.350985073391314,0.364009260237216,0.302291940426382
75108,0.12,"WPMM2",0.145814349677283,0.128860106352068,0.207612175130365,0.0353918303392927
75109,0.12,"W00",0.164110036431562,0.148562592942676,0.231518618560359,0.113158576161941
75109,0.12,"W10",0.166330014544656,0.150609633865374,0.233975877335327,0.117946059797446
75109,0.12,"W01",0.160225000286934,0.145132335209006,0.213878971096087,0.0737612835057925
75109,0.12,"W11",0.148084782349678,0.135196732610526,0.206130795134037,0.0430096396153411
75109,0.12,"LSE",0.594643945026941,0.525877628435543,0.620155328382105,0.385066812855421
75109,0.12,"Huber",0.199727879897377,0.179830112526375,0.259652274730533,0.133924042519008
75109,0.12,"L1",0.185230464807673,0.168943504500829,0.219657772746622,0.142841330189979
75109,0.12,"PMM2",0.55187736860429,0.51617648984471,0.551101301401682,0.479988920806846
75109,0.12,"WPMM2",0.148084830782435,0.135196762772884,0.206130805331272,0.0430098781622607
75110,0.12,"W00",0.21409655181123,0.211397056754375,0.29387646107557,0.257881999058635
75110,0.12,"W10",0.221632719881295,0.219052820542137,0.303361419393909,0.268019876786837
75110,0.12,"W01",0.105977889929965,0.102531265072106,0.151125663977592,0.0915032332073222
75110,0.12,"W11",0.117127245549967,0.113829721745933,0.166438235822745,0.113689762789438
75110,0.12,"LSE",0.32150375975665,0.319689701810853,0.457683631706912,0.4058835642288
75110,0.12,"Huber",0.225018703590579,0.222147887565072,0.309081023133587,0.271685850156869
75110,0.12,"L1",0.275141895228386,0.279277982855242,0.418321094976054,0.376402381727919
75110,0.12,"PMM2",0.281505583843034,0.274089029190679,0.348841143963138,0.319233436875741
75110,0.12,"WPMM2",0.117127299140568,0.113829771842125,0.166438305760929,0.113689836400075
75111,0.12,"W00",0.257164356478245,0.235492030147924,0.218911072421391,0.196039522281651
75111,0.12,"W10",0.258486916205071,0.236822937061736,0.220026193524099,0.197389006450901
75111,0.12,"W01",0.105587461622928,0.094905299969316,0.140402984921762,0.0115517312650696
75111,0.12,"W11",0.119381448736992,0.107565715869658,0.138853411096936,0.0441379175208514
75111,0.12,"LSE",0.459445714807462,0.412859971831112,0.48229305102651,0.228778376064797
75111,0.12,"Huber",0.280232215545751,0.25141241666011,0.234914889383847,0.18615505099144
75111,0.12,"L1",0.29999856401912,0.273545955810586,0.229385771630102,0.174708578724428
75111,0.12,"PMM2",0.418604971701399,0.40718259532037,0.402739407710472,0.399341718602496
75111,0.12,"WPMM2",0.119381475848905,0.107565745798395,0.13885339893656,0.0441380235778116
75112,0.12,"W00",0.257859590343165,0.230560633140387,0.321979968866079,0.00764961646237294
75112,0.12,"W10",0.260635116232938,0.233044860282518,0.322786307179851,0.0118106569656722
75112,0.12,"W01",0.230450059599585,0.201986563262911,0.336498352480912,0.134673962765362
75112,0.12,"W11",0.226336010540525,0.197854176028423,0.327773283266198,0.115190613007507
75112,0.12,"LSE",0.507046778291589,0.45080769649124,0.542839973158841,0.307079883720622
75112,0.12,"Huber",0.281812727545628,0.251563292647684,0.325891969552543,0.0516127475458724
75112,0.12,"L1",0.276483174045271,0.244406522470436,0.268613998988587,0.130542335615078
75112,0.12,"PMM2",0.487021710514097,0.434871465072736,0.462121092856316,0.250858587471799
75112,0.12,"WPMM2",0.226336196543563,0.197854369639914,0.3277735708204,0.115190794502937
75113,0.12,"W00",0.26786601205228,0.241894556314076,0.332417766439433,0.208172651774753
75113,0.12,"W10",0.27126902503438,0.245178303420779,0.335746769684383,0.212697587713444
75113,0.12,"W01",0.190911796688386,0.171089303587132,0.260154878587494,0.0918251258507221
75113,0.12,"W11",0.20060419129946,0.179330899338461,0.26869585828701,0.109063768035556
75113,0.12,"LSE",1.95197346057726,1.94140024486513,2.74036863460684,2.0801582679871
75113,0.12,"Huber",0.288105387318886,0.260543858526344,0.357468338574787,0.227567933961576
75113,0.12,"L1",0.293096528025188,0.271338314141269,0.386307501778367,0.283076448429006
75113,0.12,"PMM2",1.50412903769054,1.43450360782895,1.48516271091994,1.44377044140437
75113,0.12,"WPMM2",0.200604245047077,0.179330953861769,0.268695969920336,0.109063937128455
75114,0.12,"W00",0.238850937879786,0.242953319957542,0.333976018474677,0.281591960415799
75114,0.12,"W10",0.236200113596725,0.24014537330683,0.33087533031419,0.278038580990434
75114,0.12,"W01",0.155658881792349,0.148383310017277,0.224844870638534,0.144364319138667
75114,0.12,"W11",0.160939523093333,0.155203568569587,0.23346188623649,0.156623757469504
75114,0.12,"LSE",0.460822220642597,0.439284374792939,0.56676775208588,0.478350877632079
75114,0.12,"Huber",0.264092184367113,0.265350491315722,0.364004327885308,0.321941493234376
75114,0.12,"L1",0.244800120409863,0.241653325045312,0.355327573877361,0.304560629048697
75114,0.12,"PMM2",0.417088048697082,0.42213749486262,0.515964552927948,0.487167559699539
75114,0.12,"WPMM2",0.160939488000942,0.155203528554378,0.233461837395131,0.156623719828576
75115,0.12,"W00",0.136155515922125,0.135845856837883,0.171663328742057,0.159083314975626
75115,0.12,"W10",0.145606618633311,0.145857486781617,0.183705731965687,0.172121205900952
75115,0.12,"W01",0.0718530140229771,0.0654111945643901,0.0879745499129818,0.0532977347401447
75115,0.12,"W11",0.0816499848326953,0.076501925439869,0.100740237413571,0.0739534198060575
75115,0.12,"LSE",0.605442987657146,0.555487201956967,0.748648134839886,0.538388950544065
75115,0.12,"Huber",0.156341330271721,0.155184818027237,0.189917314323252,0.180186675858774
75115,0.12,"L1",0.232163969797175,0.222332215312513,0.218457134159358,0.215212358693412
75115,0.12,"PMM2",0.525233879252739,0.508460480282776,0.578745466386935,0.551982020225268
75115,0.12,"WPMM2",0.0816499339059368,0.0765019009589851,0.100740148045608,0.0739534733517708
75116,0.12,"W00",0.119457399636805,0.11244271574462,0.147757014624315,0.0307699556406568
75116,0.12,"W10",0.116279016745752,0.109113833604283,0.146255577040963,0.0200350163370746
75116,0.12,"W01",0.108092230303643,0.101938965556947,0.151519331808802,0.0369251423535616
75116,0.12,"W11",0.108098389419259,0.101985319053834,0.151798504507149,0.037903426299525
75116,0.12,"LSE",0.132076374631815,0.123812371775094,0.163627790543458,0.0663067140972773
75116,0.12,"Huber",0.118659717043249,0.112285034668831,0.145717485462624,0.0281020249529662
75116,0.12,"L1",0.122198030859778,0.112760064796699,0.175864876169107,0.0300835292349961
75116,0.12,"PMM2",0.134108344223791,0.126253282364816,0.163710130702995,0.0520635587262359
75116,0.12,"WPMM2",0.108098378108436,0.101985298860827,0.151798441406444,0.0379032554394366
75117,0.12,"W00",0.189259267738894,0.174879882663573,0.272920696999055,0.0956168368191003
75117,0.12,"W10",0.189829508572963,0.1753728225926,0.273366037401107,0.0964573743337908
75117,0.12,"W01",0.162016058817657,0.147898112802864,0.229762103497374,0.0480679189381362
75117,0.12,"W11",0.158453555096383,0.145130130552279,0.230672967039134,0.0351092098300818
75117,0.12,"LSE",0.340609411349105,0.330102253088079,0.431300381670544,0.389827907460685
75117,0.12,"Huber",0.195566779813113,0.178706157384656,0.272342493709913,0.126444742544913
75117,0.12,"L1",0.16410146090926,0.151494708889148,0.259294913734315,0.0768635865673886
75117,0.12,"PMM2",0.330536182658321,0.308632025180917,0.362446261096161,0.314600304743712
75117,0.12,"WPMM2",0.158453632918038,0.145130203569252,0.230673170487058,0.0351090655329265
75118,0.12,"W00",0.171350720574558,0.150139482337048,0.2246915342271,0.00455463233182979
75118,0.12,"W10",0.173358398115018,0.152713095838016,0.22557097126996,0.0106438238870815
75118,0.12,"W01",0.173661049124,0.158248413608197,0.263969839629372,0.159547365170244
75118,0.12,"W11",0.166785098856729,0.147225320967969,0.250423007392811,0.134390181217177
75118,0.12,"LSE",0.64313304345616,0.62355531680643,0.723464450591746,0.535403126896677
75118,0.12,"Huber",0.191924170309531,0.178640123105393,0.231297434422835,0.0746980087951546
75118,0.12,"L1",0.190440888764554,0.181994498399985,0.250541331882532,0.105260039478078
75118,0.12,"PMM2",0.63384348520771,0.596104123004467,0.569751156966599,0.530809122987071
75118,0.12,"WPMM2",0.16678536063506,0.147225520550513,0.250423403603372,0.134390367517229
75119,0.12,"W00",0.179777750640657,0.177638495608824,0.273463304384678,0.18769061286395
75119,0.12,"W10",0.180280706560612,0.178269053205896,0.274505404878933,0.18936536742398
75119,0.12,"W01",0.227953217638636,0.218079934778849,0.234985454485481,0.0538200575711965
75119,0.12,"W11",0.212168044158316,0.200203605296687,0.22909815609515,0.024637639395902
75119,0.12,"LSE",0.367826782065031,0.374518303856039,0.49215882111543,0.433455140063627
75119,0.12,"Huber",0.199077933830317,0.199917192204879,0.293586023865083,0.211845809650396
75119,0.12,"L1",0.240923526908442,0.238439794666162,0.362962552699852,0.248186889360685
75119,0.12,"PMM2",0.310879113923617,0.316207729251028,0.46631635187427,0.421216863674326
75119,0.12,"WPMM2",0.212167868892929,0.200203433940361,0.229097991499098,0.0246375711468009
75120,0.12,"W00",0.17996916069767,0.172033951944338,0.172056686051812,0.122787127494663
75120,0.12,"W10",0.182109386971793,0.174029790857932,0.173847087453422,0.125483149269806
75120,0.12,"W01",0.106459092120967,0.0995103726167956,0.135836925549713,0.0330784959715346
75120,0.12,"W11",0.108178994701744,0.100698822900754,0.130243428025036,0.0125161268795783
75120,0.12,"LSE",0.327845667789183,0.312540774193922,0.318397310217494,0.278184720395983
75120,0.12,"Huber",0.19443542401225,0.18481105783296,0.186568738422419,0.147798309784048
75120,0.12,"L1",0.243879473647331,0.246066899783919,0.270250578799871,0.238880375606663
75120,0.12,"PMM2",0.317425046432639,0.301600162796564,0.286209953745775,0.240644260093721
75120,0.12,"WPMM2",0.108179039573946,0.100698863547524,0.130243492411224,0.0125161801288759
75121,0.12,"W00",0.265565405437922,0.254436738144294,0.361945820313511,0.315208286617543
75121,0.12,"W10",0.260293312846012,0.249106345040592,0.356546261983068,0.308955458332011
75121,0.12,"W01",0.154226222695116,0.122891754734245,0.221462767015148,0.109530899278332
75121,0.12,"W11",0.156403077742113,0.125579179363152,0.23045594220161,0.130876673046814
75121,0.12,"LSE",0.482539294580677,0.487984659695934,0.588739223852525,0.539558852634122
75121,0.12,"Huber",0.288641761084453,0.283091965394462,0.403847895803192,0.359876888981538
75121,0.12,"L1",0.21492322966773,0.218354840534177,0.329356804223209,0.288443687892926
75121,0.12,"PMM2",0.466761193561886,0.462621840538877,0.574039413348491,0.543615431887484
75121,0.12,"WPMM2",0.156403219461297,0.12557929734689,0.230456162462814,0.130876836998129
75122,0.12,"W00",0.153905552886894,0.127439571530419,0.22215549456831,0.0512789903699024
75122,0.12,"W10",0.153424803072762,0.127037234399987,0.221629020994845,0.0490795678276101
75122,0.12,"W01",0.22394673729327,0.208190318126272,0.300966319552317,0.205381954988904
75122,0.12,"W11",0.208877712689078,0.191483656642969,0.284745601555679,0.18296214441866
75122,0.12,"LSE",0.462446243310059,0.422392747426528,0.447617831413635,0.274800839740232
75122,0.12,"Huber",0.159821393486035,0.133228605501593,0.217865149279458,0.0647533024334535
75122,0.12,"L1",0.154411865810928,0.137453226970751,0.1782886913089,0.0424052032007469
75122,0.12,"PMM2",0.423929123885384,0.380349596853727,0.370171869607565,0.297812485688797
75122,0.12,"WPMM2",0.2088775408276,0.19148348051452,0.284745568067027,0.182962215173835
75123,0.12,"W00",0.3208781014076,0.302293485134135,0.335522112442984,0.302114307985853
75123,0.12,"W10",0.323812131799699,0.305022152045208,0.337732287733988,0.304337579116881
75123,0.12,"W01",0.285480685792917,0.26970933602146,0.309758408863031,0.276256136125909
75123,0.12,"W11",0.293248090295687,0.276911994447185,0.315550531085238,0.282178767746822
75123,0.12,"LSE",0.489677729477981,0.458349230368401,0.498079667939841,0.452865952190123
75123,0.12,"Huber",0.340717887849471,0.31542739425428,0.336003946937798,0.297225870498035
75123,0.12,"L1",0.345549797373789,0.318996189490727,0.325569849629368,0.286623882164724
75123,0.12,"PMM2",0.505445446858036,0.489001074041681,0.540224912920041,0.528763241805667
75123,0.12,"WPMM2",0.293248467938794,0.276912258348485,0.315550523537145,0.282178611255851
75124,0.12,"W00",0.205904249506061,0.210315865986185,0.28138207495757,0.263526936897484
75124,0.12,"W10",0.198765176207804,0.203150591176402,0.273834530574106,0.255562139728405
75124,0.12,"W01",0.0850292173271711,0.0769012695271782,0.114574842857494,0.0575502874651877
75124,0.12,"W11",0.0862023350538149,0.0807265402780017,0.124885302618835,0.0775019992185475
75124,0.12,"LSE",0.364866079487941,0.35634173548197,0.444707347683988,0.367752939689174
75124,0.12,"Huber",0.220824326402572,0.223111421843512,0.287305219675773,0.258194224376366
75124,0.12,"L1",0.164573904591177,0.163590157460734,0.185116742747704,0.107927099464133
75124,0.12,"PMM2",0.341049904953209,0.344989141132481,0.417844297992571,0.402800919017564
75124,0.12,"WPMM2",0.08620233531244,0.0807265517053459,0.124885286698284,0.0775019747335682
75125,0.12,"W00",0.175657415829983,0.160897310889588,0.184323739442424,0.00331716717527775
75125,0.12,"W10",0.1813030907949,0.16694587006096,0.186259430535023,0.00518332248665188
75125,0.12,"W01",0.159478662003319,0.151833952146266,0.253840561570518,0.209027708022254
75125,0.12,"W11",0.146268620842127,0.133230258780805,0.228092672443548,0.175514697593524
75125,0.12,"LSE",0.446606389633376,0.41943291256958,0.436668135390635,0.0267357459557513
75125,0.12,"Huber",0.219642696107154,0.204581877698259,0.224683040814126,0.0259310361565842
75125,0.12,"L1",0.23903938547725,0.224605384238619,0.228350621114729,0.053878234688375
75125,0.12,"PMM2",0.378327585697866,0.343084017224432,0.363860975609984,0.27583588584476
75125,0.12,"WPMM2",0.146268584861428,0.133230237414046,0.228092602885346,0.17551464045582
75126,0.12,"W00",0.289532950358512,0.287751675484793,0.337044305006877,0.316178688702998
75126,0.12,"W10",0.294026853217643,0.292313055705614,0.341904459362627,0.321196882458084
75126,0.12,"W01",0.117959758119396,0.108412678761681,0.143940479793513,0.101344831241265
75126,0.12,"W11",0.136794139297518,0.128648025206726,0.166327886917534,0.129988759023607
75126,0.12,"LSE",0.546141266918954,0.546730356530407,0.667094948836761,0.617246570828406
75126,0.12,"Huber",0.303181638424772,0.305504638633513,0.357591237823652,0.336673312654384
75126,0.12,"L1",0.364473084040782,0.366983245556193,0.48106206636425,0.466862963601762
75126,0.12,"PMM2",0.527785342019546,0.526041195946572,0.571321629242179,0.559807372548589
75126,0.12,"WPMM2",0.13679409199466,0.12864797475105,0.166327777553085,0.129988608140759
75127,0.12,"W00",0.102504596389607,0.0910747967460302,0.108786457349209,0.0491924371422878
75127,0.12,"W10",0.10267324065097,0.0912249912136819,0.108878768376507,0.0494144312405043
75127,0.12,"W01",0.159947055320875,0.156179009636397,0.219158316695314,0.189219886591011
75127,0.12,"W11",0.139408216688424,0.133657605126218,0.192743758164141,0.158471622151262
75127,0.12,"LSE",0.35306059363398,0.31856137195508,0.370451394087089,0.269650262524837
75127,0.12,"Huber",0.12185465210987,0.108870512264355,0.10921216272394,0.0597994768305785
75127,0.12,"L1",0.12590247097404,0.11270848294916,0.17307370742777,0.0587331735910012
75127,0.12,"PMM2",0.342722604623324,0.314735378922708,0.273816317680702,0.235249535506356
75127,0.12,"WPMM2",0.139408196920257,0.133657602789321,0.192743750106556,0.158471680315975
75128,0.12,"W00",0.144644147190314,0.131044747363517,0.198735457736996,0.0771435050032251
75128,0.12,"W10",0.145329557025201,0.131710096305428,0.200858551308367,0.0819247219632273
75128,0.12,"W01",0.231858845234389,0.223145570676791,0.332109111043072,0.268918209677808
75128,0.12,"W11",0.219260739195245,0.210211389120428,0.315932937188475,0.249098118393302
75128,0.12,"LSE",0.30524385785827,0.272922625667619,0.324273272892934,0.160094249052717
75128,0.12,"Huber",0.151512799876399,0.135111232133224,0.204825593979848,0.0543383884143774
75128,0.12,"L1",0.215110812113003,0.193307155952903,0.298221407495088,0.157488250262913
75128,0.12,"PMM2",0.285252556675642,0.256094242766545,0.251197344318122,0.142039736838652
75128,0.12,"WPMM2",0.219260739989023,0.210211384463016,0.315932920600831,0.249098124466366
75129,0.12,"W00",0.198009977880327,0.175905069055676,0.196872545489854,0.110334111099647
75129,0.12,"W10",0.20022682489391,0.177905396873226,0.198960941339537,0.112417918871507
75129,0.12,"W01",0.0817374596331976,0.0771123274497659,0.114529321821438,0.0635078612821658
75129,0.12,"W11",0.080947027546171,0.0751340912846842,0.107342684892648,0.0448879955611905
75129,0.12,"LSE",0.707506235856745,0.697715575147864,0.819025324521032,0.782999382888388
75129,0.12,"Huber",0.263738935855063,0.239657624950082,0.262013324117352,0.206431654697038
75129,0.12,"L1",0.239241334809671,0.211526924560976,0.235559201206153,0.153496350742794
75129,0.12,"PMM2",0.648752094357797,0.609794245473018,0.632146783534498,0.598252830107267
75129,0.12,"WPMM2",0.0809472092381863,0.0751342221094956,0.107342943274955,0.044888048568335
75130,0.12,"W00",0.176085927854789,0.156901568520592,0.148093652852637,0.0582062230785826
75130,0.12,"W10",0.179324778684485,0.159606297361378,0.14902638815088,0.0617078124852468
75130,0.12,"W01",0.126245167956648,0.101540514700735,0.190084824219082,0.101643375113441
75130,0.12,"W11",0.121203383593979,0.0970503551591747,0.176401250836188,0.0800223542630917
75130,0.12,"LSE",0.341512335572503,0.303910083108459,0.290157311791101,0.226665423634356
75130,0.12,"Huber",0.192027129601544,0.168453831454628,0.159207382660942,0.0803138813001727
75130,0.12,"L1",0.192962380348174,0.169565100817544,0.177159325412123,0.0930074419337413
75130,0.12,"PMM2",0.344151476663139,0.305335443438903,0.256226642263686,0.169368912224696
75130,0.12,"WPMM2",0.121203364893386,0.0970503268700154,0.176401242323059,0.0800223458620194
75131,0.12,"W00",0.416604831779044,0.419838905388666,0.515883797432419,0.342993243744571
75131,0.12,"W10",0.425893133266832,0.430296971730978,0.525730153179565,0.35879148615428
75131,0.12,"W01",0.345666185792416,0.338178981851261,0.442613267292258,0.190068365048497
75131,0.12,"W11",0.356217642220765,0.350574082877426,0.453018156986123,0.22036672033682
75131,0.12,"LSE",0.72195704615844,0.703383925249217,0.877558297957845,0.644882845626439
75131,0.12,"Huber",0.454823084850521,0.464207626624647,0.546228047096911,0.370166638042242
75131,0.12,"L1",0.54005731485517,0.544501619728691,0.636345141272264,0.423482413661703
75131,0.12,"PMM2",0.668634481936638,0.676729413112084,0.760654598356136,0.63726343643278
75131,0.12,"WPMM2",0.356217588946279,0.350574023657414,0.45301811910699,0.22036646660637
75132,0.12,"W00",0.183813640318067,0.176716043366172,0.205956675731431,0.18776354375059
75132,0.12,"W10",0.190867089324156,0.183693529212003,0.214302611356627,0.195983996639087
75132,0.12,"W01",0.048806014460967,0.0443385573351746,0.0600928892953268,0.0176574919849269
75132,0.12,"W11",0.0639990237848194,0.0578653377420529,0.0721301721172112,0.0419780234711843
75132,0.12,"LSE",0.438607820645914,0.446279581058398,0.584779426082722,0.552926863325886
75132,0.12,"Huber",0.219011309840164,0.214149332673481,0.248066157172079,0.235951461962788
75132,0.12,"L1",0.234132012345845,0.231483400845688,0.280641661622439,0.268680116674116
75132,0.12,"PMM2",0.427682563342355,0.420441166405436,0.456981161919891,0.450584899473487
75132,0.12,"WPMM2",0.0639986472557617,0.0578649892383303,0.0721299841518467,0.0419778216723258
75133,0.12,"W00",0.244645913027424,0.223895731578119,0.179058944284628,0.133284282717178
75133,0.12,"W10",0.244372057433883,0.223648704155891,0.178828576950995,0.132956587588495
75133,0.12,"W01",0.135146807310893,0.123727090189717,0.145107380932447,0.0354091386357196
75133,0.12,"W11",0.139887921512261,0.1318040954188,0.136538453311699,0.012109490791921
75133,0.12,"LSE",0.309721653648751,0.283723891089411,0.272445111025597,0.201063429134242
75133,0.12,"Huber",0.246541635128473,0.225586923796058,0.177550111568491,0.134541454416796
75133,0.12,"L1",0.254628813102993,0.242047505393715,0.221470049268055,0.205227317374686
75133,0.12,"PMM2",0.310776216717932,0.287828667256302,0.239041902549253,0.155422597140861
75133,0.12,"WPMM2",0.139887947206381,0.131804091257485,0.136538601652775,0.0121096662702116
75134,0.12,"W00",0.1643026838065,0.154768398644127,0.262823320134502,0.201619824909478
75134,0.12,"W10",0.165245565865335,0.155882022435125,0.264046323735396,0.20316284982264
75134,0.12,"W01",0.128569102878981,0.113216586358858,0.16288589068661,0.016938325212761
75134,0.12,"W11",0.120718682659394,0.101921131495304,0.169850661010497,0.0434819965485534
75134,0.12,"LSE",0.491039404287513,0.467450024627183,0.634690415979447,0.51729488923872
75134,0.12,"Huber",0.194294765365204,0.191794999252047,0.302133916672753,0.252782075162507
75134,0.12,"L1",0.137334446964834,0.136448658210798,0.209291376322377,0.169454597043671
75134,0.12,"PMM2",0.457526889077787,0.443530111659127,0.549356548261811,0.506880652865298
75134,0.12,"WPMM2",0.12071868831931,0.101921090923263,0.169850688086366,0.0434823019839947
75135,0.12,"W00",0.134044043545195,0.118068935170625,0.164958018025565,0.0139396097325632
75135,0.12,"W10",0.134031299934029,0.118057265240087,0.164954872572845,0.0139190336881573
75135,0.12,"W01",0.123659485480616,0.106631617530288,0.202559757577656,0.127966507313699
75135,0.12,"W11",0.118307640424951,0.0995346934187235,0.192370546685314,0.110419143738
75135,0.12,"LSE",0.421216012280699,0.384927780235025,0.492031959877108,0.35709437397469
75135,0.12,"Huber",0.170882752201568,0.150855747949049,0.189007396727454,0.0791722478640722
75135,0.12,"L1",0.176495285982059,0.157911528343287,0.228428626582385,0.0497427697047166
75135,0.12,"PMM2",0.379594842166624,0.348174110298636,0.357610988784708,0.306837283765637
75135,0.12,"WPMM2",0.118307603189029,0.0995346605153175,0.192370484280736,0.110419099100178
75136,0.12,"W00",0.232075605589309,0.222958950208883,0.240009723562215,0.19297827262859
75136,0.12,"W10",0.237945816738212,0.228524171441518,0.245165929744009,0.199828318377887
75136,0.12,"W01",0.135127047957964,0.130513000352061,0.168808798830158,0.0113305207726655
75136,0.12,"W11",0.141916526736826,0.137110080176571,0.170576346288549,0.0389448868145056
75136,0.12,"LSE",0.4982738296157,0.496516605870496,0.588484179797415,0.568650779188593
75136,0.12,"Huber",0.272731375392608,0.26310804197024,0.28962024972732,0.253453784548537
75136,0.12,"L1",0.332948247609407,0.322456559026266,0.432137584515883,0.347131592996596
75136,0.12,"PMM2",0.481632209638104,0.457503546399445,0.47208008393348,0.45502978041355
75136,0.12,"WPMM2",0.141916480049153,0.137110050533539,0.170576278290395,0.0389448432746495
75137,0.12,"W00",0.23651873136591,0.21305934490762,0.216854340201674,0.149604542339954
75137,0.12,"W10",0.241231997292617,0.217460692060453,0.220368412971967,0.154737799033813
75137,0.12,"W01",0.168884114977599,0.152339446599208,0.173404439689763,0.0661544631210737
75137,0.12,"W11",0.17833353049625,0.160386251470988,0.178374646932956,0.0796516188564408
75137,0.12,"LSE",0.320892726803828,0.295249415270796,0.291959447025677,0.261550694979646
75137,0.12,"Huber",0.248038583793699,0.223592220577382,0.228712165772305,0.165663248590084
75137,0.12,"L1",0.263463476550603,0.236155764404456,0.236556881803192,0.142685087645203
75137,0.12,"PMM2",0.320510968314954,0.293613444639982,0.283666250084353,0.240622208912325
75137,0.12,"WPMM2",0.17833350181518,0.160386228962203,0.178374635771207,0.0796516134270637
75138,0.12,"W00",0.255882666547944,0.261485569362315,0.301572353248231,0.246963464368093
75138,0.12,"W10",0.269132204024175,0.27493778280013,0.315921316895516,0.263555353486545
75138,0.12,"W01",0.139218608185042,0.134731839525238,0.172988487215731,0.0605910277565135
75138,0.12,"W11",0.152853764004535,0.151869535295031,0.187417882716917,0.0927274202844555
75138,0.12,"LSE",0.792398014426467,0.798631511137789,1.04167323698655,0.981057515238104
75138,0.12,"Huber",0.298806036856171,0.301840948498307,0.352062893259823,0.289223509499293
75138,0.12,"L1",0.371545132439248,0.365061262326462,0.477698221202614,0.424373673530694
75138,0.12,"PMM2",0.786365260679557,0.77093658079956,0.888889958450861,0.802454515202179
75138,0.12,"WPMM2",0.152853756527121,0.151869517640213,0.187417870725147,0.0927273778331845
75139,0.12,"W00",0.19100360363259,0.174480149286045,0.255234216832004,0.173963073038884
75139,0.12,"W10",0.193795801421222,0.177397976571713,0.258872540219716,0.179325621996118
75139,0.12,"W01",0.140294903603381,0.13048785725811,0.193178465236498,0.0278670285198608
75139,0.12,"W11",0.134466031566703,0.126654376113506,0.1910333218504,0.00436119667471035
75139,0.12,"LSE",0.28657488431192,0.285697944339932,0.386931649622654,0.357424172250778
75139,0.12,"Huber",0.203756257064535,0.188516227642291,0.270008653847569,0.204267670637815
75139,0.12,"L1",0.240328584410349,0.224314462729708,0.292179347782539,0.209597919545463
75139,0.12,"PMM2",0.297275714345091,0.280149128875683,0.333798866982392,0.293346190263034
75139,0.12,"WPMM2",0.134466025063772,0.126654369178675,0.19103331420951,0.00436123855343962
75140,0.12,"W00",0.207770852473102,0.188768664148064,0.244535632617787,0.183346540926126
75140,0.12,"W10",0.206148314460095,0.187239975525107,0.2430839112284,0.181376000340198
75140,0.12,"W01",0.13233436354709,0.120721528340982,0.176368418278395,0.0463241067840909
75140,0.12,"W11",0.124715416154526,0.113484748325343,0.170811893571356,0.0222390363081628
75140,0.12,"LSE",1.33099020395805,1.26847374755032,1.75830765804864,1.36389670040118
75140,0.12,"Huber",0.232127552398927,0.210966728297701,0.252351272523284,0.2044584253676
75140,0.12,"L1",0.203001950662253,0.185447777749768,0.26573161796855,0.188633678233483
75140,0.12,"PMM2",1.17129295826493,1.12649233041249,1.08520197214141,1.05818392292644
75140,0.12,"WPMM2",0.124715349660298,0.113484672224496,0.170811817477836,0.0222390131192338
75141,0.12,"W00",0.214345157668405,0.199281341352897,0.211686900828329,0.161491849929932
75141,0.12,"W10",0.21272114663396,0.197642063217081,0.210413347580983,0.159501955680516
75141,0.12,"W01",0.172189445928366,0.156383015750698,0.180533403330355,0.102549815714412
75141,0.12,"W11",0.175518017814727,0.159742166556835,0.182719081858371,0.107909649072746
75141,0.12,"LSE",0.22972284527882,0.21763118435974,0.240517466877405,0.211240502309373
75141,0.12,"Huber",0.217535267007944,0.204102545866493,0.213042419351946,0.167613990483708
75141,0.12,"L1",0.197394277091198,0.191616975303835,0.209017785617754,0.186470472129267
75141,0.12,"PMM2",0.24265108446049,0.227414063139613,0.256821179616464,0.208147964601022
75141,0.12,"WPMM2",0.175518074587984,0.159742233869296,0.182719057940055,0.107909775672991
75142,0.12,"W00",0.28819476335025,0.278006408668478,0.331282022015349,0.0332875852539117
75142,0.12,"W10",0.290197513980534,0.280037555130207,0.332210761706955,0.0382900445649201
75142,0.12,"W01",0.256121518324328,0.250784487653383,0.341661826169481,0.12757876263451
75142,0.12,"W11",0.256981789794579,0.250470604200982,0.336474196142541,0.106929041526737
75142,0.12,"LSE",0.687486849216291,0.67785902427655,0.876337640602024,0.647901254469688
75142,0.12,"Huber",0.327287879048039,0.320428467679586,0.366224512946845,0.0959132023405456
75142,0.12,"L1",0.331355028462543,0.315370676784094,0.364129126456012,0.0295961513907561
75142,0.12,"PMM2",0.58098184829135,0.581839796729881,0.641928101449416,0.522613576903791
75142,0.12,"WPMM2",0.256981873819294,0.250470665807953,0.336474291953234,0.106929115087252
75143,0.12,"W00",0.191452390795174,0.181492305346603,0.231004220797074,0.184582093171078
75143,0.12,"W10",0.196145298474617,0.186134285358038,0.235806292537494,0.191001830885047
75143,0.12,"W01",0.132410410050225,0.123357379037729,0.178317368376026,0.0510292293577868
75143,0.12,"W11",0.12304294705768,0.114376627411524,0.168859465436556,0.0183808493770958
75143,0.12,"LSE",0.518809842902562,0.489117279864522,0.547775164000893,0.516319995290613
75143,0.12,"Huber",0.226457690323153,0.215824404849964,0.25895924870417,0.230668870216944
75143,0.12,"L1",0.214531988509696,0.206722598480748,0.300467989399699,0.225183250214105
75143,0.12,"PMM2",0.506938020238339,0.501651778018861,0.532975321093261,0.531090937779045
75143,0.12,"WPMM2",0.123042932834934,0.11437655793163,0.168859342133425,0.0183805396720896
75144,0.12,"W00",0.250006892065425,0.248171528859948,0.319880557288623,0.258153184907323
75144,0.12,"W10",0.246425387224949,0.244896327661354,0.317190123558367,0.254387751418454
75144,0.12,"W01",0.166862987254309,0.143683208220816,0.2391211912605,0.115495689627306
75144,0.12,"W11",0.171927778567467,0.151156723088864,0.246096702836107,0.129286789996267
75144,0.12,"LSE",0.310644515127345,0.29588067820351,0.320497996417389,0.284507859635602
75144,0.12,"Huber",0.251554445427057,0.245707330025521,0.310876214301329,0.254756443511474
75144,0.12,"L1",0.270832806248314,0.251110293120566,0.39074083097173,0.296959811091107
75144,0.12,"PMM2",0.320080465115606,0.32900904896646,0.41781123650357,0.374142894236485
75144,0.12,"WPMM2",0.171927768507602,0.151156736783594,0.246096627143255,0.12928673977338
75145,0.12,"W00",0.138404370517825,0.123982113903894,0.141356691125279,0.0561477363913937
75145,0.12,"W10",0.150193315713218,0.134410242274509,0.148193827545219,0.0714074473480366
75145,0.12,"W01",0.107528900866153,0.0932496792883056,0.142297049906948,0.0592062533977008
75145,0.12,"W11",0.103152446054756,0.0901806594529647,0.133992071246469,0.037552123131017
75145,0.12,"LSE",0.523729023241934,0.467512868860967,0.466959458100038,0.187536707490157
75145,0.12,"Huber",0.185324425556332,0.166149294974667,0.13887737239841,0.0285927312858106
75145,0.12,"L1",0.222147973512887,0.208039255668436,0.189434388424251,0.0418351968990536
75145,0.12,"PMM2",0.509334214893583,0.453882850163773,0.361061675004647,0.212751822450038
75145,0.12,"WPMM2",0.103152468389994,0.0901806697516828,0.133992154016003,0.0375522089311606
75146,0.12,"W00",0.243276759503914,0.219786025538373,0.277479917232544,0.193905223860047
75146,0.12,"W10",0.235511534453861,0.212695321427885,0.270843446676393,0.185214456794237
75146,0.12,"W01",0.124013046928408,0.103709794637926,0.178228195608953,0.0310043002825301
75146,0.12,"W11",0.121854908766688,0.102628273500929,0.177121519293941,0.012628008549598
75146,0.12,"LSE",0.414693852627068,0.399262148473456,0.46197726672575,0.429610271970546
75146,0.12,"Huber",0.25495501100639,0.231797232892528,0.282037680431215,0.220662925217749
75146,0.12,"L1",0.206958061064226,0.191720155516956,0.25848294382635,0.205051889072181
75146,0.12,"PMM2",0.416112138449857,0.379687098750656,0.411136519885617,0.357745653813187
75146,0.12,"WPMM2",0.121854837955129,0.102628224316637,0.177121427408894,0.0126279267032634
75147,0.12,"W00",0.156400997843216,0.141618830772836,0.243710280112527,0.180041666730312
75147,0.12,"W10",0.161067524670764,0.147531194174917,0.249985081766025,0.188795820619325
75147,0.12,"W01",0.155347390414602,0.140272237207681,0.242275406552813,0.178005245084685
75147,0.12,"W11",0.158247621714069,0.143966556235982,0.24620502574496,0.183550848452177
75147,0.12,"LSE",0.263496176119061,0.244003130511093,0.357206103266842,0.244944103531517
75147,0.12,"Huber",0.175808546436021,0.161985362626862,0.260686018662969,0.190527449988303
75147,0.12,"L1",0.246989544118196,0.240991048260496,0.388681083421223,0.329924322547399
75147,0.12,"PMM2",0.228507632788521,0.220413246745731,0.31725290883095,0.268263101866815
75147,0.12,"WPMM2",0.158247609068648,0.143966521004219,0.246205017474023,0.183550794187749
75148,0.12,"W00",0.185033400023594,0.167507840891527,0.19442765954812,0.0369271046715836
75148,0.12,"W10",0.186730477098781,0.169188514549539,0.195098442744786,0.0396629236615526
75148,0.12,"W01",0.180468258902959,0.168137732562449,0.267018219768601,0.191980670296133
75148,0.12,"W11",0.164609279466309,0.151037220782902,0.243155642543054,0.158073870662222
75148,0.12,"LSE",0.402732407263464,0.383757281934487,0.433435726299913,0.32208595278369
75148,0.12,"Huber",0.22797989608713,0.210007597735292,0.23597875998382,0.0951060362463357
75148,0.12,"L1",0.228946869106185,0.210222971725188,0.218049775047828,0.0902895578024802
75148,0.12,"PMM2",0.378078455642407,0.349707675604084,0.320789692299839,0.241462902004765
75148,0.12,"WPMM2",0.164609230068539,0.151037155526413,0.243155516370326,0.15807363334198
75149,0.12,"W00",0.244577623072914,0.216830935892433,0.231644517681482,0.131548044455682
75149,0.12,"W10",0.247103498926794,0.219119815149971,0.233489102515223,0.134834036845392
75149,0.12,"W01",0.161613389772036,0.133618627632454,0.244242159881244,0.147016514546025
75149,0.12,"W11",0.151503273727089,0.122791236301164,0.22237051258839,0.111840166835358
75149,0.12,"LSE",0.422513494253973,0.385974955578634,0.449206174469714,0.377047840970991
75149,0.12,"Huber",0.244413102426665,0.21668308131214,0.234639811653784,0.14361046049814
75149,0.12,"L1",0.28084839107958,0.252912872843995,0.274121088905927,0.165074170252812
75149,0.12,"PMM2",0.414192811490287,0.371722793379279,0.365440782617369,0.285320635971724
75149,0.12,"WPMM2",0.15150323459409,0.122791212520061,0.222370432253831,0.111840045106222
75150,0.12,"W00",0.214444645234314,0.214883445917326,0.299180076642845,0.267118349868632
75150,0.12,"W10",0.224312315445765,0.225520168109603,0.311558438235879,0.280903481505941
75150,0.12,"W01",0.167224032248165,0.16254893614013,0.23843991535788,0.196843944812218
75150,0.12,"W11",0.178468872496435,0.175145752726568,0.252928000075915,0.214004241969135
75150,0.12,"LSE",0.382383275857325,0.382470952650536,0.511032436315638,0.477458433526959
75150,0.12,"Huber",0.237702262002956,0.239594946404643,0.322436217416824,0.304362957815845
75150,0.12,"L1",0.280534997073539,0.283949034084768,0.414561263642173,0.394950242699419
75150,0.12,"PMM2",0.379243525640978,0.381301417701428,0.479751080781215,0.468892681609371
75150,0.12,"WPMM2",0.178469026101252,0.175145901193534,0.252928155248011,0.214004398957755
75151,0.12,"W00",0.378159954610141,0.37808692683768,0.581473571220862,0.522847708568712
75151,0.12,"W10",0.381080317398139,0.38120108955506,0.585233668290659,0.526940973441563
75151,0.12,"W01",0.308223027175482,0.302919520058137,0.489192077352288,0.420081105214245
75151,0.12,"W11",0.317551090779925,0.313101408701623,0.501859674047844,0.434535074849879
75151,0.12,"LSE",0.992140793718041,0.95538241346068,1.42984911697772,1.00697420784318
75151,0.12,"Huber",0.407199458107809,0.405606849871294,0.619583941712649,0.553593859447808
75151,0.12,"L1",0.437747617367009,0.429780186971904,0.676973835630312,0.575087498249154
75151,0.12,"PMM2",0.810633899657695,0.805208170494979,1.0824026788017,1.01467339861735
75151,0.12,"WPMM2",0.317551056474944,0.313101371340405,0.501859624302667,0.434535017366714
75152,0.12,"W00",0.205966616410354,0.188202425512661,0.30849871886935,0.107802263152122
75152,0.12,"W10",0.212324357731754,0.193864946471152,0.312396889111784,0.119148641762221
75152,0.12,"W01",0.187549289760711,0.162598349519256,0.295687807738843,0.0502132479972668
75152,0.12,"W11",0.184825588443564,0.160400895138152,0.294523549701766,0.0299073964851881
75152,0.12,"LSE",0.49940971882869,0.486689429561895,0.59006443923259,0.484943537138168
75152,0.12,"Huber",0.243432943677488,0.222892933776013,0.330397135967751,0.156225430828349
75152,0.12,"L1",0.262297895478037,0.24140036135852,0.312354121549306,0.160393869551185
75152,0.12,"PMM2",0.464226602691969,0.43346191418632,0.482550676796789,0.433100872388169
75152,0.12,"WPMM2",0.184825584604149,0.16040089747077,0.294523535615734,0.0299073879974713
75153,0.12,"W00",0.106829261498327,0.10188525668858,0.16444670115532,0.125088327504692
75153,0.12,"W10",0.112506913223101,0.108422855711242,0.173626093835226,0.135482012466153
75153,0.12,"W01",0.0945260097768078,0.0891076387211659,0.0873835780797408,0.0268051438980159
75153,0.12,"W11",0.0810041492347061,0.0754987946858719,0.0859315102966463,0.00208969818878779
75153,0.12,"LSE",0.196645435851507,0.185796393933222,0.23096505039989,0.158858053442243
75153,0.12,"Huber",0.110032820024925,0.105404229002837,0.170360625141064,0.127442762508641
75153,0.12,"L1",0.158576484187998,0.160292049245379,0.243796791965533,0.21762170357485
75153,0.12,"PMM2",0.167553259809046,0.167898489220832,0.22320846242563,0.201550872060011
75153,0.12,"WPMM2",0.0810041830525553,0.0754988208008043,0.0859315679437051,0.00208973916391442
75154,0.12,"W00",0.233094028012358,0.227601728146413,0.2390460462184,0.189323644038395
75154,0.12,"W10",0.235799480555548,0.230259759987787,0.241508397993638,0.192455862322785
75154,0.12,"W01",0.126578752080803,0.122654380656997,0.165621788720781,0.0586925984861897
75154,0.12,"W11",0.121847887893191,0.116278383441034,0.157432728065081,0.0356233642035454
75154,0.12,"LSE",0.783748601114703,0.733228682609572,1.03131960274334,0.511606946734273
75154,0.12,"Huber",0.236443290318853,0.229265200561467,0.249843521016905,0.185086186605957
75154,0.12,"L1",0.217143313800525,0.209170300103049,0.28256305631038,0.153843939538
75154,0.12,"PMM2",0.667229670996318,0.65632217158069,0.676560135722667,0.654759665732934
75154,0.12,"WPMM2",0.121847902931475,0.116278400789871,0.157432734291728,0.0356232564087811
75155,0.12,"W00",0.240527455513694,0.217508332721096,0.226134765428216,0.150329946635837
75155,0.12,"W10",0.235627787223838,0.213085271074423,0.222468800816202,0.145092933679054
75155,0.12,"W01",0.128213650122816,0.109283327421961,0.200708327129257,0.118937672254012
75155,0.12,"W11",0.118540761701065,0.0971741422676403,0.183973205418369,0.088276405422328
75155,0.12,"LSE",0.386766213176635,0.355721721065573,0.365287338726061,0.327384039056571
75155,0.12,"Huber",0.246322725335775,0.220671796137586,0.229233575392131,0.159661658734905
75155,0.12,"L1",0.216881036350807,0.203129383086791,0.192165790290676,0.0220870121970153
75155,0.12,"PMM2",0.372865673110547,0.341172545578494,0.321936594076774,0.27549261077511
75155,0.12,"WPMM2",0.118540762630894,0.0971741593241953,0.183973193863419,0.0882762671830881
75156,0.12,"W00",0.15699977439,0.138105425646297,0.230031029338098,0.115798346659167
75156,0.12,"W10",0.160927776449016,0.142059747533541,0.234549715450155,0.121891825440209
75156,0.12,"W01",0.115258936542484,0.102509946937966,0.170462417253659,0.0137703012384049
75156,0.12,"W11",0.113994544994062,0.100487258519658,0.175645063815804,0.00795384030416035
75156,0.12,"LSE",0.424348156635182,0.427191259178596,0.638151812574926,0.594545911126893
75156,0.12,"Huber",0.166007832479613,0.148427996430854,0.242406735147928,0.147514283857679
75156,0.12,"L1",0.175067251120891,0.161072089324543,0.267665014801657,0.196647593057823
75156,0.12,"PMM2",0.37490773908557,0.371374276486121,0.471463625086648,0.437447541708267
75156,0.12,"WPMM2",0.113994605194827,0.100487297269643,0.175645180938608,0.00795403741791484
75157,0.12,"W00",0.248778383181211,0.237423995100158,0.36041972566308,0.275003742584887
75157,0.12,"W10",0.245421809213948,0.23330692954589,0.3554826422427,0.268483681327158
75157,0.12,"W01",0.174581584619754,0.141161317744801,0.247485633802118,0.057732620663583
75157,0.12,"W11",0.178451539554524,0.144217868614648,0.253976694017486,0.0811875125517452
75157,0.12,"LSE",0.921311358647022,0.939076689548231,1.44527773662082,1.38469222760664
75157,0.12,"Huber",0.271661483837339,0.266941875804506,0.398569428933824,0.333259868886611
75157,0.12,"L1",0.206113669630385,0.195961746910908,0.316567954301719,0.242259684693283
75157,0.12,"PMM2",0.801593849350967,0.802117223900284,0.968850803525723,0.958700278901201
75157,0.12,"WPMM2",0.178451501921126,0.144217838157052,0.25397666376386,0.0811876849019034
75158,0.12,"W00",0.21116996557555,0.193879099709342,0.172265820038915,0.111176964292128
75158,0.12,"W10",0.223882713544657,0.205731580540753,0.181701503117546,0.124069286580694
75158,0.12,"W01",0.0893128136863763,0.07363905559327,0.131467813266057,0.0591740175219689
75158,0.12,"W11",0.096253820067878,0.0837017804458319,0.123945878479012,0.0295695004195095
75158,0.12,"LSE",0.667834620169018,0.667812967129467,0.859645133113875,0.793342792721873
75158,0.12,"Huber",0.251070344983709,0.235649429384606,0.217059312624475,0.166964214210757
75158,0.12,"L1",0.321275479757643,0.29453600000952,0.273423481121038,0.157784477691072
75158,0.12,"PMM2",0.656463012768877,0.63123045180642,0.674488268820758,0.628358633818519
75158,0.12,"WPMM2",0.096253634888265,0.083701589197569,0.123945748407316,0.0295695327685166
75159,0.12,"W00",0.204297532807774,0.186551036268454,0.228286344796682,0.0174698558312465
75159,0.12,"W10",0.205501857250816,0.18759580261235,0.228738237092154,0.020179327916563
75159,0.12,"W01",0.195571214454081,0.170597280472306,0.232436091497905,0.0784694694283682
75159,0.12,"W11",0.194739880872309,0.170580004292753,0.230033724995556,0.0656709036982212
75159,0.12,"LSE",0.462896304524485,0.446098266223386,0.524816114393929,0.487953805144086
75159,0.12,"Huber",0.239043325904933,0.216286368636938,0.248265591368177,0.0902199088042773
75159,0.12,"L1",0.230027425369646,0.208604495658226,0.243097161420464,0.0684416233105409
75159,0.12,"PMM2",0.440275171924971,0.403283443528047,0.399570926061256,0.342041228518067
75159,0.12,"WPMM2",0.19473981828915,0.170579953369013,0.230033641328786,0.065670878648575
75160,0.12,"W00",0.20935643633241,0.208246124833404,0.227208229865246,0.220393752462966
75160,0.12,"W10",0.201316652867797,0.200353781425406,0.219141126234565,0.211983269664582
75160,0.12,"W01",0.0633693634213292,0.0632084979232986,0.076614681953508,0.0464195120023024
75160,0.12,"W11",0.0715359375067476,0.0718277677408823,0.0860410484645484,0.0605339347534445
75160,0.12,"LSE",0.437851094619626,0.414794072078761,0.43484687347088,0.423067088035983
75160,0.12,"Huber",0.243298715826536,0.243682507015719,0.265811769023259,0.262111824031117
75160,0.12,"L1",0.178388719158015,0.176079036155866,0.205905201546252,0.184955722093076
75160,0.12,"PMM2",0.402432149160429,0.393257340584279,0.394175819497857,0.388538929051598
75160,0.12,"WPMM2",0.0715359430313983,0.0718277717306407,0.0860410531858225,0.0605339612747001
75161,0.12,"W00",0.127824423948004,0.125463145809645,0.140244857151135,0.0448429131016024
75161,0.12,"W10",0.126786136438471,0.124391278225435,0.139464555044581,0.0422911152072479
75161,0.12,"W01",0.176296339148322,0.179738547844789,0.253607362395611,0.213023848526136
75161,0.12,"W11",0.161120215300628,0.163961682274364,0.233161794884849,0.188566208946958
75161,0.12,"LSE",0.353118199130946,0.355024946112256,0.450220566479358,0.410271165579994
75161,0.12,"Huber",0.139805675703082,0.139347358719975,0.156000647130409,0.0845678973923327
75161,0.12,"L1",0.0807176005461432,0.0736698794716989,0.0977515444732308,0.00754192834186429
75161,0.12,"PMM2",0.339309959312252,0.334613164985317,0.351446578428458,0.327800440475874
75161,0.12,"WPMM2",0.161120151331296,0.163961613047026,0.233161697963405,0.188566098585229
75162,0.12,"W00",0.248991495730019,0.254331161881401,0.322183381252734,0.298603822238526
75162,0.12,"W10",0.25850701175011,0.26382653522821,0.332072160908612,0.308699726715311
75162,0.12,"W01",0.120036347407748,0.122526786357342,0.177051497856323,0.144837092051435
75162,0.12,"W11",0.139660946232532,0.143197804973634,0.202638031084305,0.173036989692871
75162,0.12,"LSE",0.559398948517119,0.531772792993963,0.677326937789794,0.579071638517671
75162,0.12,"Huber",0.264990876658248,0.269872056035816,0.328679854076902,0.297959769962195
75162,0.12,"L1",0.286441319328726,0.277478361390585,0.323830581794216,0.29637725540457
75162,0.12,"PMM2",0.533726657318673,0.514551156808262,0.502488313667134,0.474268075722263
75162,0.12,"WPMM2",0.139661122703229,0.143197999097711,0.202638162946003,0.173037107766744
75163,0.12,"W00",0.131129839593282,0.119823460131019,0.160128834869318,0.101176977844684
75163,0.12,"W10",0.12726544604609,0.116029862602087,0.156018063938366,0.0949917780963615
75163,0.12,"W01",0.0993611036294016,0.0901260143252996,0.124096757765756,0.0423849213153578
75163,0.12,"W11",0.0949438505142036,0.086783573017311,0.121259512329381,0.031478299146726
75163,0.12,"LSE",0.248494757890486,0.243103116867377,0.336800203461182,0.283805999348891
75163,0.12,"Huber",0.148088259181202,0.135918178925128,0.184663354463899,0.122524548778793
75163,0.12,"L1",0.154051148163037,0.149474279242339,0.23403110143458,0.169089059812141
75163,0.12,"PMM2",0.224048737830456,0.213594961026269,0.251892607364704,0.221851854882954
75163,0.12,"WPMM2",0.0949439274108353,0.0867836433062854,0.121259595422402,0.0314782977069756
75164,0.12,"W00",0.223278241361583,0.20857180573482,0.215405059129118,0.196912321878277
75164,0.12,"W10",0.233661775617151,0.21871990604253,0.22550591958029,0.208027779882577
75164,0.12,"W01",0.153373016055827,0.140692108885218,0.149783155384902,0.119750770760675
75164,0.12,"W11",0.169267458827073,0.155992456942371,0.164217260320089,0.137907526247634
75164,0.12,"LSE",0.511942661509216,0.494090866774513,0.60415958025995,0.569977705182424
75164,0.12,"Huber",0.249148841445091,0.236274981957062,0.262791931133507,0.244862321999012
75164,0.12,"L1",0.317125529896263,0.306074821622113,0.354620984197977,0.310067861717165
75164,0.12,"PMM2",0.512769014214792,0.493137954441614,0.497127697244408,0.488303031315338
75164,0.12,"WPMM2",0.169267403362463,0.155992419354678,0.164217247915408,0.137907533677036
75165,0.12,"W00",0.24069038705503,0.218798464418631,0.27935310480219,0.182183503009848
75165,0.12,"W10",0.242548803411757,0.220601711728981,0.280739440749725,0.184422204898313
75165,0.12,"W01",0.148153807089789,0.13636432539302,0.226483033970262,0.0307519434942648
75165,0.12,"W11",0.154556720479199,0.140825194605705,0.227225256933956,0.0502046218815952
75165,0.12,"LSE",0.766309515079926,0.721599413218685,0.73318732414071,0.668799004675858
75165,0.12,"Huber",0.303534040866628,0.27785357700606,0.325509844760408,0.237515236851627
75165,0.12,"L1",0.309383143780257,0.289654675011393,0.363101922802431,0.244570708761585
75165,0.12,"PMM2",0.786353400399225,0.73708104882697,0.790462897407822,0.716132682712313
75165,0.12,"WPMM2",0.154556745985315,0.140825196115436,0.22722513405552,0.0502047253894248
75166,0.12,"W00",0.141920323739394,0.132671408625841,0.19811661529633,0.0804874017167364
75166,0.12,"W10",0.136889952704898,0.128485638508318,0.192318871385424,0.0682585815139395
75166,0.12,"W01",0.207430906868353,0.188300421934877,0.216948355262587,0.140814811450247
75166,0.12,"W11",0.192552637394332,0.174679984382637,0.205569938628691,0.121929808864262
75166,0.12,"LSE",0.267920946503774,0.246940546908825,0.325500224179399,0.241321287173101
75166,0.12,"Huber",0.151566294437189,0.139910173923037,0.205560314092877,0.0903547419864698
75166,0.12,"L1",0.169782649539056,0.156746921019787,0.22375259105563,0.0177216706065605
75166,0.12,"PMM2",0.231355469668712,0.217842995003946,0.297869870710931,0.245410385113195
75166,0.12,"WPMM2",0.192552416489642,0.174679814553705,0.205569847580136,0.121929515560223
75167,0.12,"W00",0.212146341380928,0.195006213330062,0.245401636415562,0.167530076670029
75167,0.12,"W10",0.211086189563312,0.193966972173481,0.244261191300343,0.165817182246716
75167,0.12,"W01",0.165498908386906,0.151176155930998,0.198440221703843,0.0809409472094841
75167,0.12,"W11",0.168390195749474,0.15365148847341,0.201042448224571,0.0873099469327432
75167,0.12,"LSE",0.250215861802121,0.23340692983761,0.294962108595802,0.238815171626707
75167,0.12,"Huber",0.21334807521352,0.195888826474093,0.241995345051944,0.165989087390478
75167,0.12,"L1",0.217907343161366,0.198208910658824,0.248797402953079,0.140188280240519
75167,0.12,"PMM2",0.245970546922911,0.227350111830825,0.27747111875792,0.214517383549039
75167,0.12,"WPMM2",0.168390225095526,0.153651513602243,0.201042482107609,0.0873100128302077
75168,0.12,"W00",0.180223521551249,0.170721411106294,0.183826872582447,0.147694350778306
75168,0.12,"W10",0.176874221062447,0.167644024301101,0.181647090826931,0.144563097032679
75168,0.12,"W01",0.206835083910029,0.204420307675968,0.230415522765942,0.148844543055772
75168,0.12,"W11",0.17384439376322,0.170844008751802,0.19866084213337,0.106850905488071
75168,0.12,"LSE",0.886086242075746,0.88106092038133,1.11804415915774,1.04840158776008
75168,0.12,"Huber",0.233395965925071,0.223587287726062,0.263657505365573,0.230239839156326
75168,0.12,"L1",0.213512455625862,0.211830679267638,0.28785487066119,0.22662489809659
75168,0.12,"PMM2",0.844226811688607,0.809353506335651,0.8188853938145,0.802975080664248
75168,0.12,"WPMM2",0.173844751579402,0.170844318324203,0.198661187386155,0.106851115775303
75169,0.12,"W00",0.348206258530504,0.321695345845049,0.333069697681813,0.259550409856974
75169,0.12,"W10",0.340980928739834,0.314868428257189,0.326131155888451,0.252439585434375
75169,0.12,"W01",0.178255254369189,0.160888980881825,0.178561482428618,0.0823361781827843
75169,0.12,"W11",0.192948171468588,0.174836548007326,0.190540521125237,0.0992843976489313
75169,0.12,"LSE",0.498383060819578,0.479521846151876,0.506955769181305,0.495313476579235
75169,0.12,"Huber",0.361411530495345,0.33694371949339,0.348214532003328,0.286987132700666
75169,0.12,"L1",0.358920712669227,0.333973905949888,0.353097035625667,0.251052493896148
75169,0.12,"PMM2",0.511340208915176,0.484616193042251,0.495065781715033,0.449896120221033
75169,0.12,"WPMM2",0.192947708158529,0.174836133588073,0.190540098890224,0.0992840658008721
75170,0.12,"W00",0.316680828500773,0.31019029123343,0.382583723618476,0.362884363951009
75170,0.12,"W10",0.311326801826125,0.304972535162089,0.377655551108909,0.357671541685472
75170,0.12,"W01",0.126788212759684,0.119291078456737,0.190321852704873,0.143893626711321
75170,0.12,"W11",0.141898517060972,0.135174669768011,0.208663458479926,0.166506208867837
75170,0.12,"LSE",0.75181261467712,0.763414197753842,1.01922585456731,0.985082005332844
75170,0.12,"Huber",0.345610451525148,0.337940575824951,0.423895296776851,0.401279960976862
75170,0.12,"L1",0.274997796352135,0.260577686546958,0.322470502053516,0.291936800455271
75170,0.12,"PMM2",0.724348552890941,0.69958440399939,0.738478574052922,0.717523970299415
75170,0.12,"WPMM2",0.141898558391875,0.13517471081762,0.208663515454243,0.166506260625713
75171,0.12,"W00",0.127261353001141,0.117125593690156,0.143075311193621,0.026069423312425
75171,0.12,"W10",0.123863686863362,0.112896206959945,0.144160666567019,0.0318927850585861
75171,0.12,"W01",0.148891070214093,0.132313978369201,0.227569968654332,0.169944569741457
75171,0.12,"W11",0.140140763996458,0.121122209676273,0.21640183063254,0.156445555384508
75171,0.12,"LSE",0.288703728329461,0.27000821182143,0.292138767133714,0.232863509644562
75171,0.12,"Huber",0.148805862202166,0.140820598706777,0.140608077157135,0.00428089853854369
75171,0.12,"L1",0.150213209564867,0.129214861250122,0.210807834509419,0.0998775197039555
75171,0.12,"PMM2",0.283430600793873,0.258228276657302,0.223885502914089,0.162498154649779
75171,0.12,"WPMM2",0.140140857049923,0.121122334609431,0.216401995335827,0.156445777800501
75172,0.12,"W00",0.196731842826146,0.186459661584227,0.254893957883711,0.192596934979289
75172,0.12,"W10",0.198571542521807,0.188413866823007,0.257072229471185,0.195312674432967
75172,0.12,"W01",0.125954884550656,0.116688848964385,0.16586631589736,0.0470524588485346
75172,0.12,"W11",0.115734273100513,0.1053816978574,0.158419738115957,0.0156907754654284
75172,0.12,"LSE",0.357555771391987,0.318508479918668,0.28847630312887,0.211485649242746
75172,0.12,"Huber",0.163536550579255,0.154540372715338,0.18277501680971,0.15945280659641
75172,0.12,"L1",0.169062103927837,0.166802813674255,0.245698407090609,0.215483455212059
75172,0.12,"PMM2",0.570778285518827,0.498579684343687,0.709856536637963,0.120912575412156
75172,0.12,"WPMM2",0.115734157804283,0.105381615170245,0.15841956796013,0.0156906091088465
75173,0.12,"W00",0.114948000652307,0.108649582908607,0.170819608062486,0.110021809719617
75173,0.12,"W10",0.116273597892483,0.110340998609887,0.172873844615588,0.113009641623146
75173,0.12,"W01",0.160603998850416,0.145792418180584,0.16584638476271,0.109358883143753
75173,0.12,"W11",0.136870279169618,0.1240480071554,0.149658734961709,0.0799765824784732
75173,0.12,"LSE",0.287053576826211,0.259332586278426,0.394381710725944,0.14732416604629
75173,0.12,"Huber",0.0909637942619318,0.0912080878931261,0.134742907979949,0.108590342439537
75173,0.12,"L1",0.130372080214254,0.119923273188657,0.194958416048241,0.135892220664445
75173,0.12,"PMM2",0.295492811820646,0.29480562488206,0.430574025309148,0.383399554328399
75173,0.12,"WPMM2",0.136870267367628,0.124047992675851,0.149658717837042,0.0799766090031052
75174,0.12,"W00",0.174712396409899,0.170337897495566,0.200872321232209,0.194271447195733
75174,0.12,"W10",0.158896501292632,0.155328031283345,0.185546182621189,0.179044584146717
75174,0.12,"W01",0.0996718381568475,0.0927185039667121,0.0812222284559152,0.0681019586377727
75174,0.12,"W11",0.0757895231872269,0.0702340603123361,0.0623928787863555,0.0446615101439297
75174,0.12,"LSE",0.407915875688586,0.364643278658163,0.370951105230724,0.262509153343141
75174,0.12,"Huber",0.192053185649576,0.182606974442185,0.197647825758816,0.190110276938614
75174,0.12,"L1",0.120579651550968,0.110162955175897,0.145591259504876,0.0937556024611301
75174,0.12,"PMM2",0.367859080082913,0.363453404022951,0.417036285949864,0.400727565523609
75174,0.12,"WPMM2",0.0757893618654306,0.0702339334910931,0.0623926383311764,0.0446613605257959
75175,0.12,"W00",0.338091910361471,0.304016956538156,0.291007682461396,0.219614153605745
75175,0.12,"W10",0.341897249705356,0.307573281428174,0.29422261588686,0.223619822875399
75175,0.12,"W01",0.152691662494674,0.134980739115445,0.183746339231699,0.0382863346088793
75175,0.12,"W11",0.158948399312856,0.142417654186585,0.178892075249008,0.00463033648494693
75175,0.12,"LSE",0.571006101566106,0.537734057066082,0.489276430154562,0.402252824746032
75175,0.12,"Huber",0.357789302155567,0.32483379521725,0.308284099388012,0.246078392764273
75175,0.12,"L1",0.302982966518712,0.273090890712805,0.270574701373239,0.194518446234775
75175,0.12,"PMM2",0.556263334927875,0.50861980960745,0.457900536585878,0.40636653193362
75175,0.12,"WPMM2",0.158948381702528,0.142417639991753,0.178892087139681,0.00463039940840992
75176,0.12,"W00",0.253882343803937,0.232381150405628,0.309399408909296,0.203064885158981
75176,0.12,"W10",0.251497757857857,0.230064283843177,0.307386182212763,0.199856339015338
75176,0.12,"W01",0.158578074455307,0.146517327017661,0.243260529684168,0.0116075170833134
75176,0.12,"W11",0.160945167812377,0.147800050795139,0.243444751790367,0.0311461728573093
75176,0.12,"LSE",0.550664244188331,0.511775177424363,0.555912616656096,0.462233214116402
75176,0.12,"Huber",0.278592463651436,0.254902939524324,0.326169673851877,0.228877279487104
75176,0.12,"L1",0.236202743248385,0.21952258660713,0.302539394862985,0.213209737756623
75176,0.12,"PMM2",0.525142416116198,0.487906456404021,0.526688042878024,0.457084123754968
75176,0.12,"WPMM2",0.160945156190626,0.147800040317895,0.243444737093455,0.0311461844533653
75177,0.12,"W00",0.230663784025687,0.211334400806709,0.237177073105162,0.117811587397166
75177,0.12,"W10",0.232002780412169,0.212602565693357,0.23813392448309,0.11913384547118
75177,0.12,"W01",0.124743259706855,0.115955179806365,0.177705607755218,0.0694924206235124
75177,0.12,"W11",0.119960364143818,0.111569583780578,0.171864129320781,0.0476368987705321
75177,0.12,"LSE",0.480281126213336,0.442476036568209,0.480648665946051,0.408336571860976
75177,0.12,"Huber",0.243306551137189,0.22580202005197,0.247806577844238,0.154951893699794
75177,0.12,"L1",0.222840579531054,0.200639523566363,0.222487502445997,0.136971740567337
75177,0.12,"PMM2",0.462408677206216,0.436793624579573,0.422412310110306,0.355772482701989
75177,0.12,"WPMM2",0.119960475163092,0.111569674873918,0.171864305774845,0.0476369152068066
75178,0.12,"W00",0.17833269035633,0.168579235713201,0.210140165864825,0.165199911387915
75178,0.12,"W10",0.185548855133683,0.175696753051694,0.218114914816731,0.174201353203731
75178,0.12,"W01",0.0938019411410172,0.0876252151247764,0.119609290403611,0.0413122827926232
75178,0.12,"W11",0.103572874409207,0.0964677030846803,0.129371105041767,0.0601766038144366
75178,0.12,"LSE",0.367883077543687,0.348812342758425,0.4183772223289,0.327459676488304
75178,0.12,"Huber",0.21407383958265,0.206892799030611,0.252648716114291,0.206083516682657
75178,0.12,"L1",0.244919006102398,0.245601724433023,0.329315798930672,0.267003075303183
75178,0.12,"PMM2",0.381982274606809,0.372587743612823,0.467234333065794,0.441132249115405
75178,0.12,"WPMM2",0.103572975143873,0.0964678204587772,0.129371303529093,0.0601766171209538
75179,0.12,"W00",0.142240316289232,0.12868005765223,0.14087406084681,0.103255381540002
75179,0.12,"W10",0.141769141519761,0.128229622186681,0.140463592747568,0.102647004580949
75179,0.12,"W01",0.1292782237923,0.117807072338516,0.160187645870579,0.102014208729432
75179,0.12,"W11",0.114880214723602,0.103045314995341,0.14165012831658,0.0786490102423973
75179,0.12,"LSE",0.594393929229963,0.53544998027229,0.681120279150088,0.296935491051631
75179,0.12,"Huber",0.193374833581338,0.179113720235528,0.195182732111766,0.171036265017864
75179,0.12,"L1",0.196230898002002,0.187319299488728,0.233527141208711,0.205310192119145
75179,0.12,"PMM2",0.664721784817338,0.650947067549328,0.843427756535182,0.757265508938855
75179,0.12,"WPMM2",0.114880161348322,0.103045260149936,0.14165006022929,0.0786489491367482
75180,0.12,"W00",0.221024480993428,0.204094522500023,0.19318392371162,0.181064426644368
75180,0.12,"W10",0.210572321829405,0.193429506506469,0.180359776320814,0.166768962538615
75180,0.12,"W01",0.088401370805947,0.0732977256591787,0.124102023693845,0.0669568204738041
75180,0.12,"W11",0.0848105655914192,0.0741562094565834,0.105069537302721,0.0363630496802261
75180,0.12,"LSE",0.361630047433643,0.363258115891259,0.459287924307073,0.445266132108647
75180,0.12,"Huber",0.237284078971898,0.224539326522179,0.232538403468197,0.224731411652079
75180,0.12,"L1",0.20717252504377,0.200528427804215,0.241322854782077,0.219793616287191
75180,0.12,"PMM2",0.366663703082663,0.34375097352996,0.334774107854432,0.321183318046932
75180,0.12,"WPMM2",0.0848105539159291,0.0741562127732071,0.105069484247021,0.0363629641877524
75181,0.12,"W00",0.222235627220247,0.222259899275027,0.323651253545946,0.295706752897651
75181,0.12,"W10",0.224056599467066,0.224155504593618,0.325883196228313,0.298142196582826
75181,0.12,"W01",0.137375442754086,0.129629056139812,0.210602116236586,0.163505439025998
75181,0.12,"W11",0.147462053866911,0.140899194567713,0.225344017579432,0.182107358823195
75181,0.12,"LSE",0.553449976818928,0.560350817985549,0.709565443989193,0.686470132460617
75181,0.12,"Huber",0.251321287087889,0.253483208347732,0.365010860519325,0.33856016988113
75181,0.12,"L1",0.259175530222394,0.261674449034167,0.369627386362667,0.349425348543537
75181,0.12,"PMM2",0.542714446142925,0.541377487441663,0.659774876041573,0.633208789463535
75181,0.12,"WPMM2",0.147462084395665,0.140899230563984,0.22534406219767,0.182107424520951
75182,0.12,"W00",0.179095776899594,0.177824617305433,0.219849220191305,0.120199051400805
75182,0.12,"W10",0.178582134425749,0.177290146581523,0.219274275429643,0.119263838239809
75182,0.12,"W01",0.180553503142195,0.181167178312389,0.225877120714977,0.155653860483328
75182,0.12,"W11",0.164944984195316,0.164867711150349,0.208337543963385,0.128021865605966
75182,0.12,"LSE",0.481336319545024,0.485562547047327,0.631610613177245,0.530977234549761
75182,0.12,"Huber",0.205704549455797,0.206928023213276,0.258472318769692,0.160538280118286
75182,0.12,"L1",0.19821421336121,0.198103132646327,0.283929225693171,0.207374666508817
75182,0.12,"PMM2",0.400396785196765,0.396156801681255,0.435757449899558,0.394080396259576
75182,0.12,"WPMM2",0.164944971456655,0.164867689177193,0.208337511460914,0.128021702711317
75183,0.12,"W00",0.0956820515932018,0.0894972006662646,0.112753434976548,0.0231349532252892
75183,0.12,"W10",0.0993587780008742,0.0932113811212472,0.114649873648685,0.0289124079136936
75183,0.12,"W01",0.129022135090534,0.131217613235582,0.19657349692979,0.172795268924005
75183,0.12,"W11",0.113262226635792,0.113393347231143,0.175139711979277,0.146632067339137
75183,0.12,"LSE",0.168983155356095,0.152194784654438,0.164765362936795,0.128984959198487
75183,0.12,"Huber",0.0901559546588478,0.0845263535073416,0.11179596520034,0.0246906166571078
75183,0.12,"L1",0.13820511855973,0.125862144601206,0.183293942534067,0.0391914089972513
75183,0.12,"PMM2",0.169650875155528,0.156348393191373,0.129488826904826,0.0948621380543172
75183,0.12,"WPMM2",0.113262314890532,0.113393407378806,0.175139872590007,0.146632144845199
75184,0.12,"W00",0.245073511015537,0.227507225006161,0.246727464082202,0.197013381420597
75184,0.12,"W10",0.249374550774402,0.231861952219595,0.251521209859466,0.203222058550488
75184,0.12,"W01",0.168186917351907,0.151826345002919,0.173994638368951,0.0743534001143918
75184,0.12,"W11",0.17885779712852,0.161903022765558,0.181521106350072,0.0935683643078268
75184,0.12,"LSE",0.471239306740826,0.451494245389976,0.507150121983403,0.476205808966245
75184,0.12,"Huber",0.294596611145933,0.277334860882977,0.304817301480185,0.267547522520926
75184,0.12,"L1",0.288911351430002,0.265446482496936,0.286836581463944,0.227193959860342
75184,0.12,"PMM2",0.45757144841541,0.430598144881023,0.444315617340868,0.413419180179934
75184,0.12,"WPMM2",0.178857784715709,0.161903010493968,0.181521099422782,0.0935683611265054
75185,0.12,"W00",0.252420525200433,0.236717507122521,0.248753958235402,0.227620046115608
75185,0.12,"W10",0.248131836420749,0.232488655535642,0.244191320886335,0.222929049025542
75185,0.12,"W01",0.145006382139127,0.131581584789943,0.139522066438819,0.109895033121336
75185,0.12,"W11",0.154822529910213,0.141039743878234,0.148555028656245,0.120500045006854
75185,0.12,"LSE",0.341982881941585,0.318774050493112,0.328801961984775,0.298845911300249
75185,0.12,"Huber",0.265497184967717,0.250614385116108,0.253523295492391,0.237750077041142
75185,0.12,"L1",0.23355447881293,0.216082773452403,0.18376925891194,0.15037050736744
75185,0.12,"PMM2",0.35369006521467,0.339712234242251,0.37113647821248,0.352548912412171
75185,0.12,"WPMM2",0.154822581720412,0.14103979166549,0.14855507639884,0.120500085083425
75186,0.12,"W00",0.243785630352914,0.22399446319862,0.336591767530346,0.268061313596187
75186,0.12,"W10",0.240539651923217,0.220086071152719,0.332282748019488,0.262825696713641
75186,0.12,"W01",0.171589823847733,0.134279084707456,0.222210325489315,0.0967901479405976
75186,0.12,"W11",0.174782216699173,0.136488992745969,0.229714002492192,0.112639412568286
75186,0.12,"LSE",0.320543433835637,0.309278165603205,0.423420549950893,0.368158235612403
75186,0.12,"Huber",0.246343818713923,0.228521298251272,0.339809191283319,0.275995025378355
75186,0.12,"L1",0.262034361052566,0.235978597236757,0.366260358878513,0.281480756832667
75186,0.12,"PMM2",0.315986185965872,0.311517159901001,0.430567914665717,0.386584863964675
75186,0.12,"WPMM2",0.174782078379611,0.136488948145416,0.229713813000671,0.112639148187889
75187,0.12,"W00",0.242352801071735,0.23791613889194,0.338883565094876,0.264072895061829
75187,0.12,"W10",0.240683933568168,0.236077891221863,0.336681791121023,0.261314060054026
75187,0.12,"W01",0.170395611820828,0.158025144865927,0.242817627616691,0.121679162807012
75187,0.12,"W11",0.176405484226082,0.164499223579628,0.251194656540946,0.136702036019221
75187,0.12,"LSE",0.375780426799818,0.379951855311885,0.494236851054574,0.461228770250814
75187,0.12,"Huber",0.250511248741235,0.248926574493635,0.354284050823082,0.289703936482842
75187,0.12,"L1",0.229042842607323,0.232729044621356,0.307962003098787,0.248328861956667
75187,0.12,"PMM2",0.372664820074449,0.371192094252146,0.431737559159706,0.394946252440217
75187,0.12,"WPMM2",0.17640549835397,0.164499240125915,0.251194688325065,0.136702105824178
75188,0.12,"W00",0.189849665294071,0.17824861962502,0.283685983158181,0.187350592304162
75188,0.12,"W10",0.190468250855973,0.178845091303169,0.28447705278979,0.18837161167225
75188,0.12,"W01",0.152284848698094,0.1389066772428,0.217618854601661,0.0870703414528746
75188,0.12,"W11",0.153508913782387,0.140843572047555,0.223506364503487,0.0994063123085725
75188,0.12,"LSE",0.282737269529085,0.266408699641363,0.305093753957738,0.00432809354462271
75188,0.12,"Huber",0.180471913441352,0.168279626590503,0.259015893772409,0.156771096035604
75188,0.12,"L1",0.17183410207571,0.157406556293495,0.227841154055264,0.167046843839139
75188,0.12,"PMM2",0.369960909028794,0.337286231403341,0.511229862523302,0.352302542907145
75188,0.12,"WPMM2",0.153508929927367,0.140843597781141,0.223506376884288,0.0994062288539492
75189,0.12,"W00",0.317080634248054,0.306561617046124,0.37393503573889,0.350149245145088
75189,0.12,"W10",0.313700249795172,0.303476457653934,0.371012557496941,0.347228126029746
75189,0.12,"W01",0.232673367550671,0.229940748681351,0.301510077679996,0.276321315038909
75189,0.12,"W11",0.238794777313533,0.235561222336428,0.307210361329322,0.28215799951866
75189,0.12,"LSE",0.543151884421805,0.531876017432226,0.631736291431844,0.598768462235588
75189,0.12,"Huber",0.359509001905911,0.3485646970215,0.4246233869469,0.400089251618498
75189,0.12,"L1",0.344122579802432,0.331364352566682,0.462173829908989,0.378682377072747
75189,0.12,"PMM2",0.517554119715891,0.507998907770159,0.567381199397161,0.557971379218496
75189,0.12,"WPMM2",0.238794876718759,0.235561208857964,0.307210088450471,0.282157729232013
75190,0.12,"W00",0.248139330901224,0.229374170595312,0.311222583115395,0.184673333300366
75190,0.12,"W10",0.248181537813601,0.229414489080636,0.311261478222375,0.184731544006793
75190,0.12,"W01",0.154004546710218,0.146530125233139,0.234568041287816,0.0310473971050731
75190,0.12,"W11",0.155661805338043,0.146479460952135,0.234174179289682,0.00709910063878672
75190,0.12,"LSE",0.41206800087275,0.373849427015904,0.481035791692368,0.108323672281423
75190,0.12,"Huber",0.249386995724605,0.229852113636302,0.305754126668226,0.183646263236979
75190,0.12,"L1",0.289470550382967,0.277459579244039,0.341765063405211,0.117912248122424
75190,0.12,"PMM2",0.545009714439681,0.535892104820149,0.706482380673539,0.613679291233787
75190,0.12,"WPMM2",0.155661898639332,0.146479524617297,0.23417418395395,0.00709862399302374
75191,0.12,"W00",0.220266646897782,0.202011864359984,0.280325578358748,0.147476399696534
75191,0.12,"W10",0.21942290265809,0.201253379180351,0.279582543330954,0.145879964783719
75191,0.12,"W01",0.194497776713367,0.178018552215387,0.255337347375254,0.0359197930136017
75191,0.12,"W11",0.187902269795438,0.173483111617963,0.251182598482459,0.0145475544179111
75191,0.12,"LSE",0.54109543640818,0.500844662554052,0.634006063823965,0.492701890445035
75191,0.12,"Huber",0.278708984128166,0.254826147808614,0.341385027568963,0.209581158950336
75191,0.12,"L1",0.262025050048382,0.24050904962144,0.348435764274531,0.0659686361533653
75191,0.12,"PMM2",0.479896238170565,0.448110809081982,0.510973789004315,0.442186358805385
75191,0.12,"WPMM2",0.187902300890991,0.173483129994587,0.251182612272382,0.0145476722134924
75192,0.12,"W00",0.213016598291706,0.2049946215734,0.294386148762769,0.174472301841515
75192,0.12,"W10",0.212577679054825,0.204588513022339,0.294005638084162,0.17395847415757
75192,0.12,"W01",0.172287099914176,0.161420751238908,0.241141274032505,0.0565774424479091
75192,0.12,"W11",0.171421170578971,0.161214373537878,0.243468710538753,0.0716147377892655
75192,0.12,"LSE",0.415423478206158,0.392047851650118,0.440585520234994,0.24181690271338
75192,0.12,"Huber",0.226532232159189,0.21483632193597,0.292209783271646,0.184369642076966
75192,0.12,"L1",0.264347911012645,0.23890245205787,0.367072553439794,0.192893821553542
75192,0.12,"PMM2",0.392047885515942,0.36606323979948,0.439877333798949,0.384687097442064
75192,0.12,"WPMM2",0.171421185289489,0.161214376974733,0.243468708629857,0.0716144056165643
75193,0.12,"W00",0.189897376349822,0.177671795460531,0.251709971793744,0.205222059450421
75193,0.12,"W10",0.186787116708574,0.174369828837819,0.24800652257504,0.200875266131264
75193,0.12,"W01",0.117426032965154,0.100460556217103,0.155099677897369,0.0698421862837877
75193,0.12,"W11",0.121653370979172,0.10423803351102,0.162392338682428,0.0842342316445654
75193,0.12,"LSE",0.260202743896077,0.248786355428686,0.348495575307019,0.294891222293862
75193,0.12,"Huber",0.195736981299618,0.184897705233488,0.270464305333479,0.224745865429013
75193,0.12,"L1",0.202769592783343,0.186957460449043,0.304270406333931,0.238194119176659
75193,0.12,"PMM2",0.239461981907952,0.228696462138123,0.299999916229826,0.261914798302244
75193,0.12,"WPMM2",0.121653360002123,0.10423803555325,0.162392333451993,0.0842342780334646
75194,0.12,"W00",0.223035858031641,0.208463616070792,0.255715336088543,0.0777664560685194
75194,0.12,"W10",0.225262905476618,0.210747262731529,0.257126682739083,0.0827191870888607
75194,0.12,"W01",0.195287145774468,0.184655778945136,0.276663503470681,0.113070780065247
75194,0.12,"W11",0.19246169031998,0.180661924638193,0.266758558693438,0.0882018012723188
75194,0.12,"LSE",0.445874955401515,0.445385585835035,0.525642888911359,0.447722082113542
75194,0.12,"Huber",0.241619795628847,0.23036659354616,0.274229932024805,0.143263971582725
75194,0.12,"L1",0.257224823755769,0.237814543747543,0.315873151489512,0.106739658388076
75194,0.12,"PMM2",0.440383222007671,0.422948265267391,0.448348482523269,0.386991319032355
75194,0.12,"WPMM2",0.192461626010138,0.180661863626375,0.266758475356593,0.0882017010527387
75195,0.12,"W00",0.263332891921463,0.252008360975705,0.364823973924497,0.262058499628161
75195,0.12,"W10",0.264800154971439,0.253492969619811,0.366456754365291,0.26443858344722
75195,0.12,"W01",0.195608048964988,0.181217507813243,0.272697238308329,0.0413972313151522
75195,0.12,"W11",0.192571485870646,0.180194948262059,0.275281123602256,0.0693092498316457
75195,0.12,"LSE",0.652122612456293,0.585778183255675,0.727986991838667,0.156844502538937
75195,0.12,"Huber",0.303556067501336,0.274779891743946,0.361802260214865,0.224388958008448
75195,0.12,"L1",0.284723973627638,0.275725043360976,0.404697930547778,0.27393379650424
75195,0.12,"PMM2",0.549218931521985,0.544674879741014,0.848363567123732,0.756513288239376
75195,0.12,"WPMM2",0.192571438308917,0.180194900829483,0.275281017329434,0.0693092017992338
75196,0.12,"W00",0.203575650466201,0.194302374767533,0.271347317256899,0.142434749540406
75196,0.12,"W10",0.204530315888092,0.195225987155681,0.272319895241564,0.143673755389765
75196,0.12,"W01",0.136367442060799,0.120127026343562,0.190774050718502,0.00910255465916004
75196,0.12,"W11",0.139785698781248,0.124546585010765,0.196154154917019,0.0237972232559926
75196,0.12,"LSE",0.59336386558021,0.529215624739168,0.682344210932283,0.114068088806182
75196,0.12,"Huber",0.27146973807757,0.260356365518341,0.289054723061699,0.154049568237912
75196,0.12,"L1",0.301521333295702,0.289548125063453,0.340994063981152,0.157384773573768
75196,0.12,"PMM2",0.880461902489706,0.799181948973634,1.03526893486501,0.118547801098115
75196,0.12,"WPMM2",0.13978568229305,0.124546571476265,0.196154098093118,0.0237973560466069
75197,0.12,"W00",0.144203700696364,0.140819440644262,0.237333481945072,0.204526452616194
75197,0.12,"W10",0.145203646244536,0.141993701094214,0.238934207800548,0.206371179934917
75197,0.12,"W01",0.110282962969476,0.0980093892439462,0.134045972673923,0.0572366888712036
75197,0.12,"W11",0.10768332339003,0.0931457794824035,0.143023966045988,0.0768676914229575
75197,0.12,"LSE",0.472338571771395,0.478372402833944,0.73991337671473,0.685589643777829
75197,0.12,"Huber",0.160127328487615,0.158304010477519,0.26353456819443,0.235954206706891
75197,0.12,"L1",0.131872517575258,0.12850703265605,0.220218692084874,0.191511330697935
75197,0.12,"PMM2",0.419893338500014,0.425946420243947,0.610675933513012,0.578398337937209
75197,0.12,"WPMM2",0.107683358428457,0.0931458231841073,0.143023909964442,0.0768675506394889
75198,0.12,"W00",0.108427362300365,0.109293240643396,0.15639709243029,0.124858347811796
75198,0.12,"W10",0.119407931663735,0.120988067402965,0.170351157070718,0.140546454131938
75198,0.12,"W01",0.0791484879074729,0.0769456542010179,0.0826066237373958,0.0205901101729005
75198,0.12,"W11",0.0697286152222776,0.0644877336624239,0.0818490216086223,0.00585619982026836
75198,0.12,"LSE",1.13524417412814,1.14504262639877,1.65582228411184,1.52429820954037
75198,0.12,"Huber",0.155767316293461,0.150187111032274,0.185658394542802,0.137938519223712
75198,0.12,"L1",0.189250956414591,0.173944142279363,0.193010157112737,0.137882669195507
75198,0.12,"PMM2",0.941515552887146,0.894162115908878,0.922890079053168,0.878536535800672
75198,0.12,"WPMM2",0.0697286457226329,0.0644877709077994,0.0818490344411405,0.00585614395531764
75199,0.12,"W00",0.16348009042785,0.151516639592463,0.163340334357021,0.114533197329376
75199,0.12,"W10",0.174420340719521,0.161665357307955,0.171481528338803,0.125009472392804
75199,0.12,"W01",0.077841522093516,0.0742854528771355,0.111139277638267,0.030479004089187
75199,0.12,"W11",0.0791062133349108,0.0742807767346395,0.108563451852872,0.00562476534693879
75199,0.12,"LSE",0.264550966070125,0.239753237235334,0.18477471626204,0.160811531020504
75199,0.12,"Huber",0.167004266588285,0.15329055614787,0.15147173611447,0.125008387982112
75199,0.12,"L1",0.272060396333013,0.255734473386892,0.267083169355835,0.247608139313067
75199,0.12,"PMM2",0.259141539740765,0.243719909948205,0.234281114060968,0.203138030167235
75199,0.12,"WPMM2",0.079106072132643,0.0742806242900984,0.108563337093468,0.00562479504912083
75200,0.12,"W00",0.185629051545367,0.16272800734355,0.137900487404465,0.0399541791332843
75200,0.12,"W10",0.18605857293494,0.163089048959049,0.138028357830073,0.0403842762991136
75200,0.12,"W01",0.152829317390796,0.138136377488895,0.236634538002836,0.175257467677812
75200,0.12,"W11",0.143334722253292,0.125454046173625,0.219268477257789,0.15429683472892
75200,0.12,"LSE",0.418441627256307,0.385785076768793,0.373849297602165,0.205040466192675
75200,0.12,"Huber",0.197566923155533,0.174910108007883,0.138319628265189,0.0536093965492985
75200,0.12,"L1",0.206208788086973,0.182478859509007,0.177334796400485,0.109625629169271
75200,0.12,"PMM2",0.451920004065205,0.414413020549784,0.372337160853713,0.348045699247936
75200,0.12,"WPMM2",0.143334658510592,0.125453916890951,0.219268402468453,0.154296810532548
75001,0,"W00",0.205716293933772,0.198102502287814,0.265586371018107,0.206915595972255
75001,0,"W10",0.205575135961701,0.197942702972134,0.265407299546056,0.206692858548013
75001,0,"W01",0.241473128673858,0.237480598591525,0.309958634833765,0.259846363543619
75001,0,"W11",0.234896738464938,0.230298447384701,0.30185768788435,0.2503508229717
75001,0,"LSE",0.192177618055616,0.187197342212893,0.254474599321177,0.203605046745564
75001,0,"Huber",0.210100883047632,0.202566377495702,0.272567243385988,0.214635529421029
75001,0,"L1",0.259791482570603,0.233492862498976,0.304959417397891,0.153831172820405
75001,0,"PMM2",0.192273897258791,0.187643557972238,0.258042953521664,0.207121228204615
75001,0,"WPMM2",0.234896481381275,0.230298240462497,0.301857430779946,0.250350740809727
75002,0,"W00",0.056717051831298,0.047254733218388,0.0822716594916531,0.0230256901161179
75002,0,"W10",0.0566156618081495,0.0469176749924826,0.0827186456786456,0.024361433361428
75002,0,"W01",0.0624041421229412,0.0506045921296052,0.10036343626467,0.0591337035679842
75002,0,"W11",0.0612533403655278,0.0492364996520718,0.0982018915086804,0.0557084907452919
75002,0,"LSE",0.0544802602884895,0.0464652610366247,0.0780329489556712,0.0201532257900334
75002,0,"Huber",0.0618276808401384,0.0511923293606193,0.0893015401027325,0.0283449566355034
75002,0,"L1",0.0859404635525053,0.0716293184999158,0.127761784204767,0.0615974677019443
75002,0,"PMM2",0.0558017981338546,0.0471640178554898,0.0807589558714304,0.0230242853537639
75002,0,"WPMM2",0.0612533005246923,0.0492364567628585,0.0982018174758374,0.0557083848063792
75003,0,"W00",0.115775071676821,0.116035906845873,0.160496080750937,0.122550854063207
75003,0,"W10",0.118743599297912,0.119090108265954,0.164446858226031,0.127426835312446
75003,0,"W01",0.0884756776392478,0.0868348963013981,0.118704016368785,0.0636472173462543
75003,0,"W11",0.0922792767123132,0.0910570590201099,0.125602998082109,0.0748138151801151
75003,0,"LSE",0.116176071832499,0.116518782809345,0.15259256304173,0.12403777425566
75003,0,"Huber",0.116242817130386,0.116386466958302,0.163581286506371,0.122113509224537
75003,0,"L1",0.166957629285301,0.169021121664009,0.24387749016746,0.200149283247091
75003,0,"PMM2",0.112408905848884,0.111748865220315,0.14507105953894,0.11664084519482
75003,0,"WPMM2",0.0922792149372711,0.0910569915908709,0.125602895456678,0.0748136987985222
75004,0,"W00",0.155933722751029,0.148344040778509,0.180774316345442,0.13734305801463
75004,0,"W10",0.15143511972052,0.144318062570898,0.177224700425135,0.133068266822779
75004,0,"W01",0.146815253443869,0.140200608968562,0.173592198686393,0.128635675636367
75004,0,"W11",0.144310594307761,0.137990792299805,0.171628885188488,0.126263765580014
75004,0,"LSE",0.146011782544692,0.143879117395141,0.182083524474704,0.152852039244396
75004,0,"Huber",0.153953149717393,0.145062474107889,0.179565478500225,0.130023241989815
75004,0,"L1",0.167589356143374,0.165474388464218,0.221809305995149,0.142208909224867
75004,0,"PMM2",0.146030379959849,0.143969575399915,0.181317464043933,0.151691136185211
75004,0,"WPMM2",0.144310338057114,0.137990669747525,0.171628821188116,0.126263853776525
75005,0,"W00",0.18651309512933,0.185265978756566,0.230885939362811,0.220592921254683
75005,0,"W10",0.186592003699754,0.185344968903443,0.230976775784266,0.220684246702721
75005,0,"W01",0.137954612827626,0.136513665644794,0.174639043668321,0.163790973182004
75005,0,"W11",0.144226303173378,0.142813279659582,0.181941940779303,0.171205577165511
75005,0,"LSE",0.193557197208992,0.192524377374274,0.239390063497892,0.228545198622229
75005,0,"Huber",0.179606942886269,0.178844997907498,0.225697684738686,0.215299811547014
75005,0,"L1",0.185703985224146,0.187705069339562,0.236845191401836,0.227016092613878
75005,0,"PMM2",0.192083934131806,0.190513596489512,0.231854646477096,0.222943281604341
75005,0,"WPMM2",0.144226444965078,0.142813422852376,0.181942139284644,0.171205760099516
75006,0,"W00",0.124562047184103,0.123608447097965,0.175949708004692,0.159198551714628
75006,0,"W10",0.130380206541343,0.12999258026936,0.183126990466411,0.167145185283877
75006,0,"W01",0.184340138355306,0.187147900146672,0.246051723949148,0.234529732671715
75006,0,"W11",0.180918419297948,0.183610900270884,0.242220040420675,0.230502568452769
75006,0,"LSE",0.118940267220262,0.112165706212983,0.166181928835873,0.133770766239841
75006,0,"Huber",0.12128417487134,0.121327076526536,0.173962420587222,0.157601281230345
75006,0,"L1",0.184358513254868,0.177567444802693,0.232751189981719,0.204965907780798
75006,0,"PMM2",0.114492902181242,0.10836065587602,0.161523247819619,0.133998936518625
75006,0,"WPMM2",0.180918325226705,0.183610781006245,0.242219974296436,0.230502474830931
75007,0,"W00",0.0507210202574073,0.047778717765349,0.0612656625845137,0.00471578246661941
75007,0,"W10",0.0497983449904129,0.0469466829089965,0.0622848011170404,0.0107261104079748
75007,0,"W01",0.0532286571839812,0.05159808706345,0.0772703498973906,0.0441096873997825
75007,0,"W11",0.0534100614448113,0.0518125376775044,0.077656096241611,0.0447155812716823
75007,0,"LSE",0.0527665231545706,0.0504160280533969,0.0608176656003908,0.00465648397381657
75007,0,"Huber",0.0531948851071301,0.0503808912522643,0.0621782259590339,0.00176004916536565
75007,0,"L1",0.075969869160381,0.065089419501559,0.111036819690675,0.0477050199911259
75007,0,"PMM2",0.0546184435044686,0.05205928263431,0.0638849491410913,0.00346937360211191
75007,0,"WPMM2",0.0534099374921106,0.0518123872836756,0.0776558530384802,0.0447152166300807
75008,0,"W00",0.139867176294351,0.127373149165774,0.17430215202606,0.126891435147275
75008,0,"W10",0.143376313708881,0.131324626614687,0.179168630918247,0.134133726777834
75008,0,"W01",0.156207066353735,0.145663106822839,0.196663169784653,0.158390088811406
75008,0,"W11",0.157998166902174,0.147670060434305,0.19907038592601,0.16159322360231
75008,0,"LSE",0.127477090916593,0.116073834034389,0.15956282482654,0.110436072613062
75008,0,"Huber",0.144789988352202,0.132383317285675,0.182104811245397,0.138123625202993
75008,0,"L1",0.194418588872442,0.177382014942628,0.241888394307727,0.175517268986421
75008,0,"PMM2",0.12494938551827,0.113990135016422,0.15814701392325,0.111803676855112
75008,0,"WPMM2",0.157998124025465,0.147670005666115,0.199070319798662,0.161593114173553
75009,0,"W00",0.157707509364999,0.141144210688593,0.200387013929535,0.0972395211270701
75009,0,"W10",0.162341006206396,0.145262681120329,0.203936115931328,0.103665632052611
75009,0,"W01",0.310268460562449,0.286248090172414,0.33989327835693,0.281483584500165
75009,0,"W11",0.296519645100478,0.272751239318851,0.326121584237667,0.265778149172621
75009,0,"LSE",0.132283288649534,0.119604841691595,0.183885427054776,0.062329585499786
75009,0,"Huber",0.165093941327891,0.147707641992779,0.204524663588924,0.110422430742118
75009,0,"L1",0.22570430808576,0.204307544303586,0.274779905609189,0.165153066610848
75009,0,"PMM2",0.148719721474195,0.134079095532693,0.203900051893572,0.0773824874471883
75009,0,"WPMM2",0.296519595558509,0.272751189380418,0.326121517808695,0.265778101240573
75010,0,"W00",0.102779218103561,0.0873223451880141,0.148593313090866,0.105782667963989
75010,0,"W10",0.101570130782768,0.0857114351905614,0.146200391219791,0.102466121126465
75010,0,"W01",0.123501218347762,0.109672468105797,0.106660468038785,0.0255382775558229
75010,0,"W11",0.11226781654424,0.100170720083694,0.104161084627698,0.0113034046960415
75010,0,"LSE",0.111791258061049,0.101709378543728,0.168834000890049,0.13381954287548
75010,0,"Huber",0.0977608381115921,0.0813183121260868,0.142421298059702,0.100651747796927
75010,0,"L1",0.124969993534842,0.107293085322366,0.177517321324462,0.112463863351134
75010,0,"PMM2",0.114321340113699,0.100901623507378,0.164226705910258,0.127137229839354
75010,0,"WPMM2",0.112267668901649,0.100170594612078,0.104161044353707,0.0113032057472041
75011,0,"W00",0.0909070834722791,0.0846716809339712,0.118561992252822,0.0208157230803059
75011,0,"W10",0.0909428397086842,0.0847330958796433,0.118598969077387,0.0211596888753384
75011,0,"W01",0.0935731382370528,0.0874357938360393,0.120436058432285,0.0327777000077868
75011,0,"W11",0.093114799577667,0.0870577788373463,0.120162370938818,0.031412706375867
75011,0,"LSE",0.0862543479035791,0.0764638441647322,0.116786690852966,0.00266801815185524
75011,0,"Huber",0.0948331199341644,0.088950837354991,0.122403903001046,0.0266068384417256
75011,0,"L1",0.155583328912704,0.140676326616386,0.180537173107841,0.0484689062325298
75011,0,"PMM2",0.0851883749247526,0.0759617100054419,0.115648584347913,0.00445212260183353
75011,0,"WPMM2",0.09311480402375,0.0870577822319112,0.120162372853535,0.0314127287694579
75012,0,"W00",0.0798497535865144,0.0742825529022773,0.102500297483027,0.0736200529952608
75012,0,"W10",0.0844796412277393,0.0792952128130996,0.10813743874404,0.0810405374007896
75012,0,"W01",0.0743126576829647,0.0683492661027728,0.09582496554355,0.0643755898696142
75012,0,"W11",0.0795924856786524,0.0740064079050641,0.102184420868101,0.0731976937705272
75012,0,"LSE",0.0882332855311162,0.0814816552939384,0.123355569355487,0.0897576251407843
75012,0,"Huber",0.0782570325962168,0.0733259472324286,0.0965300186498909,0.0666564133056806
75012,0,"L1",0.140216949080025,0.133038260472533,0.157369107139497,0.118334419991079
75012,0,"PMM2",0.0863291239988664,0.0796152357988707,0.119693711813851,0.0861241434964866
75012,0,"WPMM2",0.0795924853986876,0.0740064045571479,0.10218442957249,0.0731976988830886
75013,0,"W00",0.116164797047062,0.102437711733394,0.157284190774225,0.0336746367645568
75013,0,"W10",0.115104033799503,0.101098902810421,0.159397046489697,0.0415996244410781
75013,0,"W01",0.124316862583863,0.111117030313232,0.15300096424418,0.00592119372984556
75013,0,"W11",0.119562708696461,0.106228333108718,0.15443026880155,0.0191966344271985
75013,0,"LSE",0.116898803200178,0.101830616380069,0.162567477118524,0.0438074052601651
75013,0,"Huber",0.117494796007906,0.102945482082651,0.161659331902645,0.0391207225322303
75013,0,"L1",0.137271219546901,0.124775432132574,0.174062438886618,0.0581241185555001
75013,0,"PMM2",0.115524150575372,0.101575075418152,0.158878637653673,0.0387064773949244
75013,0,"WPMM2",0.119562683425729,0.106228306342508,0.154430276480006,0.0191967091785914
75014,0,"W00",0.125811466610116,0.120402921831258,0.171183234972572,0.135085446980339
75014,0,"W10",0.127202440774028,0.121948951774946,0.172828719206486,0.137293804499958
75014,0,"W01",0.0805155465789351,0.0730921663279948,0.119497246635006,0.0136751141920116
75014,0,"W11",0.0760302469494514,0.0684762779853594,0.117727358819397,0.010346201379839
75014,0,"LSE",0.130886453702918,0.12934529648487,0.175400245952814,0.156861536881016
75014,0,"Huber",0.129977758458658,0.122420516356579,0.177058583791761,0.130426493842448
75014,0,"L1",0.224394212791549,0.209542623316851,0.348278568953209,0.267414500265683
75014,0,"PMM2",0.133257245135641,0.127025458727008,0.167488996448045,0.137404307679554
75014,0,"WPMM2",0.0760300910224297,0.0684761490525393,0.117727121220951,0.0103461460327959
75015,0,"W00",0.105436410738268,0.101716617146266,0.135596023530575,0.00606139899922031
75015,0,"W10",0.105577407935934,0.101826692568206,0.135717190844592,0.00475820593761705
75015,0,"W01",0.108772989473263,0.106571441822534,0.144430806557637,0.0675657160429279
75015,0,"W11",0.106578099157774,0.10401072941937,0.140345936863645,0.0545372858558755
75015,0,"LSE",0.0990794483699969,0.09637178386158,0.12790007748635,0.0213971489493894
75015,0,"Huber",0.105275154245891,0.101290133275244,0.135579143294685,0.0125719964424592
75015,0,"L1",0.0767438140620906,0.0755688738000706,0.105134209836822,0.06107066697765
75015,0,"PMM2",0.0955242938456677,0.092478454522369,0.122795867538794,0.0169231672798474
75015,0,"WPMM2",0.106577977994572,0.104010617117236,0.140345767437648,0.054537175354186
75016,0,"W00",0.181068972534253,0.164134891827841,0.236409914819896,0.146141376531235
75016,0,"W10",0.18427013894707,0.167238338804939,0.239276314623009,0.150820109806924
75016,0,"W01",0.146732972651285,0.133797661926726,0.20235676029897,0.0761474843915427
75016,0,"W11",0.152579104561595,0.138172869121986,0.209229572003263,0.094174783264656
75016,0,"LSE",0.193483321610813,0.176243166721041,0.260941866557087,0.176520931019574
75016,0,"Huber",0.173417608884057,0.156889655650419,0.220636237003092,0.117941664384697
75016,0,"L1",0.20192839405728,0.190739257454083,0.284042782383712,0.231501323773851
75016,0,"PMM2",0.193975144776244,0.178543523072566,0.27139252665023,0.189738509050126
75016,0,"WPMM2",0.152579031082277,0.138172813164103,0.209229522435395,0.0941746624691357
75017,0,"W00",0.11054954192733,0.101230144619931,0.134414651583273,0.00276501524419454
75017,0,"W10",0.109252759508482,0.100630925147664,0.134841876540014,0.00571273438526743
75017,0,"W01",0.140560038876647,0.12681958840641,0.172623554143388,0.10223903991792
75017,0,"W11",0.137492079879857,0.124101223607971,0.169310817298755,0.0969169050968139
75017,0,"LSE",0.118539932785861,0.10692089319174,0.140160872544251,0.0332355581997402
75017,0,"Huber",0.110593234456717,0.101497594496729,0.135687824727513,0.00321921865976682
75017,0,"L1",0.13310557057906,0.121530376284165,0.166727347571271,0.000281326387386205
75017,0,"PMM2",0.117357864099579,0.107556439644518,0.140256459998845,0.0104612470928271
75017,0,"WPMM2",0.137492052964888,0.124101200243401,0.169310788933319,0.0969168513655412
75018,0,"W00",0.139841817907208,0.119064694530258,0.204429119582556,0.128841225624793
75018,0,"W10",0.143635775404284,0.123400730480729,0.213263400462328,0.138777893210828
75018,0,"W01",0.189437711731023,0.181620796030657,0.297092592259657,0.226451748749165
75018,0,"W11",0.189782529948993,0.182027693012609,0.297649447230989,0.227012089684536
75018,0,"LSE",0.140352294251361,0.119032422793226,0.204784633767618,0.12842199052828
75018,0,"Huber",0.141039274438949,0.120838422621716,0.207244662059202,0.130606026790407
75018,0,"L1",0.191138895991376,0.175569199163406,0.30229345898907,0.229446145105429
75018,0,"PMM2",0.150076013935189,0.128292833698828,0.216878840096747,0.131727248412378
75018,0,"WPMM2",0.189782278549447,0.182027396475846,0.297649058370964,0.227011726668349
75019,0,"W00",0.109734338037517,0.0956307114011215,0.167450085525782,0.107884511379081
75019,0,"W10",0.111917748624073,0.0987067236448951,0.173432758621177,0.116587201830508
75019,0,"W01",0.130776289419998,0.12495607631056,0.213121076723245,0.168171423845554
75019,0,"W11",0.13090740738544,0.125121041766149,0.213355236443746,0.168456394796151
75019,0,"LSE",0.0960674363026137,0.0812484971139343,0.141711031756204,0.0809933110762953
75019,0,"Huber",0.117664149677515,0.1029072964519,0.179543267173635,0.11708346936596
75019,0,"L1",0.186617534447893,0.182444520546589,0.292399983219771,0.22691196568287
75019,0,"PMM2",0.097894990558343,0.0816005442538095,0.147988993772937,0.0882377111186912
75019,0,"WPMM2",0.130907366395373,0.125121000825571,0.213355160703711,0.16845632635816
75020,0,"W00",0.0953537429059872,0.0908168071219767,0.126881319570919,0.034693165402252
75020,0,"W10",0.0957373207285608,0.0909652434225063,0.12636940235708,0.0310202652492437
75020,0,"W01",0.134945400811762,0.131502960087871,0.150737392717458,0.0663679479809285
75020,0,"W11",0.12934358673644,0.125461364949839,0.145701107601631,0.0570858725155974
75020,0,"LSE",0.0994579488750701,0.0957425333087873,0.133874049321341,0.0453147806421564
75020,0,"Huber",0.0948923670445063,0.090385909852203,0.126325166940277,0.0312025698158818
75020,0,"L1",0.102762260264627,0.0984958471802663,0.129382671795118,0.00675493691710499
75020,0,"PMM2",0.109271490597384,0.105655660826295,0.144229646082307,0.0485052581853558
75020,0,"WPMM2",0.12934359718993,0.125461383857858,0.145701119267725,0.0570858887679452
75021,0,"W00",0.110780073356653,0.0950216111166435,0.152869641711448,0.0360443809115856
75021,0,"W10",0.111954630706939,0.0962105287634455,0.155944110241096,0.0430493051964408
75021,0,"W01",0.111938810515693,0.0961942782716579,0.155905060860975,0.0429615615090062
75021,0,"W11",0.113373414284385,0.0976926086516435,0.158951144516421,0.0493891833918274
75021,0,"LSE",0.107551921315693,0.0914112978212488,0.149765911724854,0.0305310068186473
75021,0,"Huber",0.114865072301958,0.0999129630542035,0.157401766311567,0.0373389430734475
75021,0,"L1",0.167960931978325,0.146755855989477,0.234429312861181,0.114627067154039
75021,0,"PMM2",0.105560295556588,0.0895755824044971,0.146904303748279,0.0294836837501242
75021,0,"WPMM2",0.113373345281743,0.0976925338783829,0.158951011016175,0.0493889804134733
75022,0,"W00",0.110223571655827,0.098836301103438,0.10643935727651,0.0736139817051114
75022,0,"W10",0.102882443986374,0.0921070130229573,0.100129416283807,0.0656268894941423
75022,0,"W01",0.248438827798266,0.229329607510011,0.241683974664254,0.219717850177352
75022,0,"W11",0.220240993952358,0.202298877522643,0.212736589930917,0.189912584748565
75022,0,"LSE",0.0880588912076708,0.0792455298279347,0.0865762480875924,0.0487814485032857
75022,0,"Huber",0.119767172901829,0.107140537179822,0.11135065593113,0.0801502931552239
75022,0,"L1",0.114425722591252,0.109652404645957,0.120087804644333,0.0685360539395112
75022,0,"PMM2",0.0982938271417578,0.0876541361595016,0.116564890695448,0.0599651120877004
75022,0,"WPMM2",0.220240942532263,0.202298836499956,0.212736539674975,0.189912541412997
75023,0,"W00",0.101663503539099,0.0943165308540383,0.129232203555494,0.0290235950521168
75023,0,"W10",0.101398256280936,0.0941146303135057,0.129413990408213,0.0304386005342693
75023,0,"W01",0.104535563072214,0.0997383792584202,0.147477452654334,0.0854112671306928
75023,0,"W11",0.102438803946076,0.0976370295946822,0.144222701384488,0.078615197572409
75023,0,"LSE",0.101604322501178,0.0938727330952733,0.125509995368664,0.0204640000362225
75023,0,"Huber",0.108965041084125,0.10115883872248,0.137758154863555,0.0300187969079895
75023,0,"L1",0.133314232180302,0.126396846303595,0.171868769393694,0.0488839718560611
75023,0,"PMM2",0.0989300553190254,0.0911131428541116,0.122022727843945,0.0171815467491019
75023,0,"WPMM2",0.102438849151448,0.0976370725055609,0.144222756508993,0.0786151606283139
75024,0,"W00",0.0836580469241434,0.0705963693552946,0.118600686231413,0.0595380830172912
75024,0,"W10",0.0835303194460473,0.0704445222366662,0.11844416188003,0.0592427246672506
75024,0,"W01",0.0716439877592097,0.0585861691734991,0.102401583505876,0.0156674089488053
75024,0,"W11",0.0721996260046747,0.0586038102329896,0.103537036824084,0.0212370110416906
75024,0,"LSE",0.0955072867100322,0.0825755785693606,0.132816012713194,0.0700975780862967
75024,0,"Huber",0.0754685769700022,0.0627080894036194,0.110773265781874,0.0574251225765031
75024,0,"L1",0.0733629203676138,0.0700053527033358,0.0961296437975651,0.0285809413012245
75024,0,"PMM2",0.0944495072720155,0.0816735490892097,0.13116445180476,0.0690181965807928
75024,0,"WPMM2",0.072199629510949,0.0586038143506501,0.103537041945577,0.0212370292990137
75025,0,"W00",0.141738904631032,0.125101929773372,0.185423731237186,0.0362131480932719
75025,0,"W10",0.138102764810908,0.121947244192315,0.183222349970512,0.0314198592080397
75025,0,"W01",0.183140847458342,0.160741928595575,0.211865461353073,0.0838496166459491
75025,0,"W11",0.172827256509804,0.15181502595192,0.205125269427637,0.0724161958500077
75025,0,"LSE",0.123968163412623,0.109292853657968,0.150902365615554,0.0594327031033862
75025,0,"Huber",0.142766468867971,0.126281740651272,0.192612486078259,0.0277258687031696
75025,0,"L1",0.113587271874484,0.102382929589455,0.149422059191962,0.0129444760260183
75025,0,"PMM2",0.133145926842345,0.117516681852397,0.173107801443109,0.0481019751278312
75025,0,"WPMM2",0.172826906691071,0.151814719147065,0.205124915032909,0.0724159069190878
75026,0,"W00",0.0908466452057128,0.0834525013160597,0.138097238860809,0.0937907967541428
75026,0,"W10",0.092296090931059,0.0853247570936786,0.140764376511964,0.0972813933310536
75026,0,"W01",0.12943359494548,0.12844726705497,0.20150701184293,0.169181860973149
75026,0,"W11",0.128009358442838,0.126887491546132,0.199330494293171,0.166740084643417
75026,0,"LSE",0.0746390282853628,0.0650524318144242,0.117850388903315,0.0837515361261252
75026,0,"Huber",0.095424694111698,0.0900532985605836,0.141016803404664,0.0920693440027206
75026,0,"L1",0.123946302953401,0.118876140822732,0.191887199159374,0.147954314714324
75026,0,"PMM2",0.0865324787632759,0.0751561774414169,0.13631716190756,0.099204658963274
75026,0,"WPMM2",0.128009205554072,0.126887326083003,0.199330241725216,0.16673978899995
75027,0,"W00",0.0696194299243281,0.0629512921978755,0.10030526364363,0.0420098336730608
75027,0,"W10",0.0714788618686254,0.064640067751007,0.10193163425567,0.046035707426942
75027,0,"W01",0.0730383870064965,0.0660825274689169,0.103330444649896,0.0492538031623133
75027,0,"W11",0.0750975069879534,0.0680348081830034,0.105226356132914,0.053346651074832
75027,0,"LSE",0.0645732246408958,0.0583180110443972,0.0921463946911001,0.042264770999462
75027,0,"Huber",0.0741071575321799,0.0671760160863511,0.108283056490614,0.0415366931354584
75027,0,"L1",0.0793887717205276,0.0755732017005117,0.119114543549026,0.095476254256164
75027,0,"PMM2",0.0645275824394107,0.0582750160137905,0.0920829069469928,0.0419488625891867
75027,0,"WPMM2",0.075097369956044,0.0680346774081712,0.105226210975136,0.0533464019557731
75028,0,"W00",0.24337295014771,0.234356901657881,0.388890317988079,0.320268164825115
75028,0,"W10",0.240744328818219,0.231098699331812,0.384696652594548,0.315304062754413
75028,0,"W01",0.286435054158159,0.284428409026072,0.452171861658122,0.392998583507857
75028,0,"W11",0.276706269827366,0.27339771862102,0.438598341182664,0.377644913085237
75028,0,"LSE",0.224393583377585,0.213645525683814,0.350011248662413,0.277049671076067
75028,0,"Huber",0.251598633771222,0.242780785705412,0.404472979829732,0.33621702275614
75028,0,"L1",0.226152867516111,0.210064945694979,0.370491957022369,0.307051012503546
75028,0,"PMM2",0.228547904467527,0.217627484442407,0.357335993103279,0.2827624061528
75028,0,"WPMM2",0.276706254329931,0.273397704328591,0.438598307813466,0.377644885780845
75029,0,"W00",0.136146103817501,0.127308309448461,0.182169287592168,0.0783113319711906
75029,0,"W10",0.135735167887584,0.126961393220306,0.18148375775402,0.0752353325664743
75029,0,"W01",0.135645338172668,0.126967693322721,0.177687776267007,0.0388482487678234
75029,0,"W11",0.135256796126556,0.126681040304461,0.177707367729105,0.0418673170826117
75029,0,"LSE",0.132101745474012,0.125109665283599,0.17590879557764,0.0700490317462458
75029,0,"Huber",0.138210934584727,0.128397409223284,0.183171103729966,0.0738502632576536
75029,0,"L1",0.150672144106457,0.14189646926377,0.208400535628969,0.0999063330740458
75029,0,"PMM2",0.134401864294938,0.127255302632266,0.178408360507259,0.0691125412612865
75029,0,"WPMM2",0.135256735862361,0.126680991019008,0.177707320881034,0.0418674928273907
75030,0,"W00",0.0685959231944683,0.0650797259383659,0.102523605246266,0.0484300639125927
75030,0,"W10",0.0703157481142763,0.066518322567609,0.104707911113858,0.0531534371415691
75030,0,"W01",0.0727848705406478,0.0686411701274853,0.107725895637252,0.0591662361722423
75030,0,"W11",0.0741673809086526,0.0698662080857878,0.109383429942136,0.0622740702402083
75030,0,"LSE",0.0696358935499679,0.0665968042467079,0.105326845630101,0.0555484006209415
75030,0,"Huber",0.0667814834701452,0.063911580550618,0.0994383177103297,0.0475468396372326
75030,0,"L1",0.181303488331036,0.165390640511846,0.224359148710168,0.155420934302419
75030,0,"PMM2",0.0685339986023155,0.0656625196601415,0.103264483201634,0.0493259634354369
75030,0,"WPMM2",0.0741673529231306,0.0698661849023254,0.109383400476862,0.0622740578323436
75031,0,"W00",0.16657385475647,0.140987464637418,0.259823705930294,0.194828771745941
75031,0,"W10",0.173118376008536,0.150052491956263,0.272964540388586,0.210821588714483
75031,0,"W01",0.198143825776252,0.183912485450805,0.316997411774809,0.261962132660652
75031,0,"W11",0.201958433525874,0.18871208202973,0.323212375116788,0.268987411181915
75031,0,"LSE",0.164352256192545,0.136895424684666,0.256921085940872,0.194804893880548
75031,0,"Huber",0.160917868017404,0.135719318339494,0.24778615267565,0.180929564980595
75031,0,"L1",0.228781478382916,0.217738473524596,0.314454483775159,0.24919625693191
75031,0,"PMM2",0.168680718290608,0.141166060430457,0.263629012615402,0.199985301085137
75031,0,"WPMM2",0.201958235037738,0.188711823727296,0.323212115094074,0.268987148845649
75032,0,"W00",0.136012872268795,0.127797694381561,0.187258398179544,0.0803302656969019
75032,0,"W10",0.138470561506471,0.130081657358974,0.191100810010651,0.0888463415919958
75032,0,"W01",0.171215432028097,0.161134348969676,0.234853487874667,0.161901022599656
75032,0,"W11",0.168751203430592,0.15873229292911,0.23169133463806,0.157383681616217
75032,0,"LSE",0.142819162821669,0.134060407534718,0.195242448558604,0.0792584839945016
75032,0,"Huber",0.138992736164368,0.130884413537933,0.192231622449099,0.080367933515074
75032,0,"L1",0.142710149734644,0.137373836560377,0.203643597639975,0.104857261164476
75032,0,"PMM2",0.144827464020247,0.136256215276193,0.200034225213347,0.0914924011538114
75032,0,"WPMM2",0.168751135458142,0.15873219338804,0.231691165362504,0.157383531894229
75033,0,"W00",0.113601239176799,0.102357125523873,0.124333506709959,0.0771875618443261
75033,0,"W10",0.112930226130789,0.101730420285261,0.123628983557279,0.0761898196982188
75033,0,"W01",0.157507267118775,0.14466261202581,0.171676593749836,0.135565840358888
75033,0,"W11",0.151044529351965,0.138322113709118,0.164590115195766,0.127457458721294
75033,0,"LSE",0.104994642466123,0.095073481156894,0.116314370568101,0.0759917580755453
75033,0,"Huber",0.117924509341365,0.106030611441807,0.129721728265807,0.0776371553022992
75033,0,"L1",0.163103052699547,0.146751462600301,0.193030730434036,0.0854938644739133
75033,0,"PMM2",0.108277802687982,0.0981006985791221,0.122101764316688,0.0785692470273255
75033,0,"WPMM2",0.151044272050577,0.138321867199591,0.1645898195998,0.127457166343092
75034,0,"W00",0.13934859193739,0.115365202298738,0.201535387579102,0.141418676151621
75034,0,"W10",0.140251803773998,0.116602550325252,0.203001213940877,0.143778059102011
75034,0,"W01",0.183679342163914,0.174536823162815,0.265858348245784,0.228588257193457
75034,0,"W11",0.176618792322324,0.16578369551709,0.25637367584661,0.217047442076718
75034,0,"LSE",0.129002217469433,0.103588862129524,0.18158053504026,0.11781465808218
75034,0,"Huber",0.143300107615746,0.120800432419829,0.209286357371055,0.151169367217107
75034,0,"L1",0.151613746577343,0.132803839187241,0.230110617814561,0.182136652133933
75034,0,"PMM2",0.12863173079148,0.102775107408028,0.181178400256347,0.11989350733396
75034,0,"WPMM2",0.176618585919872,0.165783410521523,0.256373407923068,0.21704706453658
75035,0,"W00",0.180535636501267,0.158653455436062,0.299476605055418,0.231229754098234
75035,0,"W10",0.183728153747648,0.164106539643084,0.308230021962831,0.242991241146234
75035,0,"W01",0.238410187019502,0.236935151420435,0.404306781470157,0.36022150782378
75035,0,"W11",0.235194373552906,0.233199278907048,0.399802967928529,0.355026546444456
75035,0,"LSE",0.171823661055869,0.14847762328047,0.281620032547833,0.208326701695904
75035,0,"Huber",0.181345941139341,0.159529503034002,0.30299182170552,0.238202911975066
75035,0,"L1",0.302032966709799,0.27264663386978,0.514403611552292,0.421786341403417
75035,0,"PMM2",0.167007578580873,0.144152229869863,0.275768664827187,0.205751922853836
75035,0,"WPMM2",0.23519424710333,0.233199128741081,0.399802796379525,0.355026339572053
75036,0,"W00",0.103485274881754,0.0904186142647305,0.144376806543575,0.0349025908805458
75036,0,"W10",0.105175492519263,0.0914538817674491,0.146397584259868,0.0430740872274348
75036,0,"W01",0.103965709353257,0.0906786575897989,0.144952191299414,0.0374183222698564
75036,0,"W11",0.105358526792202,0.0915830175769662,0.146616163330274,0.043864907366146
75036,0,"LSE",0.107321159595698,0.0939431219199036,0.148529106589644,0.0362802859528973
75036,0,"Huber",0.109570935078863,0.0948238123293189,0.152876059121484,0.0383655674235928
75036,0,"L1",0.0779706663322788,0.0719426021313498,0.100422834865875,0.047544528875229
75036,0,"PMM2",0.107530751339712,0.0941818891335452,0.148614456980634,0.0350830621845223
75036,0,"WPMM2",0.105358489555375,0.0915829912215686,0.146616125347796,0.0438649306963123
75037,0,"W00",0.0972959222984444,0.0870572868118469,0.143660466024452,0.0124321937917848
75037,0,"W10",0.0974860071472149,0.0870148420896017,0.144678645659523,0.0153868809663518
75037,0,"W01",0.100379667136886,0.0884596641393134,0.151474738066082,0.0319743436912747
75037,0,"W11",0.100679777063397,0.0886517256066181,0.152015703016085,0.0331420977145023
75037,0,"LSE",0.0946216781202904,0.084680565432565,0.138545527037895,0.0154043469347102
75037,0,"Huber",0.0971181528159884,0.0876255938122185,0.141112680682137,0.00642715358830082
75037,0,"L1",0.144723020350719,0.125215254553346,0.218726725105677,0.0545546627109402
75037,0,"PMM2",0.0923840445628066,0.0824385926738505,0.135369491453257,0.0148461158685044
75037,0,"WPMM2",0.10067974680133,0.0886517012393704,0.152015651213387,0.0331420186439338
75038,0,"W00",0.194947311035988,0.181993489001095,0.287203453826815,0.227479323840973
75038,0,"W10",0.199989510634663,0.18772591624059,0.294044605559128,0.235676890721769
75038,0,"W01",0.279996714339631,0.274831542093999,0.398426813548541,0.352355850848466
75038,0,"W11",0.270729792537092,0.265027912676105,0.386715578284163,0.339781939784889
75038,0,"LSE",0.189199058243878,0.175431117756418,0.28093812313609,0.214484012009176
75038,0,"Huber",0.1943897114931,0.182675158976308,0.287956627351572,0.23332844280593
75038,0,"L1",0.223755651696596,0.214295688398903,0.329717736149166,0.278930914420921
75038,0,"PMM2",0.192987582946653,0.178049101534294,0.288145281884437,0.220795636817914
75038,0,"WPMM2",0.270729532146013,0.265027648956926,0.386715260202977,0.33978161170974
75039,0,"W00",0.127828037746564,0.124814286657324,0.188758431666778,0.139023413290702
75039,0,"W10",0.126856780388747,0.123625076573528,0.187221745937122,0.136853703428165
75039,0,"W01",0.206904831909599,0.211221868223477,0.29544978704395,0.26857640473322
75039,0,"W11",0.191805526720554,0.195581016875785,0.276817840742705,0.247524854199261
75039,0,"LSE",0.118793795876983,0.112473669563276,0.177502149014111,0.127083653617312
75039,0,"Huber",0.133645019285471,0.131779518742391,0.196453436441121,0.146751071458226
75039,0,"L1",0.1099323107646,0.106156877064063,0.159262216945916,0.10587974471743
75039,0,"PMM2",0.11892837755548,0.112222908928815,0.181580263832738,0.134925379206571
75039,0,"WPMM2",0.191805652623506,0.195581142676518,0.276818012678806,0.247525044075221
75040,0,"W00",0.122719004389412,0.11738023885319,0.175882719080977,0.0561109312483945
75040,0,"W10",0.122026512195843,0.116630483592235,0.174816279312154,0.0533609524423122
75040,0,"W01",0.153839235145445,0.14756390195311,0.193842782878269,0.118837137282618
75040,0,"W11",0.140149767702048,0.133147510277395,0.179410359552239,0.0898689382866618
75040,0,"LSE",0.126451675238488,0.120738533294718,0.178944721219011,0.0667636398894152
75040,0,"Huber",0.121151146400598,0.115272713884997,0.173415811316169,0.050697426250146
75040,0,"L1",0.164159922554156,0.161195354606971,0.207737836363531,0.0469439205607011
75040,0,"PMM2",0.115593827219884,0.108694839567832,0.160569588560983,0.0439173426410207
75040,0,"WPMM2",0.140149754197971,0.133147494644413,0.179410338143824,0.0898688652722023
75041,0,"W00",0.134464822783435,0.124910211451902,0.19851416343211,0.113691196361398
75041,0,"W10",0.137204192461867,0.128421223790005,0.205242635358031,0.124485897371049
75041,0,"W01",0.148370678416678,0.142326523262073,0.228251176669875,0.158099972144965
75041,0,"W11",0.151416834569748,0.145943261987906,0.233793294380708,0.165643562445252
75041,0,"LSE",0.138953187528476,0.127061477599098,0.206763230940328,0.12219804109724
75041,0,"Huber",0.135362863219871,0.126270915440031,0.197936402390593,0.107438945463746
75041,0,"L1",0.121442830627625,0.121546103463137,0.174231701871279,0.123611004427177
75041,0,"PMM2",0.140550787204094,0.128504257982389,0.20903729336317,0.124258714610411
75041,0,"WPMM2",0.15141690143953,0.145943328702801,0.23379340848611,0.165643678942359
75042,0,"W00",0.190116338367755,0.173334904615928,0.252420201841669,0.0577072641132695
75042,0,"W10",0.189234141506523,0.17222699221791,0.251361878303805,0.0547312662274043
75042,0,"W01",0.215772044861402,0.204636923886741,0.282781959224086,0.122518719755494
75042,0,"W11",0.210793506813948,0.198715307207797,0.276960655190663,0.111880214365235
75042,0,"LSE",0.187826233698739,0.17069857192633,0.250814972242616,0.060002034804546
75042,0,"Huber",0.189329639473464,0.171848411140974,0.252181960958749,0.0546379890835874
75042,0,"L1",0.186452375674398,0.184338000490191,0.233601579266179,0.0202115862926457
75042,0,"PMM2",0.196482189679862,0.177486847118748,0.263709863942771,0.0614280186731132
75042,0,"WPMM2",0.210793450178287,0.198715242904213,0.276960594238968,0.111880124810654
75043,0,"W00",0.175226272523532,0.170621790209529,0.221053677859453,0.18488348334536
75043,0,"W10",0.172877325114161,0.167967121045332,0.217868829672702,0.181027929639713
75043,0,"W01",0.21996115504822,0.219804889651804,0.280741339995468,0.253272747932075
75043,0,"W11",0.208214890672464,0.207061868240155,0.265348841513825,0.236007838449992
75043,0,"LSE",0.165265420507902,0.15843679753776,0.202601973775287,0.168854827702046
75043,0,"Huber",0.182258801455711,0.178375556357073,0.234754727972677,0.199860463294441
75043,0,"L1",0.230204369205766,0.213955867379928,0.274556883827908,0.133400335152607
75043,0,"PMM2",0.164541474668297,0.159443522899175,0.208639301937,0.177018625130268
75043,0,"WPMM2",0.208214856918557,0.207061832024664,0.265348778341075,0.2360077859951
75044,0,"W00",0.103818232654499,0.0969124156101085,0.132573681415348,0.032012939500731
75044,0,"W10",0.104880374676197,0.0976386321359471,0.129445437352284,0.0192710097927591
75044,0,"W01",0.104950198287439,0.0976910944063699,0.129344452480135,0.0187493557549689
75044,0,"W11",0.107124491672705,0.0995414786807271,0.127439101443876,0.00542838363452919
75044,0,"LSE",0.1022449357187,0.0962018205575208,0.129515232065111,0.0223299010607074
75044,0,"Huber",0.103724236093445,0.0966634325444811,0.133895237224892,0.0355631512758148
75044,0,"L1",0.133451256506515,0.125004541378289,0.143104005286228,0.0346921485108018
75044,0,"PMM2",0.101198770796636,0.0950991013871927,0.127388622219642,0.016501726509869
75044,0,"WPMM2",0.107124504729322,0.0995414904951476,0.127439095876904,0.00542831621395112
75045,0,"W00",0.10790677121422,0.0966501500096022,0.164113932994822,0.0739799851617974
75045,0,"W10",0.107309021843324,0.0961238628645204,0.163325375198737,0.0713709375156584
75045,0,"W01",0.13772777589079,0.127526689653988,0.196222336627692,0.141310290480455
75045,0,"W11",0.131029236093461,0.120200719946658,0.189336652240369,0.129860549316231
75045,0,"LSE",0.109298677235616,0.0962906593228795,0.166887991091008,0.059702269838447
75045,0,"Huber",0.108204159835519,0.0987501591982415,0.164600841544955,0.0822747538822999
75045,0,"L1",0.0941469867205222,0.0869911556643222,0.111051952319931,0.0262641295947693
75045,0,"PMM2",0.105249492059066,0.0912481391621854,0.160187378708379,0.057538729078719
75045,0,"WPMM2",0.131029239587915,0.120200721969583,0.189336668918944,0.129860523409424
75046,0,"W00",0.174011572149489,0.157344734339448,0.245913225050777,0.0984029809974897
75046,0,"W10",0.173025722850289,0.155812536496216,0.24426839889379,0.0946285803315565
75046,0,"W01",0.206284853668967,0.203051889159008,0.294927309040349,0.185063592782476
75046,0,"W11",0.198393007364412,0.192968074670047,0.2835007550422,0.167578956648269
75046,0,"LSE",0.172814356681122,0.155916241688323,0.238010047394718,0.0668673578015957
75046,0,"Huber",0.171789908077535,0.157491321040554,0.244093484908557,0.10567819919021
75046,0,"L1",0.176689967322027,0.145188302762329,0.257547885911695,0.0863324722281321
75046,0,"PMM2",0.179993731701349,0.16360951510006,0.248480744178596,0.0785121116419204
75046,0,"WPMM2",0.198393011982919,0.19296810102891,0.283500725857394,0.167578914031764
75047,0,"W00",0.226637545039133,0.187536146145187,0.334122282914561,0.106376441831063
75047,0,"W10",0.226407288274968,0.18738405524632,0.333635894817427,0.103841817671965
75047,0,"W01",0.22615202743591,0.18724392462289,0.333101679823539,0.100911848334105
75047,0,"W11",0.226017288429183,0.187182978177975,0.332822407384144,0.0993204324593578
75047,0,"LSE",0.22788241475308,0.188576147834029,0.338072989506463,0.127433688465226
75047,0,"Huber",0.227099171186741,0.188324144445642,0.333815287724446,0.0972991663360211
75047,0,"L1",0.25165958611743,0.213224734583123,0.377426835012559,0.189657118639064
75047,0,"PMM2",0.230780493870585,0.191473842832371,0.340966170712403,0.12378756910778
75047,0,"WPMM2",0.2260172580127,0.187182956336092,0.332822363135246,0.0993204591608143
75048,0,"W00",0.0897140650709466,0.0800822544701642,0.111156321481678,0.0206903119783347
75048,0,"W10",0.090785992875001,0.0810129788599365,0.111187795556793,0.0235335229358817
75048,0,"W01",0.0957928910836857,0.0890149186220274,0.141566669702722,0.0635833535317251
75048,0,"W11",0.0895118192979396,0.0823618062207821,0.131500668364779,0.0467147950406473
75048,0,"LSE",0.0853292166661997,0.0757261330382078,0.0994292926819739,0.0204514934463159
75048,0,"Huber",0.0924181493358102,0.0826316876672666,0.114138149051556,0.0245789825661394
75048,0,"L1",0.16670637089594,0.151059436728327,0.190355107184852,0.106048711149619
75048,0,"PMM2",0.0941879918961482,0.0834677572595202,0.114581497187051,0.0134379138501506
75048,0,"WPMM2",0.0895117048210651,0.0823616660401761,0.13150049701814,0.0467147480849283
75049,0,"W00",0.120502699562722,0.11861066506688,0.149316537076027,0.0531864648549127
75049,0,"W10",0.118841410339623,0.116816252619671,0.147290001507862,0.0483468004320626
75049,0,"W01",0.112876159470984,0.110409199752582,0.140198341870753,0.0275290313955122
75049,0,"W11",0.112753128134141,0.110275992420306,0.140055060147859,0.0269951076247043
75049,0,"LSE",0.134713628819246,0.132883179967185,0.163417668421769,0.0527014842348287
75049,0,"Huber",0.114907274143394,0.112618270687165,0.145584880348565,0.0524961167478655
75049,0,"L1",0.0886651976027158,0.0842893412756004,0.107088394217193,0.0221294769409783
75049,0,"PMM2",0.132787577980592,0.130819468879547,0.160904559810222,0.0502079060441641
75049,0,"WPMM2",0.112753184494701,0.11027604818345,0.140055116950883,0.0269951278484243
75050,0,"W00",0.0878110241769752,0.0782640896382735,0.135576262514344,0.0723042253112202
75050,0,"W10",0.0837618863207006,0.0735186214499873,0.129659755278021,0.0594539317941631
75050,0,"W01",0.0794565112999619,0.068911006949017,0.120909134137441,0.0327547548040615
75050,0,"W11",0.0794899007109227,0.0691157176801967,0.119553646885267,0.0260255309067118
75050,0,"LSE",0.093198262953771,0.0799755706483243,0.149497166849317,0.0952365538367494
75050,0,"Huber",0.0874159441099307,0.0807489537492402,0.133068870676451,0.0636780915403903
75050,0,"L1",0.0885155972924199,0.0723030539229046,0.125594731467523,0.032215578986265
75050,0,"PMM2",0.0940491530203577,0.0805850439283811,0.1506789070574,0.0953845110284425
75050,0,"WPMM2",0.0794900208666111,0.0691158253233399,0.119553824625995,0.0260253908935311
75051,0,"W00",0.0786081630436605,0.0657403266516954,0.112861316959078,0.052227689505045
75051,0,"W10",0.0786086434930785,0.0657758938027134,0.112678115078621,0.0518401870974804
75051,0,"W01",0.0788603921200779,0.0666159499444541,0.110376137545997,0.0467940867227618
75051,0,"W11",0.078830171760865,0.0665330163556948,0.110536038535763,0.0471602222331358
75051,0,"LSE",0.0842037040199058,0.0676432725735906,0.129476725545956,0.0572067442869038
75051,0,"Huber",0.0759699736524072,0.0646325423205402,0.106148067338842,0.0493940369513545
75051,0,"L1",0.0942878134651268,0.0878634659367439,0.122588811878928,0.0241795778028847
75051,0,"PMM2",0.0862287637724759,0.069782183854034,0.132130346737002,0.0644262170414265
75051,0,"WPMM2",0.0788302042227614,0.0665330956344532,0.110535960022661,0.0471600347578958
75052,0,"W00",0.131094484895339,0.122733012023921,0.177108369575535,0.0669117957849058
75052,0,"W10",0.133520815633448,0.126600308440163,0.183316877459264,0.0805146746443041
75052,0,"W01",0.132346646193564,0.124849119509312,0.180557609172426,0.0747284551961003
75052,0,"W11",0.135627223873645,0.129559663840915,0.187782048495619,0.0892201273516583
75052,0,"LSE",0.134458295284843,0.12361727934331,0.185778252310054,0.0841182135868004
75052,0,"Huber",0.127818449201089,0.119383064347447,0.169890517835149,0.0549504741502828
75052,0,"L1",0.237578771683238,0.232990782981947,0.319201603816758,0.161866557072424
75052,0,"PMM2",0.132279948123453,0.120690992522806,0.184955257182082,0.084479562793249
75052,0,"WPMM2",0.135627033733354,0.129559403750601,0.187781799730919,0.0892198291082393
75053,0,"W00",0.0634384295867322,0.0590821050098885,0.0796276418981452,0.00530163093771097
75053,0,"W10",0.0619953743867466,0.0577102895449999,0.0786623692590023,0.0117802515388091
75053,0,"W01",0.0619522459057874,0.0570995268971696,0.0782430819544005,0.0195127829728515
75053,0,"W11",0.0624089700394776,0.0571950032095094,0.0783477030350672,0.0233917451363614
75053,0,"LSE",0.0603102670068454,0.0554645010331535,0.0748199419291847,0.00378461893892035
75053,0,"Huber",0.0686768328627078,0.0637986099333345,0.0873009201780894,0.0166616191635084
75053,0,"L1",0.108222958484779,0.103613051305865,0.160894238391602,0.129624145537254
75053,0,"PMM2",0.0644937946922863,0.0596454580597434,0.0810230632362391,0.000404578475465656
75053,0,"WPMM2",0.0624090168965962,0.0571950636945509,0.0783478031285241,0.02339160839536
75054,0,"W00",0.122525491202986,0.103989313347947,0.176496243940422,0.0945606672802087
75054,0,"W10",0.122303813591862,0.10365676010525,0.175741644872856,0.0929861890352085
75054,0,"W01",0.131499281449967,0.118662141238139,0.198102756051544,0.133166717128379
75054,0,"W11",0.129383050970935,0.115007857726206,0.193688405190342,0.125901520971455
75054,0,"LSE",0.109212337286211,0.0938992271909412,0.147618106061512,0.049744466476713
75054,0,"Huber",0.129335647569268,0.109890471184308,0.188121353157446,0.106854870706721
75054,0,"L1",0.18745609215942,0.16017158129072,0.275862278141379,0.179009806357273
75054,0,"PMM2",0.107314715176429,0.0928183915783812,0.144549552986706,0.0517803617658072
75054,0,"WPMM2",0.129382686807628,0.115007810891613,0.193687734019123,0.12590106079906
75055,0,"W00",0.199386762631016,0.182966640899499,0.246145544290346,0.0373994691208746
75055,0,"W10",0.198307060009622,0.182372907955103,0.246825472966787,0.0421434852327876
75055,0,"W01",0.194765911410388,0.181078255598442,0.253104782801508,0.0710182365719877
75055,0,"W11",0.194762164963899,0.181080647719366,0.253142270203022,0.0711514710587185
75055,0,"LSE",0.208840309733664,0.191947377275121,0.25759349174675,0.0516485803639127
75055,0,"Huber",0.198283531604324,0.181277794316089,0.243785949467617,0.0273212564739363
75055,0,"L1",0.113057875181787,0.10453009466497,0.148459811823886,0.0322880066320474
75055,0,"PMM2",0.208844920620766,0.191810271894581,0.257052427606697,0.0471361182953568
75055,0,"WPMM2",0.19476219458879,0.181080671819629,0.253142264319937,0.0711513530325885
75056,0,"W00",0.0775008124641779,0.0708113217504758,0.105549467212432,0.0255121303265976
75056,0,"W10",0.0769067662018322,0.0700300524942731,0.104362752221673,0.0227062366034106
75056,0,"W01",0.103264419614925,0.0971407711946874,0.116301990024743,0.0808293254105225
75056,0,"W11",0.0960981962415481,0.0897212168953801,0.10961669053107,0.0684250348377135
75056,0,"LSE",0.0785064605910704,0.0724700669186986,0.10563536744639,0.0307180353387477
75056,0,"Huber",0.0799230199583168,0.0733081633032313,0.109205155825415,0.0302693068144712
75056,0,"L1",0.127361768826511,0.120481042703361,0.16961930712764,0.0487487958161913
75056,0,"PMM2",0.0676815664119818,0.0619232116209325,0.0875636743857225,0.0357885601464148
75056,0,"WPMM2",0.096098086276005,0.089721110494029,0.109616609622301,0.0684248041379388
75057,0,"W00",0.111135728776303,0.103706976539959,0.16197502013519,0.120549186740149
75057,0,"W10",0.109585162955354,0.101859858894872,0.160075114091469,0.117630703411584
75057,0,"W01",0.131341336513638,0.126930235429683,0.186285024397377,0.154392814474683
75057,0,"W11",0.127559426915684,0.122743770279983,0.181865754111439,0.148587940909668
75057,0,"LSE",0.107126337169669,0.0996853073388907,0.151364751635058,0.109314652652977
75057,0,"Huber",0.120764229058655,0.112826535899744,0.177398139653524,0.132742109349915
75057,0,"L1",0.142962378334324,0.134991653712306,0.209110329387651,0.170239996437702
75057,0,"PMM2",0.107479253424133,0.0998396568899043,0.152254901229241,0.108121290335748
75057,0,"WPMM2",0.127559387872351,0.122743735609577,0.181865768039771,0.148587939571732
75058,0,"W00",0.121491398890584,0.108990145678707,0.15312842316837,0.0795431929802728
75058,0,"W10",0.121026074622239,0.108588213211426,0.152556472499823,0.0785007098109806
75058,0,"W01",0.17883874348935,0.16513209708656,0.224764183377337,0.179272479491706
75058,0,"W11",0.167185906204081,0.153123088277075,0.2100205786664,0.16123542528445
75058,0,"LSE",0.12066967047513,0.108126386267814,0.153161979643617,0.0753833743023352
75058,0,"Huber",0.122975440668425,0.110197034547273,0.152123306225226,0.082301430446058
75058,0,"L1",0.109441954409772,0.099066183088626,0.124381495215553,0.049195062129234
75058,0,"PMM2",0.123263446749279,0.111085847794511,0.163107997576235,0.0890798557390296
75058,0,"WPMM2",0.167185877274122,0.153123057368892,0.210020539457988,0.161235376623325
75059,0,"W00",0.12146842150184,0.107536995282293,0.18301460135386,0.0722470660366155
75059,0,"W10",0.118876938886424,0.105161896137332,0.180686477063489,0.0647194164234417
75059,0,"W01",0.113664398066571,0.101603772492782,0.175602420239558,0.042671400581859
75059,0,"W11",0.11327482048116,0.101538762266143,0.175128134536867,0.0394406560430601
75059,0,"LSE",0.130930945762028,0.115209925997656,0.196212990615846,0.0813837749862983
75059,0,"Huber",0.120721771801264,0.107248079460728,0.183438843072946,0.0709945788520591
75059,0,"L1",0.158404146077281,0.15315924914165,0.198617248101105,0.0189735734114275
75059,0,"PMM2",0.13142592569073,0.115725216007842,0.19741912522349,0.0826194937743676
75059,0,"WPMM2",0.113274839530602,0.101538748796049,0.175128148662703,0.0394406597045409
75060,0,"W00",0.11277475262359,0.09067364470811,0.166349463225155,0.0427801171738332
75060,0,"W10",0.114074582229518,0.0916444602692207,0.168195804588652,0.0480501063785825
75060,0,"W01",0.13462354782659,0.116023642364849,0.195250014439343,0.10311876541308
75060,0,"W11",0.133779997585058,0.114904916918005,0.194160548907925,0.101287410913991
75060,0,"LSE",0.108920633555402,0.0888324468425464,0.159346141072111,0.0300359013658557
75060,0,"Huber",0.11393712073894,0.0916177276203431,0.168418578253838,0.0394717479893765
75060,0,"L1",0.122453574262972,0.100896877432893,0.187392307585172,0.116580689250605
75060,0,"PMM2",0.113190924564433,0.0928603866775674,0.165815568966441,0.034069853427125
75060,0,"WPMM2",0.13377994672096,0.114904853163578,0.1941604823907,0.101287320745579
75061,0,"W00",0.217740949351606,0.213369862174849,0.354166216976912,0.298345039456483
75061,0,"W10",0.2143138329147,0.20882773155387,0.348562540014156,0.291159471946473
75061,0,"W01",0.212910157238764,0.206928583832099,0.346226461394383,0.288133966877329
75061,0,"W11",0.210422964552702,0.203517501282836,0.341989142417695,0.282611256863255
75061,0,"LSE",0.207988274931321,0.205113563336616,0.328195205879838,0.267762440994241
75061,0,"Huber",0.221941847818373,0.216980423327932,0.366301236049423,0.313548503208372
75061,0,"L1",0.204560226395421,0.193754358984178,0.329918025195443,0.261956149952679
75061,0,"PMM2",0.207855849244963,0.204999884569131,0.327957330443217,0.267552253525451
75061,0,"WPMM2",0.210423099803845,0.203517757100559,0.34198918138615,0.282611352382952
75062,0,"W00",0.171157239978152,0.165297128495438,0.283059354310515,0.238624601022923
75062,0,"W10",0.166700151885542,0.159983339412387,0.275907345654125,0.230813945167213
75062,0,"W01",0.205073697623766,0.204292280397203,0.334306102820009,0.293311598706649
75062,0,"W11",0.194318980710809,0.192159760951174,0.318629689773195,0.276747777030697
75062,0,"LSE",0.16037944823447,0.154205464514045,0.26324381681918,0.218894475100703
75062,0,"Huber",0.172258889928597,0.166796546391206,0.287344020740118,0.245149617960067
75062,0,"L1",0.181250942258104,0.161906858383824,0.291752033267494,0.215745270396866
75062,0,"PMM2",0.170365041393037,0.16321893269279,0.27954861442419,0.230312231950754
75062,0,"WPMM2",0.194318738760794,0.192159492532892,0.318629370561171,0.276747475109645
75063,0,"W00",0.0780540656703356,0.0756994841368692,0.105923817612389,0.0605368919883693
75063,0,"W10",0.0851077848336976,0.0826937566404801,0.1148235146847,0.0741004754982376
75063,0,"W01",0.153702090661166,0.148481150860657,0.192662425219016,0.16802071812413
75063,0,"W11",0.150370850560308,0.145249523836494,0.188915075900275,0.163891432367265
75063,0,"LSE",0.0621753881459388,0.0606583107093672,0.0886560621012852,0.0571157133292959
75063,0,"Huber",0.0789928992125113,0.0764397447715902,0.107983179504227,0.0609742482075328
75063,0,"L1",0.175929135486929,0.16794154389218,0.211356848531891,0.164072518210569
75063,0,"PMM2",0.077205079681666,0.0753489939759954,0.1080342971064,0.0672049252459442
75063,0,"WPMM2",0.150370710294678,0.14524936746052,0.18891485035944,0.163891214387901
75064,0,"W00",0.151699732876988,0.138680624957799,0.207376951242557,0.0940050438768263
75064,0,"W10",0.155811069775658,0.143283272802538,0.211607183242218,0.102788120677872
75064,0,"W01",0.182993227354337,0.173767422690667,0.240269640438304,0.152400373300207
75064,0,"W11",0.183675132543893,0.174522437984354,0.240987696009444,0.153509388199954
75064,0,"LSE",0.149190913562398,0.136763396208724,0.196169757023406,0.0727460324224547
75064,0,"Huber",0.149921128273339,0.137764767893382,0.208897952894942,0.103007189537413
75064,0,"L1",0.200985886365647,0.193313651349142,0.255595274633361,0.15704021792874
75064,0,"PMM2",0.151234297371553,0.138552352282302,0.197555746172623,0.0723116100762689
75064,0,"WPMM2",0.183675193138672,0.174522507293097,0.240987736846463,0.153509464507415
75065,0,"W00",0.155579419300116,0.144467361687479,0.215229829267671,0.019130317660969
75065,0,"W10",0.155513246327833,0.144418134603315,0.215215385348032,0.0188938560518678
75065,0,"W01",0.21062752156821,0.189288295773487,0.238864318285205,0.114291481795062
75065,0,"W11",0.198719653192876,0.17906453044225,0.23301478422078,0.0988746388077075
75065,0,"LSE",0.148947640460027,0.138543335150877,0.206044127736433,0.0171264966315368
75065,0,"Huber",0.156684196611614,0.145233529127517,0.215287633243915,0.0235314309637811
75065,0,"L1",0.202763425974894,0.178437609639852,0.274240697654219,0.0810774347708177
75065,0,"PMM2",0.147371472054595,0.137107166821691,0.203581331856874,0.00317606981554297
75065,0,"WPMM2",0.198719387185352,0.179064329920629,0.233014887551727,0.0988745365616361
75066,0,"W00",0.13232614058929,0.121654177934301,0.105196042787337,0.0923293638226453
75066,0,"W10",0.135727727604978,0.125018871876938,0.108050835902014,0.0955974334448758
75066,0,"W01",0.156148292591795,0.145081220298525,0.125908982580117,0.115206162765568
75066,0,"W11",0.15603373240298,0.144968975482713,0.125805913068556,0.11509580826727
75066,0,"LSE",0.128641026582397,0.117539436320995,0.100668498644692,0.0876610500295341
75066,0,"Huber",0.137942756893036,0.126544222953367,0.107561708962763,0.0898381264020286
75066,0,"L1",0.146935052630828,0.139704843295891,0.107453055722104,0.0282386946798235
75066,0,"PMM2",0.128666132867634,0.118509108339778,0.100424669327655,0.0879321342108802
75066,0,"WPMM2",0.156033416794131,0.144968671844223,0.125805658050634,0.115095576369172
75067,0,"W00",0.0989527347273172,0.0990951160435071,0.144182801857669,0.119123204275431
75067,0,"W10",0.0961404789573817,0.0962139878685105,0.141035423898779,0.114997677920658
75067,0,"W01",0.253358769139646,0.246193022263026,0.283457996831326,0.274511815524511
75067,0,"W11",0.224272228738875,0.218630703791668,0.258980194121743,0.248672711351282
75067,0,"LSE",0.0716403419104871,0.0683746428307854,0.100333131235052,0.0721550861471995
75067,0,"Huber",0.113382223358659,0.113904834500653,0.161688048769838,0.134312930734408
75067,0,"L1",0.211041333869777,0.204181811185072,0.322758631966716,0.248545320385349
75067,0,"PMM2",0.0658248122192002,0.0625513792486736,0.0882849050378551,0.063200890903584
75067,0,"WPMM2",0.224271485768502,0.218630040959617,0.258979773218115,0.248672242042908
75068,0,"W00",0.176984090234559,0.157978133339075,0.242600134160521,0.0634896914867296
75068,0,"W10",0.175109534660973,0.156398286731919,0.241090499463665,0.0584754113438383
75068,0,"W01",0.164139287805829,0.148360898954378,0.232726715944855,0.0189963709967285
75068,0,"W11",0.164407853437242,0.148504263274847,0.23292751193957,0.0203769850925346
75068,0,"LSE",0.166779384200312,0.148429982780604,0.221952650531646,0.0714860998908432
75068,0,"Huber",0.182314261148148,0.162778525386966,0.251681136044681,0.0661280507548696
75068,0,"L1",0.223390541010303,0.192499186514548,0.325270263028807,0.118053592853099
75068,0,"PMM2",0.166614739608844,0.148400645883457,0.220901118871159,0.0721291718564062
75068,0,"WPMM2",0.164407801392548,0.148504214767521,0.232927417916088,0.0203769820328673
75069,0,"W00",0.21044466623693,0.195923721899748,0.268178858307,0.0337332697064572
75069,0,"W10",0.211227626276745,0.196633102265906,0.267704349495943,0.0298606736682517
75069,0,"W01",0.248015618099678,0.233324941180751,0.277095756927884,0.0736105273955852
75069,0,"W11",0.243611162426494,0.228848575742634,0.274592857653239,0.0644257739433669
75069,0,"LSE",0.206696694227651,0.193559993292484,0.265017243272294,0.0403779454175099
75069,0,"Huber",0.21172154969649,0.196787952684927,0.268736045192655,0.028061466921006
75069,0,"L1",0.252442621515855,0.231338333831857,0.301117403174491,0.0147130033247427
75069,0,"PMM2",0.207267201894322,0.194563805837963,0.264484937332433,0.0300734443600803
75069,0,"WPMM2",0.243610872902219,0.228848283629485,0.274592678649842,0.064425223755682
75070,0,"W00",0.0613748040223714,0.0493860816477043,0.0874168380029936,0.0566194281683797
75070,0,"W10",0.0629555033234183,0.051517246339357,0.0897680523005394,0.0601147279801728
75070,0,"W01",0.139571924540766,0.137565383258482,0.177240454044211,0.1631042948543
75070,0,"W11",0.128349322835436,0.125960199846781,0.165610722353368,0.150585755693202
75070,0,"LSE",0.060184690577768,0.0464674060667327,0.084791884855563,0.0494764492997798
75070,0,"Huber",0.0648497366988643,0.0519120541988534,0.0959060738375791,0.0657818198739283
75070,0,"L1",0.0883848006405645,0.0849766794473319,0.115850871109427,0.0992149972205241
75070,0,"PMM2",0.0626495129422396,0.0498889968250439,0.084310697175826,0.0439086688876643
75070,0,"WPMM2",0.128349243076587,0.125960127285818,0.165610676003121,0.150585717498013
75071,0,"W00",0.0856068318350476,0.084648699427129,0.137460219893028,0.119987900230576
75071,0,"W10",0.0891768210948814,0.0886730644867375,0.142055504359746,0.125323865041827
75071,0,"W01",0.177069987185593,0.179509977966217,0.240565517776288,0.231872795432342
75071,0,"W11",0.165585687128548,0.168022213111988,0.228650493278209,0.219389257804734
75071,0,"LSE",0.0688902461927893,0.0675385222848367,0.110502215210543,0.09510886893262
75071,0,"Huber",0.0929123080444051,0.092402390729255,0.148343959854258,0.131041912579294
75071,0,"L1",0.185820063177498,0.172930725109135,0.305505569806741,0.240348312729654
75071,0,"PMM2",0.073059760012275,0.0708618934235367,0.117374430275307,0.101722228677274
75071,0,"WPMM2",0.16558574027845,0.168022264796076,0.228650496868394,0.219389282259535
75072,0,"W00",0.146873032033867,0.133961413126584,0.195125556717341,0.0576853350166253
75072,0,"W10",0.145688885894887,0.133126211343735,0.194108928878544,0.0527138030190678
75072,0,"W01",0.149193528691852,0.137746613438104,0.193404343687802,0.0154034184520938
75072,0,"W11",0.146363692150107,0.135806451232519,0.19227332500905,0.00781012661500252
75072,0,"LSE",0.146635581562146,0.133629458720617,0.193819057261135,0.068763266487773
75072,0,"Huber",0.148489008893198,0.135120670624787,0.196398089894417,0.0474094620621102
75072,0,"L1",0.158216146531875,0.147692384658902,0.208878767379467,0.0492209239572607
75072,0,"PMM2",0.149719294335671,0.136513865504345,0.197532637440322,0.0689021432147178
75072,0,"WPMM2",0.146363620157521,0.135806385974723,0.192273215776563,0.00781011648136948
75073,0,"W00",0.170057549030747,0.163375056312694,0.223440823080805,0.0854735427953104
75073,0,"W10",0.170592029480135,0.164294098857719,0.22580718312555,0.0921750592671064
75073,0,"W01",0.176183339621053,0.171882287689742,0.240394264838677,0.126166890165305
75073,0,"W11",0.176641640761626,0.172453713402114,0.241347932739137,0.128093976267989
75073,0,"LSE",0.177546481153788,0.169217516105844,0.232144247488908,0.0828885608158959
75073,0,"Huber",0.168698099116515,0.162215849021471,0.222350998736931,0.088184083845955
75073,0,"L1",0.155077258967562,0.149361060641657,0.217038950519517,0.114076680639227
75073,0,"PMM2",0.175740776822075,0.166991307705021,0.230379341019609,0.082233420853417
75073,0,"WPMM2",0.176641637630642,0.172453716401433,0.241347926475427,0.128094007989932
75074,0,"W00",0.196708462600962,0.177780705271205,0.249834758870799,0.113877546327512
75074,0,"W10",0.189235680419713,0.171380724008692,0.244171898634627,0.100598148079985
75074,0,"W01",0.161247353252872,0.149012123951988,0.227330544128353,0.0364542117283659
75074,0,"W11",0.160656962498675,0.148549983590596,0.227064202082172,0.0344899348491847
75074,0,"LSE",0.189057056630655,0.170988095401784,0.234721167981567,0.132558671583958
75074,0,"Huber",0.203253695339613,0.183733425342253,0.258043042638302,0.0945677851575698
75074,0,"L1",0.208908434082809,0.190673777873526,0.282387345260143,0.00708809407131616
75074,0,"PMM2",0.186619336456054,0.168651833120884,0.232981441333339,0.125705540532897
75074,0,"WPMM2",0.16065691038316,0.148549937837221,0.227064143729469,0.0344899911069643
75075,0,"W00",0.0883423951170638,0.0847449884181924,0.125872030213714,0.0380721727834823
75075,0,"W10",0.0880868624696221,0.0843929245122885,0.125194913311465,0.0353330494687843
75075,0,"W01",0.0890784640915746,0.0838114511148912,0.121811209579519,0.0118029952285418
75075,0,"W11",0.0889517049131038,0.083750057534682,0.121856957880885,0.0126827461922127
75075,0,"LSE",0.0946790726481922,0.0892720424853271,0.127483016786925,0.028625171691781
75075,0,"Huber",0.0880658395758767,0.0829845294136876,0.126420355397054,0.0431300481875455
75075,0,"L1",0.133638255498409,0.125419905777973,0.19239638324055,0.112025413182314
75075,0,"PMM2",0.0958255042842426,0.0903527857591338,0.128689346476909,0.0268330484971273
75075,0,"WPMM2",0.0889517677919422,0.0837500993047989,0.121856946272469,0.0126824821170509
75076,0,"W00",0.153524120445367,0.130795903373099,0.247872763772287,0.199082273373567
75076,0,"W10",0.15216243263364,0.128727171347651,0.24403655594878,0.194360255725231
75076,0,"W01",0.154950428987947,0.132983638010599,0.25167083300572,0.203713587307619
75076,0,"W11",0.153143935788261,0.130213652882352,0.246820523884655,0.19779059319685
75076,0,"LSE",0.146295493600979,0.124705079195354,0.234918964395947,0.189437487043462
75076,0,"Huber",0.159153725745846,0.134962648328831,0.256326209662445,0.204377271591079
75076,0,"L1",0.158673361614627,0.134400286364061,0.259933178814739,0.20543138855232
75076,0,"PMM2",0.146375835259505,0.124772592946945,0.235120842999275,0.189713519359919
75076,0,"WPMM2",0.153143913489101,0.130213628003536,0.246820476372346,0.19779054613245
75077,0,"W00",0.127157418141279,0.116583342190951,0.163646072719148,0.00892456499704403
75077,0,"W10",0.127589101390491,0.115602767552383,0.167135398609721,0.00352585259638405
75077,0,"W01",0.16983635661552,0.163063245990775,0.23060650284525,0.112721692671798
75077,0,"W11",0.164701683389309,0.157017244436835,0.224912170643603,0.104647062373558
75077,0,"LSE",0.118667992236104,0.11000405838211,0.149387516667192,0.01980705172578
75077,0,"Huber",0.127382723441777,0.11650074576964,0.163118827608026,0.0124184814669957
75077,0,"L1",0.170943298892845,0.150255130339159,0.246699391311428,0.0180239450981802
75077,0,"PMM2",0.144640322629609,0.133997652492602,0.184258944875146,0.0431597232816965
75077,0,"WPMM2",0.164701495372155,0.157017050256008,0.224911940277814,0.104646919956498
75078,0,"W00",0.0874656038081935,0.0807020067587138,0.122823241882733,0.0847763018697723
75078,0,"W10",0.0886188622145319,0.0819319987091743,0.124637101378979,0.087231463274029
75078,0,"W01",0.0807841694961765,0.0736297100600779,0.111908736618494,0.0691870799502998
75078,0,"W11",0.0825373819243858,0.0754975342221433,0.114850794024217,0.0735181339216245
75078,0,"LSE",0.0915179602267627,0.0843370907443197,0.140394302359904,0.11136296625637
75078,0,"Huber",0.0813083776536969,0.0762764489461319,0.109031833168234,0.0589819024569186
75078,0,"L1",0.108508275487612,0.101023616433671,0.137769771587983,0.0154083216134914
75078,0,"PMM2",0.0910112768295104,0.083830957619683,0.139524789887701,0.110785130318497
75078,0,"WPMM2",0.0825374264907289,0.0754975343470469,0.11485090636448,0.0735182685156119
75079,0,"W00",0.159470742628138,0.14513537077475,0.232366543201552,0.156989076813205
75079,0,"W10",0.162877186840395,0.148901150478116,0.236873661469897,0.163277408135114
75079,0,"W01",0.284386003934387,0.281152072846656,0.393519300346222,0.348399575711606
75079,0,"W11",0.26821415045635,0.263904189999022,0.373353834640783,0.326302357878614
75079,0,"LSE",0.142746900886324,0.127805156977274,0.20715951090756,0.119739587717049
75079,0,"Huber",0.166708423592041,0.152867970523956,0.242078346065566,0.169263774899011
75079,0,"L1",0.179787713202499,0.170958125257229,0.253539517511872,0.185769415023585
75079,0,"PMM2",0.15482057842371,0.13767948751323,0.233297893595482,0.150472586333873
75079,0,"WPMM2",0.268213933493153,0.263903955603044,0.373353536052393,0.326302039997628
75080,0,"W00",0.203603383392169,0.180186029552617,0.339297520212343,0.277582430695618
75080,0,"W10",0.206133988013797,0.183682809556889,0.345272601694714,0.284503202291599
75080,0,"W01",0.253134278981984,0.244839541667014,0.435578174313522,0.384862132932182
75080,0,"W11",0.249807337774089,0.240875816234949,0.429958789272696,0.378781740691317
75080,0,"LSE",0.198908687873615,0.173426243395019,0.327109610952553,0.263706820908017
75080,0,"Huber",0.203869465773699,0.182515649524996,0.343173515496603,0.284296308665314
75080,0,"L1",0.308434143517516,0.281144382830913,0.510844171016585,0.414332676832304
75080,0,"PMM2",0.205396058453865,0.179386275913697,0.337782386978144,0.271810622047322
75080,0,"WPMM2",0.24980730752961,0.240875780706148,0.429958739280395,0.378781687989764
75081,0,"W00",0.0987610730909665,0.0829165581016731,0.140400382799354,0.0422757855912007
75081,0,"W10",0.0986647425273132,0.082687684913676,0.140693499902756,0.0433247939321681
75081,0,"W01",0.121197845685087,0.109263979257207,0.136239357980047,0.0141533560595917
75081,0,"W11",0.115737122801467,0.103938223845685,0.135401802336627,0.00556589350708558
75081,0,"LSE",0.085468437017384,0.0692618291724198,0.12939555044072,0.0374332221883207
75081,0,"Huber",0.108752795704487,0.0924874901587865,0.150389528882166,0.0472052985664597
75081,0,"L1",0.111360247493196,0.0977641328983966,0.145263416362071,0.0642698426743494
75081,0,"PMM2",0.0852470031767107,0.0704173691148595,0.128728734864987,0.0325900000822975
75081,0,"WPMM2",0.115737005105333,0.103938117067614,0.135401715626186,0.00556582067620803
75082,0,"W00",0.164668679591801,0.16719731955075,0.245470623765468,0.233583041772786
75082,0,"W10",0.163338140620585,0.165834432187297,0.243967937207641,0.232039424021777
75082,0,"W01",0.257728136396727,0.260825382764265,0.34480205931647,0.333844154091755
75082,0,"W11",0.241394704316371,0.244550549159801,0.327856034313487,0.316891122642232
75082,0,"LSE",0.155978426564901,0.158158909655537,0.237236709874566,0.224785940069172
75082,0,"Huber",0.168058688157389,0.170800743959319,0.242746500649221,0.231312660617049
75082,0,"L1",0.160264379343453,0.150100977516313,0.25281543073899,0.213200922382582
75082,0,"PMM2",0.157747675217671,0.159801225003412,0.239214155080077,0.225595346373797
75082,0,"WPMM2",0.241394114676816,0.244549960071285,0.327855492127807,0.316890607276559
75083,0,"W00",0.151955331989019,0.128617150642528,0.221907610883277,0.124985752409878
75083,0,"W10",0.151822419800178,0.128340661434631,0.224975437213072,0.130397464923662
75083,0,"W01",0.169339889106342,0.15583899299963,0.197354162910316,0.0652281602252156
75083,0,"W11",0.162548653563099,0.146207827318132,0.20176083612389,0.0796243953308821
75083,0,"LSE",0.149611342217869,0.127706784386262,0.222702149764992,0.131322023221282
75083,0,"Huber",0.160750843736876,0.136762578401459,0.23299508359599,0.134001792296573
75083,0,"L1",0.197626240039832,0.167970576472931,0.28856886526864,0.170312212027702
75083,0,"PMM2",0.148216371264084,0.125033291052738,0.225022066191344,0.13998452635418
75083,0,"WPMM2",0.162548521339303,0.146207670810014,0.201760819827791,0.0796244200635952
75084,0,"W00",0.101025277869086,0.0973002992496287,0.137854228773598,0.058246394217774
75084,0,"W10",0.100158928671447,0.0963197340557011,0.136934309331119,0.0558659132288998
75084,0,"W01",0.106877510430158,0.103168786951685,0.143400959782166,0.0710477328094689
75084,0,"W11",0.104474692332036,0.100855486957071,0.141207836388072,0.0662512238309945
75084,0,"LSE",0.102306324641597,0.0981879929120204,0.139103528208433,0.0584289775612836
75084,0,"Huber",0.099708220428927,0.0945370559608239,0.133502712805856,0.0527830240277543
75084,0,"L1",0.12018178927952,0.118437057211218,0.156752605851937,0.0891202041353566
75084,0,"PMM2",0.10187119971195,0.0983326692292285,0.139024192189738,0.0620019961174517
75084,0,"WPMM2",0.104474651038748,0.100855459658878,0.141207814987291,0.0662511555236264
75085,0,"W00",0.108036336646774,0.0904171964151597,0.141204698136018,0.0298037330382553
75085,0,"W10",0.108450117447063,0.0907444829225303,0.141582204687393,0.0323327846350626
75085,0,"W01",0.107204364809438,0.0898814669893355,0.140475545618532,0.0236626573793972
75085,0,"W11",0.107638157359497,0.0901330154751963,0.140843520880598,0.0270242475765797
75085,0,"LSE",0.102762442799988,0.087126580761813,0.134878242999458,0.0234276752033143
75085,0,"Huber",0.108842282212582,0.0906601462307374,0.141807645909596,0.0333227590024677
75085,0,"L1",0.17199676710402,0.148785839963236,0.23008782805802,0.037913021521416
75085,0,"PMM2",0.10231135551848,0.0867477319951062,0.134254228100623,0.0233993043443698
75085,0,"WPMM2",0.107638077589678,0.0901329620932358,0.140843405959256,0.0270243497886572
75086,0,"W00",0.188946060862788,0.173023353311032,0.274450690269844,0.00439049815972314
75086,0,"W10",0.188952715973756,0.173064668216992,0.274481518986951,0.00397771426446081
75086,0,"W01",0.196248708374656,0.176040493610604,0.276346443721283,0.0629031341034906
75086,0,"W11",0.19420329760809,0.174538048068557,0.27530235118702,0.0539022947382908
75086,0,"LSE",0.18261849974854,0.164335111460857,0.265242196853737,0.0129156588582233
75086,0,"Huber",0.186145679187613,0.172483584608939,0.272028800969948,0.00703363070080432
75086,0,"L1",0.237248193506008,0.21902014741243,0.332996533730848,0.0548829893788829
75086,0,"PMM2",0.180328511703154,0.162775297516803,0.261251677742178,0.0096532110978298
75086,0,"WPMM2",0.194203284906562,0.174538025173212,0.27530231236446,0.0539023973675511
75087,0,"W00",0.186536303232342,0.179784008810416,0.216835779911845,0.15418465180548
75087,0,"W10",0.186309912368634,0.179577673217226,0.216654358600253,0.15393684475707
75087,0,"W01",0.296100255755369,0.280348305785115,0.308246558219233,0.265390590344388
75087,0,"W11",0.282850208174257,0.268000070440827,0.296892324365094,0.252547171850464
75087,0,"LSE",0.179439552002993,0.171091995821598,0.20335077174192,0.128356066852889
75087,0,"Huber",0.188187939924279,0.180571260746055,0.218898499155331,0.166441471269674
75087,0,"L1",0.218646472932983,0.206931827733856,0.249203954400421,0.129309011453215
75087,0,"PMM2",0.179378913488351,0.17296281629347,0.203957873496721,0.125833848251358
75087,0,"WPMM2",0.282850117806073,0.267999983396414,0.29689226136062,0.252547115562144
75088,0,"W00",0.136558225271346,0.126866695338861,0.182385705507489,0.00465289845614886
75088,0,"W10",0.137016761998026,0.128186581601973,0.1828453110211,0.0162442948647629
75088,0,"W01",0.143692710020983,0.13487562964808,0.187419624227178,0.0461476950379615
75088,0,"W11",0.14588753666708,0.136792251789893,0.188938598546927,0.0521490868389378
75088,0,"LSE",0.146379314911697,0.136739920930519,0.195474171071597,0.00139972131944871
75088,0,"Huber",0.134243244813908,0.125533435315652,0.179156881512478,0.00950718637869485
75088,0,"L1",0.152117299306659,0.140326424716933,0.201180721465594,0.0747008870579648
75088,0,"PMM2",0.146785592130483,0.137547123489265,0.195903471361787,0.00356901185833608
75088,0,"WPMM2",0.145887530793037,0.136792245801485,0.188938605351716,0.0521489959607128
75089,0,"W00",0.0650159196518593,0.0550289840138464,0.0988683654795673,0.0585711967334431
75089,0,"W10",0.0621238644887713,0.0512850015201256,0.0945829146874657,0.0506898287350595
75089,0,"W01",0.0953349562011604,0.0832484457439995,0.0934166655640123,0.0432648698607434
75089,0,"W11",0.0873642876660622,0.076355474660936,0.089392567822966,0.0343778127922414
75089,0,"LSE",0.0741689352546517,0.0666918501057173,0.101951692529966,0.0601233910594378
75089,0,"Huber",0.07393353725053,0.0618609224111293,0.115122562312087,0.0734180056045037
75089,0,"L1",0.091810798282383,0.0729663754392062,0.13425422643485,0.040567677410845
75089,0,"PMM2",0.0748882805352467,0.0671337728495811,0.100822633073713,0.0574875415681584
75089,0,"WPMM2",0.0873645167358136,0.0763556729903907,0.0893928382277421,0.0343782361942999
75090,0,"W00",0.109760335993372,0.096606780943355,0.146091173209103,0.0277916176841731
75090,0,"W10",0.109878129481428,0.0967005038319406,0.146162016325666,0.0287334820182798
75090,0,"W01",0.11760914653334,0.10423793336857,0.152857399500602,0.0636419614957855
75090,0,"W11",0.116092052399758,0.102669327183833,0.15140780756547,0.0586083872384652
75090,0,"LSE",0.104971351871773,0.0937689005609819,0.144070864992578,0.0172646077713038
75090,0,"Huber",0.116161335388999,0.102336267135416,0.153821134391345,0.0226987377853813
75090,0,"L1",0.189338010178048,0.168059557151666,0.225621956136327,0.0648017645988466
75090,0,"PMM2",0.101772173897617,0.0909780844871356,0.140429381785086,0.0182837203155675
75090,0,"WPMM2",0.116091957269694,0.102669251634226,0.151407667158968,0.0586084433238112
75091,0,"W00",0.0932955433634058,0.086578926897847,0.0939801487129682,0.0220634819331971
75091,0,"W10",0.0930951207030954,0.0863091432564185,0.0941270549729774,0.0225547691739577
75091,0,"W01",0.137658494935916,0.126788352665915,0.0948143414326706,0.0349106650981802
75091,0,"W11",0.128916056443334,0.119471319384108,0.092274317521587,0.0257752192332206
75091,0,"LSE",0.0938578535647628,0.0852510876182556,0.100615612203517,0.0302482077670088
75091,0,"Huber",0.0929083697147046,0.0876700444074811,0.0867196908758538,0.00915060350211083
75091,0,"L1",0.150835865562914,0.135051719469293,0.107050197059063,0.0537449883815709
75091,0,"PMM2",0.0927543225633548,0.0848285837822892,0.0982656252687117,0.028176113160978
75091,0,"WPMM2",0.128915961855276,0.119471242865428,0.0922743052389614,0.0257751111489657
75092,0,"W00",0.126976109658041,0.113051593484553,0.176003788979038,0.069015684214812
75092,0,"W10",0.12680978824383,0.112760952764271,0.173753357009317,0.0640535722680861
75092,0,"W01",0.127027348601954,0.11271081920618,0.168599354376073,0.0516384485015562
75092,0,"W11",0.127145122159153,0.112798729250703,0.167787884866641,0.0495192565201906
75092,0,"LSE",0.114827923065642,0.098877738744771,0.167362623380242,0.0845523514595614
75092,0,"Huber",0.133603816836733,0.119947658501642,0.186144362612135,0.0723807606698435
75092,0,"L1",0.175337353160309,0.158342105636129,0.227245912771472,0.0926192044867507
75092,0,"PMM2",0.111475211677534,0.0956906096857851,0.162828840292766,0.0819781434638122
75092,0,"WPMM2",0.127145159005888,0.112798765075359,0.16778795571284,0.0495193287773369
75093,0,"W00",0.144147100683647,0.130114558155283,0.213074100720045,0.142342693061489
75093,0,"W10",0.147019073461206,0.133630605348019,0.217525506626724,0.15083745441682
75093,0,"W01",0.24891266209919,0.249386876590885,0.33613514035422,0.313573718818859
75093,0,"W11",0.234192232220163,0.233896559783476,0.321201148633841,0.295896538459811
75093,0,"LSE",0.136945886636186,0.11956528870631,0.194026973227659,0.108512396676012
75093,0,"Huber",0.146835682911489,0.135708335770184,0.22181244625971,0.158748932044498
75093,0,"L1",0.189279106171657,0.191429431619505,0.268826546253272,0.242434211046719
75093,0,"PMM2",0.116607697111694,0.101152762907032,0.16759421500662,0.102634720071787
75093,0,"WPMM2",0.234192059847547,0.233896356284051,0.321201027200607,0.295896282745921
75094,0,"W00",0.103364619390465,0.0970617620120008,0.147261247728782,0.0479315573959698
75094,0,"W10",0.103009068882905,0.0971519825623374,0.148748414017683,0.05290817385101
75094,0,"W01",0.144469474824821,0.13458050213157,0.198144144821537,0.144128410399734
75094,0,"W11",0.138813386014994,0.129197085162578,0.192478089523096,0.135903158586068
75094,0,"LSE",0.0984078307658005,0.0909258109702046,0.133275397937438,0.0254329527430345
75094,0,"Huber",0.107769778528808,0.101474560976223,0.154292245171678,0.0562239366735766
75094,0,"L1",0.144673111925687,0.131495108409332,0.185193342880306,0.0669563776857268
75094,0,"PMM2",0.0923230764163117,0.0857457697170664,0.129754072573526,0.0252365987349187
75094,0,"WPMM2",0.138813349704678,0.129197054829667,0.192478085483808,0.135903099145541
75095,0,"W00",0.225965074134698,0.201013339465294,0.287781185091598,0.111144374824241
75095,0,"W10",0.225833402065131,0.201062002719842,0.286164995580124,0.107819586754261
75095,0,"W01",0.225646175747698,0.201582810931366,0.280417257733949,0.0954363748421191
75095,0,"W11",0.225647505350331,0.201618216676433,0.28016739167547,0.0948769822722791
75095,0,"LSE",0.217156705359227,0.191235015574048,0.279986199518826,0.111612728676845
75095,0,"Huber",0.227062278419195,0.202280052040479,0.287720183154127,0.108087715530343
75095,0,"L1",0.232378994622425,0.209514369193379,0.280951481982322,0.080136095345251
75095,0,"PMM2",0.21470586730002,0.189704172072739,0.276073816652264,0.107146977527033
75095,0,"WPMM2",0.225647495926416,0.201618210323785,0.280167364976962,0.0948769410846251
75096,0,"W00",0.150882448163623,0.14497537709433,0.172577521015815,0.142374878176462
75096,0,"W10",0.155190051072043,0.149333523978708,0.176877561000599,0.147408959103259
75096,0,"W01",0.159320550991649,0.153487353203235,0.180995826622764,0.152181855931479
75096,0,"W11",0.16187814806784,0.156043409273222,0.183521604037463,0.155063691054138
75096,0,"LSE",0.153790560124992,0.144815256595867,0.168649771557833,0.125258798748386
75096,0,"Huber",0.158657289979512,0.154014307658929,0.178085849751774,0.149510591084547
75096,0,"L1",0.194771347008372,0.188145115023615,0.269780464584155,0.224615777028748
75096,0,"PMM2",0.153665479628853,0.144726233995644,0.168426678559249,0.125246203021778
75096,0,"WPMM2",0.161878100768692,0.156043356636499,0.183521580000319,0.15506358210647
75097,0,"W00",0.119080668207611,0.117860173548056,0.188156359553221,0.164439093633379
75097,0,"W10",0.111833891790813,0.109352457070288,0.178317311823116,0.152521597100915
75097,0,"W01",0.0953867986483251,0.0885825317193015,0.154857382028851,0.122335983024279
75097,0,"W11",0.0922147616937816,0.0841617715184378,0.15003026160605,0.115688188665426
75097,0,"LSE",0.11785315944466,0.117399142524962,0.179306412356421,0.158154583106556
75097,0,"Huber",0.121241580690678,0.120239950172627,0.191781049216425,0.167571190876055
75097,0,"L1",0.110294775534535,0.103400807336251,0.163179253393355,0.109477222647957
75097,0,"PMM2",0.119479267477977,0.118633620806157,0.180720996594739,0.157696347003442
75097,0,"WPMM2",0.0922147064452466,0.0841617573360138,0.150030175182567,0.115688204172305
75098,0,"W00",0.102098582437448,0.0926006110032018,0.124349979993607,0.0142871949254287
75098,0,"W10",0.101583089904264,0.0923479657794086,0.124192158669083,0.011198618574313
75098,0,"W01",0.119291097184315,0.107604010949618,0.1379814433778,0.0666678694687832
75098,0,"W11",0.114917514934553,0.103338012025045,0.13388375724418,0.0567097388884477
75098,0,"LSE",0.105519747270513,0.0981535671541622,0.132035078884241,0.0139155393740031
75098,0,"Huber",0.0984344525157949,0.0895858864255094,0.118883832075222,0.0147650410651413
75098,0,"L1",0.106369753052506,0.0976010170876538,0.126635544623684,0.0168325328739187
75098,0,"PMM2",0.100272567882103,0.0931954786645602,0.124702109336562,0.0126419847206826
75098,0,"WPMM2",0.114917447900278,0.103337951540353,0.133883679161262,0.0567096520265621
75099,0,"W00",0.144419696093327,0.136325098630415,0.171825888358991,0.0636902085275763
75099,0,"W10",0.147566758421755,0.139602259296414,0.174298716986563,0.069198420040436
75099,0,"W01",0.152332736878569,0.144566073413193,0.178174990064556,0.0772766315398424
75099,0,"W11",0.154160307063493,0.146450930435116,0.179673246075768,0.0802705478365766
75099,0,"LSE",0.130462445312759,0.121488958714361,0.15350709725366,0.0473013005384759
75099,0,"Huber",0.15188711731141,0.145137171769603,0.182508614722811,0.0776851434630412
75099,0,"L1",0.117428677019408,0.113923336025761,0.162680875183803,0.0971683910925042
75099,0,"PMM2",0.130328659707251,0.121197252744974,0.153558078595578,0.0481345448721505
75099,0,"WPMM2",0.154160354676738,0.146450973155906,0.179673298325113,0.0802705918193045
75100,0,"W00",0.0533703475718328,0.0514117758070272,0.0690185315876029,0.00333961417810369
75100,0,"W10",0.052909435993564,0.0509176502693845,0.0687740222041075,0.00122263559953278
75100,0,"W01",0.0799286349654301,0.078237635994008,0.0962265974616882,0.0606729219267373
75100,0,"W11",0.0745121166912999,0.0728382925782239,0.090265593535487,0.0519456188850749
75100,0,"LSE",0.051183207289,0.0493437810328363,0.0662086204311466,0.0118096628414375
75100,0,"Huber",0.0601594803127783,0.0582825147183005,0.077588121892156,0.00558435278443092
75100,0,"L1",0.0644329483791262,0.0582731280114688,0.0991268732176788,0.00205747695138458
75100,0,"PMM2",0.0501588526616258,0.0482308220792377,0.0662028452335301,0.00454515937778799
75100,0,"WPMM2",0.074512097496735,0.0728382759285156,0.090265549348066,0.0519455994273736
75101,0,"W00",0.20326269010775,0.17082487916631,0.272742814258999,0.139634859771599
75101,0,"W10",0.203243424484412,0.170838246277736,0.272553113117429,0.139293073069678
75101,0,"W01",0.245389172269836,0.226352292828839,0.386105874746225,0.298728828725145
75101,0,"W11",0.234408349023881,0.20993942586758,0.364269825495656,0.271507504601998
75101,0,"LSE",0.198538259938646,0.170152415444737,0.25531509713992,0.116142033425692
75101,0,"Huber",0.197615278070753,0.165126249882428,0.268476262578943,0.141739789231153
75101,0,"L1",0.260348432394272,0.215791890030457,0.359084586366127,0.201408670222201
75101,0,"PMM2",0.208161945685379,0.179026839547634,0.266577729193415,0.122525231188591
75101,0,"WPMM2",0.234408248632279,0.209939306303607,0.364269659349918,0.271507350213179
75102,0,"W00",0.151307025970537,0.137186400829503,0.133079548747712,0.111468913954465
75102,0,"W10",0.153100863327652,0.138894524608599,0.134585012420416,0.113197389553541
75102,0,"W01",0.224381505937076,0.20715461994861,0.197640892047414,0.181290321351149
75102,0,"W11",0.215293796807574,0.198406427363387,0.189316788059797,0.172601659812059
75102,0,"LSE",0.146640129531817,0.133565259316262,0.13186636788913,0.110739588137242
75102,0,"Huber",0.149830361805949,0.135302859371892,0.134693451889498,0.107098172345797
75102,0,"L1",0.167131578704367,0.154222802704602,0.158849824611549,0.126962224326648
75102,0,"PMM2",0.145699666488586,0.132342350755024,0.131737863674327,0.108534742076215
75102,0,"WPMM2",0.215293439129459,0.19840609185736,0.189316493780802,0.172601367963294
75103,0,"W00",0.133302674898219,0.116987731254929,0.171514432881068,0.044654509837471
75103,0,"W10",0.134611402625479,0.11799585305548,0.170767255291362,0.0394348115724291
75103,0,"W01",0.159427760361605,0.139021585988622,0.173030054219155,0.0139859470627168
75103,0,"W11",0.157990589796464,0.13773336769386,0.172528060159249,0.0116842235178315
75103,0,"LSE",0.113494582963597,0.0996376536832246,0.148488950771745,0.0370056145517857
75103,0,"Huber",0.135667942295827,0.11921313416605,0.171747970303504,0.0355395901943013
75103,0,"L1",0.229422866291047,0.207556751487494,0.256965038716882,0.00452670084489659
75103,0,"PMM2",0.114148046528011,0.100346193863002,0.149195652307221,0.0367655592362776
75103,0,"WPMM2",0.157990072918027,0.137732909459677,0.172527742239601,0.0116837373761698
75104,0,"W00",0.101070177164644,0.0925370565658495,0.131931114259788,0.066573253824658
75104,0,"W10",0.0991970284475522,0.0900340332836409,0.129857051855547,0.0607831017031454
75104,0,"W01",0.11087993742408,0.105477784913995,0.14292150147263,0.09092189805961
75104,0,"W11",0.106222076287444,0.0993482269704168,0.137689820836168,0.0802822913458924
75104,0,"LSE",0.0992256843665853,0.0892596794036919,0.124825363481168,0.0537219985312939
75104,0,"Huber",0.105724702249402,0.098151757546244,0.13984115225317,0.0725711173505631
75104,0,"L1",0.0697131603715448,0.0658419695841417,0.0948671918140081,0.00330414890939373
75104,0,"PMM2",0.0961528450513674,0.0869824211692426,0.120687632628173,0.05187777950765
75104,0,"WPMM2",0.106222152153844,0.0993483190017325,0.137689822517246,0.0802822943934255
75105,0,"W00",0.154642921385536,0.133088423920476,0.236981045283363,0.150117086659583
75105,0,"W10",0.148121299555229,0.124970504900841,0.22543768720234,0.132346191989174
75105,0,"W01",0.160523736298353,0.140726100016895,0.246985580097019,0.164632478913063
75105,0,"W11",0.153928729085738,0.132160305045434,0.235725130146521,0.148190715309012
75105,0,"LSE",0.134745578109613,0.116191273810358,0.210135236733002,0.140357619755161
75105,0,"Huber",0.157633989490516,0.134145955410731,0.241226866847189,0.148129040563361
75105,0,"L1",0.107478141313285,0.0972342405465779,0.156775320675805,0.0232914065984981
75105,0,"PMM2",0.140540725893422,0.120565656348962,0.22043905556471,0.147676439000969
75105,0,"WPMM2",0.153928622513543,0.132160207707174,0.235724960116925,0.148190578784733
75106,0,"W00",0.0963388437161545,0.0935326139260773,0.122421502975831,0.0883748224844024
75106,0,"W10",0.094690244544848,0.0916334597324621,0.120523571347881,0.0857298466682738
75106,0,"W01",0.0669520666295775,0.059311673851776,0.0910101237397018,0.0319970121395842
75106,0,"W11",0.0676823083445539,0.060109284203293,0.0916603041992045,0.033833148412235
75106,0,"LSE",0.0913240518880802,0.0873181169166894,0.112487457530502,0.0819778491099246
75106,0,"Huber",0.096482807134558,0.0929770107876912,0.125785094327279,0.089161306943802
75106,0,"L1",0.0839746572673606,0.0775548006800853,0.110079265580329,0.00336667120468026
75106,0,"PMM2",0.0905824256127166,0.0857129410404986,0.11090983819981,0.0783249449186466
75106,0,"WPMM2",0.067682077558486,0.0601090411568728,0.0916600853199177,0.0338326836085703
75107,0,"W00",0.093224151041043,0.0825153663081399,0.135313873729942,0.0786186602250094
75107,0,"W10",0.0924581287513862,0.0815003686552928,0.13330620613894,0.0751590271553977
75107,0,"W01",0.103805909016098,0.0927015009369011,0.109734774908418,0.00840942119328919
75107,0,"W11",0.098638269496166,0.0872041143476938,0.109541002186286,0.00294545816635894
75107,0,"LSE",0.0925393041891395,0.0836976926532969,0.131718619819573,0.0717994286052136
75107,0,"Huber",0.0921264935410831,0.0804140785607131,0.137046769525504,0.084881971105844
75107,0,"L1",0.129501430329996,0.109338161079721,0.21294155124786,0.158236651563888
75107,0,"PMM2",0.0911280304619529,0.0828403222407367,0.130038616583947,0.0689245608943837
75107,0,"WPMM2",0.0986382698251592,0.0872041173030258,0.10954098583851,0.00294542357866756
75108,0,"W00",0.159335169400304,0.141189592582239,0.211280041047706,0.0903314446532318
75108,0,"W10",0.156259125640191,0.138425687437909,0.209145031445994,0.0858250201416826
75108,0,"W01",0.227952373491964,0.206460732805577,0.267121614438655,0.180811400112323
75108,0,"W11",0.212298774687291,0.191230015213843,0.253390174618613,0.161347540750546
75108,0,"LSE",0.146213716628847,0.129481864228915,0.203287727014393,0.0669607013035013
75108,0,"Huber",0.165094469544019,0.146228791371091,0.216680684981,0.0908893433135874
75108,0,"L1",0.209502965304396,0.190382875515726,0.277117930709472,0.16558477259868
75108,0,"PMM2",0.152373760909442,0.135088537444224,0.211086035870825,0.0783475034101075
75108,0,"WPMM2",0.212298820723726,0.19123003445047,0.253390253124716,0.161347412594458
75109,0,"W00",0.129149946837383,0.114763057408866,0.187956434572162,0.0261185990817138
75109,0,"W10",0.130442468234211,0.115196606557664,0.189809333758406,0.0344960928778807
75109,0,"W01",0.141721211047131,0.123253906278592,0.203412930223986,0.0746632873738253
75109,0,"W11",0.142204062938768,0.123675926076462,0.203986133224869,0.0760007547755921
75109,0,"LSE",0.127003275291404,0.111756662069793,0.18352045961148,0.0337811642888734
75109,0,"Huber",0.131739359518709,0.117545999299738,0.191560330539458,0.0229000941641963
75109,0,"L1",0.136847864301647,0.124815355430529,0.205447931698239,0.0535340251919824
75109,0,"PMM2",0.127399851409507,0.11182869815691,0.184305975933662,0.0349025008989759
75109,0,"WPMM2",0.142204033066351,0.123675902173621,0.20398609338279,0.0760007236936095
75110,0,"W00",0.0901381488281013,0.0861788898203318,0.130203438042914,0.0933839700210795
75110,0,"W10",0.094212692775627,0.0900060261203014,0.134547962430137,0.099207763249588
75110,0,"W01",0.25305961417523,0.247726159177664,0.307073961628199,0.288809497489308
75110,0,"W11",0.235247959836386,0.229718074644534,0.287337648180886,0.268615210367753
75110,0,"LSE",0.078348280558161,0.0751075025597277,0.118871086235678,0.0724953210152979
75110,0,"Huber",0.093819296097498,0.0891761997797361,0.133043168391726,0.0985840093015625
75110,0,"L1",0.123150059270372,0.120226579085475,0.172029866203604,0.139782840641322
75110,0,"PMM2",0.091237388422765,0.0855120075188298,0.139820629827608,0.0930463609706318
75110,0,"WPMM2",0.23524778832825,0.229717913639701,0.287337501478979,0.268615105073441
75111,0,"W00",0.124586181013642,0.10721952625016,0.174770697787174,0.0834881191039903
75111,0,"W10",0.125251482980233,0.109308359674084,0.17057594498126,0.0760599991179979
75111,0,"W01",0.127559708524328,0.114661271716304,0.163002666538825,0.06120372556471
75111,0,"W11",0.128437049319886,0.116255324942389,0.161508678586335,0.0579207321964211
75111,0,"LSE",0.11653035368778,0.0989238886475288,0.164846703530565,0.0635265627260677
75111,0,"Huber",0.134125051751063,0.116531374934437,0.186135940542222,0.0981261269932661
75111,0,"L1",0.190442044143981,0.167619560695932,0.252482055853799,0.124966068791893
75111,0,"PMM2",0.116526336450325,0.0989223374484713,0.16483725738857,0.06352410748287
75111,0,"WPMM2",0.128436738733558,0.116254934782845,0.161508677581939,0.0579208433034338
75112,0,"W00",0.187064512548276,0.167530945364906,0.25983532052492,0.0498481976693492
75112,0,"W10",0.187519372172083,0.167932228648811,0.258785279076562,0.0457919203684766
75112,0,"W01",0.196713548979228,0.176078689420354,0.251784450850445,0.00688876810120542
75112,0,"W11",0.196149263186188,0.175577911869328,0.251921575756112,0.00842378062530325
75112,0,"LSE",0.203592014727053,0.184335304845368,0.282844450575158,0.0475124350153227
75112,0,"Huber",0.1789078664454,0.157501129898043,0.248474509889308,0.0569485805781532
75112,0,"L1",0.155686248124266,0.139507627893466,0.197472308754831,0.0147172244867776
75112,0,"PMM2",0.200324757302047,0.181230439585986,0.280896349910933,0.0492086528328125
75112,0,"WPMM2",0.196149236763374,0.175577891616495,0.251921631810729,0.00842394561962134
75113,0,"W00",0.193401042050531,0.173473470854691,0.258379171297112,0.0835186491797906
75113,0,"W10",0.193149743390253,0.173269182945137,0.258156008970168,0.0830116672476518
75113,0,"W01",0.202507995732029,0.181059892511391,0.26659345976531,0.101073806758648
75113,0,"W11",0.200571644239614,0.179418525105337,0.264825271879912,0.0974664315076689
75113,0,"LSE",0.193713185476003,0.174369462138813,0.261623657064573,0.067572376027909
75113,0,"Huber",0.193017793056433,0.172772840167908,0.256038244326244,0.0956549861391487
75113,0,"L1",0.261387231418131,0.238915756718123,0.366752126663558,0.0406180913615858
75113,0,"PMM2",0.196335225020659,0.176683047335507,0.265000289753943,0.0698316184632015
75113,0,"WPMM2",0.200571671685708,0.179418551037889,0.264825318515819,0.097466319382775
75114,0,"W00",0.195403991636869,0.190273697499206,0.289824026559828,0.210422306540294
75114,0,"W10",0.191791929888615,0.185796649904727,0.28317425046137,0.202074120166111
75114,0,"W01",0.178768103743826,0.168931005670899,0.257829245408445,0.168975607960427
75114,0,"W11",0.177282532600215,0.166938563195217,0.25478682483549,0.164837999076648
75114,0,"LSE",0.193375368169553,0.189305574611215,0.285360200113725,0.20674145168341
75114,0,"Huber",0.193658727156965,0.189140466600548,0.285008544499828,0.203152938833825
75114,0,"L1",0.161744986442545,0.145033874392981,0.251517373182835,0.184561291049606
75114,0,"PMM2",0.190265373956006,0.186607941809919,0.280738062665651,0.203761860298834
75114,0,"WPMM2",0.177282670178961,0.166938772090836,0.25478704630716,0.16483826241477
75115,0,"W00",0.0779156881448323,0.0670894214197706,0.109834115017752,0.0446019611134572
75115,0,"W10",0.083147309404834,0.0724046289697858,0.116644858337891,0.0584458330086984
75115,0,"W01",0.129470114264093,0.123822474101934,0.177065105841326,0.142141269277724
75115,0,"W11",0.129212885658797,0.123538796024919,0.176732378100028,0.141749902563252
75115,0,"LSE",0.0893904712047459,0.0768655291679338,0.122426186900232,0.0364991526928937
75115,0,"Huber",0.0752209922016495,0.0653910024388311,0.108806546843148,0.0607641173910716
75115,0,"L1",0.129381125906731,0.130961894766596,0.193517663027092,0.142864037786358
75115,0,"PMM2",0.0899070316162097,0.0761898500359225,0.125323918037357,0.0434698460662953
75115,0,"WPMM2",0.129213037576468,0.123538926058395,0.176732578395685,0.141750004942636
75116,0,"W00",0.117833686756156,0.116327222102949,0.150096191666865,0.102296573021366
75116,0,"W10",0.124261127216785,0.122763529741961,0.15786884060083,0.113453111306668
75116,0,"W01",0.0882747011390786,0.0857356530532797,0.112328754780019,0.0148605809003978
75116,0,"W11",0.0918207153444976,0.0894333316429713,0.117072535056301,0.0380321456530192
75116,0,"LSE",0.127937705055613,0.125235006020846,0.160858950947022,0.110056793833228
75116,0,"Huber",0.11127809334372,0.110152578488695,0.144226775653545,0.097120502427015
75116,0,"L1",0.152997284743758,0.149933109150688,0.176845705451868,0.138663210144374
75116,0,"PMM2",0.124788390870359,0.121083624319624,0.146361326729977,0.089108004563753
75116,0,"WPMM2",0.0918207202275431,0.0894333348938582,0.117072540410254,0.0380321034696648
75117,0,"W00",0.113025058582251,0.105297087141654,0.170708834665461,0.00778538642260618
75117,0,"W10",0.113966641462087,0.105997262693168,0.170973632045442,0.0101457989190084
75117,0,"W01",0.109196309136913,0.100435040753806,0.169977580366616,0.0202568048665525
75117,0,"W11",0.109128917327072,0.100859001259202,0.169801085642703,0.0151360167521592
75117,0,"LSE",0.110246350871803,0.101803096706963,0.159867448245723,0.00964444508079454
75117,0,"Huber",0.11824936405687,0.110509501863578,0.179363868116264,0.0102370864580761
75117,0,"L1",0.159118544143291,0.145910225306109,0.22920163022502,0.0423230389920429
75117,0,"PMM2",0.110136407476366,0.101841137455235,0.158655231501959,0.0156908738794311
75117,0,"WPMM2",0.109129014550477,0.100859068711744,0.169801212774883,0.0151360549149884
75118,0,"W00",0.0774989401761698,0.0685940045329675,0.0975258202764998,0.00269350704725985
75118,0,"W10",0.0779359430189357,0.0690331669871793,0.0976674211787115,0.00375446785709638
75118,0,"W01",0.172477328303405,0.15681075317099,0.167168620338197,0.124845034836979
75118,0,"W11",0.154770977685944,0.14056509034344,0.151767492317696,0.105834081714017
75118,0,"LSE",0.0797835386265251,0.0709439992097946,0.10385842915032,0.00976305390179799
75118,0,"Huber",0.0792203015825919,0.070292380733019,0.0996821957606904,0.00760349963933782
75118,0,"L1",0.0937530860504757,0.0915752877524989,0.106695672924139,0.0410418771851563
75118,0,"PMM2",0.0811570482627782,0.0716653910216447,0.111196826211464,0.00559891303096505
75118,0,"WPMM2",0.154770876786812,0.140565001671564,0.151767392618675,0.105833973440921
75119,0,"W00",0.176921412620541,0.165912716216639,0.222429230363599,0.0561939780194368
75119,0,"W10",0.178812099418047,0.167307327673318,0.22194963098869,0.0502370536040723
75119,0,"W01",0.22002037757723,0.208219183698007,0.231636522038832,0.0327073627770552
75119,0,"W11",0.216958894799927,0.204830058606426,0.230572241073347,0.0272990475494224
75119,0,"LSE",0.136271392317945,0.127292304454605,0.178517686982213,0.0553793280321437
75119,0,"Huber",0.186225247051438,0.175085050497916,0.235757400323348,0.0602920541175594
75119,0,"L1",0.279849941109797,0.25481148352627,0.339449488968904,0.0403453710514008
75119,0,"PMM2",0.156669016212612,0.146017537441472,0.208255674377435,0.0835357043698264
75119,0,"WPMM2",0.216958853812509,0.204830022163018,0.230572207215197,0.027299042108141
75120,0,"W00",0.122793861214976,0.116491575328701,0.15915734443863,0.0031606842472256
75120,0,"W10",0.124012443927974,0.117999932366863,0.158879188457133,0.00448370980203361
75120,0,"W01",0.130188822041871,0.125413375785063,0.160754899370993,0.0309140306819898
75120,0,"W11",0.130701920234421,0.126007693117104,0.161035639664142,0.0326542181504122
75120,0,"LSE",0.123949451913655,0.116629366405922,0.167891015947203,0.0204108772360155
75120,0,"Huber",0.118989061455743,0.113563062621756,0.153223873298682,0.00132662688350926
75120,0,"L1",0.165004901290232,0.164217607176914,0.198601577880951,0.0567255121250564
75120,0,"PMM2",0.123552736976016,0.116089170001639,0.167485001764112,0.0193159060329219
75120,0,"WPMM2",0.130701920522321,0.126007690027159,0.161035645577743,0.0326542023047386
75121,0,"W00",0.108033901532734,0.0834816347013289,0.148204404797719,0.0756314954083454
75121,0,"W10",0.107407964282044,0.0830823910799738,0.14625048005866,0.0712043936351965
75121,0,"W01",0.111360789728631,0.0872160322410825,0.156801424988812,0.0929099833726167
75121,0,"W11",0.109738508688213,0.0851764371609244,0.152875132069774,0.0853668458412553
75121,0,"LSE",0.10003772779703,0.0773839829855353,0.13536658155132,0.0621972454343795
75121,0,"Huber",0.112341635171165,0.0875211838016252,0.156312127079068,0.0834466018792648
75121,0,"L1",0.128613918880839,0.109576861855905,0.155033207004883,0.0388858330924304
75121,0,"PMM2",0.0983715108133382,0.0760941721120861,0.1327762177405,0.0612769983197741
75121,0,"WPMM2",0.109738400629557,0.0851763574050364,0.152874975764324,0.0853668189104962
75122,0,"W00",0.137467214058795,0.121018272331155,0.198903482188325,0.127258293601968
75122,0,"W10",0.136630441813743,0.119960976729445,0.197870520041185,0.125771648221279
75122,0,"W01",0.128649007513946,0.109831361650638,0.187913918624171,0.110967509423163
75122,0,"W11",0.128985009260147,0.110257580342736,0.188347070584452,0.111637707621355
75122,0,"LSE",0.133863449836868,0.118882082901386,0.187728239301378,0.0969295345964573
75122,0,"Huber",0.14431362168686,0.126188391785818,0.214939522991265,0.150469171838857
75122,0,"L1",0.14300098415507,0.12099773950027,0.209592463828315,0.12944578731224
75122,0,"PMM2",0.134394477064993,0.119333233444533,0.188350854121901,0.0966952012156103
75122,0,"WPMM2",0.128985093301102,0.110257752036512,0.188347113739178,0.111637704878501
75123,0,"W00",0.142620584755491,0.138995889215807,0.200059841048506,0.175415756024415
75123,0,"W10",0.141537201057536,0.137948357417117,0.198969924138079,0.174260750600196
75123,0,"W01",0.259618384927651,0.247639965164849,0.306117563233424,0.2829306302905
75123,0,"W11",0.242452922425903,0.231642567981963,0.290493638527977,0.267124665644704
75123,0,"LSE",0.136559993229388,0.13639976053646,0.210176062666863,0.185407875773745
75123,0,"Huber",0.148854799011299,0.14274121155756,0.199739701814558,0.173849858609831
75123,0,"L1",0.155638201653842,0.143156513235081,0.20273600877038,0.0151523724833351
75123,0,"PMM2",0.130496985315002,0.127903408096858,0.190824011861286,0.157897634964365
75123,0,"WPMM2",0.242452870251004,0.231642576314027,0.290493707072607,0.267124822547784
75124,0,"W00",0.119505511251884,0.118281039272959,0.187468718737642,0.1526691927856
75124,0,"W10",0.111694082292301,0.109744739294491,0.176610519402318,0.138913688801376
75124,0,"W01",0.0962189543075924,0.0924421618259304,0.151320166659087,0.103951540621804
75124,0,"W11",0.0946123064676848,0.0904848243309781,0.147949956933304,0.0988139246941552
75124,0,"LSE",0.125792642392277,0.124055560597056,0.197375354365231,0.164340137569545
75124,0,"Huber",0.120421245993178,0.119915379691822,0.188876543009017,0.15295301423444
75124,0,"L1",0.157705349249075,0.143255490494924,0.233620434470507,0.099772090331435
75124,0,"PMM2",0.126244726148491,0.124807251338032,0.198405656116411,0.164958861103329
75124,0,"WPMM2",0.0946123072462599,0.0904848277910188,0.147949996229988,0.0988140256943095
75125,0,"W00",0.128210890885852,0.118152733751002,0.204054470056867,0.161973086441893
75125,0,"W10",0.124627028350504,0.113142810016451,0.196857589396467,0.153105900851091
75125,0,"W01",0.122091716636365,0.109583891243251,0.191494198968633,0.146375555951654
75125,0,"W11",0.11941324432506,0.105842498797668,0.18555263057958,0.138789072471228
75125,0,"LSE",0.125381542109747,0.114776128777551,0.203377010450379,0.164159508044897
75125,0,"Huber",0.130116405869949,0.12150770447923,0.206160071826075,0.164355359149901
75125,0,"L1",0.146850824971018,0.135209240466892,0.212186814872193,0.12646296001817
75125,0,"PMM2",0.125145124581946,0.114559606239122,0.202969253271944,0.163792449490554
75125,0,"WPMM2",0.119413275971822,0.105842539393766,0.185552701979586,0.138789160335697
75126,0,"W00",0.150138892318247,0.152231661249457,0.2045207118915,0.1744726260174
75126,0,"W10",0.149679683484984,0.151740938976762,0.203971623468491,0.173900327304487
75126,0,"W01",0.107194076828586,0.10509189685511,0.152320613539056,0.118822902376107
75126,0,"W11",0.111167964076935,0.109597744261404,0.15740910636425,0.124526463501643
75126,0,"LSE",0.153945696625474,0.153157517229255,0.198238174181112,0.158226688262136
75126,0,"Huber",0.144675541959032,0.146414501286142,0.200028114135603,0.173209096298909
75126,0,"L1",0.134131138320767,0.13690931654195,0.199575911155436,0.177051060503705
75126,0,"PMM2",0.149421663690425,0.148683554900204,0.191013229532749,0.157129929518549
75126,0,"WPMM2",0.111168154628958,0.10959796220994,0.157409352855506,0.124526710199566
75127,0,"W00",0.0973130235576382,0.0892095679164683,0.125799331109708,0.0916201047898795
75127,0,"W10",0.103487924130596,0.0956481255215919,0.133282370069398,0.101686304333858
75127,0,"W01",0.24037747471012,0.238341532988207,0.297125633628792,0.283325231206582
75127,0,"W11",0.226805644388888,0.224389595522799,0.280791015425625,0.266431171074281
75127,0,"LSE",0.0946748927235717,0.0860182936644879,0.132673649220211,0.0848795338200196
75127,0,"Huber",0.100991797828226,0.0932228865826992,0.127271351321431,0.0965940564324386
75127,0,"L1",0.120971637138203,0.113721753173313,0.123655359622716,0.0060200281843259
75127,0,"PMM2",0.0984114366419502,0.0897363025366659,0.142566838953889,0.102363230390729
75127,0,"WPMM2",0.226805673588497,0.224389624744481,0.280791064242735,0.266431218573203
75128,0,"W00",0.1620579244427,0.151681999014658,0.216701402913383,0.104571282940788
75128,0,"W10",0.16434181179214,0.154256844679115,0.219805711587948,0.111493526797437
75128,0,"W01",0.17672167898838,0.167737059662265,0.236484087393329,0.143317035556314
75128,0,"W11",0.177728456352199,0.168809133401699,0.237811070798123,0.145630802041097
75128,0,"LSE",0.149017432692962,0.137647669031302,0.198037309762586,0.0907603909272181
75128,0,"Huber",0.164031047616004,0.154656417278079,0.219691612588613,0.105663714945103
75128,0,"L1",0.201444320321185,0.195843763293433,0.291305501948161,0.184855212565498
75128,0,"PMM2",0.147545472649742,0.136494842620158,0.1980507334367,0.0944495997903516
75128,0,"WPMM2",0.177728557720923,0.168809232880699,0.237811179596192,0.145631064836546
75129,0,"W00",0.0746849056444712,0.0667995438224345,0.0994416105089779,0.0454505847638774
75129,0,"W10",0.0751105156122819,0.0674070918064829,0.101583009642686,0.0495373311260533
75129,0,"W01",0.0776207188129385,0.0709909248804866,0.109971016867382,0.0638275052947115
75129,0,"W11",0.0778353581029353,0.0712997447002021,0.110585872847221,0.06480457911713
75129,0,"LSE",0.0610615501744292,0.0539462995009543,0.0785993362875204,0.032878747773384
75129,0,"Huber",0.0700434880140675,0.0621836983981399,0.0955453552433213,0.0473235970627602
75129,0,"L1",0.0681785618223569,0.0622971423554381,0.0975009122143108,0.0527468328230409
75129,0,"PMM2",0.0629969581335364,0.0556556618912348,0.0813944540360412,0.0348030902544
75129,0,"WPMM2",0.0778353691030123,0.07129976128519,0.110585946317248,0.0648047308922346
75130,0,"W00",0.116580050229652,0.0974811441202786,0.174890714627192,0.0832216064544373
75130,0,"W10",0.114137939050799,0.0949572030901074,0.171695926335971,0.0780841546176876
75130,0,"W01",0.0929622547977708,0.0810619114656387,0.138233603303994,0.00166174604686781
75130,0,"W11",0.0927199574527809,0.0801875253766343,0.139079640838258,0.00298350558289362
75130,0,"LSE",0.12899031952637,0.110329838991188,0.200870541550288,0.127895778984527
75130,0,"Huber",0.116635735660403,0.0981001107122526,0.172885511801272,0.0774184300021088
75130,0,"L1",0.106676456741576,0.0973744859001145,0.139501229793276,0.0785937455208265
75130,0,"PMM2",0.118825251536318,0.103226526662274,0.184611053795506,0.12007165880017
75130,0,"WPMM2",0.0927199503562087,0.0801875091219254,0.139079642704495,0.00298356067001659
75131,0,"W00",0.2809325145064,0.264215032168132,0.389387735059204,0.154469757620956
75131,0,"W10",0.282543456535574,0.265664057319527,0.390615793842012,0.159880830575831
75131,0,"W01",0.33149910259738,0.314051055696247,0.431355938933816,0.268036915510291
75131,0,"W11",0.32244780745204,0.304776306077524,0.42355503253036,0.252090902886154
75131,0,"LSE",0.281254829379162,0.263291718629683,0.386145275247096,0.138472539632942
75131,0,"Huber",0.277455825952206,0.260910023270917,0.385834410471276,0.149340990459528
75131,0,"L1",0.303766420640568,0.283942995561554,0.431378810776265,0.212338588563609
75131,0,"PMM2",0.269678403041363,0.249599184354224,0.371297863282207,0.138529152951988
75131,0,"WPMM2",0.322447658633577,0.304776162467748,0.423554934809286,0.252090695959193
75132,0,"W00",0.102146891034326,0.101596665825817,0.115672148680086,0.10851566157046
75132,0,"W10",0.108612765317117,0.107811873971046,0.122400494848091,0.115681985836331
75132,0,"W01",0.23419871291543,0.229712251101479,0.257544277253107,0.253668415190512
75132,0,"W11",0.219546618451519,0.215253648346048,0.241102559113631,0.237115931873905
75132,0,"LSE",0.0852494327503561,0.0867264882451578,0.116067080255168,0.110171061496473
75132,0,"Huber",0.104948567270069,0.101404126322814,0.111108722680118,0.102040009642786
75132,0,"L1",0.130402929784869,0.123499092402102,0.12557864285901,0.120856149633973
75132,0,"PMM2",0.0848736591573709,0.086613854912953,0.124344535033121,0.117391176009119
75132,0,"WPMM2",0.219546720510533,0.21525381501267,0.241102894445391,0.237116291268388
75133,0,"W00",0.126487837677618,0.121579457731259,0.141563615417062,0.0148480470753904
75133,0,"W10",0.126670833410464,0.121812224923853,0.141450176656883,0.0160586151204873
75133,0,"W01",0.124478697104632,0.118806418657968,0.146523978224472,0.0111956632477306
75133,0,"W11",0.124596088247844,0.11900455496789,0.1451998603614,0.00615514559831998
75133,0,"LSE",0.134192858028448,0.127845219857627,0.144316371597396,0.0167320259697997
75133,0,"Huber",0.123954486850567,0.117980747305875,0.138792457477075,0.00949949088238516
75133,0,"L1",0.118274418982399,0.111660915650987,0.142617601190207,0.0272945063075505
75133,0,"PMM2",0.141129707059813,0.133517983474571,0.155216336566852,0.00708479847645443
75133,0,"WPMM2",0.12459607689418,0.119004548656085,0.145199754276362,0.00615485130326787
75134,0,"W00",0.101168506253491,0.0787263056396236,0.162891935650191,0.0902354511376697
75134,0,"W10",0.103303038083015,0.0805304157217603,0.167747482193411,0.0978405966877302
75134,0,"W01",0.125979341370195,0.108435382954025,0.207793966631193,0.152686273893193
75134,0,"W11",0.124557738444502,0.106520366487806,0.205542751723561,0.149847152991737
75134,0,"LSE",0.102511601507643,0.0801285906892384,0.164223212270149,0.0847221872221706
75134,0,"Huber",0.103610484543799,0.0812349037405623,0.168794143896062,0.103057273059174
75134,0,"L1",0.106931002079255,0.0921298716596846,0.166520633925905,0.101122054059106
75134,0,"PMM2",0.102798562716626,0.0803574907779569,0.164759935235454,0.0853886742514814
75134,0,"WPMM2",0.124557713246654,0.10652032999249,0.205542715245574,0.149847104036671
75135,0,"W00",0.118175524090352,0.107821119584552,0.179802780504866,0.0901548519156058
75135,0,"W10",0.119484098849357,0.109588416104251,0.182903225674633,0.0961570103147941
75135,0,"W01",0.11913424387411,0.109119634987385,0.182106455690793,0.0946430095538819
75135,0,"W11",0.120782106039795,0.111264397864421,0.185685709680792,0.101316515181343
75135,0,"LSE",0.122930859369716,0.111685520155391,0.189003033719223,0.0985701429669527
75135,0,"Huber",0.106473533365053,0.0967878666654374,0.161938709034066,0.0703373319390703
75135,0,"L1",0.171712308758939,0.161100239074246,0.255796143519314,0.156276508617837
75135,0,"PMM2",0.122885921086232,0.111684799808266,0.188914521544672,0.0983665592606572
75135,0,"WPMM2",0.120782070250543,0.111264344100832,0.185685622437945,0.101316304884598
75136,0,"W00",0.131435830434961,0.126001800723031,0.169060425045683,0.0502141917164918
75136,0,"W10",0.130376278497127,0.124636051936523,0.166427545103565,0.044772080747102
75136,0,"W01",0.138209892070639,0.134479693233595,0.183104523271447,0.0750369952388764
75136,0,"W11",0.135281096095967,0.130842643563316,0.177290467484518,0.0652045260317045
75136,0,"LSE",0.108412393470139,0.0998177575804148,0.143218457839823,0.0458305075175298
75136,0,"Huber",0.140978035062704,0.135748065332221,0.17921262838735,0.0490743608861333
75136,0,"L1",0.173868803906105,0.15940575722344,0.223983744152677,0.0240269615196105
75136,0,"PMM2",0.11593189749876,0.107115490763191,0.153052484213357,0.0456154188158807
75136,0,"WPMM2",0.1352809348515,0.130842448954803,0.177290239655729,0.0652043583400136
75137,0,"W00",0.13088833370175,0.123848951851411,0.161527268126206,0.132279013642924
75137,0,"W10",0.13499857820004,0.12808555559083,0.165828165653739,0.137524317015319
75137,0,"W01",0.18512296973808,0.179073297412259,0.216915373749545,0.196124625343719
75137,0,"W11",0.181352329632964,0.175269890628181,0.213210519283306,0.192023656787371
75137,0,"LSE",0.117649019345059,0.111533514173203,0.133909202849424,0.0993787382590903
75137,0,"Huber",0.134182790903322,0.126786489995067,0.167308629012188,0.139607848342601
75137,0,"L1",0.168935441097216,0.156994926014881,0.215586527095471,0.159349652581716
75137,0,"PMM2",0.119873009971241,0.112911168438849,0.134894553247732,0.0994378811424417
75137,0,"WPMM2",0.181352376112991,0.1752699624154,0.213210589185054,0.192023742793588
75138,0,"W00",0.102235082058758,0.0932056998412706,0.120264315188263,0.0228388408512666
75138,0,"W10",0.107652188541715,0.098637704479492,0.123611523256673,0.034291431965699
75138,0,"W01",0.107095182057983,0.0980798087699016,0.123245456379432,0.0331809020420701
75138,0,"W11",0.113196027623743,0.104226804327816,0.127449924311909,0.044467864614467
75138,0,"LSE",0.101393259537062,0.091279935541894,0.122148387673901,0.0410378025307803
75138,0,"Huber",0.101967728788848,0.0938384855391089,0.120849493946007,0.0139494180635938
75138,0,"L1",0.134947065475428,0.123962699054504,0.156818330993426,0.0989372103096426
75138,0,"PMM2",0.101113060501674,0.0911635635850166,0.122045806133071,0.0425124861854987
75138,0,"WPMM2",0.113195955892429,0.104226738956252,0.127449870846971,0.0444678284172036
75139,0,"W00",0.168225550129929,0.151743333862851,0.228069389500525,0.0983377479636539
75139,0,"W10",0.173903953694502,0.156686660716877,0.234016042390982,0.110956043349816
75139,0,"W01",0.17292878725104,0.155827055881131,0.232979550996453,0.108835037119175
75139,0,"W11",0.178613292305499,0.16090698543309,0.239091692926346,0.120913832988236
75139,0,"LSE",0.163818643858693,0.147653449061779,0.222371012882016,0.10472697702505
75139,0,"Huber",0.165313227594082,0.149516289107084,0.224139869812223,0.0902886993802026
75139,0,"L1",0.212288693013102,0.19479527412962,0.262058379751696,0.172062032901572
75139,0,"PMM2",0.165675680490065,0.14929422189291,0.226317278741008,0.109605447098822
75139,0,"WPMM2",0.178613321816716,0.160907012462318,0.239091731069022,0.120913923221452
75140,0,"W00",0.0702996604718394,0.0651530700307419,0.0987366904524892,0.0111862637325203
75140,0,"W10",0.0685857213192335,0.0639631096337356,0.0987053518486624,0.000157877668424011
75140,0,"W01",0.0756364183359074,0.072068237792725,0.111174343290267,0.045737765563562
75140,0,"W11",0.0772584166283332,0.073561778960258,0.112976416486319,0.0495167291255576
75140,0,"LSE",0.0702552058121045,0.0661188561121959,0.103729701598141,0.0291336020827209
75140,0,"Huber",0.0747795292788474,0.0693946383526059,0.101458711254032,0.00177564978519851
75140,0,"L1",0.0872403233637818,0.0812271548598744,0.107440379951306,0.0363576593538801
75140,0,"PMM2",0.0715106215589588,0.0670547455679649,0.10449217400658,0.0269818300350451
75140,0,"WPMM2",0.0772583863441798,0.073561749735133,0.112976360609484,0.0495167177153734
75141,0,"W00",0.163414402289704,0.147060972278557,0.188439937473,0.102811590727253
75141,0,"W10",0.162387710527977,0.146099894513141,0.187714121940604,0.101223956554359
75141,0,"W01",0.136842758510871,0.123736118477254,0.171711407792912,0.0523287495379597
75141,0,"W11",0.138902387141109,0.125423823795426,0.172772430641656,0.0575166098532558
75141,0,"LSE",0.169854650353873,0.153448458957598,0.194650644904603,0.116378295328657
75141,0,"Huber",0.161375365970507,0.145389413445798,0.187134243734536,0.0998972006456376
75141,0,"L1",0.121027533705571,0.111186429299449,0.147647482460348,0.107262333766973
75141,0,"PMM2",0.174591331946266,0.158010786336963,0.200615406990127,0.120513161564548
75141,0,"WPMM2",0.138902380057443,0.125423806854706,0.172772342878865,0.0575167976763802
75142,0,"W00",0.217507652046898,0.211319074164513,0.286729086243741,0.0971338026115399
75142,0,"W10",0.217627638856427,0.210484195119137,0.283882787252851,0.087480787568158
75142,0,"W01",0.22105522359865,0.210409327436053,0.27547129397149,0.0478271222973862
75142,0,"W11",0.221644627034629,0.210695597031842,0.274822054998397,0.0435995534144749
75142,0,"LSE",0.206051371108298,0.200520138165131,0.273305554266734,0.092680955297561
75142,0,"Huber",0.225158917255971,0.219043596261856,0.296146713644532,0.100631037311825
75142,0,"L1",0.236561807737753,0.211542181599207,0.315296000713803,0.110869460191638
75142,0,"PMM2",0.206423925475954,0.199951531564445,0.275230717256104,0.0982665053994013
75142,0,"WPMM2",0.221644569192343,0.210695612823096,0.274822010730531,0.0435996229943421
75143,0,"W00",0.0981605259340667,0.082499124395763,0.137677562144046,0.0381197030146914
75143,0,"W10",0.0995565629311897,0.0841760152707908,0.139538947538893,0.0435275206729853
75143,0,"W01",0.0950253283582639,0.0859325493656334,0.132198172314644,0.0249823154548151
75143,0,"W11",0.093254769445305,0.081365869188049,0.130872553970638,0.00984370764883913
75143,0,"LSE",0.0885380281396314,0.0739734130034056,0.125666075326665,0.0462089553363466
75143,0,"Huber",0.101679636713916,0.0867391631497106,0.143524925664346,0.0364281810244648
75143,0,"L1",0.142252271054298,0.117788087431422,0.211949696216642,0.0885401693275237
75143,0,"PMM2",0.0858195452620893,0.0723318286814293,0.120714986927536,0.0420164651691719
75143,0,"WPMM2",0.0932547741848298,0.0813658633465568,0.13087256511583,0.00984365072823318
75144,0,"W00",0.105119807734728,0.0944626174677336,0.146234366692292,0.090667583339906
75144,0,"W10",0.101727562919343,0.0905538223911342,0.141774720969709,0.0836942662432686
75144,0,"W01",0.131679801936311,0.123976633657144,0.17976511876892,0.13633708605555
75144,0,"W11",0.122899833285979,0.114494584561854,0.168855403290676,0.122504686874267
75144,0,"LSE",0.115181278945734,0.103412101301446,0.164930531052187,0.0931969859458855
75144,0,"Huber",0.104982776363695,0.0944214947353393,0.141571126311839,0.0912444178117766
75144,0,"L1",0.122682967802112,0.104552880299414,0.157169844418216,0.0781391655920043
75144,0,"PMM2",0.116511958066247,0.104938094255872,0.165423104568911,0.091165145357892
75144,0,"WPMM2",0.122899775101508,0.114494531138109,0.168855384131074,0.122504637598207
75145,0,"W00",0.0998610575351571,0.0890002066674278,0.126823999761594,0.053346773100699
75145,0,"W10",0.0976492196897411,0.0867901222958446,0.12427320299307,0.0468399093951707
75145,0,"W01",0.0948498787317433,0.0870900337757052,0.119039577931423,0.0268000729513838
75145,0,"W11",0.0931753345787469,0.0857336724710527,0.118064953753446,0.0224352859701306
75145,0,"LSE",0.104544976961743,0.0945655007753369,0.123949741874008,0.0374419120900951
75145,0,"Huber",0.0957268021397963,0.0842160294391145,0.124964349199619,0.0579553642186346
75145,0,"L1",0.136504584822726,0.117123580048479,0.182963176596434,0.041250016529044
75145,0,"PMM2",0.104389084561022,0.0943518809237817,0.123164955193557,0.0355864096998297
75145,0,"WPMM2",0.0931753574441466,0.0857336985614201,0.118065001536315,0.0224353919468636
75146,0,"W00",0.110060655813817,0.10077810562928,0.15879682299612,0.0496165345617413
75146,0,"W10",0.109324611003903,0.099458914287947,0.157309664414942,0.0449203810501607
75146,0,"W01",0.128149493067457,0.119898134799024,0.163007920236264,0.0663326385083228
75146,0,"W11",0.124005155507867,0.114459973819353,0.159112224818769,0.0554835723598118
75146,0,"LSE",0.110867593865114,0.103192313395246,0.159999491950733,0.06103172615999
75146,0,"Huber",0.109862499715629,0.10058446217662,0.158712034130203,0.0496563222553411
75146,0,"L1",0.0998213675920658,0.0907323755162612,0.139239276959696,0.00694585760659827
75146,0,"PMM2",0.109452048386056,0.101095083895258,0.154914425833338,0.0553978864756167
75146,0,"WPMM2",0.124005125697588,0.114459942843192,0.159112193317042,0.0554835739347573
75147,0,"W00",0.110359342968883,0.0868244381348141,0.176734838678878,0.0878757907235353
75147,0,"W10",0.109546238714046,0.0860204011072988,0.175013225439701,0.0844275871132469
75147,0,"W01",0.15234282011368,0.139755020444993,0.241999357239168,0.18590665381958
75147,0,"W11",0.143069633500011,0.128272564423587,0.229058578841403,0.169118543461374
75147,0,"LSE",0.110510876217367,0.0859562289066788,0.175140315732197,0.0724442671296503
75147,0,"Huber",0.110449615487637,0.0878089993347481,0.176985634539889,0.0916923841942067
75147,0,"L1",0.110347147048519,0.0874839094152406,0.170757931936039,0.0986530689899962
75147,0,"PMM2",0.112270931011759,0.0861891249104402,0.180330994939665,0.0810575139969633
75147,0,"WPMM2",0.143069613927702,0.128272531774034,0.229058554677284,0.169118497038605
75148,0,"W00",0.143009490256945,0.134158001314097,0.211999432534714,0.152151185829453
75148,0,"W10",0.139273984933802,0.129775579653461,0.204834141658963,0.141704509125148
75148,0,"W01",0.131169110376997,0.119589026800982,0.185175412923513,0.11020480763457
75148,0,"W11",0.130437833730494,0.118550904611111,0.182652510120749,0.105746430254528
75148,0,"LSE",0.139488895613203,0.133008125590813,0.21110570405449,0.158027146148547
75148,0,"Huber",0.14731727448184,0.136209997576258,0.216419137073632,0.153916342313743
75148,0,"L1",0.147037101434084,0.122922070248906,0.206002144509546,0.110411153701028
75148,0,"PMM2",0.139881311611665,0.133550089581541,0.210912677230695,0.157010861141632
75148,0,"WPMM2",0.130437826082184,0.118550909312836,0.182652541492108,0.105746534552551
75149,0,"W00",0.12872349197982,0.110948257975361,0.162393267503979,0.0444673895907473
75149,0,"W10",0.129089081544265,0.111463675666739,0.159940589573881,0.0375523729867674
75149,0,"W01",0.169169976218657,0.156578122464396,0.257006191101818,0.189818565869155
75149,0,"W11",0.155658614214712,0.141326290752116,0.233744588771615,0.160851842566061
75149,0,"LSE",0.130658280299192,0.113223623890878,0.15922607687472,0.0304289521635769
75149,0,"Huber",0.126110412619868,0.107163174113734,0.167789956954875,0.0647761729904657
75149,0,"L1",0.169364642106224,0.149074140795446,0.185237193046862,0.00728840633049122
75149,0,"PMM2",0.141837134066018,0.120556573591326,0.178788199838832,0.0579187835743538
75149,0,"WPMM2",0.155658432516217,0.141326090843505,0.233744265796334,0.160851440532056
75150,0,"W00",0.125769076398285,0.115667820344816,0.168921612638568,0.0928486206935821
75150,0,"W10",0.127875998249576,0.117651629059566,0.171861947900547,0.0978193248907395
75150,0,"W01",0.250714899809319,0.242008044883774,0.328713076802958,0.290878932863765
75150,0,"W11",0.230377412034492,0.220982092538611,0.303242500075885,0.262622619711063
75150,0,"LSE",0.105655222445313,0.0980214435615565,0.14745877992749,0.0766845446836536
75150,0,"Huber",0.139737911469664,0.128038635496169,0.185123083930343,0.108720138935897
75150,0,"L1",0.129193709857737,0.12391944983257,0.181038181690598,0.105249899725539
75150,0,"PMM2",0.117675249115605,0.108869360456148,0.165356086222152,0.0912208914934757
75150,0,"WPMM2",0.230377505972561,0.220982206735468,0.303242643163505,0.26262281990141
75151,0,"W00",0.223054487282495,0.208438150233371,0.36036497686321,0.287000656147207
75151,0,"W10",0.222294957129137,0.207537056439934,0.359292586763759,0.285710475667516
75151,0,"W01",0.267908308219468,0.25994624079496,0.421066451305976,0.357721349232366
75151,0,"W11",0.260688483325612,0.251800941341171,0.411589057520176,0.346938888870436
75151,0,"LSE",0.220454113822319,0.203640715911971,0.353876980150899,0.274577225604658
75151,0,"Huber",0.231370831881016,0.218227533716614,0.374480976175959,0.304538255533836
75151,0,"L1",0.266607332579744,0.245510023997314,0.438161525626999,0.33577601624298
75151,0,"PMM2",0.223346965743392,0.205556417965277,0.358360427223337,0.278052129234839
75151,0,"WPMM2",0.260688525617486,0.251800991870271,0.411589077668689,0.346938914454701
75152,0,"W00",0.152733506382236,0.130770692127273,0.249020398945215,0.0349891785691105
75152,0,"W10",0.15199918109933,0.130327334981041,0.248219596906931,0.0301264950676455
75152,0,"W01",0.154099284941264,0.136750293403148,0.246830470910607,0.0202110399371843
75152,0,"W11",0.15335895715819,0.135763976072656,0.246667540443811,0.0169248638835036
75152,0,"LSE",0.136902479631991,0.118746500075685,0.224244465832074,0.0319269707646722
75152,0,"Huber",0.154234593827635,0.132995422709075,0.250871908846133,0.0311893674284255
75152,0,"L1",0.171301195035688,0.152744217844967,0.27040847274892,0.0301122711192481
75152,0,"PMM2",0.141239371778092,0.121260100849851,0.231481440522237,0.0383319596021552
75152,0,"WPMM2",0.153358957564578,0.135763991774836,0.246667549125393,0.0169249381309269
75153,0,"W00",0.0835047908687007,0.0780961096892173,0.0784306815163362,0.0299899706859856
75153,0,"W10",0.0769164345855641,0.072187366439809,0.0759898405837905,0.0219650070572979
75153,0,"W01",0.0702927425591782,0.0656777755088277,0.0741619998953901,0.0125163137747228
75153,0,"W11",0.0671441416447636,0.0622390489641187,0.0736592118881548,0.00711496011927426
75153,0,"LSE",0.088839032152152,0.0814957832402318,0.0877538455734915,0.0540620294991818
75153,0,"Huber",0.0890549521790693,0.083313268437493,0.0865414464011801,0.0287972107003787
75153,0,"L1",0.11261606345698,0.100482553087159,0.14411889290396,0.0529594013814077
75153,0,"PMM2",0.0899935519050975,0.0807049014929449,0.08679856539555,0.0502717127136575
75153,0,"WPMM2",0.0671440353306731,0.0622389545522798,0.0736590710818233,0.0071150853232469
75154,0,"W00",0.123964242508509,0.116888548638706,0.165383100847458,0.00974417013064999
75154,0,"W10",0.123998004484393,0.116960573061338,0.165169119270064,0.0154676488509075
75154,0,"W01",0.129508744187276,0.123392492452351,0.169609966833682,0.0568438864741572
75154,0,"W11",0.129203875234606,0.123032505715915,0.169315836221379,0.0555529542726719
75154,0,"LSE",0.140220404459488,0.135461381920307,0.180315282314078,0.0171385099981342
75154,0,"Huber",0.126408308084465,0.118581323361405,0.169968326856585,0.0190638285482805
75154,0,"L1",0.161976735508255,0.144956250855625,0.228897334285902,0.041533633138639
75154,0,"PMM2",0.140894013381324,0.136047482645924,0.18135504278893,0.0175514790225462
75154,0,"WPMM2",0.129203835567335,0.123032483513457,0.169315714130773,0.0555528695644751
75155,0,"W00",0.112929625094906,0.0986251454052205,0.179210894439944,0.12610774789506
75155,0,"W10",0.111895994061753,0.0972371737418758,0.177506008463567,0.123798159312802
75155,0,"W01",0.155622621691552,0.15079597016052,0.242349258597451,0.20332879582658
75155,0,"W11",0.148816764051395,0.142939325161878,0.232848341116718,0.192382872864824
75155,0,"LSE",0.105823459288531,0.0923917476516757,0.162403157887987,0.0996008154651765
75155,0,"Huber",0.117126535146396,0.103514588801236,0.188312502298688,0.135925021189675
75155,0,"L1",0.133799853474386,0.115538316052524,0.197441585082848,0.109231716978712
75155,0,"PMM2",0.111805963702436,0.0981793154592553,0.175420725855477,0.114227125122717
75155,0,"WPMM2",0.148816738159901,0.142939293111463,0.232848291932347,0.192382812481857
75156,0,"W00",0.101625584389149,0.0891568766618042,0.151902623295608,0.00134543732097625
75156,0,"W10",0.101081789667533,0.0876901722977508,0.153677840254516,0.00678605488558259
75156,0,"W01",0.110225261733438,0.0916056897813896,0.171027376700133,0.0515999211616042
75156,0,"W11",0.110014917229892,0.0914281298723834,0.170719462494015,0.0509929731676529
75156,0,"LSE",0.105688715757023,0.0935970622633167,0.145821794735601,0.0115291980081679
75156,0,"Huber",0.105559456146303,0.0929323531024864,0.151765570988791,0.0133475323893657
75156,0,"L1",0.136071070423022,0.110521274264924,0.20974179166058,0.0901646111845973
75156,0,"PMM2",0.111370173785937,0.0988366549292781,0.161539319955741,0.00651502142643101
75156,0,"WPMM2",0.110014973466913,0.0914281749617575,0.170719544426526,0.0509931344111373
75157,0,"W00",0.143138892868755,0.117619761197348,0.213512671815653,0.117323926952448
75157,0,"W10",0.141523671865868,0.115761186809487,0.209817173450963,0.1105176672799
75157,0,"W01",0.134335234410769,0.111534461448561,0.186182299743592,0.0538829507178342
75157,0,"W11",0.134453147412051,0.11111135122093,0.187571838927141,0.0584818712312128
75157,0,"LSE",0.139219220814036,0.114484992244843,0.208344255882828,0.114665218685851
75157,0,"Huber",0.148346910727531,0.122043532591202,0.220828843190184,0.121215052502622
75157,0,"L1",0.146622587132265,0.124996137829982,0.20038872257014,0.0811418793138584
75157,0,"PMM2",0.138069703167144,0.113795009280138,0.20416294158944,0.106583024818596
75157,0,"WPMM2",0.134453141701567,0.111111342465342,0.187571841781445,0.0584819137089692
75158,0,"W00",0.0713445744173945,0.0565994284929724,0.112430469187024,0.04695791318132
75158,0,"W10",0.0713497321957553,0.0565999716820861,0.112448430537023,0.0470108938195027
75158,0,"W01",0.125700003336441,0.110458119647578,0.120491067988502,0.0443374442404982
75158,0,"W11",0.1116411960036,0.0989077074317163,0.11473096805017,0.0311115246001268
75158,0,"LSE",0.0707040145134173,0.0559954398686856,0.111845060270838,0.0509393605762225
75158,0,"Huber",0.072341868889447,0.0571205535830721,0.114419590032253,0.0476898808265589
75158,0,"L1",0.107119184027165,0.0907906877858963,0.154082517032252,0.047287348625179
75158,0,"PMM2",0.0744175188604098,0.0584237076011861,0.118966449242596,0.0549814361584796
75158,0,"WPMM2",0.111641146747033,0.0989076692841022,0.114730920690213,0.0311115451570744
75159,0,"W00",0.175666812728036,0.156668395949356,0.201683763370714,0.0436724436215533
75159,0,"W10",0.175688149252426,0.156660943974738,0.201733317556597,0.0439650060109866
75159,0,"W01",0.17531138249048,0.156918891004601,0.200777803994668,0.0377950302376778
75159,0,"W11",0.175379670437184,0.15684716675535,0.200968927339075,0.0391243816554329
75159,0,"LSE",0.163324281194867,0.146448105465037,0.187850154238828,0.0413046386396483
75159,0,"Huber",0.181872890549572,0.162238063887513,0.20889551487549,0.0445886274056591
75159,0,"L1",0.206585222771546,0.180400821001045,0.243025307291051,0.0589956553833939
75159,0,"PMM2",0.16377082089369,0.146966793964454,0.188183453764396,0.0407634029547309
75159,0,"WPMM2",0.175379518090596,0.156847036011142,0.200968748950927,0.0391244016490088
75160,0,"W00",0.0962057743113462,0.0853159186321376,0.0786670044755642,0.0561698993114517
75160,0,"W10",0.0909304181933986,0.0804848462918069,0.075214074508228,0.0511494923296616
75160,0,"W01",0.0681086541666752,0.0601983943878378,0.062668083267081,0.0291529128810869
75160,0,"W11",0.0666148290166087,0.0589022563221314,0.0620098264153105,0.0276524467894036
75160,0,"LSE",0.102530285391961,0.0902276230141152,0.0771856935184423,0.0394163596236247
75160,0,"Huber",0.0931037412271996,0.0836548263564236,0.0821784919861128,0.0627970032499565
75160,0,"L1",0.0879493844076469,0.0765724874311982,0.0730121046087354,0.0415021414107603
75160,0,"PMM2",0.102009547489055,0.0897229356029215,0.0775630804934045,0.0402948846720537
75160,0,"WPMM2",0.066614866615637,0.0589022888758653,0.0620097963901649,0.0276524265246821
75161,0,"W00",0.13667732263434,0.133942493768788,0.183689966248903,0.0885437915266986
75161,0,"W10",0.136618109985524,0.133856193844538,0.183500601084675,0.0881356033693291
75161,0,"W01",0.140838229760631,0.139532103161598,0.194826098374916,0.110409508991117
75161,0,"W11",0.140069975620584,0.138546788700953,0.192991884569955,0.107048029240453
75161,0,"LSE",0.137985006559405,0.132996749610383,0.18636386010565,0.0888494481894451
75161,0,"Huber",0.138511758869399,0.136064774887236,0.185365906625615,0.0868394959376965
75161,0,"L1",0.0856144642294414,0.0813022725079871,0.126760840960583,0.0659356774153291
75161,0,"PMM2",0.137951607091436,0.132795258820575,0.187025459633708,0.0911593509961263
75161,0,"WPMM2",0.140069960607441,0.138546772603474,0.192991848233711,0.107047979957688
75162,0,"W00",0.142851210654555,0.140158798114784,0.168574024621144,0.122070980708297
75162,0,"W10",0.145772245260802,0.143149482993827,0.171987431322416,0.12645559253943
75162,0,"W01",0.109538193972898,0.105928359740113,0.130231060259236,0.0656817139589928
75162,0,"W11",0.117395987569887,0.113991784834023,0.139059313917057,0.0804715921168463
75162,0,"LSE",0.148660347946662,0.146862220283485,0.178247419502099,0.137182185301271
75162,0,"Huber",0.141942036821003,0.139490488775988,0.170145615776133,0.116773599915584
75162,0,"L1",0.13651086795112,0.131351812603729,0.168451340409064,0.115909947859876
75162,0,"PMM2",0.145425680172542,0.143624010239009,0.1684620371803,0.128436433225588
75162,0,"WPMM2",0.117396020599811,0.113991816934218,0.139059359123732,0.0804716556144386
75163,0,"W00",0.148794274567475,0.134268379953484,0.207192137961836,0.136605666509154
75163,0,"W10",0.151286711460038,0.137489276093851,0.210019037929018,0.141751694608217
75163,0,"W01",0.158359333091439,0.146376467141105,0.217978930417377,0.155473511776727
75163,0,"W11",0.159259048911671,0.1474821410566,0.218981234132827,0.157138254559114
75163,0,"LSE",0.139335392338436,0.124673834364171,0.196431439833756,0.134105477365704
75163,0,"Huber",0.156639707081129,0.140299549366464,0.222147872971613,0.142419252302079
75163,0,"L1",0.168046099839274,0.163156845817428,0.205803366883537,0.0985449880127726
75163,0,"PMM2",0.137129055404142,0.122874710829148,0.191859133675192,0.131831890936226
75163,0,"WPMM2",0.159258994014444,0.147482102455298,0.218981152439457,0.157138311973382
75164,0,"W00",0.129223916249633,0.116710522290537,0.16951970475179,0.0379895060066901
75164,0,"W10",0.134064026047016,0.123496146347955,0.174399229362757,0.0527428426049916
75164,0,"W01",0.130813933240796,0.118994721182039,0.171122169940769,0.0432329052977843
75164,0,"W11",0.135732788637309,0.125710613946165,0.176062598442364,0.0571172606672352
75164,0,"LSE",0.128294355778223,0.115029208597175,0.163923458681721,0.0309146719804013
75164,0,"Huber",0.126057113138951,0.11335315956662,0.168028215723822,0.0364488740970633
75164,0,"L1",0.210151813928433,0.19713677397572,0.245965635950762,0.116417660378501
75164,0,"PMM2",0.128656804362674,0.115514306405584,0.164714314494665,0.03243287031079
75164,0,"WPMM2",0.13573276345028,0.125710563797803,0.176062573339151,0.0571170943546752
75165,0,"W00",0.0975074728901249,0.0876821720149077,0.151567276115645,0.00754788594135225
75165,0,"W10",0.0990635299654023,0.0883787855831012,0.154573006378057,0.018826481580231
75165,0,"W01",0.118770222449029,0.105283741672302,0.177669427949981,0.0713588591769134
75165,0,"W11",0.120903717227328,0.107369617202345,0.180048667187314,0.0755122471097984
75165,0,"LSE",0.101219833916083,0.0919010707034777,0.153771958839682,0.0193676366920268
75165,0,"Huber",0.0982072937398709,0.0873678920163091,0.152105169326768,0.0149031583474144
75165,0,"L1",0.134773813632427,0.12523281346517,0.207605075617655,0.114819370634908
75165,0,"PMM2",0.106293583752634,0.0965321220583576,0.162861258554369,0.0175366500410905
75165,0,"WPMM2",0.120903652074193,0.1073695540269,0.180048589918848,0.075512155001074
75166,0,"W00",0.107441047735547,0.0987294829340569,0.143089195950084,0.00165970752816968
75166,0,"W10",0.111895178843745,0.102280961910596,0.144056404717573,0.00874918443981909
75166,0,"W01",0.23899409512873,0.220073605150298,0.235792955996201,0.177543870668959
75166,0,"W11",0.224065685018998,0.205799062708202,0.222902179185609,0.160801689052255
75166,0,"LSE",0.0947764133084326,0.0881683763949864,0.138928319786279,0.0242397254107966
75166,0,"Huber",0.115533265062335,0.105924257188583,0.146325403016622,0.0112544571917995
75166,0,"L1",0.114247588368475,0.101780089076489,0.110016755641517,0.0331142232749652
75166,0,"PMM2",0.0965930517727081,0.0894011321739412,0.149166346516324,0.0290153641632286
75166,0,"WPMM2",0.224065744841676,0.205799119522729,0.222902228008328,0.160801764820619
75167,0,"W00",0.123399164966296,0.114782983509777,0.153855797734012,0.0148750805447398
75167,0,"W10",0.124141751183978,0.115206922435863,0.153996055166791,0.0181462963684414
75167,0,"W01",0.187099927891861,0.1709600059289,0.200438205005719,0.138010146488788
75167,0,"W11",0.177502174289238,0.161764066616993,0.191867144388252,0.124069239371978
75167,0,"LSE",0.114795529776787,0.107714903381695,0.145261248924118,0.00376144063643957
75167,0,"Huber",0.124151318429492,0.115581800163156,0.154552153146123,0.00933448790703834
75167,0,"L1",0.149118567554061,0.137000632504079,0.171590211023242,0.0632773082633932
75167,0,"PMM2",0.11383012006667,0.107001027340047,0.141635828241993,0.00124176126486686
75167,0,"WPMM2",0.177502278948744,0.161764171275998,0.191867261123133,0.12406944317545
75168,0,"W00",0.0900714942939932,0.0831194780618058,0.0970088702002516,0.025642907983127
75168,0,"W10",0.0885085837763229,0.0815089241133601,0.0960853366586635,0.0232423620910537
75168,0,"W01",0.194163070867867,0.188218355662342,0.18665637614968,0.147898372954906
75168,0,"W11",0.175464841282556,0.169432524181728,0.168777681315109,0.127708848766431
75168,0,"LSE",0.0756950776075528,0.0688487144146183,0.0850600023515138,0.00647044412227427
75168,0,"Huber",0.0945325515308125,0.0865016423469519,0.10175251347983,0.033324805738534
75168,0,"L1",0.101044739119173,0.0874541151243886,0.13721586626512,0.032995770749207
75168,0,"PMM2",0.0936878654265879,0.0889739120188309,0.105197503256551,0.0117740387051749
75168,0,"WPMM2",0.175464626671353,0.169432272966552,0.168777476702256,0.12770864864312
75169,0,"W00",0.205969262602522,0.184557878238656,0.195315309730062,0.092369290460609
75169,0,"W10",0.202060594441237,0.180973430942406,0.192246055686123,0.0886335636777863
75169,0,"W01",0.118455238700319,0.10290146497324,0.135312148782601,0.00376612438238466
75169,0,"W11",0.125503249673428,0.109590818494004,0.138819478124409,0.00627182479910349
75169,0,"LSE",0.216195597137314,0.194398989821521,0.205918739732668,0.0942253976540923
75169,0,"Huber",0.198502933045082,0.177569032217746,0.184841623641731,0.0902604770034798
75169,0,"L1",0.206118770967166,0.187099900376675,0.21416446896078,0.102283890694423
75169,0,"PMM2",0.209144208635357,0.189719689568195,0.192967437834648,0.0980456447232474
75169,0,"WPMM2",0.125503684718449,0.10959121765389,0.138819804205801,0.0062722110473552
75170,0,"W00",0.190825540436529,0.178503564814722,0.244391385278706,0.194846245203538
75170,0,"W10",0.18880626128844,0.176475460618413,0.242192175257365,0.192224550982215
75170,0,"W01",0.116735335304003,0.104965093665366,0.164050406786615,0.0854802754243542
75170,0,"W11",0.123732283619134,0.111626751945359,0.171517906821524,0.0978788394071335
75170,0,"LSE",0.199090976254096,0.187228435765962,0.252928807853827,0.206449165504084
75170,0,"Huber",0.189938904440264,0.178136619952309,0.24674868435017,0.196963926727824
75170,0,"L1",0.197656596927374,0.180559763575606,0.247452031484796,0.171439302632096
75170,0,"PMM2",0.196232402419221,0.184304322684645,0.245653030103806,0.2016366860123
75170,0,"WPMM2",0.123732325513415,0.111626793892817,0.171517955586281,0.0978789296369807
75171,0,"W00",0.0983229902259914,0.0827333612384366,0.137058235975835,0.066081912857338
75171,0,"W10",0.0991455545783064,0.0834693247844284,0.138426652698207,0.0688803137232682
75171,0,"W01",0.109482894153012,0.0966554029446628,0.122837774628849,0.0107077689841651
75171,0,"W11",0.0996154708803361,0.0882438984903897,0.12158957520139,0.00562579617894265
75171,0,"LSE",0.103525262940076,0.093312360702765,0.133752846744566,0.0387034515174219
75171,0,"Huber",0.0938326032853575,0.0753874727803277,0.136521535280497,0.067161711454873
75171,0,"L1",0.184497462616551,0.156025209809384,0.316787884095257,0.23757141028312
75171,0,"PMM2",0.102150851260727,0.0923853856849054,0.133243483521407,0.0376966591411089
75171,0,"WPMM2",0.0996154915423734,0.0882439288868777,0.12158955309914,0.0056257229216472
75172,0,"W00",0.0998876659605098,0.0933394480327595,0.111769470656562,0.0942158618096252
75172,0,"W10",0.0972022802940395,0.0906251477761443,0.108806697288939,0.0905761378823371
75172,0,"W01",0.0618215075074868,0.0561928518698204,0.0738739769071921,0.0263435234991034
75172,0,"W11",0.0561095220748951,0.0516393764749363,0.0686070421403613,0.0117583874241786
75172,0,"LSE",0.108648368466889,0.102512012393542,0.122841992825231,0.107692542018336
75172,0,"Huber",0.0954702566816982,0.0886486088095678,0.108716540088846,0.0878859874867567
75172,0,"L1",0.121106011028204,0.113687689377555,0.164123925356219,0.13299531606387
75172,0,"PMM2",0.107248695167985,0.0998211854216367,0.116589487280144,0.0943594657402369
75172,0,"WPMM2",0.0561094535042419,0.0516393135774062,0.0686069637571099,0.0117583026277697
75173,0,"W00",0.134603336974555,0.122890271090068,0.166495060147042,0.0770502580953458
75173,0,"W10",0.127202688404288,0.116652206887674,0.162813406083664,0.0665046400808477
75173,0,"W01",0.123347452421798,0.113362905422418,0.161029752063096,0.0605838438364993
75173,0,"W11",0.119127027360569,0.109668077275956,0.15916226428311,0.0535399303103263
75173,0,"LSE",0.134497786561628,0.121569501742287,0.157748355534068,0.0746856685098715
75173,0,"Huber",0.136362956199776,0.124610526261769,0.16884235297928,0.0828806063359233
75173,0,"L1",0.139929493549182,0.121513520047484,0.192795337736829,0.00660717259784138
75173,0,"PMM2",0.134412597767188,0.121534689577045,0.1578176086166,0.0741119747848417
75173,0,"WPMM2",0.119127107908737,0.109668145148591,0.159162263077125,0.0535400601885736
75174,0,"W00",0.0843219999820104,0.0791867984304654,0.115243847317753,0.0786769106455977
75174,0,"W10",0.0909249808111541,0.0858860571325022,0.12329529888879,0.0915325736308592
75174,0,"W01",0.146684274113231,0.142923237190992,0.18574407694599,0.170844563153263
75174,0,"W11",0.146625769699025,0.142864581243222,0.185683158508524,0.170774193358178
75174,0,"LSE",0.0595720799201584,0.0560732991335536,0.0840919448113765,0.0550802407861247
75174,0,"Huber",0.0905131867568003,0.0848999602627165,0.122090896292152,0.0884946854306785
75174,0,"L1",0.169950330788757,0.165022909263818,0.243818256659765,0.188124588507227
75174,0,"PMM2",0.0526892653965248,0.0512559871807339,0.0777465696364881,0.0558611575234065
75174,0,"WPMM2",0.146625945129971,0.142864756698988,0.185683306447662,0.170774394120307
75175,0,"W00",0.155636085925757,0.143190101337451,0.186678121849304,0.0253413991848613
75175,0,"W10",0.156863861066854,0.144108027366819,0.187063137073707,0.0302694066026054
75175,0,"W01",0.198807289836495,0.183727724410414,0.224231173933459,0.135908449725347
75175,0,"W11",0.193272246045941,0.178141901379378,0.218248958695522,0.125077326294764
75175,0,"LSE",0.157498879160558,0.146324240423225,0.191432436554827,0.00208184205566286
75175,0,"Huber",0.160272036845409,0.147031554725193,0.19232491698723,0.0344328290796209
75175,0,"L1",0.125856374775346,0.120404464321686,0.162084562270434,0.0842807388878163
75175,0,"PMM2",0.150429994625619,0.139528543645876,0.18378706759112,0.0102652944657224
75175,0,"WPMM2",0.193272174696304,0.17814182850405,0.218248876039946,0.125077142339379
75176,0,"W00",0.150998270779397,0.139356346076865,0.220852010454528,0.0297305102893706
75176,0,"W10",0.148776819679289,0.137671924705485,0.22007349825037,0.0232259497943396
75176,0,"W01",0.14363591622276,0.132480837551959,0.220352935383525,0.0243586039387867
75176,0,"W11",0.143588843207292,0.132471164051584,0.220307264963246,0.0239737327180982
75176,0,"LSE",0.1576685764607,0.144775800456101,0.225674996769461,0.0422262862529312
75176,0,"Huber",0.149696868274286,0.137753110250895,0.217167693493304,0.0326323352539806
75176,0,"L1",0.172996055495683,0.158486019791162,0.250079669887281,0.0493789274246176
75176,0,"PMM2",0.157598070513102,0.144765293123146,0.227120508036609,0.0355406772646374
75176,0,"WPMM2",0.143588958846407,0.132471262080518,0.220307461315803,0.0239738093855691
75177,0,"W00",0.138429663293268,0.129133431862173,0.19560616498854,0.0754988120043546
75177,0,"W10",0.139371188173195,0.130421050877928,0.197455498302679,0.0800122409122555
75177,0,"W01",0.201792763075918,0.188857173757327,0.261303159243323,0.186847468187093
75177,0,"W11",0.193064857808181,0.180979188040955,0.253436564503438,0.175707894714251
75177,0,"LSE",0.120208777778595,0.1107217929107,0.166736519163812,0.0427667059180147
75177,0,"Huber",0.149172125719872,0.139533144234412,0.211511392678878,0.0881763946810273
75177,0,"L1",0.171859184698101,0.165551504323889,0.247306321413774,0.14221302946648
75177,0,"PMM2",0.123990130156787,0.115580300155756,0.172343207453517,0.0491245163212793
75177,0,"WPMM2",0.193064820524454,0.180979152335899,0.253436536263954,0.175707850005998
75178,0,"W00",0.0749197013858104,0.0667607429497585,0.0990742947599735,0.0511186732865676
75178,0,"W10",0.0725347774113285,0.0644531912644132,0.0963204443794621,0.0460966351843388
75178,0,"W01",0.11205556217919,0.101189463207414,0.108103151018832,0.0729015496695786
75178,0,"W11",0.101572089575491,0.0910734282093596,0.100180536409541,0.0601086761238654
75178,0,"LSE",0.0846304480233048,0.0760811215950793,0.111007771848118,0.0715099427728761
75178,0,"Huber",0.0719957300008948,0.0644546463327768,0.0957175206016822,0.0395101881742799
75178,0,"L1",0.0784339512419363,0.0713391915071474,0.101560680682292,0.00192195191117317
75178,0,"PMM2",0.0804898395801619,0.0728979829351914,0.10637695565229,0.0684986098070878
75178,0,"WPMM2",0.101572099938653,0.091073436285892,0.100180566205043,0.0601086880064441
75179,0,"W00",0.093740075351299,0.0835717165688614,0.114675423471475,0.0716461443525266
75179,0,"W10",0.0975556955376775,0.0874730271682879,0.119633609176629,0.0790330423229637
75179,0,"W01",0.141529502533501,0.134057197678568,0.175440371211424,0.146589560034956
75179,0,"W11",0.140378448848363,0.132860990294802,0.174005345103546,0.145027542779622
75179,0,"LSE",0.0946414751337569,0.0836920059150041,0.115800020068581,0.0663364018963621
75179,0,"Huber",0.0934853236332652,0.0834339253313131,0.115418732298233,0.0736566032752826
75179,0,"L1",0.140600128090742,0.129972762196828,0.164034220216709,0.118312434992009
75179,0,"PMM2",0.0970860533224971,0.0857169296683816,0.120494193307236,0.0701747182908282
75179,0,"WPMM2",0.14037819146226,0.132860730494842,0.174005030701209,0.145027233065848
75180,0,"W00",0.103851702980294,0.0908211577091282,0.126485596822386,0.0568210427689414
75180,0,"W10",0.103978136163118,0.0897114868565062,0.131438184712506,0.0645545074539627
75180,0,"W01",0.132654538327364,0.116436090532001,0.215008831683861,0.167467933577435
75180,0,"W11",0.127860969115113,0.110562028342412,0.205007321320694,0.156339509987093
75180,0,"LSE",0.107296529549495,0.0954173269037059,0.123631506470152,0.0477515970713682
75180,0,"Huber",0.104937005108047,0.0899501124518013,0.135227304500697,0.0694041809734977
75180,0,"L1",0.0951020061170107,0.0840142993813552,0.128011252384885,0.0450810506034268
75180,0,"PMM2",0.119198559327615,0.104314764807316,0.144022055299691,0.0649390165568414
75180,0,"WPMM2",0.127860929472131,0.110561983430915,0.20500724224067,0.156339426573335
75181,0,"W00",0.164053649799772,0.148205543797579,0.206940056694625,0.125210814968371
75181,0,"W10",0.164569735225486,0.148712545610928,0.207523664604531,0.126146716074074
75181,0,"W01",0.159930711661008,0.144190514715017,0.202286516179092,0.117588170410144
75181,0,"W11",0.161133575743878,0.145353495717893,0.203640688575944,0.119835772238198
75181,0,"LSE",0.155235178532382,0.140364168023027,0.192745736517434,0.111621757028499
75181,0,"Huber",0.168638895646356,0.152067368234714,0.21348209960264,0.128776050056433
75181,0,"L1",0.168083046286889,0.150128276824313,0.213055327405527,0.110419436329868
75181,0,"PMM2",0.156155910150854,0.141146734761377,0.193665171959075,0.112861387478698
75181,0,"WPMM2",0.161133615618624,0.145353534101274,0.203640721746552,0.119835835576718
75182,0,"W00",0.118583222924602,0.115073824812662,0.175547441155565,0.103879796759928
75182,0,"W10",0.118028692829464,0.114504091267141,0.174632832731422,0.102342588607033
75182,0,"W01",0.202379765704653,0.200193721055144,0.275462077748882,0.234367783770001
75182,0,"W11",0.186815941050685,0.184729331541403,0.258914904044759,0.214963302337482
75182,0,"LSE",0.114560752717343,0.111120824098596,0.170869658138991,0.100289589358076
75182,0,"Huber",0.116709852786866,0.112993353971557,0.171596136992378,0.100874282750743
75182,0,"L1",0.147923548527494,0.145005056442524,0.184217693792471,0.0212758247470103
75182,0,"PMM2",0.118000038987183,0.115912205296176,0.170875368284779,0.096644959564651
75182,0,"WPMM2",0.186815865148667,0.184729268912019,0.258914844039246,0.214963337367525
75183,0,"W00",0.144961229985296,0.13656538612687,0.18879686453981,0.13230296284468
75183,0,"W10",0.144321767883748,0.135855241874023,0.188112896347065,0.131232336676781
75183,0,"W01",0.12153602570255,0.110877995123258,0.165438487532821,0.0898265451484819
75183,0,"W11",0.123986895102396,0.113525720310348,0.167704797030391,0.0947193855419367
75183,0,"LSE",0.13646351576254,0.129272056390795,0.171043745583962,0.127522493402329
75183,0,"Huber",0.152739651886016,0.143949573266218,0.201888649163901,0.142528891031528
75183,0,"L1",0.154029759297239,0.143123652023742,0.213767950833619,0.138187149500918
75183,0,"PMM2",0.138062016196244,0.129516609419886,0.171871657119545,0.121923265779756
75183,0,"WPMM2",0.123986776291432,0.113525601586269,0.167704633370778,0.0947191811614441
75184,0,"W00",0.12036021764111,0.107332297770235,0.141163301058859,0.0118023749671042
75184,0,"W10",0.119372777971994,0.106339689508503,0.141890266618529,0.0153171022598654
75184,0,"W01",0.130775179123864,0.116880965912792,0.138597996133403,0.0140603454508435
75184,0,"W11",0.127108911269419,0.11359557180503,0.13884369202005,0.00624629347503708
75184,0,"LSE",0.121232210920085,0.107211304305887,0.147301735166046,0.0214957841902265
75184,0,"Huber",0.117535899905348,0.10490909668661,0.133534989231559,0.00516926489589598
75184,0,"L1",0.141370446508723,0.114019921440262,0.198095238322291,0.0869693683920749
75184,0,"PMM2",0.118177423090389,0.105267660163501,0.142365711112473,0.0153468652936386
75184,0,"WPMM2",0.127108849393621,0.113595514567849,0.138843712441902,0.00624611420249238
75185,0,"W00",0.109164544009881,0.103375261922016,0.110164510806765,0.00885839997356752
75185,0,"W10",0.105423213886653,0.0994805349784435,0.110915442574123,0.0143950795619072
75185,0,"W01",0.0902041882042014,0.0751183470631766,0.135553321895975,0.0752810004634497
75185,0,"W11",0.0900531051526574,0.0752669659258912,0.1335208501005,0.0718536348135265
75185,0,"LSE",0.118630173793461,0.111204759552291,0.106577856373331,8.74781087646381e-05
75185,0,"Huber",0.108904225328228,0.102531109336049,0.115516668201386,0.0126455805950557
75185,0,"L1",0.122636836678898,0.109495715940729,0.149829843668772,0.036462077743492
75185,0,"PMM2",0.118375824327313,0.110611530276739,0.108934073983284,0.00111243238499353
75185,0,"WPMM2",0.0900531061277653,0.0752669708566542,0.133520829322425,0.0718535896546553
75186,0,"W00",0.155216229941365,0.13124616762051,0.210453571576333,0.118413625029418
75186,0,"W10",0.154574958552197,0.130520541067196,0.2094920098033,0.116847222320361
75186,0,"W01",0.177134314775404,0.156305148964262,0.241001129319942,0.163558122421639
75186,0,"W11",0.172578465031977,0.151018009599349,0.234869291582695,0.155021772930043
75186,0,"LSE",0.144569939427156,0.121922813621571,0.195365036436695,0.102152431920341
75186,0,"Huber",0.157292626583468,0.133042884591161,0.213934924010688,0.125458823608342
75186,0,"L1",0.16840182945673,0.139907045538496,0.230604252827768,0.112487321805359
75186,0,"PMM2",0.146439087956417,0.12360842849803,0.199052602121298,0.102452086576309
75186,0,"WPMM2",0.172578270292953,0.151017790854929,0.234869059699832,0.155021564978687
75187,0,"W00",0.146566769208705,0.13497519715152,0.213560250428688,0.100692664472345
75187,0,"W10",0.147502054582367,0.135976927148839,0.214951963183145,0.103494407566848
75187,0,"W01",0.156073546339684,0.14533946972756,0.227479923487453,0.127460317256984
75187,0,"W11",0.155960903774698,0.145215227710714,0.227315812418247,0.127169643655047
75187,0,"LSE",0.121075437430517,0.111083903339347,0.173676379083996,0.0771401971168599
75187,0,"Huber",0.146334855667545,0.135256176944391,0.214216430451536,0.099052883964323
75187,0,"L1",0.191910008292056,0.182897048548437,0.270186064595661,0.0890373805496932
75187,0,"PMM2",0.121016345546239,0.111614170114887,0.174375616754007,0.0821964244797002
75187,0,"WPMM2",0.155960857795502,0.145215189018073,0.227315738837063,0.127169643504847
75188,0,"W00",0.140153458095408,0.128994590303867,0.190731782783459,0.0390554001823548
75188,0,"W10",0.140255157821636,0.129018993569365,0.190525728746228,0.0381849632275906
75188,0,"W01",0.179886977844877,0.166289008812396,0.249037583640314,0.158024701169798
75188,0,"W11",0.169687303835525,0.157009749747682,0.237913062933708,0.141486489785328
75188,0,"LSE",0.155249780446881,0.141655391434092,0.202450954736817,0.00378859575525781
75188,0,"Huber",0.13851891316388,0.127735824984542,0.191753683789073,0.0505218473982235
75188,0,"L1",0.117432763906407,0.105279109661602,0.15995326734132,0.0514592708441293
75188,0,"PMM2",0.157216767315332,0.143314493042292,0.206148797782588,0.00933580373238452
75188,0,"WPMM2",0.169687169000411,0.157009649103772,0.237913033219549,0.141486399433453
75189,0,"W00",0.157974475841511,0.148763962290911,0.195919654583011,0.170738594634396
75189,0,"W10",0.157974025032976,0.148763521906736,0.195919189752702,0.170738061365383
75189,0,"W01",0.282607780788776,0.270262055161825,0.319249768850505,0.303712713337499
75189,0,"W11",0.267062421023225,0.254977107536906,0.303793396297925,0.287374651815998
75189,0,"LSE",0.128511603606081,0.122035157111324,0.172355308710019,0.147368471861218
75189,0,"Huber",0.165692050282652,0.155240695957654,0.197370706555479,0.172866406475409
75189,0,"L1",0.229732346717525,0.210597030754975,0.293121204459442,0.20980909308107
75189,0,"PMM2",0.128081755347943,0.122242311704911,0.172552092864507,0.148182653112264
75189,0,"WPMM2",0.267062304353729,0.25497702357719,0.303793390825802,0.287374660000756
75190,0,"W00",0.177146137347299,0.167604709411348,0.230751218890065,0.0141236240945051
75190,0,"W10",0.177540124845351,0.168027416486135,0.230940691217431,0.0153899594438085
75190,0,"W01",0.167577476464054,0.157430817077133,0.228514384526226,0.0279591851412851
75190,0,"W11",0.168773642687279,0.158599877491914,0.22833483075651,0.0206868916204404
75190,0,"LSE",0.175815852367565,0.164845239606117,0.229869049471172,0.028036144839898
75190,0,"Huber",0.181125125266242,0.171835101387497,0.234926253028567,0.0110253665134356
75190,0,"L1",0.172652670264066,0.167729838179855,0.208978623739518,0.00618237056110144
75190,0,"PMM2",0.171400582764908,0.160280835688605,0.225487816263971,0.0290626558753619
75190,0,"WPMM2",0.168773616055591,0.158599845597599,0.228334830792607,0.0206869489355843
75191,0,"W00",0.16829162501687,0.15434953138133,0.231746955358626,0.0208333393820767
75191,0,"W10",0.168811728403191,0.154613309240482,0.232028908912555,0.0236171697027938
75191,0,"W01",0.172738230254116,0.160444729582326,0.234992997490578,0.0413935412412207
75191,0,"W11",0.168293816642909,0.157014563928296,0.232705962482998,0.0271489606932951
75191,0,"LSE",0.16290090559936,0.147985565610401,0.223329883420412,0.0354543419463834
75191,0,"Huber",0.170735712006725,0.158094683695792,0.236070042649825,0.00480836067154844
75191,0,"L1",0.222420311160654,0.198571438684678,0.324784104947349,0.127784705952408
75191,0,"PMM2",0.162943565189527,0.148489448907604,0.222817510871951,0.0337465630319203
75191,0,"WPMM2",0.168293783916901,0.157014535868095,0.232705922238381,0.0271489828466158
75192,0,"W00",0.104250762175256,0.0894726877292662,0.150846224019164,0.0027656185329612
75192,0,"W10",0.104450001357325,0.0893683722778883,0.151158049582813,0.00625318493279681
75192,0,"W01",0.133778292784081,0.12405383853175,0.162275610509106,0.0628545184761368
75192,0,"W11",0.120117495216258,0.112301937869446,0.157184688854957,0.048387986135799
75192,0,"LSE",0.10436633919496,0.0883128636656009,0.150469113035172,0.023327818936917
75192,0,"Huber",0.107724106035279,0.0932588024226299,0.155391870891644,0.0022017097707353
75192,0,"L1",0.193321686736796,0.176944759536341,0.28849492842143,0.0185350290406553
75192,0,"PMM2",0.106434727285638,0.087680880356335,0.151903497362831,0.0349170092046183
75192,0,"WPMM2",0.120117313087597,0.11230175809732,0.157184613174187,0.048387797969215
75193,0,"W00",0.126984034144165,0.109466631868681,0.181973039231375,0.0985974519536593
75193,0,"W10",0.125338903255659,0.10795985167101,0.17903814899109,0.0934402246828182
75193,0,"W01",0.134033075819258,0.119294058418538,0.148717518970791,0.0132766295286373
75193,0,"W11",0.128880001925805,0.11492002063071,0.148528687063051,0.00351068196308213
75193,0,"LSE",0.134074494556516,0.117320592203994,0.188080863713157,0.102087212964577
75193,0,"Huber",0.131092195588296,0.112614317459118,0.189072591926247,0.10523261316686
75193,0,"L1",0.167327356762141,0.144281946564669,0.223162049920912,0.109458874632025
75193,0,"PMM2",0.128155639968659,0.112969625418268,0.177572116977422,0.0925010995739108
75193,0,"WPMM2",0.128880158584583,0.114920165468391,0.148528831998403,0.00351077888306861
75194,0,"W00",0.184688997516416,0.175054235603266,0.242476708397106,0.0608372625047995
75194,0,"W10",0.184381179318677,0.174885090291817,0.243318590387893,0.0643612367047932
75194,0,"W01",0.186311592970129,0.176191366950491,0.239685322124507,0.0471684950413896
75194,0,"W11",0.185671906422075,0.175711912577234,0.240579860376642,0.0519714553525127
75194,0,"LSE",0.187067504379108,0.177248133366966,0.244350707396509,0.0609600235642671
75194,0,"Huber",0.1848649082277,0.175190091411285,0.242958185366608,0.0576860381484635
75194,0,"L1",0.212560403372892,0.196490343794275,0.306207849380254,0.15602998012118
75194,0,"PMM2",0.187090701630873,0.177089839269765,0.244495055442276,0.0608884063339622
75194,0,"WPMM2",0.18567196515605,0.175711959542819,0.240579893293055,0.0519712521496567
75195,0,"W00",0.14332106922692,0.135240164936841,0.211341658157804,0.0485085126296713
75195,0,"W10",0.143317816062716,0.135158055223592,0.211137652883061,0.0443993548638105
75195,0,"W01",0.156204119958651,0.143420135488388,0.216161705244885,0.00669360334479063
75195,0,"W11",0.15502606464662,0.142552674415202,0.21553614975378,0.00392471128101468
75195,0,"LSE",0.13935853915673,0.131073196427546,0.204896291865612,0.050214410699719
75195,0,"Huber",0.144112007863048,0.135936348559704,0.213436397368145,0.0416259839273439
75195,0,"L1",0.173000100500282,0.156817919547876,0.246359582356228,0.100077274944584
75195,0,"PMM2",0.142306449944937,0.133753344333637,0.209578755412502,0.0488725131795556
75195,0,"WPMM2",0.15502587226663,0.14255252579431,0.21553602008374,0.00392436233735904
75196,0,"W00",0.0745544730933897,0.0713143067455062,0.0956647921109135,0.0389755027522938
75196,0,"W10",0.0774725813484077,0.0745760985338375,0.0982550785653956,0.0458607254190841
75196,0,"W01",0.079469856508307,0.0763658357806413,0.10634875787088,0.0499950100449356
75196,0,"W11",0.0726767581914906,0.0678024257193781,0.096553523941959,0.0285266661962149
75196,0,"LSE",0.0791191474796992,0.077054768764598,0.105061662099987,0.0585718332282498
75196,0,"Huber",0.0741068589686148,0.0704183353479787,0.0947973111268883,0.0310518827571922
75196,0,"L1",0.137614604906299,0.126623864221081,0.134165098598223,0.0680832706860451
75196,0,"PMM2",0.080443632517337,0.0778869084310921,0.105718197870803,0.0482643268709839
75196,0,"WPMM2",0.0726767567844127,0.067802422337794,0.0965535168377125,0.0285266975881553
75197,0,"W00",0.0956164651160236,0.0871693607239581,0.125391203655177,0.0586756132791962
75197,0,"W10",0.0971632402768636,0.0895904985119763,0.131662014855702,0.0688085705667306
75197,0,"W01",0.0947923076933306,0.0857341631624072,0.120700296399752,0.0507657027858065
75197,0,"W11",0.0957734569172212,0.0874494342632166,0.126223725165848,0.0600843769629522
75197,0,"LSE",0.116317555827637,0.107458933045589,0.152447265010571,0.0632095269078699
75197,0,"Huber",0.0898776367021382,0.0809769133834011,0.118523844147815,0.0542687511281427
75197,0,"L1",0.0905601501416011,0.0815137628539005,0.153036388201603,0.124635242651083
75197,0,"PMM2",0.112114354470213,0.103218526333763,0.148465996005878,0.0656459874667986
75197,0,"WPMM2",0.0957734618499356,0.0874494613661076,0.126223780938381,0.0600844818099096
75198,0,"W00",0.117535546327171,0.111404728180687,0.104463079011617,0.0996109541235052
75198,0,"W10",0.106375484288727,0.100559791859381,0.0932499509586934,0.0878356787013223
75198,0,"W01",0.0299704160590435,0.0274843878566503,0.0386482513933186,0.0165361946855473
75198,0,"W11",0.0298697874015226,0.027212318256522,0.0360575898897881,0.0104543248452258
75198,0,"LSE",0.12934900517616,0.120770218681576,0.111843305830024,0.106005075433882
75198,0,"Huber",0.114041535184379,0.108984235611831,0.102209142801716,0.0972488633381757
75198,0,"L1",0.0369969300987881,0.0353770813464746,0.0458770377721235,0.0356325824211933
75198,0,"PMM2",0.128755182941777,0.120160809297372,0.107748158017911,0.101918728816353
75198,0,"WPMM2",0.0298697883948149,0.0272123180561896,0.0360575621309433,0.0104542586911133
75199,0,"W00",0.0446699740422747,0.0389955330488302,0.0606404417629892,0.00725186729086813
75199,0,"W10",0.0475494059937432,0.0418819327650494,0.0638236762122604,0.0233716550997348
75199,0,"W01",0.147320033006034,0.149152038976141,0.177873006459392,0.168560601205892
75199,0,"W11",0.143867418461435,0.145765080835086,0.174191414888064,0.16468243616783
75199,0,"LSE",0.0448012014951206,0.0414027796458364,0.0625638816013391,0.0177971969674052
75199,0,"Huber",0.0456923559700751,0.0410794707143879,0.0620294283795103,0.0111112289728527
75199,0,"L1",0.133574367308802,0.124664356449728,0.201405987911125,0.141560077560014
75199,0,"PMM2",0.0404093872921513,0.0358274470444813,0.0576687193489872,0.0076508923389581
75199,0,"WPMM2",0.143867219038037,0.145764910300337,0.174191219503626,0.164682251053509
75200,0,"W00",0.0959708092522929,0.0758113654836569,0.143532205132412,0.0963077654191372
75200,0,"W10",0.0976684801088046,0.0777554329396982,0.146677139582878,0.100275791973942
75200,0,"W01",0.115254433041799,0.100086172394937,0.176703929258725,0.135952852050142
75200,0,"W11",0.114087624890387,0.0985558224612492,0.174814871697455,0.133786491596729
75200,0,"LSE",0.0919889858242096,0.0728094049303454,0.143600975466703,0.101861575070436
75200,0,"Huber",0.0985899182703004,0.0791940654093823,0.143297334095646,0.0915269364592507
75200,0,"L1",0.159852846109101,0.148595634097346,0.194230570407245,0.0174183870008243
75200,0,"PMM2",0.0961748526175837,0.0760704465930312,0.150633808655082,0.105347447259125
75200,0,"WPMM2",0.114087554223498,0.0985557304742772,0.174814779490657,0.133786404875671
