"seed","regime","method","mae","b0_abs"
75001,"gauss","W10",0.119620502918954,0.0265101632067007
75001,"gauss","W11",0.112633129219318,0.0576893640489095
75001,"gauss","Huber",0.115996081387914,0.0209986778964925
75001,"gauss","L1",0.118960428073974,0.0378703153286458
75001,"gauss","LSE",0.12931272085359,0.0269099425325848
75002,"gauss","W10",0.105052546174801,0.0464767992863708
75002,"gauss","W11",0.118552060606409,0.081787252611965
75002,"gauss","Huber",0.104613008707759,0.0417981925619887
75002,"gauss","L1",0.110735600230325,0.0275731650713436
75002,"gauss","LSE",0.108111809548873,0.0568009889838562
75003,"gauss","W10",0.128406738086577,0.0628581233074206
75003,"gauss","W11",0.112668340362491,0.0602957285424582
75003,"gauss","Huber",0.120297754797267,0.0483000011912979
75003,"gauss","L1",0.129844466007754,0.0566520655742639
75003,"gauss","LSE",0.154166733191679,0.0954549055823958
75004,"gauss","W10",0.111641284665549,0.000645046679442651
75004,"gauss","W11",0.0996238553705113,0.0292571573419184
75004,"gauss","Huber",0.124807005032982,0.0154328316994197
75004,"gauss","L1",0.104676891038573,0.0095384267690729
75004,"gauss","LSE",0.122534090815096,0.0147568422886831
75005,"gauss","W10",0.0942884288302413,0.0156861561289942
75005,"gauss","W11",0.159405553524554,0.117514282496276
75005,"gauss","Huber",0.0970096005094892,0.0132006929366626
75005,"gauss","L1",0.107692341273137,0.016840268249766
75005,"gauss","LSE",0.0873317550028748,0.0458394855297318
75006,"gauss","W10",0.0801664635544725,0.00554526917581066
75006,"gauss","W11",0.155644698046948,0.110003200992746
75006,"gauss","Huber",0.0808015872198175,0.00292266904027372
75006,"gauss","L1",0.134998156980871,0.0828695135715635
75006,"gauss","LSE",0.0852758695907271,0.0206976114310005
75007,"gauss","W10",0.134191168291599,0.175009693929834
75007,"gauss","W11",0.0918508135486646,0.110684764592074
75007,"gauss","Huber",0.132919601724136,0.173679935142376
75007,"gauss","L1",0.140625929383514,0.172296263864716
75007,"gauss","LSE",0.148106271496244,0.191975799179566
75008,"gauss","W10",0.0734731472950918,0.0778331974345541
75008,"gauss","W11",0.0876902547641166,0.0321304944601205
75008,"gauss","Huber",0.0793453399228859,0.0857282744947244
75008,"gauss","L1",0.142568518924004,0.143031275834007
75008,"gauss","LSE",0.0788051071937515,0.0867121484966712
75009,"gauss","W10",0.13192906528257,0.160052275168039
75009,"gauss","W11",0.166610511758991,0.213564934088743
75009,"gauss","Huber",0.132039704980844,0.162271331593161
75009,"gauss","L1",0.201699290056994,0.155562961907577
75009,"gauss","LSE",0.10248338095996,0.112390542322846
75010,"gauss","W10",0.184077683464915,0.0789322105209926
75010,"gauss","W11",0.174004716370375,0.0158672445659408
75010,"gauss","Huber",0.178229889442961,0.062217062042321
75010,"gauss","L1",0.155061712413547,0.0486576504022077
75010,"gauss","LSE",0.199136466413651,0.107237879358826
75011,"gauss","W10",0.111532325567648,0.0902288044006654
75011,"gauss","W11",0.0908877453832271,0.0456695387683592
75011,"gauss","Huber",0.110074119519517,0.0793058726293045
75011,"gauss","L1",0.12426254944023,0.0228897318385309
75011,"gauss","LSE",0.119450420867278,0.115207257261063
75012,"gauss","W10",0.0728769275357422,0.00976016877930008
75012,"gauss","W11",0.0857649667817351,0.0577381039486273
75012,"gauss","Huber",0.0820638667621269,0.0224370486878243
75012,"gauss","L1",0.0879056327279824,0.0263227960964879
75012,"gauss","LSE",0.0683821160904618,0.0165679432882347
75013,"gauss","W10",0.156564837469199,0.0357246502532094
75013,"gauss","W11",0.159514463388748,0.0441302015651526
75013,"gauss","Huber",0.161043526356199,0.0456043834704393
75013,"gauss","L1",0.243209285133611,0.02926519254716
75013,"gauss","LSE",0.166255636652189,0.0344339407787575
75014,"gauss","W10",0.102661612045987,0.0675443088668476
75014,"gauss","W11",0.116622601869572,0.122938285706598
75014,"gauss","Huber",0.100234411570338,0.0575795238043199
75014,"gauss","L1",0.126800434516717,0.167142002425101
75014,"gauss","LSE",0.1179961501965,0.0314225881547717
75015,"gauss","W10",0.102981128677318,0.120593477117993
75015,"gauss","W11",0.0953037143946881,0.0607139694522186
75015,"gauss","Huber",0.0974168140309498,0.109766066880911
75015,"gauss","L1",0.082342180151792,0.0254912407290506
75015,"gauss","LSE",0.111064144899495,0.137996530038725
75016,"gauss","W10",0.127571944868324,0.0727629781446688
75016,"gauss","W11",0.124643227812632,0.0626713338334416
75016,"gauss","Huber",0.118677289883503,0.065340489923472
75016,"gauss","L1",0.223085127682164,0.0108713584803019
75016,"gauss","LSE",0.126411761249602,0.0738260724162395
75017,"gauss","W10",0.175915813672858,0.0621790153416881
75017,"gauss","W11",0.156682029010917,0.00266638890571247
75017,"gauss","Huber",0.18201899198379,0.0730186464845161
75017,"gauss","L1",0.208152336432486,0.0793518680622751
75017,"gauss","LSE",0.177866114520365,0.0820068845302434
75018,"gauss","W10",0.13947085824055,0.109295218967353
75018,"gauss","W11",0.119675475102504,0.057476984451191
75018,"gauss","Huber",0.137830525882995,0.109443560575571
75018,"gauss","L1",0.159671983738728,0.0416445514217045
75018,"gauss","LSE",0.131251295032571,0.130204627817341
75019,"gauss","W10",0.0741893877003918,0.0380194221821223
75019,"gauss","W11",0.0656701285332732,0.0106763085816367
75019,"gauss","Huber",0.0751934093385378,0.0445281430017573
75019,"gauss","L1",0.121314445467783,0.0414580686881291
75019,"gauss","LSE",0.0909759213273982,0.0676312539710302
75020,"gauss","W10",0.141955131143466,0.0117645875142003
75020,"gauss","W11",0.129450657149432,0.104224802877366
75020,"gauss","Huber",0.146045335551505,0.00893280520857659
75020,"gauss","L1",0.161875052239906,0.0517296192697015
75020,"gauss","LSE",0.147573232098368,0.0412597338087843
75021,"gauss","W10",0.149995065431762,0.0720739870504009
75021,"gauss","W11",0.12679346070019,0.0188616992428455
75021,"gauss","Huber",0.146426493591231,0.0572098081307776
75021,"gauss","L1",0.19306157310784,0.110719609283564
75021,"gauss","LSE",0.147303738115395,0.0845594067224568
75022,"gauss","W10",0.105157060446223,0.0234497725191268
75022,"gauss","W11",0.105060145170433,0.023209226804888
75022,"gauss","Huber",0.106637819531314,0.0239011297990802
75022,"gauss","L1",0.077693937568352,0.0311337247359208
75022,"gauss","LSE",0.111839377212848,0.0314043353305202
75023,"gauss","W10",0.118275636015795,0.0168277278421736
75023,"gauss","W11",0.128099101252718,0.0689344078163208
75023,"gauss","Huber",0.120532519426177,0.0252695271636142
75023,"gauss","L1",0.176456875182786,0.00622623879835127
75023,"gauss","LSE",0.109197778736416,0.00110491566876314
75024,"gauss","W10",0.102285051849879,0.0740099541675822
75024,"gauss","W11",0.103399954084003,0.0769487146788866
75024,"gauss","Huber",0.100812003097607,0.0640514191354258
75024,"gauss","L1",0.134695284418121,0.114787827777822
75024,"gauss","LSE",0.0999474654555303,0.0772536334430558
75025,"gauss","W10",0.143509827679481,0.0230878521884501
75025,"gauss","W11",0.135594905229859,0.00689358142480989
75025,"gauss","Huber",0.142436802591429,0.0308937853263465
75025,"gauss","L1",0.14709009505921,0.065574866301849
75025,"gauss","LSE",0.154868546908023,0.0164447629726876
75026,"gauss","W10",0.147633732754451,0.140640525037857
75026,"gauss","W11",0.137745195098173,0.118069992070972
75026,"gauss","Huber",0.139083709239757,0.127360629176231
75026,"gauss","L1",0.195842275908826,0.261707393918657
75026,"gauss","LSE",0.159917244834088,0.146186684498519
75027,"gauss","W10",0.0380473783344233,0.0079511067840975
75027,"gauss","W11",0.063049807382442,0.0591802945870292
75027,"gauss","Huber",0.0498274475239066,0.031479129023656
75027,"gauss","L1",0.139714128261323,0.10374637985274
75027,"gauss","LSE",0.0326411894809903,0.00835489743359841
75028,"gauss","W10",0.112892128300586,0.0230291860069715
75028,"gauss","W11",0.113856182504233,0.0177463436921622
75028,"gauss","Huber",0.108181069637317,0.00268805717864395
75028,"gauss","L1",0.132062208145575,0.0720756068494404
75028,"gauss","LSE",0.131339471561454,0.0294597501557095
75029,"gauss","W10",0.127718383882333,0.0973374552524512
75029,"gauss","W11",0.134458017723584,0.110245205900878
75029,"gauss","Huber",0.140798023557891,0.113142377950813
75029,"gauss","L1",0.0763464822729383,0.0351587488897522
75029,"gauss","LSE",0.118762541022562,0.0943187299237057
75030,"gauss","W10",0.105482755752854,0.0666308740106646
75030,"gauss","W11",0.178131688830574,0.150866530508677
75030,"gauss","Huber",0.106729010121278,0.0653796324754419
75030,"gauss","L1",0.211149935298285,0.184598832525599
75030,"gauss","LSE",0.0895344183498297,0.0455680492024902
75031,"gauss","W10",0.120160579855997,0.0652121278764848
75031,"gauss","W11",0.117224162414753,0.0621767338649592
75031,"gauss","Huber",0.125853861969234,0.0576088124656429
75031,"gauss","L1",0.145911644072251,0.157741199861635
75031,"gauss","LSE",0.126020416580091,0.0942372580025532
75032,"gauss","W10",0.13344557991359,0.0435236009980423
75032,"gauss","W11",0.13557001448009,0.00961857813794798
75032,"gauss","Huber",0.138090000031933,0.0503972805264732
75032,"gauss","L1",0.116042947069375,0.065241300783769
75032,"gauss","LSE",0.133512423328097,0.0296248437373839
75033,"gauss","W10",0.173684651091562,0.156388970815472
75033,"gauss","W11",0.174039016983339,0.156902400365998
75033,"gauss","Huber",0.179786845686789,0.162619331413346
75033,"gauss","L1",0.192839073259202,0.121579205282272
75033,"gauss","LSE",0.171965719417006,0.166197911537405
75034,"gauss","W10",0.112680344221978,0.0378536477838459
75034,"gauss","W11",0.115537377703279,0.068143594122889
75034,"gauss","Huber",0.112003209207347,0.0298763866620059
75034,"gauss","L1",0.0826065069343196,0.0142801521658469
75034,"gauss","LSE",0.116300039146552,0.0553738309100903
75035,"gauss","W10",0.0408773798166781,0.0186035332118125
75035,"gauss","W11",0.0323080863955933,0.0200334124087961
75035,"gauss","Huber",0.0369263440369727,0.0132916944703488
75035,"gauss","L1",0.169159247073978,0.081945848769881
75035,"gauss","LSE",0.0492420251894722,0.0245953420702869
75036,"gauss","W10",0.121440667784645,0.126770509622583
75036,"gauss","W11",0.141527669046493,0.157140817729531
75036,"gauss","Huber",0.109492223506291,0.102072305404678
75036,"gauss","L1",0.132387486936141,0.136281535136304
75036,"gauss","LSE",0.111238767950842,0.119851705917312
75037,"gauss","W10",0.0847276324012911,0.00557304306784634
75037,"gauss","W11",0.165198267428179,0.0918974357444031
75037,"gauss","Huber",0.0831300513796897,0.0111317429883672
75037,"gauss","L1",0.116331689619284,0.0343408691521493
75037,"gauss","LSE",0.081541912870769,0.0187519495715881
75038,"gauss","W10",0.0581738899896375,0.00623237003732369
75038,"gauss","W11",0.0757988230996236,0.0387462150741066
75038,"gauss","Huber",0.0635668190760507,0.0122387072340145
75038,"gauss","L1",0.0999548477115373,0.105663897462286
75038,"gauss","LSE",0.0494211304081918,0.0201368125605861
75039,"gauss","W10",0.088914255024026,0.105048853469364
75039,"gauss","W11",0.0890575010245993,0.105256914358255
75039,"gauss","Huber",0.0901054760524973,0.104001516533097
75039,"gauss","L1",0.15407709978806,0.12427434148839
75039,"gauss","LSE",0.0820496298259996,0.099477758607011
75040,"gauss","W10",0.110442631450629,0.026123843805939
75040,"gauss","W11",0.110424116180794,0.0125165873095077
75040,"gauss","Huber",0.107203729508858,0.0204895464764157
75040,"gauss","L1",0.133393449151758,0.023993052556448
75040,"gauss","LSE",0.109683463061868,0.0307893711159589
75041,"gauss","W10",0.187937564323213,0.234035678365526
75041,"gauss","W11",0.243278649336297,0.31200327501818
75041,"gauss","Huber",0.187159493807491,0.230318663778043
75041,"gauss","L1",0.233461032626469,0.290877725152059
75041,"gauss","LSE",0.174437323668882,0.213922627492056
75042,"gauss","W10",0.121980213611263,0.101396556272403
75042,"gauss","W11",0.227412514157806,0.245447660367657
75042,"gauss","Huber",0.124576018307144,0.10758541066399
75042,"gauss","L1",0.104399945082276,0.101899517178706
75042,"gauss","LSE",0.104265551255956,0.0631264522227012
75043,"gauss","W10",0.24631207104012,0.143028484913008
75043,"gauss","W11",0.313130816143765,0.251759151577658
75043,"gauss","Huber",0.243812142657219,0.149361920584907
75043,"gauss","L1",0.293426735478814,0.159731559871747
75043,"gauss","LSE",0.243409743307486,0.104581273786656
75044,"gauss","W10",0.182475704901075,0.148079610329288
75044,"gauss","W11",0.277835424873907,0.277727855990327
75044,"gauss","Huber",0.181328622474124,0.145506110384601
75044,"gauss","L1",0.229019603151301,0.169501176661383
75044,"gauss","LSE",0.153264901693467,0.118803026012586
75045,"gauss","W10",0.0637107183006813,0.0366077745555363
75045,"gauss","W11",0.0786252728999924,0.0309513909794646
75045,"gauss","Huber",0.0599034140840733,0.0304908139019915
75045,"gauss","L1",0.104229034545257,0.0666069862446071
75045,"gauss","LSE",0.0688884613683224,0.0376132412256645
75046,"gauss","W10",0.134616783705335,0.0843000324385796
75046,"gauss","W11",0.269990726718064,0.234574821746554
75046,"gauss","Huber",0.136875890720586,0.0818318433491866
75046,"gauss","L1",0.192751842953035,0.174121551730813
75046,"gauss","LSE",0.107844315375427,0.0458128976162738
75047,"gauss","W10",0.124176739994881,0.104483269652611
75047,"gauss","W11",0.129491648843489,0.117557420873907
75047,"gauss","Huber",0.12413006502114,0.0982686788228059
75047,"gauss","L1",0.135011155591328,0.0566422087699968
75047,"gauss","LSE",0.129523305515303,0.124981117863235
75048,"gauss","W10",0.180536396743437,0.0173258808760481
75048,"gauss","W11",0.218247693463447,0.128652324267956
75048,"gauss","Huber",0.184662788175921,0.0140378232984523
75048,"gauss","L1",0.218998831099239,0.0132052430761626
75048,"gauss","LSE",0.172239302840452,0.00521697544118072
75049,"gauss","W10",0.102496655102368,0.125220900122506
75049,"gauss","W11",0.121300110337158,0.163937882169221
75049,"gauss","Huber",0.107187782682556,0.125282691136579
75049,"gauss","L1",0.189878272394532,0.206059300577978
75049,"gauss","LSE",0.0969592173235879,0.112786390093698
75050,"gauss","W10",0.158827275831765,0.132835384295272
75050,"gauss","W11",0.153023238271774,0.109437354651353
75050,"gauss","Huber",0.163783241999108,0.144627270540443
75050,"gauss","L1",0.204471851167358,0.183730570711158
75050,"gauss","LSE",0.158879413561951,0.128668755145164
75051,"gauss","W10",0.110383083925938,0.0490326891292802
75051,"gauss","W11",0.121108326792895,0.0470624643509411
75051,"gauss","Huber",0.110244088177798,0.0436467365531101
75051,"gauss","L1",0.0809129106257723,0.0502040119570016
75051,"gauss","LSE",0.108771168846151,0.063209280475143
75052,"gauss","W10",0.13500362901902,0.0395043534082473
75052,"gauss","W11",0.141330216070041,0.0625497327589496
75052,"gauss","Huber",0.138450473999452,0.0314316880410574
75052,"gauss","L1",0.21252779044478,0.142302252435277
75052,"gauss","LSE",0.120399628647432,0.0150071323806988
75053,"gauss","W10",0.127565125981591,0.109711527562541
75053,"gauss","W11",0.123008537618614,0.0250916280175307
75053,"gauss","Huber",0.124833571016454,0.100201413912951
75053,"gauss","L1",0.115270097376845,0.114537631098736
75053,"gauss","LSE",0.130279746473888,0.103248263949067
75054,"gauss","W10",0.177210145770305,0.067039443370844
75054,"gauss","W11",0.186881094453413,0.10647248795142
75054,"gauss","Huber",0.180945513530519,0.0851548312184757
75054,"gauss","L1",0.18544156037222,0.0971342703615728
75054,"gauss","LSE",0.177573967664178,0.0619020310270259
75055,"gauss","W10",0.138708841096175,0.0755985528054653
75055,"gauss","W11",0.134969378485836,0.0532154250387481
75055,"gauss","Huber",0.143919544807551,0.0803876745098169
75055,"gauss","L1",0.125286508005476,0.0590547381473838
75055,"gauss","LSE",0.13479833212448,0.0450442364730274
75056,"gauss","W10",0.0880452227556326,0.0555496537569204
75056,"gauss","W11",0.118916824855487,0.155675585889981
75056,"gauss","Huber",0.0871831597942581,0.0493425861156018
75056,"gauss","L1",0.114945346089671,0.0968864936801876
75056,"gauss","LSE",0.0861507183647628,0.0154855331349237
75057,"gauss","W10",0.105390220801935,0.0953475654580199
75057,"gauss","W11",0.104404444990786,0.0930839158969856
75057,"gauss","Huber",0.101046813720339,0.0947255395184488
75057,"gauss","L1",0.0922998316884964,0.0851903902653197
75057,"gauss","LSE",0.103745808156972,0.0993492513291854
75058,"gauss","W10",0.0972633855524775,0.0596206360888492
75058,"gauss","W11",0.149987542915934,0.131369485603548
75058,"gauss","Huber",0.104102783976275,0.0612797882179683
75058,"gauss","L1",0.071368509229065,0.0393020057512288
75058,"gauss","LSE",0.0940626264701342,0.0609188945487636
75059,"gauss","W10",0.103297814565001,0.0737149176943108
75059,"gauss","W11",0.105296940151322,0.0821311899281408
75059,"gauss","Huber",0.103052778963103,0.07138864145758
75059,"gauss","L1",0.0714228506476044,0.00783550713557657
75059,"gauss","LSE",0.104967170081832,0.0912188963961696
75060,"gauss","W10",0.0749569645886246,0.049307199913215
75060,"gauss","W11",0.0841131984050839,0.0765808994298132
75060,"gauss","Huber",0.0740146996518689,0.0542418670513994
75060,"gauss","L1",0.0412921712154808,0.0350649423383104
75060,"gauss","LSE",0.0779347193283747,0.0325522125033495
75061,"gauss","W10",0.10493931088784,0.0549362429858144
75061,"gauss","W11",0.102887796629907,0.0452910548616618
75061,"gauss","Huber",0.111926715534424,0.0501241402608276
75061,"gauss","L1",0.163265040309956,0.0235556343494778
75061,"gauss","LSE",0.0924428980554841,0.0606352973375334
75062,"gauss","W10",0.108607811679191,0.111390488727611
75062,"gauss","W11",0.0834902375487846,0.00791491468514183
75062,"gauss","Huber",0.114919399025161,0.109109730111273
75062,"gauss","L1",0.0544277695406769,0.0307197282923558
75062,"gauss","LSE",0.122748080169473,0.143327612987309
75063,"gauss","W10",0.109778088603477,0.00800734865153707
75063,"gauss","W11",0.154178496358683,0.0835856140010602
75063,"gauss","Huber",0.107089889459083,0.00681025549481673
75063,"gauss","L1",0.160914558271337,0.0384873516512309
75063,"gauss","LSE",0.100278992138003,0.00510963122025193
75064,"gauss","W10",0.137687969660269,0.121842977725328
75064,"gauss","W11",0.16541150672225,0.187330879321119
75064,"gauss","Huber",0.136725193678893,0.1076395233005
75064,"gauss","L1",0.198735985762376,0.195673435251372
75064,"gauss","LSE",0.124514178482991,0.088513452971161
75065,"gauss","W10",0.118061506721287,0.089587364883622
75065,"gauss","W11",0.165794332592937,0.144114497537531
75065,"gauss","Huber",0.12776078220534,0.105345561652823
75065,"gauss","L1",0.12811066301883,0.133340200049016
75065,"gauss","LSE",0.115669478218796,0.0757895928015935
75066,"gauss","W10",0.0761246505653696,0.0662611301873827
75066,"gauss","W11",0.11987541226368,0.168400077051674
75066,"gauss","Huber",0.0764367084831307,0.060946237480354
75066,"gauss","L1",0.0791917419521334,0.0967670481937905
75066,"gauss","LSE",0.0772318183147715,0.0532863776201392
75067,"gauss","W10",0.0961479629610217,0.0228395103830495
75067,"gauss","W11",0.0877164143219794,0.098540551852849
75067,"gauss","Huber",0.101198133842006,0.0190043877077638
75067,"gauss","L1",0.0908606018557876,0.0119603097658731
75067,"gauss","LSE",0.116440668318905,0.0456671107059274
75068,"gauss","W10",0.0784935238534244,0.0691728758677901
75068,"gauss","W11",0.0743656892053829,0.0585578602729604
75068,"gauss","Huber",0.0783589688132975,0.0716354813940104
75068,"gauss","L1",0.108456494423265,0.0247909344222933
75068,"gauss","LSE",0.0802586062969287,0.071069057260159
75069,"gauss","W10",0.0952631489495429,0.0588693410758538
75069,"gauss","W11",0.122042650382428,0.108159169025948
75069,"gauss","Huber",0.0969925791114718,0.0605808541503915
75069,"gauss","L1",0.184849453210772,0.177190007823813
75069,"gauss","LSE",0.0856757412827909,0.0354709943821107
75070,"gauss","W10",0.0923984181088365,0.00519352896298475
75070,"gauss","W11",0.0870868192860197,0.0065052362511317
75070,"gauss","Huber",0.0912232684646588,0.00933561745320777
75070,"gauss","L1",0.122372805183535,0.00147389342704329
75070,"gauss","LSE",0.0925322985120224,0.00146660698320722
75071,"gauss","W10",0.209997789071788,0.218940540425624
75071,"gauss","W11",0.260632348841698,0.30676438705024
75071,"gauss","Huber",0.197635022843007,0.202101330719188
75071,"gauss","L1",0.273856399271074,0.252492858662747
75071,"gauss","LSE",0.204185184343748,0.199810049565013
75072,"gauss","W10",0.143993936416839,0.0144124950175474
75072,"gauss","W11",0.165740857349415,0.0828845157326898
75072,"gauss","Huber",0.15132659925918,0.029027416534689
75072,"gauss","L1",0.13974684592392,0.0864737094228628
75072,"gauss","LSE",0.148955650737378,0.0293669875433863
75073,"gauss","W10",0.178107809906853,0.129996391886187
75073,"gauss","W11",0.175159763743124,0.123192485933104
75073,"gauss","Huber",0.186043483616055,0.132772520578185
75073,"gauss","L1",0.177195818833756,0.0636564485218342
75073,"gauss","LSE",0.176371545779985,0.135160856006714
75074,"gauss","W10",0.106766003558796,0.027966706046761
75074,"gauss","W11",0.144750033116114,0.117938359023645
75074,"gauss","Huber",0.105681111686997,0.0370984618802451
75074,"gauss","L1",0.128599643290458,0.0742655019880719
75074,"gauss","LSE",0.0970959112781852,0.00082090304400706
75075,"gauss","W10",0.149642469185252,0.0137827950404582
75075,"gauss","W11",0.160429018815203,0.0296959667873762
75075,"gauss","Huber",0.146674920024644,0.00684520033225017
75075,"gauss","L1",0.201240077146857,0.0635314834075049
75075,"gauss","LSE",0.144327175645007,0.0102890827081646
75076,"gauss","W10",0.191619738911336,0.130347322171012
75076,"gauss","W11",0.219945143986803,0.180460598082717
75076,"gauss","Huber",0.18360060595761,0.11744223817496
75076,"gauss","L1",0.23321463901665,0.182227321610299
75076,"gauss","LSE",0.188612433462358,0.124525987479322
75077,"gauss","W10",0.101286220756131,0.0713617020885897
75077,"gauss","W11",0.100612843863267,0.0700048429922515
75077,"gauss","Huber",0.103226689444616,0.0600643333064524
75077,"gauss","L1",0.137141052571625,0.121604402331687
75077,"gauss","LSE",0.0837934006046009,0.0592372476664446
75078,"gauss","W10",0.0846912263789237,0.032290046118747
75078,"gauss","W11",0.086174301429517,0.038286869496733
75078,"gauss","Huber",0.0834558279152808,0.00976868947166554
75078,"gauss","L1",0.129054826678766,0.0586280166572823
75078,"gauss","LSE",0.0857112015903854,0.0501772775903295
75079,"gauss","W10",0.128024684253516,0.140502154105994
75079,"gauss","W11",0.155783095283611,0.179946173326722
75079,"gauss","Huber",0.127291532573596,0.142416496255786
75079,"gauss","L1",0.16665649445666,0.230018935022075
75079,"gauss","LSE",0.13037424462556,0.141940654154197
75080,"gauss","W10",0.16457708333169,0.142437716179557
75080,"gauss","W11",0.168683629133942,0.148882323671388
75080,"gauss","Huber",0.166321302975324,0.143916691854181
75080,"gauss","L1",0.138850383806552,0.112645351248837
75080,"gauss","LSE",0.169638834616289,0.140633091340617
75081,"gauss","W10",0.149082537072178,0.00331026918559046
75081,"gauss","W11",0.146940418537838,0.00767234932405308
75081,"gauss","Huber",0.150747680027408,0.00630115503416434
75081,"gauss","L1",0.104201503246489,0.00778415840800528
75081,"gauss","LSE",0.142736299452947,0.00253860847612658
75082,"gauss","W10",0.116395342445025,0.111846246014887
75082,"gauss","W11",0.135964522721165,0.017211682440943
75082,"gauss","Huber",0.123949762166385,0.13411073786581
75082,"gauss","L1",0.137268455495764,0.122846716096083
75082,"gauss","LSE",0.119212836254437,0.129470982422182
75083,"gauss","W10",0.132706424504753,0.177030048745435
75083,"gauss","W11",0.197867170874626,0.249927500909349
75083,"gauss","Huber",0.134206444981429,0.182494627369044
75083,"gauss","L1",0.161908584582005,0.176771545005485
75083,"gauss","LSE",0.118772064308011,0.144553875924401
75084,"gauss","W10",0.134097932076668,0.148371932256666
75084,"gauss","W11",0.149164438119566,0.173421051823856
75084,"gauss","Huber",0.139818198176363,0.149459386853453
75084,"gauss","L1",0.153704281820513,0.201040629708075
75084,"gauss","LSE",0.129241453504283,0.149411333219645
75085,"gauss","W10",0.159392812754552,0.13942716190418
75085,"gauss","W11",0.153503289072739,0.126060043078735
75085,"gauss","Huber",0.160509313707734,0.135331144272708
75085,"gauss","L1",0.167251479361906,0.0561326314321235
75085,"gauss","LSE",0.159160994177491,0.148306340686635
75086,"gauss","W10",0.101108067467929,0.025554600487332
75086,"gauss","W11",0.234418027437411,0.169054969080459
75086,"gauss","Huber",0.0987800037146108,0.0183943708146946
75086,"gauss","L1",0.136241835162861,0.0211073501716185
75086,"gauss","LSE",0.0988412110529391,0.0572653919490976
75087,"gauss","W10",0.07204559893414,0.0147676463165899
75087,"gauss","W11",0.0731454639673235,0.0146878201610704
75087,"gauss","Huber",0.0762557376819917,0.0154999481390793
75087,"gauss","L1",0.0811053983819344,0.0488840344507926
75087,"gauss","LSE",0.0742296729831052,0.0305676285909063
75088,"gauss","W10",0.14361719612009,0.11535275904391
75088,"gauss","W11",0.129281542292532,0.0034030811390634
75088,"gauss","Huber",0.147798594985796,0.123677547916065
75088,"gauss","L1",0.203370426904526,0.168534407417556
75088,"gauss","LSE",0.157567867568623,0.147963002388538
75089,"gauss","W10",0.0992834956407145,0.101808058860724
75089,"gauss","W11",0.0941453615528086,0.0889207251128067
75089,"gauss","Huber",0.0951694826031878,0.0929147407407802
75089,"gauss","L1",0.0723057232863463,0.0769904810721969
75089,"gauss","LSE",0.101571342871922,0.0990941248424071
75090,"gauss","W10",0.147912595848966,0.197849637594714
75090,"gauss","W11",0.193786886702748,0.262754167060019
75090,"gauss","Huber",0.135657753928129,0.177087486769383
75090,"gauss","L1",0.239822442228749,0.291696107339905
75090,"gauss","LSE",0.133043661272228,0.163578512170288
75091,"gauss","W10",0.111846186791003,0.0201232329104643
75091,"gauss","W11",0.22300890336959,0.107589895248335
75091,"gauss","Huber",0.114907048035183,0.0146314671257105
75091,"gauss","L1",0.176884739981371,0.0231746836675062
75091,"gauss","LSE",0.0994424571900354,0.0376589160116975
75092,"gauss","W10",0.206893912740302,0.0704507062737592
75092,"gauss","W11",0.206359490671043,0.0030809009501046
75092,"gauss","Huber",0.198005487235729,0.0647953251511616
75092,"gauss","L1",0.243516053903204,0.110820495465681
75092,"gauss","LSE",0.209521943535324,0.0815788920890183
75093,"gauss","W10",0.162375396532275,0.138863055374942
75093,"gauss","W11",0.335564783895324,0.331978426696745
75093,"gauss","Huber",0.175686096390935,0.158434294298685
75093,"gauss","L1",0.189442784666306,0.154879694026502
75093,"gauss","LSE",0.11236216629309,0.0679003671179456
75094,"gauss","W10",0.103233351186642,0.0227511479606627
75094,"gauss","W11",0.118474985777662,0.0707605502277501
75094,"gauss","Huber",0.104348434532687,0.0285051503462929
75094,"gauss","L1",0.139733522210883,0.0563956804813999
75094,"gauss","LSE",0.100457819666199,0.0261741581071408
75095,"gauss","W10",0.106244415623606,0.0448881938845107
75095,"gauss","W11",0.10691443300818,0.106800210390705
75095,"gauss","Huber",0.10320370501968,0.037254100336103
75095,"gauss","L1",0.0677770835604056,0.000990436801480477
75095,"gauss","LSE",0.116286612604212,0.0386625830639609
75096,"gauss","W10",0.142903846727067,0.0954306477692879
75096,"gauss","W11",0.147751447117239,0.100660577200698
75096,"gauss","Huber",0.153565385872621,0.0968778707699322
75096,"gauss","L1",0.11558868389937,0.0338286345303794
75096,"gauss","LSE",0.151507579928637,0.111154346849777
75097,"gauss","W10",0.133936621574479,0.038611861226026
75097,"gauss","W11",0.166407660237793,0.151898261796073
75097,"gauss","Huber",0.139949340074889,0.0483263776292294
75097,"gauss","L1",0.182969842911472,0.0421791145591527
75097,"gauss","LSE",0.136223617077517,0.0635616949704679
75098,"gauss","W10",0.0602043226940522,0.036342857911191
75098,"gauss","W11",0.102860106370866,0.109582216016939
75098,"gauss","Huber",0.0587554473848581,0.0362915877264451
75098,"gauss","L1",0.113817941813062,0.100279751014322
75098,"gauss","LSE",0.0669053553232918,0.0123169533169009
75099,"gauss","W10",0.165209828562859,0.189180099780005
75099,"gauss","W11",0.144023881751716,0.145361626570686
75099,"gauss","Huber",0.163061752799288,0.190466827881581
75099,"gauss","L1",0.197938360182646,0.162294156313829
75099,"gauss","LSE",0.177178996837498,0.214738293571255
75100,"gauss","W10",0.132695341239858,0.053647373034684
75100,"gauss","W11",0.152704754418211,0.0760505567465367
75100,"gauss","Huber",0.138941282138706,0.0605614643351399
75100,"gauss","L1",0.13036406519726,0.01662237937816
75100,"gauss","LSE",0.128080109906093,0.0427935480034268
75101,"gauss","W10",0.191181615942147,0.103900632257016
75101,"gauss","W11",0.307933768535546,0.275371969749354
75101,"gauss","Huber",0.192312527914273,0.103226364634166
75101,"gauss","L1",0.21919270782745,0.123644767623601
75101,"gauss","LSE",0.170802269941084,0.0629155515385711
75102,"gauss","W10",0.123208099359155,0.067814375683983
75102,"gauss","W11",0.114363811460008,0.0290337456386853
75102,"gauss","Huber",0.129021510155742,0.076290694414577
75102,"gauss","L1",0.120023605236075,0.0205156473747189
75102,"gauss","LSE",0.126892601110257,0.0900516589108268
75103,"gauss","W10",0.166066150387679,0.164043859567347
75103,"gauss","W11",0.0792673503073476,0.0553220326155866
75103,"gauss","Huber",0.163268928975146,0.15994466242881
75103,"gauss","L1",0.17042496299015,0.109171179715828
75103,"gauss","LSE",0.181818490821347,0.187011841732912
75104,"gauss","W10",0.0456869998860268,0.0207829225902182
75104,"gauss","W11",0.0537803532151328,0.0115171655725544
75104,"gauss","Huber",0.0564875804560533,0.000468722960995427
75104,"gauss","L1",0.0897804407848057,0.0390932624971936
75104,"gauss","LSE",0.0434975441301761,0.0219656622782951
75105,"gauss","W10",0.0606655249557597,0.0282571746944256
75105,"gauss","W11",0.0637731040161326,0.0134882271413058
75105,"gauss","Huber",0.0524450943309193,0.0265295564422454
75105,"gauss","L1",0.104386965949727,0.0934136565514788
75105,"gauss","LSE",0.0867035253927564,0.0481123110886503
75106,"gauss","W10",0.0825577859154482,0.00976863416908569
75106,"gauss","W11",0.11889524608995,0.0870486607026708
75106,"gauss","Huber",0.0853866970008971,0.00487191601504988
75106,"gauss","L1",0.123918906678772,0.00412187146010906
75106,"gauss","LSE",0.0705807137210447,0.00356754211528365
75107,"gauss","W10",0.155736637048846,0.10159362002071
75107,"gauss","W11",0.148884880645019,0.00426769842388947
75107,"gauss","Huber",0.15118275646022,0.091990813886296
75107,"gauss","L1",0.233824794140386,0.190091307117231
75107,"gauss","LSE",0.162562974878634,0.114430589962826
75108,"gauss","W10",0.093879678623708,0.0608510974628463
75108,"gauss","W11",0.0941588288136698,0.0431057947999381
75108,"gauss","Huber",0.0996886758899291,0.0707690335513955
75108,"gauss","L1",0.126421531087773,0.0500971016421465
75108,"gauss","LSE",0.0855176264196272,0.0625141313831918
75109,"gauss","W10",0.0539797533257826,0.00745809499291289
75109,"gauss","W11",0.0696114867863337,0.0306378907730753
75109,"gauss","Huber",0.0556835394484469,0.00450593127547377
75109,"gauss","L1",0.0905673648164892,0.00262658598633403
75109,"gauss","LSE",0.0555432060794025,0.017797233605015
75110,"gauss","W10",0.157419602504424,0.0393832971798479
75110,"gauss","W11",0.190753141204902,0.0652564557178844
75110,"gauss","Huber",0.160058781754091,0.0433208520467864
75110,"gauss","L1",0.198588627379929,0.0167256390361847
75110,"gauss","LSE",0.152112047180313,0.0482296817455061
75111,"gauss","W10",0.129406407144598,0.138295297291116
75111,"gauss","W11",0.13361661302714,0.145554404772295
75111,"gauss","Huber",0.13697647170436,0.140386310644442
75111,"gauss","L1",0.125809008646196,0.144218941144223
75111,"gauss","LSE",0.11501900839026,0.133218538181024
75112,"gauss","W10",0.138978602190488,0.178415584093004
75112,"gauss","W11",0.122559191763946,0.136432210734051
75112,"gauss","Huber",0.129699248621108,0.160534202510542
75112,"gauss","L1",0.190470813224312,0.265049247902003
75112,"gauss","LSE",0.143870324655578,0.18465788542496
75113,"gauss","W10",0.097096803802421,0.0748700409036688
75113,"gauss","W11",0.099607886528353,0.0261545831496535
75113,"gauss","Huber",0.0900679975721487,0.0630912599661101
75113,"gauss","L1",0.157386875515762,0.000765060353425939
75113,"gauss","LSE",0.106687420469046,0.0933971657386437
75114,"gauss","W10",0.130078358537124,0.0157237667409298
75114,"gauss","W11",0.156431417335093,0.0427359024730349
75114,"gauss","Huber",0.133023070740559,0.023974746925693
75114,"gauss","L1",0.176347171864507,0.0319717135221869
75114,"gauss","LSE",0.1275157747693,0.0183156910019626
75115,"gauss","W10",0.199749379113873,0.278492205165787
75115,"gauss","W11",0.219373470975386,0.303963434504764
75115,"gauss","Huber",0.202802689730036,0.281838953541528
75115,"gauss","L1",0.225102229872205,0.302647329451597
75115,"gauss","LSE",0.176898495080523,0.253474718947715
75116,"gauss","W10",0.101947253605514,0.01442573290938
75116,"gauss","W11",0.150379772351915,0.123913491554346
75116,"gauss","Huber",0.0952032610858594,0.0077227171870462
75116,"gauss","L1",0.150381291234896,0.027715807352003
75116,"gauss","LSE",0.119712336162274,0.0468051284502488
75117,"gauss","W10",0.125740932107887,0.0296726501361694
75117,"gauss","W11",0.164700355414526,0.0959768321812852
75117,"gauss","Huber",0.126549464196669,0.0258882965868882
75117,"gauss","L1",0.152932473289345,0.000172987563744065
75117,"gauss","LSE",0.124587308626165,0.0214253188961821
75118,"gauss","W10",0.133684072474765,0.0696189056737147
75118,"gauss","W11",0.132018870827779,0.0651485975599799
75118,"gauss","Huber",0.135055626089796,0.0821595911936728
75118,"gauss","L1",0.166768420753854,0.00257184338062477
75118,"gauss","LSE",0.126589766940659,0.0597154085254546
75119,"gauss","W10",0.132588620467971,0.145838714081662
75119,"gauss","W11",0.132307164866334,0.0419640045189245
75119,"gauss","Huber",0.127150450067238,0.133930890736197
75119,"gauss","L1",0.182171864361509,0.223342275339973
75119,"gauss","LSE",0.14860776384519,0.166418746081869
75120,"gauss","W10",0.0718900476352811,0.0186240696400786
75120,"gauss","W11",0.0882405126422945,0.0465777622449065
75120,"gauss","Huber",0.0747470122389958,0.0107344282939718
75120,"gauss","L1",0.0866630756892954,0.00272489933299858
75120,"gauss","LSE",0.0636080993695763,0.0244757663914768
75121,"gauss","W10",0.136976092227557,0.11619126362072
75121,"gauss","W11",0.210392487863267,0.266690397885286
75121,"gauss","Huber",0.139528961910275,0.129945798981888
75121,"gauss","L1",0.134869318254229,0.148339301211025
75121,"gauss","LSE",0.135876593376553,0.0897390789015086
75122,"gauss","W10",0.108955908588817,0.0885358156692015
75122,"gauss","W11",0.08185973887953,0.01994754930571
75122,"gauss","Huber",0.116529947004328,0.102644859679675
75122,"gauss","L1",0.0767490084548316,0.0175490478353169
75122,"gauss","LSE",0.129701235536241,0.123648411539513
75123,"gauss","W10",0.121936172020667,0.0814913943195741
75123,"gauss","W11",0.0920846324244156,0.0289989432355618
75123,"gauss","Huber",0.129712953854426,0.0863506860978243
75123,"gauss","L1",0.181214425337785,0.109541925136903
75123,"gauss","LSE",0.131280880796185,0.101475418426605
75124,"gauss","W10",0.0841177710678081,0.0463013153742279
75124,"gauss","W11",0.144466782344569,0.0833373773809749
75124,"gauss","Huber",0.0805711325944143,0.0431253095242173
75124,"gauss","L1",0.127333154296567,0.0383312843238239
75124,"gauss","LSE",0.0946019513084155,0.079292038182197
75125,"gauss","W10",0.118173373163015,0.149045853805903
75125,"gauss","W11",0.148520768763838,0.200783579944644
75125,"gauss","Huber",0.129521204723121,0.161397849152145
75125,"gauss","L1",0.180366248973784,0.159688093056944
75125,"gauss","LSE",0.0964326585088111,0.115546698072004
75126,"gauss","W10",0.0389768505264326,0.0119759378161945
75126,"gauss","W11",0.050956224370497,0.0137889323942053
75126,"gauss","Huber",0.0415596608459522,0.0187407053720539
75126,"gauss","L1",0.0933814649529453,0.00871548320692228
75126,"gauss","LSE",0.0457168239123139,0.0295001650856939
75127,"gauss","W10",0.0996046088623682,0.086873472288782
75127,"gauss","W11",0.137921175017608,0.0728574210763326
75127,"gauss","Huber",0.0941089757630011,0.0741136044742584
75127,"gauss","L1",0.174585062392511,0.107116350594412
75127,"gauss","LSE",0.112237076995802,0.125322860335901
75128,"gauss","W10",0.125403351275389,0.0130376547957798
75128,"gauss","W11",0.165694873990251,0.0504806637761762
75128,"gauss","Huber",0.124336262299244,0.0161712044242813
75128,"gauss","L1",0.211213859357758,0.000253057205067408
75128,"gauss","LSE",0.121417586398684,0.0146709803448393
75129,"gauss","W10",0.105478688555058,0.0361996202342267
75129,"gauss","W11",0.181295167990806,0.127262560217552
75129,"gauss","Huber",0.095810215110396,0.0178864146858242
75129,"gauss","L1",0.124363669445481,0.0464642463511597
75129,"gauss","LSE",0.105794897580551,0.0395449468914047
75130,"gauss","W10",0.118587177864966,0.0191153804829117
75130,"gauss","W11",0.120907132496056,0.0297718357487158
75130,"gauss","Huber",0.114839721639176,0.023857318938452
75130,"gauss","L1",0.130608868607447,0.0255469966194124
75130,"gauss","LSE",0.122104389520452,0.0190807471987041
75131,"gauss","W10",0.106335321936911,0.094275606748928
75131,"gauss","W11",0.161409430152039,0.182526688832861
75131,"gauss","Huber",0.110884704236189,0.1012347453957
75131,"gauss","L1",0.0965868700455618,0.0975991112265334
75131,"gauss","LSE",0.100577622531978,0.067413204637927
75132,"gauss","W10",0.114474098970476,0.0127422647932963
75132,"gauss","W11",0.137070151387298,0.0162711921532343
75132,"gauss","Huber",0.116100408085515,0.020765238055144
75132,"gauss","L1",0.159997472956678,0.0412681833123686
75132,"gauss","LSE",0.101739555084436,0.0034277337623756
75133,"gauss","W10",0.188243005058555,0.157783575325594
75133,"gauss","W11",0.229614243459656,0.218720966394844
75133,"gauss","Huber",0.193252824429591,0.164208039354657
75133,"gauss","L1",0.239013226005336,0.163251355973542
75133,"gauss","LSE",0.168792072039144,0.135871712815204
75134,"gauss","W10",0.249170453732868,0.276413301465528
75134,"gauss","W11",0.260060165413023,0.299637783846541
75134,"gauss","Huber",0.261152704509493,0.283957083327432
75134,"gauss","L1",0.250914801921604,0.264294785884323
75134,"gauss","LSE",0.238941778311207,0.270394345298918
75135,"gauss","W10",0.0863273293531965,0.075552385844749
75135,"gauss","W11",0.0883439040178168,0.0791178621089952
75135,"gauss","Huber",0.0890802206826892,0.0746649782093393
75135,"gauss","L1",0.0849695933675097,0.119221591974075
75135,"gauss","LSE",0.0880820318588166,0.0813369856376159
75136,"gauss","W10",0.0797701349565996,0.021365582861088
75136,"gauss","W11",0.129655330373248,0.0683074721522035
75136,"gauss","Huber",0.0773489163477456,0.00750983513498482
75136,"gauss","L1",0.147323003727365,0.056755968336696
75136,"gauss","LSE",0.0661603834218483,0.0192052511994967
75137,"gauss","W10",0.120874123611129,0.0778756627653924
75137,"gauss","W11",0.155617342001931,0.0639090461435495
75137,"gauss","Huber",0.119338225368852,0.0630086572298938
75137,"gauss","L1",0.108387501855469,0.0221023325786819
75137,"gauss","LSE",0.124290413086027,0.110244723915903
75138,"gauss","W10",0.159881538409456,0.208994872132148
75138,"gauss","W11",0.155670313589889,0.203432655260231
75138,"gauss","Huber",0.161497807624701,0.21263543973709
75138,"gauss","L1",0.183254740945361,0.252772753019452
75138,"gauss","LSE",0.158153858972901,0.202202366700282
75139,"gauss","W10",0.0547650136054587,0.00710536081476565
75139,"gauss","W11",0.0530554992898699,0.0158042188960271
75139,"gauss","Huber",0.059222349698462,0.00343571798705045
75139,"gauss","L1",0.129573367153937,0.0433841311065664
75139,"gauss","LSE",0.0528119315827853,0.0143672766974909
75140,"gauss","W10",0.107863031109096,0.0510907722401289
75140,"gauss","W11",0.0654479373097374,0.0320826725550551
75140,"gauss","Huber",0.110863702936747,0.0543224380938213
75140,"gauss","L1",0.11813625610904,0.0770277615330975
75140,"gauss","LSE",0.1256272108203,0.0764638324050551
75141,"gauss","W10",0.0460756724767766,0.0251095550497511
75141,"gauss","W11",0.0839528745155393,0.121591359244263
75141,"gauss","Huber",0.0453662300168118,0.0252284270215304
75141,"gauss","L1",0.0657034008078848,0.0484085770485313
75141,"gauss","LSE",0.0625195844354444,0.00270318431873673
75142,"gauss","W10",0.118488856267424,0.0591312794577031
75142,"gauss","W11",0.116704541252137,0.0258602915530923
75142,"gauss","Huber",0.116757529417399,0.0587952928206805
75142,"gauss","L1",0.109898916053229,0.0297313798589907
75142,"gauss","LSE",0.120122566357909,0.0818274249351367
75143,"gauss","W10",0.0626218001627692,0.0414907371069037
75143,"gauss","W11",0.120301103354716,0.106866196436423
75143,"gauss","Huber",0.0487385178641748,0.0205000073449511
75143,"gauss","L1",0.111953087617141,0.0778279008932228
75143,"gauss","LSE",0.049618624091416,0.0246099800291603
75144,"gauss","W10",0.130325409634695,0.0657617238504157
75144,"gauss","W11",0.133159683883861,0.0729009318469491
75144,"gauss","Huber",0.131627944925763,0.0648744559330317
75144,"gauss","L1",0.100989965108443,0.00923983716768934
75144,"gauss","LSE",0.131378511235209,0.061748601216991
75145,"gauss","W10",0.139246550529116,0.0773643344053067
75145,"gauss","W11",0.140850230939124,0.0928084940335281
75145,"gauss","Huber",0.142374676557676,0.0791320158427749
75145,"gauss","L1",0.0622578151844452,0.0287796006851893
75145,"gauss","LSE",0.150463897890852,0.0749965563955154
75146,"gauss","W10",0.12198173846492,0.0748742955461921
75146,"gauss","W11",0.121622582783377,0.0741272636461639
75146,"gauss","Huber",0.117256961126275,0.0738735568231234
75146,"gauss","L1",0.129296472570355,0.153379789418116
75146,"gauss","LSE",0.120792457929785,0.0538385922073944
75147,"gauss","W10",0.0823313198080061,0.0327617874478449
75147,"gauss","W11",0.0873384697411451,0.0450983950630076
75147,"gauss","Huber",0.078377772345985,0.0330844466147179
75147,"gauss","L1",0.132039481305136,0.0888455753066272
75147,"gauss","LSE",0.094260231713247,0.0212567494550099
75148,"gauss","W10",0.24863102319809,0.272834842093938
75148,"gauss","W11",0.30064968755587,0.34739134151542
75148,"gauss","Huber",0.252904281584279,0.282915057450295
75148,"gauss","L1",0.191258149900091,0.168844338164998
75148,"gauss","LSE",0.254013147891597,0.270249765818336
75149,"gauss","W10",0.106432592867317,0.0655856509767251
75149,"gauss","W11",0.107921600853674,0.0176884832557841
75149,"gauss","Huber",0.113998574604557,0.0643127227375292
75149,"gauss","L1",0.174594460425126,0.0524196328616521
75149,"gauss","LSE",0.0940585766072478,0.076299527100936
75150,"gauss","W10",0.167558286939575,0.157538139042195
75150,"gauss","W11",0.196701795387619,0.240728367560629
75150,"gauss","Huber",0.173533053263556,0.170033733994661
75150,"gauss","L1",0.189242812172333,0.166894572639513
75150,"gauss","LSE",0.150976052947539,0.120722612859694
75001,"onesided_contam","W10",0.186875962181873,0.119046519069806
75001,"onesided_contam","W11",0.145384185392164,0.00602788814784017
75001,"onesided_contam","Huber",0.214496860624132,0.159273150194416
75001,"onesided_contam","L1",0.165111114253837,0.15740574272009
75001,"onesided_contam","LSE",0.443209407331319,0.390282724657274
75002,"onesided_contam","W10",0.198861847489503,0.173585474263708
75002,"onesided_contam","W11",0.139357277181983,0.0167482992892321
75002,"onesided_contam","Huber",0.218454442354249,0.199191402428147
75002,"onesided_contam","L1",0.232667331650868,0.228219535664669
75002,"onesided_contam","LSE",0.496289170245091,0.532201531537053
75003,"onesided_contam","W10",0.227716624044255,0.106278053727979
75003,"onesided_contam","W11",0.127946219451028,0.0607631073443059
75003,"onesided_contam","Huber",0.236503324561512,0.113173948194361
75003,"onesided_contam","L1",0.280195985526967,0.179496532740304
75003,"onesided_contam","LSE",0.359840900853893,0.260539047960524
75004,"onesided_contam","W10",0.149958651487908,0.0968825839281458
75004,"onesided_contam","W11",0.180384422631819,0.0898593235554577
75004,"onesided_contam","Huber",0.160131366308156,0.140710315920124
75004,"onesided_contam","L1",0.131874002254113,0.141077618429809
75004,"onesided_contam","LSE",0.483775395856541,0.608761466082488
75005,"onesided_contam","W10",0.153021653246766,0.133922700698517
75005,"onesided_contam","W11",0.0771665228228546,0.0246158461592922
75005,"onesided_contam","Huber",0.183278668849921,0.184523652076038
75005,"onesided_contam","L1",0.226219123872305,0.22255811010693
75005,"onesided_contam","LSE",0.354237391485794,0.40667829505267
75006,"onesided_contam","W10",0.149518618367551,0.100341944011365
75006,"onesided_contam","W11",0.126091618441951,0.0813324617572788
75006,"onesided_contam","Huber",0.181071186953675,0.134779258632273
75006,"onesided_contam","L1",0.150799189068359,0.0550354358979099
75006,"onesided_contam","LSE",0.332463841934868,0.355663843158949
75007,"onesided_contam","W10",0.105029814196694,0.106684406697147
75007,"onesided_contam","W11",0.106661194333867,0.126796643747602
75007,"onesided_contam","Huber",0.110275225364926,0.0496303754170648
75007,"onesided_contam","L1",0.150636885709117,0.0272081405412687
75007,"onesided_contam","LSE",1.02937067909936,1.36650880027382
75008,"onesided_contam","W10",0.263422329795618,0.348360911615058
75008,"onesided_contam","W11",0.123688066393362,0.109488160877011
75008,"onesided_contam","Huber",0.27756383892876,0.369210542713308
75008,"onesided_contam","L1",0.273207513527758,0.325408695502153
75008,"onesided_contam","LSE",0.475451088191089,0.644381844819136
75009,"onesided_contam","W10",0.132490675716794,0.00735563975629355
75009,"onesided_contam","W11",0.132406763544034,0.130814297143028
75009,"onesided_contam","Huber",0.145521835660996,0.0564936567516151
75009,"onesided_contam","L1",0.156907066645678,0.0918057450719186
75009,"onesided_contam","LSE",0.338533022780178,0.256155132574928
75010,"onesided_contam","W10",0.146707346330915,0.00973762079384577
75010,"onesided_contam","W11",0.165900972056788,0.117898814936065
75010,"onesided_contam","Huber",0.148311944328843,0.0256866723561036
75010,"onesided_contam","L1",0.193841015161142,0.0116657031864073
75010,"onesided_contam","LSE",0.259703214685525,0.15917534401507
75011,"onesided_contam","W10",0.206126567484374,0.174469619318658
75011,"onesided_contam","W11",0.131604240487044,0.0679937910730676
75011,"onesided_contam","Huber",0.211567009833755,0.166028567596074
75011,"onesided_contam","L1",0.235157966971738,0.191499838850037
75011,"onesided_contam","LSE",0.450343147908448,0.395900470636933
75012,"onesided_contam","W10",0.201241711217058,0.195212270531174
75012,"onesided_contam","W11",0.122603431666595,0.00718277118035626
75012,"onesided_contam","Huber",0.240404808582132,0.254557578566238
75012,"onesided_contam","L1",0.241388010199428,0.254789932747238
75012,"onesided_contam","LSE",0.517537874903937,0.625003840854875
75013,"onesided_contam","W10",0.212372557686186,0.0674215113339755
75013,"onesided_contam","W11",0.205697243744726,0.0591393160155268
75013,"onesided_contam","Huber",0.219831067899828,0.0997112910902977
75013,"onesided_contam","L1",0.244620152166389,0.108074016440783
75013,"onesided_contam","LSE",0.454676451875975,0.311660361490155
75014,"onesided_contam","W10",0.147423432575254,0.0826048713373442
75014,"onesided_contam","W11",0.110060986827233,0.116664548059216
75014,"onesided_contam","Huber",0.182331950729537,0.115809093934771
75014,"onesided_contam","L1",0.142659487585958,0.0510426127824261
75014,"onesided_contam","LSE",0.466401574235363,0.45520251460767
75015,"onesided_contam","W10",0.136572255509806,0.0273036441184318
75015,"onesided_contam","W11",0.125816285378282,0.130691398864933
75015,"onesided_contam","Huber",0.165897225137846,0.031524474587719
75015,"onesided_contam","L1",0.168585848084472,0.0686041186570372
75015,"onesided_contam","LSE",0.395585055138199,0.34671698916156
75016,"onesided_contam","W10",0.245786570028125,0.272092453781843
75016,"onesided_contam","W11",0.131023771363764,0.0917571004452285
75016,"onesided_contam","Huber",0.27911665825675,0.320767514536164
75016,"onesided_contam","L1",0.371354888340929,0.416389127095547
75016,"onesided_contam","LSE",0.663744208955505,0.814342981101619
75017,"onesided_contam","W10",0.26519263777236,0.170884817767358
75017,"onesided_contam","W11",0.193015860820262,0.0617882573918853
75017,"onesided_contam","Huber",0.283824169336804,0.174601375175214
75017,"onesided_contam","L1",0.23552958816403,0.110153515228146
75017,"onesided_contam","LSE",0.376791786262264,0.145483132132257
75018,"onesided_contam","W10",0.247832656888483,0.234692797734359
75018,"onesided_contam","W11",0.136538656863302,0.0929203776161754
75018,"onesided_contam","Huber",0.282707413448985,0.264770926392669
75018,"onesided_contam","L1",0.230874082138769,0.161087566286348
75018,"onesided_contam","LSE",0.422306829535793,0.380030747253744
75019,"onesided_contam","W10",0.163258375818314,0.188214233656125
75019,"onesided_contam","W11",0.0951064847439221,0.0139671032319954
75019,"onesided_contam","Huber",0.177826387744406,0.213485257611736
75019,"onesided_contam","L1",0.21084169851026,0.256707361902144
75019,"onesided_contam","LSE",0.319885389284145,0.429222667920881
75020,"onesided_contam","W10",0.222915424664325,0.155041506536986
75020,"onesided_contam","W11",0.128522153125988,0.0808499418200153
75020,"onesided_contam","Huber",0.251284102564961,0.190553863838871
75020,"onesided_contam","L1",0.289038823041761,0.161883261340524
75020,"onesided_contam","LSE",0.59287451207997,0.643469801942369
75021,"onesided_contam","W10",0.173762448096849,0.190968897825311
75021,"onesided_contam","W11",0.098971015866908,0.000782728286005507
75021,"onesided_contam","Huber",0.189115760198752,0.207246329704809
75021,"onesided_contam","L1",0.212692672938399,0.238204226169519
75021,"onesided_contam","LSE",0.325754100402121,0.408043678678
75022,"onesided_contam","W10",0.146590620705091,0.136092442834056
75022,"onesided_contam","W11",0.108107886982352,0.0481191866579934
75022,"onesided_contam","Huber",0.164334626872306,0.173776805336469
75022,"onesided_contam","L1",0.196608041750645,0.215116381415438
75022,"onesided_contam","LSE",0.284128688579624,0.366075843551609
75023,"onesided_contam","W10",0.32303120781612,0.293014809976587
75023,"onesided_contam","W11",0.19066047778748,0.107899261676023
75023,"onesided_contam","Huber",0.347429975023787,0.298813078410567
75023,"onesided_contam","L1",0.350441650936773,0.193517696263138
75023,"onesided_contam","LSE",0.554263902526507,0.601679163103936
75024,"onesided_contam","W10",0.257558320081856,0.258708328403976
75024,"onesided_contam","W11",0.12835179767075,0.0616068777270891
75024,"onesided_contam","Huber",0.292793962770002,0.315988873626164
75024,"onesided_contam","L1",0.255122005589821,0.234304340162669
75024,"onesided_contam","LSE",0.575819014773092,0.693299447504733
75025,"onesided_contam","W10",0.114499941874031,0.0811764102454504
75025,"onesided_contam","W11",0.14131205574278,0.0533766011542881
75025,"onesided_contam","Huber",0.125310431719573,0.101578425361592
75025,"onesided_contam","L1",0.126356739504503,0.0732035436322082
75025,"onesided_contam","LSE",0.240770370527281,0.288164351078293
75026,"onesided_contam","W10",0.183635519694647,0.155541038781415
75026,"onesided_contam","W11",0.205522017036694,0.231401211439774
75026,"onesided_contam","Huber",0.159779964825815,0.0935928474036276
75026,"onesided_contam","L1",0.18823539352381,0.23280085761657
75026,"onesided_contam","LSE",0.252469162913191,0.056969583943193
75027,"onesided_contam","W10",0.13773946596117,0.164488767681649
75027,"onesided_contam","W11",0.0663078053178919,0.014499163411605
75027,"onesided_contam","Huber",0.173637858025212,0.208006806694041
75027,"onesided_contam","L1",0.210460726768095,0.242921066327866
75027,"onesided_contam","LSE",0.284823363451578,0.371322158091224
75028,"onesided_contam","W10",0.295264789493478,0.102761100939184
75028,"onesided_contam","W11",0.147811139198948,0.0779483437084467
75028,"onesided_contam","Huber",0.347617679048176,0.179026027787508
75028,"onesided_contam","L1",0.351697663734073,0.221597506951163
75028,"onesided_contam","LSE",0.677631333270596,0.576859585894748
75029,"onesided_contam","W10",0.166561623503618,0.0837044529266208
75029,"onesided_contam","W11",0.13013941133858,0.0357461409369592
75029,"onesided_contam","Huber",0.176319709509829,0.0892799005555136
75029,"onesided_contam","L1",0.11470954217026,0.109095893758821
75029,"onesided_contam","LSE",0.243554367519351,0.23356419548576
75030,"onesided_contam","W10",0.200553931117709,0.2162815287381
75030,"onesided_contam","W11",0.0593218112266946,0.0464797082323904
75030,"onesided_contam","Huber",0.241455047498407,0.260398751501425
75030,"onesided_contam","L1",0.222415374239921,0.244662585850276
75030,"onesided_contam","LSE",0.504184048429258,0.567099837654482
75031,"onesided_contam","W10",0.317488919916699,0.218897998815292
75031,"onesided_contam","W11",0.155108284511492,0.0586713337767755
75031,"onesided_contam","Huber",0.32506538037423,0.228347838769154
75031,"onesided_contam","L1",0.37804087071225,0.223699863344565
75031,"onesided_contam","LSE",0.448803924727256,0.377394690238398
75032,"onesided_contam","W10",0.149212296844436,0.105596275880246
75032,"onesided_contam","W11",0.119172965049659,0.0628400900827315
75032,"onesided_contam","Huber",0.159225646315586,0.109375535570333
75032,"onesided_contam","L1",0.140923395310169,0.018868564746802
75032,"onesided_contam","LSE",0.217052702563999,0.173048634342107
75033,"onesided_contam","W10",0.14534055036721,0.013063190188186
75033,"onesided_contam","W11",0.217075965578764,0.189746761328663
75033,"onesided_contam","Huber",0.171753373382255,0.0326870755880901
75033,"onesided_contam","L1",0.159353566234897,0.0658440461104562
75033,"onesided_contam","LSE",0.41225565969823,0.378762287652113
75034,"onesided_contam","W10",0.135642341928454,0.0692579027293198
75034,"onesided_contam","W11",0.126710524138087,0.0537837045514252
75034,"onesided_contam","Huber",0.225540330299795,0.109731056054198
75034,"onesided_contam","L1",0.263850702545359,0.0670034618775363
75034,"onesided_contam","LSE",0.658233024442569,0.480191209105232
75035,"onesided_contam","W10",0.174342635069942,0.240405242628711
75035,"onesided_contam","W11",0.0747038863381592,0.0159358061373411
75035,"onesided_contam","Huber",0.180567871137954,0.250728283063682
75035,"onesided_contam","L1",0.225318243715155,0.159474208040498
75035,"onesided_contam","LSE",0.744141588005583,0.944783433007255
75036,"onesided_contam","W10",0.142315999264677,0.0635206465070363
75036,"onesided_contam","W11",0.221635110857124,0.254874090040378
75036,"onesided_contam","Huber",0.144316222511297,0.0392470649979447
75036,"onesided_contam","L1",0.0790186690988865,0.0288168662712059
75036,"onesided_contam","LSE",0.584361417246853,0.544209027339102
75037,"onesided_contam","W10",0.200446174298171,0.145924085473438
75037,"onesided_contam","W11",0.0926533557067393,0.0691241131028774
75037,"onesided_contam","Huber",0.194266164609612,0.142761630045698
75037,"onesided_contam","L1",0.232017043503891,0.12967129713552
75037,"onesided_contam","LSE",0.307817003221858,0.305187045880155
75038,"onesided_contam","W10",0.230519963796528,0.272466761984488
75038,"onesided_contam","W11",0.105879331448945,0.0985147537809198
75038,"onesided_contam","Huber",0.25972562632804,0.312943297545453
75038,"onesided_contam","L1",0.261749298749934,0.30528223768342
75038,"onesided_contam","LSE",0.470460969031891,0.598338590733493
75039,"onesided_contam","W10",0.18749979926803,0.110654637808813
75039,"onesided_contam","W11",0.119647666180211,0.0101593830776135
75039,"onesided_contam","Huber",0.217717036869464,0.1718789317839
75039,"onesided_contam","L1",0.235233282462066,0.211809553944376
75039,"onesided_contam","LSE",0.519329271226813,0.609773108594957
75040,"onesided_contam","W10",0.11796506074897,0.0207452844831468
75040,"onesided_contam","W11",0.126825629049273,0.097476759967453
75040,"onesided_contam","Huber",0.127500157506334,0.0346413324845605
75040,"onesided_contam","L1",0.149418223211959,0.00664261975101998
75040,"onesided_contam","LSE",0.19151898387962,0.0383654605023798
75041,"onesided_contam","W10",0.12572444229037,0.0845706400198526
75041,"onesided_contam","W11",0.240666015283791,0.282736538446968
75041,"onesided_contam","Huber",0.116981073385564,0.046927074078188
75041,"onesided_contam","L1",0.166054669996158,0.085152607975131
75041,"onesided_contam","LSE",0.218497677338179,0.195034909664482
75042,"onesided_contam","W10",0.178145521379272,0.214455083393478
75042,"onesided_contam","W11",0.124738276773363,0.0759104203607139
75042,"onesided_contam","Huber",0.198410420844438,0.223020927669166
75042,"onesided_contam","L1",0.152478193542329,0.158948725449549
75042,"onesided_contam","LSE",0.554859259392392,0.560767102237639
75043,"onesided_contam","W10",0.377086047225287,0.339785383505129
75043,"onesided_contam","W11",0.25699222382957,0.220737375258104
75043,"onesided_contam","Huber",0.389306815907473,0.345954924519272
75043,"onesided_contam","L1",0.434820249053165,0.452090142677937
75043,"onesided_contam","LSE",0.513680372210806,0.459551488157263
75044,"onesided_contam","W10",0.115257238629182,0.025779597873305
75044,"onesided_contam","W11",0.26438809551616,0.265464659851686
75044,"onesided_contam","Huber",0.111433082022773,0.0557520498725748
75044,"onesided_contam","L1",0.168129226661426,0.0253933013961157
75044,"onesided_contam","LSE",0.392201554881334,0.443041407518317
75045,"onesided_contam","W10",0.136654141004505,0.101497866628838
75045,"onesided_contam","W11",0.101835874518735,0.0502665390263332
75045,"onesided_contam","Huber",0.154816343504554,0.135626714939849
75045,"onesided_contam","L1",0.176035175746765,0.119730869816098
75045,"onesided_contam","LSE",0.280769304734153,0.327209974902097
75046,"onesided_contam","W10",0.175830052451042,0.214316689334743
75046,"onesided_contam","W11",0.152419119188462,0.0349048067526294
75046,"onesided_contam","Huber",0.188562077458712,0.241209999553663
75046,"onesided_contam","L1",0.101908512444704,0.102163961063552
75046,"onesided_contam","LSE",0.548569844569033,0.712150856553982
75047,"onesided_contam","W10",0.191514121845944,0.0240459224371187
75047,"onesided_contam","W11",0.178986776157334,0.13521573375039
75047,"onesided_contam","Huber",0.187942776530784,0.0182727225487678
75047,"onesided_contam","L1",0.15873320983112,0.0164026084883205
75047,"onesided_contam","LSE",0.215194189242847,0.0159785660081371
75048,"onesided_contam","W10",0.237186022940708,0.171540934330528
75048,"onesided_contam","W11",0.189322659949208,0.0869873329673688
75048,"onesided_contam","Huber",0.269705783645463,0.210697053839227
75048,"onesided_contam","L1",0.244923525233952,0.215121413785109
75048,"onesided_contam","LSE",0.55115974718556,0.673874118793606
75049,"onesided_contam","W10",0.214119113545096,0.219167691700128
75049,"onesided_contam","W11",0.123834037539324,0.074511719248285
75049,"onesided_contam","Huber",0.209662394936888,0.230348351306723
75049,"onesided_contam","L1",0.242050282009691,0.308671317402597
75049,"onesided_contam","LSE",0.330375528885782,0.391254708433808
75050,"onesided_contam","W10",0.112567289104698,0.0161196215574383
75050,"onesided_contam","W11",0.11274409355169,0.084709227029932
75050,"onesided_contam","Huber",0.136259989011194,0.0414837729039345
75050,"onesided_contam","L1",0.186724877325035,0.0632297774360117
75050,"onesided_contam","LSE",0.359871213180692,0.311965506825047
75051,"onesided_contam","W10",0.0909479858285653,0.0450513289056555
75051,"onesided_contam","W11",0.0922341320712044,0.0927842975525064
75051,"onesided_contam","Huber",0.142597539858015,0.118624124660387
75051,"onesided_contam","L1",0.107462485090829,0.0488406716428499
75051,"onesided_contam","LSE",0.524275907447906,0.442854384118817
75052,"onesided_contam","W10",0.231814413037484,0.0814328941832514
75052,"onesided_contam","W11",0.229381857158688,0.0907317753032201
75052,"onesided_contam","Huber",0.269121128071126,0.137116594904975
75052,"onesided_contam","L1",0.262398725352546,0.0626693496476237
75052,"onesided_contam","LSE",0.432154316203754,0.382133960476471
75053,"onesided_contam","W10",0.230476287656821,0.240922761411382
75053,"onesided_contam","W11",0.133750613338217,0.0885252355054741
75053,"onesided_contam","Huber",0.247669589044219,0.247752034226433
75053,"onesided_contam","L1",0.211353793458113,0.204828036429032
75053,"onesided_contam","LSE",0.447910046356782,0.440344619359966
75054,"onesided_contam","W10",0.208058920439417,0.0112253522728289
75054,"onesided_contam","W11",0.211134823977526,0.171960823727265
75054,"onesided_contam","Huber",0.223928561477509,0.0863925486926145
75054,"onesided_contam","L1",0.20751712441674,0.050028858207956
75054,"onesided_contam","LSE",0.517101269980991,0.573663374469076
75055,"onesided_contam","W10",0.176941450179991,0.055816257080327
75055,"onesided_contam","W11",0.159633228902277,0.0937603446155716
75055,"onesided_contam","Huber",0.212486798514659,0.0838661151330328
75055,"onesided_contam","L1",0.192445976617443,0.00593041938388073
75055,"onesided_contam","LSE",0.407265929174431,0.223631429390409
75056,"onesided_contam","W10",0.125631339201081,0.156916598500616
75056,"onesided_contam","W11",0.0866255792288434,0.0453023036798554
75056,"onesided_contam","Huber",0.117567897764842,0.15254216888747
75056,"onesided_contam","L1",0.191228073647144,0.25598974463591
75056,"onesided_contam","LSE",0.147399073368432,0.139913596551217
75057,"onesided_contam","W10",0.151372555097165,0.0868206235184295
75057,"onesided_contam","W11",0.0837249991637392,0.0149240070834803
75057,"onesided_contam","Huber",0.166268842459023,0.122520355833236
75057,"onesided_contam","L1",0.139632423207412,0.0708296936907077
75057,"onesided_contam","LSE",0.325616602730561,0.292196911205174
75058,"onesided_contam","W10",0.272393346553969,0.269960152097565
75058,"onesided_contam","W11",0.138321381520121,0.101539710213422
75058,"onesided_contam","Huber",0.2888426515557,0.27156068080015
75058,"onesided_contam","L1",0.299517791172595,0.251536925382816
75058,"onesided_contam","LSE",1.15704397416183,0.264936155784778
75059,"onesided_contam","W10",0.185703864969912,0.213144047781711
75059,"onesided_contam","W11",0.133947899699462,0.11929613198196
75059,"onesided_contam","Huber",0.184480878351626,0.211197299675287
75059,"onesided_contam","L1",0.215721297480111,0.205907361717992
75059,"onesided_contam","LSE",0.270007619772803,0.352393002933294
75060,"onesided_contam","W10",0.209035460823309,0.195596039310103
75060,"onesided_contam","W11",0.074619180942304,0.0349148857198567
75060,"onesided_contam","Huber",0.229009803728372,0.187877578010302
75060,"onesided_contam","L1",0.144133621082131,0.0926287685620334
75060,"onesided_contam","LSE",0.436641827514215,0.343162498305582
75061,"onesided_contam","W10",0.229144288815924,0.243799888648786
75061,"onesided_contam","W11",0.131783843679265,0.0907974363041981
75061,"onesided_contam","Huber",0.272932716191935,0.297486549101405
75061,"onesided_contam","L1",0.288263266349694,0.254869527069632
75061,"onesided_contam","LSE",0.661685533053277,0.696629143317735
75062,"onesided_contam","W10",0.10224444398448,0.0219787175849226
75062,"onesided_contam","W11",0.132803407056511,0.100364742528972
75062,"onesided_contam","Huber",0.141228640326279,0.0955257274794857
75062,"onesided_contam","L1",0.10776047972016,0.0979760531602124
75062,"onesided_contam","LSE",2.39184964683519,1.52589148628432
75063,"onesided_contam","W10",0.193914962619651,0.216448998744372
75063,"onesided_contam","W11",0.141432549506379,0.0357859174072372
75063,"onesided_contam","Huber",0.219722843516214,0.24108705568348
75063,"onesided_contam","L1",0.244707263721125,0.277450395063129
75063,"onesided_contam","LSE",0.452012530464615,0.501476387217458
75064,"onesided_contam","W10",0.264479037855157,0.274241570788025
75064,"onesided_contam","W11",0.169275899424555,0.0599626112665211
75064,"onesided_contam","Huber",0.287458558885617,0.303517566900949
75064,"onesided_contam","L1",0.279512500067797,0.234676650553257
75064,"onesided_contam","LSE",0.58263866785813,0.706083936255229
75065,"onesided_contam","W10",0.0556233067842573,0.0415140147142372
75065,"onesided_contam","W11",0.207605053909776,0.185076132464467
75065,"onesided_contam","Huber",0.0615990808243078,0.0447132908979448
75065,"onesided_contam","L1",0.089637917992751,0.00914408966509384
75065,"onesided_contam","LSE",0.145452901546692,0.186185248497763
75066,"onesided_contam","W10",0.139821251617094,0.165069152237224
75066,"onesided_contam","W11",0.0803995762851543,0.0685904766348553
75066,"onesided_contam","Huber",0.178354407324781,0.161026992704415
75066,"onesided_contam","L1",0.248201277358938,0.260704242324515
75066,"onesided_contam","LSE",0.529762192863468,0.399859238664636
75067,"onesided_contam","W10",0.327053603458501,0.310300983581057
75067,"onesided_contam","W11",0.127231747054024,0.0982401857522008
75067,"onesided_contam","Huber",0.340267462802086,0.331332553040669
75067,"onesided_contam","L1",0.319958819268582,0.268804237628729
75067,"onesided_contam","LSE",0.461248543653364,0.454364838591754
75068,"onesided_contam","W10",0.189334016200013,0.256779027888588
75068,"onesided_contam","W11",0.116148185172287,0.142666722478988
75068,"onesided_contam","Huber",0.198447430063388,0.251836110278331
75068,"onesided_contam","L1",0.211930130634452,0.192008458324073
75068,"onesided_contam","LSE",0.399136896637333,0.281687953264239
75069,"onesided_contam","W10",0.191491711627599,0.2231388276956
75069,"onesided_contam","W11",0.112456873800568,0.0851146341107206
75069,"onesided_contam","Huber",0.208615566324519,0.246875899178184
75069,"onesided_contam","L1",0.249765016198423,0.264194731727145
75069,"onesided_contam","LSE",0.358173010969744,0.439571924519218
75070,"onesided_contam","W10",0.133516646865376,0.0704598534314135
75070,"onesided_contam","W11",0.128919067647523,0.0378848514212361
75070,"onesided_contam","Huber",0.15489625853484,0.0856117462947154
75070,"onesided_contam","L1",0.178120638296622,0.0686310131191252
75070,"onesided_contam","LSE",0.545958499831017,0.326516642232904
75071,"onesided_contam","W10",0.128535774518365,0.0561041198489529
75071,"onesided_contam","W11",0.210007364457626,0.23123169337343
75071,"onesided_contam","Huber",0.134749894049899,0.034090178462907
75071,"onesided_contam","L1",0.161238708132141,0.0136163592152703
75071,"onesided_contam","LSE",0.63990796956848,0.627368037570114
75072,"onesided_contam","W10",0.144566683455615,0.079068912177145
75072,"onesided_contam","W11",0.141984994030277,0.0666871872937974
75072,"onesided_contam","Huber",0.186778086207908,0.160036087023194
75072,"onesided_contam","L1",0.0937530204416055,0.0113868312983409
75072,"onesided_contam","LSE",0.396230225114655,0.459175173633992
75073,"onesided_contam","W10",0.27704346168887,0.289847879135661
75073,"onesided_contam","W11",0.184893981497486,0.139543532038435
75073,"onesided_contam","Huber",0.299581509923511,0.326399986442764
75073,"onesided_contam","L1",0.286640809516413,0.245128353858873
75073,"onesided_contam","LSE",0.486983654020697,0.585011002402736
75074,"onesided_contam","W10",0.208797832700117,0.180436300810004
75074,"onesided_contam","W11",0.104695900199824,0.00934492737009174
75074,"onesided_contam","Huber",0.242708029545696,0.1941171213805
75074,"onesided_contam","L1",0.202234155843626,0.132072157803193
75074,"onesided_contam","LSE",0.57039316323594,0.623347612031077
75075,"onesided_contam","W10",0.27230290969191,0.199240570917569
75075,"onesided_contam","W11",0.150964821409717,0.0390842546683
75075,"onesided_contam","Huber",0.30186797178821,0.217905991761085
75075,"onesided_contam","L1",0.295328122365027,0.164305430766756
75075,"onesided_contam","LSE",0.501974247242934,0.372741495247447
75076,"onesided_contam","W10",0.247079903395507,0.213467258912463
75076,"onesided_contam","W11",0.125039090594806,0.0119900674390095
75076,"onesided_contam","Huber",0.2630937569692,0.244583917538518
75076,"onesided_contam","L1",0.308093436039808,0.25760364160747
75076,"onesided_contam","LSE",0.586714859052089,0.573657955067106
75077,"onesided_contam","W10",0.147097272675181,0.11672310815062
75077,"onesided_contam","W11",0.0913577947541531,0.0283740939636936
75077,"onesided_contam","Huber",0.18072937369224,0.147804818198635
75077,"onesided_contam","L1",0.170533244666949,0.15217247772682
75077,"onesided_contam","LSE",0.506802474954861,0.546566127246665
75078,"onesided_contam","W10",0.155301858368565,0.0881996149676265
75078,"onesided_contam","W11",0.106238729619176,0.0526307525588137
75078,"onesided_contam","Huber",0.188122344859308,0.167671846500556
75078,"onesided_contam","L1",0.196370988860705,0.143209551802608
75078,"onesided_contam","LSE",0.424958863946517,0.496083211955208
75079,"onesided_contam","W10",0.112714599911941,0.0204624826751998
75079,"onesided_contam","W11",0.170362947341702,0.172969335581355
75079,"onesided_contam","Huber",0.139667714283518,0.0739550129229165
75079,"onesided_contam","L1",0.169805454648656,0.126012016331448
75079,"onesided_contam","LSE",0.373377200181293,0.384581062001638
75080,"onesided_contam","W10",0.249411321091347,0.264437269595788
75080,"onesided_contam","W11",0.172363572450721,0.158732707945574
75080,"onesided_contam","Huber",0.264714034718775,0.266518961904886
75080,"onesided_contam","L1",0.202066768867116,0.166785323506232
75080,"onesided_contam","LSE",0.365695374155638,0.271290709795555
75081,"onesided_contam","W10",0.20268778682726,0.274293455123943
75081,"onesided_contam","W11",0.1470896345901,0.123043103129426
75081,"onesided_contam","Huber",0.211895722130089,0.296202793397026
75081,"onesided_contam","L1",0.210505390393395,0.287403893577948
75081,"onesided_contam","LSE",0.357907324086637,0.546924821972563
75082,"onesided_contam","W10",0.197602832201821,0.257136887054807
75082,"onesided_contam","W11",0.118979097857959,0.0315331801783447
75082,"onesided_contam","Huber",0.232554786219781,0.307837116005015
75082,"onesided_contam","L1",0.22665786705932,0.269366314876508
75082,"onesided_contam","LSE",0.620390453180915,0.761579006203401
75083,"onesided_contam","W10",0.225062079001247,0.277055482826111
75083,"onesided_contam","W11",0.190004062291155,0.246510052201117
75083,"onesided_contam","Huber",0.262051622007484,0.326034730341753
75083,"onesided_contam","L1",0.305798391940947,0.386968377576753
75083,"onesided_contam","LSE",0.666221132558846,0.579981467860975
75084,"onesided_contam","W10",0.283804360832082,0.366004661987287
75084,"onesided_contam","W11",0.152208977015453,0.209281132160414
75084,"onesided_contam","Huber",0.298781431658707,0.380708449081799
75084,"onesided_contam","L1",0.272819046814546,0.406828035374772
75084,"onesided_contam","LSE",0.381407017677903,0.4964326214254
75085,"onesided_contam","W10",0.144894818691413,0.0500181235930119
75085,"onesided_contam","W11",0.173274890879101,0.182736388075196
75085,"onesided_contam","Huber",0.144336017126947,0.00988779157204944
75085,"onesided_contam","L1",0.16326420320402,0.0239541619400102
75085,"onesided_contam","LSE",0.203306222269987,0.177488759650986
75086,"onesided_contam","W10",0.137349590672212,0.00894319336949873
75086,"onesided_contam","W11",0.173361370710072,0.175150486631874
75086,"onesided_contam","Huber",0.129580450323183,0.0527226368077008
75086,"onesided_contam","L1",0.148289055922679,0.134019051234556
75086,"onesided_contam","LSE",0.414272938791038,0.377042885356335
75087,"onesided_contam","W10",0.109418651040996,0.123234908465157
75087,"onesided_contam","W11",0.066348418452377,0.0364534762703487
75087,"onesided_contam","Huber",0.1453686815872,0.171405767595961
75087,"onesided_contam","L1",0.173541191266473,0.199890459495269
75087,"onesided_contam","LSE",0.359293312490279,0.424602058470367
75088,"onesided_contam","W10",0.27979631730277,0.310610166710969
75088,"onesided_contam","W11",0.155106308759497,0.0502627601498198
75088,"onesided_contam","Huber",0.295748220002055,0.34287999631094
75088,"onesided_contam","L1",0.281683587632435,0.345221426890687
75088,"onesided_contam","LSE",0.503421516741433,0.596725140304948
75089,"onesided_contam","W10",0.203988229175719,0.145894255124387
75089,"onesided_contam","W11",0.141410940182674,0.061853417632719
75089,"onesided_contam","Huber",0.232559418468813,0.177496163498907
75089,"onesided_contam","L1",0.208119387396605,0.104723246925656
75089,"onesided_contam","LSE",0.415829700153119,0.402055976808713
75090,"onesided_contam","W10",0.319293738995035,0.366034903833774
75090,"onesided_contam","W11",0.268356557310816,0.300444360335612
75090,"onesided_contam","Huber",0.327787999974741,0.392498696203523
75090,"onesided_contam","L1",0.36277437242853,0.397123258580887
75090,"onesided_contam","LSE",0.442249791634574,0.579320216969193
75091,"onesided_contam","W10",0.238694764183825,0.0821985746881806
75091,"onesided_contam","W11",0.142978479036857,0.0350431369870932
75091,"onesided_contam","Huber",0.271794848357974,0.101078370131975
75091,"onesided_contam","L1",0.281106221321467,0.0307911633967997
75091,"onesided_contam","LSE",0.508547721864725,0.267456215015393
75092,"onesided_contam","W10",0.316352511112073,0.24865788729754
75092,"onesided_contam","W11",0.2632994278816,0.05457838467867
75092,"onesided_contam","Huber",0.302296314082912,0.243612543842811
75092,"onesided_contam","L1",0.335879028410006,0.240586365507292
75092,"onesided_contam","LSE",0.43619655211389,0.396836815324339
75093,"onesided_contam","W10",0.142065508399015,0.133394601927785
75093,"onesided_contam","W11",0.200049505010141,0.197232696788176
75093,"onesided_contam","Huber",0.188739632861213,0.173357320556685
75093,"onesided_contam","L1",0.16499364088734,0.0534267181317679
75093,"onesided_contam","LSE",0.396130489164364,0.451586969607847
75094,"onesided_contam","W10",0.181488207959727,0.211459150473529
75094,"onesided_contam","W11",0.106074506162998,0.0600106958022418
75094,"onesided_contam","Huber",0.222857159638932,0.264684588785728
75094,"onesided_contam","L1",0.238000312795755,0.240728399315726
75094,"onesided_contam","LSE",0.75820852248608,0.685626223915248
75095,"onesided_contam","W10",0.24589010219458,0.112636238356359
75095,"onesided_contam","W11",0.160183799539935,0.0794832637391959
75095,"onesided_contam","Huber",0.281132027176564,0.146701698484998
75095,"onesided_contam","L1",0.254990755412522,0.073721323882306
75095,"onesided_contam","LSE",0.486219227389932,0.35257953896112
75096,"onesided_contam","W10",0.0934016423100039,0.0549784045646731
75096,"onesided_contam","W11",0.148687835604307,0.0910474447264402
75096,"onesided_contam","Huber",0.101386922395555,0.0804656084446183
75096,"onesided_contam","L1",0.177056248473603,0.113716402188063
75096,"onesided_contam","LSE",0.327496983789865,0.428813704351919
75097,"onesided_contam","W10",0.157149714887157,0.0618660807618083
75097,"onesided_contam","W11",0.169861553505153,0.0462869460055622
75097,"onesided_contam","Huber",0.165852948509032,0.0980795798174194
75097,"onesided_contam","L1",0.203310993889512,0.142774076917568
75097,"onesided_contam","LSE",0.286513008613035,0.357915556377371
75098,"onesided_contam","W10",0.12440428376856,0.106097239002224
75098,"onesided_contam","W11",0.0587267043569208,0.0506062432523834
75098,"onesided_contam","Huber",0.154536362518273,0.10921905939492
75098,"onesided_contam","L1",0.201668956668562,0.200851936974512
75098,"onesided_contam","LSE",0.346150696230001,0.156748712249807
75099,"onesided_contam","W10",0.225412418612679,0.222909565325059
75099,"onesided_contam","W11",0.11041514161135,0.106769960143778
75099,"onesided_contam","Huber",0.264299633739726,0.27280555757439
75099,"onesided_contam","L1",0.233595353102057,0.141648788280267
75099,"onesided_contam","LSE",0.580486223154774,0.631692826055964
75100,"onesided_contam","W10",0.243407319623681,0.155448125640077
75100,"onesided_contam","W11",0.158704018811363,0.074297531589193
75100,"onesided_contam","Huber",0.257138956188848,0.177397151694806
75100,"onesided_contam","L1",0.265002655253278,0.26086007868334
75100,"onesided_contam","LSE",0.309764987520754,0.263374354120262
75101,"onesided_contam","W10",0.261380091897672,0.239111047182428
75101,"onesided_contam","W11",0.220146788662517,0.171561875417129
75101,"onesided_contam","Huber",0.301378304615623,0.294157226523948
75101,"onesided_contam","L1",0.307037593535697,0.286183260103585
75101,"onesided_contam","LSE",0.519377788099807,0.565311394707325
75102,"onesided_contam","W10",0.233012218797807,0.128094365022096
75102,"onesided_contam","W11",0.158180495595333,0.0158018969898025
75102,"onesided_contam","Huber",0.234767752783626,0.137088364263375
75102,"onesided_contam","L1",0.214248742109518,0.145969451655638
75102,"onesided_contam","LSE",0.309380160526495,0.240449213525812
75103,"onesided_contam","W10",0.286965986263235,0.2775018737817
75103,"onesided_contam","W11",0.107092193133195,0.0510076704530305
75103,"onesided_contam","Huber",0.312980238569778,0.296736299243195
75103,"onesided_contam","L1",0.268871783054781,0.235754557855131
75103,"onesided_contam","LSE",0.502998266528791,0.456011554297776
75104,"onesided_contam","W10",0.0813074845982908,0.0976254195958052
75104,"onesided_contam","W11",0.062866332520293,0.0428843742099739
75104,"onesided_contam","Huber",0.0785002226332709,0.0881372128931716
75104,"onesided_contam","L1",0.124646127490686,0.138766294375772
75104,"onesided_contam","LSE",0.216227091553928,0.188376070187129
75105,"onesided_contam","W10",0.0952860819996451,0.0193668939987957
75105,"onesided_contam","W11",0.0639177020359374,0.0532826871262008
75105,"onesided_contam","Huber",0.109784776029411,0.0147073324880928
75105,"onesided_contam","L1",0.194372932569128,0.175231408337747
75105,"onesided_contam","LSE",0.287599505857582,0.0714259572920103
75106,"onesided_contam","W10",0.0786575251287151,0.0639575080422283
75106,"onesided_contam","W11",0.121601894725566,0.101579451605613
75106,"onesided_contam","Huber",0.118087350297869,0.141083389150894
75106,"onesided_contam","L1",0.136934103316836,0.13826833915988
75106,"onesided_contam","LSE",0.483834173306123,0.682938305625704
75107,"onesided_contam","W10",0.180920577193119,0.158444276796856
75107,"onesided_contam","W11",0.140930794373602,0.0348856175021943
75107,"onesided_contam","Huber",0.2018711925428,0.179224280502665
75107,"onesided_contam","L1",0.266328026907149,0.247426315544669
75107,"onesided_contam","LSE",0.35633383317616,0.347398238531931
75108,"onesided_contam","W10",0.23618095313802,0.201488299288992
75108,"onesided_contam","W11",0.121158117557025,0.0578729913648054
75108,"onesided_contam","Huber",0.287168295292872,0.199585397603699
75108,"onesided_contam","L1",0.266333852606958,0.196762838947721
75108,"onesided_contam","LSE",0.483578165073494,0.250298453257366
75109,"onesided_contam","W10",0.143674861741242,0.200320269956319
75109,"onesided_contam","W11",0.0661102445299913,0.0177967050866874
75109,"onesided_contam","Huber",0.196984472140355,0.271625917820504
75109,"onesided_contam","L1",0.197055811893978,0.214842777473653
75109,"onesided_contam","LSE",0.582579305543189,0.819615396933527
75110,"onesided_contam","W10",0.238094882489153,0.112647834515576
75110,"onesided_contam","W11",0.169932127672738,0.0970020210355256
75110,"onesided_contam","Huber",0.278710922865801,0.1053233444072
75110,"onesided_contam","L1",0.295890444269013,0.0565725213859533
75110,"onesided_contam","LSE",0.518461462556516,0.137538254239808
75111,"onesided_contam","W10",0.238515969345608,0.233363207042399
75111,"onesided_contam","W11",0.112421598182389,0.0456120545082444
75111,"onesided_contam","Huber",0.256113250299056,0.255829625292743
75111,"onesided_contam","L1",0.194634752439441,0.214626733072667
75111,"onesided_contam","LSE",0.423805136306095,0.431507911252201
75112,"onesided_contam","W10",0.164296495887628,0.0063923009886957
75112,"onesided_contam","W11",0.156657181228832,0.189055798380446
75112,"onesided_contam","Huber",0.196266889325564,0.0748547581677301
75112,"onesided_contam","L1",0.198753248997518,0.172722309649032
75112,"onesided_contam","LSE",0.463696162058829,0.585453562559693
75113,"onesided_contam","W10",0.195496094473862,0.0693121483791621
75113,"onesided_contam","W11",0.108044611274376,0.055119503787135
75113,"onesided_contam","Huber",0.219004916726967,0.135042243205009
75113,"onesided_contam","L1",0.247651376729673,0.110909632427566
75113,"onesided_contam","LSE",1.80019201157583,2.40987257588938
75114,"onesided_contam","W10",0.17436868399989,0.205464997494422
75114,"onesided_contam","W11",0.154934107397148,0.000468048783065333
75114,"onesided_contam","Huber",0.197850346677318,0.245414211882527
75114,"onesided_contam","L1",0.207331321583454,0.180469160195563
75114,"onesided_contam","LSE",0.484553859781314,0.497586947491449
75115,"onesided_contam","W10",0.287038630512083,0.294788958435871
75115,"onesided_contam","W11",0.231652961924389,0.252079023113857
75115,"onesided_contam","Huber",0.298386396549812,0.314402373875932
75115,"onesided_contam","L1",0.333733896663259,0.380189242572931
75115,"onesided_contam","LSE",0.629572720623553,0.592971506385537
75116,"onesided_contam","W10",0.113255573132425,0.0307646445741918
75116,"onesided_contam","W11",0.106793832146801,0.000238966248768291
75116,"onesided_contam","Huber",0.106969940057025,0.0267074245285029
75116,"onesided_contam","L1",0.18284370718525,0.0218070706309113
75116,"onesided_contam","LSE",0.103366931775997,0.0318495565574106
75117,"onesided_contam","W10",0.180253747618035,0.131783171877261
75117,"onesided_contam","W11",0.122561747273114,0.0449933533378933
75117,"onesided_contam","Huber",0.208818717066132,0.171364397108091
75117,"onesided_contam","L1",0.191436903111001,0.0844606771364126
75117,"onesided_contam","LSE",0.387999777596129,0.420712123772227
75118,"onesided_contam","W10",0.196146045081881,0.21802298600038
75118,"onesided_contam","W11",0.101652765511344,0.0782230647744226
75118,"onesided_contam","Huber",0.29729920138032,0.320535790999891
75118,"onesided_contam","L1",0.233578759963022,0.226602734196688
75118,"onesided_contam","LSE",1.3175754426361,1.73100086417153
75119,"onesided_contam","W10",0.214725157862029,0.251753839632335
75119,"onesided_contam","W11",0.129744387595371,0.0740400299030424
75119,"onesided_contam","Huber",0.204701637922421,0.263014186377862
75119,"onesided_contam","L1",0.236036037436663,0.310267748755524
75119,"onesided_contam","LSE",0.352990641250842,0.398858411462993
75120,"onesided_contam","W10",0.183760359619418,0.183910295701483
75120,"onesided_contam","W11",0.115940070252641,0.0882054176935522
75120,"onesided_contam","Huber",0.21338514160694,0.223530075768278
75120,"onesided_contam","L1",0.166970516893656,0.0771440819905932
75120,"onesided_contam","LSE",0.322329003028858,0.391757903320508
75121,"onesided_contam","W10",0.209895484499059,0.244796212156242
75121,"onesided_contam","W11",0.0995716072268945,0.0888715079409221
75121,"onesided_contam","Huber",0.220070146201586,0.239307578582769
75121,"onesided_contam","L1",0.21897564616029,0.28346260265722
75121,"onesided_contam","LSE",0.358117905331131,0.252042914032907
75122,"onesided_contam","W10",0.12968989759038,0.0669596630460533
75122,"onesided_contam","W11",0.157300955322422,0.199022445589667
75122,"onesided_contam","Huber",0.138704207799649,0.0291042011532332
75122,"onesided_contam","L1",0.123988018399197,0.026083404854366
75122,"onesided_contam","LSE",0.331055813692216,0.23343757388536
75123,"onesided_contam","W10",0.286716528449343,0.302235707458009
75123,"onesided_contam","W11",0.10878959966022,0.0845979679443618
75123,"onesided_contam","Huber",0.329323004189,0.334297751257315
75123,"onesided_contam","L1",0.303550425960364,0.296300908109915
75123,"onesided_contam","LSE",0.561520882596147,0.550960705042815
75124,"onesided_contam","W10",0.168486195029961,0.15717341465847
75124,"onesided_contam","W11",0.167230960301034,0.132234981204624
75124,"onesided_contam","Huber",0.177474031890905,0.180547424931973
75124,"onesided_contam","L1",0.108353246891473,0.0559958449873046
75124,"onesided_contam","LSE",0.330961461111569,0.389297841249567
75125,"onesided_contam","W10",0.19725965294473,0.266929443476768
75125,"onesided_contam","W11",0.124795300660992,0.152776908919402
75125,"onesided_contam","Huber",0.222754538091189,0.296321488841005
75125,"onesided_contam","L1",0.303036411288285,0.418668731728745
75125,"onesided_contam","LSE",0.400479692406425,0.462434645777166
75126,"onesided_contam","W10",0.247945325802377,0.359726162585307
75126,"onesided_contam","W11",0.107997691228113,0.152808951805805
75126,"onesided_contam","Huber",0.268688059731152,0.374962123893894
75126,"onesided_contam","L1",0.217673706848098,0.318832680708587
75126,"onesided_contam","LSE",0.488681844666676,0.420566834121911
75127,"onesided_contam","W10",0.208474888207518,0.18843850435793
75127,"onesided_contam","W11",0.14667981978988,0.00907524655971192
75127,"onesided_contam","Huber",0.252091146457299,0.210479301305472
75127,"onesided_contam","L1",0.222966825067265,0.184233158881134
75127,"onesided_contam","LSE",0.603407281500969,0.53468778271614
75128,"onesided_contam","W10",0.16957216289146,0.140731731556905
75128,"onesided_contam","W11",0.209938216447437,0.0522776398168258
75128,"onesided_contam","Huber",0.179963207715167,0.217354194195205
75128,"onesided_contam","L1",0.189322051915436,0.137003660083508
75128,"onesided_contam","LSE",0.635931809920564,0.818126800081564
75129,"onesided_contam","W10",0.204744577497255,0.172719185264812
75129,"onesided_contam","W11",0.1022189960983,0.0309810762052684
75129,"onesided_contam","Huber",0.234037960925459,0.200830238283097
75129,"onesided_contam","L1",0.2175378302145,0.183748986736727
75129,"onesided_contam","LSE",0.514583701730059,0.552560586912317
75130,"onesided_contam","W10",0.172172169882272,0.152716252580613
75130,"onesided_contam","W11",0.0858407294064304,0.00219592613254915
75130,"onesided_contam","Huber",0.190710298158155,0.184796345138857
75130,"onesided_contam","L1",0.196980242008407,0.176163206902352
75130,"onesided_contam","LSE",0.322717133905057,0.379984377114434
75131,"onesided_contam","W10",0.272478061666698,0.350746482212288
75131,"onesided_contam","W11",0.198595931891546,0.243295471942258
75131,"onesided_contam","Huber",0.310176953926162,0.383306068462742
75131,"onesided_contam","L1",0.248789734342085,0.319021772979243
75131,"onesided_contam","LSE",0.635741704681193,0.534707916839338
75132,"onesided_contam","W10",0.28758629893895,0.247980140485331
75132,"onesided_contam","W11",0.159097323615621,0.122174050840753
75132,"onesided_contam","Huber",0.322961854750989,0.260463120715734
75132,"onesided_contam","L1",0.293254302945275,0.205528787049233
75132,"onesided_contam","LSE",0.526272503006634,0.37158092633487
75133,"onesided_contam","W10",0.130865606310611,0.0220781943151573
75133,"onesided_contam","W11",0.137874206834833,0.120408765504773
75133,"onesided_contam","Huber",0.167719300387423,0.0166145552909666
75133,"onesided_contam","L1",0.144452765331611,0.0703742005606528
75133,"onesided_contam","LSE",0.365633463620012,0.00560906829353947
75134,"onesided_contam","W10",0.182003464363238,0.143029256277115
75134,"onesided_contam","W11",0.277282787065345,0.336376736122818
75134,"onesided_contam","Huber",0.195855280347446,0.129741507323236
75134,"onesided_contam","L1",0.180548925256528,0.123223052958399
75134,"onesided_contam","LSE",0.257373899734506,0.0957578764641161
75135,"onesided_contam","W10",0.120476284018835,0.0736512398400417
75135,"onesided_contam","W11",0.0953339851006633,0.0486876895092023
75135,"onesided_contam","Huber",0.142213969277311,0.10907231214753
75135,"onesided_contam","L1",0.16880505461179,0.184677886433947
75135,"onesided_contam","LSE",0.370161057546836,0.230691014473987
75136,"onesided_contam","W10",0.182483620511117,0.209251524018145
75136,"onesided_contam","W11",0.0935862465244092,0.0329809208721823
75136,"onesided_contam","Huber",0.174043491015349,0.215940671279843
75136,"onesided_contam","L1",0.328546806337014,0.357576632498338
75136,"onesided_contam","LSE",0.37543577070078,0.477440988089245
75137,"onesided_contam","W10",0.214161800659409,0.127686534359581
75137,"onesided_contam","W11",0.15528359141205,0.0333884272113076
75137,"onesided_contam","Huber",0.231392785447137,0.144977851064803
75137,"onesided_contam","L1",0.293063074191353,0.21473231235074
75137,"onesided_contam","LSE",0.330618611671139,0.207926863857575
75138,"onesided_contam","W10",0.23469700185758,0.294917403415946
75138,"onesided_contam","W11",0.148835180095467,0.176133176912687
75138,"onesided_contam","Huber",0.247745380329113,0.320097192033386
75138,"onesided_contam","L1",0.285801646587027,0.366892822923801
75138,"onesided_contam","LSE",0.385391345466287,0.500634940648171
75139,"onesided_contam","W10",0.143517246951834,0.13648521890607
75139,"onesided_contam","W11",0.0918046631597554,0.0142419588885793
75139,"onesided_contam","Huber",0.159945939899987,0.148637401871902
75139,"onesided_contam","L1",0.198279766187645,0.0954352904209528
75139,"onesided_contam","LSE",0.292023826029475,0.220640616450461
75140,"onesided_contam","W10",0.287757973830172,0.144132265192254
75140,"onesided_contam","W11",0.111795957790449,0.0162455610487822
75140,"onesided_contam","Huber",0.303710263615021,0.153418435703343
75140,"onesided_contam","L1",0.31754969957015,0.211196696964562
75140,"onesided_contam","LSE",1.57408566292359,0.447399406649903
75141,"onesided_contam","W10",0.107573150437943,0.0633367399109268
75141,"onesided_contam","W11",0.0508729646701511,0.0573937045568362
75141,"onesided_contam","Huber",0.13122941845605,0.0694176576728735
75141,"onesided_contam","L1",0.0979532373549959,0.0347396129071028
75141,"onesided_contam","LSE",0.309082251758636,0.0862618728098137
75142,"onesided_contam","W10",0.229574493573213,0.255410269110189
75142,"onesided_contam","W11",0.127149356161824,0.0729799255020976
75142,"onesided_contam","Huber",0.283849844380873,0.304019044126499
75142,"onesided_contam","L1",0.243865000215929,0.259765400253536
75142,"onesided_contam","LSE",0.687074761673187,0.75231403282608
75143,"onesided_contam","W10",0.10848348598934,0.0947597854351645
75143,"onesided_contam","W11",0.12499317904706,0.0910321094504518
75143,"onesided_contam","Huber",0.147531508429419,0.138440754276494
75143,"onesided_contam","L1",0.0916612209740801,0.104533757521102
75143,"onesided_contam","LSE",0.43826128974974,0.436148167847595
75144,"onesided_contam","W10",0.163809297914024,0.0923403528950843
75144,"onesided_contam","W11",0.0902161044054413,0.00530986690395052
75144,"onesided_contam","Huber",0.180529552848589,0.0977224614815269
75144,"onesided_contam","L1",0.191368065831101,0.0527811859412273
75144,"onesided_contam","LSE",0.281982681694748,0.121064921600591
75145,"onesided_contam","W10",0.316821549513184,0.408981863316801
75145,"onesided_contam","W11",0.208417156484785,0.192336218332214
75145,"onesided_contam","Huber",0.348089169273328,0.462679847539208
75145,"onesided_contam","L1",0.332310979817001,0.411745917723927
75145,"onesided_contam","LSE",0.735639707833526,1.02010472061259
75146,"onesided_contam","W10",0.168077054247634,0.172215551771794
75146,"onesided_contam","W11",0.102950945296969,0.0594769757971663
75146,"onesided_contam","Huber",0.206074722921158,0.221845864961211
75146,"onesided_contam","L1",0.206934223803889,0.271893441745264
75146,"onesided_contam","LSE",0.383933500712863,0.392834736539438
75147,"onesided_contam","W10",0.161395625277174,0.141440203202401
75147,"onesided_contam","W11",0.0765880254935884,0.00124892014800149
75147,"onesided_contam","Huber",0.16273315912037,0.143894867462983
75147,"onesided_contam","L1",0.215379855115462,0.201432230161961
75147,"onesided_contam","LSE",0.304164413990133,0.308358852468925
75148,"onesided_contam","W10",0.377425735380084,0.473465726234243
75148,"onesided_contam","W11",0.286108422232791,0.347448962278032
75148,"onesided_contam","Huber",0.411684034278032,0.515450149659469
75148,"onesided_contam","L1",0.287488130487235,0.318001258570539
75148,"onesided_contam","LSE",0.578868462671522,0.727099990762639
75149,"onesided_contam","W10",0.197494176120285,0.210716593511147
75149,"onesided_contam","W11",0.121033733641303,0.0166113220747948
75149,"onesided_contam","Huber",0.251996185040056,0.279822958404504
75149,"onesided_contam","L1",0.233991398130272,0.216143288968818
75149,"onesided_contam","LSE",0.60740060837033,0.653165685723501
75150,"onesided_contam","W10",0.195600622620786,0.251686429850465
75150,"onesided_contam","W11",0.15731920210486,0.165226454266657
75150,"onesided_contam","Huber",0.232624605671649,0.309080054719286
75150,"onesided_contam","L1",0.254626939051996,0.28862032930665
75150,"onesided_contam","LSE",0.431890796866318,0.546983385671037
75001,"twosided_contam","W10",0.167987457746449,0.104118226639145
75001,"twosided_contam","W11",0.165199300169943,0.0624321620956717
75001,"twosided_contam","Huber",0.203245792157776,0.151597665154296
75001,"twosided_contam","L1",0.165926737048019,0.161498137157275
75001,"twosided_contam","LSE",0.390595461193709,0.424431356364018
75002,"twosided_contam","W10",0.146873413072279,0.03947390606723
75002,"twosided_contam","W11",0.148192491757785,0.00466552850277602
75002,"twosided_contam","Huber",0.148076285335952,0.0293810909530905
75002,"twosided_contam","L1",0.177131889783967,0.0822104094051888
75002,"twosided_contam","LSE",0.268106386181689,0.130005587288895
75003,"twosided_contam","W10",0.153829439005825,0.0848262478956355
75003,"twosided_contam","W11",0.12735959242041,0.0616859905721996
75003,"twosided_contam","Huber",0.164327910646445,0.0760325421436472
75003,"twosided_contam","L1",0.225662067145206,0.0417700372856776
75003,"twosided_contam","LSE",0.257677918387096,0.230738860769076
75004,"twosided_contam","W10",0.158368542578412,0.0246890317232653
75004,"twosided_contam","W11",0.154024185998439,0.00561291614250448
75004,"twosided_contam","Huber",0.159382461208455,0.0196306331878822
75004,"twosided_contam","L1",0.120802414970998,0.00636085802020164
75004,"twosided_contam","LSE",0.231245631195707,0.208661178193889
75005,"twosided_contam","W10",0.100465111254389,0.00530551708045723
75005,"twosided_contam","W11",0.131045900918351,0.129037151762293
75005,"twosided_contam","Huber",0.114115451086458,0.0478411807862119
75005,"twosided_contam","L1",0.126501695905688,0.0198139272560133
75005,"twosided_contam","LSE",0.290258234138897,0.324098560938039
75006,"twosided_contam","W10",0.0969485807300813,0.0432710911976317
75006,"twosided_contam","W11",0.0939154870205169,0.0273540412446461
75006,"twosided_contam","Huber",0.103894882165305,0.0155003493515028
75006,"twosided_contam","L1",0.126400135864633,0.0353916050637106
75006,"twosided_contam","LSE",0.129628399060659,0.0715754118936559
75007,"twosided_contam","W10",0.123256429481593,0.170292474926731
75007,"twosided_contam","W11",0.128150340781134,0.180338392727824
75007,"twosided_contam","Huber",0.126634854934867,0.175031332721769
75007,"twosided_contam","L1",0.124422469619044,0.170000416193194
75007,"twosided_contam","LSE",0.672643527876812,1.02856260530962
75008,"twosided_contam","W10",0.114186010168221,0.0930300123446769
75008,"twosided_contam","W11",0.130263401446139,0.0332905050984564
75008,"twosided_contam","Huber",0.105662973685835,0.0845494383902892
75008,"twosided_contam","L1",0.152215128651762,0.0702089452760111
75008,"twosided_contam","LSE",0.0853181061702521,0.0042227544771099
75009,"twosided_contam","W10",0.0969494428366697,0.0528707122758751
75009,"twosided_contam","W11",0.0668973255649014,0.0232318714294595
75009,"twosided_contam","Huber",0.109451111972163,0.0879029573552536
75009,"twosided_contam","L1",0.165349190587386,0.129676242698505
75009,"twosided_contam","LSE",0.223973410758905,0.209177600405185
75010,"twosided_contam","W10",0.156768141866947,0.0775040728186824
75010,"twosided_contam","W11",0.167783305651102,0.115603385564678
75010,"twosided_contam","Huber",0.138160649014411,0.075898936685339
75010,"twosided_contam","L1",0.245389322576406,0.14902171475457
75010,"twosided_contam","LSE",0.161600104169557,0.199185621027382
75011,"twosided_contam","W10",0.156298359183404,0.168338574027349
75011,"twosided_contam","W11",0.155814283026571,0.166974178304399
75011,"twosided_contam","Huber",0.166658318949149,0.151545782344872
75011,"twosided_contam","L1",0.19893677617139,0.137863680042218
75011,"twosided_contam","LSE",0.3091827711218,0.0477494107820469
75012,"twosided_contam","W10",0.119212945349562,0.0950063441835453
75012,"twosided_contam","W11",0.14577890240884,0.130919405293221
75012,"twosided_contam","Huber",0.124426642286377,0.0904363024001363
75012,"twosided_contam","L1",0.152689737501301,0.120063609095961
75012,"twosided_contam","LSE",0.20373068384463,0.181181381431747
75013,"twosided_contam","W10",0.117504606118088,0.0642180388297013
75013,"twosided_contam","W11",0.121736071421128,0.0801435206027097
75013,"twosided_contam","Huber",0.136313651344778,0.0191157665901721
75013,"twosided_contam","L1",0.238453922857356,0.0495402536332055
75013,"twosided_contam","LSE",0.336074784799612,0.192700880834734
75014,"twosided_contam","W10",0.110119471227949,0.0574250392657901
75014,"twosided_contam","W11",0.0971153897178891,0.0092721748109672
75014,"twosided_contam","Huber",0.108360756214655,0.0278724665889792
75014,"twosided_contam","L1",0.0815416210787257,0.00547989226272871
75014,"twosided_contam","LSE",0.180934199746958,0.113305113288014
75015,"twosided_contam","W10",0.113240344073984,0.1515987817106
75015,"twosided_contam","W11",0.104078405773844,0.0921801395981049
75015,"twosided_contam","Huber",0.122523752356092,0.166208861541156
75015,"twosided_contam","L1",0.166790806173346,0.205129254342953
75015,"twosided_contam","LSE",0.308875744037798,0.404608513976497
75016,"twosided_contam","W10",0.115276475446036,0.0103566347948051
75016,"twosided_contam","W11",0.115179189552583,0.010010923538608
75016,"twosided_contam","Huber",0.106521326278921,0.0259815022742207
75016,"twosided_contam","L1",0.163587710351594,0.104734983341563
75016,"twosided_contam","LSE",0.218268737709618,0.0380540647096001
75017,"twosided_contam","W10",0.151154713107858,0.0305966651113069
75017,"twosided_contam","W11",0.147427944778053,0.021929678412947
75017,"twosided_contam","Huber",0.165029217810352,0.00205964950656035
75017,"twosided_contam","L1",0.19306853353454,0.0159619619539498
75017,"twosided_contam","LSE",0.267657797402047,0.139065331834403
75018,"twosided_contam","W10",0.155917271451072,0.113460558313055
75018,"twosided_contam","W11",0.106352851578355,0.0494041652875899
75018,"twosided_contam","Huber",0.187856614829628,0.131426362046391
75018,"twosided_contam","L1",0.18712076265004,0.130226882640456
75018,"twosided_contam","LSE",0.288816207538799,0.21589733097193
75019,"twosided_contam","W10",0.0749212217590408,0.0126438942096553
75019,"twosided_contam","W11",0.101409151377401,0.0666508726294414
75019,"twosided_contam","Huber",0.0919079800616018,0.0588169558488963
75019,"twosided_contam","L1",0.11679162521362,0.00435079774400349
75019,"twosided_contam","LSE",0.186795247080919,0.206724407147871
75020,"twosided_contam","W10",0.124049948883977,0.00311150709431818
75020,"twosided_contam","W11",0.145630800187052,0.0710605155352729
75020,"twosided_contam","Huber",0.12624315811456,0.00378627030773959
75020,"twosided_contam","L1",0.158937989814198,0.0801200328339885
75020,"twosided_contam","LSE",0.296354181578113,0.262230180565181
75021,"twosided_contam","W10",0.138190728716084,0.138122991228035
75021,"twosided_contam","W11",0.113674067423731,0.00425039254239928
75021,"twosided_contam","Huber",0.150742043483613,0.166892099315998
75021,"twosided_contam","L1",0.175909684233432,0.197853104484297
75021,"twosided_contam","LSE",0.24509171147271,0.345619215179736
75022,"twosided_contam","W10",0.13187876618165,0.0461246804675572
75022,"twosided_contam","W11",0.127417771606352,0.0133328101508967
75022,"twosided_contam","Huber",0.14202091520276,0.0695760640127054
75022,"twosided_contam","L1",0.127165717849368,0.0375910811790673
75022,"twosided_contam","LSE",0.253977300618709,0.291508626847297
75023,"twosided_contam","W10",0.162712953442543,0.122411133657089
75023,"twosided_contam","W11",0.14002417467608,0.0341335415510632
75023,"twosided_contam","Huber",0.165146011725514,0.123331350069139
75023,"twosided_contam","L1",0.164083197901013,0.0761326568790879
75023,"twosided_contam","LSE",0.154705695488968,0.114460959505967
75024,"twosided_contam","W10",0.12961021556087,0.133403889571639
75024,"twosided_contam","W11",0.130386273851052,0.136368009373313
75024,"twosided_contam","Huber",0.148325366316944,0.126848725517641
75024,"twosided_contam","L1",0.0850937163941437,0.108058562845492
75024,"twosided_contam","LSE",0.189459991775092,0.140918742485276
75025,"twosided_contam","W10",0.142347851426138,0.0790094582459905
75025,"twosided_contam","W11",0.120514078032296,0.0690959297130213
75025,"twosided_contam","Huber",0.138793683305579,0.0678483012053421
75025,"twosided_contam","L1",0.163640578043488,0.10097360387334
75025,"twosided_contam","LSE",0.188455590002145,0.0371744973370662
75026,"twosided_contam","W10",0.171611363020298,0.163091323383452
75026,"twosided_contam","W11",0.157593423196078,0.117553462353772
75026,"twosided_contam","Huber",0.160978546841566,0.177933102398717
75026,"twosided_contam","L1",0.213333212106117,0.298602953394777
75026,"twosided_contam","LSE",0.246901760598806,0.31292092064959
75027,"twosided_contam","W10",0.101738342446715,0.0613854341328809
75027,"twosided_contam","W11",0.0835000763231257,0.0098670213858647
75027,"twosided_contam","Huber",0.104430831969782,0.062734543822772
75027,"twosided_contam","L1",0.183594639035536,0.137477740333279
75027,"twosided_contam","LSE",0.152349680629072,0.13180407957408
75028,"twosided_contam","W10",0.148344662737544,0.11056542400261
75028,"twosided_contam","W11",0.146395522652011,0.102996198778535
75028,"twosided_contam","Huber",0.151643638377962,0.128805924415669
75028,"twosided_contam","L1",0.167805379579475,0.150009726069974
75028,"twosided_contam","LSE",0.316555911637771,0.372414784336105
75029,"twosided_contam","W10",0.159266437544985,0.172930461655222
75029,"twosided_contam","W11",0.129559927829752,0.111818505964743
75029,"twosided_contam","Huber",0.175593552143409,0.189016639651638
75029,"twosided_contam","L1",0.149083184730271,0.159901194645158
75029,"twosided_contam","LSE",0.183270241950695,0.214919642528318
75030,"twosided_contam","W10",0.0872077236370224,0.00652204054374061
75030,"twosided_contam","W11",0.0888282301359531,0.0170885252883763
75030,"twosided_contam","Huber",0.0584727767379713,0.0015436656103669
75030,"twosided_contam","L1",0.133946718446975,0.013348935164207
75030,"twosided_contam","LSE",0.0855515353469794,0.0175272080945067
75031,"twosided_contam","W10",0.210134787693636,0.162544162320279
75031,"twosided_contam","W11",0.23549320662121,0.198467621219679
75031,"twosided_contam","Huber",0.207692834446838,0.160434515425803
75031,"twosided_contam","L1",0.240760067766244,0.181403177815708
75031,"twosided_contam","LSE",0.257837652330083,0.241004560961092
75032,"twosided_contam","W10",0.122067515979707,0.0709788878826425
75032,"twosided_contam","W11",0.116390757494417,0.0593307006492216
75032,"twosided_contam","Huber",0.132804845835244,0.0629536109198273
75032,"twosided_contam","L1",0.117650973464067,0.00250309460683518
75032,"twosided_contam","LSE",0.175429768673422,0.0794884630303582
75033,"twosided_contam","W10",0.204600674758002,0.192134305400074
75033,"twosided_contam","W11",0.223357810004526,0.223234728563171
75033,"twosided_contam","Huber",0.218546115908336,0.209289531356082
75033,"twosided_contam","L1",0.227589504041791,0.187213789731149
75033,"twosided_contam","LSE",0.30118991968816,0.363886779652084
75034,"twosided_contam","W10",0.171317786410826,0.0502417508328816
75034,"twosided_contam","W11",0.17148964284119,0.0429429204471821
75034,"twosided_contam","Huber",0.194026023584548,0.119453933124553
75034,"twosided_contam","L1",0.223548324644552,0.08746968512918
75034,"twosided_contam","LSE",0.460353277774652,0.43374039645012
75035,"twosided_contam","W10",0.0797321710646069,0.0202571721337719
75035,"twosided_contam","W11",0.0953958955481112,0.0723765364571648
75035,"twosided_contam","Huber",0.0786920482305443,0.0141827975959879
75035,"twosided_contam","L1",0.133589409884671,0.0277387132805281
75035,"twosided_contam","LSE",0.483383065891369,0.549234803615522
75036,"twosided_contam","W10",0.104529480279819,0.085316783040089
75036,"twosided_contam","W11",0.133467740540537,0.126816133008473
75036,"twosided_contam","Huber",0.113440721933506,0.0793767017311638
75036,"twosided_contam","L1",0.083905645426607,0.0525770363658469
75036,"twosided_contam","LSE",0.27721958154533,0.235948834208621
75037,"twosided_contam","W10",0.106603334717099,0.131948689973615
75037,"twosided_contam","W11",0.109698099840806,0.138321155465149
75037,"twosided_contam","Huber",0.109427394049496,0.131478436647209
75037,"twosided_contam","L1",0.173098128849934,0.125477716757665
75037,"twosided_contam","LSE",0.157022433653862,0.213442801048361
75038,"twosided_contam","W10",0.04761827226867,0.0199032618300767
75038,"twosided_contam","W11",0.0830461196603378,0.0641292679421471
75038,"twosided_contam","Huber",0.0575055568444162,0.0156879566655965
75038,"twosided_contam","L1",0.0380694116215627,0.00164836658388834
75038,"twosided_contam","LSE",0.119897553886658,0.0259421893298624
75039,"twosided_contam","W10",0.0829288423979645,0.0711268508234979
75039,"twosided_contam","W11",0.13003905653952,0.150372142385264
75039,"twosided_contam","Huber",0.0835924013883808,0.00871610289029434
75039,"twosided_contam","L1",0.177372859041014,0.088290851458142
75039,"twosided_contam","LSE",0.354340664909636,0.430957550928047
75040,"twosided_contam","W10",0.124516082429159,0.0557741779112403
75040,"twosided_contam","W11",0.107248758310371,0.0493755086777993
75040,"twosided_contam","Huber",0.115933359800527,0.037123971604094
75040,"twosided_contam","L1",0.0921827334975877,0.0990942015952708
75040,"twosided_contam","LSE",0.162803248825653,0.0398088990164358
75041,"twosided_contam","W10",0.176245551584782,0.190345480204825
75041,"twosided_contam","W11",0.253421458256772,0.312105801332385
75041,"twosided_contam","Huber",0.168453289537456,0.159335161113386
75041,"twosided_contam","L1",0.214224294498785,0.187450864041469
75041,"twosided_contam","LSE",0.189233973680436,0.0265317240883975
75042,"twosided_contam","W10",0.0962596516111284,0.0223948382485771
75042,"twosided_contam","W11",0.170138189038067,0.107697331618679
75042,"twosided_contam","Huber",0.108530608974014,0.0316859402116026
75042,"twosided_contam","L1",0.195304782926025,0.127789819216919
75042,"twosided_contam","LSE",0.173834752214833,0.0298011781936241
75043,"twosided_contam","W10",0.290986562249214,0.245054905800979
75043,"twosided_contam","W11",0.306742280842036,0.275150537714832
75043,"twosided_contam","Huber",0.283785276211662,0.235318780910248
75043,"twosided_contam","L1",0.320222667992013,0.299859937701381
75043,"twosided_contam","LSE",0.281120995780363,0.204136439222509
75044,"twosided_contam","W10",0.168775484317922,0.156041833906577
75044,"twosided_contam","W11",0.248652955792773,0.260677945623138
75044,"twosided_contam","Huber",0.158641345986196,0.126108526408487
75044,"twosided_contam","L1",0.238886976749295,0.174654400762534
75044,"twosided_contam","LSE",0.213666094415653,0.048053109214636
75045,"twosided_contam","W10",0.0976956796156122,0.0625679067153864
75045,"twosided_contam","W11",0.0767826742422855,0.0260432873618363
75045,"twosided_contam","Huber",0.0905010692545803,0.0550093468130055
75045,"twosided_contam","L1",0.140634411217101,0.0414601511529392
75045,"twosided_contam","LSE",0.0604747845747722,0.0276454326427742
75046,"twosided_contam","W10",0.11830734792313,0.0494155211599875
75046,"twosided_contam","W11",0.116388328535356,0.0473276384184698
75046,"twosided_contam","Huber",0.144402404228023,0.0841710864038735
75046,"twosided_contam","L1",0.173639013442514,0.147791622265299
75046,"twosided_contam","LSE",0.42452523467794,0.479311925834067
75047,"twosided_contam","W10",0.150458673623878,0.093341258021202
75047,"twosided_contam","W11",0.153940863495198,0.113000203400433
75047,"twosided_contam","Huber",0.152014697071293,0.083607658629017
75047,"twosided_contam","L1",0.125377543924285,0.0756704121571307
75047,"twosided_contam","LSE",0.159882353209348,0.0870317979944917
75048,"twosided_contam","W10",0.170956248741763,0.0853878287666825
75048,"twosided_contam","W11",0.200476412125158,0.181514816057731
75048,"twosided_contam","Huber",0.168232850102207,0.0654116478841043
75048,"twosided_contam","L1",0.190735174028278,0.196696664593011
75048,"twosided_contam","LSE",0.221634943317152,0.284771961644873
75049,"twosided_contam","W10",0.137457756535423,0.028768107306532
75049,"twosided_contam","W11",0.14047529852975,0.0370698940255054
75049,"twosided_contam","Huber",0.118159585327691,0.0189025649348782
75049,"twosided_contam","L1",0.134135494155276,0.111235109848718
75049,"twosided_contam","LSE",0.10333443633621,0.0577986701299295
75050,"twosided_contam","W10",0.123482240319723,0.0834958418468578
75050,"twosided_contam","W11",0.135668599794128,0.126410428321786
75050,"twosided_contam","Huber",0.117513365528408,0.101869094539954
75050,"twosided_contam","L1",0.154777648266686,0.174866174852649
75050,"twosided_contam","LSE",0.188688681335671,0.161846004359064
75051,"twosided_contam","W10",0.148917400650132,0.0994861391270313
75051,"twosided_contam","W11",0.135454280359092,0.0465903131300528
75051,"twosided_contam","Huber",0.133472605505795,0.0693331859512895
75051,"twosided_contam","L1",0.142891542746285,0.103697256856813
75051,"twosided_contam","LSE",0.288770466606169,0.0882100757716618
75052,"twosided_contam","W10",0.208989734473338,0.0549076745050116
75052,"twosided_contam","W11",0.214213054434523,0.0480844269138814
75052,"twosided_contam","Huber",0.200751333489774,0.0675678001140634
75052,"twosided_contam","L1",0.271441725435997,0.138669811097901
75052,"twosided_contam","LSE",0.165643530839873,0.0691655032152308
75053,"twosided_contam","W10",0.144608885866109,0.139371694494822
75053,"twosided_contam","W11",0.146584004269257,0.104059618659732
75053,"twosided_contam","Huber",0.142906598404223,0.144872518488322
75053,"twosided_contam","L1",0.183068969706073,0.0928942606762567
75053,"twosided_contam","LSE",0.218149694465281,0.258322836313457
75054,"twosided_contam","W10",0.193142642911299,0.127944361947928
75054,"twosided_contam","W11",0.190124286587523,0.0721220755932169
75054,"twosided_contam","Huber",0.208266135126829,0.163136102343333
75054,"twosided_contam","L1",0.251337897933184,0.261956761022364
75054,"twosided_contam","LSE",0.354384166213421,0.45239789383901
75055,"twosided_contam","W10",0.123012115342909,0.0245752856970404
75055,"twosided_contam","W11",0.111815799603784,0.0635640135835995
75055,"twosided_contam","Huber",0.141060735507583,0.0393797750628143
75055,"twosided_contam","L1",0.14082430214595,0.0170861267356324
75055,"twosided_contam","LSE",0.271263747383636,0.159350444169585
75056,"twosided_contam","W10",0.176970077262443,0.14853516081661
75056,"twosided_contam","W11",0.176854410610882,0.218458798952468
75056,"twosided_contam","Huber",0.175353740706001,0.140196679739396
75056,"twosided_contam","L1",0.226679468773671,0.265882354548329
75056,"twosided_contam","LSE",0.197214475945886,0.149983802516318
75057,"twosided_contam","W10",0.111104499569254,0.0384327585937153
75057,"twosided_contam","W11",0.108493328669683,0.0145975623372956
75057,"twosided_contam","Huber",0.11626762451021,0.0716564928166228
75057,"twosided_contam","L1",0.1345063208673,0.0888180994163275
75057,"twosided_contam","LSE",0.27523714211032,0.268221182577524
75058,"twosided_contam","W10",0.114616552060343,0.00309944579350652
75058,"twosided_contam","W11",0.124287559889483,0.0393540804647754
75058,"twosided_contam","Huber",0.0900334736161564,0.00434485021532977
75058,"twosided_contam","L1",0.0849661597228123,0.0986214649654857
75058,"twosided_contam","LSE",0.981860632721837,0.0560466228170746
75059,"twosided_contam","W10",0.100641921399703,0.0109786197256399
75059,"twosided_contam","W11",0.117493095815916,0.0852622764846345
75059,"twosided_contam","Huber",0.106945362575721,0.00855481319284063
75059,"twosided_contam","L1",0.0696812707434398,0.0396317218950741
75059,"twosided_contam","LSE",0.168438946543906,0.0635181744338581
75060,"twosided_contam","W10",0.115561691088545,0.0403711544441858
75060,"twosided_contam","W11",0.119394113374352,0.0498910756125273
75060,"twosided_contam","Huber",0.118498404063888,0.000800788943927322
75060,"twosided_contam","L1",0.114691641115745,0.0527888659172996
75060,"twosided_contam","LSE",0.288193090816053,0.106640423165936
75061,"twosided_contam","W10",0.100355164497041,0.0673011131058452
75061,"twosided_contam","W11",0.0942603519167209,0.0427494688101129
75061,"twosided_contam","Huber",0.123121275741763,0.0655226275104239
75061,"twosided_contam","L1",0.137784308886722,0.0367306043266373
75061,"twosided_contam","LSE",0.334809354761127,0.136084835891537
75062,"twosided_contam","W10",0.118992890653362,0.0768841034957883
75062,"twosided_contam","W11",0.0948049432988698,0.042795452976425
75062,"twosided_contam","Huber",0.139399283998439,0.106606934248721
75062,"twosided_contam","L1",0.0523111062520097,0.030514377744278
75062,"twosided_contam","LSE",2.04845675114596,0.934236931996779
75063,"twosided_contam","W10",0.134675974021417,0.068026914229729
75063,"twosided_contam","W11",0.128089356457099,0.0147027129617096
75063,"twosided_contam","Huber",0.155196648273,0.0873201198770427
75063,"twosided_contam","L1",0.153034586543525,0.00486634466017433
75063,"twosided_contam","LSE",0.299439210824335,0.209652221330428
75064,"twosided_contam","W10",0.0917623981045961,0.0380543554838918
75064,"twosided_contam","W11",0.114213508187598,0.128114723418719
75064,"twosided_contam","Huber",0.10741586594573,0.0406290224363863
75064,"twosided_contam","L1",0.178428907402559,0.144245261689761
75064,"twosided_contam","LSE",0.205499379171393,0.243899435805548
75065,"twosided_contam","W10",0.0739219531964918,0.0225559556502246
75065,"twosided_contam","W11",0.100414853077849,0.0541796896807126
75065,"twosided_contam","Huber",0.0884520394371656,0.0452666425535285
75065,"twosided_contam","L1",0.081237689996636,0.063303540426935
75065,"twosided_contam","LSE",0.105233735561866,0.0454861779073502
75066,"twosided_contam","W10",0.0822523340639991,0.0309973692801918
75066,"twosided_contam","W11",0.0777787675408744,0.00499291659820955
75066,"twosided_contam","Huber",0.119082438305204,0.00147770312761286
75066,"twosided_contam","L1",0.0821507646234987,0.000675680021483327
75066,"twosided_contam","LSE",0.256512680907332,0.109061305728673
75067,"twosided_contam","W10",0.133644418922068,0.0865210728684119
75067,"twosided_contam","W11",0.178615850235153,0.132704822389644
75067,"twosided_contam","Huber",0.129420356340263,0.0839828394652535
75067,"twosided_contam","L1",0.147462894153491,0.0577910247941267
75067,"twosided_contam","LSE",0.140405029000043,0.0164932980467107
75068,"twosided_contam","W10",0.0800112047706606,0.0522994437357872
75068,"twosided_contam","W11",0.108407644158269,0.112450632172076
75068,"twosided_contam","Huber",0.102687815175971,0.0523318627317831
75068,"twosided_contam","L1",0.136340453756854,0.0297041370501726
75068,"twosided_contam","LSE",0.212530694854608,0.0354871330900495
75069,"twosided_contam","W10",0.0935520204966482,0.0612186811956046
75069,"twosided_contam","W11",0.0756447230324675,0.00561082182556161
75069,"twosided_contam","Huber",0.102142598279073,0.0766133261816043
75069,"twosided_contam","L1",0.208712814140687,0.16456416678155
75069,"twosided_contam","LSE",0.187979225785187,0.188494611287232
75070,"twosided_contam","W10",0.115281142693528,0.0512823943687856
75070,"twosided_contam","W11",0.0994748930243157,0.0200194557205143
75070,"twosided_contam","Huber",0.116266944031374,0.0483921707144689
75070,"twosided_contam","L1",0.132657423581468,0.034801735315689
75070,"twosided_contam","LSE",0.388333730626219,0.130199534888502
75071,"twosided_contam","W10",0.164758576914354,0.202093677825755
75071,"twosided_contam","W11",0.148688246627143,0.173955064591364
75071,"twosided_contam","Huber",0.15352788648293,0.174432292617136
75071,"twosided_contam","L1",0.218315480489447,0.200630310957351
75071,"twosided_contam","LSE",0.326816037098571,0.141408296564496
75072,"twosided_contam","W10",0.163844425878494,0.0337202329141375
75072,"twosided_contam","W11",0.162837247887099,0.0143395723441014
75072,"twosided_contam","Huber",0.169733117384291,0.0515135999722524
75072,"twosided_contam","L1",0.162252613893744,0.139656146595998
75072,"twosided_contam","LSE",0.309865322184622,0.252845556094967
75073,"twosided_contam","W10",0.206911966228796,0.15825596755299
75073,"twosided_contam","W11",0.183319333403925,0.089000322741551
75073,"twosided_contam","Huber",0.192912685480175,0.151310853674699
75073,"twosided_contam","L1",0.142042650056194,0.0397478115575653
75073,"twosided_contam","LSE",0.141031949255764,0.068838100003909
75074,"twosided_contam","W10",0.136162356027745,0.0454728301024786
75074,"twosided_contam","W11",0.133277316314494,0.0362660916741351
75074,"twosided_contam","Huber",0.159792328413594,0.0120297441402353
75074,"twosided_contam","L1",0.156411070825745,0.0868907267153366
75074,"twosided_contam","LSE",0.412817772108835,0.33470834129829
75075,"twosided_contam","W10",0.163210353684293,0.0332286603049343
75075,"twosided_contam","W11",0.165775408234139,0.00821026346866716
75075,"twosided_contam","Huber",0.164697439396955,0.0123372211477371
75075,"twosided_contam","L1",0.234260801935956,0.0519596683728592
75075,"twosided_contam","LSE",0.288123570881338,0.0570329954783149
75076,"twosided_contam","W10",0.16157486151704,0.000372867857082071
75076,"twosided_contam","W11",0.16094458572641,0.0520790971266498
75076,"twosided_contam","Huber",0.158451346210498,0.0247515877786262
75076,"twosided_contam","L1",0.173486271417342,0.0511384759002821
75076,"twosided_contam","LSE",0.366943157338478,0.0973433529848441
75077,"twosided_contam","W10",0.0855454449428019,0.0572143145587268
75077,"twosided_contam","W11",0.082313841753822,0.0237051928966338
75077,"twosided_contam","Huber",0.106285706998384,0.0580076143962268
75077,"twosided_contam","L1",0.0993601645201937,0.000609253405816079
75077,"twosided_contam","LSE",0.263207880503035,0.245352867938178
75078,"twosided_contam","W10",0.158412779699853,0.0566352037012995
75078,"twosided_contam","W11",0.168408308342406,0.0861200387304953
75078,"twosided_contam","Huber",0.154717873325108,0.0581440991439728
75078,"twosided_contam","L1",0.168614417926826,0.0620082278950908
75078,"twosided_contam","LSE",0.267030165609,0.247524295202415
75079,"twosided_contam","W10",0.138942582766942,0.114553390521503
75079,"twosided_contam","W11",0.148227082435079,0.127151377541624
75079,"twosided_contam","Huber",0.154516449799226,0.138986535988544
75079,"twosided_contam","L1",0.190027512579454,0.181710975317913
75079,"twosided_contam","LSE",0.230730875622404,0.198005366306284
75080,"twosided_contam","W10",0.174817610445537,0.151785111339016
75080,"twosided_contam","W11",0.155551524268895,0.121820835101829
75080,"twosided_contam","Huber",0.193638899896654,0.162337270349601
75080,"twosided_contam","L1",0.13393384686297,0.115642379378649
75080,"twosided_contam","LSE",0.287449325155092,0.127828995935127
75081,"twosided_contam","W10",0.177857831768073,0.204100891124779
75081,"twosided_contam","W11",0.164280153218318,0.104753182381148
75081,"twosided_contam","Huber",0.186186286927009,0.199744365225415
75081,"twosided_contam","L1",0.16970348213085,0.184236502264087
75081,"twosided_contam","LSE",0.224663359532357,0.194249107841978
75082,"twosided_contam","W10",0.11201937965491,0.0933152810120774
75082,"twosided_contam","W11",0.111149159752748,0.0838804392900936
75082,"twosided_contam","Huber",0.111582952085042,0.110937289314323
75082,"twosided_contam","L1",0.133502914162052,0.119911518561967
75082,"twosided_contam","LSE",0.27202794438365,0.364298110305536
75083,"twosided_contam","W10",0.134453943442696,0.118211552695116
75083,"twosided_contam","W11",0.211915379031268,0.186410328271658
75083,"twosided_contam","Huber",0.143899361838545,0.108578222594051
75083,"twosided_contam","L1",0.173842825778197,0.161810488168678
75083,"twosided_contam","LSE",0.442067785742791,0.111797443497151
75084,"twosided_contam","W10",0.220222744363746,0.234214082134532
75084,"twosided_contam","W11",0.207524696498694,0.209902808272239
75084,"twosided_contam","Huber",0.225761179442824,0.242322483620823
75084,"twosided_contam","L1",0.191640311571726,0.2264664695719
75084,"twosided_contam","LSE",0.254387939809848,0.248714591272773
75085,"twosided_contam","W10",0.180290328884886,0.196913277485495
75085,"twosided_contam","W11",0.195873042620225,0.232725441939763
75085,"twosided_contam","Huber",0.168916880193053,0.172758442885998
75085,"twosided_contam","L1",0.174168023612717,0.104904302600924
75085,"twosided_contam","LSE",0.125337238098791,0.0959762725939015
75086,"twosided_contam","W10",0.149819701308927,0.0283646225149053
75086,"twosided_contam","W11",0.174656265486199,0.0433687657004783
75086,"twosided_contam","Huber",0.159158659941106,0.020693652330245
75086,"twosided_contam","L1",0.196126692133665,0.0532008268185676
75086,"twosided_contam","LSE",0.300088778883136,0.123144033187979
75087,"twosided_contam","W10",0.110293582387099,0.086449467255845
75087,"twosided_contam","W11",0.128156735800373,0.136554345547434
75087,"twosided_contam","Huber",0.122635656217854,0.0866192998655161
75087,"twosided_contam","L1",0.0710768272657013,0.024479149109741
75087,"twosided_contam","LSE",0.205010928935657,0.14028114120824
75088,"twosided_contam","W10",0.152738023850682,0.0753311598572153
75088,"twosided_contam","W11",0.144066587602181,0.047239097296686
75088,"twosided_contam","Huber",0.127486078527983,0.0411360093819668
75088,"twosided_contam","L1",0.128401950617217,0.00129689078648587
75088,"twosided_contam","LSE",0.121290364865932,0.121051921306105
75089,"twosided_contam","W10",0.136332327127646,0.12605433239988
75089,"twosided_contam","W11",0.16209098055844,0.181214985976006
75089,"twosided_contam","Huber",0.0956021846485014,0.0771317087674328
75089,"twosided_contam","L1",0.087797143842327,0.0772513018112505
75089,"twosided_contam","LSE",0.0887664802760169,0.109345836567941
75090,"twosided_contam","W10",0.228858511336867,0.295722028005165
75090,"twosided_contam","W11",0.286791072551409,0.390901165094618
75090,"twosided_contam","Huber",0.209547476071589,0.24846750470352
75090,"twosided_contam","L1",0.267865132165361,0.363897797369352
75090,"twosided_contam","LSE",0.217957331341707,0.0475083859346238
75091,"twosided_contam","W10",0.116565041898655,0.00980947129903464
75091,"twosided_contam","W11",0.127551476738569,0.0181017130795838
75091,"twosided_contam","Huber",0.090271220529809,0.026850530417532
75091,"twosided_contam","L1",0.160614526806686,0.0266728601397539
75091,"twosided_contam","LSE",0.254225527446915,0.207311344867804
75092,"twosided_contam","W10",0.175013044546474,0.0833202858425145
75092,"twosided_contam","W11",0.170374308081949,0.0686761292337754
75092,"twosided_contam","Huber",0.179213036273155,0.0666892463257715
75092,"twosided_contam","L1",0.239727296868218,0.078382669573795
75092,"twosided_contam","LSE",0.30950295792291,0.0288696916252747
75093,"twosided_contam","W10",0.161607781298201,0.141302570243524
75093,"twosided_contam","W11",0.275634131648775,0.271156638085245
75093,"twosided_contam","Huber",0.159726458533677,0.146184963643024
75093,"twosided_contam","L1",0.218088137525808,0.192334743756835
75093,"twosided_contam","LSE",0.103879136011464,0.0286265807283349
75094,"twosided_contam","W10",0.0931906072763993,0.0497407876825833
75094,"twosided_contam","W11",0.0951912785454629,0.0555158180848791
75094,"twosided_contam","Huber",0.077426062502683,0.0389689305260962
75094,"twosided_contam","L1",0.141114759126867,0.0722644613844042
75094,"twosided_contam","LSE",0.381317614690858,0.219148479545519
75095,"twosided_contam","W10",0.124312429404708,0.044234019355896
75095,"twosided_contam","W11",0.154993341074407,0.0415581325102525
75095,"twosided_contam","Huber",0.129430248517698,0.0653034248423725
75095,"twosided_contam","L1",0.0739905261086368,0.0473352990396114
75095,"twosided_contam","LSE",0.311517916639841,0.296952645090688
75096,"twosided_contam","W10",0.15308432373236,0.0478166614532042
75096,"twosided_contam","W11",0.149786581986145,0.0418738879099285
75096,"twosided_contam","Huber",0.159944200667732,0.0386719363542559
75096,"twosided_contam","L1",0.134100879860613,0.0688805290750582
75096,"twosided_contam","LSE",0.186166121652357,0.16958934848962
75097,"twosided_contam","W10",0.144244360399683,0.0111753402527475
75097,"twosided_contam","W11",0.140413800918733,0.0318906217620918
75097,"twosided_contam","Huber",0.149742392213475,0.0358951114602535
75097,"twosided_contam","L1",0.187234419538855,0.05248655632606
75097,"twosided_contam","LSE",0.187032571187592,0.181229340329247
75098,"twosided_contam","W10",0.0943739759896556,0.0200624088340561
75098,"twosided_contam","W11",0.0790923033949484,0.0134657999995263
75098,"twosided_contam","Huber",0.0940306583930527,0.0222937215455126
75098,"twosided_contam","L1",0.0980251985714477,0.0537374005426766
75098,"twosided_contam","LSE",0.172436054246215,0.0998545315610366
75099,"twosided_contam","W10",0.147535026671164,0.18725590638124
75099,"twosided_contam","W11",0.135954536651568,0.175349095914149
75099,"twosided_contam","Huber",0.149701101677516,0.201738164816248
75099,"twosided_contam","L1",0.179909439563853,0.104507904874627
75099,"twosided_contam","LSE",0.403027041962731,0.418732759254903
75100,"twosided_contam","W10",0.108018841561272,0.0249459272529228
75100,"twosided_contam","W11",0.14006365292079,0.0898566438787401
75100,"twosided_contam","Huber",0.115492568215322,0.00849257604883208
75100,"twosided_contam","L1",0.190368175161107,0.00383568389940953
75100,"twosided_contam","LSE",0.126315990491024,0.0825286753800115
75101,"twosided_contam","W10",0.176248640459472,0.067060520124
75101,"twosided_contam","W11",0.234053395990854,0.186175201174808
75101,"twosided_contam","Huber",0.182879607506712,0.0567797179537925
75101,"twosided_contam","L1",0.204089625607151,0.0841710534013098
75101,"twosided_contam","LSE",0.248017332786288,0.0470027996378585
75102,"twosided_contam","W10",0.199535924251023,0.0688145862304357
75102,"twosided_contam","W11",0.21196869881352,0.115203144269138
75102,"twosided_contam","Huber",0.192538545181106,0.0645142337751591
75102,"twosided_contam","L1",0.154249879482409,0.0408196959927288
75102,"twosided_contam","LSE",0.21034487533056,0.0245913928428962
75103,"twosided_contam","W10",0.120279053471946,0.119209188086991
75103,"twosided_contam","W11",0.0894059827298236,0.0804673333881123
75103,"twosided_contam","Huber",0.137083316604167,0.133505204662851
75103,"twosided_contam","L1",0.107648172403028,0.0277011133946832
75103,"twosided_contam","LSE",0.234986809789147,0.176911691222436
75104,"twosided_contam","W10",0.0715224909155528,0.0745950364433344
75104,"twosided_contam","W11",0.107396192623849,0.119065993336845
75104,"twosided_contam","Huber",0.116059142462158,0.108211722149243
75104,"twosided_contam","L1",0.0893592314404212,0.0622933238028093
75104,"twosided_contam","LSE",0.203600414329351,0.122074123368423
75105,"twosided_contam","W10",0.0971630902517794,0.109225762565424
75105,"twosided_contam","W11",0.126171119038375,0.0264199099726817
75105,"twosided_contam","Huber",0.112441014591186,0.116369316885965
75105,"twosided_contam","L1",0.151308168366698,0.0199581148459452
75105,"twosided_contam","LSE",0.255321369602118,0.186600634029357
75106,"twosided_contam","W10",0.0681128429708633,0.0224326020935615
75106,"twosided_contam","W11",0.0909319913246459,0.0640712102814938
75106,"twosided_contam","Huber",0.0768962301940164,0.00555134990222156
75106,"twosided_contam","L1",0.128643940778734,0.00511097142579947
75106,"twosided_contam","LSE",0.1928337846434,0.207651163173795
75107,"twosided_contam","W10",0.149875474636156,0.0428183464483499
75107,"twosided_contam","W11",0.157113966424841,0.0496205304966543
75107,"twosided_contam","Huber",0.152103976338843,0.0312404055371163
75107,"twosided_contam","L1",0.194881362727888,0.109274007766644
75107,"twosided_contam","LSE",0.225845764912394,0.0638427650884749
75108,"twosided_contam","W10",0.170457717025249,0.114392192759313
75108,"twosided_contam","W11",0.171956976613784,0.15177595065065
75108,"twosided_contam","Huber",0.168482771326892,0.0965476345340847
75108,"twosided_contam","L1",0.194263473657509,0.0676715312417516
75108,"twosided_contam","LSE",0.259729849356877,0.0616344816621014
75109,"twosided_contam","W10",0.0848255517923081,0.020182954679953
75109,"twosided_contam","W11",0.100691434072556,0.0913169427995692
75109,"twosided_contam","Huber",0.0760265574858594,0.0335083104361079
75109,"twosided_contam","L1",0.102527687937802,0.00177498916250129
75109,"twosided_contam","LSE",0.357446812906235,0.47977288184094
75110,"twosided_contam","W10",0.131257556450021,0.0620087947508412
75110,"twosided_contam","W11",0.11513115021347,0.0265538758016223
75110,"twosided_contam","Huber",0.134753006136366,0.0613545033439751
75110,"twosided_contam","L1",0.16514005388815,0.118412691583498
75110,"twosided_contam","LSE",0.193484741601951,0.0823423366003545
75111,"twosided_contam","W10",0.112015698425778,0.02215033756596
75111,"twosided_contam","W11",0.109926988640866,0.0178794286082778
75111,"twosided_contam","Huber",0.127994856633641,0.0111671406346244
75111,"twosided_contam","L1",0.135448700614336,0.00311921525491188
75111,"twosided_contam","LSE",0.155473451727771,0.103114057860959
75112,"twosided_contam","W10",0.212826530857146,0.232409545911352
75112,"twosided_contam","W11",0.202770655435201,0.188393668375166
75112,"twosided_contam","Huber",0.196723346343068,0.190179141446178
75112,"twosided_contam","L1",0.182355082818337,0.257635514544045
75112,"twosided_contam","LSE",0.209657656203962,0.0890596608749653
75113,"twosided_contam","W10",0.159445549040482,0.0489657271437618
75113,"twosided_contam","W11",0.165708200557949,0.0114510223017243
75113,"twosided_contam","Huber",0.135773059472048,0.0119260609953807
75113,"twosided_contam","L1",0.18217960428108,0.0351454953228634
75113,"twosided_contam","LSE",1.61056782279637,2.12558458654393
75114,"twosided_contam","W10",0.201460745481551,0.0299734812559518
75114,"twosided_contam","W11",0.204029108648341,0.0226289982000584
75114,"twosided_contam","Huber",0.217134461058082,0.0862560222254394
75114,"twosided_contam","L1",0.219048971981267,0.0308274102759166
75114,"twosided_contam","LSE",0.353551550375489,0.332362928705382
75115,"twosided_contam","W10",0.195030047647495,0.228920005787952
75115,"twosided_contam","W11",0.214717756466087,0.245654697700351
75115,"twosided_contam","Huber",0.195571961770888,0.232615549835393
75115,"twosided_contam","L1",0.243440833672372,0.287787311939522
75115,"twosided_contam","LSE",0.526985923338023,0.467207498530871
75116,"twosided_contam","W10",0.149302905414208,0.0181096563371995
75116,"twosided_contam","W11",0.158306708254986,0.0342342446415614
75116,"twosided_contam","Huber",0.143596887831938,0.0117144966068539
75116,"twosided_contam","L1",0.184647909538803,0.00975388037292402
75116,"twosided_contam","LSE",0.132904475336889,0.0198091541491479
75117,"twosided_contam","W10",0.099896512781011,0.0185842998562014
75117,"twosided_contam","W11",0.16800380711635,0.088612535074989
75117,"twosided_contam","Huber",0.107611544211387,0.0163151402266293
75117,"twosided_contam","L1",0.146293536682784,0.0333484485498646
75117,"twosided_contam","LSE",0.184184669357216,0.0638159067257589
75118,"twosided_contam","W10",0.116088563203591,0.0472696256942578
75118,"twosided_contam","W11",0.118616722196783,0.0561820776848225
75118,"twosided_contam","Huber",0.135579010101211,0.0510606526915467
75118,"twosided_contam","L1",0.18175687414154,0.0487203043171188
75118,"twosided_contam","LSE",0.459465650255081,0.414671203416689
75119,"twosided_contam","W10",0.107774899302577,0.0325867210775286
75119,"twosided_contam","W11",0.123950871952557,0.0597770867199587
75119,"twosided_contam","Huber",0.0958698856018896,0.00909016645006389
75119,"twosided_contam","L1",0.14899882257349,0.0727950631114232
75119,"twosided_contam","LSE",0.232096060427753,0.186495511453461
75120,"twosided_contam","W10",0.0888717157372725,0.0171132521771768
75120,"twosided_contam","W11",0.0920496332743911,0.028213869951595
75120,"twosided_contam","Huber",0.0937536898158701,0.0125052481943046
75120,"twosided_contam","L1",0.119017117072686,0.0376814368524145
75120,"twosided_contam","LSE",0.110462335109955,0.0241211193856258
75121,"twosided_contam","W10",0.131356893069051,0.104647998053461
75121,"twosided_contam","W11",0.145592275793128,0.139805767492768
75121,"twosided_contam","Huber",0.173546760474369,0.146204306261372
75121,"twosided_contam","L1",0.127535300616556,0.0780217267000897
75121,"twosided_contam","LSE",0.355943580730859,0.261824083630176
75122,"twosided_contam","W10",0.121999944743634,0.114971815049964
75122,"twosided_contam","W11",0.144205227568662,0.176295531616251
75122,"twosided_contam","Huber",0.113854209043133,0.11230811371316
75122,"twosided_contam","L1",0.109523439879336,0.0800078994495511
75122,"twosided_contam","LSE",0.169220436825918,0.2215406081084
75123,"twosided_contam","W10",0.147013645605212,0.102474999988826
75123,"twosided_contam","W11",0.111058532835852,0.046043263921063
75123,"twosided_contam","Huber",0.154565623747642,0.129897114627282
75123,"twosided_contam","L1",0.153687206570761,0.149350671125811
75123,"twosided_contam","LSE",0.241037753828408,0.131291911960983
75124,"twosided_contam","W10",0.0856202008296275,0.0704327283121893
75124,"twosided_contam","W11",0.0919209059980485,0.00700465976013437
75124,"twosided_contam","Huber",0.0955524022479873,0.0878085049277102
75124,"twosided_contam","L1",0.113869119036011,0.0496834963227268
75124,"twosided_contam","LSE",0.175796190576606,0.231235992151521
75125,"twosided_contam","W10",0.072220430577452,0.0518953123806847
75125,"twosided_contam","W11",0.132757953750303,0.139592343956007
75125,"twosided_contam","Huber",0.0785955031074151,0.0279350065815821
75125,"twosided_contam","L1",0.149500514085448,0.0704400969377829
75125,"twosided_contam","LSE",0.186620496577436,0.169010950137234
75126,"twosided_contam","W10",0.115590961071609,0.156733555618032
75126,"twosided_contam","W11",0.0830610832208985,0.10504201121323
75126,"twosided_contam","Huber",0.135612811978582,0.176169280858885
75126,"twosided_contam","L1",0.105323631024921,0.135744638936397
75126,"twosided_contam","LSE",0.339431584655005,0.148188750049906
75127,"twosided_contam","W10",0.11483986210399,0.0669941257082103
75127,"twosided_contam","W11",0.119732735537405,0.107028242187276
75127,"twosided_contam","Huber",0.124678967686391,0.0683304067208113
75127,"twosided_contam","L1",0.207904354864158,0.121147067168032
75127,"twosided_contam","LSE",0.257225428873151,0.0702032581117216
75128,"twosided_contam","W10",0.140165596702939,0.0317995749889919
75128,"twosided_contam","W11",0.222314889438817,0.122706663749269
75128,"twosided_contam","Huber",0.160818505944228,0.0646949192597694
75128,"twosided_contam","L1",0.181000594132347,0.010016137086492
75128,"twosided_contam","LSE",0.597245247340562,0.637810953546889
75129,"twosided_contam","W10",0.0817702176120656,0.00464514921884174
75129,"twosided_contam","W11",0.15193282719673,0.133854723604369
75129,"twosided_contam","Huber",0.0874774583294431,0.0397583878794492
75129,"twosided_contam","L1",0.0846717711278748,0.00754715749684975
75129,"twosided_contam","LSE",0.151461305867905,0.154458506219847
75130,"twosided_contam","W10",0.132726672797668,0.0534395369786943
75130,"twosided_contam","W11",0.12775515074236,0.0407988687072964
75130,"twosided_contam","Huber",0.14146695146109,0.0690617325083037
75130,"twosided_contam","L1",0.13578593425817,0.00195242832690334
75130,"twosided_contam","LSE",0.228471457976911,0.227148309650784
75131,"twosided_contam","W10",0.128982798961743,0.131844516132522
75131,"twosided_contam","W11",0.186164761711126,0.207787190678544
75131,"twosided_contam","Huber",0.0991451451414995,0.117134316763654
75131,"twosided_contam","L1",0.117261773924822,0.115493921821923
75131,"twosided_contam","LSE",0.300600147466416,0.0502171233055045
75132,"twosided_contam","W10",0.141362101517535,0.0429682624716869
75132,"twosided_contam","W11",0.175920540606477,0.0748296103460439
75132,"twosided_contam","Huber",0.136154552813032,0.0173380799127387
75132,"twosided_contam","L1",0.17055676260464,0.0103013170361416
75132,"twosided_contam","LSE",0.265524584015113,0.211890033692773
75133,"twosided_contam","W10",0.136722738256131,0.0881241172843223
75133,"twosided_contam","W11",0.11889293938489,0.0630817703740408
75133,"twosided_contam","Huber",0.144250042114946,0.0780061482595179
75133,"twosided_contam","L1",0.16512590249128,0.0758592077712029
75133,"twosided_contam","LSE",0.169989644964839,0.000851079210930916
75134,"twosided_contam","W10",0.268313345302866,0.325027218476539
75134,"twosided_contam","W11",0.267054487124393,0.322732341034942
75134,"twosided_contam","Huber",0.261873355670386,0.314529263603457
75134,"twosided_contam","L1",0.2385946075701,0.304186382607304
75134,"twosided_contam","LSE",0.243457607142241,0.202918149330822
75135,"twosided_contam","W10",0.0702131779282483,0.0548557869675657
75135,"twosided_contam","W11",0.0736870187066795,0.0624721203009933
75135,"twosided_contam","Huber",0.0814032809828584,0.05647613446882
75135,"twosided_contam","L1",0.0705675758464361,0.0685745372145317
75135,"twosided_contam","LSE",0.269134454198509,0.023450727549072
75136,"twosided_contam","W10",0.114535734865261,0.00748990699564511
75136,"twosided_contam","W11",0.094684413666962,0.0384288154230478
75136,"twosided_contam","Huber",0.133925126155625,0.0175474913893021
75136,"twosided_contam","L1",0.207611791964574,0.10553495904933
75136,"twosided_contam","LSE",0.297678905807561,0.0847801983514966
75137,"twosided_contam","W10",0.133442677791418,0.0845447671201225
75137,"twosided_contam","W11",0.169531180076368,0.0749193044404296
75137,"twosided_contam","Huber",0.144084064386755,0.0923980979722998
75137,"twosided_contam","L1",0.118304481250262,0.0180974868475371
75137,"twosided_contam","LSE",0.263438699439521,0.213108040855148
75138,"twosided_contam","W10",0.151248961601632,0.195513407581659
75138,"twosided_contam","W11",0.245212309223098,0.311866232874997
75138,"twosided_contam","Huber",0.138332073720215,0.171618346029145
75138,"twosided_contam","L1",0.180301885090071,0.234415400349843
75138,"twosided_contam","LSE",0.158231102294355,0.0394323431339459
75139,"twosided_contam","W10",0.137609941541018,0.0944815314025937
75139,"twosided_contam","W11",0.146528206107196,0.153401871820147
75139,"twosided_contam","Huber",0.123929373245517,0.0667135427611023
75139,"twosided_contam","L1",0.12818904218233,0.00961545172146494
75139,"twosided_contam","LSE",0.180385308487487,0.0464129940283035
75140,"twosided_contam","W10",0.160828613979573,0.159636679156142
75140,"twosided_contam","W11",0.164378255638117,0.164264476397054
75140,"twosided_contam","Huber",0.18981696295942,0.177730914986092
75140,"twosided_contam","L1",0.228397823364582,0.259695044433989
75140,"twosided_contam","LSE",1.4534992010395,0.446249761492479
75141,"twosided_contam","W10",0.110895126879521,0.0328980368061361
75141,"twosided_contam","W11",0.126150484067625,0.0629066597755794
75141,"twosided_contam","Huber",0.126166997625651,0.00799974439782408
75141,"twosided_contam","L1",0.10735862871872,0.0239533215375681
75141,"twosided_contam","LSE",0.312158794778027,0.127075970916312
75142,"twosided_contam","W10",0.149301433865711,0.0695762610893215
75142,"twosided_contam","W11",0.149317834825252,0.0376803330636334
75142,"twosided_contam","Huber",0.164859611693171,0.0467033640470546
75142,"twosided_contam","L1",0.186472009062773,0.0253868290701909
75142,"twosided_contam","LSE",0.362021152186554,0.28444934103295
75143,"twosided_contam","W10",0.14956910602875,0.0842782816550784
75143,"twosided_contam","W11",0.0988795593872969,0.00474227738777666
75143,"twosided_contam","Huber",0.143071073636035,0.0905220021577557
75143,"twosided_contam","L1",0.212997425114837,0.103339831806302
75143,"twosided_contam","LSE",0.283728822344389,0.329195423413592
75144,"twosided_contam","W10",0.213706893757937,0.0926157215961816
75144,"twosided_contam","W11",0.209747705544594,0.135145826355301
75144,"twosided_contam","Huber",0.195376509602105,0.0872400056560905
75144,"twosided_contam","L1",0.169978918488542,0.025014056810635
75144,"twosided_contam","LSE",0.254545439496186,0.0837030496719437
75145,"twosided_contam","W10",0.227475098526881,0.22340274511117
75145,"twosided_contam","W11",0.225885858592758,0.218360395216523
75145,"twosided_contam","Huber",0.211487123874157,0.184019355632716
75145,"twosided_contam","L1",0.0614252412314053,0.00445326715507066
75145,"twosided_contam","LSE",0.233959569665308,0.133368744544326
75146,"twosided_contam","W10",0.10623769598821,0.0256153684104803
75146,"twosided_contam","W11",0.104051802582772,0.0184181186618789
75146,"twosided_contam","Huber",0.098879402789453,0.0277041923687861
75146,"twosided_contam","L1",0.127093323880938,0.125650421912759
75146,"twosided_contam","LSE",0.0966121190556583,0.0120878383496087
75147,"twosided_contam","W10",0.0907733880562845,0.0166069802877706
75147,"twosided_contam","W11",0.0873963521712354,0.00758097443418915
75147,"twosided_contam","Huber",0.0944171867827415,0.00316539907604019
75147,"twosided_contam","L1",0.111444800166064,0.0316796974139444
75147,"twosided_contam","LSE",0.141609063328174,0.0958122246595465
75148,"twosided_contam","W10",0.202148095154539,0.225678273250556
75148,"twosided_contam","W11",0.309071632759749,0.365708396679235
75148,"twosided_contam","Huber",0.175346176223396,0.183881592160567
75148,"twosided_contam","L1",0.177014544533062,0.158300140903796
75148,"twosided_contam","LSE",0.132823375764803,0.0618777573705083
75149,"twosided_contam","W10",0.0919448932583757,0.0313173306562033
75149,"twosided_contam","W11",0.0925268728994229,0.0425290072465015
75149,"twosided_contam","Huber",0.116130940053428,0.0162755383059555
75149,"twosided_contam","L1",0.199809624054682,0.0901770353972914
75149,"twosided_contam","LSE",0.266708986742598,0.0736439368312415
75150,"twosided_contam","W10",0.142802714541053,0.0908074361546587
75150,"twosided_contam","W11",0.178351519177668,0.197241988978038
75150,"twosided_contam","Huber",0.143202296305324,0.0882448655572858
75150,"twosided_contam","L1",0.218000067124892,0.110536767672488
75150,"twosided_contam","LSE",0.142289480865699,0.0398518101624836
75001,"sym_t3","W10",0.044618409548633,0.0461335436328144
75001,"sym_t3","W11",0.104585888521527,0.139928525339791
75001,"sym_t3","Huber",0.0486227072778995,0.0232027342620735
75001,"sym_t3","L1",0.0917846240652387,0.0911842037582433
75001,"sym_t3","LSE",0.0967306089856412,0.0244610530585597
75002,"sym_t3","W10",0.122533180671876,0.117454619598298
75002,"sym_t3","W11",0.116761618570938,0.0978823855280726
75002,"sym_t3","Huber",0.129668933140143,0.108180826626399
75002,"sym_t3","L1",0.140378664248041,0.102768050954782
75002,"sym_t3","LSE",0.141390487136832,0.0811009894460524
75003,"sym_t3","W10",0.133243267329099,0.151195209351691
75003,"sym_t3","W11",0.125457359107686,0.140998574694959
75003,"sym_t3","Huber",0.12997275655911,0.151176820019359
75003,"sym_t3","L1",0.095334693441639,0.0761425957512824
75003,"sym_t3","LSE",0.145562260862768,0.149933933549792
75004,"sym_t3","W10",0.1234922848658,0.0773323114096816
75004,"sym_t3","W11",0.108705525546397,0.0607353698224402
75004,"sym_t3","Huber",0.116098368297057,0.0736072028523453
75004,"sym_t3","L1",0.102617150150128,0.0750317943334677
75004,"sym_t3","LSE",0.101992152707152,0.0600011515920024
75005,"sym_t3","W10",0.141447511422614,0.00674063105642575
75005,"sym_t3","W11",0.136481610803279,0.0628061575538618
75005,"sym_t3","Huber",0.134633118514593,0.00655965079967169
75005,"sym_t3","L1",0.136456440712305,0.00584014906329866
75005,"sym_t3","LSE",0.156816518271389,0.0366354201533697
75006,"sym_t3","W10",0.0587617966459211,0.0368398221784997
75006,"sym_t3","W11",0.0655516617813986,0.0651053812325071
75006,"sym_t3","Huber",0.0553295445008216,0.0333321243290575
75006,"sym_t3","L1",0.0671724205859698,0.0250881539233371
75006,"sym_t3","LSE",0.0391358995741837,0.0027331712843271
75007,"sym_t3","W10",0.0451062820412579,0.0355699065358716
75007,"sym_t3","W11",0.0426616283818419,0.0217562432038615
75007,"sym_t3","Huber",0.0428294385643838,0.0273438083277504
75007,"sym_t3","L1",0.0561127727314409,0.0230863589659762
75007,"sym_t3","LSE",0.0365487298415951,0.0344904497127613
75008,"sym_t3","W10",0.0965648374789522,0.0328182327209087
75008,"sym_t3","W11",0.0742861811027101,0.00939959091731946
75008,"sym_t3","Huber",0.111967391863052,0.0367594120569927
75008,"sym_t3","L1",0.130101652155489,0.0557138223222974
75008,"sym_t3","LSE",0.167001802251312,0.00253619263397337
75009,"sym_t3","W10",0.0728361400920959,0.0272217053457856
75009,"sym_t3","W11",0.086966366430894,0.0382153629879942
75009,"sym_t3","Huber",0.083141049912725,0.0546877524760894
75009,"sym_t3","L1",0.125437296684853,0.0870504980845576
75009,"sym_t3","LSE",0.134492228230045,0.0819733815597317
75010,"sym_t3","W10",0.0712565042661249,0.0043079313412504
75010,"sym_t3","W11",0.0712798024917495,0.00433321077502546
75010,"sym_t3","Huber",0.0774152052732949,0.000784346176909201
75010,"sym_t3","L1",0.0623161762560161,0.0102239164184744
75010,"sym_t3","LSE",0.125195540213454,0.0298988639269561
75011,"sym_t3","W10",0.141887394841938,0.106884372035049
75011,"sym_t3","W11",0.175221980859768,0.172890238237682
75011,"sym_t3","Huber",0.136997688942497,0.0928433605558097
75011,"sym_t3","L1",0.173351634710969,0.0611124814224321
75011,"sym_t3","LSE",0.109454896910452,0.04519358924385
75012,"sym_t3","W10",0.137635717056448,0.0059035707560875
75012,"sym_t3","W11",0.13245144416172,0.0269584995376372
75012,"sym_t3","Huber",0.131731638064689,0.0314988537896489
75012,"sym_t3","L1",0.127651064958718,0.0398720680174919
75012,"sym_t3","LSE",0.124269406827248,0.0389120049706577
75013,"sym_t3","W10",0.0602135755642292,0.0384643498679047
75013,"sym_t3","W11",0.0700608612662231,0.0546833171125351
75013,"sym_t3","Huber",0.0515405226707342,0.0356545855763654
75013,"sym_t3","L1",0.0612058417852221,0.0288102303774385
75013,"sym_t3","LSE",0.0743395432516567,0.023332710256079
75014,"sym_t3","W10",0.130222494552297,0.0630035414328409
75014,"sym_t3","W11",0.124561191760775,0.0484724093742562
75014,"sym_t3","Huber",0.133730933367631,0.0582116937315749
75014,"sym_t3","L1",0.11437252926484,0.0640902404603517
75014,"sym_t3","LSE",0.167866168079729,0.0981854007267415
75015,"sym_t3","W10",0.0996979078055476,0.0719659882528937
75015,"sym_t3","W11",0.119672528939847,0.105855035937609
75015,"sym_t3","Huber",0.0948211555577085,0.0488310130819474
75015,"sym_t3","L1",0.122332965614685,0.126615839687648
75015,"sym_t3","LSE",0.0952556731046187,0.0127751239497523
75016,"sym_t3","W10",0.103330995948907,0.0601952770091719
75016,"sym_t3","W11",0.113208823280382,0.00332550136251447
75016,"sym_t3","Huber",0.106713442213343,0.0733113747516748
75016,"sym_t3","L1",0.10685817751653,0.0529143600486098
75016,"sym_t3","LSE",0.163949679322143,0.145042629728136
75017,"sym_t3","W10",0.0741198478912911,0.054135209127134
75017,"sym_t3","W11",0.0739941182078975,0.0551740163051417
75017,"sym_t3","Huber",0.0779005561050601,0.0627001304500676
75017,"sym_t3","L1",0.0785756322604405,0.0127004056229696
75017,"sym_t3","LSE",0.107163025886614,0.0700813953337769
75018,"sym_t3","W10",0.0869734209381521,0.0148905813351441
75018,"sym_t3","W11",0.120554458515713,0.0699058280023658
75018,"sym_t3","Huber",0.08195985173608,0.00149178459174837
75018,"sym_t3","L1",0.090767553341949,0.0229156411265977
75018,"sym_t3","LSE",0.114515131965003,0.0990203145605005
75019,"sym_t3","W10",0.0673851386524922,0.0503781239978304
75019,"sym_t3","W11",0.0667876332616503,0.0375451541673745
75019,"sym_t3","Huber",0.060842185276174,0.0484067648647325
75019,"sym_t3","L1",0.0917215818110198,0.0705891796803998
75019,"sym_t3","LSE",0.0651514221792893,0.0588974233884909
75020,"sym_t3","W10",0.116757372925595,0.0895014884546335
75020,"sym_t3","W11",0.0976222109941124,0.055166122289218
75020,"sym_t3","Huber",0.123568913118359,0.107871652082135
75020,"sym_t3","L1",0.112106079010162,0.0922452783151713
75020,"sym_t3","LSE",0.166062873417421,0.161081830825797
75021,"sym_t3","W10",0.0859182484702479,0.0871751315957587
75021,"sym_t3","W11",0.0891617412208705,0.0335772520434071
75021,"sym_t3","Huber",0.0909706798683952,0.0965738184905683
75021,"sym_t3","L1",0.097682745670178,0.0752432816246527
75021,"sym_t3","LSE",0.101166505092358,0.124898720113902
75022,"sym_t3","W10",0.102298278371194,0.118958464229646
75022,"sym_t3","W11",0.121022131883802,0.151740607687703
75022,"sym_t3","Huber",0.106613877020342,0.12253530766872
75022,"sym_t3","L1",0.108675054380554,0.104484356832303
75022,"sym_t3","LSE",0.128207714971701,0.0922264471418628
75023,"sym_t3","W10",0.0359319817368734,0.0220365267492906
75023,"sym_t3","W11",0.0879370966935723,0.0899049929576371
75023,"sym_t3","Huber",0.0355121800091581,0.0092302722447663
75023,"sym_t3","L1",0.106173243063069,0.131302851555126
75023,"sym_t3","LSE",0.101764042902043,0.0630869560342283
75024,"sym_t3","W10",0.0595155917314665,0.00582688962936351
75024,"sym_t3","W11",0.0555673098479836,0.00785108612535268
75024,"sym_t3","Huber",0.0604089054911102,0.00959798072912799
75024,"sym_t3","L1",0.0597215242535949,0.0355334411370598
75024,"sym_t3","LSE",0.0883004417664657,0.0871464056312315
75025,"sym_t3","W10",0.0384967531768636,0.00803270858087413
75025,"sym_t3","W11",0.0901514906241629,0.0915588327656748
75025,"sym_t3","Huber",0.0452026452231583,0.0131819688142772
75025,"sym_t3","L1",0.075889238274035,0.00634641429282451
75025,"sym_t3","LSE",0.086125023741659,0.0853410266985836
75026,"sym_t3","W10",0.097026860472262,0.0616827891597672
75026,"sym_t3","W11",0.0991264343205736,0.0401037890172322
75026,"sym_t3","Huber",0.0969759684580075,0.0558893906036305
75026,"sym_t3","L1",0.140514081501101,0.121133357530992
75026,"sym_t3","LSE",0.118790202147339,0.111344030199496
75027,"sym_t3","W10",0.0408244767814696,0.00436856644443234
75027,"sym_t3","W11",0.054298702057761,0.023889648395439
75027,"sym_t3","Huber",0.0451814825585207,0.00519882403968069
75027,"sym_t3","L1",0.0654052050911363,0.00899368970539238
75027,"sym_t3","LSE",0.0596196500750168,0.0234982656877085
75028,"sym_t3","W10",0.158363293096445,0.165554196079565
75028,"sym_t3","W11",0.0885287568105002,0.0532148924218914
75028,"sym_t3","Huber",0.145700183473085,0.150722011098275
75028,"sym_t3","L1",0.130872559652508,0.152000003492936
75028,"sym_t3","LSE",0.183006183218209,0.212610792961161
75029,"sym_t3","W10",0.115928357040292,0.035000237203313
75029,"sym_t3","W11",0.105963221032943,0.000111415542642934
75029,"sym_t3","Huber",0.107223766124429,0.0343424478154618
75029,"sym_t3","L1",0.119077719537543,0.0815217120311135
75029,"sym_t3","LSE",0.14561459458009,0.112993651692903
75030,"sym_t3","W10",0.106863853382112,0.0828135534213054
75030,"sym_t3","W11",0.126816578119819,0.145384579444561
75030,"sym_t3","Huber",0.103984308297175,0.0883242668768193
75030,"sym_t3","L1",0.135174268515787,0.0353042857190771
75030,"sym_t3","LSE",0.11534115713744,0.0617472077768103
75031,"sym_t3","W10",0.155191086554393,0.241737469076662
75031,"sym_t3","W11",0.129796411335294,0.197060793110332
75031,"sym_t3","Huber",0.143135177171193,0.221765965898801
75031,"sym_t3","L1",0.186384003928953,0.290779736813203
75031,"sym_t3","LSE",0.162857815160685,0.253289356455807
75032,"sym_t3","W10",0.0922873815792285,0.0176633863213632
75032,"sym_t3","W11",0.107381438410574,0.00294474309017811
75032,"sym_t3","Huber",0.0951115014259374,0.016604718645861
75032,"sym_t3","L1",0.110645687944956,0.06306551885007
75032,"sym_t3","LSE",0.0985670077074563,0.0396310493427548
75033,"sym_t3","W10",0.125164689719629,0.123262796604312
75033,"sym_t3","W11",0.12292362334157,0.0576887481457192
75033,"sym_t3","Huber",0.131783589023896,0.132033968085226
75033,"sym_t3","L1",0.160777030047403,0.127469319266832
75033,"sym_t3","LSE",0.166545356686399,0.174585947921077
75034,"sym_t3","W10",0.0783279552436545,0.020763906541495
75034,"sym_t3","W11",0.0785892381911264,0.02270717053804
75034,"sym_t3","Huber",0.0686797858234917,0.0113841044783399
75034,"sym_t3","L1",0.0605321126387466,0.00745087343072182
75034,"sym_t3","LSE",0.076516859847338,0.0415495965590832
75035,"sym_t3","W10",0.140749162205078,0.0163139755284303
75035,"sym_t3","W11",0.144507343120215,0.0267991315345408
75035,"sym_t3","Huber",0.135824871856976,0.00912498477116419
75035,"sym_t3","L1",0.178358414594011,0.00993897696953538
75035,"sym_t3","LSE",0.17812353517174,0.150295006382451
75036,"sym_t3","W10",0.0854837458900901,0.0849708238715068
75036,"sym_t3","W11",0.104128093952343,0.11525254832831
75036,"sym_t3","Huber",0.0718311456316442,0.0739247909960989
75036,"sym_t3","L1",0.0913104163075126,0.086711837397979
75036,"sym_t3","LSE",0.100708159778518,0.11103782980964
75037,"sym_t3","W10",0.11484641286917,0.0483411985746549
75037,"sym_t3","W11",0.115876000036922,0.0427318948899039
75037,"sym_t3","Huber",0.114735957054507,0.0518309187188082
75037,"sym_t3","L1",0.109702905784267,0.0102105795804464
75037,"sym_t3","LSE",0.118146542596383,0.0558824188209198
75038,"sym_t3","W10",0.0546439973908538,0.0385133154515743
75038,"sym_t3","W11",0.0528498534187108,0.0107891488742763
75038,"sym_t3","Huber",0.0606833711179999,0.0391914207612588
75038,"sym_t3","L1",0.0646259824659067,0.00984243155691145
75038,"sym_t3","LSE",0.0701063972001144,0.0899291028972076
75039,"sym_t3","W10",0.032172341353092,0.0143652140600312
75039,"sym_t3","W11",0.0483442351745147,0.0252812011394569
75039,"sym_t3","Huber",0.0410332357009924,0.0470223386327812
75039,"sym_t3","L1",0.070374819760214,0.0544683844425232
75039,"sym_t3","LSE",0.111666873881686,0.122963701717287
75040,"sym_t3","W10",0.116729111053413,0.120749243313682
75040,"sym_t3","W11",0.114985304696109,0.117129851248903
75040,"sym_t3","Huber",0.105805203926315,0.110132524940862
75040,"sym_t3","L1",0.1027973620018,0.084976258424631
75040,"sym_t3","LSE",0.113267190782072,0.028685336150236
75041,"sym_t3","W10",0.0907339467622154,0.06769595566546
75041,"sym_t3","W11",0.0686554434068843,0.012569098657516
75041,"sym_t3","Huber",0.0944862881423999,0.0739290991930149
75041,"sym_t3","L1",0.0830136046441751,0.103286343399495
75041,"sym_t3","LSE",0.146097319314493,0.129595425402202
75042,"sym_t3","W10",0.137120920772818,0.00909762724143165
75042,"sym_t3","W11",0.139467925570541,0.0368010752402793
75042,"sym_t3","Huber",0.152690827862626,0.0387294311368464
75042,"sym_t3","L1",0.129805948201078,0.0146948461130436
75042,"sym_t3","LSE",0.243281444881697,0.113967384467221
75043,"sym_t3","W10",0.111709470790102,0.0941200304892101
75043,"sym_t3","W11",0.139753619925127,0.145966986924105
75043,"sym_t3","Huber",0.0980244326111476,0.0810316726281287
75043,"sym_t3","L1",0.113171221487784,0.146842994974558
75043,"sym_t3","LSE",0.174253190089213,0.0661254001437382
75044,"sym_t3","W10",0.0765713385073919,0.0466303281785395
75044,"sym_t3","W11",0.086798544567768,0.0707128094543383
75044,"sym_t3","Huber",0.0804476087809666,0.0517605915726089
75044,"sym_t3","L1",0.0658318669694708,0.0167553521079967
75044,"sym_t3","LSE",0.0995004098623398,0.00219209071284637
75045,"sym_t3","W10",0.0732463500601498,0.00886548334927906
75045,"sym_t3","W11",0.11122421568243,0.0643979897345362
75045,"sym_t3","Huber",0.0718636201543065,0.00719405971023701
75045,"sym_t3","L1",0.105467790648746,0.0534739620294035
75045,"sym_t3","LSE",0.0760146758750347,0.0638910313305338
75046,"sym_t3","W10",0.0722933753770365,0.0631677144666765
75046,"sym_t3","W11",0.0569261159287127,0.0389050818534602
75046,"sym_t3","Huber",0.0784193573469713,0.069190270967673
75046,"sym_t3","L1",0.0593056093655587,0.0079929968076381
75046,"sym_t3","LSE",0.10217350709269,0.0387580115178921
75047,"sym_t3","W10",0.102972167192099,0.139559532311749
75047,"sym_t3","W11",0.113689678979203,0.159763796348179
75047,"sym_t3","Huber",0.0983070176736188,0.125862291836205
75047,"sym_t3","L1",0.102746155766307,0.129164958960038
75047,"sym_t3","LSE",0.0842024866602981,0.0437728674430314
75048,"sym_t3","W10",0.1124984792673,0.0806580126563934
75048,"sym_t3","W11",0.106505310816501,0.0651335798259911
75048,"sym_t3","Huber",0.104206095290573,0.0693922709062479
75048,"sym_t3","L1",0.143868116941038,0.101495561104747
75048,"sym_t3","LSE",0.123333754063033,0.166290469684134
75049,"sym_t3","W10",0.0702016218323262,0.00289574383730795
75049,"sym_t3","W11",0.0633059570384756,0.0122113000504879
75049,"sym_t3","Huber",0.0688673533905702,0.0240960811819767
75049,"sym_t3","L1",0.0199594801059005,0.00314175743618061
75049,"sym_t3","LSE",0.104071790939085,0.0631655281397461
75050,"sym_t3","W10",0.0430407711256604,0.0287571285999706
75050,"sym_t3","W11",0.0861141180005882,0.069147489227773
75050,"sym_t3","Huber",0.0494070316473455,0.0455214382619569
75050,"sym_t3","L1",0.0625465864680457,0.0186931627217474
75050,"sym_t3","LSE",0.116541290036485,0.160436530670797
75051,"sym_t3","W10",0.116710969940265,0.0792770816431425
75051,"sym_t3","W11",0.158147940403284,0.138497149747893
75051,"sym_t3","Huber",0.101535611649023,0.0587266302087034
75051,"sym_t3","L1",0.0770278909737877,0.0670253947986887
75051,"sym_t3","LSE",0.0949733175603378,0.0339220098886287
75052,"sym_t3","W10",0.0656843885140923,0.0510547261352445
75052,"sym_t3","W11",0.064869204348512,0.0500853721620067
75052,"sym_t3","Huber",0.075776017108279,0.0743826015305028
75052,"sym_t3","L1",0.0687749540919575,0.0532199075180565
75052,"sym_t3","LSE",0.122598106202926,0.10745728129348
75053,"sym_t3","W10",0.087117480783185,0.118088320100168
75053,"sym_t3","W11",0.0970736155278718,0.137929430516931
75053,"sym_t3","Huber",0.0854053938319269,0.112443691582257
75053,"sym_t3","L1",0.134065845273442,0.189241368296235
75053,"sym_t3","LSE",0.113636379506667,0.0974989511017688
75054,"sym_t3","W10",0.0969023196647174,0.0207470871629831
75054,"sym_t3","W11",0.0975603302094915,0.046657670378141
75054,"sym_t3","Huber",0.0916414588564862,0.0237951370037922
75054,"sym_t3","L1",0.126667486397327,0.00451558488615156
75054,"sym_t3","LSE",0.118128619669234,0.0337986712353618
75055,"sym_t3","W10",0.0984389614173983,0.0442400793181684
75055,"sym_t3","W11",0.107196840774266,0.018933575469632
75055,"sym_t3","Huber",0.115115599438411,0.0633949531215537
75055,"sym_t3","L1",0.147570037615787,0.104833795555608
75055,"sym_t3","LSE",0.149728019120523,0.0924861051678144
75056,"sym_t3","W10",0.0850799595326736,0.07984744601581
75056,"sym_t3","W11",0.0942191106025309,0.119269423072952
75056,"sym_t3","Huber",0.08616380652401,0.0749486550819206
75056,"sym_t3","L1",0.071283798941675,0.107013407389723
75056,"sym_t3","LSE",0.0988403613982043,0.0741364540342012
75057,"sym_t3","W10",0.115625856904388,0.0263287606893807
75057,"sym_t3","W11",0.131795164237937,0.0464719576947155
75057,"sym_t3","Huber",0.117554858185258,0.0126884159676615
75057,"sym_t3","L1",0.165653444556641,0.0164866116776572
75057,"sym_t3","LSE",0.135707659940342,0.0548223360659736
75058,"sym_t3","W10",0.100237796662211,0.0119275785724536
75058,"sym_t3","W11",0.0965547721139376,0.0224654382517558
75058,"sym_t3","Huber",0.0999302361575913,0.0185180146510315
75058,"sym_t3","L1",0.144774120735021,0.0240287548821322
75058,"sym_t3","LSE",0.0790473495086138,0.00731543467068729
75059,"sym_t3","W10",0.0520742105856259,0.00675309363213139
75059,"sym_t3","W11",0.0837601432736628,0.065845033928961
75059,"sym_t3","Huber",0.0548167370678716,0.00457322921533021
75059,"sym_t3","L1",0.0759578572359147,0.00813679091262154
75059,"sym_t3","LSE",0.0931838503400682,0.0367743992999962
75060,"sym_t3","W10",0.100202859022528,0.0824379388200672
75060,"sym_t3","W11",0.129228566668737,0.118453969800078
75060,"sym_t3","Huber",0.0987479543376124,0.0803901066265379
75060,"sym_t3","L1",0.116212249104601,0.113693676319324
75060,"sym_t3","LSE",0.0911995376735086,0.0745563885508353
75061,"sym_t3","W10",0.0952397269360777,0.0678593835502058
75061,"sym_t3","W11",0.0974925589096913,0.0703217760734028
75061,"sym_t3","Huber",0.0879985712906298,0.0652176269332663
75061,"sym_t3","L1",0.131912333546997,0.0859014570940169
75061,"sym_t3","LSE",0.0943789673265643,0.0575337053497561
75062,"sym_t3","W10",0.0661577071292423,0.0284476876815358
75062,"sym_t3","W11",0.0661526676941468,0.0282456426298966
75062,"sym_t3","Huber",0.0584603427643321,0.0279689318578076
75062,"sym_t3","L1",0.0687004985319645,0.0287647505183098
75062,"sym_t3","LSE",0.0831329671319279,0.0383912050778924
75063,"sym_t3","W10",0.0857396793941329,0.0513039068423506
75063,"sym_t3","W11",0.0864930966082608,0.0530462783174251
75063,"sym_t3","Huber",0.0835274851210339,0.033801629922613
75063,"sym_t3","L1",0.0701533663132775,0.0589760879793494
75063,"sym_t3","LSE",0.112690565522772,0.0328811927660669
75064,"sym_t3","W10",0.0365036287907878,0.0328642950390612
75064,"sym_t3","W11",0.061175236581316,0.0820657947855811
75064,"sym_t3","Huber",0.0340161010395375,0.0176367128386913
75064,"sym_t3","L1",0.0506002749273984,0.00529004499042696
75064,"sym_t3","LSE",0.0528517869627653,0.00803027627527986
75065,"sym_t3","W10",0.0402231173983273,0.00976703486670172
75065,"sym_t3","W11",0.0433312161133654,0.0175385787940643
75065,"sym_t3","Huber",0.0403416274941743,0.0134473231477145
75065,"sym_t3","L1",0.0675180323172725,0.0878694094536974
75065,"sym_t3","LSE",0.0558481130199114,0.0173667273886319
75066,"sym_t3","W10",0.0914846584778769,0.0641207905281278
75066,"sym_t3","W11",0.0723196170133948,0.00436054330017871
75066,"sym_t3","Huber",0.094527335159079,0.0682862496281074
75066,"sym_t3","L1",0.110347223624724,0.0911084346780235
75066,"sym_t3","LSE",0.119570426927653,0.0722761712963664
75067,"sym_t3","W10",0.11877232257848,0.0359061276638583
75067,"sym_t3","W11",0.118696132578971,0.0357771178006736
75067,"sym_t3","Huber",0.125224952619674,0.0436865395331212
75067,"sym_t3","L1",0.113557920204278,0.0414081242430031
75067,"sym_t3","LSE",0.24059478123426,0.0878426273534302
75068,"sym_t3","W10",0.0747158088734482,0.0186888004688892
75068,"sym_t3","W11",0.109938560678486,0.055213414675655
75068,"sym_t3","Huber",0.0564680984130688,0.00599508597931298
75068,"sym_t3","L1",0.100147254175651,0.008992452049853
75068,"sym_t3","LSE",0.134177453669341,0.00846568015890431
75069,"sym_t3","W10",0.10055261037489,0.133280951647367
75069,"sym_t3","W11",0.13203621036943,0.185006311231597
75069,"sym_t3","Huber",0.0954931855945707,0.1249020575049
75069,"sym_t3","L1",0.117092631112299,0.164389077912451
75069,"sym_t3","LSE",0.0889468488759675,0.0937057462031079
75070,"sym_t3","W10",0.0847633158684427,0.0346766151040176
75070,"sym_t3","W11",0.0915927059871728,0.0499707331343341
75070,"sym_t3","Huber",0.088805157073468,0.0626727940478011
75070,"sym_t3","L1",0.0640349500926211,0.00128376272637187
75070,"sym_t3","LSE",0.138288710338046,0.111740993531228
75071,"sym_t3","W10",0.118172416045441,0.0226559717672878
75071,"sym_t3","W11",0.117839869713935,0.0218814278513366
75071,"sym_t3","Huber",0.133237770091254,0.00245307566984709
75071,"sym_t3","L1",0.157621062700428,0.00549574005594289
75071,"sym_t3","LSE",0.180006814245444,0.0502760221845852
75072,"sym_t3","W10",0.0501018219096481,0.0258284911333039
75072,"sym_t3","W11",0.0763855399309828,0.0840658020574635
75072,"sym_t3","Huber",0.0553892456492543,0.0105565526441787
75072,"sym_t3","L1",0.0522771871904491,0.0387213911461565
75072,"sym_t3","LSE",0.0975503639768896,0.0584357670492393
75073,"sym_t3","W10",0.0718001074929025,0.0345048740845149
75073,"sym_t3","W11",0.0708862475385841,0.0350212005464254
75073,"sym_t3","Huber",0.0699676194307344,0.0300693814268814
75073,"sym_t3","L1",0.0823241181786409,0.0985608203329001
75073,"sym_t3","LSE",0.108585769933004,0.114048741589014
75074,"sym_t3","W10",0.101837576914275,0.0675947297792876
75074,"sym_t3","W11",0.101985876918449,0.0392224740187708
75074,"sym_t3","Huber",0.100382014241025,0.0752542182147758
75074,"sym_t3","L1",0.107454530522537,0.102073105309316
75074,"sym_t3","LSE",0.129115371824014,0.113912491173649
75075,"sym_t3","W10",0.11132943443774,0.137317663015132
75075,"sym_t3","W11",0.143892097418246,0.193464689547963
75075,"sym_t3","Huber",0.099147007382297,0.116425841139563
75075,"sym_t3","L1",0.148170789390288,0.196794415963167
75075,"sym_t3","LSE",0.0974758639573065,0.0630764055967444
75076,"sym_t3","W10",0.0980945129718465,0.0533574094368393
75076,"sym_t3","W11",0.0968078585761606,0.04777108090386
75076,"sym_t3","Huber",0.104810128854169,0.0601353065704251
75076,"sym_t3","L1",0.116458339643526,0.0951887440610857
75076,"sym_t3","LSE",0.137671642444187,0.0573489184831627
75077,"sym_t3","W10",0.0752627180040442,0.057621760411598
75077,"sym_t3","W11",0.0873070415903797,0.0847617330819262
75077,"sym_t3","Huber",0.080378575798017,0.057718401569658
75077,"sym_t3","L1",0.0786788448172571,0.077230102207036
75077,"sym_t3","LSE",0.115973911284297,0.0895077337238559
75078,"sym_t3","W10",0.0709319414840185,0.0692123806424868
75078,"sym_t3","W11",0.0594475004118662,0.0465321203987162
75078,"sym_t3","Huber",0.0851554009273142,0.0880225965889225
75078,"sym_t3","L1",0.0572481758285879,0.00304246677814346
75078,"sym_t3","LSE",0.135348224222284,0.167451168464687
75079,"sym_t3","W10",0.0671380063933192,0.0155453227935484
75079,"sym_t3","W11",0.0637577851127161,0.00988517007985135
75079,"sym_t3","Huber",0.0692936113289202,0.00769686671701314
75079,"sym_t3","L1",0.0864126764039963,0.055277873212037
75079,"sym_t3","LSE",0.0955026604107103,0.00961661430164967
75080,"sym_t3","W10",0.0925804454609427,0.0297940525530959
75080,"sym_t3","W11",0.0989508348789655,0.0684835853650155
75080,"sym_t3","Huber",0.0928691214565995,0.0203963306606396
75080,"sym_t3","L1",0.121173352120937,0.0693187836262584
75080,"sym_t3","LSE",0.117824074334232,0.0188209458478302
75081,"sym_t3","W10",0.0748636707021276,0.0117177614463143
75081,"sym_t3","W11",0.0889238742569742,0.0330833573695083
75081,"sym_t3","Huber",0.0822764037898629,0.011697762168208
75081,"sym_t3","L1",0.0762666121464751,0.00869502956921792
75081,"sym_t3","LSE",0.117989643149241,0.0482191597979457
75082,"sym_t3","W10",0.11651949172117,0.147281766593842
75082,"sym_t3","W11",0.117859800866031,0.149714599167544
75082,"sym_t3","Huber",0.11951866923283,0.155852537139146
75082,"sym_t3","L1",0.11509174790768,0.143773649747764
75082,"sym_t3","LSE",0.157319788439149,0.159439188659741
75083,"sym_t3","W10",0.110908092593849,0.000520512421374519
75083,"sym_t3","W11",0.110688466162345,0.0217899807585899
75083,"sym_t3","Huber",0.102960231952208,0.0152893167750072
75083,"sym_t3","L1",0.126686396149847,0.00676904307722037
75083,"sym_t3","LSE",0.132456646761794,0.0201702599623157
75084,"sym_t3","W10",0.080356106922546,0.0170186505167711
75084,"sym_t3","W11",0.0803554505068532,0.0688990009334636
75084,"sym_t3","Huber",0.0752385496278771,0.0218551497362072
75084,"sym_t3","L1",0.108517663605666,0.0206690510945429
75084,"sym_t3","LSE",0.0978785171963474,0.0877256148152616
75085,"sym_t3","W10",0.0640915109159601,0.0052874437539886
75085,"sym_t3","W11",0.08663371033069,0.0744433331572469
75085,"sym_t3","Huber",0.0590233254244462,0.00544128821821294
75085,"sym_t3","L1",0.0896956764494814,0.0648332780912239
75085,"sym_t3","LSE",0.119248406436922,0.0906095715353067
75086,"sym_t3","W10",0.122612281688271,0.026421471499318
75086,"sym_t3","W11",0.119235043047375,0.0085550285321449
75086,"sym_t3","Huber",0.123193797570753,0.0267271294423332
75086,"sym_t3","L1",0.140050930799891,0.017617356939112
75086,"sym_t3","LSE",0.135059005639253,0.061780471396924
75087,"sym_t3","W10",0.136895097715894,0.118323853905132
75087,"sym_t3","W11",0.121020811672893,0.0654369186030953
75087,"sym_t3","Huber",0.136909206205541,0.121754912945019
75087,"sym_t3","L1",0.144253339490343,0.0506497301906523
75087,"sym_t3","LSE",0.146154541739667,0.159264512487631
75088,"sym_t3","W10",0.130544009630589,0.0796109272757087
75088,"sym_t3","W11",0.126876126697531,0.042828985143617
75088,"sym_t3","Huber",0.13360395429526,0.0865336228786569
75088,"sym_t3","L1",0.129138559428158,0.0605910304983083
75088,"sym_t3","LSE",0.146862911072881,0.109511277280368
75089,"sym_t3","W10",0.0870878777930133,0.0331029372845439
75089,"sym_t3","W11",0.103902928632541,0.0777723541646467
75089,"sym_t3","Huber",0.0949923793583,0.0606605710839131
75089,"sym_t3","L1",0.151205397390124,0.118947784170399
75089,"sym_t3","LSE",0.136994681088699,0.129107603134925
75090,"sym_t3","W10",0.118135208661667,0.12334452618876
75090,"sym_t3","W11",0.110995872520126,0.0910752247223949
75090,"sym_t3","Huber",0.114856049592921,0.12685516745688
75090,"sym_t3","L1",0.145454510005496,0.121804853131526
75090,"sym_t3","LSE",0.12715944235149,0.157773227945054
75091,"sym_t3","W10",0.100999153420298,0.0753498239952147
75091,"sym_t3","W11",0.116857654827794,0.114803519894848
75091,"sym_t3","Huber",0.102232837618005,0.0763163893192295
75091,"sym_t3","L1",0.115878741399541,0.07000348170649
75091,"sym_t3","LSE",0.112025541314586,0.0607879909031049
75092,"sym_t3","W10",0.0679314052572814,0.0660592754377768
75092,"sym_t3","W11",0.0580436433832112,0.02744797361888
75092,"sym_t3","Huber",0.0676550134693906,0.069061149425772
75092,"sym_t3","L1",0.0856507566446869,0.0185826748782736
75092,"sym_t3","LSE",0.0779551632890054,0.0926145314554936
75093,"sym_t3","W10",0.0538379471397332,0.0200192120973908
75093,"sym_t3","W11",0.0662596929777093,0.0583376367526679
75093,"sym_t3","Huber",0.0560960060081935,0.00821520619267835
75093,"sym_t3","L1",0.0672999715111236,0.0583448972108301
75093,"sym_t3","LSE",0.0941819643973476,0.0190071059639498
75094,"sym_t3","W10",0.0900319509663971,0.0542513419555151
75094,"sym_t3","W11",0.0910894287095628,0.0152719075227554
75094,"sym_t3","Huber",0.087286690755753,0.0622023023520184
75094,"sym_t3","L1",0.0754092602877207,0.00313484176713824
75094,"sym_t3","LSE",0.119515340916527,0.110854925271916
75095,"sym_t3","W10",0.130673696641708,0.161525791669021
75095,"sym_t3","W11",0.136053507618099,0.171764544614471
75095,"sym_t3","Huber",0.129271450908065,0.163887501882926
75095,"sym_t3","L1",0.136343695004295,0.175024205782742
75095,"sym_t3","LSE",0.150324094543758,0.187932377859096
75096,"sym_t3","W10",0.0710045733096734,0.102110469196546
75096,"sym_t3","W11",0.0745119846268998,0.109027643737426
75096,"sym_t3","Huber",0.0769413030464478,0.093171004246122
75096,"sym_t3","L1",0.0621233701885698,0.0751564580460838
75096,"sym_t3","LSE",0.101701662991608,0.0128285546803406
75097,"sym_t3","W10",0.0811561228056113,0.0335670613116254
75097,"sym_t3","W11",0.0926403687075501,0.0996748163751075
75097,"sym_t3","Huber",0.0788208850741883,0.0204089628781601
75097,"sym_t3","L1",0.0812647701057204,0.0198617991589129
75097,"sym_t3","LSE",0.103335226140625,0.0259490158168648
75098,"sym_t3","W10",0.0533756262743627,0.0238186065570293
75098,"sym_t3","W11",0.0533969534908636,0.0317968472184621
75098,"sym_t3","Huber",0.0564862444107785,0.028148312122505
75098,"sym_t3","L1",0.0974704470121294,0.00978517162800263
75098,"sym_t3","LSE",0.0526740689442862,0.0578914181757376
75099,"sym_t3","W10",0.119060299920965,0.0314743782829955
75099,"sym_t3","W11",0.117560624593496,0.0250681440673572
75099,"sym_t3","Huber",0.124437075702031,0.0245252710501952
75099,"sym_t3","L1",0.128572829280174,0.0303003276844599
75099,"sym_t3","LSE",0.116096346937556,0.0389093527036919
75100,"sym_t3","W10",0.0786632151143643,0.0919519752680122
75100,"sym_t3","W11",0.0845274231274499,0.107934889109967
75100,"sym_t3","Huber",0.0948261112667742,0.115043811001598
75100,"sym_t3","L1",0.130576569563315,0.151089320453489
75100,"sym_t3","LSE",0.11649424852893,0.136131333974443
75101,"sym_t3","W10",0.147921705006249,0.21162003142012
75101,"sym_t3","W11",0.109696291373121,0.149556845897168
75101,"sym_t3","Huber",0.147526080749568,0.215257850417877
75101,"sym_t3","L1",0.187437038064271,0.279346648801793
75101,"sym_t3","LSE",0.269242705005928,0.289405152850497
75102,"sym_t3","W10",0.0497705978004758,0.0118654298284115
75102,"sym_t3","W11",0.0505197340948167,0.000103745933215604
75102,"sym_t3","Huber",0.0580050351410836,0.0374663493671862
75102,"sym_t3","L1",0.105306007216596,0.0392345034952553
75102,"sym_t3","LSE",0.126763758885826,0.141209851570632
75103,"sym_t3","W10",0.106559188243511,0.0804034795666996
75103,"sym_t3","W11",0.143047105083586,0.151861519243473
75103,"sym_t3","Huber",0.128572648400579,0.084267021018308
75103,"sym_t3","L1",0.114254711383006,0.0768676295007283
75103,"sym_t3","LSE",0.183602470565177,0.0743358591669946
75104,"sym_t3","W10",0.0922541515902733,0.0713650362442174
75104,"sym_t3","W11",0.0899691104501144,0.0580534603937398
75104,"sym_t3","Huber",0.0942674890810025,0.0547385589956546
75104,"sym_t3","L1",0.108880415266943,0.0663097447017085
75104,"sym_t3","LSE",0.115918540659846,0.0935052458832717
75105,"sym_t3","W10",0.0770501483911355,0.0648549862046826
75105,"sym_t3","W11",0.0664973548608279,0.048315950057385
75105,"sym_t3","Huber",0.0769920381261153,0.0671044320180956
75105,"sym_t3","L1",0.0737691610947338,0.0197406121173741
75105,"sym_t3","LSE",0.122514635391937,0.0261663489600846
75106,"sym_t3","W10",0.0454476506999043,0.0278558428485922
75106,"sym_t3","W11",0.0413831488241515,0.0217217082766102
75106,"sym_t3","Huber",0.04687841327957,0.0289140745307589
75106,"sym_t3","L1",0.0437251220495639,0.0529708116698132
75106,"sym_t3","LSE",0.0908038498985762,0.0467246102105488
75107,"sym_t3","W10",0.0762365837107304,0.0084818475239905
75107,"sym_t3","W11",0.0756743580634653,0.0158127291303284
75107,"sym_t3","Huber",0.0796281355179353,0.0192236935857032
75107,"sym_t3","L1",0.098379280027273,0.0843326519489918
75107,"sym_t3","LSE",0.0909735725634945,0.0373809950606411
75108,"sym_t3","W10",0.125831747988214,0.0305029514659807
75108,"sym_t3","W11",0.137590758001742,0.0334680896289821
75108,"sym_t3","Huber",0.116354733293484,0.0473766312885963
75108,"sym_t3","L1",0.0944554692139211,0.013978996748658
75108,"sym_t3","LSE",0.119774924888711,0.112004855949375
75109,"sym_t3","W10",0.0920081936898791,0.0180664631825874
75109,"sym_t3","W11",0.086030049162138,0.0475567518690587
75109,"sym_t3","Huber",0.0946190697883926,0.0202011409706925
75109,"sym_t3","L1",0.114850492688647,0.00304730705139378
75109,"sym_t3","LSE",0.130965131938346,0.017487507686176
75110,"sym_t3","W10",0.124053679215182,0.0628162057521353
75110,"sym_t3","W11",0.131655110224528,0.0777805361083909
75110,"sym_t3","Huber",0.112144453939706,0.0328800997730516
75110,"sym_t3","L1",0.113638647628608,0.0484695814399382
75110,"sym_t3","LSE",0.101273077579959,0.00629042334417573
75111,"sym_t3","W10",0.0578576749111416,0.0457401533868804
75111,"sym_t3","W11",0.0446253577771479,0.0257634047858322
75111,"sym_t3","Huber",0.0568611002845754,0.0467140271330979
75111,"sym_t3","L1",0.0645458226960879,0.0550031881721202
75111,"sym_t3","LSE",0.0827925309483037,0.0611465585260927
75112,"sym_t3","W10",0.111120185541632,0.0462952007745674
75112,"sym_t3","W11",0.133195832004569,0.0703445872425939
75112,"sym_t3","Huber",0.119658036062277,0.0554309913032991
75112,"sym_t3","L1",0.139390046680107,0.0393067353006035
75112,"sym_t3","LSE",0.179620187776641,0.14711212259339
75113,"sym_t3","W10",0.131383313656846,0.0330924980098612
75113,"sym_t3","W11",0.13135308226599,0.0397742903880814
75113,"sym_t3","Huber",0.143357489096024,0.0237668365994933
75113,"sym_t3","L1",0.135081545737097,0.00715606143615072
75113,"sym_t3","LSE",0.206567306604526,0.0129189332711321
75114,"sym_t3","W10",0.0947865487523688,0.00930471922775417
75114,"sym_t3","W11",0.0940256133338118,0.00704447525797275
75114,"sym_t3","Huber",0.100848812605318,0.0177809945664944
75114,"sym_t3","L1",0.100174452311124,0.0265465297013161
75114,"sym_t3","LSE",0.122025208140089,0.0266250679465172
75115,"sym_t3","W10",0.171300293577824,0.175994527700019
75115,"sym_t3","W11",0.206429646719595,0.222366438496719
75115,"sym_t3","Huber",0.181814132175272,0.197056405629059
75115,"sym_t3","L1",0.192445855391784,0.176737478298997
75115,"sym_t3","LSE",0.221850686334132,0.253710902347046
75116,"sym_t3","W10",0.0688897382725417,0.0122640883822611
75116,"sym_t3","W11",0.0766658768761222,0.0286481579617934
75116,"sym_t3","Huber",0.0627203668152395,0.00897470538612399
75116,"sym_t3","L1",0.0470175712424131,0.00246010538524188
75116,"sym_t3","LSE",0.059953202053688,0.0336628432371512
75117,"sym_t3","W10",0.0977325968260956,0.0275977238908851
75117,"sym_t3","W11",0.0997811810548335,0.0480609701852742
75117,"sym_t3","Huber",0.0924751800761474,0.0297124537295975
75117,"sym_t3","L1",0.0864391496466209,0.0241527120193504
75117,"sym_t3","LSE",0.106731249746642,0.00187327372295637
75118,"sym_t3","W10",0.071051115374764,0.0220719435347306
75118,"sym_t3","W11",0.0732139043013567,0.0525400719875943
75118,"sym_t3","Huber",0.0820119224480127,0.0128880588333705
75118,"sym_t3","L1",0.088458843474723,0.00863271215301947
75118,"sym_t3","LSE",0.240810424918698,0.0533898130841821
75119,"sym_t3","W10",0.164059481266742,0.0767722511022761
75119,"sym_t3","W11",0.187072032820597,0.0240578033653108
75119,"sym_t3","Huber",0.159659008011407,0.0702964470836588
75119,"sym_t3","L1",0.160951223468177,0.0562454830620757
75119,"sym_t3","LSE",0.14836464865976,0.0466835770431525
75120,"sym_t3","W10",0.0976809738912524,0.00866035157032047
75120,"sym_t3","W11",0.0903173026527631,0.019421509858311
75120,"sym_t3","Huber",0.0899133420372836,0.00722002484074069
75120,"sym_t3","L1",0.107811778858897,0.0365591662433324
75120,"sym_t3","LSE",0.0860093327142328,0.0336512436105465
75121,"sym_t3","W10",0.100040483842765,0.0665696116105325
75121,"sym_t3","W11",0.100661462721113,0.08713752311906
75121,"sym_t3","Huber",0.102504834022227,0.0597305353668323
75121,"sym_t3","L1",0.0821553025869382,0.0515800516926622
75121,"sym_t3","LSE",0.15752911277939,0.073447411543167
75122,"sym_t3","W10",0.0382500229279547,0.02331050529519
75122,"sym_t3","W11",0.0463959335945831,0.0551523193217321
75122,"sym_t3","Huber",0.027528397416603,0.00767387606400394
75122,"sym_t3","L1",0.0735823594090559,0.0471604371349341
75122,"sym_t3","LSE",0.0531569642843263,0.0318760210293735
75123,"sym_t3","W10",0.0604629595332365,0.0021666676049763
75123,"sym_t3","W11",0.0656615104091728,0.015753252798047
75123,"sym_t3","Huber",0.0560093160394475,0.000944615132066784
75123,"sym_t3","L1",0.0538657346986513,0.00121102409668028
75123,"sym_t3","LSE",0.0919738769885668,0.0507504104789044
75124,"sym_t3","W10",0.0641124396317095,0.0346083645170863
75124,"sym_t3","W11",0.074682917593727,0.0411966006833998
75124,"sym_t3","Huber",0.0729335164421882,0.0393189359484583
75124,"sym_t3","L1",0.0712422156217174,0.00210825382023638
75124,"sym_t3","LSE",0.207565350272162,0.15532460299572
75125,"sym_t3","W10",0.10250426772013,0.0711370082520789
75125,"sym_t3","W11",0.182583100516962,0.164743639788832
75125,"sym_t3","Huber",0.110120997824894,0.0518964948622962
75125,"sym_t3","L1",0.114244875425229,0.0806619883451379
75125,"sym_t3","LSE",0.152398478791383,0.089111095080967
75126,"sym_t3","W10",0.0608975460266112,0.0248264508976674
75126,"sym_t3","W11",0.0590759890833755,0.0192512591408297
75126,"sym_t3","Huber",0.0636462546040794,0.0307662698628242
75126,"sym_t3","L1",0.0815659561378445,0.0357553058569737
75126,"sym_t3","LSE",0.104593936346195,0.070336178196521
75127,"sym_t3","W10",0.0919168375020335,0.0431964477729988
75127,"sym_t3","W11",0.0986140511032685,0.00187365068990186
75127,"sym_t3","Huber",0.0926864363192282,0.0448139100714552
75127,"sym_t3","L1",0.104938389389187,0.0273709773302466
75127,"sym_t3","LSE",0.0892390822199846,0.0596404509820747
75128,"sym_t3","W10",0.136003903828444,0.0801177944003963
75128,"sym_t3","W11",0.175417339020252,0.128072982600278
75128,"sym_t3","Huber",0.118373488052109,0.0674485978472056
75128,"sym_t3","L1",0.134398241457507,0.0978687337638892
75128,"sym_t3","LSE",0.105562335470346,0.0174931289009051
75129,"sym_t3","W10",0.106810819495751,0.122732480307532
75129,"sym_t3","W11",0.0905459001431635,0.099969886626141
75129,"sym_t3","Huber",0.105394269898762,0.124522968553206
75129,"sym_t3","L1",0.105124351751072,0.117637492648054
75129,"sym_t3","LSE",0.140160848648032,0.187723803851065
75130,"sym_t3","W10",0.111025255172368,0.0981392897277081
75130,"sym_t3","W11",0.105102272044911,0.0858560730218115
75130,"sym_t3","Huber",0.119592540576354,0.0921011801379561
75130,"sym_t3","L1",0.14407375297788,0.103929661592028
75130,"sym_t3","LSE",0.120951306073208,0.079740793565516
75131,"sym_t3","W10",0.0640108788992218,0.0336006387344949
75131,"sym_t3","W11",0.119460884498529,0.11375270718735
75131,"sym_t3","Huber",0.0577846392457873,0.0495677889545182
75131,"sym_t3","L1",0.0940466187274147,0.109935337809303
75131,"sym_t3","LSE",0.0330184151157894,0.00574213613987107
75132,"sym_t3","W10",0.0568939049742375,0.0174519139775868
75132,"sym_t3","W11",0.0757463048087276,0.0736276141615044
75132,"sym_t3","Huber",0.0593779607951311,0.019725290920328
75132,"sym_t3","L1",0.105044547806733,0.0811272457946698
75132,"sym_t3","LSE",0.0958469498613941,0.0444324831262711
75133,"sym_t3","W10",0.081919869687318,0.0714911700765918
75133,"sym_t3","W11",0.13817325236053,0.1392916198959
75133,"sym_t3","Huber",0.0841776643512732,0.0703627977383565
75133,"sym_t3","L1",0.0945464631742536,0.0860859766645619
75133,"sym_t3","LSE",0.121316339877939,0.0824056466666248
75134,"sym_t3","W10",0.0947381852755496,0.07306231832653
75134,"sym_t3","W11",0.0842010515051212,0.0531088337287411
75134,"sym_t3","Huber",0.0983675844503072,0.0804514704949334
75134,"sym_t3","L1",0.124253657434747,0.0503488718882085
75134,"sym_t3","LSE",0.110587505070366,0.0679282389697015
75135,"sym_t3","W10",0.0979216774841962,0.118403225135805
75135,"sym_t3","W11",0.0936883742286214,0.111648028482973
75135,"sym_t3","Huber",0.100873216634612,0.123755560136337
75135,"sym_t3","L1",0.112248098525098,0.144357848926084
75135,"sym_t3","LSE",0.293536948547194,0.388398955627846
75136,"sym_t3","W10",0.0717505596445472,0.0679606732483145
75136,"sym_t3","W11",0.0588726625790364,0.0106021067571773
75136,"sym_t3","Huber",0.0834319552855997,0.0821086929832402
75136,"sym_t3","L1",0.108190096450411,0.11930489635158
75136,"sym_t3","LSE",0.16732950529803,0.147675371267396
75137,"sym_t3","W10",0.122997006516344,0.0581897765578643
75137,"sym_t3","W11",0.1181880266666,0.0238816080982248
75137,"sym_t3","Huber",0.126862796401824,0.0649229948382465
75137,"sym_t3","L1",0.0963675259061736,0.00935700580307186
75137,"sym_t3","LSE",0.15339550901415,0.0860409551963023
75138,"sym_t3","W10",0.109340334984641,0.0379482289216101
75138,"sym_t3","W11",0.113972674192404,0.0475673627709756
75138,"sym_t3","Huber",0.117686014134008,0.0236797201514361
75138,"sym_t3","L1",0.100728254860202,0.0165383011148291
75138,"sym_t3","LSE",0.31806107806822,0.048915441930083
75139,"sym_t3","W10",0.142543000624845,0.16393592087181
75139,"sym_t3","W11",0.0858261530561345,0.0391303283891586
75139,"sym_t3","Huber",0.147043293732377,0.172883865131228
75139,"sym_t3","L1",0.0897610134687219,0.101225230189536
75139,"sym_t3","LSE",0.124188316588915,0.144783125016724
75140,"sym_t3","W10",0.0732893496973705,0.0100336704653772
75140,"sym_t3","W11",0.0621983723702477,0.00618712206540573
75140,"sym_t3","Huber",0.0900610213864042,0.0277518419894665
75140,"sym_t3","L1",0.0486263380306382,0.0385276923522433
75140,"sym_t3","LSE",0.217089618992088,0.185451404664808
75141,"sym_t3","W10",0.0916134068958402,0.0984908431829208
75141,"sym_t3","W11",0.0694633584464726,0.0513352446266309
75141,"sym_t3","Huber",0.0873276744827936,0.100693730475567
75141,"sym_t3","L1",0.0852187257161361,0.108878458662796
75141,"sym_t3","LSE",0.117596672595563,0.161776204377314
75142,"sym_t3","W10",0.142660512856239,0.0643147451750193
75142,"sym_t3","W11",0.118158992354168,0.0036338056203053
75142,"sym_t3","Huber",0.14550171892575,0.0743799501015956
75142,"sym_t3","L1",0.0948397193042388,0.011576174810243
75142,"sym_t3","LSE",0.19786743470519,0.0417426332291365
75143,"sym_t3","W10",0.0644688250441966,0.0524517821936136
75143,"sym_t3","W11",0.0526902607957905,0.0289805995278684
75143,"sym_t3","Huber",0.0772515138013271,0.0600395185353017
75143,"sym_t3","L1",0.115619237326934,0.0754233723821399
75143,"sym_t3","LSE",0.165886735385083,0.171533984454221
75144,"sym_t3","W10",0.0712523394707985,0.0566529240696897
75144,"sym_t3","W11",0.0655801389226294,0.0176467624407428
75144,"sym_t3","Huber",0.0642830573000049,0.053966955877189
75144,"sym_t3","L1",0.062937061448658,0.00390368845530575
75144,"sym_t3","LSE",0.121592856385121,0.0320492811212217
75145,"sym_t3","W10",0.130892326485067,0.123004920122325
75145,"sym_t3","W11",0.118648700395074,0.101382742246734
75145,"sym_t3","Huber",0.127517129140023,0.129938779841997
75145,"sym_t3","L1",0.106350867340191,0.0778100663621358
75145,"sym_t3","LSE",0.136682771689452,0.128624550473151
75146,"sym_t3","W10",0.121093814294948,0.0804800948880415
75146,"sym_t3","W11",0.121602532789942,0.0827144714716033
75146,"sym_t3","Huber",0.114752842963006,0.0694482459831781
75146,"sym_t3","L1",0.0872920830890383,0.0153404086977164
75146,"sym_t3","LSE",0.104089733503204,0.040579041499986
75147,"sym_t3","W10",0.0982415037142858,0.054258687300052
75147,"sym_t3","W11",0.088186357774701,0.0356284267695197
75147,"sym_t3","Huber",0.101948567987463,0.0614063735786466
75147,"sym_t3","L1",0.105415997345797,0.063567480638229
75147,"sym_t3","LSE",0.145958298083553,0.0657486208280723
75148,"sym_t3","W10",0.145307221578649,0.0482549982376737
75148,"sym_t3","W11",0.173690260602589,0.0965517500784888
75148,"sym_t3","Huber",0.134993881677871,0.0125978538841052
75148,"sym_t3","L1",0.202137512933208,0.138173581066655
75148,"sym_t3","LSE",0.206879268537586,0.13107329772757
75149,"sym_t3","W10",0.117888037394849,0.141297599932226
75149,"sym_t3","W11",0.12346802992776,0.164125540196486
75149,"sym_t3","Huber",0.120774788287749,0.140457321580242
75149,"sym_t3","L1",0.117646946810379,0.105164771742352
75149,"sym_t3","LSE",0.139570959266624,0.120444809688415
75150,"sym_t3","W10",0.0762685001893487,0.0377843759148038
75150,"sym_t3","W11",0.102574257142195,0.0787708462215303
75150,"sym_t3","Huber",0.072209661234554,0.0416823352967972
75150,"sym_t3","L1",0.11201830030968,0.112896386881988
75150,"sym_t3","LSE",0.106400871368325,0.0107335351172401
75001,"exp_skew","W10",0.16755626626964,0.202586076076015
75001,"exp_skew","W11",0.389409265010123,0.466126690300593
75001,"exp_skew","Huber",0.140709874842737,0.166728216483998
75001,"exp_skew","L1",0.33478783688986,0.432907145573348
75001,"exp_skew","LSE",0.0848986376976884,0.00138753358170973
75002,"exp_skew","W10",0.155722558767879,0.163325276732339
75002,"exp_skew","W11",0.404743200566639,0.41111568414811
75002,"exp_skew","Huber",0.153009889859641,0.159992744619154
75002,"exp_skew","L1",0.228417311578022,0.179973721711415
75002,"exp_skew","LSE",0.102990783076015,0.0568755139631111
75003,"exp_skew","W10",0.242946713003937,0.191679811451559
75003,"exp_skew","W11",0.433848914105414,0.461981759896724
75003,"exp_skew","Huber",0.215855251122617,0.141207279399495
75003,"exp_skew","L1",0.331155886404655,0.312370372023359
75003,"exp_skew","LSE",0.206538193365797,0.127875177727358
75004,"exp_skew","W10",0.262940823160929,0.249006931191469
75004,"exp_skew","W11",0.453781971896519,0.431952414145144
75004,"exp_skew","Huber",0.246844312460219,0.241635539989185
75004,"exp_skew","L1",0.358072525863672,0.343966758265451
75004,"exp_skew","LSE",0.13639561430338,0.112267977341221
75005,"exp_skew","W10",0.257828558507305,0.346167056452445
75005,"exp_skew","W11",0.437301142455187,0.495768530390421
75005,"exp_skew","Huber",0.245803093213488,0.335362559321269
75005,"exp_skew","L1",0.334892273102773,0.496451186108704
75005,"exp_skew","LSE",0.140236993002509,0.143797660599646
75006,"exp_skew","W10",0.172662438886898,0.156610463658583
75006,"exp_skew","W11",0.362884228395965,0.388089153270516
75006,"exp_skew","Huber",0.170912849462783,0.154473752813136
75006,"exp_skew","L1",0.256823142713001,0.26330043491196
75006,"exp_skew","LSE",0.136008343964903,0.00239206343209564
75007,"exp_skew","W10",0.128236322666526,0.143817115712492
75007,"exp_skew","W11",0.297045486572297,0.313129193295308
75007,"exp_skew","Huber",0.111676628072507,0.121201053117752
75007,"exp_skew","L1",0.22278445943625,0.287894074926528
75007,"exp_skew","LSE",0.116844788108489,0.053505140283473
75008,"exp_skew","W10",0.221390349737763,0.230857461610526
75008,"exp_skew","W11",0.421200055445155,0.420147281732448
75008,"exp_skew","Huber",0.211316971359959,0.203624483566562
75008,"exp_skew","L1",0.337020175484018,0.353711739572091
75008,"exp_skew","LSE",0.166584412001408,0.000572709724188325
75009,"exp_skew","W10",0.248601669350551,0.324182906547309
75009,"exp_skew","W11",0.412447515225912,0.498917351888158
75009,"exp_skew","Huber",0.220885943552198,0.290862121639956
75009,"exp_skew","L1",0.356576141011172,0.462802968756071
75009,"exp_skew","LSE",0.108565878327663,0.0784514441669348
75010,"exp_skew","W10",0.18973603197416,0.0933113793297752
75010,"exp_skew","W11",0.418098413060389,0.329941117881769
75010,"exp_skew","Huber",0.151754769552921,0.0712295183157638
75010,"exp_skew","L1",0.295726206665085,0.178845753367663
75010,"exp_skew","LSE",0.148806541464007,0.120219528315572
75011,"exp_skew","W10",0.117646621542641,0.047920476033829
75011,"exp_skew","W11",0.31162489793761,0.302566471452261
75011,"exp_skew","Huber",0.116312369555933,0.0315734079781305
75011,"exp_skew","L1",0.174527821976246,0.0700605993316796
75011,"exp_skew","LSE",0.17283144316956,0.17735504136672
75012,"exp_skew","W10",0.153066573570446,0.135615490982382
75012,"exp_skew","W11",0.323165004906748,0.31723798508528
75012,"exp_skew","Huber",0.146725287697018,0.142108673272805
75012,"exp_skew","L1",0.234209514480963,0.201707893255066
75012,"exp_skew","LSE",0.0955253051577559,0.0614840095622929
75013,"exp_skew","W10",0.239539439528865,0.162339883144004
75013,"exp_skew","W11",0.444147195721367,0.406844898820445
75013,"exp_skew","Huber",0.226137062696967,0.148333617750756
75013,"exp_skew","L1",0.3294525535887,0.269969485398837
75013,"exp_skew","LSE",0.132259774830249,0.00841859017717533
75014,"exp_skew","W10",0.218934749862383,0.274448014732437
75014,"exp_skew","W11",0.383367792809469,0.434570290829765
75014,"exp_skew","Huber",0.199224029504667,0.243947070107751
75014,"exp_skew","L1",0.31379354336336,0.359809954723037
75014,"exp_skew","LSE",0.130441339588746,0.0436865350582327
75015,"exp_skew","W10",0.305198764947424,0.338589832505057
75015,"exp_skew","W11",0.513430374968102,0.541047353849493
75015,"exp_skew","Huber",0.286806972885888,0.316920415750956
75015,"exp_skew","L1",0.389456061733305,0.376604010084522
75015,"exp_skew","LSE",0.145228927917813,0.12389580270444
75016,"exp_skew","W10",0.165962536694033,0.0826097360825095
75016,"exp_skew","W11",0.411002896264977,0.317402221428901
75016,"exp_skew","Huber",0.132951214194079,0.0488895821094934
75016,"exp_skew","L1",0.261182573322263,0.135124610366022
75016,"exp_skew","LSE",0.195713021185358,0.232640593906824
75017,"exp_skew","W10",0.0516439494087389,0.0414595162509721
75017,"exp_skew","W11",0.295604353702286,0.26921328359925
75017,"exp_skew","Huber",0.042978817653366,0.028439595815599
75017,"exp_skew","L1",0.115151901536543,0.0837099758715324
75017,"exp_skew","LSE",0.152636453767098,0.143755915378688
75018,"exp_skew","W10",0.133207304909135,0.0879820402602987
75018,"exp_skew","W11",0.399915231382544,0.383338255358655
75018,"exp_skew","Huber",0.11482807829151,0.071083066716892
75018,"exp_skew","L1",0.295184882110192,0.258902877942181
75018,"exp_skew","LSE",0.106219127271373,0.124336723217687
75019,"exp_skew","W10",0.241715449240905,0.221833623578054
75019,"exp_skew","W11",0.436423721649064,0.385716803224169
75019,"exp_skew","Huber",0.221464561205282,0.210174963037172
75019,"exp_skew","L1",0.355950669196749,0.299207949494453
75019,"exp_skew","LSE",0.141141257976702,0.16518187034294
75020,"exp_skew","W10",0.26421193794425,0.289436201690684
75020,"exp_skew","W11",0.469247804136794,0.526814949613975
75020,"exp_skew","Huber",0.229074311233938,0.268090410931814
75020,"exp_skew","L1",0.381280773492692,0.437668205738386
75020,"exp_skew","LSE",0.163152966934778,0.0324964986857029
75021,"exp_skew","W10",0.218165569559314,0.247943969409124
75021,"exp_skew","W11",0.40570390566887,0.449856551564391
75021,"exp_skew","Huber",0.192398597674228,0.206242010953538
75021,"exp_skew","L1",0.343207813457482,0.369205356932696
75021,"exp_skew","LSE",0.114520779962223,0.00567069197590298
75022,"exp_skew","W10",0.162846347001753,0.143558490813432
75022,"exp_skew","W11",0.411109801282603,0.421390196395685
75022,"exp_skew","Huber",0.127618321554966,0.108321520766953
75022,"exp_skew","L1",0.30788399287574,0.326033188739023
75022,"exp_skew","LSE",0.167504387301693,0.146884994887087
75023,"exp_skew","W10",0.237575285572346,0.246220319476357
75023,"exp_skew","W11",0.393691279656003,0.405939069873014
75023,"exp_skew","Huber",0.215981323945383,0.228118901395907
75023,"exp_skew","L1",0.312314096943684,0.344853216411692
75023,"exp_skew","LSE",0.0810761800247306,0.0452047721802782
75024,"exp_skew","W10",0.241432139239379,0.241376626148531
75024,"exp_skew","W11",0.437074345303122,0.450867110063872
75024,"exp_skew","Huber",0.230415889283699,0.228789528869038
75024,"exp_skew","L1",0.325632661133988,0.348506452175115
75024,"exp_skew","LSE",0.107341366806131,0.0722002991546307
75025,"exp_skew","W10",0.242366542829975,0.277314049348434
75025,"exp_skew","W11",0.428686571443324,0.487721627269764
75025,"exp_skew","Huber",0.20779458670382,0.220481114102263
75025,"exp_skew","L1",0.352410052549088,0.448151549790188
75025,"exp_skew","LSE",0.083177379535461,0.013865515007204
75026,"exp_skew","W10",0.137713820441991,0.140163065382093
75026,"exp_skew","W11",0.330025205380363,0.378971772656647
75026,"exp_skew","Huber",0.116583125210736,0.114119531964534
75026,"exp_skew","L1",0.224755195320436,0.210559342267516
75026,"exp_skew","LSE",0.100845891563326,0.0989622727797013
75027,"exp_skew","W10",0.235713101831564,0.201753537928003
75027,"exp_skew","W11",0.480950247361929,0.448485486643357
75027,"exp_skew","Huber",0.195169947002648,0.167685553886924
75027,"exp_skew","L1",0.368586028590854,0.287412660039059
75027,"exp_skew","LSE",0.071495338497188,0.0333246694062112
75028,"exp_skew","W10",0.212858788165726,0.267845938049164
75028,"exp_skew","W11",0.434182916467392,0.481040981474308
75028,"exp_skew","Huber",0.197818399309741,0.250172945581442
75028,"exp_skew","L1",0.338486477420169,0.436379134312516
75028,"exp_skew","LSE",0.142151323096041,0.0513584461141261
75029,"exp_skew","W10",0.353716401899185,0.364287710310745
75029,"exp_skew","W11",0.499299728699949,0.53387644575319
75029,"exp_skew","Huber",0.30526693193928,0.294630212318153
75029,"exp_skew","L1",0.422965296725145,0.438275897888708
75029,"exp_skew","LSE",0.123844719278192,0.00890354692793638
75030,"exp_skew","W10",0.286468004947165,0.305109462746876
75030,"exp_skew","W11",0.482101453039546,0.485096104484926
75030,"exp_skew","Huber",0.242276179499799,0.239772615019419
75030,"exp_skew","L1",0.383743499199108,0.304915348706636
75030,"exp_skew","LSE",0.14096784280513,0.0545491326771771
75031,"exp_skew","W10",0.227231709180915,0.193020008825677
75031,"exp_skew","W11",0.40996616681012,0.399684584213421
75031,"exp_skew","Huber",0.197380467702212,0.173897340344537
75031,"exp_skew","L1",0.314623449341622,0.29279942498906
75031,"exp_skew","LSE",0.0788853009072173,0.0566502772591823
75032,"exp_skew","W10",0.124971309244615,0.054356107373271
75032,"exp_skew","W11",0.391536920384784,0.360276244916191
75032,"exp_skew","Huber",0.0875093488455877,0.0230461393752264
75032,"exp_skew","L1",0.255557531557398,0.161249648668914
75032,"exp_skew","LSE",0.1688998916459,0.185111440983524
75033,"exp_skew","W10",0.427793676314581,0.474633237977155
75033,"exp_skew","W11",0.573465645664222,0.619026478731923
75033,"exp_skew","Huber",0.389551081988239,0.431535265267481
75033,"exp_skew","L1",0.504521077207911,0.506578268516741
75033,"exp_skew","LSE",0.265500520204021,0.289486885287609
75034,"exp_skew","W10",0.234419769081661,0.271399635300399
75034,"exp_skew","W11",0.437742566487433,0.513927721307083
75034,"exp_skew","Huber",0.220472471537023,0.246940775356155
75034,"exp_skew","L1",0.357836939369235,0.414312283639506
75034,"exp_skew","LSE",0.128192373463044,0.0540276343823137
75035,"exp_skew","W10",0.275220992662559,0.245337378253173
75035,"exp_skew","W11",0.476453719547826,0.462808679073295
75035,"exp_skew","Huber",0.25298767932971,0.211377155034524
75035,"exp_skew","L1",0.393122223951672,0.332897645479879
75035,"exp_skew","LSE",0.122834298400133,0.0024255990009624
75036,"exp_skew","W10",0.334328881832295,0.384747014961626
75036,"exp_skew","W11",0.513154910593948,0.541349134361812
75036,"exp_skew","Huber",0.293649538916154,0.352205841544496
75036,"exp_skew","L1",0.445075469791362,0.509784865895908
75036,"exp_skew","LSE",0.162369640712606,0.193776401959028
75037,"exp_skew","W10",0.134408574033304,0.119561553004514
75037,"exp_skew","W11",0.325400082680078,0.380703704333033
75037,"exp_skew","Huber",0.137193496656632,0.122835215537232
75037,"exp_skew","L1",0.184421861418304,0.200379250093868
75037,"exp_skew","LSE",0.111232103700519,0.0143718072170096
75038,"exp_skew","W10",0.169915157138727,0.219692556105
75038,"exp_skew","W11",0.371455060122067,0.389620567239012
75038,"exp_skew","Huber",0.162871907784949,0.212689445313263
75038,"exp_skew","L1",0.251629996848533,0.316089997322758
75038,"exp_skew","LSE",0.137056107380103,0.124349128780753
75039,"exp_skew","W10",0.203395830432449,0.2402056830091
75039,"exp_skew","W11",0.425844382814847,0.45019466769137
75039,"exp_skew","Huber",0.185278919184635,0.21362422824781
75039,"exp_skew","L1",0.321296317184152,0.325593435422358
75039,"exp_skew","LSE",0.0830322084112968,0.0104178180710106
75040,"exp_skew","W10",0.347136154370358,0.389199640793361
75040,"exp_skew","W11",0.523812692706276,0.553832717667131
75040,"exp_skew","Huber",0.307746120567,0.333934320027011
75040,"exp_skew","L1",0.40371930389146,0.479612658927024
75040,"exp_skew","LSE",0.10000395488365,0.0603202436061983
75041,"exp_skew","W10",0.261736067573552,0.18910912219515
75041,"exp_skew","W11",0.456886997767237,0.398941501305889
75041,"exp_skew","Huber",0.241860881661634,0.175714481728723
75041,"exp_skew","L1",0.339029166267445,0.296947633646052
75041,"exp_skew","LSE",0.199509509558291,0.051020707499337
75042,"exp_skew","W10",0.233480105269018,0.209247462678425
75042,"exp_skew","W11",0.445607118719169,0.415502247374176
75042,"exp_skew","Huber",0.184312089911054,0.16278120350304
75042,"exp_skew","L1",0.387144980705006,0.41211911172949
75042,"exp_skew","LSE",0.0886875755812125,0.0970708631118026
75043,"exp_skew","W10",0.170409339863046,0.20751054991722
75043,"exp_skew","W11",0.378515270006438,0.473170594556637
75043,"exp_skew","Huber",0.146675822179347,0.171354802099688
75043,"exp_skew","L1",0.25566413749289,0.339397529307164
75043,"exp_skew","LSE",0.0979576551455124,0.0359106463420829
75044,"exp_skew","W10",0.167571585729216,0.154368704142626
75044,"exp_skew","W11",0.370598957277064,0.391412204998714
75044,"exp_skew","Huber",0.140247045556831,0.115718793730561
75044,"exp_skew","L1",0.320089978363307,0.377816732743132
75044,"exp_skew","LSE",0.143613019762406,0.0725670082619655
75045,"exp_skew","W10",0.151835511844279,0.0693280183324818
75045,"exp_skew","W11",0.390352061920865,0.345062225810802
75045,"exp_skew","Huber",0.139429305804749,0.048567806449266
75045,"exp_skew","L1",0.295061431674926,0.221644734256224
75045,"exp_skew","LSE",0.150305670694608,0.137401768322955
75046,"exp_skew","W10",0.326717733360911,0.385484790660106
75046,"exp_skew","W11",0.527371025809596,0.537582526679808
75046,"exp_skew","Huber",0.299902784581701,0.359280798065036
75046,"exp_skew","L1",0.445068342812495,0.46696080797412
75046,"exp_skew","LSE",0.176699621615063,0.193699568814249
75047,"exp_skew","W10",0.239259675767476,0.253014887381787
75047,"exp_skew","W11",0.428864600307615,0.492430089658546
75047,"exp_skew","Huber",0.218475104466512,0.224475250045707
75047,"exp_skew","L1",0.351107430429306,0.42006591443431
75047,"exp_skew","LSE",0.125022903294242,0.00745915102957062
75048,"exp_skew","W10",0.249815636402142,0.236411183065162
75048,"exp_skew","W11",0.458909404677621,0.448857199890831
75048,"exp_skew","Huber",0.206607141991692,0.200258258262913
75048,"exp_skew","L1",0.330839702348846,0.322920536672817
75048,"exp_skew","LSE",0.11211170589356,0.0163379485506445
75049,"exp_skew","W10",0.267989877172978,0.220435024655004
75049,"exp_skew","W11",0.470895774291027,0.481179597484352
75049,"exp_skew","Huber",0.257105341299222,0.199934714045647
75049,"exp_skew","L1",0.396591594195216,0.405076801907697
75049,"exp_skew","LSE",0.197873393807598,0.0176932523251968
75050,"exp_skew","W10",0.257773768223248,0.195149930838142
75050,"exp_skew","W11",0.420476697654669,0.371332492855834
75050,"exp_skew","Huber",0.233836518833812,0.177826760555603
75050,"exp_skew","L1",0.318429155143825,0.247805635569381
75050,"exp_skew","LSE",0.072746827670837,0.0166862435443645
75051,"exp_skew","W10",0.255989479611524,0.287580406959511
75051,"exp_skew","W11",0.464077237571594,0.46202587713527
75051,"exp_skew","Huber",0.226177339810901,0.275022373755138
75051,"exp_skew","L1",0.348937235991687,0.367530635555885
75051,"exp_skew","LSE",0.14375867994863,0.15969945451446
75052,"exp_skew","W10",0.152930403026288,0.192713578506588
75052,"exp_skew","W11",0.366228258447919,0.399506275831945
75052,"exp_skew","Huber",0.136965096387152,0.172709029086131
75052,"exp_skew","L1",0.269355117875524,0.317758262415756
75052,"exp_skew","LSE",0.0512375653691233,0.0308818484811012
75053,"exp_skew","W10",0.177500936561297,0.213679488672394
75053,"exp_skew","W11",0.381261545681536,0.432021768404574
75053,"exp_skew","Huber",0.16645385181419,0.185932886912017
75053,"exp_skew","L1",0.330171180929395,0.401801103396095
75053,"exp_skew","LSE",0.174616136959263,0.0084243609857606
75054,"exp_skew","W10",0.223943444006758,0.214298988294399
75054,"exp_skew","W11",0.414365046878029,0.404937217440296
75054,"exp_skew","Huber",0.203057652297308,0.191718757445401
75054,"exp_skew","L1",0.301504581651937,0.280177101844521
75054,"exp_skew","LSE",0.103610518994092,0.00812127044168803
75055,"exp_skew","W10",0.26223412393197,0.280357550995272
75055,"exp_skew","W11",0.421161083933603,0.490135077400674
75055,"exp_skew","Huber",0.251723037281066,0.271937926293521
75055,"exp_skew","L1",0.395377921233492,0.471586968642542
75055,"exp_skew","LSE",0.202271047273288,0.110090977016956
75056,"exp_skew","W10",0.10245306266179,0.0913601993835119
75056,"exp_skew","W11",0.342105069900334,0.299813587587246
75056,"exp_skew","Huber",0.10214341389081,0.0836980618694037
75056,"exp_skew","L1",0.227652100734907,0.203042119234123
75056,"exp_skew","LSE",0.0452308655849197,0.0467608722595815
75057,"exp_skew","W10",0.205067514669655,0.168788147621262
75057,"exp_skew","W11",0.427862765683214,0.398007343331805
75057,"exp_skew","Huber",0.192040271105861,0.15913984741495
75057,"exp_skew","L1",0.286981536420728,0.245723342265759
75057,"exp_skew","LSE",0.164418754791256,0.00563785443868481
75058,"exp_skew","W10",0.120773500481182,0.13910011492307
75058,"exp_skew","W11",0.413923114826837,0.455168153979287
75058,"exp_skew","Huber",0.117217104859523,0.132424508179742
75058,"exp_skew","L1",0.270311952775144,0.33282578376075
75058,"exp_skew","LSE",0.0601827264810679,0.00995257466443566
75059,"exp_skew","W10",0.125322646430011,0.090034188107923
75059,"exp_skew","W11",0.359075150667497,0.328270156863317
75059,"exp_skew","Huber",0.0946343344763839,0.0644683083509593
75059,"exp_skew","L1",0.256699728169998,0.20507413153108
75059,"exp_skew","LSE",0.115142211439206,0.058250136566634
75060,"exp_skew","W10",0.209732020552054,0.205103470801187
75060,"exp_skew","W11",0.398886663880729,0.425502454400116
75060,"exp_skew","Huber",0.196899120885186,0.19558786177187
75060,"exp_skew","L1",0.343136325106682,0.402829044174902
75060,"exp_skew","LSE",0.141088825581327,0.0796972601608865
75061,"exp_skew","W10",0.157621909753273,0.150514124566237
75061,"exp_skew","W11",0.346256554487775,0.3422636818714
75061,"exp_skew","Huber",0.144787855481723,0.140184166195345
75061,"exp_skew","L1",0.221965919707857,0.169132363903397
75061,"exp_skew","LSE",0.0659980720644273,0.00624555161053952
75062,"exp_skew","W10",0.282343571188741,0.20507238074736
75062,"exp_skew","W11",0.498174438616884,0.451250799724643
75062,"exp_skew","Huber",0.25594724877551,0.183639289086855
75062,"exp_skew","L1",0.381231733948405,0.274964633540936
75062,"exp_skew","LSE",0.10150288222146,0.0242745311839504
75063,"exp_skew","W10",0.246458291506847,0.260625791225853
75063,"exp_skew","W11",0.397603356932286,0.434690656866935
75063,"exp_skew","Huber",0.198323024209351,0.200319243166986
75063,"exp_skew","L1",0.379509239178091,0.414607243810671
75063,"exp_skew","LSE",0.19081274273211,0.0237270731321825
75064,"exp_skew","W10",0.27401508604582,0.311518104290153
75064,"exp_skew","W11",0.436895558834552,0.468904637518386
75064,"exp_skew","Huber",0.255680559493607,0.29064192051232
75064,"exp_skew","L1",0.362598137319908,0.382576840072362
75064,"exp_skew","LSE",0.122808229337409,0.138232250834491
75065,"exp_skew","W10",0.246506861425922,0.275336084309412
75065,"exp_skew","W11",0.406654623373735,0.412030996616758
75065,"exp_skew","Huber",0.222347208225324,0.246421929195556
75065,"exp_skew","L1",0.349231099462507,0.406576226160831
75065,"exp_skew","LSE",0.110539354343732,0.116003401034963
75066,"exp_skew","W10",0.296187200559133,0.227541603152257
75066,"exp_skew","W11",0.472006186920222,0.415719648157974
75066,"exp_skew","Huber",0.278890800711249,0.201754747358169
75066,"exp_skew","L1",0.335641230606329,0.245303325498491
75066,"exp_skew","LSE",0.125971695052808,0.00652368410131698
75067,"exp_skew","W10",0.258447975172935,0.28593359202818
75067,"exp_skew","W11",0.441981517874586,0.476558932719886
75067,"exp_skew","Huber",0.231517049374746,0.244680215960537
75067,"exp_skew","L1",0.328618818617678,0.328848632297238
75067,"exp_skew","LSE",0.100482630047069,0.0044666347620293
75068,"exp_skew","W10",0.22237073703217,0.234085212739226
75068,"exp_skew","W11",0.350011760091432,0.423360743108897
75068,"exp_skew","Huber",0.210019463054231,0.21666931843827
75068,"exp_skew","L1",0.306641730936581,0.385346834757649
75068,"exp_skew","LSE",0.183014799977396,0.0363251237921793
75069,"exp_skew","W10",0.180494030201472,0.220436465294918
75069,"exp_skew","W11",0.308105282444198,0.40834792409166
75069,"exp_skew","Huber",0.181254888477504,0.224263542672458
75069,"exp_skew","L1",0.254650594108399,0.333845304209488
75069,"exp_skew","LSE",0.155614767275955,0.140916072965361
75070,"exp_skew","W10",0.169685010158718,0.0889869643321335
75070,"exp_skew","W11",0.422544521252315,0.410080667296358
75070,"exp_skew","Huber",0.150961933023834,0.0820652226787999
75070,"exp_skew","L1",0.323315251395808,0.274155065244557
75070,"exp_skew","LSE",0.094141342426109,0.090591795837654
75071,"exp_skew","W10",0.190519048145762,0.244649145282735
75071,"exp_skew","W11",0.4011771639411,0.431065333309883
75071,"exp_skew","Huber",0.169972356032068,0.219089458344025
75071,"exp_skew","L1",0.340019349746476,0.444215485249171
75071,"exp_skew","LSE",0.106423333447968,0.0481085387956217
75072,"exp_skew","W10",0.270977704936055,0.240293493281523
75072,"exp_skew","W11",0.475392349409889,0.45706156530288
75072,"exp_skew","Huber",0.248900465429041,0.229343001970403
75072,"exp_skew","L1",0.362246336755217,0.371258078448029
75072,"exp_skew","LSE",0.0892480955518621,0.0653366095922987
75073,"exp_skew","W10",0.123274621952874,0.105428644579087
75073,"exp_skew","W11",0.341378616707591,0.32700490394468
75073,"exp_skew","Huber",0.112663731086276,0.0924503010595846
75073,"exp_skew","L1",0.220898857065581,0.17691193142446
75073,"exp_skew","LSE",0.0871024056189327,0.0878808501976799
75074,"exp_skew","W10",0.22312860554989,0.265381266962683
75074,"exp_skew","W11",0.407307237943897,0.424842068259687
75074,"exp_skew","Huber",0.20224099796788,0.235264452841608
75074,"exp_skew","L1",0.346511214280503,0.43836850040827
75074,"exp_skew","LSE",0.100755576368401,0.0777840335387368
75075,"exp_skew","W10",0.117794975760029,0.047526882413823
75075,"exp_skew","W11",0.336556133279839,0.302089149869324
75075,"exp_skew","Huber",0.0988735470134825,0.0132730232671074
75075,"exp_skew","L1",0.256226354276332,0.181900427951661
75075,"exp_skew","LSE",0.208983722545227,0.253945090778621
75076,"exp_skew","W10",0.145691342957872,0.168411780167224
75076,"exp_skew","W11",0.351817326526983,0.412887041474195
75076,"exp_skew","Huber",0.126594662275906,0.14276371453716
75076,"exp_skew","L1",0.265758014043692,0.32135395492119
75076,"exp_skew","LSE",0.125473792603579,0.0646294961169822
75077,"exp_skew","W10",0.131340667137124,0.117330979786949
75077,"exp_skew","W11",0.421392678076111,0.428966563413982
75077,"exp_skew","Huber",0.113387222288967,0.0942205678470233
75077,"exp_skew","L1",0.340145420924518,0.33026009848589
75077,"exp_skew","LSE",0.0569738801817825,0.0463361179707158
75078,"exp_skew","W10",0.344040661087141,0.378944672752677
75078,"exp_skew","W11",0.536143449329858,0.593035141175981
75078,"exp_skew","Huber",0.2990647316256,0.318397410734906
75078,"exp_skew","L1",0.465382885742506,0.490913162048727
75078,"exp_skew","LSE",0.0973361512081656,0.0279373803002881
75079,"exp_skew","W10",0.122684754637498,0.098133871710424
75079,"exp_skew","W11",0.343972609329704,0.338588735798439
75079,"exp_skew","Huber",0.110744804534818,0.077524059242478
75079,"exp_skew","L1",0.198912964114639,0.155538271699712
75079,"exp_skew","LSE",0.0773797392272774,0.10086458562204
75080,"exp_skew","W10",0.153772780098923,0.0383509789113438
75080,"exp_skew","W11",0.330888110617269,0.319437581826131
75080,"exp_skew","Huber",0.149026409517428,0.0297423726084529
75080,"exp_skew","L1",0.197478859322712,0.106029492309971
75080,"exp_skew","LSE",0.185208954247513,0.196939182783609
75081,"exp_skew","W10",0.240208214788729,0.202789065283574
75081,"exp_skew","W11",0.393795073052293,0.384907612648722
75081,"exp_skew","Huber",0.216360387663162,0.179816362476107
75081,"exp_skew","L1",0.301172773376244,0.199888883371395
75081,"exp_skew","LSE",0.0811196273696174,0.00391678780013516
75082,"exp_skew","W10",0.211518482779408,0.224396306685681
75082,"exp_skew","W11",0.427472341276658,0.442154688525387
75082,"exp_skew","Huber",0.180617237233542,0.184352571327069
75082,"exp_skew","L1",0.314995908615359,0.347606577103944
75082,"exp_skew","LSE",0.111994118481948,0.0755752519727694
75083,"exp_skew","W10",0.122650368617699,0.0934158808297292
75083,"exp_skew","W11",0.374645672013477,0.402260731680568
75083,"exp_skew","Huber",0.113218971673725,0.0712128267666071
75083,"exp_skew","L1",0.249125883890277,0.321851830354595
75083,"exp_skew","LSE",0.149738804401462,0.086706029494035
75084,"exp_skew","W10",0.135819700978489,0.0506089083464792
75084,"exp_skew","W11",0.367955088541474,0.344443748924312
75084,"exp_skew","Huber",0.127988365081268,0.0293953640706647
75084,"exp_skew","L1",0.239721161053362,0.201496530368923
75084,"exp_skew","LSE",0.161594873321808,0.0831977348464724
75085,"exp_skew","W10",0.249581499624401,0.258336891157314
75085,"exp_skew","W11",0.412779043667395,0.434323360985095
75085,"exp_skew","Huber",0.231721758159414,0.260340965253917
75085,"exp_skew","L1",0.320401533990911,0.343253165463322
75085,"exp_skew","LSE",0.152177483635707,0.184903836413454
75086,"exp_skew","W10",0.269454132371968,0.262266230811101
75086,"exp_skew","W11",0.450330403025046,0.4693331458791
75086,"exp_skew","Huber",0.249996232225278,0.23270579649272
75086,"exp_skew","L1",0.379228799234172,0.376302656808595
75086,"exp_skew","LSE",0.148842465922547,0.00930084076805077
75087,"exp_skew","W10",0.289075684636829,0.243526929052112
75087,"exp_skew","W11",0.474432020556206,0.473900439718578
75087,"exp_skew","Huber",0.253637698495981,0.206802114126291
75087,"exp_skew","L1",0.427088699198847,0.389216601655386
75087,"exp_skew","LSE",0.108387822740844,0.0295730967416591
75088,"exp_skew","W10",0.291218511573238,0.376931735778588
75088,"exp_skew","W11",0.442619734536301,0.531526168816884
75088,"exp_skew","Huber",0.273318883079346,0.366298198885945
75088,"exp_skew","L1",0.323732794027091,0.439091359629458
75088,"exp_skew","LSE",0.207253275783491,0.218512333185971
75089,"exp_skew","W10",0.237240620002022,0.174095478772976
75089,"exp_skew","W11",0.457853790821037,0.422543552896895
75089,"exp_skew","Huber",0.227685823790755,0.176318044149171
75089,"exp_skew","L1",0.324195241263097,0.259270138187187
75089,"exp_skew","LSE",0.138555271868543,0.067062314789542
75090,"exp_skew","W10",0.154694166236433,0.0936647304244331
75090,"exp_skew","W11",0.303273425563692,0.277827765974564
75090,"exp_skew","Huber",0.144382262673024,0.074265223215073
75090,"exp_skew","L1",0.24601579998196,0.203802206181247
75090,"exp_skew","LSE",0.179127700615213,0.0552825466555776
75091,"exp_skew","W10",0.171262639320012,0.164343705757135
75091,"exp_skew","W11",0.39689843856566,0.41353701927391
75091,"exp_skew","Huber",0.150251364368975,0.140026426619865
75091,"exp_skew","L1",0.315544575616905,0.256568513670418
75091,"exp_skew","LSE",0.0657497867820902,0.0595173003725357
75092,"exp_skew","W10",0.126854002888127,0.106906526027864
75092,"exp_skew","W11",0.355505150359803,0.343128636315303
75092,"exp_skew","Huber",0.116896103578614,0.0875045683957881
75092,"exp_skew","L1",0.228859238008955,0.165551461754795
75092,"exp_skew","LSE",0.106906196590182,0.0589618788332791
75093,"exp_skew","W10",0.308305442052315,0.28399233543657
75093,"exp_skew","W11",0.506428765036182,0.508803862486577
75093,"exp_skew","Huber",0.262814259271998,0.241153994415083
75093,"exp_skew","L1",0.409612104840517,0.426690902755554
75093,"exp_skew","LSE",0.133810571405474,0.0308370684052333
75094,"exp_skew","W10",0.136719345378298,0.0144260359640033
75094,"exp_skew","W11",0.317996258635247,0.215286632665548
75094,"exp_skew","Huber",0.13780270838912,0.00584559562973014
75094,"exp_skew","L1",0.181007997501869,0.0338098558744596
75094,"exp_skew","LSE",0.167524228240655,0.176477296508409
75095,"exp_skew","W10",0.126774131498901,0.135420380214784
75095,"exp_skew","W11",0.403370084887443,0.372309816663404
75095,"exp_skew","Huber",0.100851885633877,0.0988710309190447
75095,"exp_skew","L1",0.296707277580469,0.292389956315664
75095,"exp_skew","LSE",0.109715488947415,0.108035801371714
75096,"exp_skew","W10",0.280979029851321,0.231679976080108
75096,"exp_skew","W11",0.506261851672902,0.472008714018535
75096,"exp_skew","Huber",0.251570953019799,0.203166655139046
75096,"exp_skew","L1",0.400228696719495,0.330581251517905
75096,"exp_skew","LSE",0.102631805954583,0.034016186834772
75097,"exp_skew","W10",0.177191259502376,0.175479997022115
75097,"exp_skew","W11",0.360680340600642,0.401145920927822
75097,"exp_skew","Huber",0.170496292618251,0.167070218168242
75097,"exp_skew","L1",0.252175248874524,0.292767977685112
75097,"exp_skew","LSE",0.0922420904224017,0.0469364208884253
75098,"exp_skew","W10",0.190973093693729,0.164932057137992
75098,"exp_skew","W11",0.414789330985646,0.41563521583607
75098,"exp_skew","Huber",0.175117966779821,0.155483895385165
75098,"exp_skew","L1",0.27439572357872,0.223831066489889
75098,"exp_skew","LSE",0.0618308401168043,0.0280635904242493
75099,"exp_skew","W10",0.167011246952125,0.140337294873277
75099,"exp_skew","W11",0.40034559541549,0.401708209985973
75099,"exp_skew","Huber",0.138308632184204,0.104278755740545
75099,"exp_skew","L1",0.313694194884575,0.269278204668408
75099,"exp_skew","LSE",0.11168943076553,0.148872622791743
75100,"exp_skew","W10",0.178687403404723,0.128182656316689
75100,"exp_skew","W11",0.382179662051125,0.337902795041278
75100,"exp_skew","Huber",0.165546012329837,0.11474867174687
75100,"exp_skew","L1",0.24661932314387,0.204155631857013
75100,"exp_skew","LSE",0.0991859491346338,0.0758434455585087
75101,"exp_skew","W10",0.148206276538729,0.00656931696574903
75101,"exp_skew","W11",0.29886869400788,0.281047712145689
75101,"exp_skew","Huber",0.146001372864884,0.00820143474618873
75101,"exp_skew","L1",0.185306237339954,0.104587170138138
75101,"exp_skew","LSE",0.159894845092156,0.0589852204614976
75102,"exp_skew","W10",0.137309119068743,0.0820776893617023
75102,"exp_skew","W11",0.38345629217131,0.367281039239684
75102,"exp_skew","Huber",0.123720053873658,0.0684605831558505
75102,"exp_skew","L1",0.27393525770853,0.23062498217147
75102,"exp_skew","LSE",0.0768475896481986,0.0757860238107623
75103,"exp_skew","W10",0.167363577135961,0.17283672341017
75103,"exp_skew","W11",0.40886007040863,0.394941040069958
75103,"exp_skew","Huber",0.141368654541163,0.143325874691273
75103,"exp_skew","L1",0.304877947138931,0.348733026263199
75103,"exp_skew","LSE",0.094114411933166,0.0282679719143176
75104,"exp_skew","W10",0.202085746703072,0.239236590624523
75104,"exp_skew","W11",0.415535988581503,0.497930119722975
75104,"exp_skew","Huber",0.179962987751286,0.207258156716581
75104,"exp_skew","L1",0.304502826175976,0.359440615344694
75104,"exp_skew","LSE",0.101181100110482,0.0583791127240086
75105,"exp_skew","W10",0.145739155439996,0.153934330897951
75105,"exp_skew","W11",0.323233928709116,0.375259292842556
75105,"exp_skew","Huber",0.130794892285892,0.13760162294563
75105,"exp_skew","L1",0.219085970123812,0.205486998410415
75105,"exp_skew","LSE",0.111072656049824,0.0398606813244905
75106,"exp_skew","W10",0.389396838995902,0.417913309303921
75106,"exp_skew","W11",0.537809396053258,0.559864133874621
75106,"exp_skew","Huber",0.355137770665692,0.382096385619149
75106,"exp_skew","L1",0.45445629265368,0.480580138891403
75106,"exp_skew","LSE",0.140776720572986,0.152252915348053
75107,"exp_skew","W10",0.228214785193774,0.224535996898902
75107,"exp_skew","W11",0.359580384186588,0.418409799717703
75107,"exp_skew","Huber",0.213148334950003,0.209795990585291
75107,"exp_skew","L1",0.265403040689978,0.326137304402744
75107,"exp_skew","LSE",0.186757026083656,0.0650887296020982
75108,"exp_skew","W10",0.104077096579725,0.117806082567916
75108,"exp_skew","W11",0.363506317755932,0.421509774344316
75108,"exp_skew","Huber",0.101368061193515,0.110801646999192
75108,"exp_skew","L1",0.237890221414897,0.241126936782495
75108,"exp_skew","LSE",0.118269708442537,0.0911358333429256
75109,"exp_skew","W10",0.230842781202121,0.353577787733032
75109,"exp_skew","W11",0.40498575221593,0.466422290807853
75109,"exp_skew","Huber",0.240595226247047,0.367047233263233
75109,"exp_skew","L1",0.351759852593572,0.538340262364225
75109,"exp_skew","LSE",0.182449333359108,0.264971987181179
75110,"exp_skew","W10",0.275251382702247,0.265839329228144
75110,"exp_skew","W11",0.466659054953873,0.424637724110344
75110,"exp_skew","Huber",0.261134023152066,0.256013925688934
75110,"exp_skew","L1",0.347209062448673,0.360523778995432
75110,"exp_skew","LSE",0.130449840433304,0.143078912393483
75111,"exp_skew","W10",0.198994716330096,0.232479916759399
75111,"exp_skew","W11",0.379392051869905,0.411666912881741
75111,"exp_skew","Huber",0.198928894705297,0.230724493152417
75111,"exp_skew","L1",0.317616938799189,0.404407684960766
75111,"exp_skew","LSE",0.168094831798766,0.0920355646157521
75112,"exp_skew","W10",0.161798553115312,0.172483170113361
75112,"exp_skew","W11",0.33139272275381,0.383234114684176
75112,"exp_skew","Huber",0.153569599983932,0.159285863031216
75112,"exp_skew","L1",0.280777298098904,0.201792622926677
75112,"exp_skew","LSE",0.0973384879359828,0.0213825411903212
75113,"exp_skew","W10",0.251705971117802,0.236496941416986
75113,"exp_skew","W11",0.41108203794377,0.414108382596825
75113,"exp_skew","Huber",0.222429153298511,0.21148524197502
75113,"exp_skew","L1",0.36628556793271,0.353696669952784
75113,"exp_skew","LSE",0.186799426714391,0.0107714621769008
75114,"exp_skew","W10",0.226467097483249,0.230046680975205
75114,"exp_skew","W11",0.446056118800252,0.45008127433263
75114,"exp_skew","Huber",0.218755620569961,0.222515135883512
75114,"exp_skew","L1",0.285999725874623,0.323998653238533
75114,"exp_skew","LSE",0.0920982505331718,0.0684116423070095
75115,"exp_skew","W10",0.12397240804397,0.120892412063464
75115,"exp_skew","W11",0.3484980566344,0.378490198750824
75115,"exp_skew","Huber",0.116921038069671,0.128068819623369
75115,"exp_skew","L1",0.226137523379418,0.279067436837261
75115,"exp_skew","LSE",0.106267715829402,0.0612498454490049
75116,"exp_skew","W10",0.159406721665993,0.236878548092932
75116,"exp_skew","W11",0.397715756483633,0.441570880911426
75116,"exp_skew","Huber",0.1486523382788,0.221176888787659
75116,"exp_skew","L1",0.270624771343834,0.361175524407618
75116,"exp_skew","LSE",0.0771871298160059,0.0927691276934096
75117,"exp_skew","W10",0.175094732790902,0.07940308596625
75117,"exp_skew","W11",0.438312415905444,0.420273787963883
75117,"exp_skew","Huber",0.170876950893382,0.0773792703162319
75117,"exp_skew","L1",0.324767311445486,0.265595697092
75117,"exp_skew","LSE",0.153722439400307,0.0957822542212724
75118,"exp_skew","W10",0.149562815953327,0.125570629203545
75118,"exp_skew","W11",0.423199315492913,0.41146213496108
75118,"exp_skew","Huber",0.138964903407485,0.111558577409626
75118,"exp_skew","L1",0.313497095638706,0.258143237574623
75118,"exp_skew","LSE",0.0436857354258114,0.0169927475109528
75119,"exp_skew","W10",0.160504106219724,0.19055109793488
75119,"exp_skew","W11",0.354591624513907,0.397479600001361
75119,"exp_skew","Huber",0.145541732006181,0.177261066257586
75119,"exp_skew","L1",0.267608825995118,0.334301824112757
75119,"exp_skew","LSE",0.103837306345223,0.01161966481742
75120,"exp_skew","W10",0.176186200573351,0.232344879828797
75120,"exp_skew","W11",0.393122970559073,0.485930250941146
75120,"exp_skew","Huber",0.170566454981216,0.22283599210151
75120,"exp_skew","L1",0.260522972602763,0.367586734944942
75120,"exp_skew","LSE",0.0967723156139513,0.0754353970363884
75121,"exp_skew","W10",0.121556997429345,0.0163398041976646
75121,"exp_skew","W11",0.292056794443598,0.321915756615646
75121,"exp_skew","Huber",0.113044493337831,0.00483910157635725
75121,"exp_skew","L1",0.24822623518171,0.341254257927268
75121,"exp_skew","LSE",0.175112620596925,0.133817632983433
75122,"exp_skew","W10",0.274747447579392,0.288290233694016
75122,"exp_skew","W11",0.504205769302267,0.510173329894868
75122,"exp_skew","Huber",0.259825254118694,0.27285645359346
75122,"exp_skew","L1",0.416727446751266,0.469937735483622
75122,"exp_skew","LSE",0.144950531943529,0.150251678793772
75123,"exp_skew","W10",0.16611448459888,0.167010389440997
75123,"exp_skew","W11",0.404734873503859,0.430981248897174
75123,"exp_skew","Huber",0.141190701959762,0.138530037339999
75123,"exp_skew","L1",0.288314865447578,0.299309051549648
75123,"exp_skew","LSE",0.122366919897017,0.142460890891952
75124,"exp_skew","W10",0.189254217019147,0.163690479954752
75124,"exp_skew","W11",0.356043744563651,0.346329547422195
75124,"exp_skew","Huber",0.1627604823601,0.131215530682442
75124,"exp_skew","L1",0.277938972105868,0.287076208265051
75124,"exp_skew","LSE",0.161278934193241,0.110124290453452
75125,"exp_skew","W10",0.164835715586309,0.17049882225065
75125,"exp_skew","W11",0.375921012492914,0.399413282448
75125,"exp_skew","Huber",0.142287373159451,0.141730409582278
75125,"exp_skew","L1",0.237049206193546,0.230328257854815
75125,"exp_skew","LSE",0.0970720722339537,0.0778214360598226
75126,"exp_skew","W10",0.116548801938429,0.0303445967050034
75126,"exp_skew","W11",0.353104878572881,0.320978180532356
75126,"exp_skew","Huber",0.102848818675391,0.0190263523550865
75126,"exp_skew","L1",0.229760707632882,0.176852385655901
75126,"exp_skew","LSE",0.147152736076205,0.172163255476665
75127,"exp_skew","W10",0.216924395393579,0.14548817916468
75127,"exp_skew","W11",0.409141171053129,0.347717408811254
75127,"exp_skew","Huber",0.193704904080957,0.118691120152549
75127,"exp_skew","L1",0.273966546313728,0.174428293878745
75127,"exp_skew","LSE",0.071820514927887,0.0744866704724672
75128,"exp_skew","W10",0.375062743972186,0.411523800413897
75128,"exp_skew","W11",0.528400377598201,0.54556425718834
75128,"exp_skew","Huber",0.350391116866887,0.390209318966499
75128,"exp_skew","L1",0.422702040888755,0.490249790137869
75128,"exp_skew","LSE",0.200153061927198,0.240105074396558
75129,"exp_skew","W10",0.136364897676575,0.0851971837625842
75129,"exp_skew","W11",0.362294290735168,0.341509371761953
75129,"exp_skew","Huber",0.110961673601953,0.0537773479204758
75129,"exp_skew","L1",0.277301498216375,0.25344031678703
75129,"exp_skew","LSE",0.115491813493453,0.128724616403968
75130,"exp_skew","W10",0.209366104540598,0.200348391651736
75130,"exp_skew","W11",0.446802068509248,0.424111177332249
75130,"exp_skew","Huber",0.193315685446148,0.179116031239544
75130,"exp_skew","L1",0.317429227592304,0.270020514491845
75130,"exp_skew","LSE",0.0707910616296603,0.00989211084189034
75131,"exp_skew","W10",0.205236130537433,0.205539010731843
75131,"exp_skew","W11",0.44111309106605,0.482210849662772
75131,"exp_skew","Huber",0.189104240845075,0.181007103784595
75131,"exp_skew","L1",0.300408769253644,0.284860411728723
75131,"exp_skew","LSE",0.0642771149940159,0.0265634040470357
75132,"exp_skew","W10",0.150017098323067,0.151788050903122
75132,"exp_skew","W11",0.328795913169808,0.364529217391294
75132,"exp_skew","Huber",0.132994773034803,0.133017351295936
75132,"exp_skew","L1",0.240940739425571,0.265109064415541
75132,"exp_skew","LSE",0.110703809126162,0.0237363644343999
75133,"exp_skew","W10",0.225880541294441,0.267050653208106
75133,"exp_skew","W11",0.409786392229048,0.43509429495506
75133,"exp_skew","Huber",0.20333439265597,0.235208198198733
75133,"exp_skew","L1",0.319155202622014,0.393147958928415
75133,"exp_skew","LSE",0.0615838489355243,0.00911344812376647
75134,"exp_skew","W10",0.27566752242875,0.290615297391108
75134,"exp_skew","W11",0.46100025242464,0.509219655994025
75134,"exp_skew","Huber",0.24339935040418,0.25146759560895
75134,"exp_skew","L1",0.356648753663934,0.370770222611738
75134,"exp_skew","LSE",0.148330117104649,0.00336863805865556
75135,"exp_skew","W10",0.181207631768864,0.131310782838029
75135,"exp_skew","W11",0.377455172038502,0.342109408476676
75135,"exp_skew","Huber",0.162734611016513,0.107361159958182
75135,"exp_skew","L1",0.282806560060118,0.200999234663594
75135,"exp_skew","LSE",0.0654992751343382,0.0425482484858207
75136,"exp_skew","W10",0.152256982806169,0.185937898760561
75136,"exp_skew","W11",0.273354703753929,0.364711918092181
75136,"exp_skew","Huber",0.15608086523676,0.16818846101489
75136,"exp_skew","L1",0.291352758902958,0.439913345629593
75136,"exp_skew","LSE",0.155336702762115,0.0121154713481461
75137,"exp_skew","W10",0.19095017074932,0.197424667648185
75137,"exp_skew","W11",0.402198913186735,0.427143102051836
75137,"exp_skew","Huber",0.181592374601248,0.18799017022452
75137,"exp_skew","L1",0.285694437871657,0.279440334964607
75137,"exp_skew","LSE",0.0795661529470715,0.0438953417295481
75138,"exp_skew","W10",0.130000783708501,0.149049217092011
75138,"exp_skew","W11",0.32798477065843,0.384044933765391
75138,"exp_skew","Huber",0.110976936846334,0.109583458464452
75138,"exp_skew","L1",0.255617373784875,0.307262676820057
75138,"exp_skew","LSE",0.187813558577691,0.146815952125536
75139,"exp_skew","W10",0.221596646228431,0.209732338107049
75139,"exp_skew","W11",0.441820985506591,0.468211690268289
75139,"exp_skew","Huber",0.179862995812188,0.164740865686938
75139,"exp_skew","L1",0.342857153096057,0.327723743672009
75139,"exp_skew","LSE",0.0669274609635895,0.0838592938395369
75140,"exp_skew","W10",0.153561368908159,0.19690102087758
75140,"exp_skew","W11",0.40533928882746,0.470424402337046
75140,"exp_skew","Huber",0.153521592280922,0.19078969557032
75140,"exp_skew","L1",0.257737551596902,0.301647747290527
75140,"exp_skew","LSE",0.120829971136828,0.0573433590405382
75141,"exp_skew","W10",0.193819666981264,0.201351167712873
75141,"exp_skew","W11",0.398648016542264,0.410097012417092
75141,"exp_skew","Huber",0.176853744906502,0.178487697038645
75141,"exp_skew","L1",0.27895718874372,0.295195367999086
75141,"exp_skew","LSE",0.126270998565526,0.00557760198292995
75142,"exp_skew","W10",0.232045046842036,0.186760333579162
75142,"exp_skew","W11",0.445340200835299,0.391217696094519
75142,"exp_skew","Huber",0.19589461184822,0.133931838001411
75142,"exp_skew","L1",0.324179926702142,0.271670077998096
75142,"exp_skew","LSE",0.1529531917107,0.14754119373962
75143,"exp_skew","W10",0.226253965583121,0.161169213076274
75143,"exp_skew","W11",0.440968451543178,0.382335394910423
75143,"exp_skew","Huber",0.18607005883854,0.127693081511352
75143,"exp_skew","L1",0.377821828888226,0.306940244560273
75143,"exp_skew","LSE",0.11303079262345,0.0536655699464305
75144,"exp_skew","W10",0.244606023550216,0.210714856468165
75144,"exp_skew","W11",0.462429485427208,0.445826917581406
75144,"exp_skew","Huber",0.232353725125026,0.204569282066452
75144,"exp_skew","L1",0.324297239949065,0.320022436580974
75144,"exp_skew","LSE",0.115197834071726,0.051268975458702
75145,"exp_skew","W10",0.13910295856325,0.00351605936743071
75145,"exp_skew","W11",0.379315272098088,0.30594337004015
75145,"exp_skew","Huber",0.128488123615375,0.0184454662826042
75145,"exp_skew","L1",0.255199317802614,0.132873813266657
75145,"exp_skew","LSE",0.19745488761541,0.243559403846902
75146,"exp_skew","W10",0.190866719091098,0.185533536555413
75146,"exp_skew","W11",0.404745258085719,0.3922464709138
75146,"exp_skew","Huber",0.175844370698207,0.191181570013692
75146,"exp_skew","L1",0.265068220087802,0.257165645432347
75146,"exp_skew","LSE",0.076228395626562,0.0708002726948972
75147,"exp_skew","W10",0.163394649991871,0.138315539156756
75147,"exp_skew","W11",0.367855179568473,0.350856140122261
75147,"exp_skew","Huber",0.161050672931553,0.133491296312354
75147,"exp_skew","L1",0.226839016825278,0.198991475096087
75147,"exp_skew","LSE",0.0421245649855512,0.033436133420767
75148,"exp_skew","W10",0.150226600223382,0.142602953435032
75148,"exp_skew","W11",0.213814896319091,0.14226207627358
75148,"exp_skew","Huber",0.145306525608319,0.132665161157925
75148,"exp_skew","L1",0.153225405875674,0.0798854323087813
75148,"exp_skew","LSE",0.207502499597164,0.220556915345204
75149,"exp_skew","W10",0.186003722803571,0.152675200273168
75149,"exp_skew","W11",0.435636847332412,0.415437643001014
75149,"exp_skew","Huber",0.17272109944365,0.139197849515435
75149,"exp_skew","L1",0.305708728311912,0.293321531099764
75149,"exp_skew","LSE",0.0699025211854516,0.00729008022596012
75150,"exp_skew","W10",0.318633542383494,0.358983925620216
75150,"exp_skew","W11",0.42481303496917,0.492548623373136
75150,"exp_skew","Huber",0.308714651976516,0.345042170103411
75150,"exp_skew","L1",0.383879082419227,0.418096519959641
75150,"exp_skew","LSE",0.233131913707576,0.207953482163832
75001,"lognorm_skew","W10",0.180736552747999,0.183690501769296
75001,"lognorm_skew","W11",0.346879731504196,0.367503388676134
75001,"lognorm_skew","Huber",0.177292993328024,0.195188103692407
75001,"lognorm_skew","L1",0.227504218983538,0.251741569607518
75001,"lognorm_skew","LSE",0.22272851010526,0.129330781692554
75002,"lognorm_skew","W10",0.139835283601515,0.137573982818022
75002,"lognorm_skew","W11",0.376003518296863,0.396156547565382
75002,"lognorm_skew","Huber",0.143540428752043,0.147567809132618
75002,"lognorm_skew","L1",0.212822658873942,0.206691133498311
75002,"lognorm_skew","LSE",0.118948057108269,0.0602200691515742
75003,"lognorm_skew","W10",0.135735980143595,0.0915187204198655
75003,"lognorm_skew","W11",0.361986027745699,0.335482624680177
75003,"lognorm_skew","Huber",0.12073803260834,0.0826093260597229
75003,"lognorm_skew","L1",0.247029150853845,0.208668999201145
75003,"lognorm_skew","LSE",0.113681802117438,0.0360014258827497
75004,"lognorm_skew","W10",0.181293848866486,0.244686520839074
75004,"lognorm_skew","W11",0.379193293831449,0.451384758796768
75004,"lognorm_skew","Huber",0.167579109147892,0.225866572540345
75004,"lognorm_skew","L1",0.264238437221941,0.326896865130777
75004,"lognorm_skew","LSE",0.101519034308861,0.0687922768937249
75005,"lognorm_skew","W10",0.183460759997294,0.150608727706881
75005,"lognorm_skew","W11",0.369770883554097,0.385176276031509
75005,"lognorm_skew","Huber",0.161200185170444,0.124027934892226
75005,"lognorm_skew","L1",0.266707204673524,0.217088805563927
75005,"lognorm_skew","LSE",0.0962953130685592,0.0923636863170081
75006,"lognorm_skew","W10",0.154851806274004,0.143712143579771
75006,"lognorm_skew","W11",0.353754282321857,0.30949852814664
75006,"lognorm_skew","Huber",0.151722661294081,0.145555402754538
75006,"lognorm_skew","L1",0.244925462729432,0.194574640557463
75006,"lognorm_skew","LSE",0.117061673272162,0.064844501981571
75007,"lognorm_skew","W10",0.187964351605711,0.138346734844967
75007,"lognorm_skew","W11",0.392420744236378,0.330922383602194
75007,"lognorm_skew","Huber",0.169088441257736,0.116490968018988
75007,"lognorm_skew","L1",0.23308401279563,0.165781038806711
75007,"lognorm_skew","LSE",0.0874842542971399,0.059815399398892
75008,"lognorm_skew","W10",0.164901196657218,0.21288603849357
75008,"lognorm_skew","W11",0.319040334138348,0.340405159607754
75008,"lognorm_skew","Huber",0.155647430955264,0.212352875854089
75008,"lognorm_skew","L1",0.250305419561315,0.358165011196985
75008,"lognorm_skew","LSE",0.147654384351904,0.149388627556284
75009,"lognorm_skew","W10",0.160581555046313,0.0673730455408712
75009,"lognorm_skew","W11",0.347175717131135,0.300453712310129
75009,"lognorm_skew","Huber",0.1524151560674,0.0776453941294387
75009,"lognorm_skew","L1",0.22151759439824,0.183395904808531
75009,"lognorm_skew","LSE",0.0724752679481531,0.0201130135471623
75010,"lognorm_skew","W10",0.177010538815825,0.152026965100522
75010,"lognorm_skew","W11",0.336906554644764,0.334406653716
75010,"lognorm_skew","Huber",0.174761421515088,0.140916114071596
75010,"lognorm_skew","L1",0.249916000082529,0.235484389769234
75010,"lognorm_skew","LSE",0.153826125719684,0.0376029956416946
75011,"lognorm_skew","W10",0.136357995620648,0.124323692043834
75011,"lognorm_skew","W11",0.360291729058599,0.348170099001443
75011,"lognorm_skew","Huber",0.138686812550335,0.137618573655996
75011,"lognorm_skew","L1",0.250738467583801,0.203972196383147
75011,"lognorm_skew","LSE",0.128673637968459,0.128745637655901
75012,"lognorm_skew","W10",0.130965725396609,0.120779845959291
75012,"lognorm_skew","W11",0.388489814252044,0.375249004616612
75012,"lognorm_skew","Huber",0.13090505721741,0.117695165885473
75012,"lognorm_skew","L1",0.224920740392787,0.229456498012976
75012,"lognorm_skew","LSE",0.0759589659681996,0.0581883421808486
75013,"lognorm_skew","W10",0.191494590431695,0.147157325104742
75013,"lognorm_skew","W11",0.353935427974274,0.315556940004218
75013,"lognorm_skew","Huber",0.193631285939053,0.144703205495161
75013,"lognorm_skew","L1",0.273806772311133,0.256135288055391
75013,"lognorm_skew","LSE",0.197248080964306,0.0338299513039845
75014,"lognorm_skew","W10",0.160104960871063,0.0894798285031267
75014,"lognorm_skew","W11",0.360930048053671,0.325536133047438
75014,"lognorm_skew","Huber",0.160568359409595,0.0893378328357632
75014,"lognorm_skew","L1",0.186049205440656,0.0862072132285678
75014,"lognorm_skew","LSE",0.114322944335303,0.076047118437636
75015,"lognorm_skew","W10",0.191782591455895,0.11697964580346
75015,"lognorm_skew","W11",0.38442373169374,0.353794756179248
75015,"lognorm_skew","Huber",0.178123979956339,0.10666138781788
75015,"lognorm_skew","L1",0.271497956777658,0.24114511345408
75015,"lognorm_skew","LSE",0.0909680705743002,0.112782467590161
75016,"lognorm_skew","W10",0.17302420811845,0.199320257049796
75016,"lognorm_skew","W11",0.333968134045144,0.381565096161052
75016,"lognorm_skew","Huber",0.163999181518353,0.19153471358052
75016,"lognorm_skew","L1",0.266023099896956,0.264804191864759
75016,"lognorm_skew","LSE",0.0831977356512681,0.0575237153825233
75017,"lognorm_skew","W10",0.182304569708241,0.138138198783759
75017,"lognorm_skew","W11",0.400130085495083,0.402650876566568
75017,"lognorm_skew","Huber",0.185657940339334,0.138282762686412
75017,"lognorm_skew","L1",0.277432867940924,0.249509163203942
75017,"lognorm_skew","LSE",0.127953181407542,0.0255072278289514
75018,"lognorm_skew","W10",0.197621386945572,0.213222163251378
75018,"lognorm_skew","W11",0.393086854468978,0.401386929199272
75018,"lognorm_skew","Huber",0.195370732817977,0.207891755632059
75018,"lognorm_skew","L1",0.265030390435507,0.223854624234856
75018,"lognorm_skew","LSE",0.138875080975695,0.0811899769306073
75019,"lognorm_skew","W10",0.146756590259371,0.137140433678694
75019,"lognorm_skew","W11",0.3348346199382,0.327624489242116
75019,"lognorm_skew","Huber",0.137687202398693,0.13418645880015
75019,"lognorm_skew","L1",0.241043292639699,0.244816517172571
75019,"lognorm_skew","LSE",0.109498395089253,0.0229743228906725
75020,"lognorm_skew","W10",0.136180524559443,0.043695323817851
75020,"lognorm_skew","W11",0.35739920548712,0.298578224700915
75020,"lognorm_skew","Huber",0.132199339203801,0.0470151717694077
75020,"lognorm_skew","L1",0.206332436489177,0.108260062851092
75020,"lognorm_skew","LSE",0.0929854664668511,0.0527229630380645
75021,"lognorm_skew","W10",0.192410131893103,0.149413687700743
75021,"lognorm_skew","W11",0.410921916662627,0.427629970255658
75021,"lognorm_skew","Huber",0.169328079812604,0.129309602386085
75021,"lognorm_skew","L1",0.309463846029204,0.293870980836307
75021,"lognorm_skew","LSE",0.113450276822989,0.0402478234897927
75022,"lognorm_skew","W10",0.191479120927323,0.216376759534794
75022,"lognorm_skew","W11",0.385656246535627,0.392355401314109
75022,"lognorm_skew","Huber",0.174291622795795,0.187153550938479
75022,"lognorm_skew","L1",0.281032268873555,0.330386260897966
75022,"lognorm_skew","LSE",0.100571741850983,0.0359674307035475
75023,"lognorm_skew","W10",0.170815473022018,0.139266718324842
75023,"lognorm_skew","W11",0.407280179003418,0.390068647747665
75023,"lognorm_skew","Huber",0.159086895442989,0.120026141650156
75023,"lognorm_skew","L1",0.272303357931272,0.236942080147672
75023,"lognorm_skew","LSE",0.126306170984119,0.0532602213445829
75024,"lognorm_skew","W10",0.188540735817321,0.232152448526391
75024,"lognorm_skew","W11",0.377855669758507,0.429552968438571
75024,"lognorm_skew","Huber",0.171085665556634,0.206068639829446
75024,"lognorm_skew","L1",0.302803706657624,0.358803594067512
75024,"lognorm_skew","LSE",0.0744750163706605,0.0495630750415271
75025,"lognorm_skew","W10",0.169200668986313,0.186689699654509
75025,"lognorm_skew","W11",0.34942203294619,0.423247742112314
75025,"lognorm_skew","Huber",0.162140731872298,0.177750334906763
75025,"lognorm_skew","L1",0.230990185193056,0.264391760196509
75025,"lognorm_skew","LSE",0.138979149545876,0.0483251474588922
75026,"lognorm_skew","W10",0.145024959182372,0.0764101506371617
75026,"lognorm_skew","W11",0.313116978105644,0.271476049835378
75026,"lognorm_skew","Huber",0.138891561667471,0.0738181187370468
75026,"lognorm_skew","L1",0.187189771649703,0.060087106123444
75026,"lognorm_skew","LSE",0.145680939969912,0.10061687841152
75027,"lognorm_skew","W10",0.167346979907221,0.176437320556566
75027,"lognorm_skew","W11",0.351570755506777,0.391007707007856
75027,"lognorm_skew","Huber",0.160957273958428,0.167045993883174
75027,"lognorm_skew","L1",0.17828863609047,0.164870225530702
75027,"lognorm_skew","LSE",0.0258080048198583,0.0241667443992913
75028,"lognorm_skew","W10",0.172514094425186,0.13240758144395
75028,"lognorm_skew","W11",0.320274352477649,0.293210264323796
75028,"lognorm_skew","Huber",0.16200319420692,0.115759599414695
75028,"lognorm_skew","L1",0.173994448937486,0.125614242191429
75028,"lognorm_skew","LSE",0.110386817134614,0.0963682941954507
75029,"lognorm_skew","W10",0.171061389204678,0.165378426979746
75029,"lognorm_skew","W11",0.416096156507568,0.419757757819232
75029,"lognorm_skew","Huber",0.14809235479265,0.14237940617816
75029,"lognorm_skew","L1",0.292671061712159,0.34548701149326
75029,"lognorm_skew","LSE",0.0526267410921788,0.0123496912589327
75030,"lognorm_skew","W10",0.151092300812982,0.167895950963014
75030,"lognorm_skew","W11",0.356265144104939,0.400072533097216
75030,"lognorm_skew","Huber",0.147337993749381,0.164193777657718
75030,"lognorm_skew","L1",0.206660835037228,0.186377435719867
75030,"lognorm_skew","LSE",0.0679995032700895,0.0179807021496871
75031,"lognorm_skew","W10",0.173991026583008,0.143079586422527
75031,"lognorm_skew","W11",0.373354491484972,0.310486741122419
75031,"lognorm_skew","Huber",0.156856691897418,0.13470110228364
75031,"lognorm_skew","L1",0.274239650565011,0.310789293390634
75031,"lognorm_skew","LSE",0.069314207611134,0.0628701085288342
75032,"lognorm_skew","W10",0.160088952878485,0.077270904380466
75032,"lognorm_skew","W11",0.378494702607801,0.317509809701376
75032,"lognorm_skew","Huber",0.147886577623337,0.0705497625686903
75032,"lognorm_skew","L1",0.250583240263625,0.189260775340148
75032,"lognorm_skew","LSE",0.117542976737467,0.0475533568163856
75033,"lognorm_skew","W10",0.17203676269454,0.117184590929539
75033,"lognorm_skew","W11",0.349785151124987,0.304266576920603
75033,"lognorm_skew","Huber",0.167167103920947,0.110482950634794
75033,"lognorm_skew","L1",0.259916628674357,0.214171503984024
75033,"lognorm_skew","LSE",0.120023524396743,0.0292132779704343
75034,"lognorm_skew","W10",0.185320753100551,0.185200769313111
75034,"lognorm_skew","W11",0.392351634756552,0.408393277252523
75034,"lognorm_skew","Huber",0.170006208616048,0.163456868471208
75034,"lognorm_skew","L1",0.251599968599708,0.26967113868141
75034,"lognorm_skew","LSE",0.131358191154954,0.0528311336648526
75035,"lognorm_skew","W10",0.14633684241514,0.143727016176682
75035,"lognorm_skew","W11",0.403516340250872,0.44335960492321
75035,"lognorm_skew","Huber",0.135032280023583,0.143390220489258
75035,"lognorm_skew","L1",0.253972377219526,0.25153438406493
75035,"lognorm_skew","LSE",0.0583696160182683,0.0149740401495062
75036,"lognorm_skew","W10",0.202737433073586,0.185992840138975
75036,"lognorm_skew","W11",0.380237494594409,0.426019396861978
75036,"lognorm_skew","Huber",0.185963015887007,0.154905538909725
75036,"lognorm_skew","L1",0.238976994516732,0.20715054145921
75036,"lognorm_skew","LSE",0.154710237684096,0.116813759520716
75037,"lognorm_skew","W10",0.175214127675486,0.109563310566705
75037,"lognorm_skew","W11",0.40660935831239,0.362707842970659
75037,"lognorm_skew","Huber",0.147959400127319,0.0861765753335907
75037,"lognorm_skew","L1",0.304972458870439,0.250691200885374
75037,"lognorm_skew","LSE",0.0771661491485016,0.0644634732987142
75038,"lognorm_skew","W10",0.176351456164611,0.156686136713918
75038,"lognorm_skew","W11",0.40585079811511,0.366028497064998
75038,"lognorm_skew","Huber",0.158272479593193,0.149430759150543
75038,"lognorm_skew","L1",0.30631016393835,0.321206298226825
75038,"lognorm_skew","LSE",0.0924950478486202,0.0103288484288071
75039,"lognorm_skew","W10",0.161271721747384,0.181795646975848
75039,"lognorm_skew","W11",0.383318777132647,0.4098108760269
75039,"lognorm_skew","Huber",0.148664595279268,0.180592089747191
75039,"lognorm_skew","L1",0.265393097128278,0.297524075059182
75039,"lognorm_skew","LSE",0.070298977628267,0.0570442454448864
75040,"lognorm_skew","W10",0.145096157968159,0.139004537422721
75040,"lognorm_skew","W11",0.355280987479749,0.362771903472442
75040,"lognorm_skew","Huber",0.136447885864702,0.120617688224254
75040,"lognorm_skew","L1",0.218986227760194,0.222565208171827
75040,"lognorm_skew","LSE",0.098312435270371,0.0564120534300574
75041,"lognorm_skew","W10",0.125038088880718,0.0149454807410562
75041,"lognorm_skew","W11",0.324509243921973,0.237110336943482
75041,"lognorm_skew","Huber",0.117654022636153,0.00204434977771933
75041,"lognorm_skew","L1",0.200672347447904,0.0840309596667917
75041,"lognorm_skew","LSE",0.124493923919951,0.107969448585668
75042,"lognorm_skew","W10",0.148252419880385,0.132973956872282
75042,"lognorm_skew","W11",0.390788314506767,0.382495227968604
75042,"lognorm_skew","Huber",0.151913781269853,0.134518992238367
75042,"lognorm_skew","L1",0.261000667113322,0.24310763715093
75042,"lognorm_skew","LSE",0.0737963696652542,1.82177590635213e-06
75043,"lognorm_skew","W10",0.217726836288849,0.219768064353657
75043,"lognorm_skew","W11",0.383215633510085,0.359875053281735
75043,"lognorm_skew","Huber",0.206576266203782,0.198255343593295
75043,"lognorm_skew","L1",0.296671985099883,0.255069205186335
75043,"lognorm_skew","LSE",0.214989521199257,0.0343428285160791
75044,"lognorm_skew","W10",0.136856500435723,0.094574162901916
75044,"lognorm_skew","W11",0.32794978569817,0.377910244319115
75044,"lognorm_skew","Huber",0.135580475045536,0.100357761402925
75044,"lognorm_skew","L1",0.212080887769432,0.203062907118591
75044,"lognorm_skew","LSE",0.121297857866313,0.0608788614189267
75045,"lognorm_skew","W10",0.171920878816742,0.160614045570768
75045,"lognorm_skew","W11",0.39032599019378,0.365313933763905
75045,"lognorm_skew","Huber",0.167013830381448,0.148072731891992
75045,"lognorm_skew","L1",0.243646697595607,0.212540276559307
75045,"lognorm_skew","LSE",0.0772407599463466,0.0213161738065057
75046,"lognorm_skew","W10",0.158206709804865,0.176521227882562
75046,"lognorm_skew","W11",0.397192300215148,0.42618243452069
75046,"lognorm_skew","Huber",0.155919282339868,0.177155186540675
75046,"lognorm_skew","L1",0.222572682355905,0.221095766956638
75046,"lognorm_skew","LSE",0.0928321040821919,0.0452432172281038
75047,"lognorm_skew","W10",0.173283479961213,0.129953275352856
75047,"lognorm_skew","W11",0.387134523485247,0.377161414847716
75047,"lognorm_skew","Huber",0.156018630753845,0.104895414731052
75047,"lognorm_skew","L1",0.243443536612345,0.243260929860379
75047,"lognorm_skew","LSE",0.116584930025841,0.0892485895265407
75048,"lognorm_skew","W10",0.162972460391047,0.119986267665381
75048,"lognorm_skew","W11",0.34031708168703,0.333029033159076
75048,"lognorm_skew","Huber",0.151566629426568,0.0890835333967239
75048,"lognorm_skew","L1",0.267067971160803,0.240931998260107
75048,"lognorm_skew","LSE",0.170229844116931,0.0259612204999985
75049,"lognorm_skew","W10",0.189097411736958,0.227306692246419
75049,"lognorm_skew","W11",0.429999547285532,0.426858122386559
75049,"lognorm_skew","Huber",0.178698896230811,0.233501640516979
75049,"lognorm_skew","L1",0.293493433768983,0.385163958486249
75049,"lognorm_skew","LSE",0.106046104708146,0.0992546533639766
75050,"lognorm_skew","W10",0.162563451949008,0.0306252879053174
75050,"lognorm_skew","W11",0.396106300385344,0.291039276757167
75050,"lognorm_skew","Huber",0.148076964174304,0.02592073243015
75050,"lognorm_skew","L1",0.289270053463505,0.120727992737023
75050,"lognorm_skew","LSE",0.145641163105932,0.0960472318717365
75051,"lognorm_skew","W10",0.209684464490714,0.207823291727213
75051,"lognorm_skew","W11",0.381013552308705,0.422535412411602
75051,"lognorm_skew","Huber",0.190945023094487,0.176082824126146
75051,"lognorm_skew","L1",0.256267046540335,0.230769924316293
75051,"lognorm_skew","LSE",0.103608870250737,0.0855485808822768
75052,"lognorm_skew","W10",0.185434456653914,0.177945295912824
75052,"lognorm_skew","W11",0.306705335167765,0.313060838786421
75052,"lognorm_skew","Huber",0.179749715165191,0.17488854159723
75052,"lognorm_skew","L1",0.203693895621793,0.196631832211137
75052,"lognorm_skew","LSE",0.101722566086468,0.0430595989250189
75053,"lognorm_skew","W10",0.208559580520414,0.270918623710482
75053,"lognorm_skew","W11",0.363215794026349,0.425879690680986
75053,"lognorm_skew","Huber",0.19917971564706,0.267308929542265
75053,"lognorm_skew","L1",0.262270594236309,0.362119154216744
75053,"lognorm_skew","LSE",0.107205544046249,0.0956854536327033
75054,"lognorm_skew","W10",0.174725969435681,0.09903905271258
75054,"lognorm_skew","W11",0.354693834071404,0.310648088848965
75054,"lognorm_skew","Huber",0.166966141740439,0.0739476015567153
75054,"lognorm_skew","L1",0.209200120811054,0.117099173405251
75054,"lognorm_skew","LSE",0.166398567681221,0.0970322072737138
75055,"lognorm_skew","W10",0.228251653917276,0.167416147421129
75055,"lognorm_skew","W11",0.3605087190503,0.308845032669539
75055,"lognorm_skew","Huber",0.191470651930854,0.147670075252222
75055,"lognorm_skew","L1",0.284390552419836,0.22372993033032
75055,"lognorm_skew","LSE",0.121426894530751,0.0456888503103526
75056,"lognorm_skew","W10",0.217512614896611,0.27149554238336
75056,"lognorm_skew","W11",0.41490269511412,0.439873519370038
75056,"lognorm_skew","Huber",0.196968016925752,0.246421164432801
75056,"lognorm_skew","L1",0.303949524542413,0.369142230871121
75056,"lognorm_skew","LSE",0.0924025666644876,0.0799512090041423
75057,"lognorm_skew","W10",0.175077083457825,0.21117396795863
75057,"lognorm_skew","W11",0.359720496872828,0.417457185682965
75057,"lognorm_skew","Huber",0.162152223146555,0.186860243373853
75057,"lognorm_skew","L1",0.229139528016626,0.272776634451219
75057,"lognorm_skew","LSE",0.0920522715441001,0.0216562766084593
75058,"lognorm_skew","W10",0.166246378256376,0.151831387611352
75058,"lognorm_skew","W11",0.370517801334374,0.358193672268195
75058,"lognorm_skew","Huber",0.160797028397089,0.141693521805478
75058,"lognorm_skew","L1",0.215085907120244,0.161766527948732
75058,"lognorm_skew","LSE",0.0733282519248135,0.00587748147001182
75059,"lognorm_skew","W10",0.150202803229872,0.157683639393339
75059,"lognorm_skew","W11",0.352251744445745,0.352330758349357
75059,"lognorm_skew","Huber",0.143271221403694,0.159513894373059
75059,"lognorm_skew","L1",0.243063786927513,0.212786923962161
75059,"lognorm_skew","LSE",0.130179134145816,0.115054127801717
75060,"lognorm_skew","W10",0.164840154576315,0.15656338528452
75060,"lognorm_skew","W11",0.36174428516881,0.376707162521516
75060,"lognorm_skew","Huber",0.149916436449429,0.137121869207651
75060,"lognorm_skew","L1",0.244521733229242,0.245035986626087
75060,"lognorm_skew","LSE",0.0732195943801286,0.0361000658565732
75061,"lognorm_skew","W10",0.184880503052325,0.196448784323143
75061,"lognorm_skew","W11",0.39524113689884,0.385124089824135
75061,"lognorm_skew","Huber",0.171261974024472,0.185935775777462
75061,"lognorm_skew","L1",0.262120989074551,0.26005539035403
75061,"lognorm_skew","LSE",0.093586087801583,0.068797898852898
75062,"lognorm_skew","W10",0.192114314318815,0.16122409240809
75062,"lognorm_skew","W11",0.409571119709076,0.394688036355148
75062,"lognorm_skew","Huber",0.174037159569432,0.136096575833312
75062,"lognorm_skew","L1",0.292216122753461,0.279718168909543
75062,"lognorm_skew","LSE",0.0958385408849342,0.0753578268809751
75063,"lognorm_skew","W10",0.218930621539128,0.170494203190324
75063,"lognorm_skew","W11",0.423633437648169,0.431347350121732
75063,"lognorm_skew","Huber",0.208328490358578,0.18634736866636
75063,"lognorm_skew","L1",0.295885537867187,0.298065321457062
75063,"lognorm_skew","LSE",0.14321830072236,0.0689582857783217
75064,"lognorm_skew","W10",0.217294120295212,0.265011243700728
75064,"lognorm_skew","W11",0.413567913057936,0.474036154635988
75064,"lognorm_skew","Huber",0.196430194501285,0.235314430784938
75064,"lognorm_skew","L1",0.330398883316261,0.354193584441684
75064,"lognorm_skew","LSE",0.110288077253264,0.00127405882384324
75065,"lognorm_skew","W10",0.143817062301474,0.149402055846444
75065,"lognorm_skew","W11",0.396996706965747,0.435153009240523
75065,"lognorm_skew","Huber",0.132478890076879,0.144705951544123
75065,"lognorm_skew","L1",0.267241235132155,0.249861063192016
75065,"lognorm_skew","LSE",0.0923202019175095,0.00616692978132505
75066,"lognorm_skew","W10",0.183608137338231,0.24840930168746
75066,"lognorm_skew","W11",0.397347993186072,0.478430407250844
75066,"lognorm_skew","Huber",0.168140451498447,0.226066888660697
75066,"lognorm_skew","L1",0.27849264490073,0.33937182571587
75066,"lognorm_skew","LSE",0.0545022082057349,0.0635490058082159
75067,"lognorm_skew","W10",0.108704252479342,0.0504753280776811
75067,"lognorm_skew","W11",0.380133364118234,0.359132679070878
75067,"lognorm_skew","Huber",0.122535757147898,0.0686893490592857
75067,"lognorm_skew","L1",0.202582924337097,0.15674804820446
75067,"lognorm_skew","LSE",0.0622830280186308,0.072458773870926
75068,"lognorm_skew","W10",0.161186534437612,0.195882151308665
75068,"lognorm_skew","W11",0.348064873214977,0.401198666669663
75068,"lognorm_skew","Huber",0.146063490066838,0.177759733672147
75068,"lognorm_skew","L1",0.238775231507222,0.245790122271105
75068,"lognorm_skew","LSE",0.0598929237709665,0.00357846886253266
75069,"lognorm_skew","W10",0.178483657264111,0.197164008695344
75069,"lognorm_skew","W11",0.377041244956185,0.416931200611485
75069,"lognorm_skew","Huber",0.151170610276568,0.159633668566456
75069,"lognorm_skew","L1",0.329127293990294,0.39191591398433
75069,"lognorm_skew","LSE",0.0946242651275097,0.00524279041602538
75070,"lognorm_skew","W10",0.165540151876987,0.190340118643838
75070,"lognorm_skew","W11",0.382734263394433,0.421493409192626
75070,"lognorm_skew","Huber",0.161714893161256,0.189129613865309
75070,"lognorm_skew","L1",0.274832872981609,0.315101314475894
75070,"lognorm_skew","LSE",0.125948439949851,0.0716172492575026
75071,"lognorm_skew","W10",0.155311182948588,0.0754335869209446
75071,"lognorm_skew","W11",0.369687648789034,0.356751262738961
75071,"lognorm_skew","Huber",0.16102903278303,0.0866422719779023
75071,"lognorm_skew","L1",0.221505542090989,0.144915771460673
75071,"lognorm_skew","LSE",0.164844337137303,0.110112865267816
75072,"lognorm_skew","W10",0.175166316700538,0.135233335246507
75072,"lognorm_skew","W11",0.356414187367748,0.403152442250466
75072,"lognorm_skew","Huber",0.17888174547045,0.150169049960843
75072,"lognorm_skew","L1",0.185152048570503,0.175616332645047
75072,"lognorm_skew","LSE",0.163845156657779,0.0288046895813445
75073,"lognorm_skew","W10",0.194752738798316,0.186058559375953
75073,"lognorm_skew","W11",0.363726127808523,0.400457505791012
75073,"lognorm_skew","Huber",0.194462771972084,0.184021302671523
75073,"lognorm_skew","L1",0.246476517443099,0.237798277037874
75073,"lognorm_skew","LSE",0.155627947299689,0.0570715166042691
75074,"lognorm_skew","W10",0.130260266317994,0.086915882668668
75074,"lognorm_skew","W11",0.332631901129914,0.277396204700339
75074,"lognorm_skew","Huber",0.119321616933482,0.0728987465152753
75074,"lognorm_skew","L1",0.210752112468298,0.18745035550549
75074,"lognorm_skew","LSE",0.0888621563133635,0.030722643160905
75075,"lognorm_skew","W10",0.179930737119665,0.097539165560896
75075,"lognorm_skew","W11",0.408455977054175,0.347025025717785
75075,"lognorm_skew","Huber",0.166325384733097,0.0762998217004365
75075,"lognorm_skew","L1",0.294661125448603,0.234830780219982
75075,"lognorm_skew","LSE",0.119258103094823,0.0833552505065852
75076,"lognorm_skew","W10",0.234755391837846,0.231671481965613
75076,"lognorm_skew","W11",0.427964320171283,0.476546625400683
75076,"lognorm_skew","Huber",0.225149742741139,0.212900299944012
75076,"lognorm_skew","L1",0.371638108822537,0.407309838480792
75076,"lognorm_skew","LSE",0.165319284526887,0.067267144955634
75077,"lognorm_skew","W10",0.148754526091078,0.0977404307772008
75077,"lognorm_skew","W11",0.327023658210666,0.276053453319628
75077,"lognorm_skew","Huber",0.1407991221213,0.0826379354452292
75077,"lognorm_skew","L1",0.180194878409848,0.15494241817938
75077,"lognorm_skew","LSE",0.0862013897412678,0.0320983498276275
75078,"lognorm_skew","W10",0.151370462518577,0.148502270131818
75078,"lognorm_skew","W11",0.357064685379696,0.347778758432021
75078,"lognorm_skew","Huber",0.144360765591022,0.14248170294632
75078,"lognorm_skew","L1",0.229662042453604,0.233533290749958
75078,"lognorm_skew","LSE",0.0870326348919465,0.00749323731737966
75079,"lognorm_skew","W10",0.123340009514707,0.0820307156719626
75079,"lognorm_skew","W11",0.360341271590188,0.336720140862132
75079,"lognorm_skew","Huber",0.117516117497907,0.075202813374829
75079,"lognorm_skew","L1",0.198075816763687,0.112168212918219
75079,"lognorm_skew","LSE",0.10439543619677,0.0743474943674199
75080,"lognorm_skew","W10",0.156641950541109,0.139173884804085
75080,"lognorm_skew","W11",0.335856952110891,0.338421615869202
75080,"lognorm_skew","Huber",0.15049131270982,0.124124010607789
75080,"lognorm_skew","L1",0.227881217456249,0.211226421938722
75080,"lognorm_skew","LSE",0.13973780789894,0.00710911658201518
75081,"lognorm_skew","W10",0.204114002485348,0.255599911705365
75081,"lognorm_skew","W11",0.400723784600856,0.468824966071375
75081,"lognorm_skew","Huber",0.19932092615992,0.241705822706914
75081,"lognorm_skew","L1",0.298896440233611,0.32689225036797
75081,"lognorm_skew","LSE",0.127945546903616,0.0849253943174347
75082,"lognorm_skew","W10",0.138156663098775,0.17688245128204
75082,"lognorm_skew","W11",0.358082113247285,0.462567969488537
75082,"lognorm_skew","Huber",0.147774246801214,0.189467978464928
75082,"lognorm_skew","L1",0.233314696552396,0.325475763812868
75082,"lognorm_skew","LSE",0.107890762647369,0.0638069355488054
75083,"lognorm_skew","W10",0.169231946813571,0.205817650916758
75083,"lognorm_skew","W11",0.314372116871388,0.345884509966005
75083,"lognorm_skew","Huber",0.15449143893349,0.196251587960329
75083,"lognorm_skew","L1",0.239950125878621,0.280997697525109
75083,"lognorm_skew","LSE",0.0632869590638983,0.0319980188334283
75084,"lognorm_skew","W10",0.200199256221619,0.2550672309132
75084,"lognorm_skew","W11",0.388124474356982,0.445666258008754
75084,"lognorm_skew","Huber",0.191245800266084,0.24222482477812
75084,"lognorm_skew","L1",0.291380064804544,0.396715460516871
75084,"lognorm_skew","LSE",0.0859794546153689,0.0790768523874767
75085,"lognorm_skew","W10",0.16903571234165,0.130491771235178
75085,"lognorm_skew","W11",0.383964293056322,0.349399994777814
75085,"lognorm_skew","Huber",0.166678818103084,0.123286892176331
75085,"lognorm_skew","L1",0.26932326753687,0.263112924226398
75085,"lognorm_skew","LSE",0.13552248155918,0.0344587491547776
75086,"lognorm_skew","W10",0.1355189761124,0.178340742083998
75086,"lognorm_skew","W11",0.412448325434756,0.515210898308297
75086,"lognorm_skew","Huber",0.136205746679089,0.180412725876565
75086,"lognorm_skew","L1",0.248598149789911,0.332621630441148
75086,"lognorm_skew","LSE",0.0897653078259703,0.0620412239696862
75087,"lognorm_skew","W10",0.161533016859905,0.168111185010975
75087,"lognorm_skew","W11",0.37232581501527,0.404890558058771
75087,"lognorm_skew","Huber",0.14917481130578,0.146836764766919
75087,"lognorm_skew","L1",0.233034047804614,0.22870583043666
75087,"lognorm_skew","LSE",0.0801722299397107,0.0297499593897179
75088,"lognorm_skew","W10",0.189112796866369,0.223011465379719
75088,"lognorm_skew","W11",0.371465051068518,0.489759959963308
75088,"lognorm_skew","Huber",0.190677134232007,0.237787598954808
75088,"lognorm_skew","L1",0.283006437058725,0.372886345617061
75088,"lognorm_skew","LSE",0.102653042425763,0.0734648518498521
75089,"lognorm_skew","W10",0.155839696537543,0.0990692409374101
75089,"lognorm_skew","W11",0.36541867682904,0.335835546886596
75089,"lognorm_skew","Huber",0.146168004638406,0.088558267944527
75089,"lognorm_skew","L1",0.218706820744122,0.163154885266767
75089,"lognorm_skew","LSE",0.0875947822825686,0.0821591397102285
75090,"lognorm_skew","W10",0.200331379350743,0.269870920937607
75090,"lognorm_skew","W11",0.358281298586448,0.408705267501425
75090,"lognorm_skew","Huber",0.184266655274495,0.2465079119203
75090,"lognorm_skew","L1",0.297882165275979,0.37802112943015
75090,"lognorm_skew","LSE",0.0916889749335696,0.059878384171059
75091,"lognorm_skew","W10",0.18782738016866,0.107986775656284
75091,"lognorm_skew","W11",0.37233740624573,0.290632138205768
75091,"lognorm_skew","Huber",0.163269510193048,0.0786764838214733
75091,"lognorm_skew","L1",0.271285628723047,0.205940188893128
75091,"lognorm_skew","LSE",0.0793385752228583,0.0754957139009277
75092,"lognorm_skew","W10",0.190158153271158,0.175220555779032
75092,"lognorm_skew","W11",0.380223729045354,0.405287083640525
75092,"lognorm_skew","Huber",0.187217115696933,0.156200028855559
75092,"lognorm_skew","L1",0.288336097805646,0.292417817485385
75092,"lognorm_skew","LSE",0.199648494428745,0.0351125566608871
75093,"lognorm_skew","W10",0.13899361924363,0.130560666053909
75093,"lognorm_skew","W11",0.335695331052692,0.346905213087194
75093,"lognorm_skew","Huber",0.131754189539136,0.122162917171799
75093,"lognorm_skew","L1",0.219005795990636,0.219701307854808
75093,"lognorm_skew","LSE",0.0828290883752098,0.0156565799032439
75094,"lognorm_skew","W10",0.185616489179911,0.192192900105916
75094,"lognorm_skew","W11",0.39171326313949,0.432756242600903
75094,"lognorm_skew","Huber",0.178076115398398,0.18106453984188
75094,"lognorm_skew","L1",0.288043929849213,0.30778977222671
75094,"lognorm_skew","LSE",0.0973337449284533,0.0111646733395264
75095,"lognorm_skew","W10",0.156905001624295,0.0704940800505439
75095,"lognorm_skew","W11",0.347561220194008,0.31159125988572
75095,"lognorm_skew","Huber",0.143903631137528,0.0506350160381489
75095,"lognorm_skew","L1",0.201442150874347,0.190754151888987
75095,"lognorm_skew","LSE",0.114714669597511,0.127234084884959
75096,"lognorm_skew","W10",0.177733232025297,0.213621901087659
75096,"lognorm_skew","W11",0.369860836329077,0.412057904094212
75096,"lognorm_skew","Huber",0.15821095902021,0.183228791965053
75096,"lognorm_skew","L1",0.27707640894521,0.336024589299043
75096,"lognorm_skew","LSE",0.106633759000266,0.0134836659458452
75097,"lognorm_skew","W10",0.20614257157119,0.198365947490463
75097,"lognorm_skew","W11",0.447944478794448,0.476817455349611
75097,"lognorm_skew","Huber",0.194587571506969,0.188238425239446
75097,"lognorm_skew","L1",0.305806652915577,0.284692721047068
75097,"lognorm_skew","LSE",0.134109263379871,0.0296010427095726
75098,"lognorm_skew","W10",0.213978834511447,0.235372371493542
75098,"lognorm_skew","W11",0.406228145520311,0.411659467793396
75098,"lognorm_skew","Huber",0.187696854458002,0.211503161455567
75098,"lognorm_skew","L1",0.296136583162321,0.33022592094488
75098,"lognorm_skew","LSE",0.0838116970760703,0.0188993443475325
75099,"lognorm_skew","W10",0.168127891459459,0.212345941190366
75099,"lognorm_skew","W11",0.362862541339924,0.385953710367949
75099,"lognorm_skew","Huber",0.181585712263807,0.240399473669867
75099,"lognorm_skew","L1",0.281559617751617,0.319128683533484
75099,"lognorm_skew","LSE",0.184273421163372,0.196790487120231
75100,"lognorm_skew","W10",0.162288232481329,0.129244254095697
75100,"lognorm_skew","W11",0.35380655416635,0.314384866495556
75100,"lognorm_skew","Huber",0.150976620756255,0.1129344533377
75100,"lognorm_skew","L1",0.235688897568188,0.170269475801845
75100,"lognorm_skew","LSE",0.0919038989704112,0.0274802342473663
75101,"lognorm_skew","W10",0.251945509492038,0.267210701315779
75101,"lognorm_skew","W11",0.40116177667156,0.42100884784821
75101,"lognorm_skew","Huber",0.229188781026024,0.239374656830121
75101,"lognorm_skew","L1",0.302638142011149,0.322930749261221
75101,"lognorm_skew","LSE",0.147897385638118,0.0476621235641175
75102,"lognorm_skew","W10",0.174814703130372,0.126297629393369
75102,"lognorm_skew","W11",0.419567338590459,0.370632999875728
75102,"lognorm_skew","Huber",0.150300917597356,0.0913560599019409
75102,"lognorm_skew","L1",0.297370299179302,0.277078291441662
75102,"lognorm_skew","LSE",0.123279736887795,0.0829546084287274
75103,"lognorm_skew","W10",0.146425321997714,0.137481700003536
75103,"lognorm_skew","W11",0.399465088057936,0.407401140733661
75103,"lognorm_skew","Huber",0.133147010670821,0.124028922767612
75103,"lognorm_skew","L1",0.257253879700353,0.235330650047293
75103,"lognorm_skew","LSE",0.0515187102875429,0.0275441164642762
75104,"lognorm_skew","W10",0.200887009725805,0.186938922315421
75104,"lognorm_skew","W11",0.456152370440883,0.471861117264654
75104,"lognorm_skew","Huber",0.180541683747248,0.167728386991262
75104,"lognorm_skew","L1",0.315777874565125,0.301439513380708
75104,"lognorm_skew","LSE",0.0737609073787606,0.00510761768126433
75105,"lognorm_skew","W10",0.184591839012161,0.217362903930345
75105,"lognorm_skew","W11",0.446569137960524,0.329866140617584
75105,"lognorm_skew","Huber",0.167620655179214,0.190559728720805
75105,"lognorm_skew","L1",0.298858707323998,0.351763777861935
75105,"lognorm_skew","LSE",0.082014380104226,0.0545371765199691
75106,"lognorm_skew","W10",0.134370732241422,0.153751688654193
75106,"lognorm_skew","W11",0.337438200277383,0.399487308385045
75106,"lognorm_skew","Huber",0.128623898864371,0.145832682557029
75106,"lognorm_skew","L1",0.212935998500591,0.268532289057156
75106,"lognorm_skew","LSE",0.0348501188141524,0.0165731800361715
75107,"lognorm_skew","W10",0.186164939782476,0.197587763981143
75107,"lognorm_skew","W11",0.40781601459409,0.492900061767374
75107,"lognorm_skew","Huber",0.190334254986107,0.196210871880345
75107,"lognorm_skew","L1",0.339294667944142,0.405022910585392
75107,"lognorm_skew","LSE",0.133432332481122,0.0353351189653779
75108,"lognorm_skew","W10",0.192885106727161,0.134323183237103
75108,"lognorm_skew","W11",0.379368971776292,0.364194485838015
75108,"lognorm_skew","Huber",0.169330222871886,0.10939421917089
75108,"lognorm_skew","L1",0.261261257338917,0.193596580867457
75108,"lognorm_skew","LSE",0.084575358248481,0.0952455841005861
75109,"lognorm_skew","W10",0.1400032748273,0.137364299655872
75109,"lognorm_skew","W11",0.415488764747333,0.457882906253902
75109,"lognorm_skew","Huber",0.138112745012315,0.142553676974212
75109,"lognorm_skew","L1",0.248920250180651,0.268962226436566
75109,"lognorm_skew","LSE",0.0455347589780247,0.0208780431344808
75110,"lognorm_skew","W10",0.186967126595774,0.11617101608238
75110,"lognorm_skew","W11",0.368707134030715,0.359851166404947
75110,"lognorm_skew","Huber",0.177369409553266,0.099326447991519
75110,"lognorm_skew","L1",0.267167207429821,0.179847247804715
75110,"lognorm_skew","LSE",0.144454783155082,0.0453111350825551
75111,"lognorm_skew","W10",0.190759228372852,0.211300792880411
75111,"lognorm_skew","W11",0.362508650048971,0.436059871013128
75111,"lognorm_skew","Huber",0.179343798517047,0.204216589736213
75111,"lognorm_skew","L1",0.21901568221658,0.283558337932812
75111,"lognorm_skew","LSE",0.066736695587624,0.0312582840354504
75112,"lognorm_skew","W10",0.160670049130157,0.0669975681593953
75112,"lognorm_skew","W11",0.346259872271977,0.294351539530563
75112,"lognorm_skew","Huber",0.144744326591297,0.0426205161173547
75112,"lognorm_skew","L1",0.2218789272517,0.098072832623142
75112,"lognorm_skew","LSE",0.136394147292582,0.150025053883269
75113,"lognorm_skew","W10",0.163893750751399,0.137186097316057
75113,"lognorm_skew","W11",0.403559552544629,0.385133275985279
75113,"lognorm_skew","Huber",0.154273788042554,0.120112147266447
75113,"lognorm_skew","L1",0.292779393007064,0.255907460157789
75113,"lognorm_skew","LSE",0.0949697269162392,0.0975441517868234
75114,"lognorm_skew","W10",0.160016793487145,0.187668787561243
75114,"lognorm_skew","W11",0.383237770918084,0.444895059655104
75114,"lognorm_skew","Huber",0.163864766810055,0.186984345545457
75114,"lognorm_skew","L1",0.278324947895303,0.309679979018233
75114,"lognorm_skew","LSE",0.142848498559237,0.0256197204198498
75115,"lognorm_skew","W10",0.220022452059672,0.272922031150708
75115,"lognorm_skew","W11",0.381982742088404,0.456181244807837
75115,"lognorm_skew","Huber",0.198953999260991,0.263841031868005
75115,"lognorm_skew","L1",0.295321403092948,0.362987947792626
75115,"lognorm_skew","LSE",0.105454985035074,0.0943696227422144
75116,"lognorm_skew","W10",0.17912190166485,0.199167510230029
75116,"lognorm_skew","W11",0.346865211560392,0.347306038988266
75116,"lognorm_skew","Huber",0.158944467551765,0.184042791184141
75116,"lognorm_skew","L1",0.248224832989957,0.285009021312078
75116,"lognorm_skew","LSE",0.111528521830503,0.0396142007428666
75117,"lognorm_skew","W10",0.198201546528643,0.189647884449338
75117,"lognorm_skew","W11",0.369253124323674,0.368334644358371
75117,"lognorm_skew","Huber",0.185981734831615,0.171724449446716
75117,"lognorm_skew","L1",0.284727177793328,0.237255221296285
75117,"lognorm_skew","LSE",0.087555766236656,0.00345543776610358
75118,"lognorm_skew","W10",0.194666558667601,0.191698866970281
75118,"lognorm_skew","W11",0.348404066838997,0.379141674683188
75118,"lognorm_skew","Huber",0.179578168238139,0.168891428924258
75118,"lognorm_skew","L1",0.246482537326416,0.211104834279121
75118,"lognorm_skew","LSE",0.128741580117768,0.0113741163391774
75119,"lognorm_skew","W10",0.180652702431386,0.262915297086044
75119,"lognorm_skew","W11",0.380504493367609,0.487259506345908
75119,"lognorm_skew","Huber",0.174134274595502,0.254021640444651
75119,"lognorm_skew","L1",0.313479975675843,0.450054599198845
75119,"lognorm_skew","LSE",0.147131655114504,0.148525556086162
75120,"lognorm_skew","W10",0.207946161277981,0.18841487097811
75120,"lognorm_skew","W11",0.408648793838523,0.370238896397684
75120,"lognorm_skew","Huber",0.188444995910662,0.167793305403977
75120,"lognorm_skew","L1",0.269684581931382,0.214000091887526
75120,"lognorm_skew","LSE",0.0691424183553007,0.0150727841569018
75121,"lognorm_skew","W10",0.203949806189194,0.255346194398097
75121,"lognorm_skew","W11",0.390436848765469,0.479520437605617
75121,"lognorm_skew","Huber",0.190269741189207,0.243698476499623
75121,"lognorm_skew","L1",0.297834505657451,0.389812689635378
75121,"lognorm_skew","LSE",0.101912729082975,0.046617004752137
75122,"lognorm_skew","W10",0.199926697433403,0.186908625219562
75122,"lognorm_skew","W11",0.40797393560194,0.441418523242805
75122,"lognorm_skew","Huber",0.169414505160705,0.14646126149571
75122,"lognorm_skew","L1",0.296471927119053,0.306944850991485
75122,"lognorm_skew","LSE",0.0921330789042241,0.0911883715949742
75123,"lognorm_skew","W10",0.144339269718759,0.1190535439823
75123,"lognorm_skew","W11",0.314930603370408,0.329802314126472
75123,"lognorm_skew","Huber",0.13727692885201,0.114427655359643
75123,"lognorm_skew","L1",0.246481367687769,0.259036074614867
75123,"lognorm_skew","LSE",0.0881973681599688,0.0472687278370608
75124,"lognorm_skew","W10",0.165399471883106,0.190797542138739
75124,"lognorm_skew","W11",0.357974453431898,0.394079321320482
75124,"lognorm_skew","Huber",0.155051365688132,0.171200266841389
75124,"lognorm_skew","L1",0.196986278836974,0.200713475212029
75124,"lognorm_skew","LSE",0.106018468504803,0.017101036233597
75125,"lognorm_skew","W10",0.196386867805498,0.258114356473146
75125,"lognorm_skew","W11",0.4238171294794,0.437119321587526
75125,"lognorm_skew","Huber",0.190924848386649,0.263565413840014
75125,"lognorm_skew","L1",0.283530955665454,0.366607900810823
75125,"lognorm_skew","LSE",0.114585817047239,0.12682953908782
75126,"lognorm_skew","W10",0.161664567320916,0.18676208880539
75126,"lognorm_skew","W11",0.325230395132739,0.362124798903308
75126,"lognorm_skew","Huber",0.156043536149494,0.184599823232257
75126,"lognorm_skew","L1",0.187300727734056,0.238682876827981
75126,"lognorm_skew","LSE",0.0510409183260234,0.0157961119115628
75127,"lognorm_skew","W10",0.137402256840149,0.165973369447269
75127,"lognorm_skew","W11",0.358529076041581,0.427907161386219
75127,"lognorm_skew","Huber",0.137331346338332,0.172538769392873
75127,"lognorm_skew","L1",0.262246019201017,0.331778422629261
75127,"lognorm_skew","LSE",0.108632068006472,0.0622424958290186
75128,"lognorm_skew","W10",0.189442728243971,0.249668366488776
75128,"lognorm_skew","W11",0.367485364051205,0.424029499500085
75128,"lognorm_skew","Huber",0.176827188765394,0.234098474767282
75128,"lognorm_skew","L1",0.264637961631795,0.357242398380386
75128,"lognorm_skew","LSE",0.115212346687172,0.108301669101221
75129,"lognorm_skew","W10",0.178955184860982,0.112785275305255
75129,"lognorm_skew","W11",0.432229737946916,0.401272037126136
75129,"lognorm_skew","Huber",0.167269931326121,0.121493410688911
75129,"lognorm_skew","L1",0.287647248969474,0.238176843520431
75129,"lognorm_skew","LSE",0.103222002305138,0.00994689164588131
75130,"lognorm_skew","W10",0.177285960914786,0.151513958996806
75130,"lognorm_skew","W11",0.36453314522165,0.374923978582286
75130,"lognorm_skew","Huber",0.162144687087081,0.135626736934279
75130,"lognorm_skew","L1",0.248299576560998,0.229066063430152
75130,"lognorm_skew","LSE",0.129926810610043,0.0565947472619193
75131,"lognorm_skew","W10",0.175122052347154,0.217086060585815
75131,"lognorm_skew","W11",0.368802561644342,0.385378452010298
75131,"lognorm_skew","Huber",0.158820097309727,0.187335110196825
75131,"lognorm_skew","L1",0.25733184812096,0.276601040604823
75131,"lognorm_skew","LSE",0.0874237271711332,0.000325200275749449
75132,"lognorm_skew","W10",0.147558101682482,0.0445379478420389
75132,"lognorm_skew","W11",0.394034157584413,0.317823459812506
75132,"lognorm_skew","Huber",0.137517553720814,0.0449284339196678
75132,"lognorm_skew","L1",0.287134356664458,0.211051122998556
75132,"lognorm_skew","LSE",0.0772178206468856,0.0628644636804472
75133,"lognorm_skew","W10",0.209051057436429,0.111651371083017
75133,"lognorm_skew","W11",0.371411834435602,0.357241908174897
75133,"lognorm_skew","Huber",0.194870558009491,0.0981050655596497
75133,"lognorm_skew","L1",0.230492472539901,0.186280978273696
75133,"lognorm_skew","LSE",0.175685748447255,0.100216775948691
75134,"lognorm_skew","W10",0.185683830342089,0.0574865280831408
75134,"lognorm_skew","W11",0.417496906296718,0.309189048275439
75134,"lognorm_skew","Huber",0.178234769961923,0.0487550162191323
75134,"lognorm_skew","L1",0.236550448070618,0.145155795911901
75134,"lognorm_skew","LSE",0.157909758659941,0.127947804004783
75135,"lognorm_skew","W10",0.159783156317955,0.115148896480283
75135,"lognorm_skew","W11",0.379338271192959,0.349322089067051
75135,"lognorm_skew","Huber",0.147415311302495,0.108766361362892
75135,"lognorm_skew","L1",0.236635589326795,0.17470175444697
75135,"lognorm_skew","LSE",0.117016084916744,0.0454075557386078
75136,"lognorm_skew","W10",0.158795877289116,0.20727756316419
75136,"lognorm_skew","W11",0.408203062983536,0.41206367778803
75136,"lognorm_skew","Huber",0.152361520005309,0.18976091617495
75136,"lognorm_skew","L1",0.26472430580984,0.278722695990404
75136,"lognorm_skew","LSE",0.0549592545242405,0.0593565033939149
75137,"lognorm_skew","W10",0.210192522181615,0.171180302633392
75137,"lognorm_skew","W11",0.394093257486367,0.375726209527708
75137,"lognorm_skew","Huber",0.186491520544151,0.139074943820503
75137,"lognorm_skew","L1",0.264440060657484,0.233061079250795
75137,"lognorm_skew","LSE",0.119924547292847,0.104749564072786
75138,"lognorm_skew","W10",0.150646096488857,0.201961173613493
75138,"lognorm_skew","W11",0.405050156186314,0.484203814181774
75138,"lognorm_skew","Huber",0.144669337063923,0.195217351545557
75138,"lognorm_skew","L1",0.288181969535875,0.366572745339134
75138,"lognorm_skew","LSE",0.0828027314182202,0.0514538772750521
75139,"lognorm_skew","W10",0.163035402221832,0.156385395545746
75139,"lognorm_skew","W11",0.409735076916813,0.401087465866368
75139,"lognorm_skew","Huber",0.150510283513507,0.145410996220272
75139,"lognorm_skew","L1",0.267057548465164,0.21894007132346
75139,"lognorm_skew","LSE",0.0556199904001775,0.00954846200476944
75140,"lognorm_skew","W10",0.131860648862136,0.0776280848144183
75140,"lognorm_skew","W11",0.333159039871596,0.342069556950136
75140,"lognorm_skew","Huber",0.125059053501221,0.0723325518770862
75140,"lognorm_skew","L1",0.201547068187805,0.191288181872397
75140,"lognorm_skew","LSE",0.0825748968245686,0.0917969998910633
75141,"lognorm_skew","W10",0.136990175843698,0.0897817672526737
75141,"lognorm_skew","W11",0.335725474104994,0.3179664196788
75141,"lognorm_skew","Huber",0.139989243070261,0.0878749445016285
75141,"lognorm_skew","L1",0.172794604935008,0.15969573516406
75141,"lognorm_skew","LSE",0.0692508393189995,0.0748031951284941
75142,"lognorm_skew","W10",0.193072319259271,0.236551253670698
75142,"lognorm_skew","W11",0.406552286425376,0.400487965795315
75142,"lognorm_skew","Huber",0.187680642357836,0.224084873778715
75142,"lognorm_skew","L1",0.265314223038457,0.30544416227903
75142,"lognorm_skew","LSE",0.121370402990887,0.108837543117165
75143,"lognorm_skew","W10",0.111061750594565,0.113571953034412
75143,"lognorm_skew","W11",0.352017713768814,0.375613138477632
75143,"lognorm_skew","Huber",0.119467039138509,0.127521769111615
75143,"lognorm_skew","L1",0.193274613921938,0.22734584244397
75143,"lognorm_skew","LSE",0.0505026039149598,0.00459688452698026
75144,"lognorm_skew","W10",0.197398307150203,0.212248697825126
75144,"lognorm_skew","W11",0.345929133599451,0.377000645529193
75144,"lognorm_skew","Huber",0.184137730293003,0.185697983598629
75144,"lognorm_skew","L1",0.226386793130059,0.238810092316884
75144,"lognorm_skew","LSE",0.121207493017967,0.0318625127092402
75145,"lognorm_skew","W10",0.214464442101875,0.24787199143382
75145,"lognorm_skew","W11",0.376168554332013,0.403676041180915
75145,"lognorm_skew","Huber",0.207933156805219,0.233755743766998
75145,"lognorm_skew","L1",0.270610977400395,0.292266030990867
75145,"lognorm_skew","LSE",0.189558988180214,0.0836851650892882
75146,"lognorm_skew","W10",0.210403542428762,0.246628701114416
75146,"lognorm_skew","W11",0.359680748333928,0.392513741895516
75146,"lognorm_skew","Huber",0.18731254344858,0.203833451774164
75146,"lognorm_skew","L1",0.253466893776214,0.330423110860965
75146,"lognorm_skew","LSE",0.111942997765132,0.000943729801201276
75147,"lognorm_skew","W10",0.137599745638743,0.102305121151819
75147,"lognorm_skew","W11",0.349666440085528,0.324190924281906
75147,"lognorm_skew","Huber",0.125159492109343,0.0909129026148464
75147,"lognorm_skew","L1",0.215069947786516,0.17564273072641
75147,"lognorm_skew","LSE",0.106832898271872,0.0113146678863218
75148,"lognorm_skew","W10",0.231137726611737,0.269283824504859
75148,"lognorm_skew","W11",0.383725169592003,0.436177313709918
75148,"lognorm_skew","Huber",0.225599334663325,0.257163589616678
75148,"lognorm_skew","L1",0.255611500422719,0.255095745374903
75148,"lognorm_skew","LSE",0.197964015597745,0.106419957515084
75149,"lognorm_skew","W10",0.206578071553623,0.249453722684429
75149,"lognorm_skew","W11",0.412914582931774,0.444150898581819
75149,"lognorm_skew","Huber",0.198735703098171,0.236986557244498
75149,"lognorm_skew","L1",0.30617601507255,0.322714753660645
75149,"lognorm_skew","LSE",0.115086392269113,0.0963755544879527
75150,"lognorm_skew","W10",0.205419000421995,0.285570693764643
75150,"lognorm_skew","W11",0.372643069158463,0.488905350339998
75150,"lognorm_skew","Huber",0.196595590426258,0.271408891991154
75150,"lognorm_skew","L1",0.270588460887357,0.37270300158506
75150,"lognorm_skew","LSE",0.11874931079805,0.0618595232271104
75001,"skewt_heavy","W10",0.486474836841101,0.508244150069221
75001,"skewt_heavy","W11",0.336411465733513,0.384923164132911
75001,"skewt_heavy","Huber",0.546507899752946,0.572823720139201
75001,"skewt_heavy","L1",0.4045930273381,0.45696009635736
75001,"skewt_heavy","LSE",0.891515320048805,0.927595967096655
75002,"skewt_heavy","W10",0.600835330724245,0.53208823307139
75002,"skewt_heavy","W11",0.472945693667013,0.43674293402236
75002,"skewt_heavy","Huber",0.643748076555809,0.544559386046221
75002,"skewt_heavy","L1",0.569311059969297,0.455942961507596
75002,"skewt_heavy","LSE",0.808098785239395,0.662949668428511
75003,"skewt_heavy","W10",0.70905396114554,0.754651762025948
75003,"skewt_heavy","W11",0.49510174525699,0.503171214517241
75003,"skewt_heavy","Huber",0.757464696917105,0.805225012393314
75003,"skewt_heavy","L1",0.585667904974875,0.625558078601711
75003,"skewt_heavy","LSE",1.01048191776509,1.09830338639269
75004,"skewt_heavy","W10",0.487337139998721,0.477483578169316
75004,"skewt_heavy","W11",0.355264892285872,0.353842036219585
75004,"skewt_heavy","Huber",0.528701332782758,0.514584562340305
75004,"skewt_heavy","L1",0.411637615894217,0.395836168734607
75004,"skewt_heavy","LSE",0.758037413590515,0.698593304536732
75005,"skewt_heavy","W10",0.682749077422576,0.761573768647039
75005,"skewt_heavy","W11",0.491071284879286,0.521975793284875
75005,"skewt_heavy","Huber",0.704587407552312,0.776784794273329
75005,"skewt_heavy","L1",0.603786979514405,0.683525454746869
75005,"skewt_heavy","LSE",0.907649003070627,0.959674693567965
75006,"skewt_heavy","W10",0.544689750686596,0.58102224365249
75006,"skewt_heavy","W11",0.406102216507977,0.427339807187115
75006,"skewt_heavy","Huber",0.571346655245959,0.606942841459283
75006,"skewt_heavy","L1",0.512383308008365,0.541072015375692
75006,"skewt_heavy","LSE",0.775392279974616,0.784157740762691
75007,"skewt_heavy","W10",0.718514174994559,0.750093624809679
75007,"skewt_heavy","W11",0.530936112171373,0.562569776729528
75007,"skewt_heavy","Huber",0.73482065056408,0.775076194154322
75007,"skewt_heavy","L1",0.628367527678019,0.664823841847363
75007,"skewt_heavy","LSE",0.930434216503015,0.99577148064146
75008,"skewt_heavy","W10",0.474626737414418,0.383783672565237
75008,"skewt_heavy","W11",0.360829297127458,0.302699452976292
75008,"skewt_heavy","Huber",0.497315462425425,0.404402526175237
75008,"skewt_heavy","L1",0.451372441206528,0.389535407987366
75008,"skewt_heavy","LSE",0.791411544065705,0.617181022431707
75009,"skewt_heavy","W10",0.593909487389259,0.61739018488191
75009,"skewt_heavy","W11",0.44086359404934,0.473662361096299
75009,"skewt_heavy","Huber",0.638606903783372,0.651180480862241
75009,"skewt_heavy","L1",0.540342585077856,0.542039288468137
75009,"skewt_heavy","LSE",0.9249215992294,0.888316124646841
75010,"skewt_heavy","W10",0.635027426752246,0.659280845176385
75010,"skewt_heavy","W11",0.493584841418213,0.491979119091363
75010,"skewt_heavy","Huber",0.66787307260035,0.698045411719828
75010,"skewt_heavy","L1",0.56146160089361,0.550898694350761
75010,"skewt_heavy","LSE",0.96706775065182,1.07842372740139
75011,"skewt_heavy","W10",0.576959804240497,0.541983276296282
75011,"skewt_heavy","W11",0.453195980420664,0.435026546699443
75011,"skewt_heavy","Huber",0.601826381905001,0.576063760525282
75011,"skewt_heavy","L1",0.545752645647534,0.536248323421048
75011,"skewt_heavy","LSE",0.806455465328642,0.826717579638224
75012,"skewt_heavy","W10",0.688819857860655,0.720479553631719
75012,"skewt_heavy","W11",0.501371071894005,0.50734943315686
75012,"skewt_heavy","Huber",0.727762881265714,0.761693197754249
75012,"skewt_heavy","L1",0.654369041007542,0.690391437103205
75012,"skewt_heavy","LSE",0.993378728953498,1.08240246554841
75013,"skewt_heavy","W10",0.58909678139461,0.52194403530148
75013,"skewt_heavy","W11",0.366346900553223,0.369872291422377
75013,"skewt_heavy","Huber",0.629508648195866,0.568604602360269
75013,"skewt_heavy","L1",0.466190849001786,0.420590338566524
75013,"skewt_heavy","LSE",0.838484714168635,0.779837731292338
75014,"skewt_heavy","W10",0.622849263400291,0.617791579313299
75014,"skewt_heavy","W11",0.437635401956216,0.450614382429569
75014,"skewt_heavy","Huber",0.671506016943322,0.687332605243504
75014,"skewt_heavy","L1",0.493424294010232,0.508413337481579
75014,"skewt_heavy","LSE",0.921477438146435,0.984339876479579
75015,"skewt_heavy","W10",0.571139825800859,0.464931205488484
75015,"skewt_heavy","W11",0.397630146621317,0.349966744248218
75015,"skewt_heavy","Huber",0.626446051420503,0.489969070265966
75015,"skewt_heavy","L1",0.531673536708985,0.34476127376918
75015,"skewt_heavy","LSE",0.927037699077598,0.736626137064764
75016,"skewt_heavy","W10",0.610134679195746,0.600553799928606
75016,"skewt_heavy","W11",0.456579174032764,0.456486469459018
75016,"skewt_heavy","Huber",0.64499310231239,0.614314527027335
75016,"skewt_heavy","L1",0.53204551235733,0.46134673426566
75016,"skewt_heavy","LSE",0.880632588697147,0.82142613166745
75017,"skewt_heavy","W10",0.598174710881058,0.582682782924488
75017,"skewt_heavy","W11",0.401522787194784,0.389304092042768
75017,"skewt_heavy","Huber",0.63488665631254,0.61381136004335
75017,"skewt_heavy","L1",0.482357743327968,0.462080652177073
75017,"skewt_heavy","LSE",0.858716803007175,0.82334088812787
75018,"skewt_heavy","W10",0.5243060868939,0.518273085092745
75018,"skewt_heavy","W11",0.380564398937471,0.375167203499118
75018,"skewt_heavy","Huber",0.576646514463607,0.575374318732621
75018,"skewt_heavy","L1",0.461616747861712,0.423361151838242
75018,"skewt_heavy","LSE",0.918764356814232,0.972467504897131
75019,"skewt_heavy","W10",0.453683138230466,0.376395849183744
75019,"skewt_heavy","W11",0.340593080121176,0.300915442680802
75019,"skewt_heavy","Huber",0.483387830562773,0.383874227071416
75019,"skewt_heavy","L1",0.406211206114147,0.303043142604173
75019,"skewt_heavy","LSE",0.684940014843944,0.5072029995374
75020,"skewt_heavy","W10",0.516379093760417,0.487772326138466
75020,"skewt_heavy","W11",0.392080599588949,0.378921784156257
75020,"skewt_heavy","Huber",0.556343006342329,0.534077523444421
75020,"skewt_heavy","L1",0.463300684545817,0.402095391405556
75020,"skewt_heavy","LSE",0.732590181615386,0.721591267688904
75021,"skewt_heavy","W10",0.691218157617293,0.641598697041374
75021,"skewt_heavy","W11",0.529522582380901,0.492874000201611
75021,"skewt_heavy","Huber",0.708214935027421,0.664486743137411
75021,"skewt_heavy","L1",0.653200344575462,0.575073929757295
75021,"skewt_heavy","LSE",0.849265001629681,0.811026092377324
75022,"skewt_heavy","W10",0.53915067095241,0.511203421017043
75022,"skewt_heavy","W11",0.392207992658886,0.409966523930224
75022,"skewt_heavy","Huber",0.57028254941207,0.552953731308725
75022,"skewt_heavy","L1",0.48394052691408,0.49428456487265
75022,"skewt_heavy","LSE",0.810675876465144,0.765713183779063
75023,"skewt_heavy","W10",0.609397471770779,0.6658683243005
75023,"skewt_heavy","W11",0.469561316590352,0.534623513425228
75023,"skewt_heavy","Huber",0.633685757083947,0.674754352739647
75023,"skewt_heavy","L1",0.576839082549606,0.648408916501648
75023,"skewt_heavy","LSE",0.799278035146392,0.768682868732276
75024,"skewt_heavy","W10",0.55775129193751,0.590005729210557
75024,"skewt_heavy","W11",0.393085523072181,0.422137447405672
75024,"skewt_heavy","Huber",0.584968010308935,0.59937744651242
75024,"skewt_heavy","L1",0.459476581315617,0.476347313559116
75024,"skewt_heavy","LSE",0.783171190341374,0.697756932847383
75025,"skewt_heavy","W10",0.513858311935803,0.462311427861544
75025,"skewt_heavy","W11",0.381354867799664,0.340695151881831
75025,"skewt_heavy","Huber",0.562608815634186,0.532635000041435
75025,"skewt_heavy","L1",0.446356855906247,0.418198912655311
75025,"skewt_heavy","LSE",0.81418183040236,0.874974676469422
75026,"skewt_heavy","W10",0.614204938198276,0.574845131537354
75026,"skewt_heavy","W11",0.449499477148132,0.390263122631356
75026,"skewt_heavy","Huber",0.645540606048381,0.623044964077497
75026,"skewt_heavy","L1",0.556200650198371,0.468139289693531
75026,"skewt_heavy","LSE",0.836338807574687,0.909592925268417
75027,"skewt_heavy","W10",0.558560928345971,0.522443831839479
75027,"skewt_heavy","W11",0.399041610117248,0.383713740696858
75027,"skewt_heavy","Huber",0.592706059291426,0.553480987593247
75027,"skewt_heavy","L1",0.490693431302187,0.436173759633818
75027,"skewt_heavy","LSE",0.808297723427333,0.742108994920668
75028,"skewt_heavy","W10",0.64758904509238,0.67740944831673
75028,"skewt_heavy","W11",0.477184459114865,0.481862797514106
75028,"skewt_heavy","Huber",0.66955477485401,0.690737802818026
75028,"skewt_heavy","L1",0.555978829167707,0.596563803178106
75028,"skewt_heavy","LSE",0.871001795013642,0.919792646593219
75029,"skewt_heavy","W10",0.595688728230444,0.643850453599988
75029,"skewt_heavy","W11",0.43464241243173,0.433746073536756
75029,"skewt_heavy","Huber",0.624077545448836,0.646405984740112
75029,"skewt_heavy","L1",0.512286836611478,0.56057055806056
75029,"skewt_heavy","LSE",0.819015984633109,0.816509290584712
75030,"skewt_heavy","W10",0.621569373673395,0.65373093656446
75030,"skewt_heavy","W11",0.481764201211058,0.49961230884758
75030,"skewt_heavy","Huber",0.680157137749938,0.68994183126429
75030,"skewt_heavy","L1",0.547762665117348,0.60663281944329
75030,"skewt_heavy","LSE",0.981777045856831,0.953642178123534
75031,"skewt_heavy","W10",0.555252477491635,0.543998435476149
75031,"skewt_heavy","W11",0.42472440813319,0.44108414338543
75031,"skewt_heavy","Huber",0.576477811944452,0.558561105430064
75031,"skewt_heavy","L1",0.485219916740444,0.457302071721932
75031,"skewt_heavy","LSE",0.70959124071137,0.669965452010886
75032,"skewt_heavy","W10",0.461874990841292,0.451703720504627
75032,"skewt_heavy","W11",0.361695675551832,0.32498299500154
75032,"skewt_heavy","Huber",0.500585141388249,0.508235204815441
75032,"skewt_heavy","L1",0.433280146305633,0.424914196185018
75032,"skewt_heavy","LSE",0.708298302637221,0.816881400541363
75033,"skewt_heavy","W10",0.657678156419076,0.548840072203025
75033,"skewt_heavy","W11",0.523009550308747,0.440370718093094
75033,"skewt_heavy","Huber",0.670958455746938,0.556242887912879
75033,"skewt_heavy","L1",0.669010021540951,0.52140302415334
75033,"skewt_heavy","LSE",0.900673022192456,0.712398012963742
75034,"skewt_heavy","W10",0.58437658964534,0.620080031132207
75034,"skewt_heavy","W11",0.410075397370381,0.452002039177294
75034,"skewt_heavy","Huber",0.618465790456573,0.661358817527617
75034,"skewt_heavy","L1",0.505500532163688,0.59742804039647
75034,"skewt_heavy","LSE",0.844140644191848,0.90187473901972
75035,"skewt_heavy","W10",0.689022606593558,0.529122396536873
75035,"skewt_heavy","W11",0.50267508727499,0.398537312856634
75035,"skewt_heavy","Huber",0.722406567106256,0.579729926839119
75035,"skewt_heavy","L1",0.651445874328053,0.425651824598433
75035,"skewt_heavy","LSE",1.01825948880075,1.12745645793378
75036,"skewt_heavy","W10",0.586794810396331,0.606440101880145
75036,"skewt_heavy","W11",0.416136028694462,0.412813805472121
75036,"skewt_heavy","Huber",0.624112168306903,0.656457241223233
75036,"skewt_heavy","L1",0.515400386967057,0.521568968892295
75036,"skewt_heavy","LSE",0.905082973281196,1.01890556928754
75037,"skewt_heavy","W10",0.570022519859434,0.61425837876439
75037,"skewt_heavy","W11",0.426381131257832,0.436972495699448
75037,"skewt_heavy","Huber",0.58868363628661,0.635825946851758
75037,"skewt_heavy","L1",0.500706237517392,0.533289749262184
75037,"skewt_heavy","LSE",0.733665722674621,0.826455420193059
75038,"skewt_heavy","W10",0.540662782817859,0.480557184186013
75038,"skewt_heavy","W11",0.403390790642122,0.386253439833865
75038,"skewt_heavy","Huber",0.578830362363848,0.497115675851292
75038,"skewt_heavy","L1",0.501994510062157,0.367498811333812
75038,"skewt_heavy","LSE",0.757299329400726,0.644080650371956
75039,"skewt_heavy","W10",0.570006027781504,0.527377982302607
75039,"skewt_heavy","W11",0.420471842002825,0.361377552417763
75039,"skewt_heavy","Huber",0.604926507544708,0.564664761311456
75039,"skewt_heavy","L1",0.502072342303953,0.45215623538063
75039,"skewt_heavy","LSE",0.815489854842785,0.815447345202439
75040,"skewt_heavy","W10",0.679171723678183,0.786449045838714
75040,"skewt_heavy","W11",0.461521225056411,0.500291583212146
75040,"skewt_heavy","Huber",0.739164292953758,0.858516970393759
75040,"skewt_heavy","L1",0.62314731823305,0.753222374526017
75040,"skewt_heavy","LSE",0.999343783892308,1.20302472401907
75041,"skewt_heavy","W10",0.594171416513138,0.659572949732103
75041,"skewt_heavy","W11",0.420532563817152,0.462919207358194
75041,"skewt_heavy","Huber",0.649443839263938,0.721171200666166
75041,"skewt_heavy","L1",0.481156634072953,0.540348338127066
75041,"skewt_heavy","LSE",0.909041331815787,1.00879498703416
75042,"skewt_heavy","W10",0.606949107453033,0.537953997895172
75042,"skewt_heavy","W11",0.457854059060771,0.420540323828446
75042,"skewt_heavy","Huber",0.670128176554508,0.583539008716308
75042,"skewt_heavy","L1",0.480305645023765,0.389880380215382
75042,"skewt_heavy","LSE",0.999831252553523,0.864409572576937
75043,"skewt_heavy","W10",0.577859496212985,0.621678528909857
75043,"skewt_heavy","W11",0.41597565900718,0.436074591944316
75043,"skewt_heavy","Huber",0.630441011874939,0.669878550456009
75043,"skewt_heavy","L1",0.487361362602182,0.514069019281515
75043,"skewt_heavy","LSE",0.942409033698447,0.955705731096802
75044,"skewt_heavy","W10",0.620250676390908,0.629714948339699
75044,"skewt_heavy","W11",0.443472497975997,0.446164698114891
75044,"skewt_heavy","Huber",0.662499513969281,0.683515967059486
75044,"skewt_heavy","L1",0.531471630940316,0.57632985362881
75044,"skewt_heavy","LSE",0.897983474620578,0.965267639450922
75045,"skewt_heavy","W10",0.622095218893147,0.580396165993754
75045,"skewt_heavy","W11",0.456313113393842,0.467313782194773
75045,"skewt_heavy","Huber",0.654086882398264,0.622557431211237
75045,"skewt_heavy","L1",0.548501749168377,0.522879047082155
75045,"skewt_heavy","LSE",0.833557873428193,0.823860957991319
75046,"skewt_heavy","W10",0.598400342320044,0.604653997933042
75046,"skewt_heavy","W11",0.376587284797188,0.345138647029106
75046,"skewt_heavy","Huber",0.615655477667905,0.603169729765473
75046,"skewt_heavy","L1",0.47098320383352,0.453369202164304
75046,"skewt_heavy","LSE",0.900072950315097,0.863143806323155
75047,"skewt_heavy","W10",0.611471684235504,0.523849570457207
75047,"skewt_heavy","W11",0.468170840802766,0.409578461283267
75047,"skewt_heavy","Huber",0.648778211018529,0.571482964385536
75047,"skewt_heavy","L1",0.581189014344746,0.46098052797601
75047,"skewt_heavy","LSE",0.923004883914926,0.951402017325964
75048,"skewt_heavy","W10",0.605034918029483,0.6008785380658
75048,"skewt_heavy","W11",0.44516731056875,0.455182261208085
75048,"skewt_heavy","Huber",0.635516742602793,0.642102052701368
75048,"skewt_heavy","L1",0.530180029520055,0.510419965494109
75048,"skewt_heavy","LSE",0.849987764502452,0.882314586047342
75049,"skewt_heavy","W10",0.622781032350988,0.590387152237484
75049,"skewt_heavy","W11",0.403031133445463,0.432108047517477
75049,"skewt_heavy","Huber",0.668011336785676,0.652036006316331
75049,"skewt_heavy","L1",0.483325941993018,0.43023891458602
75049,"skewt_heavy","LSE",0.96553766308256,0.989104620777251
75050,"skewt_heavy","W10",0.463386667016301,0.49225570637849
75050,"skewt_heavy","W11",0.355492451086114,0.374159507287076
75050,"skewt_heavy","Huber",0.534548766903647,0.573942795465268
75050,"skewt_heavy","L1",0.428770172117105,0.453104613849639
75050,"skewt_heavy","LSE",0.89744098702344,1.04343034634893
75051,"skewt_heavy","W10",0.476509534856642,0.442014608636208
75051,"skewt_heavy","W11",0.33503019203648,0.33104509575785
75051,"skewt_heavy","Huber",0.530627326541616,0.487775051100124
75051,"skewt_heavy","L1",0.409470879637527,0.385311781295269
75051,"skewt_heavy","LSE",0.812231638947042,0.712816532537977
75052,"skewt_heavy","W10",0.534204667689813,0.506813949957354
75052,"skewt_heavy","W11",0.395483974248437,0.364686644500638
75052,"skewt_heavy","Huber",0.563838172570171,0.522138588366038
75052,"skewt_heavy","L1",0.500061427991633,0.447709055329425
75052,"skewt_heavy","LSE",0.795286143679765,0.706134256336023
75053,"skewt_heavy","W10",0.572980448372687,0.467730273261342
75053,"skewt_heavy","W11",0.427474155469523,0.337523998385865
75053,"skewt_heavy","Huber",0.616910104826944,0.515414630085513
75053,"skewt_heavy","L1",0.505055798956729,0.326490135419139
75053,"skewt_heavy","LSE",0.929608257095894,0.82996349146127
75054,"skewt_heavy","W10",0.69546384644461,0.600501085469657
75054,"skewt_heavy","W11",0.508143895932434,0.433305391287928
75054,"skewt_heavy","Huber",0.732462881795668,0.633845576809281
75054,"skewt_heavy","L1",0.595698998065503,0.468008295989866
75054,"skewt_heavy","LSE",0.915489738183706,0.800530445064406
75055,"skewt_heavy","W10",0.52660722478204,0.57016227917249
75055,"skewt_heavy","W11",0.386793158288462,0.430475930946426
75055,"skewt_heavy","Huber",0.566458045323138,0.599592838706221
75055,"skewt_heavy","L1",0.456109858072208,0.519906059637744
75055,"skewt_heavy","LSE",0.769403548907935,0.804297455502705
75056,"skewt_heavy","W10",0.608247765178524,0.602007011825625
75056,"skewt_heavy","W11",0.421879311704145,0.400777880505705
75056,"skewt_heavy","Huber",0.621762464687873,0.624421999772237
75056,"skewt_heavy","L1",0.530428036649402,0.523718437890736
75056,"skewt_heavy","LSE",0.788366001125128,0.867066240193504
75057,"skewt_heavy","W10",0.607258921789069,0.617819863267734
75057,"skewt_heavy","W11",0.46517759977568,0.452577493047522
75057,"skewt_heavy","Huber",0.651422341474467,0.650842881101571
75057,"skewt_heavy","L1",0.562408131808233,0.546430520858897
75057,"skewt_heavy","LSE",1.02833968411986,1.06888030412069
75058,"skewt_heavy","W10",0.680547736246569,0.658454338250624
75058,"skewt_heavy","W11",0.533963534552491,0.492564709292379
75058,"skewt_heavy","Huber",0.700105809996077,0.674506607526403
75058,"skewt_heavy","L1",0.633361436059002,0.621630667960538
75058,"skewt_heavy","LSE",0.857884171657782,0.845778049391111
75059,"skewt_heavy","W10",0.558747139001397,0.551581587291931
75059,"skewt_heavy","W11",0.375652500069878,0.363533327532934
75059,"skewt_heavy","Huber",0.580261263228992,0.572667352780415
75059,"skewt_heavy","L1",0.491746093225655,0.43039984140529
75059,"skewt_heavy","LSE",0.740947313852683,0.759565102003448
75060,"skewt_heavy","W10",0.644883852127979,0.6701747159848
75060,"skewt_heavy","W11",0.458518593354791,0.491263920883297
75060,"skewt_heavy","Huber",0.670351446122971,0.706614565611411
75060,"skewt_heavy","L1",0.575722578390456,0.666949094212942
75060,"skewt_heavy","LSE",0.850904144667707,0.928299499648456
75061,"skewt_heavy","W10",0.618464044972284,0.600248797988115
75061,"skewt_heavy","W11",0.464358326048799,0.454337637424176
75061,"skewt_heavy","Huber",0.64941745175039,0.622176508426332
75061,"skewt_heavy","L1",0.560109127776093,0.532174833415842
75061,"skewt_heavy","LSE",0.859610290523551,0.766728711487386
75062,"skewt_heavy","W10",0.575614471862913,0.593498320394833
75062,"skewt_heavy","W11",0.417083699748744,0.43160563510823
75062,"skewt_heavy","Huber",0.618122029904349,0.640675158513905
75062,"skewt_heavy","L1",0.482129685824832,0.48752190264741
75062,"skewt_heavy","LSE",0.796109406711335,0.84930507331963
75063,"skewt_heavy","W10",0.566094803263388,0.629486547196634
75063,"skewt_heavy","W11",0.399008042353188,0.4263282956543
75063,"skewt_heavy","Huber",0.593738346856786,0.652988456425732
75063,"skewt_heavy","L1",0.496607198002118,0.565663289154707
75063,"skewt_heavy","LSE",0.830579940294861,0.924964465293752
75064,"skewt_heavy","W10",0.610123093680664,0.583691446383985
75064,"skewt_heavy","W11",0.454163756349119,0.418863941320421
75064,"skewt_heavy","Huber",0.638028002043628,0.60910929739673
75064,"skewt_heavy","L1",0.538106201813378,0.502101078499358
75064,"skewt_heavy","LSE",0.801369955219378,0.766573160328564
75065,"skewt_heavy","W10",0.642349203737877,0.60319701083235
75065,"skewt_heavy","W11",0.447274592376887,0.420574197350336
75065,"skewt_heavy","Huber",0.674862180040452,0.638659424434797
75065,"skewt_heavy","L1",0.548277957401611,0.511885776510466
75065,"skewt_heavy","LSE",0.915740501771818,0.866396772234312
75066,"skewt_heavy","W10",0.571017204804269,0.5213704414865
75066,"skewt_heavy","W11",0.415462008396722,0.387418114780755
75066,"skewt_heavy","Huber",0.585461861475749,0.539984905445346
75066,"skewt_heavy","L1",0.494062349461623,0.425106822666077
75066,"skewt_heavy","LSE",0.697306568048265,0.671828623134662
75067,"skewt_heavy","W10",0.563870284855551,0.592982866617813
75067,"skewt_heavy","W11",0.417922768154411,0.431340609025028
75067,"skewt_heavy","Huber",0.590643747130017,0.616412708205042
75067,"skewt_heavy","L1",0.492806182467766,0.529908010117298
75067,"skewt_heavy","LSE",0.874280954560656,0.847068483238831
75068,"skewt_heavy","W10",0.521300182195083,0.459727070328902
75068,"skewt_heavy","W11",0.402080262997489,0.353755991299714
75068,"skewt_heavy","Huber",0.577043631799945,0.526851147912247
75068,"skewt_heavy","L1",0.50950838247629,0.41919229010562
75068,"skewt_heavy","LSE",0.948925625933234,0.75109991115083
75069,"skewt_heavy","W10",0.554759950605989,0.513444283997422
75069,"skewt_heavy","W11",0.415913258395549,0.413342187433322
75069,"skewt_heavy","Huber",0.593118986766232,0.518977045581221
75069,"skewt_heavy","L1",0.513222301599374,0.424646602197946
75069,"skewt_heavy","LSE",0.812493424138326,0.705577739545752
75070,"skewt_heavy","W10",0.608692612866824,0.571002955467788
75070,"skewt_heavy","W11",0.461817829045285,0.447154580585984
75070,"skewt_heavy","Huber",0.645725933276677,0.604684077993399
75070,"skewt_heavy","L1",0.531098075890702,0.51210343106815
75070,"skewt_heavy","LSE",0.862544427488358,0.726847788877806
75071,"skewt_heavy","W10",0.596457212047288,0.593220545114391
75071,"skewt_heavy","W11",0.437121609779307,0.415100903938893
75071,"skewt_heavy","Huber",0.639025191641252,0.646885638768189
75071,"skewt_heavy","L1",0.514690996850865,0.505677739962074
75071,"skewt_heavy","LSE",0.908797697406218,1.00843545268477
75072,"skewt_heavy","W10",0.644372727980737,0.686668175218662
75072,"skewt_heavy","W11",0.458736403956481,0.503411899951906
75072,"skewt_heavy","Huber",0.667477962211124,0.708227934601877
75072,"skewt_heavy","L1",0.581361236643204,0.64593789835208
75072,"skewt_heavy","LSE",0.844810917854393,0.877928329019402
75073,"skewt_heavy","W10",0.640323003408193,0.642041199216783
75073,"skewt_heavy","W11",0.451467843046824,0.456311426643489
75073,"skewt_heavy","Huber",0.662170540567043,0.657056463504739
75073,"skewt_heavy","L1",0.537430352173771,0.46353596116257
75073,"skewt_heavy","LSE",0.798346775859431,0.745663767470691
75074,"skewt_heavy","W10",0.61497078606108,0.593205504945357
75074,"skewt_heavy","W11",0.456854893898094,0.501460924152821
75074,"skewt_heavy","Huber",0.64516984478456,0.617430145888331
75074,"skewt_heavy","L1",0.558481034086398,0.522795871712865
75074,"skewt_heavy","LSE",0.847325266480591,0.764728048475909
75075,"skewt_heavy","W10",0.716754243531159,0.717588536504612
75075,"skewt_heavy","W11",0.545136101598452,0.527283420208445
75075,"skewt_heavy","Huber",0.756235026067211,0.764325308319505
75075,"skewt_heavy","L1",0.624506600300891,0.592776081340635
75075,"skewt_heavy","LSE",0.943111009932367,0.990237884627253
75076,"skewt_heavy","W10",0.610636513294627,0.507172730428726
75076,"skewt_heavy","W11",0.433248251326633,0.351978966007184
75076,"skewt_heavy","Huber",0.649112596079822,0.552360242416047
75076,"skewt_heavy","L1",0.521625978170171,0.394322771627067
75076,"skewt_heavy","LSE",0.884537874560749,0.76212346127497
75077,"skewt_heavy","W10",0.539729005077607,0.509900822415317
75077,"skewt_heavy","W11",0.376259140756189,0.368546821573863
75077,"skewt_heavy","Huber",0.5823617995641,0.530205422018424
75077,"skewt_heavy","L1",0.473916108091206,0.431866207496879
75077,"skewt_heavy","LSE",0.868326880705793,0.750468121273018
75078,"skewt_heavy","W10",0.544033200714428,0.510461634169903
75078,"skewt_heavy","W11",0.3828596316694,0.361073367842718
75078,"skewt_heavy","Huber",0.582659680187429,0.535135432843862
75078,"skewt_heavy","L1",0.506898342956575,0.467253657085817
75078,"skewt_heavy","LSE",0.886250495233543,0.734658806660083
75079,"skewt_heavy","W10",0.598253184110778,0.583713374621157
75079,"skewt_heavy","W11",0.451797620200458,0.429869307870311
75079,"skewt_heavy","Huber",0.641878745105033,0.632539790747645
75079,"skewt_heavy","L1",0.525120712976477,0.487774961597912
75079,"skewt_heavy","LSE",0.857753356152749,0.857539662372094
75080,"skewt_heavy","W10",0.612125634809204,0.567200094599675
75080,"skewt_heavy","W11",0.423057235130563,0.427892285846005
75080,"skewt_heavy","Huber",0.665375945529186,0.614348581110578
75080,"skewt_heavy","L1",0.533299521676685,0.445598351888893
75080,"skewt_heavy","LSE",0.939543494806012,0.902313424494628
75081,"skewt_heavy","W10",0.540242168445774,0.51292373350962
75081,"skewt_heavy","W11",0.37821094868854,0.360093462838131
75081,"skewt_heavy","Huber",0.581275320454341,0.545590371288063
75081,"skewt_heavy","L1",0.422776106568145,0.392904350663705
75081,"skewt_heavy","LSE",0.80378427518898,0.70456758024075
75082,"skewt_heavy","W10",0.532710752988418,0.501086239699201
75082,"skewt_heavy","W11",0.411120224347965,0.362865654702416
75082,"skewt_heavy","Huber",0.57895829284788,0.532907901447287
75082,"skewt_heavy","L1",0.500874812825315,0.441459728510548
75082,"skewt_heavy","LSE",0.842824996400484,0.769194026090382
75083,"skewt_heavy","W10",0.60803063371797,0.611933116050635
75083,"skewt_heavy","W11",0.444797184139236,0.429820242726791
75083,"skewt_heavy","Huber",0.641504632254334,0.649195315051146
75083,"skewt_heavy","L1",0.528750307762435,0.519040861854288
75083,"skewt_heavy","LSE",0.861960981651176,0.911631980322067
75084,"skewt_heavy","W10",0.647335684199795,0.661241992654741
75084,"skewt_heavy","W11",0.49319853311235,0.497039292432551
75084,"skewt_heavy","Huber",0.686979575360439,0.699592454306914
75084,"skewt_heavy","L1",0.580524161089302,0.639587859667128
75084,"skewt_heavy","LSE",0.921230979233789,1.01218466509601
75085,"skewt_heavy","W10",0.567927654848058,0.600976475078842
75085,"skewt_heavy","W11",0.41255154299901,0.446470928153266
75085,"skewt_heavy","Huber",0.619357940335527,0.673297717770021
75085,"skewt_heavy","L1",0.522007211548417,0.58140006681332
75085,"skewt_heavy","LSE",0.959669725244809,1.11928869259917
75086,"skewt_heavy","W10",0.593775018705167,0.564875462310018
75086,"skewt_heavy","W11",0.446896108918347,0.412408313902173
75086,"skewt_heavy","Huber",0.638966277774743,0.620702488433038
75086,"skewt_heavy","L1",0.486871498929443,0.490027851454942
75086,"skewt_heavy","LSE",0.827288066580663,0.863208096492918
75087,"skewt_heavy","W10",0.555850950361114,0.511689139940892
75087,"skewt_heavy","W11",0.436665547657673,0.388642405095099
75087,"skewt_heavy","Huber",0.573720412851315,0.524213214708722
75087,"skewt_heavy","L1",0.508513480886121,0.417016960782159
75087,"skewt_heavy","LSE",0.700391036502005,0.612299361287208
75088,"skewt_heavy","W10",0.556282095806187,0.577429123688174
75088,"skewt_heavy","W11",0.376094424702647,0.361437966469541
75088,"skewt_heavy","Huber",0.599262332917571,0.632445385294743
75088,"skewt_heavy","L1",0.471168314022606,0.473263685122079
75088,"skewt_heavy","LSE",0.81263243569425,0.911889264192972
75089,"skewt_heavy","W10",0.5968175362839,0.540869985453599
75089,"skewt_heavy","W11",0.423075132114809,0.366986794060541
75089,"skewt_heavy","Huber",0.634257871881999,0.581993198083818
75089,"skewt_heavy","L1",0.48915937762515,0.455351751127907
75089,"skewt_heavy","LSE",0.856695368722898,0.838205663047195
75090,"skewt_heavy","W10",0.584785060321189,0.457064156193941
75090,"skewt_heavy","W11",0.415204906031671,0.366965543806144
75090,"skewt_heavy","Huber",0.60576135519568,0.482688581160851
75090,"skewt_heavy","L1",0.522325455040762,0.385943716071295
75090,"skewt_heavy","LSE",0.783102173929611,0.68863867599804
75091,"skewt_heavy","W10",0.649829140228581,0.63231077704488
75091,"skewt_heavy","W11",0.454529166488565,0.429483426963221
75091,"skewt_heavy","Huber",0.677517903365717,0.656511225312985
75091,"skewt_heavy","L1",0.565634605705859,0.4964115685541
75091,"skewt_heavy","LSE",0.828453717517553,0.813728808649432
75092,"skewt_heavy","W10",0.542261507350309,0.566445431020864
75092,"skewt_heavy","W11",0.402191251572818,0.444819168347486
75092,"skewt_heavy","Huber",0.564186825797091,0.580727789427228
75092,"skewt_heavy","L1",0.438454358800663,0.460009100931018
75092,"skewt_heavy","LSE",0.696650613076041,0.684372294232588
75093,"skewt_heavy","W10",0.591365001742293,0.631745719603721
75093,"skewt_heavy","W11",0.428601791272736,0.474921460714147
75093,"skewt_heavy","Huber",0.647035872179883,0.697674733717298
75093,"skewt_heavy","L1",0.495607948315054,0.603102384717499
75093,"skewt_heavy","LSE",0.897796906867701,0.984021756358691
75094,"skewt_heavy","W10",0.55076904850454,0.521549775593901
75094,"skewt_heavy","W11",0.390076354634259,0.349299867970383
75094,"skewt_heavy","Huber",0.594055948499688,0.544191928618082
75094,"skewt_heavy","L1",0.478987848633875,0.37229158779995
75094,"skewt_heavy","LSE",0.766504530156874,0.678092898228181
75095,"skewt_heavy","W10",0.681218781531435,0.777341889781362
75095,"skewt_heavy","W11",0.491216722197453,0.540253201705527
75095,"skewt_heavy","Huber",0.71842431183643,0.829765647830197
75095,"skewt_heavy","L1",0.58344741273711,0.675879249263528
75095,"skewt_heavy","LSE",0.928057624880089,1.12864883364626
75096,"skewt_heavy","W10",0.512321790331164,0.569390233509118
75096,"skewt_heavy","W11",0.385294929507721,0.41540532545084
75096,"skewt_heavy","Huber",0.56220892917588,0.612488653601125
75096,"skewt_heavy","L1",0.441606881369744,0.490876780036171
75096,"skewt_heavy","LSE",0.787791654598412,0.842617394294493
75097,"skewt_heavy","W10",0.586219068960031,0.598036725959528
75097,"skewt_heavy","W11",0.46345937771415,0.451341616617956
75097,"skewt_heavy","Huber",0.598886764788078,0.616551872527782
75097,"skewt_heavy","L1",0.529621548150941,0.550175056968999
75097,"skewt_heavy","LSE",0.75032661706996,0.819742394671181
75098,"skewt_heavy","W10",0.636285814212187,0.636454988662767
75098,"skewt_heavy","W11",0.45373848497351,0.422082076519861
75098,"skewt_heavy","Huber",0.683224099694232,0.696964590516126
75098,"skewt_heavy","L1",0.530878266378926,0.502906814210344
75098,"skewt_heavy","LSE",0.978966684378836,1.0890166920133
75099,"skewt_heavy","W10",0.636089201770993,0.599061615986538
75099,"skewt_heavy","W11",0.482033625827412,0.42849839582588
75099,"skewt_heavy","Huber",0.671859480241371,0.626938881097156
75099,"skewt_heavy","L1",0.613410846269618,0.507038960521279
75099,"skewt_heavy","LSE",0.918948991538437,0.87539328336994
75100,"skewt_heavy","W10",0.58906921524434,0.564670067773096
75100,"skewt_heavy","W11",0.425325895843801,0.43602911158198
75100,"skewt_heavy","Huber",0.638343920828655,0.605195597488741
75100,"skewt_heavy","L1",0.519051357019559,0.508380415615668
75100,"skewt_heavy","LSE",0.888759608602969,0.776272986328447
75101,"skewt_heavy","W10",0.734255505051195,0.775397144205711
75101,"skewt_heavy","W11",0.542033017241904,0.532677840166965
75101,"skewt_heavy","Huber",0.784185730630568,0.848656351117395
75101,"skewt_heavy","L1",0.645100716370415,0.721482723282008
75101,"skewt_heavy","LSE",1.14292790481464,1.28500976249008
75102,"skewt_heavy","W10",0.588308601455873,0.528966185819277
75102,"skewt_heavy","W11",0.442429420631683,0.404193952969858
75102,"skewt_heavy","Huber",0.638901893193931,0.593682181295615
75102,"skewt_heavy","L1",0.523090316449893,0.454329352348434
75102,"skewt_heavy","LSE",0.994138874574956,1.05454224331096
75103,"skewt_heavy","W10",0.618280306645566,0.560076118644695
75103,"skewt_heavy","W11",0.445530556143596,0.421166282002374
75103,"skewt_heavy","Huber",0.664656573635316,0.594741847500184
75103,"skewt_heavy","L1",0.52440558616059,0.481968203588755
75103,"skewt_heavy","LSE",0.972866818279819,0.744441714924514
75104,"skewt_heavy","W10",0.619336158239632,0.641988964463943
75104,"skewt_heavy","W11",0.468051936859691,0.462588591357241
75104,"skewt_heavy","Huber",0.671488027103414,0.708095471224897
75104,"skewt_heavy","L1",0.569989074356271,0.558240423508503
75104,"skewt_heavy","LSE",0.973747516147373,1.11040444329139
75105,"skewt_heavy","W10",0.56759332578122,0.530359068019475
75105,"skewt_heavy","W11",0.436434807889734,0.425829001241402
75105,"skewt_heavy","Huber",0.62437438718779,0.553163530655886
75105,"skewt_heavy","L1",0.549467823508537,0.496211068623726
75105,"skewt_heavy","LSE",0.849998423456934,0.678208601742185
75106,"skewt_heavy","W10",0.595466920498182,0.609022431133609
75106,"skewt_heavy","W11",0.430253670520052,0.434609670924033
75106,"skewt_heavy","Huber",0.635512860966084,0.648885151263524
75106,"skewt_heavy","L1",0.508974945231783,0.489121220296619
75106,"skewt_heavy","LSE",0.89338767866691,0.941917653812186
75107,"skewt_heavy","W10",0.625674524717281,0.622927911201878
75107,"skewt_heavy","W11",0.460581397026858,0.434228380595098
75107,"skewt_heavy","Huber",0.656558660605769,0.66614463665396
75107,"skewt_heavy","L1",0.507250094869972,0.470719629001662
75107,"skewt_heavy","LSE",0.824785833828513,0.87205251941338
75108,"skewt_heavy","W10",0.742330520176722,0.769191852810305
75108,"skewt_heavy","W11",0.526174127295439,0.581162268619429
75108,"skewt_heavy","Huber",0.773423172728655,0.791372887487415
75108,"skewt_heavy","L1",0.687868065655509,0.717267342511872
75108,"skewt_heavy","LSE",0.96780492066232,0.946732868385173
75109,"skewt_heavy","W10",0.672712068489721,0.645559046103427
75109,"skewt_heavy","W11",0.503087547308432,0.457817224572805
75109,"skewt_heavy","Huber",0.710964619897279,0.676997280155858
75109,"skewt_heavy","L1",0.608772348875763,0.533054823533937
75109,"skewt_heavy","LSE",0.906225371129411,0.847400173604798
75110,"skewt_heavy","W10",0.615993213689316,0.638078127278684
75110,"skewt_heavy","W11",0.417451184478812,0.432145772143335
75110,"skewt_heavy","Huber",0.638337548518465,0.664889596043804
75110,"skewt_heavy","L1",0.515696702557001,0.552701199384852
75110,"skewt_heavy","LSE",0.828867211353699,0.885762202138545
75111,"skewt_heavy","W10",0.597517538121532,0.612395370546333
75111,"skewt_heavy","W11",0.439699073154525,0.440390950831676
75111,"skewt_heavy","Huber",0.643926927040866,0.664091851518963
75111,"skewt_heavy","L1",0.505100056023012,0.571590294159005
75111,"skewt_heavy","LSE",0.870833809754699,0.966834783954469
75112,"skewt_heavy","W10",0.739731338120418,0.693321781845814
75112,"skewt_heavy","W11",0.531243844289991,0.501915584492266
75112,"skewt_heavy","Huber",0.789541480817773,0.769330201414501
75112,"skewt_heavy","L1",0.677475796266041,0.604641824359456
75112,"skewt_heavy","LSE",1.11607937001665,1.24069227969857
75113,"skewt_heavy","W10",0.637791547654081,0.626467731080913
75113,"skewt_heavy","W11",0.493403748086144,0.492872798911844
75113,"skewt_heavy","Huber",0.662931054194793,0.636364707323911
75113,"skewt_heavy","L1",0.569585648449021,0.59887535600724
75113,"skewt_heavy","LSE",0.895671844672311,0.824982380309444
75114,"skewt_heavy","W10",0.619030068935916,0.616400350262727
75114,"skewt_heavy","W11",0.43489716093194,0.429371208866038
75114,"skewt_heavy","Huber",0.674738207462422,0.668250331158229
75114,"skewt_heavy","L1",0.556051416624524,0.473482312569831
75114,"skewt_heavy","LSE",0.930060978450909,0.903663292907102
75115,"skewt_heavy","W10",0.765452920875998,0.719374079105351
75115,"skewt_heavy","W11",0.524698990639603,0.51509237268676
75115,"skewt_heavy","Huber",0.813139488862176,0.782164258252129
75115,"skewt_heavy","L1",0.631877416374628,0.58656156424784
75115,"skewt_heavy","LSE",1.02145330908572,1.03717670772896
75116,"skewt_heavy","W10",0.577503645265142,0.649131876278225
75116,"skewt_heavy","W11",0.442722011877954,0.494023237909303
75116,"skewt_heavy","Huber",0.619573463102957,0.706310300325892
75116,"skewt_heavy","L1",0.518590224633858,0.612513422991187
75116,"skewt_heavy","LSE",0.882012063080006,1.0604259377812
75117,"skewt_heavy","W10",0.613017090024171,0.668804176312677
75117,"skewt_heavy","W11",0.453295543081769,0.500379032540313
75117,"skewt_heavy","Huber",0.6460690158737,0.698225775612239
75117,"skewt_heavy","L1",0.543264328909244,0.61244614712462
75117,"skewt_heavy","LSE",0.835936626402573,0.879328171642256
75118,"skewt_heavy","W10",0.51479980327944,0.494464362841648
75118,"skewt_heavy","W11",0.367152015915894,0.360391781653844
75118,"skewt_heavy","Huber",0.565865132550945,0.551381742650281
75118,"skewt_heavy","L1",0.453799910829164,0.428253809934232
75118,"skewt_heavy","LSE",0.982530614002609,0.798264374856554
75119,"skewt_heavy","W10",0.607118650796577,0.573514265910749
75119,"skewt_heavy","W11",0.463010249329717,0.40740335196094
75119,"skewt_heavy","Huber",0.639922630619834,0.619844873142343
75119,"skewt_heavy","L1",0.570322978285311,0.499698651259093
75119,"skewt_heavy","LSE",0.798882673344221,0.839446211612967
75120,"skewt_heavy","W10",0.626828738781332,0.578276921932148
75120,"skewt_heavy","W11",0.473073416624828,0.433611640469893
75120,"skewt_heavy","Huber",0.695181869348461,0.648274647568864
75120,"skewt_heavy","L1",0.537592725572764,0.519858351105967
75120,"skewt_heavy","LSE",1.01271137152588,0.989228414691634
75121,"skewt_heavy","W10",0.57961130023459,0.530525505887993
75121,"skewt_heavy","W11",0.397727182176313,0.39497289838989
75121,"skewt_heavy","Huber",0.624680932620778,0.558603251359501
75121,"skewt_heavy","L1",0.484198122832106,0.426952383136026
75121,"skewt_heavy","LSE",0.93548775993374,0.756140368614107
75122,"skewt_heavy","W10",0.639136689313561,0.667181231972735
75122,"skewt_heavy","W11",0.446281654679605,0.435933506460599
75122,"skewt_heavy","Huber",0.65618344900568,0.684964161333994
75122,"skewt_heavy","L1",0.555411558645987,0.573199034756557
75122,"skewt_heavy","LSE",0.783795333147919,0.841371107227031
75123,"skewt_heavy","W10",0.633886771214029,0.474556948417638
75123,"skewt_heavy","W11",0.441440176576707,0.384407605864328
75123,"skewt_heavy","Huber",0.672143902782867,0.507661870290689
75123,"skewt_heavy","L1",0.534043627566908,0.387193909324366
75123,"skewt_heavy","LSE",0.947191515934967,0.813402462882422
75124,"skewt_heavy","W10",0.680925645109599,0.695007174950389
75124,"skewt_heavy","W11",0.49499851918339,0.48876669477026
75124,"skewt_heavy","Huber",0.703777176100799,0.716135911446084
75124,"skewt_heavy","L1",0.594338244504459,0.64109477885697
75124,"skewt_heavy","LSE",0.888586171659794,0.908210989029004
75125,"skewt_heavy","W10",0.629168290625367,0.554888761780386
75125,"skewt_heavy","W11",0.481644320811711,0.42342692884279
75125,"skewt_heavy","Huber",0.675748947107817,0.610113034720768
75125,"skewt_heavy","L1",0.599475881314239,0.497345635723256
75125,"skewt_heavy","LSE",1.01301212696503,1.04839641679735
75126,"skewt_heavy","W10",0.672141164824483,0.688522230497481
75126,"skewt_heavy","W11",0.507537159685498,0.52546482278662
75126,"skewt_heavy","Huber",0.713158457624788,0.731253223069325
75126,"skewt_heavy","L1",0.561828432365312,0.580092873953869
75126,"skewt_heavy","LSE",0.949151288227996,0.975327056418335
75127,"skewt_heavy","W10",0.583873611771225,0.566425086770289
75127,"skewt_heavy","W11",0.403018719563402,0.401157471178298
75127,"skewt_heavy","Huber",0.611274127233084,0.590918657701826
75127,"skewt_heavy","L1",0.488989873970615,0.480687288978692
75127,"skewt_heavy","LSE",0.782037321204165,0.757634959522256
75128,"skewt_heavy","W10",0.453471935324237,0.447656705115007
75128,"skewt_heavy","W11",0.349626440845789,0.336500661128776
75128,"skewt_heavy","Huber",0.509042239190663,0.509583233108097
75128,"skewt_heavy","L1",0.402157677898581,0.381298117993254
75128,"skewt_heavy","LSE",0.810785579850217,0.85895305783366
75129,"skewt_heavy","W10",0.625304021523039,0.588085181903578
75129,"skewt_heavy","W11",0.481603219311417,0.44428620216186
75129,"skewt_heavy","Huber",0.661770920266557,0.634747485054447
75129,"skewt_heavy","L1",0.553044271355578,0.497529724651012
75129,"skewt_heavy","LSE",0.872058497443784,0.914746417126771
75130,"skewt_heavy","W10",0.573981525195705,0.49195893533177
75130,"skewt_heavy","W11",0.42352485089701,0.390974568092395
75130,"skewt_heavy","Huber",0.614237489917261,0.530960970989162
75130,"skewt_heavy","L1",0.509952406399444,0.405120547447887
75130,"skewt_heavy","LSE",0.916310180435395,0.731140838961858
75131,"skewt_heavy","W10",0.680029263689166,0.707821580932597
75131,"skewt_heavy","W11",0.481996578901166,0.535557544543172
75131,"skewt_heavy","Huber",0.706482702591422,0.727674066375417
75131,"skewt_heavy","L1",0.57502558658833,0.606591253051156
75131,"skewt_heavy","LSE",0.877474906340254,0.835587041972126
75132,"skewt_heavy","W10",0.639086475066057,0.652969187974237
75132,"skewt_heavy","W11",0.471148997923098,0.478156245969243
75132,"skewt_heavy","Huber",0.665027034428386,0.689811138977781
75132,"skewt_heavy","L1",0.537359969184433,0.551707024537587
75132,"skewt_heavy","LSE",0.867685750575078,0.93505704493557
75133,"skewt_heavy","W10",0.696141891471231,0.712199691906916
75133,"skewt_heavy","W11",0.542286416440734,0.537408688652302
75133,"skewt_heavy","Huber",0.727287974690688,0.751415427633934
75133,"skewt_heavy","L1",0.60480720109628,0.614970796088743
75133,"skewt_heavy","LSE",0.953550962999808,1.06105154161582
75134,"skewt_heavy","W10",0.544327152069711,0.48232207865174
75134,"skewt_heavy","W11",0.399476564944718,0.35443974295883
75134,"skewt_heavy","Huber",0.572632146775103,0.502903265840449
75134,"skewt_heavy","L1",0.492987453843456,0.400022445978136
75134,"skewt_heavy","LSE",0.749798771157178,0.674690463863092
75135,"skewt_heavy","W10",0.553859613363108,0.538490723408828
75135,"skewt_heavy","W11",0.39709178136514,0.406436194030493
75135,"skewt_heavy","Huber",0.60885564238462,0.591501440000328
75135,"skewt_heavy","L1",0.476416838594957,0.459906419893205
75135,"skewt_heavy","LSE",0.914670294437131,0.940688262369885
75136,"skewt_heavy","W10",0.613686204231501,0.602194530722166
75136,"skewt_heavy","W11",0.438355758317578,0.409720412163182
75136,"skewt_heavy","Huber",0.651321787363437,0.637145843487016
75136,"skewt_heavy","L1",0.520151644906709,0.470414712104181
75136,"skewt_heavy","LSE",0.878175002675006,0.863931663584901
75137,"skewt_heavy","W10",0.66276536671132,0.582619898497153
75137,"skewt_heavy","W11",0.476095549903298,0.403388849922538
75137,"skewt_heavy","Huber",0.700154071257119,0.62108517466085
75137,"skewt_heavy","L1",0.552877679117374,0.48718629141615
75137,"skewt_heavy","LSE",0.949701296932374,0.882279603924551
75138,"skewt_heavy","W10",0.595712927068127,0.502910305489318
75138,"skewt_heavy","W11",0.428485715246227,0.3390029498954
75138,"skewt_heavy","Huber",0.662648674143675,0.55726552155416
75138,"skewt_heavy","L1",0.520665228267181,0.370015686153125
75138,"skewt_heavy","LSE",1.16011833102176,0.693934461742075
75139,"skewt_heavy","W10",0.633236812916717,0.585862141791344
75139,"skewt_heavy","W11",0.477927629931777,0.453897681014334
75139,"skewt_heavy","Huber",0.650365070918567,0.611290353998421
75139,"skewt_heavy","L1",0.571858233017666,0.496821862483046
75139,"skewt_heavy","LSE",0.923427258081245,0.865784970366172
75140,"skewt_heavy","W10",0.593854466830615,0.592431871585723
75140,"skewt_heavy","W11",0.421477402840042,0.431490263442834
75140,"skewt_heavy","Huber",0.66318604547445,0.630147863348824
75140,"skewt_heavy","L1",0.483504456354687,0.468648947638597
75140,"skewt_heavy","LSE",0.908139675985857,0.691343765548863
75141,"skewt_heavy","W10",0.593676564861006,0.569273995708116
75141,"skewt_heavy","W11",0.442977353531244,0.429205291447431
75141,"skewt_heavy","Huber",0.652832546387753,0.648534707238034
75141,"skewt_heavy","L1",0.539868006265747,0.534552315279678
75141,"skewt_heavy","LSE",0.897446491386277,0.968497362319661
75142,"skewt_heavy","W10",0.584837803587298,0.575744526978424
75142,"skewt_heavy","W11",0.436611997561106,0.430745007289863
75142,"skewt_heavy","Huber",0.622174328700597,0.602297166921573
75142,"skewt_heavy","L1",0.542790475179572,0.525324945855996
75142,"skewt_heavy","LSE",0.853198897243323,0.821404602610649
75143,"skewt_heavy","W10",0.59235783507669,0.571100338290421
75143,"skewt_heavy","W11",0.450429138263908,0.413258849407243
75143,"skewt_heavy","Huber",0.62381715144584,0.605651785215234
75143,"skewt_heavy","L1",0.525670963933067,0.49520080322605
75143,"skewt_heavy","LSE",0.823898746464837,0.830162131992061
75144,"skewt_heavy","W10",0.585419297438202,0.575549487931067
75144,"skewt_heavy","W11",0.390773713061544,0.378641770859934
75144,"skewt_heavy","Huber",0.593449269616785,0.595743382446993
75144,"skewt_heavy","L1",0.499640732460846,0.500230261530486
75144,"skewt_heavy","LSE",0.899822657827788,1.00134016552283
75145,"skewt_heavy","W10",0.615136396266455,0.653323716215877
75145,"skewt_heavy","W11",0.428523069011476,0.445213310973408
75145,"skewt_heavy","Huber",0.685636259449732,0.72428814234254
75145,"skewt_heavy","L1",0.502883166966872,0.489145707116662
75145,"skewt_heavy","LSE",0.935570378959112,0.979094952978837
75146,"skewt_heavy","W10",0.585990151688248,0.599753323441193
75146,"skewt_heavy","W11",0.40721547351123,0.402946222713063
75146,"skewt_heavy","Huber",0.613948155892823,0.638767758580124
75146,"skewt_heavy","L1",0.474516878639649,0.464235019278435
75146,"skewt_heavy","LSE",0.846882082860069,0.949513844515786
75147,"skewt_heavy","W10",0.683188252622182,0.639574720087338
75147,"skewt_heavy","W11",0.510269605925915,0.451968347934708
75147,"skewt_heavy","Huber",0.716926571600903,0.659015510728924
75147,"skewt_heavy","L1",0.571813448266918,0.488168033348372
75147,"skewt_heavy","LSE",0.932628204684842,0.845706676767344
75148,"skewt_heavy","W10",0.83465563853629,0.808439765490729
75148,"skewt_heavy","W11",0.6596501639088,0.640208610395597
75148,"skewt_heavy","Huber",0.880927522080319,0.86098248506371
75148,"skewt_heavy","L1",0.770995070402671,0.70806413378719
75148,"skewt_heavy","LSE",1.11227786572632,1.11862559045446
75149,"skewt_heavy","W10",0.619995855114326,0.546851838511226
75149,"skewt_heavy","W11",0.463619774259614,0.441891881658131
75149,"skewt_heavy","Huber",0.656557752552765,0.568556418909531
75149,"skewt_heavy","L1",0.555772285404705,0.469834839489135
75149,"skewt_heavy","LSE",0.884403512645074,0.721810687681199
75150,"skewt_heavy","W10",0.549978950138319,0.437673676998314
75150,"skewt_heavy","W11",0.41239051671232,0.313111599120277
75150,"skewt_heavy","Huber",0.609255058488819,0.50289152490117
75150,"skewt_heavy","L1",0.48460794684575,0.374733730987343
75150,"skewt_heavy","LSE",0.897761903483505,0.84153032308225
