"seed","method","mae","coef_l2","sigma_mult"
75001,"Huber",0.0486227072778995,0.0670395122794297,1.5
75001,"W1",0.0737496652106322,0.105745105101424,1.5
75001,"WPMM3",0.0863412459346633,0.116134194888756,1.5
75002,"Huber",0.129668933140143,0.18323777847227,1.5
75002,"W1",0.13880645510998,0.197044047377212,1.5
75002,"WPMM3",0.146627653294341,0.198924267169726,1.5
75003,"Huber",0.12997275655911,0.163195395666218,1.5
75003,"W1",0.119565461691964,0.143149455606256,1.5
75003,"WPMM3",0.110606321596192,0.128495845626678,1.5
75004,"Huber",0.116098368297057,0.123573920232713,1.5
75004,"W1",0.117196422515074,0.136558596415913,1.5
75004,"WPMM3",0.113878830275173,0.136427559450083,1.5
75005,"Huber",0.134633118514593,0.162930866935745,1.5
75005,"W1",0.119243117694435,0.147807547586775,1.5
75005,"WPMM3",0.112923928088241,0.140899945084362,1.5
75006,"Huber",0.0553295445008216,0.0747571964987576,1.5
75006,"W1",0.0620005759144245,0.0943415800204929,1.5
75006,"WPMM3",0.0632397484393766,0.0968834165535263,1.5
75007,"Huber",0.0428294385643838,0.0569107231809569,1.5
75007,"W1",0.0604742521259479,0.0774041374130164,1.5
75007,"WPMM3",0.065336474359288,0.0816468763985406,1.5
75008,"Huber",0.111967391863052,0.14700658619534,1.5
75008,"W1",0.0986450062142492,0.11409020507243,1.5
75008,"WPMM3",0.100839207696959,0.118139678064134,1.5
75009,"Huber",0.083141049912725,0.111397326023918,1.5
75009,"W1",0.0904859091678888,0.132762999077409,1.5
75009,"WPMM3",0.110536414761209,0.165659018107655,1.5
75010,"Huber",0.0774152052732949,0.0665934583622959,1.5
75010,"W1",0.0750533295458241,0.054329293299209,1.5
75010,"WPMM3",0.0732262265410554,0.0575043829733096,1.5
75011,"Huber",0.136997688942497,0.170463722828779,1.5
75011,"W1",0.161994301085759,0.203946825823231,1.5
75011,"WPMM3",0.16554676085925,0.207454662300541,1.5
75012,"Huber",0.131731638064689,0.201329938586308,1.5
75012,"W1",0.144916921920537,0.210624963854881,1.5
75012,"WPMM3",0.14494288841404,0.212212714223301,1.5
75013,"Huber",0.0515405226707342,0.0728913251531231,1.5
75013,"W1",0.0632789363963169,0.0859939652199045,1.5
75013,"WPMM3",0.0681141586471682,0.0928805343808586,1.5
75014,"Huber",0.133730933367631,0.196205253676996,1.5
75014,"W1",0.122016042888528,0.182368648136654,1.5
75014,"WPMM3",0.120860019154451,0.182599637998235,1.5
75015,"Huber",0.0948211555577085,0.135199369976609,1.5
75015,"W1",0.121102838511425,0.175616057840454,1.5
75015,"WPMM3",0.130721719388305,0.189095602592633,1.5
75016,"Huber",0.106713442213343,0.166627820104136,1.5
75016,"W1",0.0790213183133352,0.114957493193727,1.5
75016,"WPMM3",0.0753334771931217,0.0978368628694895,1.5
75017,"Huber",0.0779005561050601,0.108126234909138,1.5
75017,"W1",0.0730854155422079,0.102398528469779,1.5
75017,"WPMM3",0.0773337349034265,0.111247751677494,1.5
75018,"Huber",0.08195985173608,0.108367006571166,1.5
75018,"W1",0.101962633060338,0.115178215145717,1.5
75018,"WPMM3",0.107195393312057,0.120441748768787,1.5
75019,"Huber",0.060842185276174,0.0858424369776138,1.5
75019,"W1",0.0698550663119053,0.0941747470637859,1.5
75019,"WPMM3",0.0675013576568953,0.0900684763115259,1.5
75020,"Huber",0.123568913118359,0.152906136422466,1.5
75020,"W1",0.113081314773354,0.134436565708226,1.5
75020,"WPMM3",0.114095874508609,0.135462935162825,1.5
75021,"Huber",0.0909706798683952,0.135481619136593,1.5
75021,"W1",0.0880070627564067,0.116306115636802,1.5
75021,"WPMM3",0.0892975391877669,0.115063888513789,1.5
75022,"Huber",0.106613877020342,0.161281641259639,1.5
75022,"W1",0.0935147680981731,0.146914987075615,1.5
75022,"WPMM3",0.0928604608394058,0.146856676714564,1.5
75023,"Huber",0.0355121800091581,0.0434366683720664,1.5
75023,"W1",0.0737306543936965,0.104892577092768,1.5
75023,"WPMM3",0.0946009511914707,0.136574116407107,1.5
75024,"Huber",0.0604089054911102,0.0807808556965664,1.5
75024,"W1",0.0718832057834648,0.101842949357548,1.5
75024,"WPMM3",0.0783802673812178,0.113784482946502,1.5
75025,"Huber",0.0452026452231583,0.066614092930885,1.5
75025,"W1",0.0646661491340335,0.0860719481659781,1.5
75025,"WPMM3",0.0775669778386636,0.10175839201975,1.5
75026,"Huber",0.0969759684580075,0.132870343569539,1.5
75026,"W1",0.0991811644634404,0.135625219278302,1.5
75026,"WPMM3",0.102529936091336,0.141217223450376,1.5
75027,"Huber",0.0451814825585207,0.0509668566759095,1.5
75027,"W1",0.0618495830981083,0.0750749909087631,1.5
75027,"WPMM3",0.069229184706595,0.085968147866913,1.5
75028,"Huber",0.145700183473085,0.187588908628312,1.5
75028,"W1",0.11137250237084,0.136730965332438,1.5
75028,"WPMM3",0.097049389459204,0.114360643644249,1.5
75029,"Huber",0.107223766124429,0.131968354396304,1.5
75029,"W1",0.0907427288973571,0.116194598391233,1.5
75029,"WPMM3",0.0888345755746666,0.116833302274785,1.5
75030,"Huber",0.103984308297175,0.154629668643555,1.5
75030,"W1",0.104058251463117,0.142190357394923,1.5
75030,"WPMM3",0.103493576276615,0.14016923545459,1.5
75031,"Huber",0.143135177171193,0.246522047972206,1.5
75031,"W1",0.150663430853146,0.255791195561384,1.5
75031,"WPMM3",0.148031335771486,0.248883267381858,1.5
75032,"Huber",0.0951115014259374,0.0909835200948228,1.5
75032,"W1",0.094284349613487,0.0937793407395314,1.5
75032,"WPMM3",0.0947408978821105,0.101081258048249,1.5
75033,"Huber",0.131783589023896,0.202067207797109,1.5
75033,"W1",0.132876735298504,0.202293304899985,1.5
75033,"WPMM3",0.136394100898723,0.205185966538596,1.5
75034,"Huber",0.0686797858234917,0.0974565170392667,1.5
75034,"W1",0.0730127224222872,0.105217596991929,1.5
75034,"WPMM3",0.0661145229449163,0.0951305948632555,1.5
75035,"Huber",0.135824871856976,0.196409348040343,1.5
75035,"W1",0.175690362567272,0.228983922526558,1.5
75035,"WPMM3",0.195279768706007,0.246262230739573,1.5
75036,"Huber",0.0718311456316442,0.109295995204888,1.5
75036,"W1",0.0829977892751477,0.120133849458688,1.5
75036,"WPMM3",0.079148989947617,0.114346599989602,1.5
75037,"Huber",0.114735957054507,0.15827048248812,1.5
75037,"W1",0.11080574495044,0.152122600089146,1.5
75037,"WPMM3",0.109764582861383,0.149925215678608,1.5
75038,"Huber",0.0606833711179999,0.0772068946515403,1.5
75038,"W1",0.11873899657234,0.173255186480035,1.5
75038,"WPMM3",0.132568453950003,0.190266756466433,1.5
75039,"Huber",0.0410332357009924,0.0589480440489634,1.5
75039,"W1",0.039726972807133,0.0557696202440594,1.5
75039,"WPMM3",0.0465606208086332,0.068380423154001,1.5
75040,"Huber",0.105805203926315,0.154020465898632,1.5
75040,"W1",0.0942409198691535,0.139459295457478,1.5
75040,"WPMM3",0.0875602622523569,0.130266777536604,1.5
75041,"Huber",0.0944862881423999,0.118885730898555,1.5
75041,"W1",0.0699795552891922,0.0851417141200014,1.5
75041,"WPMM3",0.0640316738395674,0.0782556206668291,1.5
75042,"Huber",0.152690827862626,0.189423539415227,1.5
75042,"W1",0.106066024767407,0.13580462845779,1.5
75042,"WPMM3",0.0940186773193015,0.124454372547927,1.5
75043,"Huber",0.0980244326111476,0.146940904580731,1.5
75043,"W1",0.125740649928082,0.174343872221574,1.5
75043,"WPMM3",0.127926436465648,0.178450903911599,1.5
75044,"Huber",0.0804476087809666,0.120189526378523,1.5
75044,"W1",0.0773761379111011,0.115220761811527,1.5
75044,"WPMM3",0.0776901170254476,0.115763824738607,1.5
75045,"Huber",0.0718636201543065,0.0819028759237639,1.5
75045,"W1",0.0870214544291683,0.0857166136979454,1.5
75045,"WPMM3",0.0931944552925099,0.0943315914970278,1.5
75046,"Huber",0.0784193573469713,0.0984639818896428,1.5
75046,"W1",0.0711059140782366,0.0926117801801874,1.5
75046,"WPMM3",0.0716987977724901,0.0930233349941585,1.5
75047,"Huber",0.0983070176736188,0.164126407589616,1.5
75047,"W1",0.114533078344045,0.194152507100121,1.5
75047,"WPMM3",0.118902257592781,0.199957575637393,1.5
75048,"Huber",0.104206095290573,0.129983809561071,1.5
75048,"W1",0.127445029144196,0.15269722949472,1.5
75048,"WPMM3",0.133411671012462,0.15885033236551,1.5
75049,"Huber",0.0688673533905702,0.0671796414562608,1.5
75049,"W1",0.0594745768597488,0.0743326513700895,1.5
75049,"WPMM3",0.0576490182052153,0.0739646481011885,1.5
75050,"Huber",0.0494070316473455,0.0724923205338244,1.5
75050,"W1",0.0564921074756524,0.0682202232415646,1.5
75050,"WPMM3",0.0675403464644372,0.0813621941074126,1.5
75051,"Huber",0.101535611649023,0.137724021873206,1.5
75051,"W1",0.129485825289909,0.165163037444308,1.5
75051,"WPMM3",0.132318325703819,0.164941449904783,1.5
75052,"Huber",0.075776017108279,0.100587254031466,1.5
75052,"W1",0.0573168182276167,0.067301785945316,1.5
75052,"WPMM3",0.0567524335103388,0.0687891221120164,1.5
75053,"Huber",0.0854053938319269,0.14096398678276,1.5
75053,"W1",0.09736081131975,0.169206453338814,1.5
75053,"WPMM3",0.107115215706462,0.185547619475789,1.5
75054,"Huber",0.0916414588564862,0.138740028116055,1.5
75054,"W1",0.0716033779919239,0.105359572274322,1.5
75054,"WPMM3",0.071462176335063,0.102366738865861,1.5
75055,"Huber",0.115115599438411,0.15056471909326,1.5
75055,"W1",0.10467890662539,0.132627704344007,1.5
75055,"WPMM3",0.109262631911347,0.140430778080397,1.5
75056,"Huber",0.08616380652401,0.123095915096066,1.5
75056,"W1",0.0740941494737421,0.112034982929939,1.5
75056,"WPMM3",0.071887501277727,0.108709272782543,1.5
75057,"Huber",0.117554858185258,0.13407315208918,1.5
75057,"W1",0.154927494184063,0.201900804131834,1.5
75057,"WPMM3",0.172406878199321,0.223100977403973,1.5
75058,"Huber",0.0999302361575913,0.125351982789093,1.5
75058,"W1",0.130184088110736,0.167482356688285,1.5
75058,"WPMM3",0.139196356970303,0.181970988481781,1.5
75059,"Huber",0.0548167370678716,0.069695681175398,1.5
75059,"W1",0.0602995532477381,0.0709434078033605,1.5
75059,"WPMM3",0.0628815494751542,0.0729825526347363,1.5
75060,"Huber",0.0987479543376124,0.0985987546842064,1.5
75060,"W1",0.105175602716064,0.102053747319309,1.5
75060,"WPMM3",0.106103990317437,0.103461314256456,1.5
75061,"Huber",0.0879985712906298,0.093167289661103,1.5
75061,"W1",0.11641755674689,0.138107071359708,1.5
75061,"WPMM3",0.127490210209254,0.154651850516559,1.5
75062,"Huber",0.0584603427643321,0.0809842489639915,1.5
75062,"W1",0.0479308832173422,0.0683238536613115,1.5
75062,"WPMM3",0.04315729104393,0.0607881137622699,1.5
75063,"Huber",0.0835274851210339,0.109575797209227,1.5
75063,"W1",0.0693142651081472,0.0884658147000406,1.5
75063,"WPMM3",0.0644484860128773,0.0817370585571651,1.5
75064,"Huber",0.0340161010395375,0.0447409657004801,1.5
75064,"W1",0.0486695075341181,0.0718261584522037,1.5
75064,"WPMM3",0.0659380875800546,0.099460737348202,1.5
75065,"Huber",0.0403416274941743,0.0519056303172616,1.5
75065,"W1",0.064495233985441,0.0764310628622712,1.5
75065,"WPMM3",0.0697041687691333,0.0842327023555595,1.5
75066,"Huber",0.094527335159079,0.12181363376135,1.5
75066,"W1",0.0944895375956104,0.133533202231497,1.5
75066,"WPMM3",0.096425612036154,0.139044804922894,1.5
75067,"Huber",0.125224952619674,0.168097670524053,1.5
75067,"W1",0.112806078753574,0.148104437682762,1.5
75067,"WPMM3",0.109147207847952,0.144286145063532,1.5
75068,"Huber",0.0564680984130688,0.0718912093733954,1.5
75068,"W1",0.0665900574543748,0.0870644084506355,1.5
75068,"WPMM3",0.0704163386681253,0.0928350518621063,1.5
75069,"Huber",0.0954931855945707,0.153497937868914,1.5
75069,"W1",0.103772896135678,0.162302935696879,1.5
75069,"WPMM3",0.108805182367869,0.162253533874115,1.5
75070,"Huber",0.088805157073468,0.132466355260509,1.5
75070,"W1",0.0805002061184849,0.121317543512354,1.5
75070,"WPMM3",0.0808089859262563,0.122423116316413,1.5
75071,"Huber",0.133237770091254,0.168042717382798,1.5
75071,"W1",0.105883198695389,0.142148703873642,1.5
75071,"WPMM3",0.108169604842802,0.143411131692595,1.5
75072,"Huber",0.0553892456492543,0.0691969009956632,1.5
75072,"W1",0.0545568003417865,0.0828674468891429,1.5
75072,"WPMM3",0.0580176251085821,0.0909328737181755,1.5
75073,"Huber",0.0699676194307344,0.093284416913098,1.5
75073,"W1",0.085502723276764,0.111348261588828,1.5
75073,"WPMM3",0.10480225564446,0.137030379698108,1.5
75074,"Huber",0.100382014241025,0.149523999749182,1.5
75074,"W1",0.0838940291552653,0.121970645831426,1.5
75074,"WPMM3",0.0821346688984816,0.118384495136387,1.5
75075,"Huber",0.099147007382297,0.155812207728594,1.5
75075,"W1",0.111989730353821,0.175632528216452,1.5
75075,"WPMM3",0.107895330178812,0.166456295105742,1.5
75076,"Huber",0.104810128854169,0.139837839109582,1.5
75076,"W1",0.102987935246157,0.141783410913237,1.5
75076,"WPMM3",0.106351020072613,0.149921423262987,1.5
75077,"Huber",0.080378575798017,0.110721763564105,1.5
75077,"W1",0.0777174842442231,0.103747804793134,1.5
75077,"WPMM3",0.0810642198515428,0.106356262978427,1.5
75078,"Huber",0.0851554009273142,0.128429464387844,1.5
75078,"W1",0.0830302866218857,0.126809910561631,1.5
75078,"WPMM3",0.0973587062293106,0.152132593291835,1.5
75079,"Huber",0.0692936113289202,0.0857222774216899,1.5
75079,"W1",0.0590563054284156,0.0660691174130327,1.5
75079,"WPMM3",0.0566532162207191,0.0620142049096777,1.5
75080,"Huber",0.0928691214565995,0.123618911474105,1.5
75080,"W1",0.0871054932152271,0.118744735088171,1.5
75080,"WPMM3",0.0895142985180823,0.123868897304505,1.5
75081,"Huber",0.0822764037898629,0.0949023468822551,1.5
75081,"W1",0.0733102860333566,0.0883968903782565,1.5
75081,"WPMM3",0.0731520276452715,0.0918660055539555,1.5
75082,"Huber",0.11951866923283,0.181287825110266,1.5
75082,"W1",0.117414022679291,0.18152274663814,1.5
75082,"WPMM3",0.122615729677921,0.190253516498901,1.5
75083,"Huber",0.102960231952208,0.149809518222701,1.5
75083,"W1",0.0960753205994938,0.147314477413912,1.5
75083,"WPMM3",0.0916217801475526,0.140383718358852,1.5
75084,"Huber",0.0752385496278771,0.105483490775949,1.5
75084,"W1",0.0721298320091706,0.0935938109589136,1.5
75084,"WPMM3",0.0683979201242055,0.0863433120514863,1.5
75085,"Huber",0.0590233254244462,0.0772682847644216,1.5
75085,"W1",0.0544213290265918,0.0692157490376166,1.5
75085,"WPMM3",0.0537798116586581,0.0647863319780235,1.5
75086,"Huber",0.123193797570753,0.15470704117384,1.5
75086,"W1",0.122803769051003,0.149998108194776,1.5
75086,"WPMM3",0.12360305859537,0.150208420706157,1.5
75087,"Huber",0.136909206205541,0.204426504775294,1.5
75087,"W1",0.135902272522127,0.194724195910026,1.5
75087,"WPMM3",0.138455392839276,0.199178011817893,1.5
75088,"Huber",0.13360395429526,0.17853450632635,1.5
75088,"W1",0.124346517343963,0.16457905544233,1.5
75088,"WPMM3",0.124295979820057,0.164689462310626,1.5
75089,"Huber",0.0949923793583,0.136508832699064,1.5
75089,"W1",0.0913912973561315,0.131309565728205,1.5
75089,"WPMM3",0.101270966020908,0.147674190328087,1.5
75090,"Huber",0.114856049592921,0.183584370314073,1.5
75090,"W1",0.118883572373266,0.185691503230997,1.5
75090,"WPMM3",0.12041745890628,0.187607341655856,1.5
75091,"Huber",0.102232837618005,0.156978001407864,1.5
75091,"W1",0.10167485236151,0.156475320577297,1.5
75091,"WPMM3",0.105077414523989,0.161084035741988,1.5
75092,"Huber",0.0676550134693906,0.100247049652949,1.5
75092,"W1",0.0617200216899183,0.09014713966397,1.5
75092,"WPMM3",0.0608849954724544,0.0884744048051278,1.5
75093,"Huber",0.0560960060081935,0.0734971567201451,1.5
75093,"W1",0.0385542418106532,0.0475091481523909,1.5
75093,"WPMM3",0.0415056119005891,0.0448836821182471,1.5
75094,"Huber",0.087286690755753,0.116819296689175,1.5
75094,"W1",0.09795865725615,0.138280271150319,1.5
75094,"WPMM3",0.102776845274673,0.145229130193368,1.5
75095,"Huber",0.129271450908065,0.203582390554339,1.5
75095,"W1",0.122301504952056,0.191563157396281,1.5
75095,"WPMM3",0.119603400639965,0.188509279438634,1.5
75096,"Huber",0.0769413030464478,0.126954827899117,1.5
75096,"W1",0.091149660087363,0.1526290912302,1.5
75096,"WPMM3",0.0977193945246888,0.160909046710672,1.5
75097,"Huber",0.0788208850741883,0.0894594448531554,1.5
75097,"W1",0.0671659072442161,0.0926562842223292,1.5
75097,"WPMM3",0.0637103612575685,0.0905791468960969,1.5
75098,"Huber",0.0564862444107785,0.0800806287115133,1.5
75098,"W1",0.0881182098002764,0.112027647229989,1.5
75098,"WPMM3",0.0996060644172892,0.126825182554628,1.5
75099,"Huber",0.124437075702031,0.183742650603676,1.5
75099,"W1",0.141093716381656,0.203381215889206,1.5
75099,"WPMM3",0.14769477845671,0.211900009548759,1.5
75100,"Huber",0.0948261112667742,0.149987552578209,1.5
75100,"W1",0.0953530339408875,0.146194582437404,1.5
75100,"WPMM3",0.101711951959901,0.156152228092709,1.5
75101,"Huber",0.147526080749568,0.238089886522672,1.5
75101,"W1",0.144194940968256,0.224060210413787,1.5
75101,"WPMM3",0.146149466136061,0.225488168082931,1.5
75102,"Huber",0.0580050351410836,0.0753747484497405,1.5
75102,"W1",0.0937036960626053,0.141697525284955,1.5
75102,"WPMM3",0.0917321531495711,0.138641267050498,1.5
75103,"Huber",0.128572648400579,0.199594035725934,1.5
75103,"W1",0.116271171987691,0.175483922880909,1.5
75103,"WPMM3",0.132972647774849,0.200128590420976,1.5
75104,"Huber",0.0942674890810025,0.141504010537412,1.5
75104,"W1",0.097451283024205,0.147996131864624,1.5
75104,"WPMM3",0.0983186034093431,0.149325027913296,1.5
75105,"Huber",0.0769920381261153,0.0920601040496817,1.5
75105,"W1",0.0486475440027259,0.0667323564868505,1.5
75105,"WPMM3",0.0449517829161515,0.064713902695234,1.5
75106,"Huber",0.04687841327957,0.0642195650993138,1.5
75106,"W1",0.0452193809400116,0.055399206179712,1.5
75106,"WPMM3",0.043399041882148,0.0529200635922074,1.5
75107,"Huber",0.0796281355179353,0.115151604930587,1.5
75107,"W1",0.0663449600594571,0.0980577122690937,1.5
75107,"WPMM3",0.0614133186605864,0.0884666799617077,1.5
75108,"Huber",0.116354733293484,0.157694940611841,1.5
75108,"W1",0.122306275523069,0.143765428389421,1.5
75108,"WPMM3",0.117638009982163,0.134738872706146,1.5
75109,"Huber",0.0946190697883926,0.110141585295149,1.5
75109,"W1",0.0823829171545513,0.0759686238413371,1.5
75109,"WPMM3",0.0804118520814764,0.0692809378555714,1.5
75110,"Huber",0.112144453939706,0.158523652999804,1.5
75110,"W1",0.110414816448928,0.147034398838036,1.5
75110,"WPMM3",0.108098788471356,0.143920907464043,1.5
75111,"Huber",0.0568611002845754,0.0708016289219738,1.5
75111,"W1",0.0548700244027271,0.0616434404533917,1.5
75111,"WPMM3",0.0537160495467464,0.0635156653061807,1.5
75112,"Huber",0.119658036062277,0.139015359946534,1.5
75112,"W1",0.146693776363246,0.17562705145401,1.5
75112,"WPMM3",0.189535073233291,0.237799701915248,1.5
75113,"Huber",0.143357489096024,0.194100489520623,1.5
75113,"W1",0.124973103336496,0.168012188745365,1.5
75113,"WPMM3",0.126320955304277,0.16750320094165,1.5
75114,"Huber",0.100848812605318,0.108038881346663,1.5
75114,"W1",0.085640924624736,0.0957090083878265,1.5
75114,"WPMM3",0.0864761866969376,0.0967513228174074,1.5
75115,"Huber",0.181814132175272,0.245755623681377,1.5
75115,"W1",0.181370913780839,0.223894213134356,1.5
75115,"WPMM3",0.18853539974414,0.231723769529757,1.5
75116,"Huber",0.0627203668152395,0.08044086576524,1.5
75116,"W1",0.0691724885599765,0.0904792589572426,1.5
75116,"WPMM3",0.0676743123303976,0.0902539331756333,1.5
75117,"Huber",0.0924751800761474,0.127754005087139,1.5
75117,"W1",0.0824836155083692,0.116758591232155,1.5
75117,"WPMM3",0.0780516714037748,0.111059515643406,1.5
75118,"Huber",0.0820119224480127,0.108654240883083,1.5
75118,"W1",0.0707733456099286,0.106222887929535,1.5
75118,"WPMM3",0.0780336209868243,0.118920303258163,1.5
75119,"Huber",0.159659008011407,0.225031851522497,1.5
75119,"W1",0.175322374040311,0.235821214629869,1.5
75119,"WPMM3",0.182158453281678,0.24148395370208,1.5
75120,"Huber",0.0899133420372836,0.119596380937452,1.5
75120,"W1",0.107015558013474,0.132793776491682,1.5
75120,"WPMM3",0.114167007062697,0.13927469306976,1.5
75121,"Huber",0.102504834022227,0.14333243725962,1.5
75121,"W1",0.0850436092514692,0.114471850474638,1.5
75121,"WPMM3",0.0751297490955759,0.100477247576162,1.5
75122,"Huber",0.027528397416603,0.0278113656935038,1.5
75122,"W1",0.0279781450037237,0.0354730606491339,1.5
75122,"WPMM3",0.0349177747569806,0.0459618330115279,1.5
75123,"Huber",0.0560093160394475,0.076335169143823,1.5
75123,"W1",0.0681009556717888,0.0854126666375455,1.5
75123,"WPMM3",0.0717559538584168,0.0893868801470185,1.5
75124,"Huber",0.0729335164421882,0.0852939992842698,1.5
75124,"W1",0.0600116200428406,0.0684487321666509,1.5
75124,"WPMM3",0.0602558944097565,0.0691614787193451,1.5
75125,"Huber",0.110120997824894,0.126561144821759,1.5
75125,"W1",0.107927984373377,0.137237212719467,1.5
75125,"WPMM3",0.110834374459867,0.141404662312753,1.5
75126,"Huber",0.0636462546040794,0.0815319312279656,1.5
75126,"W1",0.0543650322156626,0.0675121563537323,1.5
75126,"WPMM3",0.0489997480291788,0.0602332181645666,1.5
75127,"Huber",0.0926864363192282,0.136613977459324,1.5
75127,"W1",0.101338781979918,0.15450939417854,1.5
75127,"WPMM3",0.103949781577836,0.158460378437114,1.5
75128,"Huber",0.118373488052109,0.145752455149308,1.5
75128,"W1",0.139022903576846,0.157983215610007,1.5
75128,"WPMM3",0.144105254518084,0.161546725228405,1.5
75129,"Huber",0.105394269898762,0.144322484224821,1.5
75129,"W1",0.103496753934168,0.136371602452834,1.5
75129,"WPMM3",0.102674823999496,0.134713423265565,1.5
75130,"Huber",0.119592540576354,0.164228513241533,1.5
75130,"W1",0.134504232915924,0.188295000427182,1.5
75130,"WPMM3",0.145362009948179,0.202757522718575,1.5
75131,"Huber",0.0577846392457873,0.0735190956683751,1.5
75131,"W1",0.0969493607608701,0.123681369858124,1.5
75131,"WPMM3",0.107632960187825,0.143228117777841,1.5
75132,"Huber",0.0593779607951311,0.088436680656137,1.5
75132,"W1",0.0536493734106784,0.0790851804245273,1.5
75132,"WPMM3",0.0580343484611264,0.0838313808479865,1.5
75133,"Huber",0.0841776643512732,0.088471219958742,1.5
75133,"W1",0.115811025921972,0.128851823773646,1.5
75133,"WPMM3",0.122907010823052,0.138209370963644,1.5
75134,"Huber",0.0983675844503072,0.136236833636783,1.5
75134,"W1",0.10021649310979,0.152208809610602,1.5
75134,"WPMM3",0.120113809930417,0.182235148395409,1.5
75135,"Huber",0.100873216634612,0.154687574178255,1.5
75135,"W1",0.100180626714426,0.146499117317086,1.5
75135,"WPMM3",0.09976048601586,0.142004087281384,1.5
75136,"Huber",0.0834319552855997,0.124150962627512,1.5
75136,"W1",0.0852549278391616,0.125240163491975,1.5
75136,"WPMM3",0.0905619166048796,0.134172431156126,1.5
75137,"Huber",0.126862796401824,0.185391942153653,1.5
75137,"W1",0.102755500204868,0.14959470214562,1.5
75137,"WPMM3",0.0972490127040075,0.139229348362682,1.5
75138,"Huber",0.117686014134008,0.11591726777023,1.5
75138,"W1",0.075150812345871,0.0764453160758028,1.5
75138,"WPMM3",0.0764954118830653,0.0802221860813579,1.5
75139,"Huber",0.147043293732377,0.196623924474926,1.5
75139,"W1",0.12872174231109,0.178362558937808,1.5
75139,"WPMM3",0.130548874812069,0.182184079453708,1.5
75140,"Huber",0.0900610213864042,0.136017852816917,1.5
75140,"W1",0.0532178211104712,0.0637165741177599,1.5
75140,"WPMM3",0.0495882078649683,0.0605955741867083,1.5
75141,"Huber",0.0873276744827936,0.124082877403943,1.5
75141,"W1",0.0743656972620879,0.0983101677665134,1.5
75141,"WPMM3",0.0710896548330894,0.0900304535898437,1.5
75142,"Huber",0.14550171892575,0.15900531203091,1.5
75142,"W1",0.124505662753966,0.15809343008453,1.5
75142,"WPMM3",0.118460632799944,0.151231649247309,1.5
75143,"Huber",0.0772515138013271,0.0987877692993773,1.5
75143,"W1",0.0667870853432223,0.0743909409865823,1.5
75143,"WPMM3",0.0707243526087371,0.0808954192604148,1.5
75144,"Huber",0.0642830573000049,0.0833533802117187,1.5
75144,"W1",0.0580723443029302,0.0762425471589513,1.5
75144,"WPMM3",0.0563407799652566,0.0743309708778558,1.5
75145,"Huber",0.127517129140023,0.16483099746211,1.5
75145,"W1",0.104730605015309,0.137461054047282,1.5
75145,"WPMM3",0.0984229239435,0.130894031475336,1.5
75146,"Huber",0.114752842963006,0.157529840844444,1.5
75146,"W1",0.114069993449991,0.155784514572048,1.5
75146,"WPMM3",0.110897190224072,0.151124702576081,1.5
75147,"Huber",0.101948567987463,0.11729714746244,1.5
75147,"W1",0.0814449843410588,0.071519999883505,1.5
75147,"WPMM3",0.0828720726864095,0.0706805321378752,1.5
75148,"Huber",0.134993881677871,0.162427486415821,1.5
75148,"W1",0.142514222563423,0.180846206887095,1.5
75148,"WPMM3",0.142649528793487,0.187033995684711,1.5
75149,"Huber",0.120774788287749,0.190753465379778,1.5
75149,"W1",0.107935647098537,0.174829448879225,1.5
75149,"WPMM3",0.104978065818294,0.17128081072798,1.5
75150,"Huber",0.072209661234554,0.100439365060264,1.5
75150,"W1",0.0893660878076977,0.153155670186786,1.5
75150,"WPMM3",0.111757140911243,0.189071491639528,1.5
75001,"Huber",0.0486227072778995,0.0670395122794297,2.5
75001,"W1",0.044618409548633,0.0696724325007131,2.5
75001,"WPMM3",0.0490211160289278,0.0785637420379906,2.5
75002,"Huber",0.129668933140143,0.18323777847227,2.5
75002,"W1",0.122533180671876,0.18229472640396,2.5
75002,"WPMM3",0.131828265704432,0.1947908890916,2.5
75003,"Huber",0.12997275655911,0.163195395666218,2.5
75003,"W1",0.133243267329099,0.161066933818175,2.5
75003,"WPMM3",0.131665206191771,0.15977372892518,2.5
75004,"Huber",0.116098368297057,0.123573920232713,2.5
75004,"W1",0.1234922848658,0.131092688600153,2.5
75004,"WPMM3",0.12227549900625,0.135634074359805,2.5
75005,"Huber",0.134633118514593,0.162930866935745,2.5
75005,"W1",0.141447511422614,0.170244136137041,2.5
75005,"WPMM3",0.13281742485472,0.16236707435362,2.5
75006,"Huber",0.0553295445008216,0.0747571964987576,2.5
75006,"W1",0.0587617966459211,0.0804726601479353,2.5
75006,"WPMM3",0.0588211984124158,0.0856663543862465,2.5
75007,"Huber",0.0428294385643838,0.0569107231809569,2.5
75007,"W1",0.0451062820412579,0.0622366439595693,2.5
75007,"WPMM3",0.0539573977694238,0.07196114702328,2.5
75008,"Huber",0.111967391863052,0.14700658619534,2.5
75008,"W1",0.0965648374789522,0.117581483811357,2.5
75008,"WPMM3",0.101924122071398,0.11569633991344,2.5
75009,"Huber",0.083141049912725,0.111397326023918,2.5
75009,"W1",0.0728361400920959,0.097400231200057,2.5
75009,"WPMM3",0.0741816767584973,0.105032141234123,2.5
75010,"Huber",0.0774152052732949,0.0665934583622959,2.5
75010,"W1",0.0712565042661249,0.0528370611220946,2.5
75010,"WPMM3",0.0729276317262093,0.0495293675624934,2.5
75011,"Huber",0.136997688942497,0.170463722828779,2.5
75011,"W1",0.141887394841938,0.177952416170767,2.5
75011,"WPMM3",0.151711417106409,0.192501145116259,2.5
75012,"Huber",0.131731638064689,0.201329938586308,2.5
75012,"W1",0.137635717056448,0.201094652589241,2.5
75012,"WPMM3",0.14010613347486,0.205491872867553,2.5
75013,"Huber",0.0515405226707342,0.0728913251531231,2.5
75013,"W1",0.0602135755642292,0.0838847308390958,2.5
75013,"WPMM3",0.0649603462878899,0.0882198518302871,2.5
75014,"Huber",0.133730933367631,0.196205253676996,2.5
75014,"W1",0.130222494552297,0.188312747919137,2.5
75014,"WPMM3",0.124964703269451,0.182745529106301,2.5
75015,"Huber",0.0948211555577085,0.135199369976609,2.5
75015,"W1",0.0996979078055476,0.143685902126194,2.5
75015,"WPMM3",0.110675593747239,0.160777960155966,2.5
75016,"Huber",0.106713442213343,0.166627820104136,2.5
75016,"W1",0.103330995948907,0.160138193772639,2.5
75016,"WPMM3",0.0920688026797624,0.140653336159238,2.5
75017,"Huber",0.0779005561050601,0.108126234909138,2.5
75017,"W1",0.0741198478912911,0.100889848003169,2.5
75017,"WPMM3",0.0696872919899705,0.0973173225324098,2.5
75018,"Huber",0.08195985173608,0.108367006571166,2.5
75018,"W1",0.0869734209381521,0.101715988707707,2.5
75018,"WPMM3",0.0948129925858062,0.108265856544056,2.5
75019,"Huber",0.060842185276174,0.0858424369776138,2.5
75019,"W1",0.0673851386524922,0.0941630068723662,2.5
75019,"WPMM3",0.0737389217887506,0.10034477310003,2.5
75020,"Huber",0.123568913118359,0.152906136422466,2.5
75020,"W1",0.116757372925595,0.142907273338451,2.5
75020,"WPMM3",0.112901925675743,0.136064038483609,2.5
75021,"Huber",0.0909706798683952,0.135481619136593,2.5
75021,"W1",0.0859182484702479,0.124779678621986,2.5
75021,"WPMM3",0.086293649755362,0.122728376118419,2.5
75022,"Huber",0.106613877020342,0.161281641259639,2.5
75022,"W1",0.102298278371194,0.155066926328357,2.5
75022,"WPMM3",0.100974029681694,0.156114943632684,2.5
75023,"Huber",0.0355121800091581,0.0434366683720664,2.5
75023,"W1",0.0359319817368734,0.0439392406334639,2.5
75023,"WPMM3",0.0459548247113188,0.0633263794846172,2.5
75024,"Huber",0.0604089054911102,0.0807808556965664,2.5
75024,"W1",0.0595155917314665,0.0729993971791121,2.5
75024,"WPMM3",0.0632932900786639,0.0838637495886856,2.5
75025,"Huber",0.0452026452231583,0.066614092930885,2.5
75025,"W1",0.0384967531768636,0.0587516055190661,2.5
75025,"WPMM3",0.0470337586458504,0.066936019970307,2.5
75026,"Huber",0.0969759684580075,0.132870343569539,2.5
75026,"W1",0.097026860472262,0.134612485274142,2.5
75026,"WPMM3",0.095444239668162,0.129340019917334,2.5
75027,"Huber",0.0451814825585207,0.0509668566759095,2.5
75027,"W1",0.0408244767814696,0.047963996123656,2.5
75027,"WPMM3",0.0507660900108293,0.0593405497461964,2.5
75028,"Huber",0.145700183473085,0.187588908628312,2.5
75028,"W1",0.158363293096445,0.206964779565722,2.5
75028,"WPMM3",0.128811789133269,0.162573428267383,2.5
75029,"Huber",0.107223766124429,0.131968354396304,2.5
75029,"W1",0.115928357040292,0.141337299340085,2.5
75029,"WPMM3",0.0958875726728801,0.119456275302672,2.5
75030,"Huber",0.103984308297175,0.154629668643555,2.5
75030,"W1",0.106863853382112,0.154406358254472,2.5
75030,"WPMM3",0.107045836497764,0.154630732015679,2.5
75031,"Huber",0.143135177171193,0.246522047972206,2.5
75031,"W1",0.155191086554393,0.266477207628674,2.5
75031,"WPMM3",0.146726961320238,0.25158025180421,2.5
75032,"Huber",0.0951115014259374,0.0909835200948228,2.5
75032,"W1",0.0922873815792285,0.0902450247198995,2.5
75032,"WPMM3",0.0942474020809429,0.0893774309234778,2.5
75033,"Huber",0.131783589023896,0.202067207797109,2.5
75033,"W1",0.125164689719629,0.191874767049341,2.5
75033,"WPMM3",0.127905958420197,0.195871362283816,2.5
75034,"Huber",0.0686797858234917,0.0974565170392667,2.5
75034,"W1",0.0783279552436545,0.112291027048495,2.5
75034,"WPMM3",0.0802728312719888,0.115967982150704,2.5
75035,"Huber",0.135824871856976,0.196409348040343,2.5
75035,"W1",0.140749162205078,0.201709632127623,2.5
75035,"WPMM3",0.159154038213396,0.214902202713482,2.5
75036,"Huber",0.0718311456316442,0.109295995204888,2.5
75036,"W1",0.0854837458900901,0.12877844767744,2.5
75036,"WPMM3",0.0853529077589202,0.125922512472481,2.5
75037,"Huber",0.114735957054507,0.15827048248812,2.5
75037,"W1",0.11484641286917,0.158949899076059,2.5
75037,"WPMM3",0.113481507558675,0.154571373821227,2.5
75038,"Huber",0.0606833711179999,0.0772068946515403,2.5
75038,"W1",0.0546439973908538,0.0724131095274317,2.5
75038,"WPMM3",0.1096648237858,0.160022428915208,2.5
75039,"Huber",0.0410332357009924,0.0589480440489634,2.5
75039,"W1",0.032172341353092,0.0429932720011512,2.5
75039,"WPMM3",0.0279832368275387,0.0358140874179408,2.5
75040,"Huber",0.105805203926315,0.154020465898632,2.5
75040,"W1",0.116729111053413,0.16848497247622,2.5
75040,"WPMM3",0.112516151546619,0.163933140444588,2.5
75041,"Huber",0.0944862881423999,0.118885730898555,2.5
75041,"W1",0.0907339467622154,0.109046995084332,2.5
75041,"WPMM3",0.0824609972736463,0.0989841472047612,2.5
75042,"Huber",0.152690827862626,0.189423539415227,2.5
75042,"W1",0.137120920772818,0.173195304437881,2.5
75042,"WPMM3",0.123436064070725,0.155597326503164,2.5
75043,"Huber",0.0980244326111476,0.146940904580731,2.5
75043,"W1",0.111709470790102,0.153388425124848,2.5
75043,"WPMM3",0.117925803179801,0.161699288332031,2.5
75044,"Huber",0.0804476087809666,0.120189526378523,2.5
75044,"W1",0.0765713385073919,0.113474071984594,2.5
75044,"WPMM3",0.079964774195281,0.118504130715043,2.5
75045,"Huber",0.0718636201543065,0.0819028759237639,2.5
75045,"W1",0.0732463500601498,0.0736391333253447,2.5
75045,"WPMM3",0.0763938270539988,0.0737127505355664,2.5
75046,"Huber",0.0784193573469713,0.0984639818896428,2.5
75046,"W1",0.0722933753770365,0.0920916283518605,2.5
75046,"WPMM3",0.0766875689533438,0.0986253514252875,2.5
75047,"Huber",0.0983070176736188,0.164126407589616,2.5
75047,"W1",0.102972167192099,0.174507192735084,2.5
75047,"WPMM3",0.110295472264671,0.188013964788492,2.5
75048,"Huber",0.104206095290573,0.129983809561071,2.5
75048,"W1",0.1124984792673,0.139720363519896,2.5
75048,"WPMM3",0.120467992071222,0.147612512830587,2.5
75049,"Huber",0.0688673533905702,0.0671796414562608,2.5
75049,"W1",0.0702016218323262,0.0754398126235737,2.5
75049,"WPMM3",0.0689671251556028,0.0777166554215471,2.5
75050,"Huber",0.0494070316473455,0.0724923205338244,2.5
75050,"W1",0.0430407711256604,0.0601183328090486,2.5
75050,"WPMM3",0.0443881782919743,0.0564782680362613,2.5
75051,"Huber",0.101535611649023,0.137724021873206,2.5
75051,"W1",0.116710969940265,0.159389021101158,2.5
75051,"WPMM3",0.125359938212326,0.165939854901075,2.5
75052,"Huber",0.075776017108279,0.100587254031466,2.5
75052,"W1",0.0656843885140923,0.079017261489423,2.5
75052,"WPMM3",0.0638847317593684,0.0707301823117996,2.5
75053,"Huber",0.0854053938319269,0.14096398678276,2.5
75053,"W1",0.087117480783185,0.144484447277971,2.5
75053,"WPMM3",0.0851310818406523,0.145911376712962,2.5
75054,"Huber",0.0916414588564862,0.138740028116055,2.5
75054,"W1",0.0969023196647174,0.147150828212068,2.5
75054,"WPMM3",0.078581278977508,0.121158444771718,2.5
75055,"Huber",0.115115599438411,0.15056471909326,2.5
75055,"W1",0.0984389614173983,0.122902584873162,2.5
75055,"WPMM3",0.0980952124106171,0.120571260677514,2.5
75056,"Huber",0.08616380652401,0.123095915096066,2.5
75056,"W1",0.0850799595326736,0.12396294336986,2.5
75056,"WPMM3",0.078828327561294,0.115558485707445,2.5
75057,"Huber",0.117554858185258,0.13407315208918,2.5
75057,"W1",0.115625856904388,0.138524856964618,2.5
75057,"WPMM3",0.136891379350046,0.179243626888687,2.5
75058,"Huber",0.0999302361575913,0.125351982789093,2.5
75058,"W1",0.100237796662211,0.122472095243798,2.5
75058,"WPMM3",0.109017213182122,0.135977475282279,2.5
75059,"Huber",0.0548167370678716,0.069695681175398,2.5
75059,"W1",0.0520742105856259,0.0642302109486876,2.5
75059,"WPMM3",0.0558945003991391,0.0669314098484391,2.5
75060,"Huber",0.0987479543376124,0.0985987546842064,2.5
75060,"W1",0.100202859022528,0.101814817527363,2.5
75060,"WPMM3",0.102689600423927,0.0997242739535689,2.5
75061,"Huber",0.0879985712906298,0.093167289661103,2.5
75061,"W1",0.0952397269360777,0.0964526040607513,2.5
75061,"WPMM3",0.101621012047094,0.10920403419479,2.5
75062,"Huber",0.0584603427643321,0.0809842489639915,2.5
75062,"W1",0.0661577071292423,0.089953930355945,2.5
75062,"WPMM3",0.0585652997813282,0.081441069386366,2.5
75063,"Huber",0.0835274851210339,0.109575797209227,2.5
75063,"W1",0.0857396793941329,0.112942052135617,2.5
75063,"WPMM3",0.0752885258067323,0.0982313418172775,2.5
75064,"Huber",0.0340161010395375,0.0447409657004801,2.5
75064,"W1",0.0365036287907878,0.0529995134671664,2.5
75064,"WPMM3",0.0326528789824804,0.0509066587155478,2.5
75065,"Huber",0.0403416274941743,0.0519056303172616,2.5
75065,"W1",0.0402231173983273,0.0510210554773589,2.5
75065,"WPMM3",0.0473334014571132,0.0584867079116336,2.5
75066,"Huber",0.094527335159079,0.12181363376135,2.5
75066,"W1",0.0914846584778769,0.118736575730084,2.5
75066,"WPMM3",0.0917497895978928,0.125425714769274,2.5
75067,"Huber",0.125224952619674,0.168097670524053,2.5
75067,"W1",0.11877232257848,0.156550976256276,2.5
75067,"WPMM3",0.12025583721876,0.153972798059596,2.5
75068,"Huber",0.0564680984130688,0.0718912093733954,2.5
75068,"W1",0.0747158088734482,0.0945249943477482,2.5
75068,"WPMM3",0.0667024588386764,0.0871542059302709,2.5
75069,"Huber",0.0954931855945707,0.153497937868914,2.5
75069,"W1",0.10055261037489,0.162981116796694,2.5
75069,"WPMM3",0.10067710228674,0.162182539061138,2.5
75070,"Huber",0.088805157073468,0.132466355260509,2.5
75070,"W1",0.0847633158684427,0.123212686338009,2.5
75070,"WPMM3",0.0840209542783133,0.124097668399897,2.5
75071,"Huber",0.133237770091254,0.168042717382798,2.5
75071,"W1",0.118172416045441,0.155014062570989,2.5
75071,"WPMM3",0.112353413245974,0.148836775187971,2.5
75072,"Huber",0.0553892456492543,0.0691969009956632,2.5
75072,"W1",0.0501018219096481,0.0691935671448109,2.5
75072,"WPMM3",0.0498078659067103,0.0724887757890467,2.5
75073,"Huber",0.0699676194307344,0.093284416913098,2.5
75073,"W1",0.0718001074929025,0.09252127909031,2.5
75073,"WPMM3",0.0710119558388539,0.0941435190210726,2.5
75074,"Huber",0.100382014241025,0.149523999749182,2.5
75074,"W1",0.101837576914275,0.149866674685106,2.5
75074,"WPMM3",0.0880392894635958,0.127499374626773,2.5
75075,"Huber",0.099147007382297,0.155812207728594,2.5
75075,"W1",0.11132943443774,0.173063039850259,2.5
75075,"WPMM3",0.109815328621391,0.172699230562108,2.5
75076,"Huber",0.104810128854169,0.139837839109582,2.5
75076,"W1",0.0980945129718465,0.128118173730123,2.5
75076,"WPMM3",0.098428511850531,0.130460523302191,2.5
75077,"Huber",0.080378575798017,0.110721763564105,2.5
75077,"W1",0.0752627180040442,0.104107454997675,2.5
75077,"WPMM3",0.0739213616732268,0.101269443536157,2.5
75078,"Huber",0.0851554009273142,0.128429464387844,2.5
75078,"W1",0.0709319414840185,0.102984372320426,2.5
75078,"WPMM3",0.0701226354666431,0.101747202962723,2.5
75079,"Huber",0.0692936113289202,0.0857222774216899,2.5
75079,"W1",0.0671380063933192,0.0819564692498362,2.5
75079,"WPMM3",0.0640309480887122,0.0741786683264361,2.5
75080,"Huber",0.0928691214565995,0.123618911474105,2.5
75080,"W1",0.0925804454609427,0.123023205634274,2.5
75080,"WPMM3",0.0860594430735375,0.114225930439893,2.5
75081,"Huber",0.0822764037898629,0.0949023468822551,2.5
75081,"W1",0.0748636707021276,0.0815610532420853,2.5
75081,"WPMM3",0.0767301925934774,0.0838681072609383,2.5
75082,"Huber",0.11951866923283,0.181287825110266,2.5
75082,"W1",0.11651949172117,0.175292622002674,2.5
75082,"WPMM3",0.112540620753382,0.171672975857273,2.5
75083,"Huber",0.102960231952208,0.149809518222701,2.5
75083,"W1",0.110908092593849,0.16529904350301,2.5
75083,"WPMM3",0.106549828960936,0.162132560190884,2.5
75084,"Huber",0.0752385496278771,0.105483490775949,2.5
75084,"W1",0.080356106922546,0.111799611471089,2.5
75084,"WPMM3",0.0796752346359484,0.111100345282186,2.5
75085,"Huber",0.0590233254244462,0.0772682847644216,2.5
75085,"W1",0.0640915109159601,0.0852057211016931,2.5
75085,"WPMM3",0.0603508848842397,0.0809247412822412,2.5
75086,"Huber",0.123193797570753,0.15470704117384,2.5
75086,"W1",0.122612281688271,0.155242550311407,2.5
75086,"WPMM3",0.118756055602227,0.147254946888567,2.5
75087,"Huber",0.136909206205541,0.204426504775294,2.5
75087,"W1",0.136895097715894,0.201724193917957,2.5
75087,"WPMM3",0.137654900578261,0.197007211274235,2.5
75088,"Huber",0.13360395429526,0.17853450632635,2.5
75088,"W1",0.130544009630589,0.172619534967271,2.5
75088,"WPMM3",0.126262046404828,0.167078176606876,2.5
75089,"Huber",0.0949923793583,0.136508832699064,2.5
75089,"W1",0.0870878777930133,0.122951300488844,2.5
75089,"WPMM3",0.0869604319035297,0.122920536951537,2.5
75090,"Huber",0.114856049592921,0.183584370314073,2.5
75090,"W1",0.118135208661667,0.185315366902887,2.5
75090,"WPMM3",0.117135917837029,0.182014976100719,2.5
75091,"Huber",0.102232837618005,0.156978001407864,2.5
75091,"W1",0.100999153420298,0.15566065296224,2.5
75091,"WPMM3",0.0986239919148909,0.152330411155605,2.5
75092,"Huber",0.0676550134693906,0.100247049652949,2.5
75092,"W1",0.0679314052572814,0.101817771471125,2.5
75092,"WPMM3",0.0654539856063821,0.0971789732436693,2.5
75093,"Huber",0.0560960060081935,0.0734971567201451,2.5
75093,"W1",0.0538379471397332,0.0716938544568434,2.5
75093,"WPMM3",0.0384475383502947,0.0521332649520062,2.5
75094,"Huber",0.087286690755753,0.116819296689175,2.5
75094,"W1",0.0900319509663971,0.12622406426194,2.5
75094,"WPMM3",0.0969892202373937,0.134865737334431,2.5
75095,"Huber",0.129271450908065,0.203582390554339,2.5
75095,"W1",0.130673696641708,0.203650429230688,2.5
75095,"WPMM3",0.127219598826772,0.196911430494821,2.5
75096,"Huber",0.0769413030464478,0.126954827899117,2.5
75096,"W1",0.0710045733096734,0.123152929273325,2.5
75096,"WPMM3",0.0827857749000925,0.140489132230752,2.5
75097,"Huber",0.0788208850741883,0.0894594448531554,2.5
75097,"W1",0.0811561228056113,0.0976146738589914,2.5
75097,"WPMM3",0.0750396462816595,0.0935963172997848,2.5
75098,"Huber",0.0564862444107785,0.0800806287115133,2.5
75098,"W1",0.0533756262743627,0.0740791960489547,2.5
75098,"WPMM3",0.072744728399973,0.09760500107015,2.5
75099,"Huber",0.124437075702031,0.183742650603676,2.5
75099,"W1",0.119060299920965,0.175613804846086,2.5
75099,"WPMM3",0.128521130183121,0.187443209962126,2.5
75100,"Huber",0.0948261112667742,0.149987552578209,2.5
75100,"W1",0.0786632151143643,0.122683213949677,2.5
75100,"WPMM3",0.0844536644217521,0.127671581340419,2.5
75101,"Huber",0.147526080749568,0.238089886522672,2.5
75101,"W1",0.147921705006249,0.233599863483857,2.5
75101,"WPMM3",0.142722370053979,0.224572004053875,2.5
75102,"Huber",0.0580050351410836,0.0753747484497405,2.5
75102,"W1",0.0497705978004758,0.0686696327172323,2.5
75102,"WPMM3",0.101265281290837,0.15355265631673,2.5
75103,"Huber",0.128572648400579,0.199594035725934,2.5
75103,"W1",0.106559188243511,0.16541529023173,2.5
75103,"WPMM3",0.108583317477394,0.166755709255976,2.5
75104,"Huber",0.0942674890810025,0.141504010537412,2.5
75104,"W1",0.0922541515902733,0.142979367084156,2.5
75104,"WPMM3",0.0947818975823398,0.143034854282179,2.5
75105,"Huber",0.0769920381261153,0.0920601040496817,2.5
75105,"W1",0.0770501483911355,0.0978295434536515,2.5
75105,"WPMM3",0.0624628920794699,0.0782960295318343,2.5
75106,"Huber",0.04687841327957,0.0642195650993138,2.5
75106,"W1",0.0454476506999043,0.057688956144981,2.5
75106,"WPMM3",0.0466569402487982,0.0581056218549439,2.5
75107,"Huber",0.0796281355179353,0.115151604930587,2.5
75107,"W1",0.0762365837107304,0.113524324170785,2.5
75107,"WPMM3",0.0712272319784176,0.105762203482152,2.5
75108,"Huber",0.116354733293484,0.157694940611841,2.5
75108,"W1",0.125831747988214,0.167164096929463,2.5
75108,"WPMM3",0.130017658151286,0.162233346875363,2.5
75109,"Huber",0.0946190697883926,0.110141585295149,2.5
75109,"W1",0.0920081936898791,0.106505631596313,2.5
75109,"WPMM3",0.0832208999630173,0.0901818453137246,2.5
75110,"Huber",0.112144453939706,0.158523652999804,2.5
75110,"W1",0.124053679215182,0.17289302743389,2.5
75110,"WPMM3",0.117515648725727,0.161079873043357,2.5
75111,"Huber",0.0568611002845754,0.0708016289219738,2.5
75111,"W1",0.0578576749111416,0.0700840213476976,2.5
75111,"WPMM3",0.053094686203469,0.059462008062361,2.5
75112,"Huber",0.119658036062277,0.139015359946534,2.5
75112,"W1",0.111120185541632,0.126226197101296,2.5
75112,"WPMM3",0.115756401283234,0.130441711383219,2.5
75113,"Huber",0.143357489096024,0.194100489520623,2.5
75113,"W1",0.131383313656846,0.178343877796759,2.5
75113,"WPMM3",0.128630552887166,0.173110560201801,2.5
75114,"Huber",0.100848812605318,0.108038881346663,2.5
75114,"W1",0.0947865487523688,0.103137006779701,2.5
75114,"WPMM3",0.089238765107531,0.0981633724727906,2.5
75115,"Huber",0.181814132175272,0.245755623681377,2.5
75115,"W1",0.171300293577824,0.220337566151878,2.5
75115,"WPMM3",0.170059336217541,0.212972493809394,2.5
75116,"Huber",0.0627203668152395,0.08044086576524,2.5
75116,"W1",0.0688897382725417,0.0890458246630984,2.5
75116,"WPMM3",0.0723447035623206,0.0930877429708782,2.5
75117,"Huber",0.0924751800761474,0.127754005087139,2.5
75117,"W1",0.0977325968260956,0.134502250291841,2.5
75117,"WPMM3",0.090496025959603,0.126545898361155,2.5
75118,"Huber",0.0820119224480127,0.108654240883083,2.5
75118,"W1",0.071051115374764,0.0972171378677606,2.5
75118,"WPMM3",0.0686171441049805,0.0996347976274378,2.5
75119,"Huber",0.159659008011407,0.225031851522497,2.5
75119,"W1",0.164059481266742,0.233914253878023,2.5
75119,"WPMM3",0.166238950281088,0.231151695341541,2.5
75120,"Huber",0.0899133420372836,0.119596380937452,2.5
75120,"W1",0.0976809738912524,0.122240145361428,2.5
75120,"WPMM3",0.101428541634553,0.126200787261885,2.5
75121,"Huber",0.102504834022227,0.14333243725962,2.5
75121,"W1",0.100040483842765,0.139531405157878,2.5
75121,"WPMM3",0.0952458213080438,0.133670675093914,2.5
75122,"Huber",0.027528397416603,0.0278113656935038,2.5
75122,"W1",0.0382500229279547,0.0366996556866186,2.5
75122,"WPMM3",0.0262260754010572,0.0295399463592063,2.5
75123,"Huber",0.0560093160394475,0.076335169143823,2.5
75123,"W1",0.0604629595332365,0.0790819748654363,2.5
75123,"WPMM3",0.0665246835008103,0.0839078172685788,2.5
75124,"Huber",0.0729335164421882,0.0852939992842698,2.5
75124,"W1",0.0641124396317095,0.076508809633539,2.5
75124,"WPMM3",0.058315091775655,0.0664664809467946,2.5
75125,"Huber",0.110120997824894,0.126561144821759,2.5
75125,"W1",0.10250426772013,0.124591983702295,2.5
75125,"WPMM3",0.10601542570994,0.131948235694428,2.5
75126,"Huber",0.0636462546040794,0.0815319312279656,2.5
75126,"W1",0.0608975460266112,0.0792737746076494,2.5
75126,"WPMM3",0.0607660427932292,0.0773231110375691,2.5
75127,"Huber",0.0926864363192282,0.136613977459324,2.5
75127,"W1",0.0919168375020335,0.137791485123536,2.5
75127,"WPMM3",0.0996026642921515,0.151653408016512,2.5
75128,"Huber",0.118373488052109,0.145752455149308,2.5
75128,"W1",0.136003903828444,0.15714630368224,2.5
75128,"WPMM3",0.140538527768275,0.161141233708103,2.5
75129,"Huber",0.105394269898762,0.144322484224821,2.5
75129,"W1",0.106810819495751,0.143281302043131,2.5
75129,"WPMM3",0.10536882699802,0.140421689674697,2.5
75130,"Huber",0.119592540576354,0.164228513241533,2.5
75130,"W1",0.111025255172368,0.151677035709787,2.5
75130,"WPMM3",0.118721904021082,0.166235444116283,2.5
75131,"Huber",0.0577846392457873,0.0735190956683751,2.5
75131,"W1",0.0640108788992218,0.0738623994247503,2.5
75131,"WPMM3",0.0807192241001044,0.0968146744196504,2.5
75132,"Huber",0.0593779607951311,0.088436680656137,2.5
75132,"W1",0.0568939049742375,0.08474110132189,2.5
75132,"WPMM3",0.050480130041682,0.0760379190750844,2.5
75133,"Huber",0.0841776643512732,0.088471219958742,2.5
75133,"W1",0.081919869687318,0.0856446297511583,2.5
75133,"WPMM3",0.0960913198009993,0.104703623655865,2.5
75134,"Huber",0.0983675844503072,0.136236833636783,2.5
75134,"W1",0.0947381852755496,0.131317592821841,2.5
75134,"WPMM3",0.0967898140036735,0.139872864464275,2.5
75135,"Huber",0.100873216634612,0.154687574178255,2.5
75135,"W1",0.0979216774841962,0.149077093069334,2.5
75135,"WPMM3",0.095851155699961,0.1450937529928,2.5
75136,"Huber",0.0834319552855997,0.124150962627512,2.5
75136,"W1",0.0717505596445472,0.106588628801205,2.5
75136,"WPMM3",0.0757095383534942,0.109167466998055,2.5
75137,"Huber",0.126862796401824,0.185391942153653,2.5
75137,"W1",0.122997006516344,0.180109479048579,2.5
75137,"WPMM3",0.114277753634453,0.167420186259758,2.5
75138,"Huber",0.117686014134008,0.11591726777023,2.5
75138,"W1",0.109340334984641,0.110124540626281,2.5
75138,"WPMM3",0.0939527161636463,0.0897612922252942,2.5
75139,"Huber",0.147043293732377,0.196623924474926,2.5
75139,"W1",0.142543000624845,0.185623381595214,2.5
75139,"WPMM3",0.127825546961992,0.173583512910869,2.5
75140,"Huber",0.0900610213864042,0.136017852816917,2.5
75140,"W1",0.0732893496973705,0.0868479638990239,2.5
75140,"WPMM3",0.0665806840366531,0.0736483233815471,2.5
75141,"Huber",0.0873276744827936,0.124082877403943,2.5
75141,"W1",0.0916134068958402,0.129252260198762,2.5
75141,"WPMM3",0.0861379918268262,0.118446604044072,2.5
75142,"Huber",0.14550171892575,0.15900531203091,2.5
75142,"W1",0.142660512856239,0.169657627150486,2.5
75142,"WPMM3",0.137972811144716,0.169890445751975,2.5
75143,"Huber",0.0772515138013271,0.0987877692993773,2.5
75143,"W1",0.0644688250441966,0.0831285037702026,2.5
75143,"WPMM3",0.0620795484667983,0.0746525147487214,2.5
75144,"Huber",0.0642830573000049,0.0833533802117187,2.5
75144,"W1",0.0712523394707985,0.0911440868626866,2.5
75144,"WPMM3",0.0668125014508253,0.0858076155635543,2.5
75145,"Huber",0.127517129140023,0.16483099746211,2.5
75145,"W1",0.130892326485067,0.166769805498641,2.5
75145,"WPMM3",0.123358340797045,0.159483189288451,2.5
75146,"Huber",0.114752842963006,0.157529840844444,2.5
75146,"W1",0.121093814294948,0.168120508141146,2.5
75146,"WPMM3",0.120246495564163,0.166893088129652,2.5
75147,"Huber",0.101948567987463,0.11729714746244,2.5
75147,"W1",0.0982415037142858,0.115032435496222,2.5
75147,"WPMM3",0.0763001191303506,0.0718677495760493,2.5
75148,"Huber",0.134993881677871,0.162427486415821,2.5
75148,"W1",0.145307221578649,0.169617440212456,2.5
75148,"WPMM3",0.138347380005911,0.167132557740478,2.5
75149,"Huber",0.120774788287749,0.190753465379778,2.5
75149,"W1",0.117888037394849,0.187442066073221,2.5
75149,"WPMM3",0.114249062122109,0.185413231799233,2.5
75150,"Huber",0.072209661234554,0.100439365060264,2.5
75150,"W1",0.0762685001893487,0.10084861196116,2.5
75150,"WPMM3",0.0744078014795696,0.102989428704664,2.5
75001,"Huber",0.0486227072778995,0.0670395122794297,4
75001,"W1",0.0459348493876059,0.0579467947839529,4
75001,"WPMM3",0.0411914632547764,0.0558973931557199,4
75002,"Huber",0.129668933140143,0.18323777847227,4
75002,"W1",0.121745844665158,0.17329703965518,4
75002,"WPMM3",0.120916226082127,0.177951435567968,4
75003,"Huber",0.12997275655911,0.163195395666218,4
75003,"W1",0.137865893156503,0.167538014472765,4
75003,"WPMM3",0.138601015514748,0.167264928490195,4
75004,"Huber",0.116098368297057,0.123573920232713,4
75004,"W1",0.123325775798835,0.122554398515595,4
75004,"WPMM3",0.127716736230291,0.13223175255983,4
75005,"Huber",0.134633118514593,0.162930866935745,4
75005,"W1",0.150559921634512,0.177411440159228,4
75005,"WPMM3",0.147196853033809,0.175146482355051,4
75006,"Huber",0.0553295445008216,0.0747571964987576,4
75006,"W1",0.0606237004850349,0.0722439361775035,4
75006,"WPMM3",0.0598292511603858,0.0776937183177311,4
75007,"Huber",0.0428294385643838,0.0569107231809569,4
75007,"W1",0.0384677837154602,0.05608987098061,4
75007,"WPMM3",0.0492896840594466,0.0683975027408108,4
75008,"Huber",0.111967391863052,0.14700658619534,4
75008,"W1",0.112403159541062,0.142011656461382,4
75008,"WPMM3",0.106673228916348,0.130961584860812,4
75009,"Huber",0.083141049912725,0.111397326023918,4
75009,"W1",0.0933482698905639,0.112339253361985,4
75009,"WPMM3",0.0712383836518648,0.0940101911112932,4
75010,"Huber",0.0774152052732949,0.0665934583622959,4
75010,"W1",0.0781195369730347,0.077558601830708,4
75010,"WPMM3",0.0718337495428327,0.0592567613400778,4
75011,"Huber",0.136997688942497,0.170463722828779,4
75011,"W1",0.124984131034063,0.152790575257688,4
75011,"WPMM3",0.13870607763597,0.17399728743148,4
75012,"Huber",0.131731638064689,0.201329938586308,4
75012,"W1",0.130526989614601,0.195300483623133,4
75012,"WPMM3",0.138273827218699,0.202023069306646,4
75013,"Huber",0.0515405226707342,0.0728913251531231,4
75013,"W1",0.0554228890332033,0.0789425372568805,4
75013,"WPMM3",0.0598250328738441,0.0841526791148691,4
75014,"Huber",0.133730933367631,0.196205253676996,4
75014,"W1",0.145689856796334,0.212412658542499,4
75014,"WPMM3",0.12679048297051,0.182287660540478,4
75015,"Huber",0.0948211555577085,0.135199369976609,4
75015,"W1",0.0929712146972138,0.130203425551435,4
75015,"WPMM3",0.0958522667273019,0.137609504095305,4
75016,"Huber",0.106713442213343,0.166627820104136,4
75016,"W1",0.128632040947915,0.204027019132268,4
75016,"WPMM3",0.115357602099414,0.181395557443109,4
75017,"Huber",0.0779005561050601,0.108126234909138,4
75017,"W1",0.0883875172642188,0.125361565173042,4
75017,"WPMM3",0.0689277077713686,0.0945979343101211,4
75018,"Huber",0.08195985173608,0.108367006571166,4
75018,"W1",0.0683495487516062,0.0956465277238926,4
75018,"WPMM3",0.0837861046565638,0.0995037092074234,4
75019,"Huber",0.060842185276174,0.0858424369776138,4
75019,"W1",0.0631542390195602,0.0961157252385179,4
75019,"WPMM3",0.0662653388474471,0.0946039638656839,4
75020,"Huber",0.123568913118359,0.152906136422466,4
75020,"W1",0.12490993897108,0.157713978785285,4
75020,"WPMM3",0.119674041799863,0.148713591896941,4
75021,"Huber",0.0909706798683952,0.135481619136593,4
75021,"W1",0.0879036268092813,0.133682255280947,4
75021,"WPMM3",0.0860361282423385,0.127587522438427,4
75022,"Huber",0.106613877020342,0.161281641259639,4
75022,"W1",0.107732894827622,0.157849766483069,4
75022,"WPMM3",0.102938385487062,0.154312297498804,4
75023,"Huber",0.0355121800091581,0.0434366683720664,4
75023,"W1",0.0462572031447689,0.0542292734561463,4
75023,"WPMM3",0.0310372356138452,0.0384477181238999,4
75024,"Huber",0.0604089054911102,0.0807808556965664,4
75024,"W1",0.0735800621453055,0.101237264039873,4
75024,"WPMM3",0.0629877275310036,0.0763686746339291,4
75025,"Huber",0.0452026452231583,0.066614092930885,4
75025,"W1",0.0524515449752734,0.0688769856275651,4
75025,"WPMM3",0.0370416554637014,0.0567942444240522,4
75026,"Huber",0.0969759684580075,0.132870343569539,4
75026,"W1",0.105094562060236,0.150654219066988,4
75026,"WPMM3",0.095709562980576,0.131223757156907,4
75027,"Huber",0.0451814825585207,0.0509668566759095,4
75027,"W1",0.0416625794602419,0.0551694975150799,4
75027,"WPMM3",0.0392540266115,0.0462608379601557,4
75028,"Huber",0.145700183473085,0.187588908628312,4
75028,"W1",0.186440442929249,0.248703903939572,4
75028,"WPMM3",0.174638379332809,0.230616322507568,4
75029,"Huber",0.107223766124429,0.131968354396304,4
75029,"W1",0.128466008793164,0.157933572632439,4
75029,"WPMM3",0.120419986134199,0.148079865757492,4
75030,"Huber",0.103984308297175,0.154629668643555,4
75030,"W1",0.10965704560648,0.159183974534964,4
75030,"WPMM3",0.107927942862712,0.15870356365381,4
75031,"Huber",0.143135177171193,0.246522047972206,4
75031,"W1",0.160261099910174,0.275431598322275,4
75031,"WPMM3",0.152535940757291,0.26204504800418,4
75032,"Huber",0.0951115014259374,0.0909835200948228,4
75032,"W1",0.092500636774763,0.0981522654934356,4
75032,"WPMM3",0.0926028324147149,0.088738403095839,4
75033,"Huber",0.131783589023896,0.202067207797109,4
75033,"W1",0.129522634482642,0.19619655681627,4
75033,"WPMM3",0.124864757041884,0.190321870299702,4
75034,"Huber",0.0686797858234917,0.0974565170392667,4
75034,"W1",0.0711512049328084,0.0998074025045785,4
75034,"WPMM3",0.0770881041182304,0.109891565131362,4
75035,"Huber",0.135824871856976,0.196409348040343,4
75035,"W1",0.135144499936595,0.190892359458118,4
75035,"WPMM3",0.136952806725749,0.196793234488068,4
75036,"Huber",0.0718311456316442,0.109295995204888,4
75036,"W1",0.0853270082630966,0.132199983770052,4
75036,"WPMM3",0.0841771226678856,0.128129418924865,4
75037,"Huber",0.114735957054507,0.15827048248812,4
75037,"W1",0.11648279102586,0.163934752549539,4
75037,"WPMM3",0.114709788302714,0.156764358174487,4
75038,"Huber",0.0606833711179999,0.0772068946515403,4
75038,"W1",0.0597467216018705,0.084102681494293,4
75038,"WPMM3",0.0567431952349087,0.0701866690463088,4
75039,"Huber",0.0410332357009924,0.0589480440489634,4
75039,"W1",0.0603040342575124,0.0764146781549737,4
75039,"WPMM3",0.0347436377724408,0.0462748469965924,4
75040,"Huber",0.105805203926315,0.154020465898632,4
75040,"W1",0.120099605817539,0.173057978911073,4
75040,"WPMM3",0.123962394184171,0.177403742609744,4
75041,"Huber",0.0944862881423999,0.118885730898555,4
75041,"W1",0.108383853050984,0.136029415271331,4
75041,"WPMM3",0.096748764381376,0.114946023497223,4
75042,"Huber",0.152690827862626,0.189423539415227,4
75042,"W1",0.163277795480787,0.204886052725209,4
75042,"WPMM3",0.14708525958046,0.186298541095884,4
75043,"Huber",0.0980244326111476,0.146940904580731,4
75043,"W1",0.0888898330043742,0.133837861518801,4
75043,"WPMM3",0.103607843681693,0.141244662448321,4
75044,"Huber",0.0804476087809666,0.120189526378523,4
75044,"W1",0.0762891361247626,0.11579931240248,4
75044,"WPMM3",0.0760668778913054,0.11292273803905,4
75045,"Huber",0.0718636201543065,0.0819028759237639,4
75045,"W1",0.0685022921400195,0.077609482179996,4
75045,"WPMM3",0.0708282579507171,0.0748367204319157,4
75046,"Huber",0.0784193573469713,0.0984639818896428,4
75046,"W1",0.0768778544310382,0.111703866545361,4
75046,"WPMM3",0.0763093536177435,0.0966188820073617,4
75047,"Huber",0.0983070176736188,0.164126407589616,4
75047,"W1",0.0927800107410762,0.148975148049223,4
75047,"WPMM3",0.104409085941081,0.176554278473845,4
75048,"Huber",0.104206095290573,0.129983809561071,4
75048,"W1",0.0990275546380167,0.126442442114963,4
75048,"WPMM3",0.107628198216638,0.135378266401619,4
75049,"Huber",0.0688673533905702,0.0671796414562608,4
75049,"W1",0.0699146519545805,0.0729656365700714,4
75049,"WPMM3",0.0759808377262148,0.0782308847221063,4
75050,"Huber",0.0494070316473455,0.0724923205338244,4
75050,"W1",0.0634915569464901,0.0972833546745626,4
75050,"WPMM3",0.0480421686771548,0.0697816968321715,4
75051,"Huber",0.101535611649023,0.137724021873206,4
75051,"W1",0.101899561845674,0.144484951119395,4
75051,"WPMM3",0.111300899219642,0.153891645712404,4
75052,"Huber",0.075776017108279,0.100587254031466,4
75052,"W1",0.0916751274571058,0.128631415612595,4
75052,"WPMM3",0.0719578744373286,0.0777591754614283,4
75053,"Huber",0.0854053938319269,0.14096398678276,4
75053,"W1",0.0970107554019188,0.148462599128411,4
75053,"WPMM3",0.0851868012771951,0.138332066913258,4
75054,"Huber",0.0916414588564862,0.138740028116055,4
75054,"W1",0.120853949937199,0.179549011216886,4
75054,"WPMM3",0.111064778405764,0.166741842896836,4
75055,"Huber",0.115115599438411,0.15056471909326,4
75055,"W1",0.114886800751845,0.152895680161356,4
75055,"WPMM3",0.0925567920653732,0.115016774092199,4
75056,"Huber",0.08616380652401,0.123095915096066,4
75056,"W1",0.0932810869035046,0.132494247409722,4
75056,"WPMM3",0.0845085083512821,0.121590535037087,4
75057,"Huber",0.117554858185258,0.13407315208918,4
75057,"W1",0.103523449048805,0.117253322520434,4
75057,"WPMM3",0.110268391948292,0.129964876464592,4
75058,"Huber",0.0999302361575913,0.125351982789093,4
75058,"W1",0.0854692575258324,0.100965110337481,4
75058,"WPMM3",0.0970096577272926,0.116301094507121,4
75059,"Huber",0.0548167370678716,0.069695681175398,4
75059,"W1",0.0532859305871133,0.0672810874791388,4
75059,"WPMM3",0.0499387401791549,0.0619449392030321,4
75060,"Huber",0.0987479543376124,0.0985987546842064,4
75060,"W1",0.0957349351120008,0.104395309625954,4
75060,"WPMM3",0.100648514328005,0.100902794759243,4
75061,"Huber",0.0879985712906298,0.093167289661103,4
75061,"W1",0.091392116474111,0.105079717105992,4
75061,"WPMM3",0.0964109726188655,0.095151925786451,4
75062,"Huber",0.0584603427643321,0.0809842489639915,4
75062,"W1",0.0753071810668576,0.101634207886522,4
75062,"WPMM3",0.0664588072731081,0.0905782690331742,4
75063,"Huber",0.0835274851210339,0.109575797209227,4
75063,"W1",0.100183976858874,0.13348446106949,4
75063,"WPMM3",0.084814339577728,0.11285017472476,4
75064,"Huber",0.0340161010395375,0.0447409657004801,4
75064,"W1",0.0419158479167745,0.0498771273420768,4
75064,"WPMM3",0.0396943722477495,0.0561741775362994,4
75065,"Huber",0.0403416274941743,0.0519056303172616,4
75065,"W1",0.0278698263390226,0.0392823516694267,4
75065,"WPMM3",0.0395495083987113,0.0507070419597636,4
75066,"Huber",0.094527335159079,0.12181363376135,4
75066,"W1",0.104424223765165,0.124901681173349,4
75066,"WPMM3",0.0908653341654545,0.119527275454674,4
75067,"Huber",0.125224952619674,0.168097670524053,4
75067,"W1",0.122915989506964,0.163720102038013,4
75067,"WPMM3",0.121269536582005,0.160063575790682,4
75068,"Huber",0.0564680984130688,0.0718912093733954,4
75068,"W1",0.0877584334981758,0.119884244095352,4
75068,"WPMM3",0.0795496222706812,0.103676853885969,4
75069,"Huber",0.0954931855945707,0.153497937868914,4
75069,"W1",0.0967797648816501,0.154903081215679,4
75069,"WPMM3",0.103007570868703,0.167646134424267,4
75070,"Huber",0.088805157073468,0.132466355260509,4
75070,"W1",0.089762054273327,0.127733905406275,4
75070,"WPMM3",0.08715165643147,0.124760342606342,4
75071,"Huber",0.133237770091254,0.168042717382798,4
75071,"W1",0.140532603763666,0.177461322257531,4
75071,"WPMM3",0.121525182967346,0.159504195033832,4
75072,"Huber",0.0553892456492543,0.0691969009956632,4
75072,"W1",0.0637733363526227,0.0780887213002989,4
75072,"WPMM3",0.0486596471345692,0.0670571326312812,4
75073,"Huber",0.0699676194307344,0.093284416913098,4
75073,"W1",0.0873354134558224,0.112780212918641,4
75073,"WPMM3",0.0699771463553328,0.091087152780016,4
75074,"Huber",0.100382014241025,0.149523999749182,4
75074,"W1",0.121882845546386,0.18199226172885,4
75074,"WPMM3",0.110035210791824,0.162042949666098,4
75075,"Huber",0.099147007382297,0.155812207728594,4
75075,"W1",0.104511180707382,0.159225604262232,4
75075,"WPMM3",0.108917541282598,0.168843157447137,4
75076,"Huber",0.104810128854169,0.139837839109582,4
75076,"W1",0.106097236428865,0.14093627272367,4
75076,"WPMM3",0.0965704803706131,0.124073288626275,4
75077,"Huber",0.080378575798017,0.110721763564105,4
75077,"W1",0.0843420803268837,0.119286104249214,4
75077,"WPMM3",0.0760419032011131,0.105408923118696,4
75078,"Huber",0.0851554009273142,0.128429464387844,4
75078,"W1",0.0916496928142032,0.143673264059973,4
75078,"WPMM3",0.0741387982379402,0.108188376448209,4
75079,"Huber",0.0692936113289202,0.0857222774216899,4
75079,"W1",0.0794214570631573,0.100601486774872,4
75079,"WPMM3",0.0656195739850582,0.0779721876117625,4
75080,"Huber",0.0928691214565995,0.123618911474105,4
75080,"W1",0.103915930628265,0.138670245735494,4
75080,"WPMM3",0.0956774950056734,0.126860648394481,4
75081,"Huber",0.0822764037898629,0.0949023468822551,4
75081,"W1",0.082464413318352,0.103621329234257,4
75081,"WPMM3",0.0741727207327896,0.0807914945138697,4
75082,"Huber",0.11951866923283,0.181287825110266,4
75082,"W1",0.125445722574852,0.183703689268234,4
75082,"WPMM3",0.120423041819141,0.179408834647076,4
75083,"Huber",0.102960231952208,0.149809518222701,4
75083,"W1",0.115701964249547,0.162300391458554,4
75083,"WPMM3",0.115153351173043,0.17292352538392,4
75084,"Huber",0.0752385496278771,0.105483490775949,4
75084,"W1",0.0792608484251454,0.10677673432313,4
75084,"WPMM3",0.0813224344652008,0.11471586921082,4
75085,"Huber",0.0590233254244462,0.0772682847644216,4
75085,"W1",0.0806196266960576,0.103673719825539,4
75085,"WPMM3",0.0662662163605475,0.0881365223982114,4
75086,"Huber",0.123193797570753,0.15470704117384,4
75086,"W1",0.127721888233789,0.165967616217174,4
75086,"WPMM3",0.118260758673539,0.148905504115441,4
75087,"Huber",0.136909206205541,0.204426504775294,4
75087,"W1",0.140543651006426,0.213246975057744,4
75087,"WPMM3",0.137650850098671,0.198531776594098,4
75088,"Huber",0.13360395429526,0.17853450632635,4
75088,"W1",0.138036550938634,0.182880256286329,4
75088,"WPMM3",0.132410835265074,0.174987365943687,4
75089,"Huber",0.0949923793583,0.136508832699064,4
75089,"W1",0.0890626036876728,0.126922675686359,4
75089,"WPMM3",0.0874017768731743,0.123735783337839,4
75090,"Huber",0.114856049592921,0.183584370314073,4
75090,"W1",0.120562720930644,0.193810770749425,4
75090,"WPMM3",0.118725990482422,0.18466641937748,4
75091,"Huber",0.102232837618005,0.156978001407864,4
75091,"W1",0.106181061006895,0.161983829218254,4
75091,"WPMM3",0.0977232327192053,0.151405513141095,4
75092,"Huber",0.0676550134693906,0.100247049652949,4
75092,"W1",0.072789337721948,0.110051819420258,4
75092,"WPMM3",0.0696982354972458,0.104596674327093,4
75093,"Huber",0.0560960060081935,0.0734971567201451,4
75093,"W1",0.0744883315615229,0.0962364571663551,4
75093,"WPMM3",0.0469423317263796,0.0629673740291631,4
75094,"Huber",0.087286690755753,0.116819296689175,4
75094,"W1",0.0915679850111936,0.130072982161228,4
75094,"WPMM3",0.0912321436737234,0.127865930763008,4
75095,"Huber",0.129271450908065,0.203582390554339,4
75095,"W1",0.137848814119906,0.218399325458047,4
75095,"WPMM3",0.132815043385621,0.205083144169437,4
75096,"Huber",0.0769413030464478,0.126954827899117,4
75096,"W1",0.0643456357307801,0.110928120787833,4
75096,"WPMM3",0.0665053732193598,0.116278421534795,4
75097,"Huber",0.0788208850741883,0.0894594448531554,4
75097,"W1",0.0901417529246581,0.098944699481381,4
75097,"WPMM3",0.0861209826861493,0.0993349791868736,4
75098,"Huber",0.0564862444107785,0.0800806287115133,4
75098,"W1",0.0389131464794254,0.0556450482068581,4
75098,"WPMM3",0.0445229816869414,0.0633613640447358,4
75099,"Huber",0.124437075702031,0.183742650603676,4
75099,"W1",0.112702577288536,0.168571026540118,4
75099,"WPMM3",0.117186036392217,0.173337917806671,4
75100,"Huber",0.0948261112667742,0.149987552578209,4
75100,"W1",0.0884603362417696,0.141938081875582,4
75100,"WPMM3",0.0733556493323167,0.110865358246515,4
75101,"Huber",0.147526080749568,0.238089886522672,4
75101,"W1",0.159687745611981,0.251210801075996,4
75101,"WPMM3",0.149796395000185,0.23696137854873,4
75102,"Huber",0.0580050351410836,0.0753747484497405,4
75102,"W1",0.0692620155709623,0.0960797710653863,4
75102,"WPMM3",0.0589700330016382,0.0811780909594022,4
75103,"Huber",0.128572648400579,0.199594035725934,4
75103,"W1",0.13646438889214,0.212824834736446,4
75103,"WPMM3",0.0965560773413777,0.149919519481461,4
75104,"Huber",0.0942674890810025,0.141504010537412,4
75104,"W1",0.0906511074981647,0.14297079794397,4
75104,"WPMM3",0.0910508830593874,0.142628542071064,4
75105,"Huber",0.0769920381261153,0.0920601040496817,4
75105,"W1",0.0902224345884211,0.116079805789604,4
75105,"WPMM3",0.087318257573503,0.111545803051671,4
75106,"Huber",0.04687841327957,0.0642195650993138,4
75106,"W1",0.0473577755879505,0.0643081761673975,4
75106,"WPMM3",0.0436065971382604,0.0567740043011622,4
75107,"Huber",0.0796281355179353,0.115151604930587,4
75107,"W1",0.0830224780164922,0.121284649186095,4
75107,"WPMM3",0.0757378680445684,0.112324184154328,4
75108,"Huber",0.116354733293484,0.157694940611841,4
75108,"W1",0.121500212116104,0.17001907766087,4
75108,"WPMM3",0.124941650347843,0.171480875837435,4
75109,"Huber",0.0946190697883926,0.110141585295149,4
75109,"W1",0.107684231348848,0.133324186083954,4
75109,"WPMM3",0.0888710024859285,0.103000581408577,4
75110,"Huber",0.112144453939706,0.158523652999804,4
75110,"W1",0.126041938997406,0.180049163147048,4
75110,"WPMM3",0.128226969428875,0.181433284964742,4
75111,"Huber",0.0568611002845754,0.0708016289219738,4
75111,"W1",0.0690764834762025,0.0947380914820356,4
75111,"WPMM3",0.059147090624111,0.0726685811160729,4
75112,"Huber",0.119658036062277,0.139015359946534,4
75112,"W1",0.115304090337191,0.130121228755363,4
75112,"WPMM3",0.111580039347513,0.125322744846083,4
75113,"Huber",0.143357489096024,0.194100489520623,4
75113,"W1",0.135883970851445,0.185556203560555,4
75113,"WPMM3",0.133912088071444,0.183333795470635,4
75114,"Huber",0.100848812605318,0.108038881346663,4
75114,"W1",0.105292128777676,0.114921363405024,4
75114,"WPMM3",0.101105961269009,0.108823778676984,4
75115,"Huber",0.181814132175272,0.245755623681377,4
75115,"W1",0.188467262664362,0.267415835887264,4
75115,"WPMM3",0.164234850191697,0.209138282467179,4
75116,"Huber",0.0627203668152395,0.08044086576524,4
75116,"W1",0.0682276275059406,0.0925468741953065,4
75116,"WPMM3",0.071790733646329,0.093303432500094,4
75117,"Huber",0.0924751800761474,0.127754005087139,4
75117,"W1",0.103530495535091,0.140183379893019,4
75117,"WPMM3",0.097970267333487,0.136626407051071,4
75118,"Huber",0.0820119224480127,0.108654240883083,4
75118,"W1",0.0778569627031332,0.0956540766263688,4
75118,"WPMM3",0.0760251488910498,0.0978063694837108,4
75119,"Huber",0.159659008011407,0.225031851522497,4
75119,"W1",0.160495458853325,0.234520063989371,4
75119,"WPMM3",0.163978046561355,0.237624998331016,4
75120,"Huber",0.0899133420372836,0.119596380937452,4
75120,"W1",0.0897315311759367,0.115917356656834,4
75120,"WPMM3",0.0969528257125541,0.119969312815527,4
75121,"Huber",0.102504834022227,0.14333243725962,4
75121,"W1",0.105489038592118,0.145867078145464,4
75121,"WPMM3",0.103460698223564,0.143164819164849,4
75122,"Huber",0.027528397416603,0.0278113656935038,4
75122,"W1",0.0478064080709417,0.0440597848945198,4
75122,"WPMM3",0.0360182360719904,0.035614498221286,4
75123,"Huber",0.0560093160394475,0.076335169143823,4
75123,"W1",0.0560900140353083,0.0812993216884939,4
75123,"WPMM3",0.0618290984552142,0.080422559452329,4
75124,"Huber",0.0729335164421882,0.0852939992842698,4
75124,"W1",0.075494090447212,0.096439110777195,4
75124,"WPMM3",0.0699679018046689,0.0871248381366538,4
75125,"Huber",0.110120997824894,0.126561144821759,4
75125,"W1",0.108922870768639,0.132713695855273,4
75125,"WPMM3",0.101696413067718,0.123239150439263,4
75126,"Huber",0.0636462546040794,0.0815319312279656,4
75126,"W1",0.0677458777041347,0.0883525284473381,4
75126,"WPMM3",0.060622223440102,0.0800488422185996,4
75127,"Huber",0.0926864363192282,0.136613977459324,4
75127,"W1",0.0875330265421376,0.125403502107587,4
75127,"WPMM3",0.0962712738560367,0.145696730181291,4
75128,"Huber",0.118373488052109,0.145752455149308,4
75128,"W1",0.126351735198743,0.149978339972198,4
75128,"WPMM3",0.132016213527273,0.153862536559852,4
75129,"Huber",0.105394269898762,0.144322484224821,4
75129,"W1",0.112976580288366,0.155950763762308,4
75129,"WPMM3",0.107953563803942,0.145397937430241,4
75130,"Huber",0.119592540576354,0.164228513241533,4
75130,"W1",0.108517766989579,0.142886510331248,4
75130,"WPMM3",0.109305419598384,0.145301032076579,4
75131,"Huber",0.0577846392457873,0.0735190956683751,4
75131,"W1",0.0350870582772014,0.0448800785914128,4
75131,"WPMM3",0.064459509678284,0.0752409865909273,4
75132,"Huber",0.0593779607951311,0.088436680656137,4
75132,"W1",0.0713463592063755,0.105144209577704,4
75132,"WPMM3",0.0564698877010157,0.0838395279273273,4
75133,"Huber",0.0841776643512732,0.088471219958742,4
75133,"W1",0.0644097533308326,0.0661573013363232,4
75133,"WPMM3",0.0669143641971858,0.0678593109897593,4
75134,"Huber",0.0983675844503072,0.136236833636783,4
75134,"W1",0.100679133158651,0.130445347410048,4
75134,"WPMM3",0.0981550980627486,0.135823417942787,4
75135,"Huber",0.100873216634612,0.154687574178255,4
75135,"W1",0.096509640565729,0.147951568657325,4
75135,"WPMM3",0.0965255007406298,0.148100110308067,4
75136,"Huber",0.0834319552855997,0.124150962627512,4
75136,"W1",0.0927401734080822,0.136702147260556,4
75136,"WPMM3",0.0731459616585397,0.109178453049361,4
75137,"Huber",0.126862796401824,0.185391942153653,4
75137,"W1",0.135468750987643,0.198418431309816,4
75137,"WPMM3",0.120774853235602,0.176452226937562,4
75138,"Huber",0.117686014134008,0.11591726777023,4
75138,"W1",0.12372512989829,0.130473566500482,4
75138,"WPMM3",0.121626068637143,0.126777953983289,4
75139,"Huber",0.147043293732377,0.196623924474926,4
75139,"W1",0.168128394002521,0.2130707282516,4
75139,"WPMM3",0.135590135597842,0.178700082506231,4
75140,"Huber",0.0900610213864042,0.136017852816917,4
75140,"W1",0.129674207088521,0.199798570742455,4
75140,"WPMM3",0.0783391677575741,0.0894960136227692,4
75141,"Huber",0.0873276744827936,0.124082877403943,4
75141,"W1",0.101690280556814,0.148867922570581,4
75141,"WPMM3",0.0960851548814848,0.13542083969462,4
75142,"Huber",0.14550171892575,0.15900531203091,4
75142,"W1",0.158416847118281,0.175070390916054,4
75142,"WPMM3",0.15132680751672,0.171112611362188,4
75143,"Huber",0.0772515138013271,0.0987877692993773,4
75143,"W1",0.0733659166755107,0.10274235182969,4
75143,"WPMM3",0.065323919239185,0.0877845751299667,4
75144,"Huber",0.0642830573000049,0.0833533802117187,4
75144,"W1",0.0810846174417858,0.103179870330175,4
75144,"WPMM3",0.0748431057287693,0.095142326509457,4
75145,"Huber",0.127517129140023,0.16483099746211,4
75145,"W1",0.141616644094868,0.17717451290941,4
75145,"WPMM3",0.14087306551272,0.178604382531173,4
75146,"Huber",0.114752842963006,0.157529840844444,4
75146,"W1",0.119384712158889,0.165456754851191,4
75146,"WPMM3",0.12202462609374,0.169747854756583,4
75147,"Huber",0.101948567987463,0.11729714746244,4
75147,"W1",0.127016998285806,0.164236517746941,4
75147,"WPMM3",0.0798651543199177,0.0858590521938027,4
75148,"Huber",0.134993881677871,0.162427486415821,4
75148,"W1",0.14492516672216,0.172836484013594,4
75148,"WPMM3",0.143264668476663,0.168974765673439,4
75149,"Huber",0.120774788287749,0.190753465379778,4
75149,"W1",0.126042046273822,0.191232306418971,4
75149,"WPMM3",0.115820644616981,0.186289212967127,4
75150,"Huber",0.072209661234554,0.100439365060264,4
75150,"W1",0.0878528471803095,0.116585670148941,4
75150,"WPMM3",0.0783534826301184,0.103456986131278,4
75001,"Huber",0.0486227072778995,0.0670395122794297,6
75001,"W1",0.0607770515474339,0.0714465211176833,6
75001,"WPMM3",0.0453149926050376,0.0515469886495474,6
75002,"Huber",0.129668933140143,0.18323777847227,6
75002,"W1",0.128082822033006,0.173800795064425,6
75002,"WPMM3",0.120910593720268,0.174599938633455,6
75003,"Huber",0.12997275655911,0.163195395666218,6
75003,"W1",0.134457884689127,0.171116092164179,6
75003,"WPMM3",0.140328871278248,0.169714625548026,6
75004,"Huber",0.116098368297057,0.123573920232713,6
75004,"W1",0.115391338638778,0.111888550133047,6
75004,"WPMM3",0.129673809734166,0.130555249013655,6
75005,"Huber",0.134633118514593,0.162930866935745,6
75005,"W1",0.153217967785857,0.18095632704285,6
75005,"WPMM3",0.152007705747393,0.178072330099618,6
75006,"Huber",0.0553295445008216,0.0747571964987576,6
75006,"W1",0.055275459681238,0.0591037403289365,6
75006,"WPMM3",0.0651248973857092,0.0785364968912857,6
75007,"Huber",0.0428294385643838,0.0569107231809569,6
75007,"W1",0.0368504546561918,0.0551302870398423,6
75007,"WPMM3",0.0474017284518019,0.0669672898027743,6
75008,"Huber",0.111967391863052,0.14700658619534,6
75008,"W1",0.123173514979922,0.163841168556929,6
75008,"WPMM3",0.118518454355841,0.145313857877192,6
75009,"Huber",0.083141049912725,0.111397326023918,6
75009,"W1",0.113050250318291,0.13076280589217,6
75009,"WPMM3",0.0744050766364044,0.0945322797164319,6
75010,"Huber",0.0774152052732949,0.0665934583622959,6
75010,"W1",0.0928003830591317,0.0996587613640557,6
75010,"WPMM3",0.0758124007647537,0.0703869786953168,6
75011,"Huber",0.136997688942497,0.170463722828779,6
75011,"W1",0.116353762042456,0.140457686056918,6
75011,"WPMM3",0.132146086585514,0.163952554394434,6
75012,"Huber",0.131731638064689,0.201329938586308,6
75012,"W1",0.12680709989116,0.193143334572704,6
75012,"WPMM3",0.137217984545952,0.200396964483555,6
75013,"Huber",0.0515405226707342,0.0728913251531231,6
75013,"W1",0.0582712594914887,0.0786765821658172,6
75013,"WPMM3",0.0575932358596515,0.081963010127443,6
75014,"Huber",0.133730933367631,0.196205253676996,6
75014,"W1",0.156702127422976,0.230787395553696,6
75014,"WPMM3",0.127079988405257,0.181794311994786,6
75015,"Huber",0.0948211555577085,0.135199369976609,6
75015,"W1",0.0909279760980564,0.121577975509149,6
75015,"WPMM3",0.0940160077199956,0.132880546792651,6
75016,"Huber",0.106713442213343,0.166627820104136,6
75016,"W1",0.144956247860358,0.229502301161576,6
75016,"WPMM3",0.131438460161232,0.209170700559582,6
75017,"Huber",0.0779005561050601,0.108126234909138,6
75017,"W1",0.0981377233105398,0.142799881635295,6
75017,"WPMM3",0.0702168976395706,0.0966279274298073,6
75018,"Huber",0.08195985173608,0.108367006571166,6
75018,"W1",0.0684019005390833,0.103555081700714,6
75018,"WPMM3",0.0652277289519804,0.0968824605261146,6
75019,"Huber",0.060842185276174,0.0858424369776138,6
75019,"W1",0.0638705775547507,0.10025501973704,6
75019,"WPMM3",0.0637755638701906,0.0991889418843433,6
75020,"Huber",0.123568913118359,0.152906136422466,6
75020,"W1",0.13727073903778,0.17672671689572,6
75020,"WPMM3",0.12440320509688,0.157141853464468,6
75021,"Huber",0.0909706798683952,0.135481619136593,6
75021,"W1",0.0918190664645506,0.143395099932972,6
75021,"WPMM3",0.08670334198514,0.13074772008891,6
75022,"Huber",0.106613877020342,0.161281641259639,6
75022,"W1",0.114901761564834,0.165041885508903,6
75022,"WPMM3",0.103387959228309,0.153038097342326,6
75023,"Huber",0.0355121800091581,0.0434366683720664,6
75023,"W1",0.0710778978431453,0.0818498032617518,6
75023,"WPMM3",0.0355444420402543,0.0432146685983694,6
75024,"Huber",0.0604089054911102,0.0807808556965664,6
75024,"W1",0.0795836005271975,0.116088498353746,6
75024,"WPMM3",0.073186303928442,0.0966667035726897,6
75025,"Huber",0.0452026452231583,0.066614092930885,6
75025,"W1",0.0687614585143815,0.0887474259147905,6
75025,"WPMM3",0.0394540565704821,0.0570752021588263,6
75026,"Huber",0.0969759684580075,0.132870343569539,6
75026,"W1",0.111357951553523,0.162839494286421,6
75026,"WPMM3",0.0964805260305208,0.132864110738589,6
75027,"Huber",0.0451814825585207,0.0509668566759095,6
75027,"W1",0.0481812618050345,0.0669760120894323,6
75027,"WPMM3",0.039285636723871,0.0483507911459354,6
75028,"Huber",0.145700183473085,0.187588908628312,6
75028,"W1",0.19188500614349,0.257400220150933,6
75028,"WPMM3",0.191801487281783,0.256220356715631,6
75029,"Huber",0.107223766124429,0.131968354396304,6
75029,"W1",0.135313365091998,0.167697130967936,6
75029,"WPMM3",0.126454096649979,0.155462017793898,6
75030,"Huber",0.103984308297175,0.154629668643555,6
75030,"W1",0.112021448068006,0.161590131596937,6
75030,"WPMM3",0.108087576124764,0.159866015654875,6
75031,"Huber",0.143135177171193,0.246522047972206,6
75031,"W1",0.161955113854089,0.278276599172169,6
75031,"WPMM3",0.156346748344712,0.26856051776122,6
75032,"Huber",0.0951115014259374,0.0909835200948228,6
75032,"W1",0.0946473850277788,0.105553538434048,6
75032,"WPMM3",0.0911916452415565,0.0898957527847883,6
75033,"Huber",0.131783589023896,0.202067207797109,6
75033,"W1",0.137812694487801,0.208123669386286,6
75033,"WPMM3",0.13330728641818,0.200861588333902,6
75034,"Huber",0.0686797858234917,0.0974565170392667,6
75034,"W1",0.0648130857109375,0.0876298082731052,6
75034,"WPMM3",0.0711747563374178,0.0997489465687357,6
75035,"Huber",0.135824871856976,0.196409348040343,6
75035,"W1",0.138062503833332,0.191893117266427,6
75035,"WPMM3",0.134506841224465,0.190988681795404,6
75036,"Huber",0.0718311456316442,0.109295995204888,6
75036,"W1",0.0883141551262432,0.137454691313942,6
75036,"WPMM3",0.0828194547883752,0.127759059368551,6
75037,"Huber",0.114735957054507,0.15827048248812,6
75037,"W1",0.11733720701523,0.16647080447701,6
75037,"WPMM3",0.11510340087299,0.157902610210762,6
75038,"Huber",0.0606833711179999,0.0772068946515403,6
75038,"W1",0.0646829200594959,0.0937165725087732,6
75038,"WPMM3",0.0560261905345369,0.0701247679651146,6
75039,"Huber",0.0410332357009924,0.0589480440489634,6
75039,"W1",0.0838498176809756,0.105871085994516,6
75039,"WPMM3",0.0459872958972706,0.0594616165062597,6
75040,"Huber",0.105805203926315,0.154020465898632,6
75040,"W1",0.112505697690846,0.161221131573832,6
75040,"WPMM3",0.120364652686116,0.173393972585227,6
75041,"Huber",0.0944862881423999,0.118885730898555,6
75041,"W1",0.124143621069538,0.160632690456326,6
75041,"WPMM3",0.103523643340485,0.122322830367456,6
75042,"Huber",0.152690827862626,0.189423539415227,6
75042,"W1",0.19417668287093,0.24079471606666,6
75042,"WPMM3",0.153314200256071,0.194392259498941,6
75043,"Huber",0.0980244326111476,0.146940904580731,6
75043,"W1",0.112207687235066,0.169283935385684,6
75043,"WPMM3",0.0935540771731824,0.140767053045395,6
75044,"Huber",0.0804476087809666,0.120189526378523,6
75044,"W1",0.0813522454684038,0.12713636313804,6
75044,"WPMM3",0.0755546619446863,0.113282913271808,6
75045,"Huber",0.0718636201543065,0.0819028759237639,6
75045,"W1",0.0651094052208567,0.0848465389281456,6
75045,"WPMM3",0.0713861215438116,0.0792207865889246,6
75046,"Huber",0.0784193573469713,0.0984639818896428,6
75046,"W1",0.0866572108751807,0.130802519936605,6
75046,"WPMM3",0.0765581971508059,0.10195796191654,6
75047,"Huber",0.0983070176736188,0.164126407589616,6
75047,"W1",0.0871254896692584,0.133133883249837,6
75047,"WPMM3",0.101307808888969,0.168690666609251,6
75048,"Huber",0.104206095290573,0.129983809561071,6
75048,"W1",0.0957797799418581,0.126556643597622,6
75048,"WPMM3",0.0952610701224158,0.122361150902805,6
75049,"Huber",0.0688673533905702,0.0671796414562608,6
75049,"W1",0.0809197209693496,0.0885167304768506,6
75049,"WPMM3",0.074648535942628,0.0751439579385769,6
75050,"Huber",0.0494070316473455,0.0724923205338244,6
75050,"W1",0.0858538052868509,0.131899061137387,6
75050,"WPMM3",0.0606475186282937,0.0911012335199867,6
75051,"Huber",0.101535611649023,0.137724021873206,6
75051,"W1",0.0942905228310655,0.135202643109463,6
75051,"WPMM3",0.105566166764407,0.148450075984585,6
75052,"Huber",0.075776017108279,0.100587254031466,6
75052,"W1",0.108135749715472,0.154138839567961,6
75052,"WPMM3",0.0752375419623256,0.081414336180754,6
75053,"Huber",0.0854053938319269,0.14096398678276,6
75053,"W1",0.104815897954605,0.15522053857035,6
75053,"WPMM3",0.0891052139842739,0.13826875623911,6
75054,"Huber",0.0916414588564862,0.138740028116055,6
75054,"W1",0.12096931948349,0.178960099435813,6
75054,"WPMM3",0.123448240245756,0.183089549743261,6
75055,"Huber",0.115115599438411,0.15056471909326,6
75055,"W1",0.13129506398041,0.182159225420678,6
75055,"WPMM3",0.0900613094790012,0.11377183548874,6
75056,"Huber",0.08616380652401,0.123095915096066,6
75056,"W1",0.0964284293091852,0.135273947920652,6
75056,"WPMM3",0.0878099807192849,0.125545481617988,6
75057,"Huber",0.117554858185258,0.13407315208918,6
75057,"W1",0.107869056223115,0.125315977405656,6
75057,"WPMM3",0.104688648682502,0.119597819787684,6
75058,"Huber",0.0999302361575913,0.125351982789093,6
75058,"W1",0.079752079166338,0.0930322025611796,6
75058,"WPMM3",0.092862787519542,0.110097599370678,6
75059,"Huber",0.0548167370678716,0.069695681175398,6
75059,"W1",0.0600055995647596,0.0745018294334854,6
75059,"WPMM3",0.0559392296535877,0.0707359967272736,6
75060,"Huber",0.0987479543376124,0.0985987546842064,6
75060,"W1",0.093270833854387,0.10549932658706,6
75060,"WPMM3",0.0992204158569224,0.101519976429481,6
75061,"Huber",0.0879985712906298,0.093167289661103,6
75061,"W1",0.0914399039522403,0.115977333991051,6
75061,"WPMM3",0.0932669779984341,0.0940679072671211,6
75062,"Huber",0.0584603427643321,0.0809842489639915,6
75062,"W1",0.0793996640878768,0.107131712100119,6
75062,"WPMM3",0.0695924788633829,0.0940494778149732,6
75063,"Huber",0.0835274851210339,0.109575797209227,6
75063,"W1",0.106787593597337,0.143428109292142,6
75063,"WPMM3",0.0915443625542293,0.122255900536403,6
75064,"Huber",0.0340161010395375,0.0447409657004801,6
75064,"W1",0.0458945409989248,0.0474716563514682,6
75064,"WPMM3",0.0421414350961092,0.0570398262490028,6
75065,"Huber",0.0403416274941743,0.0519056303172616,6
75065,"W1",0.0295589907788487,0.0456672130813514,6
75065,"WPMM3",0.0358706386031083,0.0468340366853198,6
75066,"Huber",0.094527335159079,0.12181363376135,6
75066,"W1",0.112023363934326,0.131442593675531,6
75066,"WPMM3",0.0930831282297704,0.118528284516727,6
75067,"Huber",0.125224952619674,0.168097670524053,6
75067,"W1",0.132296498039525,0.174219872731164,6
75067,"WPMM3",0.125925384208152,0.166944979076939,6
75068,"Huber",0.0564680984130688,0.0718912093733954,6
75068,"W1",0.0857867650628138,0.120422207933583,6
75068,"WPMM3",0.0918045145572272,0.128238470880158,6
75069,"Huber",0.0954931855945707,0.153497937868914,6
75069,"W1",0.0929429014182726,0.146404421582017,6
75069,"WPMM3",0.103934152838474,0.169390033800234,6
75070,"Huber",0.088805157073468,0.132466355260509,6
75070,"W1",0.0966253485447239,0.138549751191692,6
75070,"WPMM3",0.0912083531883147,0.128883708843224,6
75071,"Huber",0.133237770091254,0.168042717382798,6
75071,"W1",0.159131972352921,0.200041500030238,6
75071,"WPMM3",0.127151900176911,0.165871987052498,6
75072,"Huber",0.0553892456492543,0.0691969009956632,6
75072,"W1",0.0794083683407736,0.0921996160958054,6
75072,"WPMM3",0.0509508458355882,0.0680858208308361,6
75073,"Huber",0.0699676194307344,0.093284416913098,6
75073,"W1",0.0979606887808429,0.129585306733881,6
75073,"WPMM3",0.071311333731705,0.0905575025256508,6
75074,"Huber",0.100382014241025,0.149523999749182,6
75074,"W1",0.127083732781126,0.192439535193763,6
75074,"WPMM3",0.122855128151931,0.182551795310194,6
75075,"Huber",0.099147007382297,0.155812207728594,6
75075,"W1",0.100237381919201,0.150320800317693,6
75075,"WPMM3",0.108170537228673,0.166267553819014,6
75076,"Huber",0.104810128854169,0.139837839109582,6
75076,"W1",0.118382896876251,0.160483682200171,6
75076,"WPMM3",0.0964276019386415,0.123087119669477,6
75077,"Huber",0.080378575798017,0.110721763564105,6
75077,"W1",0.0965567371603665,0.139307678989594,6
75077,"WPMM3",0.0800164313413713,0.111512763950768,6
75078,"Huber",0.0851554009273142,0.128429464387844,6
75078,"W1",0.112970325781852,0.179682983062515,6
75078,"WPMM3",0.0842595958355882,0.130909337146617,6
75079,"Huber",0.0692936113289202,0.0857222774216899,6
75079,"W1",0.0878250077413644,0.112422076763738,6
75079,"WPMM3",0.0662774325308674,0.0794910378052606,6
75080,"Huber",0.0928691214565995,0.123618911474105,6
75080,"W1",0.110065006562417,0.146094310711403,6
75080,"WPMM3",0.101082436283851,0.134412026347952,6
75081,"Huber",0.0822764037898629,0.0949023468822551,6
75081,"W1",0.0962419274867668,0.129157419872034,6
75081,"WPMM3",0.0757008738201822,0.0883939823310468,6
75082,"Huber",0.11951866923283,0.181287825110266,6
75082,"W1",0.128557307412287,0.186124447418325,6
75082,"WPMM3",0.127698010659791,0.18586490459483,6
75083,"Huber",0.102960231952208,0.149809518222701,6
75083,"W1",0.122053237255069,0.16235002850788,6
75083,"WPMM3",0.117863934643927,0.175606431264516,6
75084,"Huber",0.0752385496278771,0.105483490775949,6
75084,"W1",0.079216091213323,0.103810725289119,6
75084,"WPMM3",0.0794561440175847,0.104792861831639,6
75085,"Huber",0.0590233254244462,0.0772682847644216,6
75085,"W1",0.0974569166050483,0.125351084767651,6
75085,"WPMM3",0.0697695119752633,0.0914011433683678,6
75086,"Huber",0.123193797570753,0.15470704117384,6
75086,"W1",0.131239711970464,0.172456695832918,6
75086,"WPMM3",0.118666429282603,0.150462460840185,6
75087,"Huber",0.136909206205541,0.204426504775294,6
75087,"W1",0.143232423954335,0.218982557214394,6
75087,"WPMM3",0.138704830383723,0.20195039969144,6
75088,"Huber",0.13360395429526,0.17853450632635,6
75088,"W1",0.142222560227281,0.18966222100258,6
75088,"WPMM3",0.135464719720148,0.178473229530149,6
75089,"Huber",0.0949923793583,0.136508832699064,6
75089,"W1",0.0965575186643747,0.138376031309655,6
75089,"WPMM3",0.0889158100269633,0.12717729441062,6
75090,"Huber",0.114856049592921,0.183584370314073,6
75090,"W1",0.122923409404397,0.20056255804315,6
75090,"WPMM3",0.119578240661088,0.186552579509143,6
75091,"Huber",0.102232837618005,0.156978001407864,6
75091,"W1",0.109227127171001,0.165196653503464,6
75091,"WPMM3",0.0977577244588631,0.151604515029679,6
75092,"Huber",0.0676550134693906,0.100247049652949,6
75092,"W1",0.0753286070150049,0.114100969479555,6
75092,"WPMM3",0.0717769436511934,0.108075842684385,6
75093,"Huber",0.0560960060081935,0.0734971567201451,6
75093,"W1",0.0845437799505837,0.108412120141317,6
75093,"WPMM3",0.0516279292442688,0.0682493082759042,6
75094,"Huber",0.087286690755753,0.116819296689175,6
75094,"W1",0.0928258803862693,0.132196337529428,6
75094,"WPMM3",0.0940146167810605,0.133882497681467,6
75095,"Huber",0.129271450908065,0.203582390554339,6
75095,"W1",0.143427670207073,0.229992279005365,6
75095,"WPMM3",0.134660163119908,0.208445027487327,6
75096,"Huber",0.0769413030464478,0.126954827899117,6
75096,"W1",0.0671038314177103,0.106889174117359,6
75096,"WPMM3",0.0638679779252829,0.111210698265017,6
75097,"Huber",0.0788208850741883,0.0894594448531554,6
75097,"W1",0.0949842104463245,0.0970784632236174,6
75097,"WPMM3",0.0907500438402439,0.101693386778633,6
75098,"Huber",0.0564862444107785,0.0800806287115133,6
75098,"W1",0.0397411160605069,0.0566707586978012,6
75098,"WPMM3",0.0385867938443606,0.055007366865097,6
75099,"Huber",0.124437075702031,0.183742650603676,6
75099,"W1",0.113266726084693,0.170201446107104,6
75099,"WPMM3",0.113175395735485,0.168484346271994,6
75100,"Huber",0.0948261112667742,0.149987552578209,6
75100,"W1",0.101369862092127,0.165009699461601,6
75100,"WPMM3",0.070336318538023,0.107322558070464,6
75101,"Huber",0.147526080749568,0.238089886522672,6
75101,"W1",0.164510331279843,0.256917494064378,6
75101,"WPMM3",0.163151641221746,0.255772854241097,6
75102,"Huber",0.0580050351410836,0.0753747484497405,6
75102,"W1",0.0910751679384356,0.128966425376959,6
75102,"WPMM3",0.0729516199229805,0.101125859949484,6
75103,"Huber",0.128572648400579,0.199594035725934,6
75103,"W1",0.163045601725445,0.252683520666535,6
75103,"WPMM3",0.100321624048801,0.156311640647947,6
75104,"Huber",0.0942674890810025,0.141504010537412,6
75104,"W1",0.0930725275952835,0.146641745358749,6
75104,"WPMM3",0.0902623949487337,0.142708189573897,6
75105,"Huber",0.0769920381261153,0.0920601040496817,6
75105,"W1",0.0926202400936896,0.117644606447634,6
75105,"WPMM3",0.0945807290114866,0.122106467057502,6
75106,"Huber",0.04687841327957,0.0642195650993138,6
75106,"W1",0.058720621342711,0.0849793074136675,6
75106,"WPMM3",0.044921089662634,0.0596981579311787,6
75107,"Huber",0.0796281355179353,0.115151604930587,6
75107,"W1",0.0871145388999596,0.125285929094679,6
75107,"WPMM3",0.077984940987978,0.115103346687672,6
75108,"Huber",0.116354733293484,0.157694940611841,6
75108,"W1",0.118256794978854,0.168340048351746,6
75108,"WPMM3",0.123915236425573,0.173245322725624,6
75109,"Huber",0.0946190697883926,0.110141585295149,6
75109,"W1",0.118805175363248,0.150119940892203,6
75109,"WPMM3",0.0915727595170429,0.108271452345544,6
75110,"Huber",0.112144453939706,0.158523652999804,6
75110,"W1",0.11683683023303,0.170405955661439,6
75110,"WPMM3",0.129162305611944,0.184706243343929,6
75111,"Huber",0.0568611002845754,0.0708016289219738,6
75111,"W1",0.0754677058120902,0.107293254076709,6
75111,"WPMM3",0.0623590118693553,0.0799707772069464,6
75112,"Huber",0.119658036062277,0.139015359946534,6
75112,"W1",0.130285319875994,0.148946104378623,6
75112,"WPMM3",0.114045911457668,0.127815149196029,6
75113,"Huber",0.143357489096024,0.194100489520623,6
75113,"W1",0.145272820663921,0.196829405294939,6
75113,"WPMM3",0.135825569206601,0.185547165392299,6
75114,"Huber",0.100848812605318,0.108038881346663,6
75114,"W1",0.109816517691659,0.123105529316779,6
75114,"WPMM3",0.106909847415622,0.115265045269079,6
75115,"Huber",0.181814132175272,0.245755623681377,6
75115,"W1",0.20745288660534,0.301427075018302,6
75115,"WPMM3",0.162451722655414,0.208289849021009,6
75116,"Huber",0.0627203668152395,0.08044086576524,6
75116,"W1",0.0653011108693851,0.0901082719770444,6
75116,"WPMM3",0.0718876039449853,0.0955196920356998,6
75117,"Huber",0.0924751800761474,0.127754005087139,6
75117,"W1",0.105397739927605,0.141250386114449,6
75117,"WPMM3",0.101485406358704,0.141289972896013,6
75118,"Huber",0.0820119224480127,0.108654240883083,6
75118,"W1",0.0800780960651038,0.0962145559645775,6
75118,"WPMM3",0.0793234791782081,0.0956590048183667,6
75119,"Huber",0.159659008011407,0.225031851522497,6
75119,"W1",0.15589889600677,0.228195264012321,6
75119,"WPMM3",0.164573607357044,0.242011138203199,6
75120,"Huber",0.0899133420372836,0.119596380937452,6
75120,"W1",0.082224062407194,0.117175453525983,6
75120,"WPMM3",0.0961591568688536,0.117434165021127,6
75121,"Huber",0.102504834022227,0.14333243725962,6
75121,"W1",0.115876695612943,0.163971663912466,6
75121,"WPMM3",0.104371425571911,0.143546989237995,6
75122,"Huber",0.027528397416603,0.0278113656935038,6
75122,"W1",0.051188357807075,0.0465589477640917,6
75122,"WPMM3",0.0415958589591305,0.0407001649110714,6
75123,"Huber",0.0560093160394475,0.076335169143823,6
75123,"W1",0.0675750406376074,0.103123061982403,6
75123,"WPMM3",0.0606784500629335,0.0805397809415239,6
75124,"Huber",0.0729335164421882,0.0852939992842698,6
75124,"W1",0.0842935248580736,0.109301494145106,6
75124,"WPMM3",0.0796860694778604,0.103422507515662,6
75125,"Huber",0.110120997824894,0.126561144821759,6
75125,"W1",0.120338902932999,0.15508403742849,6
75125,"WPMM3",0.104090864808865,0.125075478570749,6
75126,"Huber",0.0636462546040794,0.0815319312279656,6
75126,"W1",0.0801261069315148,0.10314374780452,6
75126,"WPMM3",0.0596850730441069,0.0800934401618688,6
75127,"Huber",0.0926864363192282,0.136613977459324,6
75127,"W1",0.0877519690876082,0.122370301268729,6
75127,"WPMM3",0.0943992434791292,0.142015269864825,6
75128,"Huber",0.118373488052109,0.145752455149308,6
75128,"W1",0.108804634149859,0.142287459389066,6
75128,"WPMM3",0.127297263614101,0.15000379929978,6
75129,"Huber",0.105394269898762,0.144322484224821,6
75129,"W1",0.122173822200532,0.173321635676274,6
75129,"WPMM3",0.108270059857114,0.147049198404833,6
75130,"Huber",0.119592540576354,0.164228513241533,6
75130,"W1",0.108616592456643,0.145332961793727,6
75130,"WPMM3",0.11090134917508,0.143436137092713,6
75131,"Huber",0.0577846392457873,0.0735190956683751,6
75131,"W1",0.0213516596888269,0.0287259831990653,6
75131,"WPMM3",0.0627247976814238,0.0784409776797149,6
75132,"Huber",0.0593779607951311,0.088436680656137,6
75132,"W1",0.0820798355160998,0.118368993063129,6
75132,"WPMM3",0.0621872027984642,0.0909955824136368,6
75133,"Huber",0.0841776643512732,0.088471219958742,6
75133,"W1",0.0745319822176343,0.0852328266068699,6
75133,"WPMM3",0.0633849545689617,0.0680581640507055,6
75134,"Huber",0.0983675844503072,0.136236833636783,6
75134,"W1",0.10528318539912,0.132400653091934,6
75134,"WPMM3",0.0989138751200588,0.134216524114514,6
75135,"Huber",0.100873216634612,0.154687574178255,6
75135,"W1",0.0983697721194197,0.148820553126017,6
75135,"WPMM3",0.0958497522697556,0.146794298591615,6
75136,"Huber",0.0834319552855997,0.124150962627512,6
75136,"W1",0.121284630769901,0.172889995577405,6
75136,"WPMM3",0.0846489682675139,0.126673402550909,6
75137,"Huber",0.126862796401824,0.185391942153653,6
75137,"W1",0.143807264530573,0.210725713856812,6
75137,"WPMM3",0.123684251743722,0.180459817077777,6
75138,"Huber",0.117686014134008,0.11591726777023,6
75138,"W1",0.129230453664954,0.13525484284554,6
75138,"WPMM3",0.124446188406522,0.132026712236835,6
75139,"Huber",0.147043293732377,0.196623924474926,6
75139,"W1",0.182487189290651,0.229930651845662,6
75139,"WPMM3",0.178326488637078,0.224942193345191,6
75140,"Huber",0.0900610213864042,0.136017852816917,6
75140,"W1",0.174020649741946,0.273748110050904,6
75140,"WPMM3",0.0882982861032561,0.11820280846061,6
75141,"Huber",0.0873276744827936,0.124082877403943,6
75141,"W1",0.108761249771948,0.162918225484347,6
75141,"WPMM3",0.099468815051455,0.141555379924565,6
75142,"Huber",0.14550171892575,0.15900531203091,6
75142,"W1",0.166165910972542,0.172719869612651,6
75142,"WPMM3",0.163379717238481,0.176967016598639,6
75143,"Huber",0.0772515138013271,0.0987877692993773,6
75143,"W1",0.0882565339481098,0.126156265626648,6
75143,"WPMM3",0.0788495014987402,0.111902495959992,6
75144,"Huber",0.0642830573000049,0.0833533802117187,6
75144,"W1",0.0857994342661683,0.10922117891105,6
75144,"WPMM3",0.0787017910326305,0.099797912509723,6
75145,"Huber",0.127517129140023,0.16483099746211,6
75145,"W1",0.140881689778187,0.175710181094677,6
75145,"WPMM3",0.147576834674937,0.18543975273624,6
75146,"Huber",0.114752842963006,0.157529840844444,6
75146,"W1",0.113295591596822,0.155153956317234,6
75146,"WPMM3",0.119116589088944,0.164977648080662,6
75147,"Huber",0.101948567987463,0.11729714746244,6
75147,"W1",0.137281889338005,0.179707205868786,6
75147,"WPMM3",0.0843068952707324,0.0962996707077649,6
75148,"Huber",0.134993881677871,0.162427486415821,6
75148,"W1",0.152743460328795,0.189973872848085,6
75148,"WPMM3",0.143432600204234,0.172449952912634,6
75149,"Huber",0.120774788287749,0.190753465379778,6
75149,"W1",0.132285703904062,0.195137105001897,6
75149,"WPMM3",0.115963573167298,0.185018204399912,6
75150,"Huber",0.072209661234554,0.100439365060264,6
75150,"W1",0.0980565040912296,0.131157724051127,6
75150,"WPMM3",0.0883226981997301,0.116701780247978,6
75001,"Huber",0.0486227072778995,0.0670395122794297,8
75001,"W1",0.0716424217170274,0.0849404073187998,8
75001,"WPMM3",0.049282122713169,0.0526025059355035,8
75002,"Huber",0.129668933140143,0.18323777847227,8
75002,"W1",0.133108841925682,0.176825242769442,8
75002,"WPMM3",0.121062165646479,0.173606410106003,8
75003,"Huber",0.12997275655911,0.163195395666218,8
75003,"W1",0.130265101054612,0.176899053823114,8
75003,"WPMM3",0.140924693992833,0.170780686565951,8
75004,"Huber",0.116098368297057,0.123573920232713,8
75004,"W1",0.110299234841765,0.106936981497906,8
75004,"WPMM3",0.130049115364304,0.129691721115537,8
75005,"Huber",0.134633118514593,0.162930866935745,8
75005,"W1",0.153567798160353,0.183662589888658,8
75005,"WPMM3",0.153912548170831,0.179071377771775,8
75006,"Huber",0.0553295445008216,0.0747571964987576,8
75006,"W1",0.0503527108059919,0.0533583192497431,8
75006,"WPMM3",0.06811700107915,0.0798195223998008,8
75007,"Huber",0.0428294385643838,0.0569107231809569,8
75007,"W1",0.0365357992607661,0.0551091564882784,8
75007,"WPMM3",0.0467294111698246,0.0664564466641757,8
75008,"Huber",0.111967391863052,0.14700658619534,8
75008,"W1",0.131747972442668,0.181142777347452,8
75008,"WPMM3",0.122315950516636,0.152259297673856,8
75009,"Huber",0.083141049912725,0.111397326023918,8
75009,"W1",0.121484882544179,0.139040134411298,8
75009,"WPMM3",0.076448784021764,0.0956752932553209,8
75010,"Huber",0.0774152052732949,0.0665934583622959,8
75010,"W1",0.103857674553526,0.113594547154074,8
75010,"WPMM3",0.0787648979358879,0.0762716954337564,8
75011,"Huber",0.136997688942497,0.170463722828779,8
75011,"W1",0.113303691827419,0.136341231219486,8
75011,"WPMM3",0.129695477892073,0.160136539616657,8
75012,"Huber",0.131731638064689,0.201329938586308,8
75012,"W1",0.125577421109876,0.192541701585834,8
75012,"WPMM3",0.13677808183816,0.199786204321849,8
75013,"Huber",0.0515405226707342,0.0728913251531231,8
75013,"W1",0.0627028804538342,0.0811067655214298,8
75013,"WPMM3",0.0575907180498011,0.0817438376958962,8
75014,"Huber",0.133730933367631,0.196205253676996,8
75014,"W1",0.161384694381507,0.238646548880689,8
75014,"WPMM3",0.127081023185691,0.181565475329046,8
75015,"Huber",0.0948211555577085,0.135199369976609,8
75015,"W1",0.0912066542818713,0.118341772007358,8
75015,"WPMM3",0.0940329603635809,0.132026727845208,8
75016,"Huber",0.106713442213343,0.166627820104136,8
75016,"W1",0.152100541644776,0.239523207910935,8
75016,"WPMM3",0.137932240283593,0.220029372023594,8
75017,"Huber",0.0779005561050601,0.108126234909138,8
75017,"W1",0.101888701009306,0.149352638581673,8
75017,"WPMM3",0.0708376511720599,0.0977314291870138,8
75018,"Huber",0.08195985173608,0.108367006571166,8
75018,"W1",0.0760710001699628,0.114524041592191,8
75018,"WPMM3",0.0664517818011515,0.100670910926923,8
75019,"Huber",0.060842185276174,0.0858424369776138,8
75019,"W1",0.0636645625251163,0.0993068692787644,8
75019,"WPMM3",0.0648447895071123,0.102789580262697,8
75020,"Huber",0.123568913118359,0.152906136422466,8
75020,"W1",0.146589894770497,0.19042312510684,8
75020,"WPMM3",0.12683298274074,0.161071763378819,8
75021,"Huber",0.0909706798683952,0.135481619136593,8
75021,"W1",0.0947400939609483,0.149541980978551,8
75021,"WPMM3",0.087084568406274,0.132159310199286,8
75022,"Huber",0.106613877020342,0.161281641259639,8
75022,"W1",0.119560719694076,0.170137635403935,8
75022,"WPMM3",0.103510565515694,0.152538851784369,8
75023,"Huber",0.0355121800091581,0.0434366683720664,8
75023,"W1",0.0833385369653521,0.0959053743632335,8
75023,"WPMM3",0.0404681571771712,0.0481478593629538,8
75024,"Huber",0.0604089054911102,0.0807808556965664,8
75024,"W1",0.0824022425419304,0.121136442386829,8
75024,"WPMM3",0.0766759100350779,0.104128264237222,8
75025,"Huber",0.0452026452231583,0.066614092930885,8
75025,"W1",0.0759512838879263,0.098455023591133,8
75025,"WPMM3",0.0423044160024977,0.0586353037443794,8
75026,"Huber",0.0969759684580075,0.132870343569539,8
75026,"W1",0.114288245441272,0.168508950434961,8
75026,"WPMM3",0.0968589446129607,0.133586454059601,8
75027,"Huber",0.0451814825585207,0.0509668566759095,8
75027,"W1",0.0522598911239078,0.0733655036837254,8
75027,"WPMM3",0.0409420695939388,0.0514406291828101,8
75028,"Huber",0.145700183473085,0.187588908628312,8
75028,"W1",0.190238909896614,0.255455889305524,8
75028,"WPMM3",0.19779667374259,0.265259885444437,8
75029,"Huber",0.107223766124429,0.131968354396304,8
75029,"W1",0.138819625332234,0.173405232722922,8
75029,"WPMM3",0.128385043172569,0.157788177634093,8
75030,"Huber",0.103984308297175,0.154629668643555,8
75030,"W1",0.113311787542382,0.162682274758699,8
75030,"WPMM3",0.108149237172278,0.160273783108182,8
75031,"Huber",0.143135177171193,0.246522047972206,8
75031,"W1",0.162441508205901,0.279059531692236,8
75031,"WPMM3",0.158023134458402,0.271386774561179,8
75032,"Huber",0.0951115014259374,0.0909835200948228,8
75032,"W1",0.0960675898098184,0.109596790108244,8
75032,"WPMM3",0.0906058374153859,0.0905821202929882,8
75033,"Huber",0.131783589023896,0.202067207797109,8
75033,"W1",0.143539843844255,0.217759037164963,8
75033,"WPMM3",0.137402555870552,0.206523430891798,8
75034,"Huber",0.0686797858234917,0.0974565170392667,8
75034,"W1",0.0657361210794465,0.0835935468468083,8
75034,"WPMM3",0.068611763659667,0.095320257320528,8
75035,"Huber",0.135824871856976,0.196409348040343,8
75035,"W1",0.13995780105607,0.193298145754661,8
75035,"WPMM3",0.138241532192358,0.191945587839505,8
75036,"Huber",0.0718311456316442,0.109295995204888,8
75036,"W1",0.0921835136013157,0.143316923406995,8
75036,"WPMM3",0.0828036431807379,0.128213702822816,8
75037,"Huber",0.114735957054507,0.15827048248812,8
75037,"W1",0.117674894841069,0.167463470470444,8
75037,"WPMM3",0.115261216449693,0.15837319182805,8
75038,"Huber",0.0606833711179999,0.0772068946515403,8
75038,"W1",0.066883270767031,0.0977096693808266,8
75038,"WPMM3",0.0564324190315438,0.0713863292294727,8
75039,"Huber",0.0410332357009924,0.0589480440489634,8
75039,"W1",0.0944958429690597,0.120002375944852,8
75039,"WPMM3",0.051339082723297,0.0654128674205794,8
75040,"Huber",0.105805203926315,0.154020465898632,8
75040,"W1",0.108625838256568,0.151839188821108,8
75040,"WPMM3",0.117239479057747,0.169822119521054,8
75041,"Huber",0.0944862881423999,0.118885730898555,8
75041,"W1",0.132628270882618,0.173114470143767,8
75041,"WPMM3",0.106085081846689,0.125060912427449,8
75042,"Huber",0.152690827862626,0.189423539415227,8
75042,"W1",0.212076462894471,0.262169708945754,8
75042,"WPMM3",0.155733622657148,0.197368766767726,8
75043,"Huber",0.0980244326111476,0.146940904580731,8
75043,"W1",0.130861278792622,0.197400134605355,8
75043,"WPMM3",0.10921061462276,0.164933238366885,8
75044,"Huber",0.0804476087809666,0.120189526378523,8
75044,"W1",0.0862520327346182,0.13626525331846,8
75044,"WPMM3",0.0755728009254949,0.113811453775247,8
75045,"Huber",0.0718636201543065,0.0819028759237639,8
75045,"W1",0.0660348158783114,0.0917374372345719,8
75045,"WPMM3",0.0714379937164583,0.0809143834053594,8
75046,"Huber",0.0784193573469713,0.0984639818896428,8
75046,"W1",0.0929864636798918,0.139865513645701,8
75046,"WPMM3",0.0767533342150215,0.105328805581454,8
75047,"Huber",0.0983070176736188,0.164126407589616,8
75047,"W1",0.0853284086334308,0.12697640188345,8
75047,"WPMM3",0.100011973990389,0.165313965627741,8
75048,"Huber",0.104206095290573,0.129983809561071,8
75048,"W1",0.0991656330662135,0.135803173144616,8
75048,"WPMM3",0.0925302817286556,0.119628439230782,8
75049,"Huber",0.0688673533905702,0.0671796414562608,8
75049,"W1",0.089420364367755,0.0991688799685912,8
75049,"WPMM3",0.0736754694559835,0.074414719881926,8
75050,"Huber",0.0494070316473455,0.0724923205338244,8
75050,"W1",0.0973803148703231,0.149298057094359,8
75050,"WPMM3",0.0664039591000593,0.100093191622801,8
75051,"Huber",0.101535611649023,0.137724021873206,8
75051,"W1",0.091937829395452,0.131763360102719,8
75051,"WPMM3",0.104307898082008,0.146989198404169,8
75052,"Huber",0.075776017108279,0.100587254031466,8
75052,"W1",0.114480955737433,0.16374229026989,8
75052,"WPMM3",0.076547384891724,0.0833610919553515,8
75053,"Huber",0.0854053938319269,0.14096398678276,8
75053,"W1",0.1087763673451,0.159176598467688,8
75053,"WPMM3",0.0924328641003371,0.140480229827719,8
75054,"Huber",0.0916414588564862,0.138740028116055,8
75054,"W1",0.119709219113898,0.176571799921909,8
75054,"WPMM3",0.126809095662584,0.187279290277631,8
75055,"Huber",0.115115599438411,0.15056471909326,8
75055,"W1",0.138173151736488,0.194321573210871,8
75055,"WPMM3",0.0891241661092295,0.11347032307895,8
75056,"Huber",0.08616380652401,0.123095915096066,8
75056,"W1",0.0975033743206815,0.136034355186394,8
75056,"WPMM3",0.0890999596473245,0.127225074525072,8
75057,"Huber",0.117554858185258,0.13407315208918,8
75057,"W1",0.110682776354975,0.131335217474557,8
75057,"WPMM3",0.108478283362329,0.125958092340653,8
75058,"Huber",0.0999302361575913,0.125351982789093,8
75058,"W1",0.0783724839061056,0.0910982529794821,8
75058,"WPMM3",0.0914737393024397,0.108071325111082,8
75059,"Huber",0.0548167370678716,0.069695681175398,8
75059,"W1",0.0652134636778042,0.0773779179951554,8
75059,"WPMM3",0.0595392259353205,0.0755861427856718,8
75060,"Huber",0.0987479543376124,0.0985987546842064,8
75060,"W1",0.0923715026086857,0.106044205336454,8
75060,"WPMM3",0.098482712950641,0.101652159676456,8
75061,"Huber",0.0879985712906298,0.093167289661103,8
75061,"W1",0.0922948824878732,0.121421953550599,8
75061,"WPMM3",0.0920103362856447,0.094823727448219,8
75062,"Huber",0.0584603427643321,0.0809842489639915,8
75062,"W1",0.0809850265646846,0.1093517780514,8
75062,"WPMM3",0.0708190057640125,0.0953522248695772,8
75063,"Huber",0.0835274851210339,0.109575797209227,8
75063,"W1",0.109302107465985,0.147429305922121,8
75063,"WPMM3",0.0940248775928142,0.125698695920137,8
75064,"Huber",0.0340161010395375,0.0447409657004801,8
75064,"W1",0.0482836686160978,0.0470042297051811,8
75064,"WPMM3",0.0430485447977214,0.0571883639028715,8
75065,"Huber",0.0403416274941743,0.0519056303172616,8
75065,"W1",0.0373831657408005,0.0556670822735335,8
75065,"WPMM3",0.0344686598257897,0.0454392243500613,8
75066,"Huber",0.094527335159079,0.12181363376135,8
75066,"W1",0.115186057830713,0.134483168904764,8
75066,"WPMM3",0.0945045552052942,0.118773434815712,8
75067,"Huber",0.125224952619674,0.168097670524053,8
75067,"W1",0.151798973479481,0.194963493967721,8
75067,"WPMM3",0.13081091195249,0.172467016027427,8
75068,"Huber",0.0564680984130688,0.0718912093733954,8
75068,"W1",0.0786460947038306,0.111247852813415,8
75068,"WPMM3",0.0945318041728061,0.133861641338598,8
75069,"Huber",0.0954931855945707,0.153497937868914,8
75069,"W1",0.0913664362697491,0.142817093412681,8
75069,"WPMM3",0.104223486897165,0.169878837358463,8
75070,"Huber",0.088805157073468,0.132466355260509,8
75070,"W1",0.107597312054711,0.155411795780839,8
75070,"WPMM3",0.0935870738920292,0.131550232928547,8
75071,"Huber",0.133237770091254,0.168042717382798,8
75071,"W1",0.167534135378497,0.211062900896249,8
75071,"WPMM3",0.129893006110385,0.168979174081209,8
75072,"Huber",0.0553892456492543,0.0691969009956632,8
75072,"W1",0.0869795793548832,0.0999614079751011,8
75072,"WPMM3",0.0524665708449652,0.068991816293134,8
75073,"Huber",0.0699676194307344,0.093284416913098,8
75073,"W1",0.102477970245071,0.136784220264258,8
75073,"WPMM3",0.0719736350246294,0.0907844224551494,8
75074,"Huber",0.100382014241025,0.149523999749182,8
75074,"W1",0.127946066792363,0.194975476990922,8
75074,"WPMM3",0.126716041689176,0.188864021003351,8
75075,"Huber",0.099147007382297,0.155812207728594,8
75075,"W1",0.0987451700049294,0.147069264153386,8
75075,"WPMM3",0.107875852142593,0.165187496690524,8
75076,"Huber",0.104810128854169,0.139837839109582,8
75076,"W1",0.125241712874856,0.171413242357771,8
75076,"WPMM3",0.0964630425155042,0.122955400152628,8
75077,"Huber",0.080378575798017,0.110721763564105,8
75077,"W1",0.103586015453368,0.151315828717511,8
75077,"WPMM3",0.0821966612097722,0.114610881068552,8
75078,"Huber",0.0851554009273142,0.128429464387844,8
75078,"W1",0.122004088156437,0.193605946987783,8
75078,"WPMM3",0.091820173039056,0.144990439812448,8
75079,"Huber",0.0692936113289202,0.0857222774216899,8
75079,"W1",0.091064418851968,0.117030374962173,8
75079,"WPMM3",0.0665474517683515,0.0800784390152703,8
75080,"Huber",0.0928691214565995,0.123618911474105,8
75080,"W1",0.112902442325195,0.149125182949307,8
75080,"WPMM3",0.103143443083377,0.137265539338421,8
75081,"Huber",0.0822764037898629,0.0949023468822551,8
75081,"W1",0.104367801132525,0.141824966810621,8
75081,"WPMM3",0.0771736310251762,0.0935237194208022,8
75082,"Huber",0.11951866923283,0.181287825110266,8
75082,"W1",0.127812373130238,0.183605346254163,8
75082,"WPMM3",0.130488942776898,0.188439181745199,8
75083,"Huber",0.102960231952208,0.149809518222701,8
75083,"W1",0.125947853690534,0.164714332909077,8
75083,"WPMM3",0.118246051680523,0.175294101046112,8
75084,"Huber",0.0752385496278771,0.105483490775949,8
75084,"W1",0.0777479564551035,0.104160088432835,8
75084,"WPMM3",0.0802738626403685,0.103456967808454,8
75085,"Huber",0.0590233254244462,0.0772682847644216,8
75085,"W1",0.106024475709049,0.136882564410309,8
75085,"WPMM3",0.071511469373876,0.0930514261376037,8
75086,"Huber",0.123193797570753,0.15470704117384,8
75086,"W1",0.132806166244674,0.175255943138686,8
75086,"WPMM3",0.118934463282438,0.151203365115458,8
75087,"Huber",0.136909206205541,0.204426504775294,8
75087,"W1",0.144400339286811,0.221098695923345,8
75087,"WPMM3",0.139219807404405,0.203596638530899,8
75088,"Huber",0.13360395429526,0.17853450632635,8
75088,"W1",0.144040599817125,0.192894005378882,8
75088,"WPMM3",0.136684040783338,0.179834956844572,8
75089,"Huber",0.0949923793583,0.136508832699064,8
75089,"W1",0.106476939918119,0.152907870838693,8
75089,"WPMM3",0.0898694655191601,0.129211123969174,8
75090,"Huber",0.114856049592921,0.183584370314073,8
75090,"W1",0.124360741472068,0.204025747366746,8
75090,"WPMM3",0.119913555022389,0.187360322704768,8
75091,"Huber",0.102232837618005,0.156978001407864,8
75091,"W1",0.110435937617759,0.166403958531278,8
75091,"WPMM3",0.09791452905358,0.15185858641766,8
75092,"Huber",0.0676550134693906,0.100247049652949,8
75092,"W1",0.0763809281171096,0.11576037957678,8
75092,"WPMM3",0.0725814151690864,0.109408158034806,8
75093,"Huber",0.0560960060081935,0.0734971567201451,8
75093,"W1",0.0885737470564394,0.113326121595452,8
75093,"WPMM3",0.0534918656803608,0.0703275410671782,8
75094,"Huber",0.087286690755753,0.116819296689175,8
75094,"W1",0.0938171921350466,0.130535999954365,8
75094,"WPMM3",0.0956380613374339,0.136591474185413,8
75095,"Huber",0.129271450908065,0.203582390554339,8
75095,"W1",0.146157152952199,0.235663793511395,8
75095,"WPMM3",0.135277577446606,0.209674045703618,8
75096,"Huber",0.0769413030464478,0.126954827899117,8
75096,"W1",0.0752536561699405,0.112902652905994,8
75096,"WPMM3",0.0627844672119333,0.108842254240405,8
75097,"Huber",0.0788208850741883,0.0894594448531554,8
75097,"W1",0.0976648244632681,0.0962864441353846,8
75097,"WPMM3",0.0924916780446228,0.1025502785541,8
75098,"Huber",0.0564862444107785,0.0800806287115133,8
75098,"W1",0.0426529392954369,0.0614718515633866,8
75098,"WPMM3",0.0379439017781595,0.0535047135957122,8
75099,"Huber",0.124437075702031,0.183742650603676,8
75099,"W1",0.114186257539609,0.171752492192326,8
75099,"WPMM3",0.11178149302662,0.166798400816919,8
75100,"Huber",0.0948261112667742,0.149987552578209,8
75100,"W1",0.107674217821985,0.176491081716982,8
75100,"WPMM3",0.0699265218414534,0.106943265437187,8
75101,"Huber",0.147526080749568,0.238089886522672,8
75101,"W1",0.166651982840065,0.262595613221094,8
75101,"WPMM3",0.165744681973469,0.257638890601418,8
75102,"Huber",0.0580050351410836,0.0753747484497405,8
75102,"W1",0.104215954603897,0.150093079666656,8
75102,"WPMM3",0.0822462858290675,0.114485972650756,8
75103,"Huber",0.128572648400579,0.199594035725934,8
75103,"W1",0.172112053217865,0.265791622847158,8
75103,"WPMM3",0.10692822744974,0.166787820473015,8
75104,"Huber",0.0942674890810025,0.141504010537412,8
75104,"W1",0.0974602680606611,0.15265684379955,8
75104,"WPMM3",0.089461271548789,0.141462882173957,8
75105,"Huber",0.0769920381261153,0.0920601040496817,8
75105,"W1",0.097524254303572,0.123705547798621,8
75105,"WPMM3",0.0970257190966774,0.125629454460065,8
75106,"Huber",0.04687841327957,0.0642195650993138,8
75106,"W1",0.0687109390858048,0.101862062851516,8
75106,"WPMM3",0.0464017437344925,0.0621433351546957,8
75107,"Huber",0.0796281355179353,0.115151604930587,8
75107,"W1",0.0887433650814005,0.126877267769084,8
75107,"WPMM3",0.0790174408605853,0.116202452068206,8
75108,"Huber",0.116354733293484,0.157694940611841,8
75108,"W1",0.117256110666673,0.168380118329312,8
75108,"WPMM3",0.124171642112385,0.174087418154711,8
75109,"Huber",0.0946190697883926,0.110141585295149,8
75109,"W1",0.123889075600703,0.157498373152754,8
75109,"WPMM3",0.0926393784473811,0.110225690226847,8
75110,"Huber",0.112144453939706,0.158523652999804,8
75110,"W1",0.109585783114525,0.162746530064284,8
75110,"WPMM3",0.128661308948787,0.184783789164078,8
75111,"Huber",0.0568611002845754,0.0708016289219738,8
75111,"W1",0.0782156037643617,0.11219860125902,8
75111,"WPMM3",0.0633752832459686,0.0825727666092227,8
75112,"Huber",0.119658036062277,0.139015359946534,8
75112,"W1",0.145168778569857,0.16933922300943,8
75112,"WPMM3",0.116658125967653,0.130696309978625,8
75113,"Huber",0.143357489096024,0.194100489520623,8
75113,"W1",0.159954173331803,0.215579276875622,8
75113,"WPMM3",0.136727876793582,0.185901462035812,8
75114,"Huber",0.100848812605318,0.108038881346663,8
75114,"W1",0.113422022451632,0.129173511324514,8
75114,"WPMM3",0.10892099811663,0.117603350284285,8
75115,"Huber",0.181814132175272,0.245755623681377,8
75115,"W1",0.214215446493473,0.312869073958811,8
75115,"WPMM3",0.16183179370151,0.208008200806683,8
75116,"Huber",0.0627203668152395,0.08044086576524,8
75116,"W1",0.063372274132221,0.0875948472951676,8
75116,"WPMM3",0.0720149349564463,0.0968138794388835,8
75117,"Huber",0.0924751800761474,0.127754005087139,8
75117,"W1",0.105974787843306,0.141348695365072,8
75117,"WPMM3",0.102861131837164,0.143097385464924,8
75118,"Huber",0.0820119224480127,0.108654240883083,8
75118,"W1",0.0839752119279769,0.100729439984803,8
75118,"WPMM3",0.0800233945896816,0.0962563950793504,8
75119,"Huber",0.159659008011407,0.225031851522497,8
75119,"W1",0.153058177375268,0.223467035162108,8
75119,"WPMM3",0.165001386909928,0.243770064162627,8
75120,"Huber",0.0899133420372836,0.119596380937452,8
75120,"W1",0.0817455083975163,0.120979186230213,8
75120,"WPMM3",0.095330465760099,0.116103348352356,8
75121,"Huber",0.102504834022227,0.14333243725962,8
75121,"W1",0.126935000984697,0.18382739249086,8
75121,"WPMM3",0.10427215159786,0.143477140509382,8
75122,"Huber",0.027528397416603,0.0278113656935038,8
75122,"W1",0.052152726150922,0.0472160098425555,8
75122,"WPMM3",0.0438504009985459,0.042873946726033,8
75123,"Huber",0.0560093160394475,0.076335169143823,8
75123,"W1",0.076095016267998,0.117062238452171,8
75123,"WPMM3",0.0604894610829731,0.0810409282666806,8
75124,"Huber",0.0729335164421882,0.0852939992842698,8
75124,"W1",0.0938899132025372,0.120288753434802,8
75124,"WPMM3",0.0854713699342988,0.111290490670412,8
75125,"Huber",0.110120997824894,0.126561144821759,8
75125,"W1",0.131057172939677,0.17033127565589,8
75125,"WPMM3",0.105177505690649,0.126554496978244,8
75126,"Huber",0.0636462546040794,0.0815319312279656,8
75126,"W1",0.0885206386529541,0.113570335575505,8
75126,"WPMM3",0.0592323766398829,0.0799758432994771,8
75127,"Huber",0.0926864363192282,0.136613977459324,8
75127,"W1",0.0882316010823457,0.121800398650674,8
75127,"WPMM3",0.0936534698218539,0.14045365386368,8
75128,"Huber",0.118373488052109,0.145752455149308,8
75128,"W1",0.0987134780688804,0.141031368856883,8
75128,"WPMM3",0.125018415267241,0.148321797359329,8
75129,"Huber",0.105394269898762,0.144322484224821,8
75129,"W1",0.12816385628549,0.184065777232696,8
75129,"WPMM3",0.108400036280542,0.147789430852957,8
75130,"Huber",0.119592540576354,0.164228513241533,8
75130,"W1",0.110913871371815,0.149748550345392,8
75130,"WPMM3",0.110826610106205,0.142031077535537,8
75131,"Huber",0.0577846392457873,0.0735190956683751,8
75131,"W1",0.0255866826952014,0.0274759085917033,8
75131,"WPMM3",0.0638081305755421,0.0819333578638629,8
75132,"Huber",0.0593779607951311,0.088436680656137,8
75132,"W1",0.0878965787417468,0.124301366097139,8
75132,"WPMM3",0.065028798365989,0.0944584638830356,8
75133,"Huber",0.0841776643512732,0.088471219958742,8
75133,"W1",0.0866679269490569,0.101136783405464,8
75133,"WPMM3",0.0661274001960668,0.0759315528536874,8
75134,"Huber",0.0983675844503072,0.136236833636783,8
75134,"W1",0.107367699181501,0.133474070450077,8
75134,"WPMM3",0.0994583399171425,0.133976762435398,8
75135,"Huber",0.100873216634612,0.154687574178255,8
75135,"W1",0.107444376147146,0.160707629039657,8
75135,"WPMM3",0.0963558069845439,0.145346189922603,8
75136,"Huber",0.0834319552855997,0.124150962627512,8
75136,"W1",0.138549024051552,0.193989020892865,8
75136,"WPMM3",0.0913395593165657,0.136353527938084,8
75137,"Huber",0.126862796401824,0.185391942153653,8
75137,"W1",0.147513721559404,0.216205836785553,8
75137,"WPMM3",0.124803591844045,0.182010890065729,8
75138,"Huber",0.117686014134008,0.11591726777023,8
75138,"W1",0.142413371145409,0.144636335297376,8
75138,"WPMM3",0.128038412427551,0.134699221280204,8
75139,"Huber",0.147043293732377,0.196623924474926,8
75139,"W1",0.18633104392494,0.234884198674169,8
75139,"WPMM3",0.186674687954542,0.234937695596585,8
75140,"Huber",0.0900610213864042,0.136017852816917,8
75140,"W1",0.192263454495376,0.304104153535235,8
75140,"WPMM3",0.0951086893965986,0.13526071567289,8
75141,"Huber",0.0873276744827936,0.124082877403943,8
75141,"W1",0.112222841239262,0.169474954406213,8
75141,"WPMM3",0.100632096620736,0.143728207427744,8
75142,"Huber",0.14550171892575,0.15900531203091,8
75142,"W1",0.172619364073848,0.16750149919331,8
75142,"WPMM3",0.168185562744888,0.180585920905718,8
75143,"Huber",0.0772515138013271,0.0987877692993773,8
75143,"W1",0.102100650943857,0.145852582457611,8
75143,"WPMM3",0.0868997204607397,0.124402060935697,8
75144,"Huber",0.0642830573000049,0.0833533802117187,8
75144,"W1",0.087613561153905,0.111598347544774,8
75144,"WPMM3",0.0828699527615828,0.105222802861342,8
75145,"Huber",0.127517129140023,0.16483099746211,8
75145,"W1",0.139392174541722,0.174076960305995,8
75145,"WPMM3",0.150019888887187,0.187845758857763,8
75146,"Huber",0.114752842963006,0.157529840844444,8
75146,"W1",0.109846520266707,0.149070358869152,8
75146,"WPMM3",0.117026383190158,0.161464367203694,8
75147,"Huber",0.101948567987463,0.11729714746244,8
75147,"W1",0.140882465412491,0.184817927753629,8
75147,"WPMM3",0.0867752208444079,0.101231449902205,8
75148,"Huber",0.134993881677871,0.162427486415821,8
75148,"W1",0.164819214103817,0.211882074050939,8
75148,"WPMM3",0.143642082411664,0.17477796034637,8
75149,"Huber",0.120774788287749,0.190753465379778,8
75149,"W1",0.135257925441892,0.197447900593574,8
75149,"WPMM3",0.116004408308414,0.184370421047526,8
75150,"Huber",0.072209661234554,0.100439365060264,8
75150,"W1",0.101681892603549,0.137235017990139,8
75150,"WPMM3",0.0938117631457716,0.123852194898878,8
