"seed","method","mae","coef_l2","regime"
75001,"LSE",0.12931272085359,0.174191316846266,"gauss"
75001,"Huber",0.115996081387914,0.154581035568314,"gauss"
75001,"L1",0.118960428073974,0.122252464822154,"gauss"
75001,"PMM3",0.137936484092579,0.18690027306899,"gauss"
75001,"W1",0.119620502918954,0.159923451694108,"gauss"
75001,"WPMM3",0.119620502918954,0.159923451694108,"gauss"
75002,"LSE",0.108111809548873,0.145228458164643,"gauss"
75002,"Huber",0.104613008707759,0.136030470330174,"gauss"
75002,"L1",0.110735600230325,0.139630120108839,"gauss"
75002,"PMM3",0.115718236445952,0.163904117118559,"gauss"
75002,"W1",0.105052546174801,0.137699554041683,"gauss"
75002,"WPMM3",0.105052546174801,0.137699554041683,"gauss"
75003,"LSE",0.154166733191679,0.178213626128694,"gauss"
75003,"Huber",0.120297754797267,0.139081167446418,"gauss"
75003,"L1",0.129844466007754,0.148465029652298,"gauss"
75003,"PMM3",0.143163392739293,0.166565056560377,"gauss"
75003,"W1",0.128406738086577,0.151221748017488,"gauss"
75003,"WPMM3",0.120017833980775,0.141891411444314,"gauss"
75004,"LSE",0.122534090815096,0.120193191541769,"gauss"
75004,"Huber",0.124807005032982,0.11403750578256,"gauss"
75004,"L1",0.104676891038573,0.132836590910625,"gauss"
75004,"PMM3",0.120972115269126,0.117020663457967,"gauss"
75004,"W1",0.111641284665549,0.109751491018657,"gauss"
75004,"WPMM3",0.111555363517675,0.108729512460295,"gauss"
75005,"LSE",0.0873317550028748,0.126398182781246,"gauss"
75005,"Huber",0.0970096005094892,0.122617328736214,"gauss"
75005,"L1",0.107692341273137,0.129563848495062,"gauss"
75005,"PMM3",0.089382688212967,0.133416188021922,"gauss"
75005,"W1",0.0942884288302413,0.122242116218303,"gauss"
75005,"WPMM3",0.0942884288302413,0.122242116218303,"gauss"
75006,"LSE",0.0852758695907271,0.109483117257749,"gauss"
75006,"Huber",0.0808015872198175,0.109120717492431,"gauss"
75006,"L1",0.134998156980871,0.183618267559758,"gauss"
75006,"PMM3",0.0960463927121436,0.1229320872908,"gauss"
75006,"W1",0.0801664635544725,0.106918739806817,"gauss"
75006,"WPMM3",0.0801664635544725,0.106918739806817,"gauss"
75007,"LSE",0.148106271496244,0.210338685123962,"gauss"
75007,"Huber",0.132919601724136,0.192040514723994,"gauss"
75007,"L1",0.140625929383514,0.199422888058441,"gauss"
75007,"PMM3",0.15225358472349,0.215894551677269,"gauss"
75007,"W1",0.134191168291599,0.193356898851713,"gauss"
75007,"WPMM3",0.131914350620964,0.190703439020482,"gauss"
75008,"LSE",0.0788051071937515,0.125663263059269,"gauss"
75008,"Huber",0.0793453399228859,0.123721475704287,"gauss"
75008,"L1",0.142568518924004,0.216360823425852,"gauss"
75008,"PMM3",0.0771073499068077,0.1229414235683,"gauss"
75008,"W1",0.0734731472950918,0.11499107239411,"gauss"
75008,"WPMM3",0.0737957256432635,0.114081914798775,"gauss"
75009,"LSE",0.10248338095996,0.145755830533644,"gauss"
75009,"Huber",0.132039704980844,0.201667600721141,"gauss"
75009,"L1",0.201699290056994,0.26247373931658,"gauss"
75009,"PMM3",0.118032871109143,0.174512852544284,"gauss"
75009,"W1",0.13192906528257,0.197204531781165,"gauss"
75009,"WPMM3",0.151262416084504,0.230122310167425,"gauss"
75010,"LSE",0.199136466413651,0.246597524321622,"gauss"
75010,"Huber",0.178229889442961,0.221082577824073,"gauss"
75010,"L1",0.155061712413547,0.177794896249927,"gauss"
75010,"PMM3",0.212505894025023,0.265862956969278,"gauss"
75010,"W1",0.184077683464915,0.225588702843418,"gauss"
75010,"WPMM3",0.184077683464915,0.225588702843418,"gauss"
75011,"LSE",0.119450420867278,0.179843213449597,"gauss"
75011,"Huber",0.110074119519517,0.154677445081825,"gauss"
75011,"L1",0.12426254944023,0.171281533758025,"gauss"
75011,"PMM3",0.154603718140698,0.250800712280771,"gauss"
75011,"W1",0.111532325567648,0.1608655251398,"gauss"
75011,"WPMM3",0.111532325567648,0.1608655251398,"gauss"
75012,"LSE",0.0683821160904618,0.0867499929241786,"gauss"
75012,"Huber",0.0820638667621269,0.107780416763322,"gauss"
75012,"L1",0.0879056327279824,0.104189436027504,"gauss"
75012,"PMM3",0.0679946556508982,0.0844296261764382,"gauss"
75012,"W1",0.0728769275357422,0.0969588395777877,"gauss"
75012,"WPMM3",0.0744001059752196,0.0995388063088342,"gauss"
75013,"LSE",0.166255636652189,0.215982257685756,"gauss"
75013,"Huber",0.161043526356199,0.211829701960765,"gauss"
75013,"L1",0.243209285133611,0.304121793680826,"gauss"
75013,"PMM3",0.16859825714149,0.218085866183757,"gauss"
75013,"W1",0.156564837469199,0.206791774617174,"gauss"
75013,"WPMM3",0.156582849871239,0.205659400459965,"gauss"
75014,"LSE",0.1179961501965,0.146959107155951,"gauss"
75014,"Huber",0.100234411570338,0.136553727656188,"gauss"
75014,"L1",0.126800434516717,0.204116600372188,"gauss"
75014,"PMM3",0.116528613051755,0.145651899401621,"gauss"
75014,"W1",0.102661612045987,0.142665605319003,"gauss"
75014,"WPMM3",0.0993739885383693,0.142302809345191,"gauss"
75015,"LSE",0.111064144899495,0.17502183086285,"gauss"
75015,"Huber",0.0974168140309498,0.149634389756473,"gauss"
75015,"L1",0.082342180151792,0.11501116700597,"gauss"
75015,"PMM3",0.115344364955483,0.181879556722976,"gauss"
75015,"W1",0.102981128677318,0.1596127435143,"gauss"
75015,"WPMM3",0.102579250087897,0.158700754152397,"gauss"
75016,"LSE",0.126411761249602,0.162194190164564,"gauss"
75016,"Huber",0.118677289883503,0.149604048120193,"gauss"
75016,"L1",0.223085127682164,0.273448656164321,"gauss"
75016,"PMM3",0.12858700545057,0.163298362200297,"gauss"
75016,"W1",0.127571944868324,0.161278527280196,"gauss"
75016,"WPMM3",0.127415811479333,0.160489479965492,"gauss"
75017,"LSE",0.177866114520365,0.224501684039958,"gauss"
75017,"Huber",0.18201899198379,0.236735827063908,"gauss"
75017,"L1",0.208152336432486,0.278053542140355,"gauss"
75017,"PMM3",0.175573023875432,0.226445571018746,"gauss"
75017,"W1",0.175915813672858,0.23264223323367,"gauss"
75017,"WPMM3",0.176232719659483,0.234210540549608,"gauss"
75018,"LSE",0.131251295032571,0.177552752354549,"gauss"
75018,"Huber",0.137830525882995,0.179576915606991,"gauss"
75018,"L1",0.159671983738728,0.206328884534245,"gauss"
75018,"PMM3",0.136920687662044,0.182310954465435,"gauss"
75018,"W1",0.13947085824055,0.183543149240415,"gauss"
75018,"WPMM3",0.140315258466167,0.183960412762389,"gauss"
75019,"LSE",0.0909759213273982,0.121499611658489,"gauss"
75019,"Huber",0.0751934093385378,0.101021961579047,"gauss"
75019,"L1",0.121314445467783,0.177936517161715,"gauss"
75019,"PMM3",0.0785349108453012,0.10593169155836,"gauss"
75019,"W1",0.0741893877003918,0.101871136272436,"gauss"
75019,"WPMM3",0.0690502112963384,0.0966729776370186,"gauss"
75020,"LSE",0.147573232098368,0.152953448730686,"gauss"
75020,"Huber",0.146045335551505,0.158260869513132,"gauss"
75020,"L1",0.161875052239906,0.203917773560029,"gauss"
75020,"PMM3",0.151269307874081,0.157431209010173,"gauss"
75020,"W1",0.141955131143466,0.153852572293384,"gauss"
75020,"WPMM3",0.141955131143466,0.153852572293384,"gauss"
75021,"LSE",0.147303738115395,0.174985171066039,"gauss"
75021,"Huber",0.146426493591231,0.174335730491702,"gauss"
75021,"L1",0.19306157310784,0.22266181511227,"gauss"
75021,"PMM3",0.147327933473648,0.174665923783937,"gauss"
75021,"W1",0.149995065431762,0.176917189599305,"gauss"
75021,"WPMM3",0.150013731606281,0.176945066765642,"gauss"
75022,"LSE",0.111839377212848,0.157143623898839,"gauss"
75022,"Huber",0.106637819531314,0.144374068389025,"gauss"
75022,"L1",0.077693937568352,0.0988707056392187,"gauss"
75022,"PMM3",0.111633413512399,0.156746871980423,"gauss"
75022,"W1",0.105157060446223,0.145540910904208,"gauss"
75022,"WPMM3",0.10385254739692,0.14282168887788,"gauss"
75023,"LSE",0.109197778736416,0.144547110978292,"gauss"
75023,"Huber",0.120532519426177,0.162891292554257,"gauss"
75023,"L1",0.176456875182786,0.241030920099566,"gauss"
75023,"PMM3",0.109647905676098,0.145359781651911,"gauss"
75023,"W1",0.118275636015795,0.159028343987256,"gauss"
75023,"WPMM3",0.120406512130267,0.162205298581245,"gauss"
75024,"LSE",0.0999474654555303,0.138997065797527,"gauss"
75024,"Huber",0.100812003097607,0.139556360555189,"gauss"
75024,"L1",0.134695284418121,0.181909969704921,"gauss"
75024,"PMM3",0.100006552056804,0.139071190611885,"gauss"
75024,"W1",0.102285051849879,0.142337371546705,"gauss"
75024,"WPMM3",0.102847043910947,0.143120876047869,"gauss"
75025,"LSE",0.154868546908023,0.192323200896627,"gauss"
75025,"Huber",0.142436802591429,0.177036824048256,"gauss"
75025,"L1",0.14709009505921,0.160706476125609,"gauss"
75025,"PMM3",0.157109880266094,0.195156708504878,"gauss"
75025,"W1",0.143509827679481,0.177662089153381,"gauss"
75025,"WPMM3",0.143509827679481,0.177662089153381,"gauss"
75026,"LSE",0.159917244834088,0.242145048757021,"gauss"
75026,"Huber",0.139083709239757,0.209556624052798,"gauss"
75026,"L1",0.195842275908826,0.329286728510206,"gauss"
75026,"PMM3",0.153446194418216,0.232627045366685,"gauss"
75026,"W1",0.147633732754451,0.223822289095565,"gauss"
75026,"WPMM3",0.144912705194301,0.219694045058565,"gauss"
75027,"LSE",0.0326411894809903,0.047671838486053,"gauss"
75027,"Huber",0.0498274475239066,0.0696539878210748,"gauss"
75027,"L1",0.139714128261323,0.154303679592326,"gauss"
75027,"PMM3",0.0335506578889758,0.0501491190946317,"gauss"
75027,"W1",0.0380473783344233,0.0550843014902153,"gauss"
75027,"WPMM3",0.0429652012647837,0.0609060038622651,"gauss"
75028,"LSE",0.131339471561454,0.198434661369187,"gauss"
75028,"Huber",0.108181069637317,0.156079359209022,"gauss"
75028,"L1",0.132062208145575,0.200180875974091,"gauss"
75028,"PMM3",0.12139411377592,0.180000370410364,"gauss"
75028,"W1",0.112892128300586,0.170690792767692,"gauss"
75028,"WPMM3",0.101023785271572,0.150736103585149,"gauss"
75029,"LSE",0.118762541022562,0.141711584775896,"gauss"
75029,"Huber",0.140798023557891,0.170161092874691,"gauss"
75029,"L1",0.0763464822729383,0.10229523567998,"gauss"
75029,"PMM3",0.116585302803653,0.138795489770561,"gauss"
75029,"W1",0.127718383882333,0.154839431776876,"gauss"
75029,"WPMM3",0.127718383882333,0.154839431776876,"gauss"
75030,"LSE",0.0895344183498297,0.066475541970182,"gauss"
75030,"Huber",0.106729010121278,0.0895627378244056,"gauss"
75030,"L1",0.211149935298285,0.26055158808793,"gauss"
75030,"PMM3",0.0866475319590023,0.065227455903144,"gauss"
75030,"W1",0.105482755752854,0.087043756983274,"gauss"
75030,"WPMM3",0.105482755752854,0.087043756983274,"gauss"
75031,"LSE",0.126020416580091,0.151686153953916,"gauss"
75031,"Huber",0.125853861969234,0.145891904274395,"gauss"
75031,"L1",0.145911644072251,0.200833051780525,"gauss"
75031,"PMM3",0.124346118244302,0.14875086010701,"gauss"
75031,"W1",0.120160579855997,0.141457308982916,"gauss"
75031,"WPMM3",0.120208962026841,0.141218691671866,"gauss"
75032,"LSE",0.133512423328097,0.184518024545484,"gauss"
75032,"Huber",0.138090000031933,0.201042273409521,"gauss"
75032,"L1",0.116042947069375,0.171460416958111,"gauss"
75032,"PMM3",0.136072181923801,0.182550624553758,"gauss"
75032,"W1",0.13344557991359,0.19225253399962,"gauss"
75032,"WPMM3",0.13344557991359,0.19225253399962,"gauss"
75033,"LSE",0.171965719417006,0.211196548216747,"gauss"
75033,"Huber",0.179786845686789,0.226399384039759,"gauss"
75033,"L1",0.192839073259202,0.240307620600203,"gauss"
75033,"PMM3",0.171968470997423,0.211173655451931,"gauss"
75033,"W1",0.173684651091562,0.215345696129657,"gauss"
75033,"WPMM3",0.177268731315762,0.221921154597675,"gauss"
75034,"LSE",0.116300039146552,0.150177910930832,"gauss"
75034,"Huber",0.112003209207347,0.143651259890869,"gauss"
75034,"L1",0.0826065069343196,0.106493042213096,"gauss"
75034,"PMM3",0.115759169354128,0.149344284836173,"gauss"
75034,"W1",0.112680344221978,0.144633173493152,"gauss"
75034,"WPMM3",0.111785120100324,0.14322409721594,"gauss"
75035,"LSE",0.0492420251894722,0.0544329065552063,"gauss"
75035,"Huber",0.0369263440369727,0.0422219136962586,"gauss"
75035,"L1",0.169159247073978,0.233720143397382,"gauss"
75035,"PMM3",0.105212986671572,0.115937055827048,"gauss"
75035,"W1",0.0408773798166781,0.0459203594497452,"gauss"
75035,"WPMM3",0.0408773798166781,0.0459203594497452,"gauss"
75036,"LSE",0.111238767950842,0.157268921318395,"gauss"
75036,"Huber",0.109492223506291,0.14111251166601,"gauss"
75036,"L1",0.132387486936141,0.183658015542297,"gauss"
75036,"PMM3",0.115573771449393,0.160596535764161,"gauss"
75036,"W1",0.121440667784645,0.163025212203292,"gauss"
75036,"WPMM3",0.124112017031048,0.159058491063318,"gauss"
75037,"LSE",0.081541912870769,0.0978512261822103,"gauss"
75037,"Huber",0.0831300513796897,0.109099038559147,"gauss"
75037,"L1",0.116331689619284,0.0938595928791581,"gauss"
75037,"PMM3",0.0919742721995805,0.111188253310202,"gauss"
75037,"W1",0.0847276324012911,0.100232084927199,"gauss"
75037,"WPMM3",0.0847276324012911,0.100232084927199,"gauss"
75038,"LSE",0.0494211304081918,0.0636184254673665,"gauss"
75038,"Huber",0.0635668190760507,0.0808623609203204,"gauss"
75038,"L1",0.0999548477115373,0.122929407337994,"gauss"
75038,"PMM3",0.0458370373118953,0.0609688579490182,"gauss"
75038,"W1",0.0581738899896375,0.0691957940618881,"gauss"
75038,"WPMM3",0.0581738899896375,0.0691957940618881,"gauss"
75039,"LSE",0.0820496298259996,0.123931044941188,"gauss"
75039,"Huber",0.0901054760524973,0.135462282736375,"gauss"
75039,"L1",0.15407709978806,0.232943819344517,"gauss"
75039,"PMM3",0.0815572836522531,0.120514633159933,"gauss"
75039,"W1",0.088914255024026,0.133485448321364,"gauss"
75039,"WPMM3",0.088914255024026,0.133485448321364,"gauss"
75040,"LSE",0.109683463061868,0.146083303616874,"gauss"
75040,"Huber",0.107203729508858,0.140715479766694,"gauss"
75040,"L1",0.133393449151758,0.174430969919924,"gauss"
75040,"PMM3",0.108658561476376,0.145733083520242,"gauss"
75040,"W1",0.110442631450629,0.146558719541137,"gauss"
75040,"WPMM3",0.110442631450629,0.146558719541137,"gauss"
75041,"LSE",0.174437323668882,0.269174345202035,"gauss"
75041,"Huber",0.187159493807491,0.286243709441851,"gauss"
75041,"L1",0.233461032626469,0.355764227032198,"gauss"
75041,"PMM3",0.171740716601372,0.265243743457575,"gauss"
75041,"W1",0.187937564323213,0.28871289578763,"gauss"
75041,"WPMM3",0.187937564323213,0.28871289578763,"gauss"
75042,"LSE",0.104265551255956,0.127546067665384,"gauss"
75042,"Huber",0.124576018307144,0.153062416813426,"gauss"
75042,"L1",0.104399945082276,0.130342161641544,"gauss"
75042,"PMM3",0.101541516892825,0.124320086953054,"gauss"
75042,"W1",0.121980213611263,0.14957427928641,"gauss"
75042,"WPMM3",0.122283088495531,0.149967997974436,"gauss"
75043,"LSE",0.243409743307486,0.317784037161483,"gauss"
75043,"Huber",0.243812142657219,0.319246170131202,"gauss"
75043,"L1",0.293426735478814,0.362096000329426,"gauss"
75043,"PMM3",0.244525373679784,0.319147906642038,"gauss"
75043,"W1",0.24631207104012,0.322316832237163,"gauss"
75043,"WPMM3",0.24631207104012,0.322316832237163,"gauss"
75044,"LSE",0.153264901693467,0.184311307669056,"gauss"
75044,"Huber",0.181328622474124,0.216239050826801,"gauss"
75044,"L1",0.229019603151301,0.26154458533632,"gauss"
75044,"PMM3",0.160614446808608,0.192904717790199,"gauss"
75044,"W1",0.182475704901075,0.216859005832514,"gauss"
75044,"WPMM3",0.187124985606341,0.221992129338126,"gauss"
75045,"LSE",0.0688884613683224,0.0915158457744334,"gauss"
75045,"Huber",0.0599034140840733,0.0796707378649063,"gauss"
75045,"L1",0.104229034545257,0.143917871440302,"gauss"
75045,"PMM3",0.0808930872208601,0.104478793750668,"gauss"
75045,"W1",0.0637107183006813,0.0858153370700464,"gauss"
75045,"WPMM3",0.0637107183006813,0.0858153370700464,"gauss"
75046,"LSE",0.107844315375427,0.124277672612513,"gauss"
75046,"Huber",0.136875890720586,0.152614752181215,"gauss"
75046,"L1",0.192751842953035,0.229166937669013,"gauss"
75046,"PMM3",0.101215098657387,0.117984723042903,"gauss"
75046,"W1",0.134616783705335,0.148968069595556,"gauss"
75046,"WPMM3",0.134616783705335,0.148968069595556,"gauss"
75047,"LSE",0.129523305515303,0.19356076161804,"gauss"
75047,"Huber",0.12413006502114,0.173832438449481,"gauss"
75047,"L1",0.135011155591328,0.173710096824549,"gauss"
75047,"PMM3",0.13065800674755,0.196464328734759,"gauss"
75047,"W1",0.124176739994881,0.176868298711972,"gauss"
75047,"WPMM3",0.124164821678242,0.176817136365896,"gauss"
75048,"LSE",0.172239302840452,0.226030066115689,"gauss"
75048,"Huber",0.184662788175921,0.238307259877577,"gauss"
75048,"L1",0.218998831099239,0.278024297190976,"gauss"
75048,"PMM3",0.172694654691401,0.226432743649089,"gauss"
75048,"W1",0.180536396743437,0.233839218833076,"gauss"
75048,"WPMM3",0.180780237426036,0.23409376047132,"gauss"
75049,"LSE",0.0969592173235879,0.151105286051609,"gauss"
75049,"Huber",0.107187782682556,0.167797806540048,"gauss"
75049,"L1",0.189878272394532,0.289561147850155,"gauss"
75049,"PMM3",0.092538246976124,0.137985858851396,"gauss"
75049,"W1",0.102496655102368,0.161946706734332,"gauss"
75049,"WPMM3",0.102496655102368,0.161946706734332,"gauss"
75050,"LSE",0.158879413561951,0.228001943499299,"gauss"
75050,"Huber",0.163783241999108,0.244329657815823,"gauss"
75050,"L1",0.204471851167358,0.31529498906415,"gauss"
75050,"PMM3",0.157961449816133,0.220868359963929,"gauss"
75050,"W1",0.158827275831765,0.234923472070238,"gauss"
75050,"WPMM3",0.158827275831765,0.234923472070238,"gauss"
75051,"LSE",0.108771168846151,0.141963509589661,"gauss"
75051,"Huber",0.110244088177798,0.142393086083346,"gauss"
75051,"L1",0.0809129106257723,0.113600429368478,"gauss"
75051,"PMM3",0.109463277162987,0.142409794388569,"gauss"
75051,"W1",0.110383083925938,0.143225734195674,"gauss"
75051,"WPMM3",0.111606937698113,0.144648565120028,"gauss"
75052,"LSE",0.120399628647432,0.152429725630843,"gauss"
75052,"Huber",0.138450473999452,0.180240290508474,"gauss"
75052,"L1",0.21252779044478,0.247494205407324,"gauss"
75052,"PMM3",0.12293813522263,0.15782161840739,"gauss"
75052,"W1",0.13500362901902,0.175844479690684,"gauss"
75052,"WPMM3",0.146090051782287,0.191806921697846,"gauss"
75053,"LSE",0.130279746473888,0.181633198046386,"gauss"
75053,"Huber",0.124833571016454,0.177997017029094,"gauss"
75053,"L1",0.115270097376845,0.175408973897234,"gauss"
75053,"PMM3",0.12940634515353,0.183176469327264,"gauss"
75053,"W1",0.127565125981591,0.183928201059767,"gauss"
75053,"WPMM3",0.129165443352957,0.188957312641132,"gauss"
75054,"LSE",0.177573967664178,0.236811206091089,"gauss"
75054,"Huber",0.180945513530519,0.243895001423799,"gauss"
75054,"L1",0.18544156037222,0.253815787428705,"gauss"
75054,"PMM3",0.177930260461809,0.234943254219925,"gauss"
75054,"W1",0.177210145770305,0.238919377983793,"gauss"
75054,"WPMM3",0.177210145770305,0.238919377983793,"gauss"
75055,"LSE",0.13479833212448,0.161541884975993,"gauss"
75055,"Huber",0.143919544807551,0.180199257630073,"gauss"
75055,"L1",0.125286508005476,0.15874249162396,"gauss"
75055,"PMM3",0.136918758184729,0.169251677150938,"gauss"
75055,"W1",0.138708841096175,0.172232735117545,"gauss"
75055,"WPMM3",0.1542056249879,0.200913482409186,"gauss"
75056,"LSE",0.0861507183647628,0.107250197640267,"gauss"
75056,"Huber",0.0871831597942581,0.115234999305214,"gauss"
75056,"L1",0.114945346089671,0.161416912068667,"gauss"
75056,"PMM3",0.0868846093578026,0.107270146414985,"gauss"
75056,"W1",0.0880452227556326,0.120406919410724,"gauss"
75056,"WPMM3",0.0880452227556326,0.120406919410724,"gauss"
75057,"LSE",0.103745808156972,0.154593033066312,"gauss"
75057,"Huber",0.101046813720339,0.149606436417182,"gauss"
75057,"L1",0.0922998316884964,0.13326838966189,"gauss"
75057,"PMM3",0.104979514160284,0.153300003595671,"gauss"
75057,"W1",0.105390220801935,0.154222655811345,"gauss"
75057,"WPMM3",0.104445447340696,0.152433471938628,"gauss"
75058,"LSE",0.0940626264701342,0.127962505425848,"gauss"
75058,"Huber",0.104102783976275,0.138617009598594,"gauss"
75058,"L1",0.071368509229065,0.109796319248149,"gauss"
75058,"PMM3",0.089655818577357,0.123494081126634,"gauss"
75058,"W1",0.0972633855524775,0.130956450889959,"gauss"
75058,"WPMM3",0.0972633855524775,0.130956450889959,"gauss"
75059,"LSE",0.104967170081832,0.149323763301675,"gauss"
75059,"Huber",0.103052778963103,0.145797923729785,"gauss"
75059,"L1",0.0714228506476044,0.0861648022629877,"gauss"
75059,"PMM3",0.105172896275563,0.150210731522622,"gauss"
75059,"W1",0.103297814565001,0.145134635104584,"gauss"
75059,"WPMM3",0.103289344226691,0.145120224071264,"gauss"
75060,"LSE",0.0779347193283747,0.104474447825442,"gauss"
75060,"Huber",0.0740146996518689,0.108338063267392,"gauss"
75060,"L1",0.0412921712154808,0.0549458414701414,"gauss"
75060,"PMM3",0.0762349111930594,0.104373590893397,"gauss"
75060,"W1",0.0749569645886246,0.107247981197858,"gauss"
75060,"WPMM3",0.0743870186684078,0.107253896531139,"gauss"
75061,"LSE",0.0924428980554841,0.127294831115425,"gauss"
75061,"Huber",0.111926715534424,0.157313834237907,"gauss"
75061,"L1",0.163265040309956,0.221605470072478,"gauss"
75061,"PMM3",0.0885674209150155,0.119974917431321,"gauss"
75061,"W1",0.10493931088784,0.148740134851207,"gauss"
75061,"WPMM3",0.10493931088784,0.148740134851207,"gauss"
75062,"LSE",0.122748080169473,0.176559127471859,"gauss"
75062,"Huber",0.114919399025161,0.157953817399707,"gauss"
75062,"L1",0.0544277695406769,0.069701955661747,"gauss"
75062,"PMM3",0.141620887090434,0.209201362518882,"gauss"
75062,"W1",0.108607811679191,0.152108319195044,"gauss"
75062,"WPMM3",0.108607811679191,0.152108319195044,"gauss"
75063,"LSE",0.100278992138003,0.127256555974008,"gauss"
75063,"Huber",0.107089889459083,0.130299449149975,"gauss"
75063,"L1",0.160914558271337,0.198531456147253,"gauss"
75063,"PMM3",0.101516527010715,0.127392665246885,"gauss"
75063,"W1",0.109778088603477,0.1325147166457,"gauss"
75063,"WPMM3",0.119626777940373,0.142408031215279,"gauss"
75064,"LSE",0.124514178482991,0.168808318766981,"gauss"
75064,"Huber",0.136725193678893,0.188343035259753,"gauss"
75064,"L1",0.198735985762376,0.24554590203737,"gauss"
75064,"PMM3",0.124740381186652,0.169213307004747,"gauss"
75064,"W1",0.137687969660269,0.192647128170328,"gauss"
75064,"WPMM3",0.13962855002112,0.195835705992144,"gauss"
75065,"LSE",0.115669478218796,0.101365749191009,"gauss"
75065,"Huber",0.12776078220534,0.116618409095841,"gauss"
75065,"L1",0.12811066301883,0.173287398649677,"gauss"
75065,"PMM3",0.109791034120635,0.100253508489293,"gauss"
75065,"W1",0.118061506721287,0.10475413818719,"gauss"
75065,"WPMM3",0.118061506721287,0.10475413818719,"gauss"
75066,"LSE",0.0772318183147715,0.102209243668978,"gauss"
75066,"Huber",0.0764367084831307,0.106728882014378,"gauss"
75066,"L1",0.0791917419521334,0.128026127855936,"gauss"
75066,"PMM3",0.0771107452789348,0.102256702122216,"gauss"
75066,"W1",0.0761246505653696,0.110283609150055,"gauss"
75066,"WPMM3",0.0761246505653696,0.110283609150055,"gauss"
75067,"LSE",0.116440668318905,0.0793473669688417,"gauss"
75067,"Huber",0.101198133842006,0.0922094917980521,"gauss"
75067,"L1",0.0908606018557876,0.0960039501536038,"gauss"
75067,"PMM3",0.129254362969307,0.0811543570489231,"gauss"
75067,"W1",0.0961479629610217,0.0841721153497114,"gauss"
75067,"WPMM3",0.0961479629610217,0.0841721153497114,"gauss"
75068,"LSE",0.0802586062969287,0.123484135352646,"gauss"
75068,"Huber",0.0783589688132975,0.122178633102267,"gauss"
75068,"L1",0.108456494423265,0.162707333501246,"gauss"
75068,"PMM3",0.0791956769357255,0.122866513059708,"gauss"
75068,"W1",0.0784935238534244,0.122192782704725,"gauss"
75068,"WPMM3",0.0788290167440075,0.122878774239966,"gauss"
75069,"LSE",0.0856757412827909,0.127636664294996,"gauss"
75069,"Huber",0.0969925791114718,0.139654317999091,"gauss"
75069,"L1",0.184849453210772,0.246217647535076,"gauss"
75069,"PMM3",0.0843603933494824,0.126546534337041,"gauss"
75069,"W1",0.0952631489495429,0.137093084017521,"gauss"
75069,"WPMM3",0.0952631489495429,0.137093084017521,"gauss"
75070,"LSE",0.0925322985120224,0.10877699906878,"gauss"
75070,"Huber",0.0912232684646588,0.0973656987493478,"gauss"
75070,"L1",0.122372805183535,0.137690897703863,"gauss"
75070,"PMM3",0.0938023174021141,0.121103733309824,"gauss"
75070,"W1",0.0923984181088365,0.103464529135692,"gauss"
75070,"WPMM3",0.0923984181088365,0.103464529135692,"gauss"
75071,"LSE",0.204185184343748,0.290396918310204,"gauss"
75071,"Huber",0.197635022843007,0.282172148584809,"gauss"
75071,"L1",0.273856399271074,0.364612976158065,"gauss"
75071,"PMM3",0.216728001911808,0.308788656503217,"gauss"
75071,"W1",0.209997789071788,0.299270205155446,"gauss"
75071,"WPMM3",0.209997789071788,0.299270205155446,"gauss"
75072,"LSE",0.148955650737378,0.188518870667418,"gauss"
75072,"Huber",0.15132659925918,0.194250306229325,"gauss"
75072,"L1",0.13974684592392,0.168206431336598,"gauss"
75072,"PMM3",0.15421592960185,0.188142802064992,"gauss"
75072,"W1",0.143993936416839,0.187527497012183,"gauss"
75072,"WPMM3",0.143993936416839,0.187527497012183,"gauss"
75073,"LSE",0.176371545779985,0.228581162800237,"gauss"
75073,"Huber",0.186043483616055,0.236183415894141,"gauss"
75073,"L1",0.177195818833756,0.203434333951949,"gauss"
75073,"PMM3",0.178145241876613,0.230568055106653,"gauss"
75073,"W1",0.178107809906853,0.227909091926476,"gauss"
75073,"WPMM3",0.17786398390683,0.225153472110897,"gauss"
75074,"LSE",0.0970959112781852,0.140610497961981,"gauss"
75074,"Huber",0.105681111686997,0.150683913776765,"gauss"
75074,"L1",0.128599643290458,0.187445754808689,"gauss"
75074,"PMM3",0.0970942252787816,0.140608568696101,"gauss"
75074,"W1",0.106766003558796,0.152568394860329,"gauss"
75074,"WPMM3",0.110077792432638,0.157026548698382,"gauss"
75075,"LSE",0.144327175645007,0.154819337398954,"gauss"
75075,"Huber",0.146674920024644,0.160906737747799,"gauss"
75075,"L1",0.201240077146857,0.230778077588931,"gauss"
75075,"PMM3",0.140829428248648,0.149463747763591,"gauss"
75075,"W1",0.149642469185252,0.160224412342625,"gauss"
75075,"WPMM3",0.149642469185252,0.160224412342625,"gauss"
75076,"LSE",0.188612433462358,0.258196448380657,"gauss"
75076,"Huber",0.18360060595761,0.249680283663313,"gauss"
75076,"L1",0.23321463901665,0.290209056775716,"gauss"
75076,"PMM3",0.202702570704143,0.286989683947342,"gauss"
75076,"W1",0.191619738911336,0.258250564218687,"gauss"
75076,"WPMM3",0.191619738911336,0.258250564218687,"gauss"
75077,"LSE",0.0837934006046009,0.106778675191112,"gauss"
75077,"Huber",0.103226689444616,0.130333936984652,"gauss"
75077,"L1",0.137141052571625,0.164848242837961,"gauss"
75077,"PMM3",0.0876423905100558,0.111465262883464,"gauss"
75077,"W1",0.101286220756131,0.128151130248516,"gauss"
75077,"WPMM3",0.111519866925361,0.14120098503869,"gauss"
75078,"LSE",0.0857112015903854,0.121942854137065,"gauss"
75078,"Huber",0.0834558279152808,0.113062254816567,"gauss"
75078,"L1",0.129054826678766,0.170012722657584,"gauss"
75078,"PMM3",0.100055000444329,0.144703189121707,"gauss"
75078,"W1",0.0846912263789237,0.116380162758875,"gauss"
75078,"WPMM3",0.0846912263789237,0.116380162758875,"gauss"
75079,"LSE",0.13037424462556,0.178132301186928,"gauss"
75079,"Huber",0.127291532573596,0.174257557947354,"gauss"
75079,"L1",0.16665649445666,0.258865080320936,"gauss"
75079,"PMM3",0.13588464152137,0.184082727436688,"gauss"
75079,"W1",0.128024684253516,0.175074119492397,"gauss"
75079,"WPMM3",0.128024684253516,0.175074119492397,"gauss"
75080,"LSE",0.169638834616289,0.20524928082318,"gauss"
75080,"Huber",0.166321302975324,0.197015641186915,"gauss"
75080,"L1",0.138850383806552,0.14641989344156,"gauss"
75080,"PMM3",0.169294182738787,0.204540589397267,"gauss"
75080,"W1",0.16457708333169,0.194930518249722,"gauss"
75080,"WPMM3",0.163850187272868,0.193527758350755,"gauss"
75081,"LSE",0.142736299452947,0.16598646174787,"gauss"
75081,"Huber",0.150747680027408,0.176668393341268,"gauss"
75081,"L1",0.104201503246489,0.154311801787422,"gauss"
75081,"PMM3",0.142118269439307,0.167888066605289,"gauss"
75081,"W1",0.149082537072178,0.171768993117399,"gauss"
75081,"WPMM3",0.149082537072178,0.171768993117399,"gauss"
75082,"LSE",0.119212836254437,0.178351298549721,"gauss"
75082,"Huber",0.123949762166385,0.186367768285413,"gauss"
75082,"L1",0.137268455495764,0.197933717189593,"gauss"
75082,"PMM3",0.136248776256214,0.185173579553741,"gauss"
75082,"W1",0.116395342445025,0.168732960211397,"gauss"
75082,"WPMM3",0.116395342445025,0.168732960211397,"gauss"
75083,"LSE",0.118772064308011,0.173509139712854,"gauss"
75083,"Huber",0.134206444981429,0.21205600836556,"gauss"
75083,"L1",0.161908584582005,0.230523237727683,"gauss"
75083,"PMM3",0.127451905304224,0.19537191629185,"gauss"
75083,"W1",0.132706424504753,0.20706458737242,"gauss"
75083,"WPMM3",0.136672564809755,0.216842672385799,"gauss"
75084,"LSE",0.129241453504283,0.201764329343518,"gauss"
75084,"Huber",0.139818198176363,0.213490390898846,"gauss"
75084,"L1",0.153704281820513,0.254206396553754,"gauss"
75084,"PMM3",0.128511409190214,0.200981968960531,"gauss"
75084,"W1",0.134097932076668,0.20678633909517,"gauss"
75084,"WPMM3",0.134097932076668,0.20678633909517,"gauss"
75085,"LSE",0.159160994177491,0.22070141642068,"gauss"
75085,"Huber",0.160509313707734,0.221698776596133,"gauss"
75085,"L1",0.167251479361906,0.220457443233835,"gauss"
75085,"PMM3",0.159291411397977,0.221210164429017,"gauss"
75085,"W1",0.159392812754552,0.220775947030915,"gauss"
75085,"WPMM3",0.159392812754552,0.220775947030915,"gauss"
75086,"LSE",0.0988412110529391,0.127481153145685,"gauss"
75086,"Huber",0.0987800037146108,0.104913090656612,"gauss"
75086,"L1",0.136241835162861,0.13250193450317,"gauss"
75086,"PMM3",0.104639962478954,0.145893204105652,"gauss"
75086,"W1",0.101108067467929,0.111349540430677,"gauss"
75086,"WPMM3",0.101108067467929,0.111349540430677,"gauss"
75087,"LSE",0.0742296729831052,0.0982519899683369,"gauss"
75087,"Huber",0.0762557376819917,0.100415826815091,"gauss"
75087,"L1",0.0811053983819344,0.0922583197959661,"gauss"
75087,"PMM3",0.074977276728528,0.0994957331983115,"gauss"
75087,"W1",0.07204559893414,0.095243379778884,"gauss"
75087,"WPMM3",0.07204559893414,0.095243379778884,"gauss"
75088,"LSE",0.157567867568623,0.237068520841781,"gauss"
75088,"Huber",0.147798594985796,0.218746979573669,"gauss"
75088,"L1",0.203370426904526,0.293017916634542,"gauss"
75088,"PMM3",0.154368317429629,0.231967253688534,"gauss"
75088,"W1",0.14361719612009,0.212304070715007,"gauss"
75088,"WPMM3",0.14244379984074,0.209206172107615,"gauss"
75089,"LSE",0.101571342871922,0.149999075754572,"gauss"
75089,"Huber",0.0951694826031878,0.143481293605303,"gauss"
75089,"L1",0.0723057232863463,0.108474576248557,"gauss"
75089,"PMM3",0.106281516934154,0.153913917688043,"gauss"
75089,"W1",0.0992834956407145,0.149157180534793,"gauss"
75089,"WPMM3",0.0992834956407145,0.149157180534793,"gauss"
75090,"LSE",0.133043661272228,0.20939826587879,"gauss"
75090,"Huber",0.135657753928129,0.217348144552293,"gauss"
75090,"L1",0.239822442228749,0.371029616296421,"gauss"
75090,"PMM3",0.141763164708137,0.227596167791969,"gauss"
75090,"W1",0.147912595848966,0.236794567425006,"gauss"
75090,"WPMM3",0.154154226255588,0.245488674123942,"gauss"
75091,"LSE",0.0994424571900354,0.119716293693114,"gauss"
75091,"Huber",0.114907048035183,0.121410473995195,"gauss"
75091,"L1",0.176884739981371,0.187361389008212,"gauss"
75091,"PMM3",0.0984049073940696,0.119575102152516,"gauss"
75091,"W1",0.111846186791003,0.122117375880066,"gauss"
75091,"WPMM3",0.111846186791003,0.122117375880066,"gauss"
75092,"LSE",0.209521943535324,0.28060777845604,"gauss"
75092,"Huber",0.198005487235729,0.261197417183878,"gauss"
75092,"L1",0.243516053903204,0.326300166162649,"gauss"
75092,"PMM3",0.210631740929989,0.283713541661071,"gauss"
75092,"W1",0.206893912740302,0.273361314276294,"gauss"
75092,"WPMM3",0.206893912740302,0.273361314276294,"gauss"
75093,"LSE",0.11236216629309,0.125394076390051,"gauss"
75093,"Huber",0.175686096390935,0.194450483370374,"gauss"
75093,"L1",0.189442784666306,0.197832638480195,"gauss"
75093,"PMM3",0.130641196186897,0.142915801210013,"gauss"
75093,"W1",0.162375396532275,0.176821440937322,"gauss"
75093,"WPMM3",0.185996190781227,0.206582916850575,"gauss"
75094,"LSE",0.100457819666199,0.137691086787726,"gauss"
75094,"Huber",0.104348434532687,0.144527379872126,"gauss"
75094,"L1",0.139733522210883,0.207129698022531,"gauss"
75094,"PMM3",0.100259360536519,0.13655517550825,"gauss"
75094,"W1",0.103233351186642,0.14346239584759,"gauss"
75094,"WPMM3",0.103233351186642,0.14346239584759,"gauss"
75095,"LSE",0.116286612604212,0.13325937256108,"gauss"
75095,"Huber",0.10320370501968,0.119609472835716,"gauss"
75095,"L1",0.0677770835604056,0.0847324689515694,"gauss"
75095,"PMM3",0.111852045307346,0.129126642255662,"gauss"
75095,"W1",0.106244415623606,0.127771716933135,"gauss"
75095,"WPMM3",0.102698077209967,0.125939958417646,"gauss"
75096,"LSE",0.151507579928637,0.145933828795472,"gauss"
75096,"Huber",0.153565385872621,0.1404094085007,"gauss"
75096,"L1",0.11558868389937,0.112361432471385,"gauss"
75096,"PMM3",0.151065498635054,0.143456302670418,"gauss"
75096,"W1",0.142903846727067,0.135287685829256,"gauss"
75096,"WPMM3",0.141030676591558,0.13368912351874,"gauss"
75097,"LSE",0.136223617077517,0.173463835940751,"gauss"
75097,"Huber",0.139949340074889,0.18153764844419,"gauss"
75097,"L1",0.182969842911472,0.23627607821659,"gauss"
75097,"PMM3",0.144318240278827,0.164331056538591,"gauss"
75097,"W1",0.133936621574479,0.17468025109325,"gauss"
75097,"WPMM3",0.133936621574479,0.17468025109325,"gauss"
75098,"LSE",0.0669053553232918,0.0790033422233513,"gauss"
75098,"Huber",0.0587554473848581,0.0855536331436163,"gauss"
75098,"L1",0.113817941813062,0.165741685566651,"gauss"
75098,"PMM3",0.0675702892044295,0.0794177925411656,"gauss"
75098,"W1",0.0602043226940522,0.0876581616513384,"gauss"
75098,"WPMM3",0.0702222391045431,0.103904465213252,"gauss"
75099,"LSE",0.177178996837498,0.281440627980183,"gauss"
75099,"Huber",0.163061752799288,0.256422952759202,"gauss"
75099,"L1",0.197938360182646,0.309967810734822,"gauss"
75099,"PMM3",0.182111011109481,0.28971978595876,"gauss"
75099,"W1",0.165209828562859,0.262169345489918,"gauss"
75099,"WPMM3",0.165209828562859,0.262169345489918,"gauss"
75100,"LSE",0.128080109906093,0.135605262609792,"gauss"
75100,"Huber",0.138941282138706,0.154635189854106,"gauss"
75100,"L1",0.13036406519726,0.137408835789346,"gauss"
75100,"PMM3",0.122973855452364,0.129715180626818,"gauss"
75100,"W1",0.132695341239858,0.144339055371806,"gauss"
75100,"WPMM3",0.132695341239858,0.144339055371806,"gauss"
75101,"LSE",0.170802269941084,0.226682420997755,"gauss"
75101,"Huber",0.192312527914273,0.255275335459421,"gauss"
75101,"L1",0.21919270782745,0.278346921573651,"gauss"
75101,"PMM3",0.171193927121909,0.227202814643596,"gauss"
75101,"W1",0.191181615942147,0.252762230784957,"gauss"
75101,"WPMM3",0.197173187232126,0.260665935419228,"gauss"
75102,"LSE",0.126892601110257,0.188877700715004,"gauss"
75102,"Huber",0.129021510155742,0.186004757269166,"gauss"
75102,"L1",0.120023605236075,0.155140823797076,"gauss"
75102,"PMM3",0.127563477391527,0.191501968559471,"gauss"
75102,"W1",0.123208099359155,0.178663289797937,"gauss"
75102,"WPMM3",0.123208099359155,0.178663289797937,"gauss"
75103,"LSE",0.181818490821347,0.214418274818229,"gauss"
75103,"Huber",0.163268928975146,0.185184143347934,"gauss"
75103,"L1",0.17042496299015,0.202918522168014,"gauss"
75103,"PMM3",0.193961168161627,0.233095735698957,"gauss"
75103,"W1",0.166066150387679,0.190099320577246,"gauss"
75103,"WPMM3",0.166066150387679,0.190099320577246,"gauss"
75104,"LSE",0.0434975441301761,0.057392564215283,"gauss"
75104,"Huber",0.0564875804560533,0.067969397411869,"gauss"
75104,"L1",0.0897804407848057,0.0946656992667273,"gauss"
75104,"PMM3",0.0459632649363147,0.0635362449643197,"gauss"
75104,"W1",0.0456869998860268,0.0596150884581799,"gauss"
75104,"WPMM3",0.0456869998860268,0.0596150884581799,"gauss"
75105,"LSE",0.0867035253927564,0.129494020591802,"gauss"
75105,"Huber",0.0524450943309193,0.0736219592669579,"gauss"
75105,"L1",0.104386965949727,0.158539037030913,"gauss"
75105,"PMM3",0.0998618321827024,0.149687874428349,"gauss"
75105,"W1",0.0606655249557597,0.0907072910450291,"gauss"
75105,"WPMM3",0.0606655249557597,0.0907072910450291,"gauss"
75106,"LSE",0.0705807137210447,0.0838434000209699,"gauss"
75106,"Huber",0.0853866970008971,0.0983813760280823,"gauss"
75106,"L1",0.123918906678772,0.138785595635246,"gauss"
75106,"PMM3",0.0693652963757801,0.0828409597945145,"gauss"
75106,"W1",0.0825577859154482,0.0924969524257374,"gauss"
75106,"WPMM3",0.0849482638355655,0.0948689581811687,"gauss"
75107,"LSE",0.162562974878634,0.207396087072201,"gauss"
75107,"Huber",0.15118275646022,0.194744590428843,"gauss"
75107,"L1",0.233824794140386,0.314286417496101,"gauss"
75107,"PMM3",0.174532580243051,0.220558303738394,"gauss"
75107,"W1",0.155736637048846,0.200141884688366,"gauss"
75107,"WPMM3",0.155736637048846,0.200141884688366,"gauss"
75108,"LSE",0.0855176264196272,0.117036912876951,"gauss"
75108,"Huber",0.0996886758899291,0.139665784534302,"gauss"
75108,"L1",0.126421531087773,0.18114611584056,"gauss"
75108,"PMM3",0.0857105538479776,0.117294575062305,"gauss"
75108,"W1",0.093879678623708,0.127720608088657,"gauss"
75108,"WPMM3",0.0982653012583113,0.134129716638624,"gauss"
75109,"LSE",0.0555432060794025,0.0787337771311171,"gauss"
75109,"Huber",0.0556835394484469,0.0796603833286687,"gauss"
75109,"L1",0.0905673648164892,0.114776022671771,"gauss"
75109,"PMM3",0.0701040791591297,0.0999954784144751,"gauss"
75109,"W1",0.0539797533257826,0.0762560007044773,"gauss"
75109,"WPMM3",0.0539797533257826,0.0762560007044773,"gauss"
75110,"LSE",0.152112047180313,0.201345473267414,"gauss"
75110,"Huber",0.160058781754091,0.212220222575954,"gauss"
75110,"L1",0.198588627379929,0.246314745567155,"gauss"
75110,"PMM3",0.149940298238102,0.198696896400361,"gauss"
75110,"W1",0.157419602504424,0.206470063685366,"gauss"
75110,"WPMM3",0.157419602504424,0.206470063685366,"gauss"
75111,"LSE",0.11501900839026,0.152491635626752,"gauss"
75111,"Huber",0.13697647170436,0.170147696426241,"gauss"
75111,"L1",0.125809008646196,0.191416404462777,"gauss"
75111,"PMM3",0.122046934103087,0.158619755145454,"gauss"
75111,"W1",0.129406407144598,0.165293668523143,"gauss"
75111,"WPMM3",0.137821775212759,0.174475783692451,"gauss"
75112,"LSE",0.143870324655578,0.239281644977403,"gauss"
75112,"Huber",0.129699248621108,0.216283727121756,"gauss"
75112,"L1",0.190470813224312,0.31788899324164,"gauss"
75112,"PMM3",0.142421009654404,0.237330529749277,"gauss"
75112,"W1",0.138978602190488,0.232549049100125,"gauss"
75112,"WPMM3",0.138273259206501,0.231343099875683,"gauss"
75113,"LSE",0.106687420469046,0.162383622949343,"gauss"
75113,"Huber",0.0900679975721487,0.133764012351361,"gauss"
75113,"L1",0.157386875515762,0.22590981268417,"gauss"
75113,"PMM3",0.124413140174441,0.192557185541246,"gauss"
75113,"W1",0.097096803802421,0.146861390391426,"gauss"
75113,"WPMM3",0.097096803802421,0.146861390391426,"gauss"
75114,"LSE",0.1275157747693,0.152864646540558,"gauss"
75114,"Huber",0.133023070740559,0.157805011234155,"gauss"
75114,"L1",0.176347171864507,0.2162587114951,"gauss"
75114,"PMM3",0.129222751995747,0.160360937649718,"gauss"
75114,"W1",0.130078358537124,0.152532595462629,"gauss"
75114,"WPMM3",0.130078358537124,0.152532595462629,"gauss"
75115,"LSE",0.176898495080523,0.273852533437725,"gauss"
75115,"Huber",0.202802689730036,0.308439492128659,"gauss"
75115,"L1",0.225102229872205,0.322495822613036,"gauss"
75115,"PMM3",0.185039835378977,0.286270418087891,"gauss"
75115,"W1",0.199749379113873,0.305579704892402,"gauss"
75115,"WPMM3",0.206212474246324,0.314105232038606,"gauss"
75116,"LSE",0.119712336162274,0.155117869761646,"gauss"
75116,"Huber",0.0952032610858594,0.124452154295096,"gauss"
75116,"L1",0.150381291234896,0.192418262545148,"gauss"
75116,"PMM3",0.115357877488593,0.150016490359025,"gauss"
75116,"W1",0.101947253605514,0.133832719601168,"gauss"
75116,"WPMM3",0.101947253605514,0.133832719601168,"gauss"
75117,"LSE",0.124587308626165,0.162129206510965,"gauss"
75117,"Huber",0.126549464196669,0.158329246319696,"gauss"
75117,"L1",0.152932473289345,0.179357686294566,"gauss"
75117,"PMM3",0.124484049425155,0.160537397875482,"gauss"
75117,"W1",0.125740932107887,0.158460369708365,"gauss"
75117,"WPMM3",0.126513702025346,0.15774548635456,"gauss"
75118,"LSE",0.126589766940659,0.182120770408757,"gauss"
75118,"Huber",0.135055626089796,0.197701047687412,"gauss"
75118,"L1",0.166768420753854,0.263906651836164,"gauss"
75118,"PMM3",0.124408270372165,0.17836947356166,"gauss"
75118,"W1",0.133684072474765,0.194906788696876,"gauss"
75118,"WPMM3",0.135053058595072,0.197529350403459,"gauss"
75119,"LSE",0.14860776384519,0.249672679200624,"gauss"
75119,"Huber",0.127150450067238,0.208248511111197,"gauss"
75119,"L1",0.182171864361509,0.311404404768094,"gauss"
75119,"PMM3",0.145367952351708,0.244019632853221,"gauss"
75119,"W1",0.132588620467971,0.221840831976248,"gauss"
75119,"WPMM3",0.128100087195308,0.212893936080495,"gauss"
75120,"LSE",0.0636080993695763,0.08117698540568,"gauss"
75120,"Huber",0.0747470122389958,0.0861064304566756,"gauss"
75120,"L1",0.0866630756892954,0.082693316820474,"gauss"
75120,"PMM3",0.0636129624143664,0.0812961418181605,"gauss"
75120,"W1",0.0718900476352811,0.0809928768483975,"gauss"
75120,"WPMM3",0.0768934993819331,0.0851518368118879,"gauss"
75121,"LSE",0.135876593376553,0.182440342049914,"gauss"
75121,"Huber",0.139528961910275,0.20073866176751,"gauss"
75121,"L1",0.134869318254229,0.210709846801095,"gauss"
75121,"PMM3",0.137935729197629,0.175794506078745,"gauss"
75121,"W1",0.136976092227557,0.193018439589067,"gauss"
75121,"WPMM3",0.136976092227557,0.193018439589067,"gauss"
75122,"LSE",0.129701235536241,0.170677004886321,"gauss"
75122,"Huber",0.116529947004328,0.146540580588175,"gauss"
75122,"L1",0.0767490084548316,0.111384204050041,"gauss"
75122,"PMM3",0.131086558655391,0.173146885342174,"gauss"
75122,"W1",0.108955908588817,0.140453891041004,"gauss"
75122,"WPMM3",0.106602936719519,0.136460726146989,"gauss"
75123,"LSE",0.131280880796185,0.151996439480335,"gauss"
75123,"Huber",0.129712953854426,0.139855728317058,"gauss"
75123,"L1",0.181214425337785,0.243066965235744,"gauss"
75123,"PMM3",0.132845339504339,0.156984880277973,"gauss"
75123,"W1",0.121936172020667,0.138734176271485,"gauss"
75123,"WPMM3",0.121936172020667,0.138734176271485,"gauss"
75124,"LSE",0.0946019513084155,0.129373771413908,"gauss"
75124,"Huber",0.0805711325944143,0.107280349199996,"gauss"
75124,"L1",0.127333154296567,0.147555859197839,"gauss"
75124,"PMM3",0.0933091786696156,0.127698581116148,"gauss"
75124,"W1",0.0841177710678081,0.112086085916264,"gauss"
75124,"WPMM3",0.0837619876233054,0.109389154507998,"gauss"
75125,"LSE",0.0964326585088111,0.150309031371924,"gauss"
75125,"Huber",0.129521204723121,0.203547175366388,"gauss"
75125,"L1",0.180366248973784,0.259398523787077,"gauss"
75125,"PMM3",0.0695936054516965,0.105429998405914,"gauss"
75125,"W1",0.118173373163015,0.186306932028675,"gauss"
75125,"WPMM3",0.118173373163015,0.186306932028675,"gauss"
75126,"LSE",0.0457168239123139,0.0688262627133907,"gauss"
75126,"Huber",0.0415596608459522,0.0528745395855925,"gauss"
75126,"L1",0.0933814649529453,0.0750060710224422,"gauss"
75126,"PMM3",0.0401262389106293,0.0588825722751099,"gauss"
75126,"W1",0.0389768505264326,0.0503274454501856,"gauss"
75126,"WPMM3",0.0441640224659052,0.0530446574929447,"gauss"
75127,"LSE",0.112237076995802,0.174463165540698,"gauss"
75127,"Huber",0.0941089757630011,0.135048920959064,"gauss"
75127,"L1",0.174585062392511,0.232990147056908,"gauss"
75127,"PMM3",0.112620336923128,0.175253260889818,"gauss"
75127,"W1",0.0996046088623682,0.145615774431327,"gauss"
75127,"WPMM3",0.0974293448432713,0.139141913633782,"gauss"
75128,"LSE",0.121417586398684,0.153493225155271,"gauss"
75128,"Huber",0.124336262299244,0.142398854124984,"gauss"
75128,"L1",0.211213859357758,0.221337633306584,"gauss"
75128,"PMM3",0.121513882523507,0.155489532163579,"gauss"
75128,"W1",0.125403351275389,0.145974226519472,"gauss"
75128,"WPMM3",0.125403351275389,0.145974226519472,"gauss"
75129,"LSE",0.105794897580551,0.145253384290393,"gauss"
75129,"Huber",0.095810215110396,0.128976097481433,"gauss"
75129,"L1",0.124363669445481,0.129449956587677,"gauss"
75129,"PMM3",0.112588586821175,0.157781309973465,"gauss"
75129,"W1",0.105478688555058,0.135754035149595,"gauss"
75129,"WPMM3",0.105478688555058,0.135754035149595,"gauss"
75130,"LSE",0.122104389520452,0.177112206932809,"gauss"
75130,"Huber",0.114839721639176,0.169573298091219,"gauss"
75130,"L1",0.130608868607447,0.174230819769762,"gauss"
75130,"PMM3",0.121754630901469,0.176576155026726,"gauss"
75130,"W1",0.118587177864966,0.171968309773914,"gauss"
75130,"WPMM3",0.117781309605977,0.170856473120511,"gauss"
75131,"LSE",0.100577622531978,0.131426309612374,"gauss"
75131,"Huber",0.110884704236189,0.150989221389098,"gauss"
75131,"L1",0.0965868700455618,0.133991872969307,"gauss"
75131,"PMM3",0.0995250323497009,0.129397206436312,"gauss"
75131,"W1",0.106335321936911,0.14330266992275,"gauss"
75131,"WPMM3",0.106335321936911,0.14330266992275,"gauss"
75132,"LSE",0.101739555084436,0.125012133279648,"gauss"
75132,"Huber",0.116100408085515,0.155544452090442,"gauss"
75132,"L1",0.159997472956678,0.138833571630924,"gauss"
75132,"PMM3",0.0964719075681873,0.104721992901271,"gauss"
75132,"W1",0.114474098970476,0.146768271757599,"gauss"
75132,"WPMM3",0.114474098970476,0.146768271757599,"gauss"
75133,"LSE",0.168792072039144,0.225565011540451,"gauss"
75133,"Huber",0.193252824429591,0.257186395621644,"gauss"
75133,"L1",0.239013226005336,0.279585864743519,"gauss"
75133,"PMM3",0.180469216160003,0.241900244509272,"gauss"
75133,"W1",0.188243005058555,0.251251380426309,"gauss"
75133,"WPMM3",0.198222135970382,0.263528596775284,"gauss"
75134,"LSE",0.238941778311207,0.361751925448211,"gauss"
75134,"Huber",0.261152704509493,0.391085647369961,"gauss"
75134,"L1",0.250914801921604,0.362725037335058,"gauss"
75134,"PMM3",0.221600329582487,0.337411690888959,"gauss"
75134,"W1",0.249170453732868,0.375870273647143,"gauss"
75134,"WPMM3",0.249170453732868,0.375870273647143,"gauss"
75135,"LSE",0.0880820318588166,0.140858325456524,"gauss"
75135,"Huber",0.0890802206826892,0.13834273487802,"gauss"
75135,"L1",0.0849695933675097,0.145055939988742,"gauss"
75135,"PMM3",0.0876452040327378,0.140485789522225,"gauss"
75135,"W1",0.0863273293531965,0.136872224493611,"gauss"
75135,"WPMM3",0.0863273293531965,0.136872224493611,"gauss"
75136,"LSE",0.0661603834218483,0.0709213238336544,"gauss"
75136,"Huber",0.0773489163477456,0.0842893463236875,"gauss"
75136,"L1",0.147323003727365,0.179422876462357,"gauss"
75136,"PMM3",0.0614527659982537,0.0666526252485218,"gauss"
75136,"W1",0.0797701349565996,0.0797498463095557,"gauss"
75136,"WPMM3",0.0797701349565996,0.0797498463095557,"gauss"
75137,"LSE",0.124290413086027,0.179704176133855,"gauss"
75137,"Huber",0.119338225368852,0.156488585034181,"gauss"
75137,"L1",0.108387501855469,0.134402718242629,"gauss"
75137,"PMM3",0.126480589232596,0.187558552905564,"gauss"
75137,"W1",0.120874123611129,0.163656270857838,"gauss"
75137,"WPMM3",0.120874123611129,0.163656270857838,"gauss"
75138,"LSE",0.158153858972901,0.224074324504518,"gauss"
75138,"Huber",0.161497807624701,0.23358368402122,"gauss"
75138,"L1",0.183254740945361,0.276556329343707,"gauss"
75138,"PMM3",0.157415020787459,0.212878444763879,"gauss"
75138,"W1",0.159881538409456,0.230023707624759,"gauss"
75138,"WPMM3",0.159881538409456,0.230023707624759,"gauss"
75139,"LSE",0.0528119315827853,0.0691159954971851,"gauss"
75139,"Huber",0.059222349698462,0.0734203499922548,"gauss"
75139,"L1",0.129573367153937,0.160307469421026,"gauss"
75139,"PMM3",0.0579512082393993,0.0821464380421559,"gauss"
75139,"W1",0.0547650136054587,0.068554806108943,"gauss"
75139,"WPMM3",0.0547650136054587,0.068554806108943,"gauss"
75140,"LSE",0.1256272108203,0.117867173359929,"gauss"
75140,"Huber",0.110863702936747,0.111203378944535,"gauss"
75140,"L1",0.11813625610904,0.148657973537201,"gauss"
75140,"PMM3",0.116931965589366,0.111584810002672,"gauss"
75140,"W1",0.107863031109096,0.107169964875931,"gauss"
75140,"WPMM3",0.106654023654421,0.108944182982717,"gauss"
75141,"LSE",0.0625195844354444,0.0589072032144847,"gauss"
75141,"Huber",0.0453662300168118,0.0560801230999774,"gauss"
75141,"L1",0.0657034008078848,0.0800595702967114,"gauss"
75141,"PMM3",0.0613708402240645,0.0580871217056107,"gauss"
75141,"W1",0.0460756724767766,0.0570484122232145,"gauss"
75141,"WPMM3",0.0423987512093705,0.0574859326647308,"gauss"
75142,"LSE",0.120122566357909,0.167542466579242,"gauss"
75142,"Huber",0.116757529417399,0.163422510826521,"gauss"
75142,"L1",0.109898916053229,0.145578969600179,"gauss"
75142,"PMM3",0.119160972740324,0.164298405334693,"gauss"
75142,"W1",0.118488856267424,0.16244112737626,"gauss"
75142,"WPMM3",0.118474057151564,0.162499755740694,"gauss"
75143,"LSE",0.049618624091416,0.0494871823919778,"gauss"
75143,"Huber",0.0487385178641748,0.0466734951059449,"gauss"
75143,"L1",0.111953087617141,0.104853263132752,"gauss"
75143,"PMM3",0.0471253831273,0.0599011293691397,"gauss"
75143,"W1",0.0626218001627692,0.0567602323462324,"gauss"
75143,"WPMM3",0.0626218001627692,0.0567602323462324,"gauss"
75144,"LSE",0.131378511235209,0.176035973243766,"gauss"
75144,"Huber",0.131627944925763,0.173620369948889,"gauss"
75144,"L1",0.100989965108443,0.149381814775176,"gauss"
75144,"PMM3",0.130997749257805,0.175402013698546,"gauss"
75144,"W1",0.130325409634695,0.172445500164028,"gauss"
75144,"WPMM3",0.129748020426229,0.170929000805152,"gauss"
75145,"LSE",0.150463897890852,0.217758933127333,"gauss"
75145,"Huber",0.142374676557676,0.208218022821596,"gauss"
75145,"L1",0.0622578151844452,0.0824264178143071,"gauss"
75145,"PMM3",0.149697611297529,0.216702942833894,"gauss"
75145,"W1",0.139246550529116,0.202849951615522,"gauss"
75145,"WPMM3",0.137821409627529,0.200968525033679,"gauss"
75146,"LSE",0.120792457929785,0.172582077514364,"gauss"
75146,"Huber",0.117256961126275,0.172330446221674,"gauss"
75146,"L1",0.129296472570355,0.20422245049897,"gauss"
75146,"PMM3",0.119975082835661,0.172314961255237,"gauss"
75146,"W1",0.12198173846492,0.176175478911926,"gauss"
75146,"WPMM3",0.123472171352171,0.18399535694203,"gauss"
75147,"LSE",0.094260231713247,0.125673131192643,"gauss"
75147,"Huber",0.078377772345985,0.106433294367805,"gauss"
75147,"L1",0.132039481305136,0.181470988392999,"gauss"
75147,"PMM3",0.0947272312571033,0.126207366918102,"gauss"
75147,"W1",0.0823313198080061,0.112310051310477,"gauss"
75147,"WPMM3",0.0817746739748322,0.111695326498382,"gauss"
75148,"LSE",0.254013147891597,0.363669564712611,"gauss"
75148,"Huber",0.252904281584279,0.357137246968103,"gauss"
75148,"L1",0.191258149900091,0.218509509058904,"gauss"
75148,"PMM3",0.255725100260422,0.367170147381415,"gauss"
75148,"W1",0.24863102319809,0.352329560691162,"gauss"
75148,"WPMM3",0.248111608818434,0.351034028025638,"gauss"
75149,"LSE",0.0940585766072478,0.1396129391769,"gauss"
75149,"Huber",0.113998574604557,0.161077524152064,"gauss"
75149,"L1",0.174594460425126,0.237857716799705,"gauss"
75149,"PMM3",0.0929626058139734,0.139162117029614,"gauss"
75149,"W1",0.106432592867317,0.151492317755638,"gauss"
75149,"WPMM3",0.110742877051896,0.156344935878448,"gauss"
75150,"LSE",0.150976052947539,0.217437120447623,"gauss"
75150,"Huber",0.173533053263556,0.262247572042396,"gauss"
75150,"L1",0.189242812172333,0.276833298515264,"gauss"
75150,"PMM3",0.144260712514493,0.204376176171755,"gauss"
75150,"W1",0.167558286939575,0.24999914483884,"gauss"
75150,"WPMM3",0.167558286939575,0.24999914483884,"gauss"
75001,"LSE",0.168951584387243,0.205902424581302,"uniform_platy"
75001,"Huber",0.173248502646757,0.211713084750378,"uniform_platy"
75001,"L1",0.218716669787388,0.291922781900267,"uniform_platy"
75001,"PMM3",0.0758645643924011,0.0842083563896022,"uniform_platy"
75001,"W1",0.174844394312739,0.214360040932373,"uniform_platy"
75001,"WPMM3",0.177904707885317,0.221241558612886,"uniform_platy"
75002,"LSE",0.078188060334654,0.0865427352084909,"uniform_platy"
75002,"Huber",0.0781880603157257,0.0865427351795418,"uniform_platy"
75002,"L1",0.115339502717533,0.175425312591315,"uniform_platy"
75002,"PMM3",0.0724870938856158,0.0886779141524907,"uniform_platy"
75002,"W1",0.0774173843878928,0.0857315304073893,"uniform_platy"
75002,"WPMM3",0.178303360426036,0.25491998605804,"uniform_platy"
75003,"LSE",0.170507324542562,0.212061224576606,"uniform_platy"
75003,"Huber",0.175329452063929,0.21795069338797,"uniform_platy"
75003,"L1",0.232028494901103,0.283851110190895,"uniform_platy"
75003,"PMM3",0.129927653317306,0.178125124725347,"uniform_platy"
75003,"W1",0.177564887307811,0.219201993593852,"uniform_platy"
75003,"WPMM3",0.251004957011126,0.326102981264986,"uniform_platy"
75004,"LSE",0.137953190395892,0.166218158396212,"uniform_platy"
75004,"Huber",0.140323776780735,0.169454384055856,"uniform_platy"
75004,"L1",0.254019082560568,0.329370588619075,"uniform_platy"
75004,"PMM3",0.110537439590571,0.150035040178823,"uniform_platy"
75004,"W1",0.153481851819484,0.181449233440432,"uniform_platy"
75004,"WPMM3",0.287388343716625,0.352005895556387,"uniform_platy"
75005,"LSE",0.168567562134906,0.205491089872187,"uniform_platy"
75005,"Huber",0.177214977048678,0.216098716816653,"uniform_platy"
75005,"L1",0.225374557438908,0.296723712727986,"uniform_platy"
75005,"PMM3",0.0718547112160984,0.072646347214226,"uniform_platy"
75005,"W1",0.183229158766549,0.224581954177619,"uniform_platy"
75005,"WPMM3",0.236738628108013,0.333651188811854,"uniform_platy"
75006,"LSE",0.184541551306863,0.244610290955027,"uniform_platy"
75006,"Huber",0.18505363236129,0.245186285727509,"uniform_platy"
75006,"L1",0.226968614339675,0.303446244130917,"uniform_platy"
75006,"PMM3",0.0818254080281575,0.098352897690984,"uniform_platy"
75006,"W1",0.187897438384121,0.248797822131311,"uniform_platy"
75006,"WPMM3",0.341986015588089,0.461936221335571,"uniform_platy"
75007,"LSE",0.107632676301157,0.156787981782743,"uniform_platy"
75007,"Huber",0.118749251265125,0.172849667559989,"uniform_platy"
75007,"L1",0.202266493404178,0.297301226939162,"uniform_platy"
75007,"PMM3",0.0657029373754781,0.078729819095711,"uniform_platy"
75007,"W1",0.11656250819607,0.170677923415669,"uniform_platy"
75007,"WPMM3",0.228420633391184,0.348143575688271,"uniform_platy"
75008,"LSE",0.16289729091011,0.255377575973354,"uniform_platy"
75008,"Huber",0.164838495818441,0.257399563289392,"uniform_platy"
75008,"L1",0.194226827929899,0.265248193867273,"uniform_platy"
75008,"PMM3",0.121555381996507,0.200625888896362,"uniform_platy"
75008,"W1",0.164795721376974,0.252034705742431,"uniform_platy"
75008,"WPMM3",0.304953267481546,0.500718187521193,"uniform_platy"
75009,"LSE",0.121446542414022,0.130745474702992,"uniform_platy"
75009,"Huber",0.124927339010934,0.134237318532618,"uniform_platy"
75009,"L1",0.198114550314208,0.207304914664656,"uniform_platy"
75009,"PMM3",0.081805176281657,0.101727712098552,"uniform_platy"
75009,"W1",0.132303505289237,0.139778288390918,"uniform_platy"
75009,"WPMM3",0.443610811734556,0.542412429892659,"uniform_platy"
75010,"LSE",0.128521419253534,0.172395559168568,"uniform_platy"
75010,"Huber",0.140763168868121,0.190928963190445,"uniform_platy"
75010,"L1",0.172177433069522,0.21480565172823,"uniform_platy"
75010,"PMM3",0.0737170681068772,0.0867957042521275,"uniform_platy"
75010,"W1",0.143764485609116,0.192161784700597,"uniform_platy"
75010,"WPMM3",0.217426028122729,0.308493218210064,"uniform_platy"
75011,"LSE",0.148596902843702,0.166410546787123,"uniform_platy"
75011,"Huber",0.155631724617277,0.172641621808903,"uniform_platy"
75011,"L1",0.325007820756309,0.429068337579469,"uniform_platy"
75011,"PMM3",0.044548505940033,0.0507071512467908,"uniform_platy"
75011,"W1",0.177732539323485,0.197146312179187,"uniform_platy"
75011,"WPMM3",0.269461364879237,0.34272165702839,"uniform_platy"
75012,"LSE",0.0963716160111096,0.0990811763492593,"uniform_platy"
75012,"Huber",0.0990289909376348,0.101367309973412,"uniform_platy"
75012,"L1",0.183386874097772,0.209472012394371,"uniform_platy"
75012,"PMM3",0.0542003265971821,0.082045752644506,"uniform_platy"
75012,"W1",0.102163019663721,0.104299942379583,"uniform_platy"
75012,"WPMM3",0.266283143172748,0.347381880955366,"uniform_platy"
75013,"LSE",0.10214058239562,0.12328250052026,"uniform_platy"
75013,"Huber",0.123520895579146,0.152718115722421,"uniform_platy"
75013,"L1",0.26061479381665,0.376767700228114,"uniform_platy"
75013,"PMM3",0.0474912057872935,0.0779359365919128,"uniform_platy"
75013,"W1",0.12851703882189,0.155590423525571,"uniform_platy"
75013,"WPMM3",0.27135798852836,0.423478098181603,"uniform_platy"
75014,"LSE",0.0844263208185502,0.141819474781083,"uniform_platy"
75014,"Huber",0.088303760506992,0.148290194452479,"uniform_platy"
75014,"L1",0.151084440180975,0.227713777122639,"uniform_platy"
75014,"PMM3",0.0804853787741665,0.115001160839006,"uniform_platy"
75014,"W1",0.0932363832040849,0.157762143890583,"uniform_platy"
75014,"WPMM3",0.0986751587334624,0.163166837563099,"uniform_platy"
75015,"LSE",0.142822795529562,0.218239847039555,"uniform_platy"
75015,"Huber",0.147624691773731,0.225087561798444,"uniform_platy"
75015,"L1",0.264079887101091,0.361102401149279,"uniform_platy"
75015,"PMM3",0.0555582919474918,0.0813273578086288,"uniform_platy"
75015,"W1",0.151514145400409,0.229847512416521,"uniform_platy"
75015,"WPMM3",0.171092145464336,0.254321514986725,"uniform_platy"
75016,"LSE",0.173931745733424,0.238893255570826,"uniform_platy"
75016,"Huber",0.174221610766935,0.239298707744852,"uniform_platy"
75016,"L1",0.233470934632162,0.336082386547604,"uniform_platy"
75016,"PMM3",0.11135306116994,0.148412492768555,"uniform_platy"
75016,"W1",0.178563680115653,0.245945934644062,"uniform_platy"
75016,"WPMM3",0.293329927451502,0.426825610590332,"uniform_platy"
75017,"LSE",0.106238535909217,0.152124962884155,"uniform_platy"
75017,"Huber",0.106238535895796,0.152124962868056,"uniform_platy"
75017,"L1",0.167898024108767,0.255572625184862,"uniform_platy"
75017,"PMM3",0.0418250358852973,0.0491147773345581,"uniform_platy"
75017,"W1",0.111535019935541,0.160153084516434,"uniform_platy"
75017,"WPMM3",0.347622769469413,0.516032070386493,"uniform_platy"
75018,"LSE",0.0975505502761932,0.13911509686775,"uniform_platy"
75018,"Huber",0.0975505502668376,0.139115096855165,"uniform_platy"
75018,"L1",0.172935896310436,0.244675691286643,"uniform_platy"
75018,"PMM3",0.0783113616456762,0.11293814447864,"uniform_platy"
75018,"W1",0.106146737724671,0.149283448024972,"uniform_platy"
75018,"WPMM3",0.273933693345565,0.355197026572019,"uniform_platy"
75019,"LSE",0.13398605973748,0.156968561851705,"uniform_platy"
75019,"Huber",0.141840134640041,0.162378725542961,"uniform_platy"
75019,"L1",0.144744240193253,0.182601549541928,"uniform_platy"
75019,"PMM3",0.0409665441389917,0.0617371479766316,"uniform_platy"
75019,"W1",0.142760971335092,0.16567299888571,"uniform_platy"
75019,"WPMM3",0.266021549693688,0.394033847946664,"uniform_platy"
75020,"LSE",0.106352297954352,0.125402159997268,"uniform_platy"
75020,"Huber",0.108803166715121,0.128496145960182,"uniform_platy"
75020,"L1",0.0917969479940506,0.117272622888229,"uniform_platy"
75020,"PMM3",0.132088858509347,0.199073103792506,"uniform_platy"
75020,"W1",0.107925690784859,0.126954375780883,"uniform_platy"
75020,"WPMM3",0.193644389111104,0.275179636410716,"uniform_platy"
75021,"LSE",0.190723039728287,0.291789094162755,"uniform_platy"
75021,"Huber",0.192198785921315,0.293206756169083,"uniform_platy"
75021,"L1",0.252376455157128,0.375160193727019,"uniform_platy"
75021,"PMM3",0.137744548614097,0.210660869095807,"uniform_platy"
75021,"W1",0.199752251303399,0.303443673383073,"uniform_platy"
75021,"WPMM3",0.346583579934005,0.520830810261531,"uniform_platy"
75022,"LSE",0.188482169870025,0.251937306496329,"uniform_platy"
75022,"Huber",0.19614584632651,0.260667325337305,"uniform_platy"
75022,"L1",0.295889227345605,0.386394612260104,"uniform_platy"
75022,"PMM3",0.104830095524738,0.11966484356596,"uniform_platy"
75022,"W1",0.199687873575952,0.267254022999241,"uniform_platy"
75022,"WPMM3",0.232296653587932,0.347195856639595,"uniform_platy"
75023,"LSE",0.0982188256289878,0.11321922712778,"uniform_platy"
75023,"Huber",0.0982209043592033,0.113220085480432,"uniform_platy"
75023,"L1",0.124906449086407,0.187955382214659,"uniform_platy"
75023,"PMM3",0.0590723731541929,0.0843223094643132,"uniform_platy"
75023,"W1",0.100958629767269,0.119322255281302,"uniform_platy"
75023,"WPMM3",0.169353127444227,0.23832145519707,"uniform_platy"
75024,"LSE",0.102975844536844,0.139543296601279,"uniform_platy"
75024,"Huber",0.11171225526485,0.149467697453345,"uniform_platy"
75024,"L1",0.209153967460373,0.288142885274529,"uniform_platy"
75024,"PMM3",0.0403925121430086,0.0531949423704218,"uniform_platy"
75024,"W1",0.112848111101449,0.153353780946932,"uniform_platy"
75024,"WPMM3",0.241064896720015,0.332094605805528,"uniform_platy"
75025,"LSE",0.0874527076575956,0.123210576728615,"uniform_platy"
75025,"Huber",0.0882835501426647,0.124306947265249,"uniform_platy"
75025,"L1",0.13331885368026,0.204690813838074,"uniform_platy"
75025,"PMM3",0.0379367262926177,0.0474729198092605,"uniform_platy"
75025,"W1",0.0956556153351228,0.134942578257725,"uniform_platy"
75025,"WPMM3",0.240102701834776,0.316739122668752,"uniform_platy"
75026,"LSE",0.0850683666735104,0.130991209367899,"uniform_platy"
75026,"Huber",0.08971868940514,0.138545390556209,"uniform_platy"
75026,"L1",0.142764650422587,0.219172164697474,"uniform_platy"
75026,"PMM3",0.0727983305387277,0.107688656520046,"uniform_platy"
75026,"W1",0.0905400987272831,0.139994419314848,"uniform_platy"
75026,"WPMM3",0.341793691472682,0.531123442081876,"uniform_platy"
75027,"LSE",0.080612026254157,0.119072965592713,"uniform_platy"
75027,"Huber",0.081969681296546,0.121063400912251,"uniform_platy"
75027,"L1",0.165650540277358,0.230995333673567,"uniform_platy"
75027,"PMM3",0.0626892045007514,0.0768416768810862,"uniform_platy"
75027,"W1",0.0882273171663832,0.132332308106066,"uniform_platy"
75027,"WPMM3",0.359176714215264,0.555591277176277,"uniform_platy"
75028,"LSE",0.108210273565517,0.102402226877657,"uniform_platy"
75028,"Huber",0.108742668123768,0.10305870762469,"uniform_platy"
75028,"L1",0.211039942385437,0.229947485201585,"uniform_platy"
75028,"PMM3",0.0940406690986783,0.111156985947165,"uniform_platy"
75028,"W1",0.114977349836738,0.108027592413837,"uniform_platy"
75028,"WPMM3",0.256630624983232,0.329241534758173,"uniform_platy"
75029,"LSE",0.0897784880029858,0.14336124344512,"uniform_platy"
75029,"Huber",0.09223076414232,0.148750702265004,"uniform_platy"
75029,"L1",0.171692436901097,0.256512159302265,"uniform_platy"
75029,"PMM3",0.0563463516058695,0.088321640443529,"uniform_platy"
75029,"W1",0.100043934535416,0.160586355296546,"uniform_platy"
75029,"WPMM3",0.100246983346968,0.164326242386761,"uniform_platy"
75030,"LSE",0.141373544929249,0.170856852322144,"uniform_platy"
75030,"Huber",0.166974529181702,0.205945341624626,"uniform_platy"
75030,"L1",0.303625549505661,0.352212286627331,"uniform_platy"
75030,"PMM3",0.0293197838641859,0.0440031407852447,"uniform_platy"
75030,"W1",0.172865989339992,0.20828280651175,"uniform_platy"
75030,"WPMM3",0.20339517265524,0.229060269406882,"uniform_platy"
75031,"LSE",0.0681089378722128,0.0744792323070381,"uniform_platy"
75031,"Huber",0.0691084032793794,0.0758470245597002,"uniform_platy"
75031,"L1",0.143517245732314,0.136531390633279,"uniform_platy"
75031,"PMM3",0.0293994236668448,0.037632703627179,"uniform_platy"
75031,"W1",0.0742925885069683,0.0804257907428723,"uniform_platy"
75031,"WPMM3",0.201732040008866,0.309203176158304,"uniform_platy"
75032,"LSE",0.11114549559608,0.16495692077708,"uniform_platy"
75032,"Huber",0.12267810594598,0.181914764225741,"uniform_platy"
75032,"L1",0.212132562045122,0.306544067038206,"uniform_platy"
75032,"PMM3",0.0508354848185458,0.0612172790728179,"uniform_platy"
75032,"W1",0.124407471248676,0.185561392624432,"uniform_platy"
75032,"WPMM3",0.196051512855571,0.289727318510843,"uniform_platy"
75033,"LSE",0.12951623078044,0.153713993777076,"uniform_platy"
75033,"Huber",0.14660581885118,0.185056124286296,"uniform_platy"
75033,"L1",0.243214803581409,0.307999974655543,"uniform_platy"
75033,"PMM3",0.0585157995828038,0.0614525543264523,"uniform_platy"
75033,"W1",0.145680200326144,0.178458731256921,"uniform_platy"
75033,"WPMM3",0.247175399895591,0.328184155673867,"uniform_platy"
75034,"LSE",0.0362393290574134,0.0470249366902171,"uniform_platy"
75034,"Huber",0.0374209117722664,0.0483726051749016,"uniform_platy"
75034,"L1",0.0669054610552623,0.0957678628515628,"uniform_platy"
75034,"PMM3",0.0506830780075026,0.0766534273469203,"uniform_platy"
75034,"W1",0.0392878612079428,0.0513592442334742,"uniform_platy"
75034,"WPMM3",0.144094247689295,0.220161854617724,"uniform_platy"
75035,"LSE",0.0892213392527281,0.125608561040099,"uniform_platy"
75035,"Huber",0.0892213392171952,0.12560856100713,"uniform_platy"
75035,"L1",0.19681694089072,0.267130401975668,"uniform_platy"
75035,"PMM3",0.0520347187277253,0.0852792676490424,"uniform_platy"
75035,"W1",0.0978719000822027,0.136982559327152,"uniform_platy"
75035,"WPMM3",0.117446076420447,0.171456321137391,"uniform_platy"
75036,"LSE",0.0970782505469272,0.109716727376638,"uniform_platy"
75036,"Huber",0.102108161775936,0.112374720698755,"uniform_platy"
75036,"L1",0.160600234653294,0.138825381660053,"uniform_platy"
75036,"PMM3",0.0883108306659548,0.134339592618262,"uniform_platy"
75036,"W1",0.107609895852375,0.110713086994486,"uniform_platy"
75036,"WPMM3",0.182325604493333,0.219458937265998,"uniform_platy"
75037,"LSE",0.144749001375504,0.127904503149993,"uniform_platy"
75037,"Huber",0.154814473521948,0.134206086171538,"uniform_platy"
75037,"L1",0.249722510180433,0.268786936867866,"uniform_platy"
75037,"PMM3",0.0705720757713015,0.108361049307855,"uniform_platy"
75037,"W1",0.171658328552197,0.148549705008617,"uniform_platy"
75037,"WPMM3",0.169362521651351,0.159429692249003,"uniform_platy"
75038,"LSE",0.199288554220336,0.303699876666217,"uniform_platy"
75038,"Huber",0.203360238222909,0.31052750152733,"uniform_platy"
75038,"L1",0.28068366377122,0.445874585067962,"uniform_platy"
75038,"PMM3",0.165216091181921,0.237346868988769,"uniform_platy"
75038,"W1",0.203283745015217,0.310803124622656,"uniform_platy"
75038,"WPMM3",0.258259648511917,0.424276794122433,"uniform_platy"
75039,"LSE",0.0958733789007825,0.147716851866894,"uniform_platy"
75039,"Huber",0.09735570902997,0.149878666561793,"uniform_platy"
75039,"L1",0.136202837486914,0.204152033271623,"uniform_platy"
75039,"PMM3",0.0803379685091624,0.106992684927447,"uniform_platy"
75039,"W1",0.107137488495178,0.163104378488548,"uniform_platy"
75039,"WPMM3",0.393998335339803,0.547859796253004,"uniform_platy"
75040,"LSE",0.161612317637557,0.230264012417692,"uniform_platy"
75040,"Huber",0.175203284847733,0.250981808939335,"uniform_platy"
75040,"L1",0.327501972234363,0.482026411501325,"uniform_platy"
75040,"PMM3",0.135559596101928,0.139787688973653,"uniform_platy"
75040,"W1",0.178815929503478,0.258947409225773,"uniform_platy"
75040,"WPMM3",0.18650911286515,0.268773886508714,"uniform_platy"
75041,"LSE",0.135126234107752,0.18703795968702,"uniform_platy"
75041,"Huber",0.142530636524006,0.197301922007223,"uniform_platy"
75041,"L1",0.254800895882908,0.343417737364767,"uniform_platy"
75041,"PMM3",0.0580033759170841,0.09202239282678,"uniform_platy"
75041,"W1",0.150667746762636,0.208226488348734,"uniform_platy"
75041,"WPMM3",0.320624660145682,0.421014579675844,"uniform_platy"
75042,"LSE",0.0794688926538467,0.0981565919752168,"uniform_platy"
75042,"Huber",0.0810688368856753,0.100059076971447,"uniform_platy"
75042,"L1",0.218028663254048,0.302091979260476,"uniform_platy"
75042,"PMM3",0.0588043906193803,0.0885703278267142,"uniform_platy"
75042,"W1",0.0862804027391496,0.104688303573553,"uniform_platy"
75042,"WPMM3",0.221008847695794,0.296262616499699,"uniform_platy"
75043,"LSE",0.0854644423755745,0.130074781898755,"uniform_platy"
75043,"Huber",0.0862461723169799,0.131629208610018,"uniform_platy"
75043,"L1",0.109065438010638,0.142411711634414,"uniform_platy"
75043,"PMM3",0.100109085801653,0.123947499226403,"uniform_platy"
75043,"W1",0.0830474826814895,0.129434700105682,"uniform_platy"
75043,"WPMM3",0.26372830226955,0.375777743659606,"uniform_platy"
75044,"LSE",0.149956996267177,0.179498454646477,"uniform_platy"
75044,"Huber",0.151706501761055,0.181205507805995,"uniform_platy"
75044,"L1",0.196983091145985,0.245725316890739,"uniform_platy"
75044,"PMM3",0.0632862106311241,0.089597571704978,"uniform_platy"
75044,"W1",0.158113333260712,0.186778198078721,"uniform_platy"
75044,"WPMM3",0.289726644700414,0.364899886450805,"uniform_platy"
75045,"LSE",0.104562984130049,0.140436941925906,"uniform_platy"
75045,"Huber",0.105751538867699,0.141324786944934,"uniform_platy"
75045,"L1",0.124685653345673,0.178381569969758,"uniform_platy"
75045,"PMM3",0.0554989784414263,0.074958409361163,"uniform_platy"
75045,"W1",0.108137193771351,0.145033971123109,"uniform_platy"
75045,"WPMM3",0.255810640290568,0.30326221457504,"uniform_platy"
75046,"LSE",0.164538944374479,0.218964923399573,"uniform_platy"
75046,"Huber",0.171289261485802,0.229303689858003,"uniform_platy"
75046,"L1",0.299013836023952,0.441270097807267,"uniform_platy"
75046,"PMM3",0.065034890361061,0.0887725824727599,"uniform_platy"
75046,"W1",0.182365303625803,0.244890181539987,"uniform_platy"
75046,"WPMM3",0.285925298545195,0.417562848198371,"uniform_platy"
75047,"LSE",0.0617992660926469,0.071987513657086,"uniform_platy"
75047,"Huber",0.0637039282117302,0.0738842348168976,"uniform_platy"
75047,"L1",0.138627635454404,0.182692603943462,"uniform_platy"
75047,"PMM3",0.0729122390034373,0.105682162443584,"uniform_platy"
75047,"W1",0.0666957597587212,0.0762952071333736,"uniform_platy"
75047,"WPMM3",0.251888331564075,0.35133501505993,"uniform_platy"
75048,"LSE",0.0991311972191658,0.129902651054825,"uniform_platy"
75048,"Huber",0.0991680136655264,0.129938198085607,"uniform_platy"
75048,"L1",0.217852945819764,0.23349275952607,"uniform_platy"
75048,"PMM3",0.0850863057741322,0.134515068521379,"uniform_platy"
75048,"W1",0.107165052724441,0.137012194745775,"uniform_platy"
75048,"WPMM3",0.219288617967952,0.303822676840498,"uniform_platy"
75049,"LSE",0.13816839864338,0.185155642699607,"uniform_platy"
75049,"Huber",0.145738375493794,0.196958028336377,"uniform_platy"
75049,"L1",0.217451380273695,0.281644937686889,"uniform_platy"
75049,"PMM3",0.0730973298861906,0.0838053450291508,"uniform_platy"
75049,"W1",0.143955223001681,0.195932512592975,"uniform_platy"
75049,"WPMM3",0.236820706289133,0.284872485013969,"uniform_platy"
75050,"LSE",0.152488478394572,0.219359113131044,"uniform_platy"
75050,"Huber",0.162588608160028,0.23146663874989,"uniform_platy"
75050,"L1",0.326503548952397,0.500047778442516,"uniform_platy"
75050,"PMM3",0.091400786269681,0.136541412214208,"uniform_platy"
75050,"W1",0.164871409931007,0.236169464900654,"uniform_platy"
75050,"WPMM3",0.172773484163678,0.248198134330702,"uniform_platy"
75051,"LSE",0.21852837672529,0.296916810189154,"uniform_platy"
75051,"Huber",0.221662177839734,0.302008362017388,"uniform_platy"
75051,"L1",0.374516245184451,0.562132721650976,"uniform_platy"
75051,"PMM3",0.141879147387922,0.175704414934969,"uniform_platy"
75051,"W1",0.229726931143264,0.313563458328693,"uniform_platy"
75051,"WPMM3",0.332015426883477,0.502580559111,"uniform_platy"
75052,"LSE",0.135779248264952,0.19695359799473,"uniform_platy"
75052,"Huber",0.143312863636804,0.208544403881877,"uniform_platy"
75052,"L1",0.2124739876335,0.257234551297205,"uniform_platy"
75052,"PMM3",0.0595266529753577,0.0774522376263108,"uniform_platy"
75052,"W1",0.144267855653934,0.207129171485147,"uniform_platy"
75052,"WPMM3",0.243172472461654,0.320258993474387,"uniform_platy"
75053,"LSE",0.0697899127515448,0.0799543085831792,"uniform_platy"
75053,"Huber",0.07284725879624,0.0832115920387868,"uniform_platy"
75053,"L1",0.162047753462122,0.1829210687546,"uniform_platy"
75053,"PMM3",0.0664217942022662,0.107014233330915,"uniform_platy"
75053,"W1",0.079784871571106,0.0884633553465318,"uniform_platy"
75053,"WPMM3",0.319991028389451,0.515631143863607,"uniform_platy"
75054,"LSE",0.143100200401325,0.203373790761612,"uniform_platy"
75054,"Huber",0.148964912335315,0.211336462195536,"uniform_platy"
75054,"L1",0.225061070092546,0.314263384020997,"uniform_platy"
75054,"PMM3",0.0357575333101377,0.0483456233486664,"uniform_platy"
75054,"W1",0.155240009982937,0.220747690183883,"uniform_platy"
75054,"WPMM3",0.262920732456512,0.366698341316823,"uniform_platy"
75055,"LSE",0.145109552896422,0.211166027606279,"uniform_platy"
75055,"Huber",0.145926748256209,0.212356565554184,"uniform_platy"
75055,"L1",0.218201163623848,0.271157416931378,"uniform_platy"
75055,"PMM3",0.106122347594724,0.147621667836619,"uniform_platy"
75055,"W1",0.1504601133772,0.214886182034338,"uniform_platy"
75055,"WPMM3",0.156916513920031,0.213999612542819,"uniform_platy"
75056,"LSE",0.0835187471192632,0.126079255989523,"uniform_platy"
75056,"Huber",0.0859178536574202,0.129287357260059,"uniform_platy"
75056,"L1",0.186564035557661,0.261335708071015,"uniform_platy"
75056,"PMM3",0.0710632950598505,0.0819443362635937,"uniform_platy"
75056,"W1",0.0967853123093511,0.143537134010273,"uniform_platy"
75056,"WPMM3",0.314784986225298,0.480972860398645,"uniform_platy"
75057,"LSE",0.124620061595214,0.156783122525825,"uniform_platy"
75057,"Huber",0.132301990183435,0.164896495420082,"uniform_platy"
75057,"L1",0.177825182410575,0.23175225380518,"uniform_platy"
75057,"PMM3",0.0522627040873535,0.0855779730272957,"uniform_platy"
75057,"W1",0.134875815387064,0.169736183827698,"uniform_platy"
75057,"WPMM3",0.270377528210064,0.366865098838819,"uniform_platy"
75058,"LSE",0.0692127535924448,0.0905146655008521,"uniform_platy"
75058,"Huber",0.0692127535990415,0.0905146654954356,"uniform_platy"
75058,"L1",0.15170262808544,0.150255581800131,"uniform_platy"
75058,"PMM3",0.0728489147662065,0.109497991472723,"uniform_platy"
75058,"W1",0.072566350836186,0.0945244994394958,"uniform_platy"
75058,"WPMM3",0.134517780779856,0.175035262004535,"uniform_platy"
75059,"LSE",0.122891258481353,0.200508326969374,"uniform_platy"
75059,"Huber",0.125155954992073,0.204210179729549,"uniform_platy"
75059,"L1",0.183266897943455,0.26889099350511,"uniform_platy"
75059,"PMM3",0.061518894535474,0.0956708464938534,"uniform_platy"
75059,"W1",0.131172899773702,0.21294272859407,"uniform_platy"
75059,"WPMM3",0.255084044785661,0.363085388313968,"uniform_platy"
75060,"LSE",0.119352722053207,0.161398457410514,"uniform_platy"
75060,"Huber",0.123116700411706,0.166727312304031,"uniform_platy"
75060,"L1",0.151566163765828,0.219252745187806,"uniform_platy"
75060,"PMM3",0.0748270110738655,0.0849567139420761,"uniform_platy"
75060,"W1",0.124214671042041,0.168823661196169,"uniform_platy"
75060,"WPMM3",0.235578266451368,0.311713702067304,"uniform_platy"
75061,"LSE",0.12329132325895,0.116058523763919,"uniform_platy"
75061,"Huber",0.126313438930678,0.119015588029311,"uniform_platy"
75061,"L1",0.218635055229424,0.229860182352126,"uniform_platy"
75061,"PMM3",0.0709421609621762,0.107030119562374,"uniform_platy"
75061,"W1",0.137040975890821,0.131744138892607,"uniform_platy"
75061,"WPMM3",0.25901797669782,0.37901854027576,"uniform_platy"
75062,"LSE",0.193526840662641,0.250020533239797,"uniform_platy"
75062,"Huber",0.198213530049342,0.254544020147892,"uniform_platy"
75062,"L1",0.209513660875264,0.284207616667983,"uniform_platy"
75062,"PMM3",0.129138958510403,0.184370884445781,"uniform_platy"
75062,"W1",0.195385700028564,0.25296133281552,"uniform_platy"
75062,"WPMM3",0.325445569301993,0.459897756975155,"uniform_platy"
75063,"LSE",0.12798079479337,0.159026266837774,"uniform_platy"
75063,"Huber",0.128819509443814,0.159831419139127,"uniform_platy"
75063,"L1",0.224851178464161,0.226052287135784,"uniform_platy"
75063,"PMM3",0.079996850275277,0.11461092568851,"uniform_platy"
75063,"W1",0.142268434046192,0.171203433789164,"uniform_platy"
75063,"WPMM3",0.264053907510096,0.36212474890358,"uniform_platy"
75064,"LSE",0.161187267461185,0.222593065360113,"uniform_platy"
75064,"Huber",0.16699778315869,0.232422573510021,"uniform_platy"
75064,"L1",0.241726635268219,0.311409700290334,"uniform_platy"
75064,"PMM3",0.0548987058963861,0.0825731801763704,"uniform_platy"
75064,"W1",0.175133668140199,0.242751973907032,"uniform_platy"
75064,"WPMM3",0.214170318373802,0.283698540396238,"uniform_platy"
75065,"LSE",0.171017048942032,0.201114443015437,"uniform_platy"
75065,"Huber",0.178623038799445,0.210059746969706,"uniform_platy"
75065,"L1",0.276621530878571,0.345426664633069,"uniform_platy"
75065,"PMM3",0.12077150238475,0.154276052570706,"uniform_platy"
75065,"W1",0.179739265772013,0.21264017255464,"uniform_platy"
75065,"WPMM3",0.251198261080065,0.312400057852238,"uniform_platy"
75066,"LSE",0.140324871676105,0.180109876809892,"uniform_platy"
75066,"Huber",0.143977298308069,0.185135128083339,"uniform_platy"
75066,"L1",0.268569080481446,0.327730069633536,"uniform_platy"
75066,"PMM3",0.0393208633433731,0.0469394425765773,"uniform_platy"
75066,"W1",0.155142713925464,0.197424351743878,"uniform_platy"
75066,"WPMM3",0.375475215068527,0.469145353506013,"uniform_platy"
75067,"LSE",0.124868826144501,0.141389935978571,"uniform_platy"
75067,"Huber",0.129386093560525,0.147170134623227,"uniform_platy"
75067,"L1",0.149449295330042,0.203332974287214,"uniform_platy"
75067,"PMM3",0.0804602021005534,0.0923803150125831,"uniform_platy"
75067,"W1",0.130409938328945,0.148032756278735,"uniform_platy"
75067,"WPMM3",0.257068816994499,0.34199013692008,"uniform_platy"
75068,"LSE",0.114313299835574,0.150481368081295,"uniform_platy"
75068,"Huber",0.114349514492988,0.150531286559975,"uniform_platy"
75068,"L1",0.188371114486607,0.256701886078592,"uniform_platy"
75068,"PMM3",0.103158525554228,0.134207584445299,"uniform_platy"
75068,"W1",0.119618740608544,0.156405844160294,"uniform_platy"
75068,"WPMM3",0.109148727282182,0.144675462760591,"uniform_platy"
75069,"LSE",0.0792452477660432,0.106529012431341,"uniform_platy"
75069,"Huber",0.0796937353037914,0.107173687003225,"uniform_platy"
75069,"L1",0.147362152165462,0.189645213556523,"uniform_platy"
75069,"PMM3",0.0710351226289381,0.100772889010562,"uniform_platy"
75069,"W1",0.0820232662423405,0.108604220116288,"uniform_platy"
75069,"WPMM3",0.199329482921491,0.31603952674084,"uniform_platy"
75070,"LSE",0.149256607593492,0.187778919316493,"uniform_platy"
75070,"Huber",0.15008696822481,0.188398745677636,"uniform_platy"
75070,"L1",0.250528599193479,0.326832933235704,"uniform_platy"
75070,"PMM3",0.0931003706846537,0.126191466908614,"uniform_platy"
75070,"W1",0.154012447104739,0.194565392268143,"uniform_platy"
75070,"WPMM3",0.311557848701278,0.424787600904752,"uniform_platy"
75071,"LSE",0.152050743871619,0.229639322108545,"uniform_platy"
75071,"Huber",0.160473064954934,0.242741912732456,"uniform_platy"
75071,"L1",0.295945238314575,0.424461583487908,"uniform_platy"
75071,"PMM3",0.0557629927913832,0.0815270084851475,"uniform_platy"
75071,"W1",0.163411383695027,0.245216261183681,"uniform_platy"
75071,"WPMM3",0.376089286653537,0.546147481472547,"uniform_platy"
75072,"LSE",0.090297597469568,0.132590124750971,"uniform_platy"
75072,"Huber",0.0912773903623885,0.13433961137954,"uniform_platy"
75072,"L1",0.107454555260924,0.153514626502023,"uniform_platy"
75072,"PMM3",0.0570552937334431,0.0600262033547011,"uniform_platy"
75072,"W1",0.0951544100542796,0.139324540861999,"uniform_platy"
75072,"WPMM3",0.184142543610711,0.248734190807995,"uniform_platy"
75073,"LSE",0.0769484511822911,0.0828165882221848,"uniform_platy"
75073,"Huber",0.0796801643889524,0.0851046959816132,"uniform_platy"
75073,"L1",0.164047887862604,0.201153143454214,"uniform_platy"
75073,"PMM3",0.0772705520810256,0.100227892481682,"uniform_platy"
75073,"W1",0.079051037075371,0.0860375146157008,"uniform_platy"
75073,"WPMM3",0.155779176181755,0.205434164168546,"uniform_platy"
75074,"LSE",0.139624091118922,0.198916165162394,"uniform_platy"
75074,"Huber",0.141649932629088,0.201439688204271,"uniform_platy"
75074,"L1",0.239982115965562,0.350131777780561,"uniform_platy"
75074,"PMM3",0.0897613069130657,0.117917370786923,"uniform_platy"
75074,"W1",0.151374105303323,0.215662577581447,"uniform_platy"
75074,"WPMM3",0.250204609031487,0.359793940208943,"uniform_platy"
75075,"LSE",0.103452847316035,0.143882030339379,"uniform_platy"
75075,"Huber",0.104111542305196,0.145080313749004,"uniform_platy"
75075,"L1",0.19125597608448,0.219896450854882,"uniform_platy"
75075,"PMM3",0.108554106236079,0.150657648269024,"uniform_platy"
75075,"W1",0.104519943605533,0.14441748163111,"uniform_platy"
75075,"WPMM3",0.114398824437399,0.151364082752221,"uniform_platy"
75076,"LSE",0.125157542663189,0.18793271165339,"uniform_platy"
75076,"Huber",0.125295173607299,0.18822057580445,"uniform_platy"
75076,"L1",0.186257723199166,0.217866660302028,"uniform_platy"
75076,"PMM3",0.076182029661953,0.107477469054847,"uniform_platy"
75076,"W1",0.128876151581863,0.189264699147291,"uniform_platy"
75076,"WPMM3",0.404901851700252,0.597722320502296,"uniform_platy"
75077,"LSE",0.0826997802099957,0.0809067974066053,"uniform_platy"
75077,"Huber",0.0837901389835506,0.0817812206859474,"uniform_platy"
75077,"L1",0.0977382928064595,0.102250901337211,"uniform_platy"
75077,"PMM3",0.0827547529751514,0.113018207523119,"uniform_platy"
75077,"W1",0.086609193585809,0.0832254575419378,"uniform_platy"
75077,"WPMM3",0.231619220510839,0.310138113320694,"uniform_platy"
75078,"LSE",0.125699625887214,0.136134177801536,"uniform_platy"
75078,"Huber",0.136183717925733,0.145621416546292,"uniform_platy"
75078,"L1",0.171837886657465,0.21505709182906,"uniform_platy"
75078,"PMM3",0.0905642775393345,0.13186978056215,"uniform_platy"
75078,"W1",0.139802604025602,0.147229714877714,"uniform_platy"
75078,"WPMM3",0.215321844362284,0.284609138390591,"uniform_platy"
75079,"LSE",0.0768202813231424,0.10815276383283,"uniform_platy"
75079,"Huber",0.082122407585381,0.115678154944243,"uniform_platy"
75079,"L1",0.15673392421976,0.2126751540188,"uniform_platy"
75079,"PMM3",0.0496148526672694,0.0737217108720206,"uniform_platy"
75079,"W1",0.0844475800821867,0.119487510304934,"uniform_platy"
75079,"WPMM3",0.186589619593784,0.26002184112971,"uniform_platy"
75080,"LSE",0.119191443818872,0.125813222064739,"uniform_platy"
75080,"Huber",0.126335549510375,0.131376383263045,"uniform_platy"
75080,"L1",0.189708434538914,0.215927186230468,"uniform_platy"
75080,"PMM3",0.0611216756544941,0.072624929661414,"uniform_platy"
75080,"W1",0.136642395817557,0.139539457692901,"uniform_platy"
75080,"WPMM3",0.222593452118517,0.292698494833461,"uniform_platy"
75081,"LSE",0.147472931898102,0.20163224004568,"uniform_platy"
75081,"Huber",0.153516685487668,0.208332074328576,"uniform_platy"
75081,"L1",0.216103074814005,0.288946502164262,"uniform_platy"
75081,"PMM3",0.114173705358337,0.145869324819059,"uniform_platy"
75081,"W1",0.152169522074476,0.207409841494404,"uniform_platy"
75081,"WPMM3",0.259920248474557,0.343504841864228,"uniform_platy"
75082,"LSE",0.0888486495624,0.113772297512126,"uniform_platy"
75082,"Huber",0.088910470985467,0.113944853851622,"uniform_platy"
75082,"L1",0.168610401373101,0.222290929278733,"uniform_platy"
75082,"PMM3",0.0798868414729134,0.105810138678345,"uniform_platy"
75082,"W1",0.092839556552063,0.119482816722688,"uniform_platy"
75082,"WPMM3",0.416057703734671,0.526911662931826,"uniform_platy"
75083,"LSE",0.120951768057002,0.158376638981609,"uniform_platy"
75083,"Huber",0.124769685654092,0.164179424904645,"uniform_platy"
75083,"L1",0.311947354883868,0.396198449324641,"uniform_platy"
75083,"PMM3",0.0505380226128432,0.0694374326891285,"uniform_platy"
75083,"W1",0.145165636143984,0.189097339507442,"uniform_platy"
75083,"WPMM3",0.33966224851586,0.460572848926503,"uniform_platy"
75084,"LSE",0.21488537919367,0.30787024495103,"uniform_platy"
75084,"Huber",0.218601151105585,0.313498386079714,"uniform_platy"
75084,"L1",0.271019479045669,0.400672909162821,"uniform_platy"
75084,"PMM3",0.108060156934982,0.150398839829659,"uniform_platy"
75084,"W1",0.225303509353575,0.325124710307378,"uniform_platy"
75084,"WPMM3",0.33110416566899,0.496501961735664,"uniform_platy"
75085,"LSE",0.0719977671562605,0.0994819759201034,"uniform_platy"
75085,"Huber",0.0728885690310716,0.100685888495371,"uniform_platy"
75085,"L1",0.218327162767649,0.282437136825662,"uniform_platy"
75085,"PMM3",0.0846749347179341,0.114825513295633,"uniform_platy"
75085,"W1",0.0825481406834319,0.112422003544553,"uniform_platy"
75085,"WPMM3",0.358769589434196,0.468235219477465,"uniform_platy"
75086,"LSE",0.0858462947978222,0.129013939824818,"uniform_platy"
75086,"Huber",0.0868493900500803,0.130494790221873,"uniform_platy"
75086,"L1",0.178884849231761,0.184030363354996,"uniform_platy"
75086,"PMM3",0.0393185802726356,0.0582134769522326,"uniform_platy"
75086,"W1",0.0927629438608699,0.135750931158254,"uniform_platy"
75086,"WPMM3",0.227802873826555,0.325879700166212,"uniform_platy"
75087,"LSE",0.146344557819673,0.223423719761427,"uniform_platy"
75087,"Huber",0.169144346493439,0.257446260734316,"uniform_platy"
75087,"L1",0.187897179663652,0.285509247303305,"uniform_platy"
75087,"PMM3",0.0738569814355034,0.111064597636324,"uniform_platy"
75087,"W1",0.162107929252839,0.248295459463871,"uniform_platy"
75087,"WPMM3",0.162107929252839,0.248295459463871,"uniform_platy"
75088,"LSE",0.144192347413424,0.218490843069104,"uniform_platy"
75088,"Huber",0.152651131622208,0.231748175034751,"uniform_platy"
75088,"L1",0.264436918252915,0.4084658275099,"uniform_platy"
75088,"PMM3",0.064102579697134,0.0944226079834639,"uniform_platy"
75088,"W1",0.156017669319572,0.237831180387505,"uniform_platy"
75088,"WPMM3",0.310094708647543,0.475499630514542,"uniform_platy"
75089,"LSE",0.136723938436692,0.182118429372161,"uniform_platy"
75089,"Huber",0.141855692055234,0.188832291561483,"uniform_platy"
75089,"L1",0.180024738050698,0.231156757261384,"uniform_platy"
75089,"PMM3",0.0906215226977111,0.11416231665337,"uniform_platy"
75089,"W1",0.141969581263874,0.190357776699504,"uniform_platy"
75089,"WPMM3",0.178995062201681,0.22975859416824,"uniform_platy"
75090,"LSE",0.128814047190747,0.139256951435044,"uniform_platy"
75090,"Huber",0.133144676507562,0.142826577936484,"uniform_platy"
75090,"L1",0.161428087913408,0.193279483405129,"uniform_platy"
75090,"PMM3",0.0773440125406387,0.117131763137792,"uniform_platy"
75090,"W1",0.136026126597942,0.141248341976595,"uniform_platy"
75090,"WPMM3",0.21277091872336,0.251043309057489,"uniform_platy"
75091,"LSE",0.169563592601605,0.246935698835783,"uniform_platy"
75091,"Huber",0.174867242459742,0.254385943571518,"uniform_platy"
75091,"L1",0.302059429098208,0.428519972578395,"uniform_platy"
75091,"PMM3",0.0912284763111802,0.138195477415581,"uniform_platy"
75091,"W1",0.187222020576445,0.269005004324138,"uniform_platy"
75091,"WPMM3",0.380198893530934,0.507761574945942,"uniform_platy"
75092,"LSE",0.0725582230701957,0.109172822613992,"uniform_platy"
75092,"Huber",0.0778746402046648,0.117542569220377,"uniform_platy"
75092,"L1",0.229000596734227,0.371804103989419,"uniform_platy"
75092,"PMM3",0.0589652680808492,0.0769601956904758,"uniform_platy"
75092,"W1",0.081839813621555,0.12892110428326,"uniform_platy"
75092,"WPMM3",0.186651412487174,0.314351950744103,"uniform_platy"
75093,"LSE",0.143631580605131,0.192556498330411,"uniform_platy"
75093,"Huber",0.152652089170947,0.202169341967816,"uniform_platy"
75093,"L1",0.228305267915157,0.320930665432681,"uniform_platy"
75093,"PMM3",0.0750516563827516,0.103886743622653,"uniform_platy"
75093,"W1",0.160642253254699,0.213520097780163,"uniform_platy"
75093,"WPMM3",0.303335599610015,0.462250006949577,"uniform_platy"
75094,"LSE",0.101659304401779,0.127615450115876,"uniform_platy"
75094,"Huber",0.105162092453198,0.129427259454756,"uniform_platy"
75094,"L1",0.201579816782775,0.235724579229791,"uniform_platy"
75094,"PMM3",0.0833560359689978,0.116075132049416,"uniform_platy"
75094,"W1",0.110103433320459,0.134988242169562,"uniform_platy"
75094,"WPMM3",0.299205045461547,0.487067556703285,"uniform_platy"
75095,"LSE",0.148339289996908,0.176290708338629,"uniform_platy"
75095,"Huber",0.148701354367319,0.176562648098551,"uniform_platy"
75095,"L1",0.219382676542707,0.30552700065174,"uniform_platy"
75095,"PMM3",0.0875805295850478,0.106393862303016,"uniform_platy"
75095,"W1",0.15386490036975,0.184982831814165,"uniform_platy"
75095,"WPMM3",0.398902929882336,0.564120519034945,"uniform_platy"
75096,"LSE",0.0801434150244122,0.101012891666739,"uniform_platy"
75096,"Huber",0.0801781481226331,0.101047396360565,"uniform_platy"
75096,"L1",0.145623545892522,0.200584712216264,"uniform_platy"
75096,"PMM3",0.0455003109494323,0.0631766252880517,"uniform_platy"
75096,"W1",0.0873516321270864,0.107994358248687,"uniform_platy"
75096,"WPMM3",0.242902829522459,0.31824919525303,"uniform_platy"
75097,"LSE",0.099711624611206,0.141796408634727,"uniform_platy"
75097,"Huber",0.102264706601102,0.145394602753614,"uniform_platy"
75097,"L1",0.160342945978965,0.240002218642647,"uniform_platy"
75097,"PMM3",0.0905171646590889,0.115050868687091,"uniform_platy"
75097,"W1",0.105335550544317,0.152764314682307,"uniform_platy"
75097,"WPMM3",0.138501526426865,0.17041868597856,"uniform_platy"
75098,"LSE",0.101866992816359,0.0747687066886376,"uniform_platy"
75098,"Huber",0.106106491382139,0.0773599244817898,"uniform_platy"
75098,"L1",0.102900101350486,0.0772217267794616,"uniform_platy"
75098,"PMM3",0.112083556210933,0.139109072433645,"uniform_platy"
75098,"W1",0.114637213022367,0.0817993359958829,"uniform_platy"
75098,"WPMM3",0.204167737491886,0.249666649306713,"uniform_platy"
75099,"LSE",0.170284978935335,0.259084077779237,"uniform_platy"
75099,"Huber",0.170472392863858,0.259362967687129,"uniform_platy"
75099,"L1",0.251227477584512,0.36894079865984,"uniform_platy"
75099,"PMM3",0.0808954835611184,0.113988774473995,"uniform_platy"
75099,"W1",0.180409253468988,0.274021928190512,"uniform_platy"
75099,"WPMM3",0.184474747828807,0.282921423858656,"uniform_platy"
75100,"LSE",0.128950451348894,0.199842498962735,"uniform_platy"
75100,"Huber",0.136725306755963,0.213212099599996,"uniform_platy"
75100,"L1",0.215314287729013,0.305891810641557,"uniform_platy"
75100,"PMM3",0.0749828835818009,0.0983387938773658,"uniform_platy"
75100,"W1",0.138200945107727,0.215545289792504,"uniform_platy"
75100,"WPMM3",0.302017820297691,0.454733356789555,"uniform_platy"
75101,"LSE",0.207787786426953,0.266121629716885,"uniform_platy"
75101,"Huber",0.218469635625387,0.280693016706473,"uniform_platy"
75101,"L1",0.358535187895841,0.452688230628629,"uniform_platy"
75101,"PMM3",0.0957412648585143,0.116123315418501,"uniform_platy"
75101,"W1",0.227375147216311,0.292850964945518,"uniform_platy"
75101,"WPMM3",0.334287997992671,0.440657659350239,"uniform_platy"
75102,"LSE",0.106601004054716,0.127659710150112,"uniform_platy"
75102,"Huber",0.109626105091608,0.131521503947174,"uniform_platy"
75102,"L1",0.138732262424954,0.196042882949104,"uniform_platy"
75102,"PMM3",0.0616662928880932,0.0812270043672163,"uniform_platy"
75102,"W1",0.107812360885485,0.1314033401676,"uniform_platy"
75102,"WPMM3",0.244699133708933,0.34146649586059,"uniform_platy"
75103,"LSE",0.152229287977196,0.222261396053835,"uniform_platy"
75103,"Huber",0.160808620625637,0.234047727589729,"uniform_platy"
75103,"L1",0.22298518997174,0.326130301807103,"uniform_platy"
75103,"PMM3",0.0635244331003607,0.099764037193329,"uniform_platy"
75103,"W1",0.162455039145476,0.23740261747111,"uniform_platy"
75103,"WPMM3",0.256255782455761,0.377673485731466,"uniform_platy"
75104,"LSE",0.104274201693889,0.145756442170963,"uniform_platy"
75104,"Huber",0.104274201692498,0.145756442169656,"uniform_platy"
75104,"L1",0.168131353297509,0.202265538665941,"uniform_platy"
75104,"PMM3",0.0608948966732133,0.078500459988453,"uniform_platy"
75104,"W1",0.110999439428719,0.152696604121335,"uniform_platy"
75104,"WPMM3",0.227059112607885,0.289017835058939,"uniform_platy"
75105,"LSE",0.122075159676908,0.166293169835228,"uniform_platy"
75105,"Huber",0.123173537299044,0.168048765781218,"uniform_platy"
75105,"L1",0.210636763944907,0.292878734130308,"uniform_platy"
75105,"PMM3",0.083254722084526,0.104270265991856,"uniform_platy"
75105,"W1",0.12888190320185,0.175723242502137,"uniform_platy"
75105,"WPMM3",0.272011443200825,0.329442818618303,"uniform_platy"
75106,"LSE",0.14209145280002,0.162485078479395,"uniform_platy"
75106,"Huber",0.155859050697669,0.178462031646269,"uniform_platy"
75106,"L1",0.28126316892057,0.345386033574208,"uniform_platy"
75106,"PMM3",0.0523828857365322,0.07811637118338,"uniform_platy"
75106,"W1",0.171414367650234,0.196094785070965,"uniform_platy"
75106,"WPMM3",0.31804982929092,0.40353272728866,"uniform_platy"
75107,"LSE",0.0867325590303022,0.139021208859735,"uniform_platy"
75107,"Huber",0.0919908053891756,0.14716317277561,"uniform_platy"
75107,"L1",0.144248438062921,0.202890488631205,"uniform_platy"
75107,"PMM3",0.0840948592438134,0.123628109443927,"uniform_platy"
75107,"W1",0.0898147458067674,0.141170817706816,"uniform_platy"
75107,"WPMM3",0.240975073953268,0.35681546571652,"uniform_platy"
75108,"LSE",0.0638390121692174,0.0926417163474575,"uniform_platy"
75108,"Huber",0.0713172660021449,0.103850347326663,"uniform_platy"
75108,"L1",0.167807756026668,0.252077041827464,"uniform_platy"
75108,"PMM3",0.065527291261675,0.0650125561865618,"uniform_platy"
75108,"W1",0.0726004341515169,0.108243750232724,"uniform_platy"
75108,"WPMM3",0.171547518088604,0.286148602797527,"uniform_platy"
75109,"LSE",0.233938278071796,0.286216579663741,"uniform_platy"
75109,"Huber",0.238899865024253,0.29247304880658,"uniform_platy"
75109,"L1",0.320933111955779,0.398371319222853,"uniform_platy"
75109,"PMM3",0.102929553341098,0.121825624173076,"uniform_platy"
75109,"W1",0.243940986394524,0.298046151909289,"uniform_platy"
75109,"WPMM3",0.403512481963268,0.508330570682181,"uniform_platy"
75110,"LSE",0.131478270040248,0.166662818745608,"uniform_platy"
75110,"Huber",0.13373023203696,0.169886896276794,"uniform_platy"
75110,"L1",0.1773689208405,0.239185921147884,"uniform_platy"
75110,"PMM3",0.0703248217379249,0.106260130580426,"uniform_platy"
75110,"W1",0.138134034108175,0.174916942125377,"uniform_platy"
75110,"WPMM3",0.292113514998899,0.40311773295706,"uniform_platy"
75111,"LSE",0.140990959930378,0.137234505348537,"uniform_platy"
75111,"Huber",0.15528538271529,0.146648139429691,"uniform_platy"
75111,"L1",0.1672578246425,0.149600977952652,"uniform_platy"
75111,"PMM3",0.0939384895380915,0.0974547311062315,"uniform_platy"
75111,"W1",0.147532399051243,0.14532278999856,"uniform_platy"
75111,"WPMM3",0.202840003025908,0.19929008421655,"uniform_platy"
75112,"LSE",0.0547595215130756,0.0747922512008009,"uniform_platy"
75112,"Huber",0.064424030921247,0.0879729883965733,"uniform_platy"
75112,"L1",0.083044502066607,0.103370201684444,"uniform_platy"
75112,"PMM3",0.0487678069425985,0.0671269113663655,"uniform_platy"
75112,"W1",0.0596748658520551,0.0845812198041977,"uniform_platy"
75112,"WPMM3",0.0747914453165651,0.107897311448932,"uniform_platy"
75113,"LSE",0.0761673178788531,0.09284473586538,"uniform_platy"
75113,"Huber",0.0794780258321134,0.0962120585880554,"uniform_platy"
75113,"L1",0.156011034774479,0.222121053557223,"uniform_platy"
75113,"PMM3",0.0787271136873067,0.0935409209920775,"uniform_platy"
75113,"W1",0.0780984067251974,0.0966189838736237,"uniform_platy"
75113,"WPMM3",0.286678656827602,0.386577700148589,"uniform_platy"
75114,"LSE",0.119073576907382,0.150012240257414,"uniform_platy"
75114,"Huber",0.122345343856808,0.154193389969479,"uniform_platy"
75114,"L1",0.2086753194939,0.271150196284432,"uniform_platy"
75114,"PMM3",0.0526153065813557,0.0706938607827936,"uniform_platy"
75114,"W1",0.126746137546934,0.16057781180715,"uniform_platy"
75114,"WPMM3",0.275726820731927,0.367333779298615,"uniform_platy"
75115,"LSE",0.162915892119843,0.213768028962611,"uniform_platy"
75115,"Huber",0.175654613370419,0.233155281023247,"uniform_platy"
75115,"L1",0.181482971967877,0.256438916431503,"uniform_platy"
75115,"PMM3",0.10097640177449,0.117938777124977,"uniform_platy"
75115,"W1",0.173843256448962,0.230357968156173,"uniform_platy"
75115,"WPMM3",0.261763524547422,0.407435248032701,"uniform_platy"
75116,"LSE",0.100536647309158,0.127494325257214,"uniform_platy"
75116,"Huber",0.101353423736755,0.128554462894589,"uniform_platy"
75116,"L1",0.180146926413561,0.193969634996629,"uniform_platy"
75116,"PMM3",0.055496412794499,0.0836925604256546,"uniform_platy"
75116,"W1",0.104456466551043,0.130866749622691,"uniform_platy"
75116,"WPMM3",0.3007601159847,0.384408348577027,"uniform_platy"
75117,"LSE",0.134462309052823,0.190404343702915,"uniform_platy"
75117,"Huber",0.140240871871625,0.197731372251862,"uniform_platy"
75117,"L1",0.181516751227429,0.266451544297765,"uniform_platy"
75117,"PMM3",0.0803022202125108,0.115145337857025,"uniform_platy"
75117,"W1",0.140542960449388,0.198231765812503,"uniform_platy"
75117,"WPMM3",0.215700006439994,0.297073917406046,"uniform_platy"
75118,"LSE",0.198229103242204,0.315230572477521,"uniform_platy"
75118,"Huber",0.199941685195119,0.317486844744216,"uniform_platy"
75118,"L1",0.232731166652483,0.360648063620442,"uniform_platy"
75118,"PMM3",0.130066606008832,0.201605422182066,"uniform_platy"
75118,"W1",0.200533200545157,0.317981152127213,"uniform_platy"
75118,"WPMM3",0.298673338726633,0.414746984324947,"uniform_platy"
75119,"LSE",0.141123410323976,0.19620200734516,"uniform_platy"
75119,"Huber",0.14213979722013,0.197540956206859,"uniform_platy"
75119,"L1",0.209286209394181,0.292615273379706,"uniform_platy"
75119,"PMM3",0.10710381098294,0.119466978488841,"uniform_platy"
75119,"W1",0.146789773145104,0.20504967300335,"uniform_platy"
75119,"WPMM3",0.358838932388037,0.531827185870307,"uniform_platy"
75120,"LSE",0.068401889805752,0.0868907277585802,"uniform_platy"
75120,"Huber",0.0844628190137598,0.104426998206008,"uniform_platy"
75120,"L1",0.216305357389167,0.272457854816746,"uniform_platy"
75120,"PMM3",0.0419803244758887,0.0631386740183125,"uniform_platy"
75120,"W1",0.0826544881666906,0.100597415007055,"uniform_platy"
75120,"WPMM3",0.17785397595946,0.230029533866479,"uniform_platy"
75121,"LSE",0.0838509587053833,0.113166054928626,"uniform_platy"
75121,"Huber",0.0843491033255229,0.113887285161674,"uniform_platy"
75121,"L1",0.186487136140711,0.257247546363852,"uniform_platy"
75121,"PMM3",0.0717264166031147,0.094431575127065,"uniform_platy"
75121,"W1",0.0879751160491288,0.116875774047331,"uniform_platy"
75121,"WPMM3",0.365025705355574,0.497225740784282,"uniform_platy"
75122,"LSE",0.136619143851422,0.210779910535392,"uniform_platy"
75122,"Huber",0.146523229248265,0.223474649599922,"uniform_platy"
75122,"L1",0.207796531124495,0.309402826852239,"uniform_platy"
75122,"PMM3",0.072210166860666,0.123715354914576,"uniform_platy"
75122,"W1",0.144091847945261,0.219629856525079,"uniform_platy"
75122,"WPMM3",0.149124520304829,0.227047970709603,"uniform_platy"
75123,"LSE",0.135096195133952,0.192891617552219,"uniform_platy"
75123,"Huber",0.139140236031379,0.197687855669242,"uniform_platy"
75123,"L1",0.211230662677226,0.286278332495586,"uniform_platy"
75123,"PMM3",0.0827919043212596,0.102655917497714,"uniform_platy"
75123,"W1",0.143525892546417,0.204200845217774,"uniform_platy"
75123,"WPMM3",0.154902675205617,0.216944021128383,"uniform_platy"
75124,"LSE",0.123179214121569,0.172145997757494,"uniform_platy"
75124,"Huber",0.134292281587591,0.187092929556262,"uniform_platy"
75124,"L1",0.195427809659348,0.271740835297108,"uniform_platy"
75124,"PMM3",0.0405822351539538,0.0618044963625242,"uniform_platy"
75124,"W1",0.132863194331086,0.184691004630676,"uniform_platy"
75124,"WPMM3",0.255062893679368,0.318810852395449,"uniform_platy"
75125,"LSE",0.0819567575637497,0.0945529880784119,"uniform_platy"
75125,"Huber",0.0819567575505046,0.0945529880729991,"uniform_platy"
75125,"L1",0.211537846672625,0.247173847704645,"uniform_platy"
75125,"PMM3",0.0972123294321923,0.144439594574767,"uniform_platy"
75125,"W1",0.0917558915003143,0.102685153514288,"uniform_platy"
75125,"WPMM3",0.251087607465867,0.351897169767139,"uniform_platy"
75126,"LSE",0.149609725366309,0.1793031327364,"uniform_platy"
75126,"Huber",0.153254377420396,0.182251680665808,"uniform_platy"
75126,"L1",0.157751566569122,0.18150613452471,"uniform_platy"
75126,"PMM3",0.0789553931371324,0.104577817251483,"uniform_platy"
75126,"W1",0.158797119942381,0.187410298691041,"uniform_platy"
75126,"WPMM3",0.122777532509226,0.183913505372046,"uniform_platy"
75127,"LSE",0.189453391643887,0.251079924153382,"uniform_platy"
75127,"Huber",0.203138291987317,0.264976917104071,"uniform_platy"
75127,"L1",0.305366044607847,0.369510226921305,"uniform_platy"
75127,"PMM3",0.152298436237246,0.204364118662488,"uniform_platy"
75127,"W1",0.20196639287274,0.262575362502208,"uniform_platy"
75127,"WPMM3",0.331298635272505,0.471563505624635,"uniform_platy"
75128,"LSE",0.310162896223331,0.469264527582934,"uniform_platy"
75128,"Huber",0.324205620750873,0.490448499181219,"uniform_platy"
75128,"L1",0.451278648933619,0.694043581756403,"uniform_platy"
75128,"PMM3",0.17425205126254,0.272909546010372,"uniform_platy"
75128,"W1",0.326148192426511,0.493381327349202,"uniform_platy"
75128,"WPMM3",0.388525417370072,0.579521179949072,"uniform_platy"
75129,"LSE",0.115832966368767,0.142406625369127,"uniform_platy"
75129,"Huber",0.119132268025203,0.14610813362366,"uniform_platy"
75129,"L1",0.219944367428987,0.231790110081221,"uniform_platy"
75129,"PMM3",0.045836771920793,0.0578770400433164,"uniform_platy"
75129,"W1",0.124889950390821,0.150467137020029,"uniform_platy"
75129,"WPMM3",0.216485351538904,0.252138784778276,"uniform_platy"
75130,"LSE",0.133434042133416,0.167821498211607,"uniform_platy"
75130,"Huber",0.135078140666602,0.170189669077566,"uniform_platy"
75130,"L1",0.182302852893695,0.25540051491823,"uniform_platy"
75130,"PMM3",0.090077611309806,0.108122910429897,"uniform_platy"
75130,"W1",0.138002054781698,0.17750051728714,"uniform_platy"
75130,"WPMM3",0.363172435498405,0.538949197986005,"uniform_platy"
75131,"LSE",0.124533611962445,0.188220591589644,"uniform_platy"
75131,"Huber",0.125420117027284,0.189624809690043,"uniform_platy"
75131,"L1",0.143956666356699,0.205063878546847,"uniform_platy"
75131,"PMM3",0.111921060678948,0.146368416037231,"uniform_platy"
75131,"W1",0.126452474599359,0.19110990533742,"uniform_platy"
75131,"WPMM3",0.308954977245743,0.477417417065353,"uniform_platy"
75132,"LSE",0.209636410682554,0.318446438554543,"uniform_platy"
75132,"Huber",0.220299684225225,0.334478343798212,"uniform_platy"
75132,"L1",0.318965699780057,0.48429199523657,"uniform_platy"
75132,"PMM3",0.108965751156021,0.16435356502509,"uniform_platy"
75132,"W1",0.223061052768225,0.337824833100879,"uniform_platy"
75132,"WPMM3",0.228147154242617,0.345785679686813,"uniform_platy"
75133,"LSE",0.225928049241018,0.349397614791428,"uniform_platy"
75133,"Huber",0.231445406426381,0.358149910298556,"uniform_platy"
75133,"L1",0.323142283098258,0.482945210820606,"uniform_platy"
75133,"PMM3",0.111153041067865,0.156102374625022,"uniform_platy"
75133,"W1",0.237682171174166,0.369124506658907,"uniform_platy"
75133,"WPMM3",0.37795649665359,0.55203974862549,"uniform_platy"
75134,"LSE",0.139262596915429,0.201660820239383,"uniform_platy"
75134,"Huber",0.142265662945641,0.206177468947277,"uniform_platy"
75134,"L1",0.223179113879839,0.27841034090334,"uniform_platy"
75134,"PMM3",0.107360405414345,0.135089959268714,"uniform_platy"
75134,"W1",0.146297519538825,0.21063178252406,"uniform_platy"
75134,"WPMM3",0.32184696205127,0.417547769482352,"uniform_platy"
75135,"LSE",0.168833608205148,0.218141314164889,"uniform_platy"
75135,"Huber",0.175600668280927,0.226318635673266,"uniform_platy"
75135,"L1",0.204623047048187,0.309290156174241,"uniform_platy"
75135,"PMM3",0.0852032582324005,0.0967164541378821,"uniform_platy"
75135,"W1",0.173098066053791,0.226354480553305,"uniform_platy"
75135,"WPMM3",0.200812161537742,0.29810778217278,"uniform_platy"
75136,"LSE",0.126656479975119,0.195842678808473,"uniform_platy"
75136,"Huber",0.126656479942692,0.195842678771958,"uniform_platy"
75136,"L1",0.241789431087725,0.388794141789398,"uniform_platy"
75136,"PMM3",0.095151089776595,0.13130701774973,"uniform_platy"
75136,"W1",0.130238610073209,0.202806294039555,"uniform_platy"
75136,"WPMM3",0.354287005886815,0.452934255275063,"uniform_platy"
75137,"LSE",0.120094205841932,0.169897378699605,"uniform_platy"
75137,"Huber",0.130807170723971,0.186867969940568,"uniform_platy"
75137,"L1",0.187370820293515,0.261869943771488,"uniform_platy"
75137,"PMM3",0.0616049972033132,0.0929122136947232,"uniform_platy"
75137,"W1",0.131414119752867,0.186639023534605,"uniform_platy"
75137,"WPMM3",0.130966680365332,0.184967655931879,"uniform_platy"
75138,"LSE",0.142959887716763,0.162359844685247,"uniform_platy"
75138,"Huber",0.142959887692463,0.162359844661805,"uniform_platy"
75138,"L1",0.203773764473266,0.218974297839304,"uniform_platy"
75138,"PMM3",0.0861337294394871,0.116901068189952,"uniform_platy"
75138,"W1",0.146577003385603,0.165347414427017,"uniform_platy"
75138,"WPMM3",0.238020228223656,0.284660836136171,"uniform_platy"
75139,"LSE",0.106621300467251,0.159669339018001,"uniform_platy"
75139,"Huber",0.107878383967971,0.161628106940888,"uniform_platy"
75139,"L1",0.176431686964591,0.259610647318735,"uniform_platy"
75139,"PMM3",0.0776047994134516,0.0945234067023758,"uniform_platy"
75139,"W1",0.114788405137737,0.170926773518017,"uniform_platy"
75139,"WPMM3",0.266573422706124,0.381945582983128,"uniform_platy"
75140,"LSE",0.204317856134912,0.28598432404268,"uniform_platy"
75140,"Huber",0.221408491406526,0.308804866516214,"uniform_platy"
75140,"L1",0.326938596213927,0.437203139343482,"uniform_platy"
75140,"PMM3",0.111344266597248,0.159299505933619,"uniform_platy"
75140,"W1",0.219832032720214,0.305612844385034,"uniform_platy"
75140,"WPMM3",0.27738750693752,0.381886831402477,"uniform_platy"
75141,"LSE",0.0700986804154255,0.098360157182239,"uniform_platy"
75141,"Huber",0.0742666069168549,0.107348018812132,"uniform_platy"
75141,"L1",0.100786066650373,0.130828451903732,"uniform_platy"
75141,"PMM3",0.122383672660583,0.165173243187431,"uniform_platy"
75141,"W1",0.0735079756093067,0.102472944786037,"uniform_platy"
75141,"WPMM3",0.0665347730465545,0.0903196975755818,"uniform_platy"
75142,"LSE",0.127406975150915,0.170820774923339,"uniform_platy"
75142,"Huber",0.129193093717005,0.172632984415442,"uniform_platy"
75142,"L1",0.270808627596391,0.306129221990296,"uniform_platy"
75142,"PMM3",0.0900955646818374,0.134992728917755,"uniform_platy"
75142,"W1",0.13894322865771,0.177033729091628,"uniform_platy"
75142,"WPMM3",0.217067902716812,0.262127412618095,"uniform_platy"
75143,"LSE",0.0962068267482792,0.150276276702525,"uniform_platy"
75143,"Huber",0.10307599092083,0.160644939261152,"uniform_platy"
75143,"L1",0.157814738188047,0.240658874212292,"uniform_platy"
75143,"PMM3",0.0381051715665363,0.0507702016001602,"uniform_platy"
75143,"W1",0.106549872746983,0.163797471323714,"uniform_platy"
75143,"WPMM3",0.377845995853071,0.515195025228867,"uniform_platy"
75144,"LSE",0.0541746987041656,0.0859349566500252,"uniform_platy"
75144,"Huber",0.0549193115020406,0.0873206827961508,"uniform_platy"
75144,"L1",0.140551196711067,0.221907407712564,"uniform_platy"
75144,"PMM3",0.040917837758626,0.0656584452043266,"uniform_platy"
75144,"W1",0.0599707546323913,0.0962478841109128,"uniform_platy"
75144,"WPMM3",0.239819949167052,0.361146784619224,"uniform_platy"
75145,"LSE",0.0926359252524974,0.1224924351255,"uniform_platy"
75145,"Huber",0.0926297916800318,0.122533447616363,"uniform_platy"
75145,"L1",0.0967107987468411,0.149042557919802,"uniform_platy"
75145,"PMM3",0.0632304341058446,0.0832760377142278,"uniform_platy"
75145,"W1",0.0957540437945327,0.126721758477467,"uniform_platy"
75145,"WPMM3",0.125053386369305,0.18742384686279,"uniform_platy"
75146,"LSE",0.0935194458935109,0.130397333162811,"uniform_platy"
75146,"Huber",0.0991492261760981,0.136454593858771,"uniform_platy"
75146,"L1",0.170198776616284,0.226805388512131,"uniform_platy"
75146,"PMM3",0.0366045043782617,0.0499833183139566,"uniform_platy"
75146,"W1",0.102882588403098,0.142425759264297,"uniform_platy"
75146,"WPMM3",0.193568607960495,0.258696867299883,"uniform_platy"
75147,"LSE",0.101329343224641,0.149079919260403,"uniform_platy"
75147,"Huber",0.111441396084935,0.162891302585254,"uniform_platy"
75147,"L1",0.185678680505384,0.269597923111015,"uniform_platy"
75147,"PMM3",0.0381192011737995,0.0618751400481502,"uniform_platy"
75147,"W1",0.109799804251918,0.160858684175224,"uniform_platy"
75147,"WPMM3",0.123396995265156,0.178522629264228,"uniform_platy"
75148,"LSE",0.170939983125726,0.236080522106764,"uniform_platy"
75148,"Huber",0.190148744016971,0.259213259032852,"uniform_platy"
75148,"L1",0.363762332222391,0.47461983302314,"uniform_platy"
75148,"PMM3",0.0793429950493154,0.106683356279269,"uniform_platy"
75148,"W1",0.198712916113764,0.267883034339508,"uniform_platy"
75148,"WPMM3",0.198874010769045,0.265015678077164,"uniform_platy"
75149,"LSE",0.172761530235419,0.235991432809182,"uniform_platy"
75149,"Huber",0.184158508824424,0.248780345331032,"uniform_platy"
75149,"L1",0.265267324938118,0.369725121159902,"uniform_platy"
75149,"PMM3",0.0957007890444547,0.153972236237011,"uniform_platy"
75149,"W1",0.184851066074316,0.250287324811294,"uniform_platy"
75149,"WPMM3",0.194558740138169,0.257143275426545,"uniform_platy"
75150,"LSE",0.0876084265310962,0.117139208478943,"uniform_platy"
75150,"Huber",0.0892251197520399,0.119622170619384,"uniform_platy"
75150,"L1",0.121739440706946,0.183601545920637,"uniform_platy"
75150,"PMM3",0.0907560304979502,0.123876886848611,"uniform_platy"
75150,"W1",0.0909126948300871,0.118890350963079,"uniform_platy"
75150,"WPMM3",0.17724548291755,0.272328974279262,"uniform_platy"
75001,"LSE",0.070403738928589,0.0811665822622918,"sym_t5"
75001,"Huber",0.0414365935459385,0.0587251504842956,"sym_t5"
75001,"L1",0.0739340793814107,0.0834994137456813,"sym_t5"
75001,"PMM3",0.0473004991275657,0.0590027468248672,"sym_t5"
75001,"W1",0.0347563114937316,0.051823682755432,"sym_t5"
75001,"WPMM3",0.0445029791732143,0.067328764002799,"sym_t5"
75002,"LSE",0.115462110477958,0.128663904430914,"sym_t5"
75002,"Huber",0.059322992346495,0.0919933246294122,"sym_t5"
75002,"L1",0.0789203884133909,0.0909179747615202,"sym_t5"
75002,"PMM3",0.0751353281092169,0.119358907239996,"sym_t5"
75002,"W1",0.0660853414893101,0.104772125334311,"sym_t5"
75002,"WPMM3",0.0639152794190332,0.09918983271002,"sym_t5"
75003,"LSE",0.14961250349318,0.200231350111224,"sym_t5"
75003,"Huber",0.138836530866529,0.173129892291516,"sym_t5"
75003,"L1",0.13978410578972,0.15434342077622,"sym_t5"
75003,"PMM3",0.147347620644087,0.195151475467417,"sym_t5"
75003,"W1",0.138394891863822,0.176691565741991,"sym_t5"
75003,"WPMM3",0.135430255948565,0.164482583077837,"sym_t5"
75004,"LSE",0.111670590331979,0.166364345480889,"sym_t5"
75004,"Huber",0.109195753166925,0.164459848570669,"sym_t5"
75004,"L1",0.134933213567681,0.219673745572346,"sym_t5"
75004,"PMM3",0.107901219085014,0.156963304361161,"sym_t5"
75004,"W1",0.112981078356841,0.166367128380529,"sym_t5"
75004,"WPMM3",0.117548048394104,0.177203669799423,"sym_t5"
75005,"LSE",0.0682635062904506,0.106666409542972,"sym_t5"
75005,"Huber",0.0640812290743793,0.0927461422313537,"sym_t5"
75005,"L1",0.105892639833528,0.123848828888402,"sym_t5"
75005,"PMM3",0.088416094450127,0.124039603712734,"sym_t5"
75005,"W1",0.0724557648944863,0.104711371589428,"sym_t5"
75005,"WPMM3",0.0788154532451183,0.108435510365977,"sym_t5"
75006,"LSE",0.114368897998785,0.146890176650716,"sym_t5"
75006,"Huber",0.111140128767938,0.142275919438763,"sym_t5"
75006,"L1",0.114225501489269,0.159984298354295,"sym_t5"
75006,"PMM3",0.100803013684229,0.129420467873437,"sym_t5"
75006,"W1",0.104045601993545,0.133307932811641,"sym_t5"
75006,"WPMM3",0.104216173724407,0.138769417884406,"sym_t5"
75007,"LSE",0.132715937688797,0.185871208883173,"sym_t5"
75007,"Huber",0.136965176724523,0.189029481554772,"sym_t5"
75007,"L1",0.135609774788321,0.212186653866231,"sym_t5"
75007,"PMM3",0.147376203344689,0.205533322376891,"sym_t5"
75007,"W1",0.141649482932967,0.195949211905406,"sym_t5"
75007,"WPMM3",0.138829831633726,0.19136752361234,"sym_t5"
75008,"LSE",0.115756439112325,0.163135024126692,"sym_t5"
75008,"Huber",0.0870898517573182,0.12033522685878,"sym_t5"
75008,"L1",0.111167478717981,0.150042096691935,"sym_t5"
75008,"PMM3",0.105282730538215,0.141151643082893,"sym_t5"
75008,"W1",0.0919435934346137,0.12745414261381,"sym_t5"
75008,"WPMM3",0.0974031138457326,0.120316261122138,"sym_t5"
75009,"LSE",0.127552940884403,0.138666561163084,"sym_t5"
75009,"Huber",0.122551733568475,0.136640150600224,"sym_t5"
75009,"L1",0.150897904661768,0.164032691268837,"sym_t5"
75009,"PMM3",0.12304037824631,0.137593546187942,"sym_t5"
75009,"W1",0.123070355824712,0.138955230508705,"sym_t5"
75009,"WPMM3",0.12580281011606,0.141689173996025,"sym_t5"
75010,"LSE",0.187672797066434,0.288545228317454,"sym_t5"
75010,"Huber",0.181613396701929,0.263857311639328,"sym_t5"
75010,"L1",0.17362195406245,0.245291705630744,"sym_t5"
75010,"PMM3",0.186772662804074,0.283539965844666,"sym_t5"
75010,"W1",0.183569879220613,0.266994623846079,"sym_t5"
75010,"WPMM3",0.181413638569244,0.253472755853967,"sym_t5"
75011,"LSE",0.118385168279432,0.151720385121739,"sym_t5"
75011,"Huber",0.137747529275963,0.174642670792459,"sym_t5"
75011,"L1",0.214122179278693,0.26511606646835,"sym_t5"
75011,"PMM3",0.12864920343463,0.161253983207231,"sym_t5"
75011,"W1",0.135472923015033,0.170271942868894,"sym_t5"
75011,"WPMM3",0.151944089632528,0.190455413402196,"sym_t5"
75012,"LSE",0.177501395404695,0.21733487788823,"sym_t5"
75012,"Huber",0.154400809200789,0.188062797874013,"sym_t5"
75012,"L1",0.175081089652686,0.251321833999597,"sym_t5"
75012,"PMM3",0.165874971294369,0.199800829567656,"sym_t5"
75012,"W1",0.159696073088848,0.194137077314733,"sym_t5"
75012,"WPMM3",0.157170804680585,0.191053822934294,"sym_t5"
75013,"LSE",0.0766385655712533,0.0897841813151636,"sym_t5"
75013,"Huber",0.0868132045013957,0.107504652733821,"sym_t5"
75013,"L1",0.0777979711481739,0.1106985173978,"sym_t5"
75013,"PMM3",0.0733283367632374,0.0919957845040065,"sym_t5"
75013,"W1",0.0788664067126447,0.0989562463091277,"sym_t5"
75013,"WPMM3",0.0848452292882453,0.110359710247309,"sym_t5"
75014,"LSE",0.247620257944848,0.284698823298182,"sym_t5"
75014,"Huber",0.208969453184588,0.237366943621443,"sym_t5"
75014,"L1",0.221581784548548,0.266350209826382,"sym_t5"
75014,"PMM3",0.200477829611096,0.226644177866953,"sym_t5"
75014,"W1",0.208913003291087,0.236371734497633,"sym_t5"
75014,"WPMM3",0.188186406224774,0.211164861449352,"sym_t5"
75015,"LSE",0.17520124402108,0.211481536781536,"sym_t5"
75015,"Huber",0.102219894519161,0.129142739298349,"sym_t5"
75015,"L1",0.0939628200613773,0.126997825126319,"sym_t5"
75015,"PMM3",0.119309107783347,0.137087114000772,"sym_t5"
75015,"W1",0.0967615472684462,0.114801960046551,"sym_t5"
75015,"WPMM3",0.0821095836066307,0.101743495089405,"sym_t5"
75016,"LSE",0.0878887942015331,0.10646182968108,"sym_t5"
75016,"Huber",0.0660909673086279,0.0781821966293805,"sym_t5"
75016,"L1",0.142612313660423,0.190631282343442,"sym_t5"
75016,"PMM3",0.0703024421881018,0.0987636823401837,"sym_t5"
75016,"W1",0.0682779431736517,0.084991759057096,"sym_t5"
75016,"WPMM3",0.0706194383119157,0.0866365369105917,"sym_t5"
75017,"LSE",0.0796246362044949,0.110685938267907,"sym_t5"
75017,"Huber",0.0811251705478394,0.099353423584288,"sym_t5"
75017,"L1",0.125839462421985,0.138076652240514,"sym_t5"
75017,"PMM3",0.0801220126714889,0.102200825811168,"sym_t5"
75017,"W1",0.0827152306273355,0.101299153895404,"sym_t5"
75017,"WPMM3",0.090542947347102,0.104266379387103,"sym_t5"
75018,"LSE",0.162040562142571,0.210261821079068,"sym_t5"
75018,"Huber",0.139263190406832,0.195402353015744,"sym_t5"
75018,"L1",0.163370306937969,0.235054378641302,"sym_t5"
75018,"PMM3",0.154916950783537,0.214664941713628,"sym_t5"
75018,"W1",0.14010043883914,0.198018491923264,"sym_t5"
75018,"WPMM3",0.137437126408715,0.195130059950424,"sym_t5"
75019,"LSE",0.122357266858242,0.1863582241989,"sym_t5"
75019,"Huber",0.0939342087741904,0.124661616634689,"sym_t5"
75019,"L1",0.113473126078346,0.148279316273545,"sym_t5"
75019,"PMM3",0.122224971339956,0.152906925503736,"sym_t5"
75019,"W1",0.105163920567266,0.133969813384919,"sym_t5"
75019,"WPMM3",0.0943797497387716,0.120472735398327,"sym_t5"
75020,"LSE",0.142248659783383,0.180767132798802,"sym_t5"
75020,"Huber",0.12544780982187,0.168386521164285,"sym_t5"
75020,"L1",0.141657484621378,0.196853024311391,"sym_t5"
75020,"PMM3",0.116602225905473,0.150962852035839,"sym_t5"
75020,"W1",0.118610015798604,0.15600077748794,"sym_t5"
75020,"WPMM3",0.111925176354897,0.153431788225656,"sym_t5"
75021,"LSE",0.0926178728478324,0.144055526582049,"sym_t5"
75021,"Huber",0.108354544727034,0.179300186482071,"sym_t5"
75021,"L1",0.149899939422521,0.227860088242423,"sym_t5"
75021,"PMM3",0.0960220000571238,0.152541408506605,"sym_t5"
75021,"W1",0.101737533487709,0.165088779710968,"sym_t5"
75021,"WPMM3",0.107124647890869,0.175917344817487,"sym_t5"
75022,"LSE",0.100826419700694,0.117003667385329,"sym_t5"
75022,"Huber",0.123022059307628,0.106988745504422,"sym_t5"
75022,"L1",0.114818184012362,0.0930073669192686,"sym_t5"
75022,"PMM3",0.142167932768088,0.131614402170458,"sym_t5"
75022,"W1",0.134512717503836,0.120533748218428,"sym_t5"
75022,"WPMM3",0.139860746718857,0.123878268057889,"sym_t5"
75023,"LSE",0.155464428565891,0.227382284408916,"sym_t5"
75023,"Huber",0.162254321911678,0.221999765052677,"sym_t5"
75023,"L1",0.167621147316383,0.239729548110933,"sym_t5"
75023,"PMM3",0.171648850749006,0.236205654155677,"sym_t5"
75023,"W1",0.169143774494596,0.228468445664844,"sym_t5"
75023,"WPMM3",0.176403588645926,0.234159517265175,"sym_t5"
75024,"LSE",0.0851347886125232,0.105110669411356,"sym_t5"
75024,"Huber",0.0639760591153793,0.0795671120565359,"sym_t5"
75024,"L1",0.0582184928621284,0.086380537403851,"sym_t5"
75024,"PMM3",0.0633117083100908,0.0860817221499361,"sym_t5"
75024,"W1",0.0642619033433456,0.0852068943358872,"sym_t5"
75024,"WPMM3",0.0571559231520874,0.0794621494619651,"sym_t5"
75025,"LSE",0.0846011785772013,0.126508288990962,"sym_t5"
75025,"Huber",0.0674284586684662,0.0962664751525049,"sym_t5"
75025,"L1",0.0717405117735591,0.107493314793789,"sym_t5"
75025,"PMM3",0.0732714113911958,0.104289419658758,"sym_t5"
75025,"W1",0.0697830568970461,0.0959181731206312,"sym_t5"
75025,"WPMM3",0.0674596210748344,0.0928230105130526,"sym_t5"
75026,"LSE",0.0790902143115182,0.0985331231848882,"sym_t5"
75026,"Huber",0.0698601079762377,0.0972051490350246,"sym_t5"
75026,"L1",0.117504438773748,0.178470283893139,"sym_t5"
75026,"PMM3",0.077273863004623,0.105043813760649,"sym_t5"
75026,"W1",0.0711443255526998,0.0993352838435297,"sym_t5"
75026,"WPMM3",0.074751936702098,0.107535347848535,"sym_t5"
75027,"LSE",0.115580373583038,0.16739820819478,"sym_t5"
75027,"Huber",0.0757717017745731,0.101436943199259,"sym_t5"
75027,"L1",0.0974283327025597,0.124769394247006,"sym_t5"
75027,"PMM3",0.0846930313108872,0.100165544562662,"sym_t5"
75027,"W1",0.0795172454854293,0.091983128984744,"sym_t5"
75027,"WPMM3",0.0767157671038976,0.0860334948756928,"sym_t5"
75028,"LSE",0.17147448682384,0.23112417746518,"sym_t5"
75028,"Huber",0.132789653887237,0.172784833315242,"sym_t5"
75028,"L1",0.163950065383538,0.218727154210657,"sym_t5"
75028,"PMM3",0.141351424019566,0.185526602268284,"sym_t5"
75028,"W1",0.131302176065988,0.170579857578644,"sym_t5"
75028,"WPMM3",0.122220903685978,0.15693489956122,"sym_t5"
75029,"LSE",0.147328768430953,0.105991093265155,"sym_t5"
75029,"Huber",0.0932675202101383,0.0727296371000239,"sym_t5"
75029,"L1",0.129390583574707,0.0800908025666095,"sym_t5"
75029,"PMM3",0.108648479965833,0.0845724276415563,"sym_t5"
75029,"W1",0.108191884421331,0.0792251845679026,"sym_t5"
75029,"WPMM3",0.0955511904941504,0.0738302641160274,"sym_t5"
75030,"LSE",0.108698210267873,0.072822329726631,"sym_t5"
75030,"Huber",0.111743614278053,0.0942899980560716,"sym_t5"
75030,"L1",0.142462209241594,0.178006727329305,"sym_t5"
75030,"PMM3",0.112173790389826,0.0861799225510207,"sym_t5"
75030,"W1",0.113992627439999,0.0908671156494887,"sym_t5"
75030,"WPMM3",0.119126621118012,0.112832767467909,"sym_t5"
75031,"LSE",0.159662933387463,0.253439605772558,"sym_t5"
75031,"Huber",0.140737005532144,0.216002563461103,"sym_t5"
75031,"L1",0.127679150097975,0.140322498585752,"sym_t5"
75031,"PMM3",0.146327226397071,0.231514946563201,"sym_t5"
75031,"W1",0.136409687485815,0.213398351521261,"sym_t5"
75031,"WPMM3",0.126287208195959,0.189162718062239,"sym_t5"
75032,"LSE",0.137128505168,0.167888334572743,"sym_t5"
75032,"Huber",0.160875931552493,0.178425085218139,"sym_t5"
75032,"L1",0.121222251556042,0.119237146183024,"sym_t5"
75032,"PMM3",0.168095513907888,0.193660912140912,"sym_t5"
75032,"W1",0.156262157585064,0.182025562899458,"sym_t5"
75032,"WPMM3",0.158491001766884,0.181225285658156,"sym_t5"
75033,"LSE",0.0900614026318265,0.135754590770291,"sym_t5"
75033,"Huber",0.126728225809799,0.190824888698965,"sym_t5"
75033,"L1",0.156310255457621,0.23032916629032,"sym_t5"
75033,"PMM3",0.122619871936491,0.191379118432957,"sym_t5"
75033,"W1",0.125979131720153,0.190995294435707,"sym_t5"
75033,"WPMM3",0.136294760005181,0.204632223474816,"sym_t5"
75034,"LSE",0.0862732643839527,0.117425409862886,"sym_t5"
75034,"Huber",0.0850244426290726,0.11542319712347,"sym_t5"
75034,"L1",0.119551787789235,0.147829414308998,"sym_t5"
75034,"PMM3",0.0811406435158741,0.10977526097434,"sym_t5"
75034,"W1",0.08393357272094,0.113173526300029,"sym_t5"
75034,"WPMM3",0.0879624218571138,0.115853872318839,"sym_t5"
75035,"LSE",0.121660203692528,0.159957827702905,"sym_t5"
75035,"Huber",0.0924393835200574,0.0990354919354905,"sym_t5"
75035,"L1",0.12935389487929,0.126727612390834,"sym_t5"
75035,"PMM3",0.102340939930117,0.142356008763752,"sym_t5"
75035,"W1",0.0980643284869233,0.115586499306155,"sym_t5"
75035,"WPMM3",0.0904509098352831,0.0969804095500367,"sym_t5"
75036,"LSE",0.147611483390077,0.225227277744319,"sym_t5"
75036,"Huber",0.114934545683946,0.169431696744776,"sym_t5"
75036,"L1",0.116981920468109,0.169872774888783,"sym_t5"
75036,"PMM3",0.138329441485041,0.197806793322984,"sym_t5"
75036,"W1",0.122643686390239,0.178451865296175,"sym_t5"
75036,"WPMM3",0.10814917269614,0.154035397380571,"sym_t5"
75037,"LSE",0.151597627172104,0.214946676668968,"sym_t5"
75037,"Huber",0.11857097730609,0.149738205956171,"sym_t5"
75037,"L1",0.140183469774481,0.167911108657998,"sym_t5"
75037,"PMM3",0.138324575946136,0.182345353736163,"sym_t5"
75037,"W1",0.120616824381358,0.151413079884938,"sym_t5"
75037,"WPMM3",0.113021329277356,0.13797392879892,"sym_t5"
75038,"LSE",0.120273323666608,0.133329629517975,"sym_t5"
75038,"Huber",0.124532180572296,0.137602735521222,"sym_t5"
75038,"L1",0.103704126184722,0.125766909196238,"sym_t5"
75038,"PMM3",0.120005463767698,0.133130205180555,"sym_t5"
75038,"W1",0.119861950981677,0.133211993334909,"sym_t5"
75038,"WPMM3",0.119850094710802,0.133183720357639,"sym_t5"
75039,"LSE",0.0814380597337481,0.126606819850813,"sym_t5"
75039,"Huber",0.0883689687469912,0.131343740868684,"sym_t5"
75039,"L1",0.137791692430477,0.208355554844244,"sym_t5"
75039,"PMM3",0.0801425226687861,0.119493488308532,"sym_t5"
75039,"W1",0.0811886805607247,0.119432653853165,"sym_t5"
75039,"WPMM3",0.090123564339168,0.130446568130176,"sym_t5"
75040,"LSE",0.116550285741548,0.145896584661188,"sym_t5"
75040,"Huber",0.101015325438269,0.133869477585154,"sym_t5"
75040,"L1",0.110855379780332,0.125001632135543,"sym_t5"
75040,"PMM3",0.1092204886306,0.136410488503323,"sym_t5"
75040,"W1",0.10934692688526,0.144194745128365,"sym_t5"
75040,"WPMM3",0.108955627701993,0.146188091685734,"sym_t5"
75041,"LSE",0.212451819546137,0.331839501619106,"sym_t5"
75041,"Huber",0.148714553415114,0.224018528046653,"sym_t5"
75041,"L1",0.123525351206189,0.187198793435949,"sym_t5"
75041,"PMM3",0.170274377033333,0.260299950082296,"sym_t5"
75041,"W1",0.154198082801954,0.233592905055686,"sym_t5"
75041,"WPMM3",0.1221913516356,0.180526190985975,"sym_t5"
75042,"LSE",0.0621177293072574,0.0744653754760911,"sym_t5"
75042,"Huber",0.0714776720754064,0.0936482408822346,"sym_t5"
75042,"L1",0.109107634679889,0.156195329561444,"sym_t5"
75042,"PMM3",0.0812864666388629,0.113899532206181,"sym_t5"
75042,"W1",0.0747009134589158,0.102691306242425,"sym_t5"
75042,"WPMM3",0.0770506035221167,0.105266538828848,"sym_t5"
75043,"LSE",0.136400741716542,0.181253813898912,"sym_t5"
75043,"Huber",0.149348043884313,0.184967229113831,"sym_t5"
75043,"L1",0.17966067233889,0.185495859423105,"sym_t5"
75043,"PMM3",0.144481640465169,0.181384293690073,"sym_t5"
75043,"W1",0.149391484499539,0.177155540270835,"sym_t5"
75043,"WPMM3",0.156789009041948,0.18242726101839,"sym_t5"
75044,"LSE",0.0732666441061528,0.102732075183344,"sym_t5"
75044,"Huber",0.0759718420301543,0.108710957028742,"sym_t5"
75044,"L1",0.110109787949369,0.16316858979567,"sym_t5"
75044,"PMM3",0.061523285180727,0.0879280977626592,"sym_t5"
75044,"W1",0.0714975953216029,0.102700891076258,"sym_t5"
75044,"WPMM3",0.0769392314110707,0.111295469953675,"sym_t5"
75045,"LSE",0.121554764743813,0.163402021551533,"sym_t5"
75045,"Huber",0.0918735900484743,0.109896252116915,"sym_t5"
75045,"L1",0.121560770455952,0.141262191267327,"sym_t5"
75045,"PMM3",0.0956511464882062,0.118370342895255,"sym_t5"
75045,"W1",0.0995632211031952,0.115122652409092,"sym_t5"
75045,"WPMM3",0.104865487222047,0.113291660771514,"sym_t5"
75046,"LSE",0.0487294249038951,0.0615184589246298,"sym_t5"
75046,"Huber",0.0546184929573735,0.0765844510253608,"sym_t5"
75046,"L1",0.0600285754865859,0.0836616325713605,"sym_t5"
75046,"PMM3",0.0530940939837007,0.071353132686938,"sym_t5"
75046,"W1",0.0538636526189479,0.0756906088510077,"sym_t5"
75046,"WPMM3",0.0592729732689935,0.0873141390412528,"sym_t5"
75047,"LSE",0.178402481758513,0.288170916116195,"sym_t5"
75047,"Huber",0.168680862410338,0.271597523449681,"sym_t5"
75047,"L1",0.212664705916533,0.32221835321398,"sym_t5"
75047,"PMM3",0.167747011457759,0.275079316651372,"sym_t5"
75047,"W1",0.163855314193898,0.26687791166687,"sym_t5"
75047,"WPMM3",0.164058232217262,0.26353110441213,"sym_t5"
75048,"LSE",0.0804321068986526,0.0983857736171957,"sym_t5"
75048,"Huber",0.052197798746932,0.0777211154422722,"sym_t5"
75048,"L1",0.115761156135804,0.14437728877828,"sym_t5"
75048,"PMM3",0.0512574539985176,0.0760779887743391,"sym_t5"
75048,"W1",0.0502521148032409,0.0753902160116724,"sym_t5"
75048,"WPMM3",0.0570685895521704,0.0794365098183033,"sym_t5"
75049,"LSE",0.104972572902718,0.124278273474512,"sym_t5"
75049,"Huber",0.134403401159726,0.118256658639631,"sym_t5"
75049,"L1",0.158185031992617,0.155035037476976,"sym_t5"
75049,"PMM3",0.116591702286354,0.096067810500845,"sym_t5"
75049,"W1",0.136712624125524,0.127126302214041,"sym_t5"
75049,"WPMM3",0.148462540458188,0.14545739631973,"sym_t5"
75050,"LSE",0.0923372719071255,0.0773983636892628,"sym_t5"
75050,"Huber",0.0726008063214313,0.0753343178733965,"sym_t5"
75050,"L1",0.0647992519997072,0.0802299869079387,"sym_t5"
75050,"PMM3",0.0753086074854909,0.0718693586826346,"sym_t5"
75050,"W1",0.061873681775911,0.0639451924395079,"sym_t5"
75050,"WPMM3",0.0568874860781613,0.0640215082319322,"sym_t5"
75051,"LSE",0.161911193728519,0.237841173032251,"sym_t5"
75051,"Huber",0.159428235510173,0.235285913776352,"sym_t5"
75051,"L1",0.181673753317923,0.277731736129062,"sym_t5"
75051,"PMM3",0.140964437009616,0.20982118183373,"sym_t5"
75051,"W1",0.153888654555444,0.22799934529647,"sym_t5"
75051,"WPMM3",0.16309598783697,0.240945537284828,"sym_t5"
75052,"LSE",0.126459485257232,0.176745891006532,"sym_t5"
75052,"Huber",0.118212557625751,0.15902549701529,"sym_t5"
75052,"L1",0.0923606085143827,0.123911677098065,"sym_t5"
75052,"PMM3",0.11833055293341,0.159385240892899,"sym_t5"
75052,"W1",0.118142760969386,0.159552243849962,"sym_t5"
75052,"WPMM3",0.113014643276087,0.146440266506457,"sym_t5"
75053,"LSE",0.0762533910942006,0.11334066207301,"sym_t5"
75053,"Huber",0.0833085685180978,0.115992135168718,"sym_t5"
75053,"L1",0.14101283718091,0.210112961938303,"sym_t5"
75053,"PMM3",0.0770780276393613,0.100253591110894,"sym_t5"
75053,"W1",0.0904485872984001,0.121961697310665,"sym_t5"
75053,"WPMM3",0.100074605802491,0.138666497774196,"sym_t5"
75054,"LSE",0.119483194298759,0.134203660004454,"sym_t5"
75054,"Huber",0.0826048556464531,0.0871735086606881,"sym_t5"
75054,"L1",0.0976846629515203,0.13141494094558,"sym_t5"
75054,"PMM3",0.0811928017062388,0.0883648465268925,"sym_t5"
75054,"W1",0.0856314901724111,0.0914684399265833,"sym_t5"
75054,"WPMM3",0.0753972945263104,0.0874984148376383,"sym_t5"
75055,"LSE",0.0737716385389388,0.092715615481832,"sym_t5"
75055,"Huber",0.0874077106268981,0.111026031292997,"sym_t5"
75055,"L1",0.119709263618217,0.161905109824418,"sym_t5"
75055,"PMM3",0.0815856114336273,0.103870043483315,"sym_t5"
75055,"W1",0.0876637819697353,0.112059026334066,"sym_t5"
75055,"WPMM3",0.0926855722251381,0.119522431000137,"sym_t5"
75056,"LSE",0.0840766069432165,0.107517548118273,"sym_t5"
75056,"Huber",0.0830509737885629,0.108712303929942,"sym_t5"
75056,"L1",0.0991771010090703,0.147114731704489,"sym_t5"
75056,"PMM3",0.0900728281063412,0.123818736725255,"sym_t5"
75056,"W1",0.0855874809194124,0.117117375228662,"sym_t5"
75056,"WPMM3",0.0855614796310593,0.115538196540316,"sym_t5"
75057,"LSE",0.136094444282176,0.225482561736848,"sym_t5"
75057,"Huber",0.12998422987525,0.221103397519081,"sym_t5"
75057,"L1",0.0971338225223264,0.156724893218474,"sym_t5"
75057,"PMM3",0.136649204267614,0.22650779340613,"sym_t5"
75057,"W1",0.127723172580604,0.213777053617513,"sym_t5"
75057,"WPMM3",0.119154510737405,0.200350831665247,"sym_t5"
75058,"LSE",0.0718607357188248,0.0879252135960937,"sym_t5"
75058,"Huber",0.0717849647486269,0.0803723667019376,"sym_t5"
75058,"L1",0.138795924985304,0.191700052068608,"sym_t5"
75058,"PMM3",0.0668429557460761,0.078898598729582,"sym_t5"
75058,"W1",0.0606046783651908,0.0711247009169125,"sym_t5"
75058,"WPMM3",0.0605370698355008,0.0708199060157785,"sym_t5"
75059,"LSE",0.050829152046581,0.0655917673850736,"sym_t5"
75059,"Huber",0.0481143421237015,0.0660490283984392,"sym_t5"
75059,"L1",0.0577765046532291,0.0751458075345213,"sym_t5"
75059,"PMM3",0.0488395777111862,0.0677572892597881,"sym_t5"
75059,"W1",0.0466426176616255,0.0626980641960557,"sym_t5"
75059,"WPMM3",0.0467948165875261,0.0618673473223649,"sym_t5"
75060,"LSE",0.0539680543255025,0.0753173846715308,"sym_t5"
75060,"Huber",0.0605099838689387,0.0753686676780414,"sym_t5"
75060,"L1",0.0755246636134197,0.107083085374745,"sym_t5"
75060,"PMM3",0.0558744716221392,0.0757720686766863,"sym_t5"
75060,"W1",0.0597023107287974,0.0769021913979521,"sym_t5"
75060,"WPMM3",0.0669729907790488,0.080306875869335,"sym_t5"
75061,"LSE",0.0921449640952423,0.110027940546272,"sym_t5"
75061,"Huber",0.0959718691984363,0.104497102728813,"sym_t5"
75061,"L1",0.134583523795409,0.149388989760533,"sym_t5"
75061,"PMM3",0.0986931340793626,0.109315910537869,"sym_t5"
75061,"W1",0.0980422880048557,0.107122325895359,"sym_t5"
75061,"WPMM3",0.10220219921748,0.108282389381828,"sym_t5"
75062,"LSE",0.0965135934055697,0.132917386301161,"sym_t5"
75062,"Huber",0.109183395583146,0.134425120376396,"sym_t5"
75062,"L1",0.167486226396727,0.235703729905746,"sym_t5"
75062,"PMM3",0.0968409257318021,0.116933111468927,"sym_t5"
75062,"W1",0.104278276388217,0.129634570368333,"sym_t5"
75062,"WPMM3",0.113328479167566,0.13868102195257,"sym_t5"
75063,"LSE",0.116859357267234,0.159920070316496,"sym_t5"
75063,"Huber",0.109039331778648,0.148792960026357,"sym_t5"
75063,"L1",0.122964944401871,0.168372954720105,"sym_t5"
75063,"PMM3",0.104032455820807,0.143443391945844,"sym_t5"
75063,"W1",0.104567748103294,0.143708340909527,"sym_t5"
75063,"WPMM3",0.10440484628983,0.14421734324813,"sym_t5"
75064,"LSE",0.109771432969212,0.125606011220718,"sym_t5"
75064,"Huber",0.120746172831477,0.13469340681669,"sym_t5"
75064,"L1",0.160389165636696,0.176232399245598,"sym_t5"
75064,"PMM3",0.127431035296606,0.141856230691493,"sym_t5"
75064,"W1",0.129991634173794,0.142411050072294,"sym_t5"
75064,"WPMM3",0.133851660281514,0.146462087038741,"sym_t5"
75065,"LSE",0.116051434306918,0.194509294951649,"sym_t5"
75065,"Huber",0.113769803348482,0.200740889970252,"sym_t5"
75065,"L1",0.116320037410106,0.199279560964867,"sym_t5"
75065,"PMM3",0.111950726452752,0.198735060943712,"sym_t5"
75065,"W1",0.112080012544972,0.19864852084583,"sym_t5"
75065,"WPMM3",0.112519335340451,0.200180167836397,"sym_t5"
75066,"LSE",0.104567003350978,0.123478123299982,"sym_t5"
75066,"Huber",0.0852573608669476,0.116268509120404,"sym_t5"
75066,"L1",0.144514630816246,0.2167249534836,"sym_t5"
75066,"PMM3",0.104148814677557,0.12992602656099,"sym_t5"
75066,"W1",0.0902901765720027,0.120208250335305,"sym_t5"
75066,"WPMM3",0.0848592391594355,0.122135116962712,"sym_t5"
75067,"LSE",0.201561141502527,0.259189913357678,"sym_t5"
75067,"Huber",0.180657003353493,0.232283152200081,"sym_t5"
75067,"L1",0.166181432350822,0.223787655459858,"sym_t5"
75067,"PMM3",0.166468486407164,0.22000151873379,"sym_t5"
75067,"W1",0.172589495188041,0.225329935182801,"sym_t5"
75067,"WPMM3",0.174760756771717,0.226826111105411,"sym_t5"
75068,"LSE",0.0756601834509333,0.107500277695028,"sym_t5"
75068,"Huber",0.0419916162909626,0.0529104844663348,"sym_t5"
75068,"L1",0.0785185522218468,0.108227135424643,"sym_t5"
75068,"PMM3",0.0458333539586831,0.0613231032436421,"sym_t5"
75068,"W1",0.0420387921274739,0.0533894119743584,"sym_t5"
75068,"WPMM3",0.0494524414941812,0.0616936076346427,"sym_t5"
75069,"LSE",0.144495238792946,0.221988126443966,"sym_t5"
75069,"Huber",0.163530470076975,0.247913947982124,"sym_t5"
75069,"L1",0.132738133778999,0.205251587083953,"sym_t5"
75069,"PMM3",0.159451391656291,0.23989605329239,"sym_t5"
75069,"W1",0.160599749616889,0.242772918549326,"sym_t5"
75069,"WPMM3",0.167609520216675,0.252549373965907,"sym_t5"
75070,"LSE",0.15628977106055,0.229956359224025,"sym_t5"
75070,"Huber",0.162126068722072,0.221482020020567,"sym_t5"
75070,"L1",0.212556062589104,0.310021129485296,"sym_t5"
75070,"PMM3",0.158604656332589,0.218050561006667,"sym_t5"
75070,"W1",0.158698989804215,0.217523968911832,"sym_t5"
75070,"WPMM3",0.162328570401111,0.218571887495998,"sym_t5"
75071,"LSE",0.115923925020228,0.132603279471076,"sym_t5"
75071,"Huber",0.130253278228722,0.15255649587328,"sym_t5"
75071,"L1",0.154970293244136,0.179696436758715,"sym_t5"
75071,"PMM3",0.138975778076986,0.155419865657941,"sym_t5"
75071,"W1",0.136181068987805,0.15357218108306,"sym_t5"
75071,"WPMM3",0.144314251266445,0.162567268666873,"sym_t5"
75072,"LSE",0.16149648719387,0.217754155443395,"sym_t5"
75072,"Huber",0.146225397877501,0.200437482218552,"sym_t5"
75072,"L1",0.146485067897919,0.200139233968745,"sym_t5"
75072,"PMM3",0.14843380554083,0.202458601402314,"sym_t5"
75072,"W1",0.146806970160627,0.19979596373249,"sym_t5"
75072,"WPMM3",0.14279540111553,0.192984916232666,"sym_t5"
75073,"LSE",0.110107144674254,0.147948211113615,"sym_t5"
75073,"Huber",0.0726697034964951,0.0979339112816586,"sym_t5"
75073,"L1",0.141024254387151,0.148389219943479,"sym_t5"
75073,"PMM3",0.0843905996225877,0.112919222059041,"sym_t5"
75073,"W1",0.0855250901861539,0.111928986782793,"sym_t5"
75073,"WPMM3",0.0728552593201571,0.0938456786560965,"sym_t5"
75074,"LSE",0.0503873000165934,0.0666077181355208,"sym_t5"
75074,"Huber",0.0506445303257499,0.0696729489377019,"sym_t5"
75074,"L1",0.107908309274983,0.145269207104349,"sym_t5"
75074,"PMM3",0.0470664047226903,0.0657377549208592,"sym_t5"
75074,"W1",0.049362528248964,0.0683215183909478,"sym_t5"
75074,"WPMM3",0.0561776237153367,0.0788720371117845,"sym_t5"
75075,"LSE",0.180770711108708,0.243256386632465,"sym_t5"
75075,"Huber",0.159267223338743,0.227877393720834,"sym_t5"
75075,"L1",0.165565429294977,0.197796851472523,"sym_t5"
75075,"PMM3",0.150737705205381,0.226255806704421,"sym_t5"
75075,"W1",0.155184907967649,0.221947478238853,"sym_t5"
75075,"WPMM3",0.152950499571524,0.221494299619645,"sym_t5"
75076,"LSE",0.0886129491672367,0.132997532717631,"sym_t5"
75076,"Huber",0.07320467048006,0.10920980974666,"sym_t5"
75076,"L1",0.157265309835543,0.223678809922279,"sym_t5"
75076,"PMM3",0.0769636209446655,0.114623344126357,"sym_t5"
75076,"W1",0.0803893446461338,0.119510767773622,"sym_t5"
75076,"WPMM3",0.0805147918676312,0.119033752240297,"sym_t5"
75077,"LSE",0.0958134495896094,0.141863715567062,"sym_t5"
75077,"Huber",0.0860707738819125,0.125620456330577,"sym_t5"
75077,"L1",0.0999464602340235,0.118204918507886,"sym_t5"
75077,"PMM3",0.0843636229275611,0.122446593012453,"sym_t5"
75077,"W1",0.0872138247993684,0.122593178042718,"sym_t5"
75077,"WPMM3",0.0817155242710112,0.113148757092694,"sym_t5"
75078,"LSE",0.230248818681717,0.364619055518314,"sym_t5"
75078,"Huber",0.180426998145418,0.299043586041958,"sym_t5"
75078,"L1",0.106516451542485,0.167329205119264,"sym_t5"
75078,"PMM3",0.186804351258181,0.308058282950617,"sym_t5"
75078,"W1",0.165073699668005,0.274367134190752,"sym_t5"
75078,"WPMM3",0.148323125468936,0.248921052378288,"sym_t5"
75079,"LSE",0.0998001587526268,0.0974467201561986,"sym_t5"
75079,"Huber",0.0802923940331915,0.095683259435142,"sym_t5"
75079,"L1",0.108513801799492,0.129778948804463,"sym_t5"
75079,"PMM3",0.0752605694343011,0.085816513001013,"sym_t5"
75079,"W1",0.0800226806560287,0.0904447974117419,"sym_t5"
75079,"WPMM3",0.0775618339723826,0.0956613425074536,"sym_t5"
75080,"LSE",0.0825349982960405,0.13584037673539,"sym_t5"
75080,"Huber",0.0521203508630333,0.0643283967126886,"sym_t5"
75080,"L1",0.0723752466318997,0.105657286934448,"sym_t5"
75080,"PMM3",0.0435682029694699,0.0593457436969678,"sym_t5"
75080,"W1",0.0486794124390857,0.0594000404520439,"sym_t5"
75080,"WPMM3",0.0779920865214304,0.103789007790403,"sym_t5"
75081,"LSE",0.0999359617874902,0.145597479626081,"sym_t5"
75081,"Huber",0.0640377051648331,0.089548257682553,"sym_t5"
75081,"L1",0.076234386831357,0.0780492409578612,"sym_t5"
75081,"PMM3",0.0930064404449781,0.136360662995829,"sym_t5"
75081,"W1",0.0673178055210911,0.0880847957388446,"sym_t5"
75081,"WPMM3",0.0609658281545779,0.0697336894610041,"sym_t5"
75082,"LSE",0.155340348825567,0.232378684270746,"sym_t5"
75082,"Huber",0.124316235312181,0.191635538019613,"sym_t5"
75082,"L1",0.165964065351462,0.276050590410898,"sym_t5"
75082,"PMM3",0.132070353131695,0.202612013673138,"sym_t5"
75082,"W1",0.132895394658148,0.2045838774235,"sym_t5"
75082,"WPMM3",0.130618426066333,0.197917211057549,"sym_t5"
75083,"LSE",0.0791744599973465,0.106991093503766,"sym_t5"
75083,"Huber",0.0627200424880307,0.0742561220042565,"sym_t5"
75083,"L1",0.0714429374413639,0.0870631375284137,"sym_t5"
75083,"PMM3",0.0750383374469269,0.0972759393719168,"sym_t5"
75083,"W1",0.0690028131490685,0.0829210757187041,"sym_t5"
75083,"WPMM3",0.0662084446538413,0.0779773897857686,"sym_t5"
75084,"LSE",0.057560138699146,0.0799391148400996,"sym_t5"
75084,"Huber",0.0545543278785467,0.0683700220567712,"sym_t5"
75084,"L1",0.0896959313860381,0.147513827066134,"sym_t5"
75084,"PMM3",0.0539970836398876,0.0711360469501653,"sym_t5"
75084,"W1",0.0592397487065412,0.074889273237725,"sym_t5"
75084,"WPMM3",0.0637465632703808,0.079180368479823,"sym_t5"
75085,"LSE",0.162807130830529,0.212137874768765,"sym_t5"
75085,"Huber",0.118926825512878,0.155076802528151,"sym_t5"
75085,"L1",0.10712464430747,0.129904593116177,"sym_t5"
75085,"PMM3",0.13066462026606,0.168712346780964,"sym_t5"
75085,"W1",0.123835426640871,0.161026235280881,"sym_t5"
75085,"WPMM3",0.108682453573343,0.141601104972492,"sym_t5"
75086,"LSE",0.094674259163428,0.119085228044562,"sym_t5"
75086,"Huber",0.070794403989164,0.106672976166903,"sym_t5"
75086,"L1",0.0843187406365923,0.105689413972735,"sym_t5"
75086,"PMM3",2.94747025719267,3.54530224166064,"sym_t5"
75086,"W1",0.071319522587882,0.108999114626348,"sym_t5"
75086,"WPMM3",0.0834832771560481,0.128092649139665,"sym_t5"
75087,"LSE",0.124562400549837,0.200222416346104,"sym_t5"
75087,"Huber",0.102804787901139,0.165269327042011,"sym_t5"
75087,"L1",0.096689918329165,0.146160190996026,"sym_t5"
75087,"PMM3",0.120164726041208,0.19424515781215,"sym_t5"
75087,"W1",0.110998096428094,0.17929341575777,"sym_t5"
75087,"WPMM3",0.101348477787641,0.159570661237982,"sym_t5"
75088,"LSE",0.0983456041929271,0.158731791357613,"sym_t5"
75088,"Huber",0.0668716897946972,0.101694225999814,"sym_t5"
75088,"L1",0.0948448286135214,0.122432988248714,"sym_t5"
75088,"PMM3",0.0852532845775834,0.135935327292145,"sym_t5"
75088,"W1",0.0731608434650477,0.113648312141797,"sym_t5"
75088,"WPMM3",0.0858280659481547,0.116780506069765,"sym_t5"
75089,"LSE",0.0962620339791724,0.154714893560643,"sym_t5"
75089,"Huber",0.0790597900087445,0.117994084130066,"sym_t5"
75089,"L1",0.102283421890213,0.168117881111337,"sym_t5"
75089,"PMM3",0.0828046939962617,0.122296006855608,"sym_t5"
75089,"W1",0.079925374724472,0.11876250401311,"sym_t5"
75089,"WPMM3",0.0769350630602796,0.112904896038792,"sym_t5"
75090,"LSE",0.153670926553069,0.185380846906399,"sym_t5"
75090,"Huber",0.147795558716549,0.170959357093395,"sym_t5"
75090,"L1",0.195459598299993,0.246661001534285,"sym_t5"
75090,"PMM3",0.149870212424714,0.174418880696821,"sym_t5"
75090,"W1",0.154186330303498,0.178593640878309,"sym_t5"
75090,"WPMM3",0.155107930329943,0.175976040164004,"sym_t5"
75091,"LSE",0.148354782378965,0.160091271149088,"sym_t5"
75091,"Huber",0.181134133391545,0.225791757897993,"sym_t5"
75091,"L1",0.220656164426139,0.227750104296118,"sym_t5"
75091,"PMM3",0.169696549666976,0.195116705596827,"sym_t5"
75091,"W1",0.179481906406883,0.21964936470059,"sym_t5"
75091,"WPMM3",0.183975840210791,0.2332473309904,"sym_t5"
75092,"LSE",0.0782435107452562,0.10008844311024,"sym_t5"
75092,"Huber",0.0678393182325702,0.0844110221469225,"sym_t5"
75092,"L1",0.061898781570925,0.0820859162933284,"sym_t5"
75092,"PMM3",0.0692973600854676,0.0845625451505471,"sym_t5"
75092,"W1",0.0636426849252081,0.0795725012491599,"sym_t5"
75092,"WPMM3",0.070273582419795,0.089257431088505,"sym_t5"
75093,"LSE",0.125252647166747,0.141363157886807,"sym_t5"
75093,"Huber",0.134079249835381,0.149516817117235,"sym_t5"
75093,"L1",0.178562919425409,0.195413725953527,"sym_t5"
75093,"PMM3",0.145850023836539,0.159004589308649,"sym_t5"
75093,"W1",0.144694401001136,0.158655331049876,"sym_t5"
75093,"WPMM3",0.150126739296354,0.164158385812115,"sym_t5"
75094,"LSE",0.102355938809784,0.141032820326795,"sym_t5"
75094,"Huber",0.0984153034942036,0.132247609636815,"sym_t5"
75094,"L1",0.165807843202716,0.211734497911524,"sym_t5"
75094,"PMM3",0.109754054445454,0.15034320137481,"sym_t5"
75094,"W1",0.105306661363107,0.140933305115916,"sym_t5"
75094,"WPMM3",0.108950929759931,0.14405106442448,"sym_t5"
75095,"LSE",0.150948362827441,0.180382688810478,"sym_t5"
75095,"Huber",0.174315235792209,0.217960163810857,"sym_t5"
75095,"L1",0.145100528714902,0.195110984040321,"sym_t5"
75095,"PMM3",0.198543180710594,0.250053710344834,"sym_t5"
75095,"W1",0.195323561701933,0.247799836136131,"sym_t5"
75095,"WPMM3",0.194519153254298,0.247839093733554,"sym_t5"
75096,"LSE",0.10295724864641,0.144593274380712,"sym_t5"
75096,"Huber",0.113391601286326,0.153056523741434,"sym_t5"
75096,"L1",0.125973791321583,0.185025999050536,"sym_t5"
75096,"PMM3",0.139411706532899,0.186582460161711,"sym_t5"
75096,"W1",0.126381772563144,0.170442276460351,"sym_t5"
75096,"WPMM3",0.135503154309995,0.184852227496815,"sym_t5"
75097,"LSE",0.0787291680120157,0.106029264146135,"sym_t5"
75097,"Huber",0.0457154098759005,0.0641425140852664,"sym_t5"
75097,"L1",0.105597820347958,0.151946453739468,"sym_t5"
75097,"PMM3",0.0399142044311671,0.0552095189328738,"sym_t5"
75097,"W1",0.042919671992016,0.0638755732701474,"sym_t5"
75097,"WPMM3",0.0465664798367546,0.06704685131764,"sym_t5"
75098,"LSE",0.117684235249413,0.168343742922668,"sym_t5"
75098,"Huber",0.0908257536301695,0.128409809683418,"sym_t5"
75098,"L1",0.109279137416254,0.130218800512204,"sym_t5"
75098,"PMM3",0.094822706159151,0.127636387446343,"sym_t5"
75098,"W1",0.0878197376385591,0.12209086433312,"sym_t5"
75098,"WPMM3",0.0849543536523212,0.117472034683206,"sym_t5"
75099,"LSE",0.188130564636405,0.223197889176997,"sym_t5"
75099,"Huber",0.191853586257043,0.233426230488836,"sym_t5"
75099,"L1",0.168041155240411,0.196841554928696,"sym_t5"
75099,"PMM3",0.19037350735208,0.227461162491752,"sym_t5"
75099,"W1",0.187418613943661,0.225344066291974,"sym_t5"
75099,"WPMM3",0.188498127331888,0.229710515186093,"sym_t5"
75100,"LSE",0.11493928547574,0.171347644401032,"sym_t5"
75100,"Huber",0.11777865304234,0.164015475295086,"sym_t5"
75100,"L1",0.139172829616391,0.156383498806319,"sym_t5"
75100,"PMM3",0.111457719433566,0.155920405091837,"sym_t5"
75100,"W1",0.12016975812036,0.165383608064601,"sym_t5"
75100,"WPMM3",0.12021175792171,0.16056559086534,"sym_t5"
75101,"LSE",0.213715216385615,0.248484377072549,"sym_t5"
75101,"Huber",0.245223511678125,0.292212193504608,"sym_t5"
75101,"L1",0.320206492027486,0.383514707582551,"sym_t5"
75101,"PMM3",0.245399630059591,0.295072381787207,"sym_t5"
75101,"W1",0.246580662081056,0.295546821098877,"sym_t5"
75101,"WPMM3",0.257459029126592,0.311061655999094,"sym_t5"
75102,"LSE",0.098918712197649,0.132235143269119,"sym_t5"
75102,"Huber",0.0622435498140596,0.0756759190566278,"sym_t5"
75102,"L1",0.0837535149030573,0.115419521321053,"sym_t5"
75102,"PMM3",0.0568752020470094,0.0700767386882869,"sym_t5"
75102,"W1",0.0490462630996199,0.0616246016845926,"sym_t5"
75102,"WPMM3",0.039797019082961,0.0577766904275636,"sym_t5"
75103,"LSE",0.112674282903249,0.177587592604104,"sym_t5"
75103,"Huber",0.106205070416237,0.163624232833343,"sym_t5"
75103,"L1",0.12792235590207,0.186738726420656,"sym_t5"
75103,"PMM3",0.118771139618279,0.18071599784252,"sym_t5"
75103,"W1",0.114606489593028,0.174191330728809,"sym_t5"
75103,"WPMM3",0.111581882921442,0.169657581294079,"sym_t5"
75104,"LSE",0.137619353517563,0.169555893437148,"sym_t5"
75104,"Huber",0.138506315335627,0.166939924789997,"sym_t5"
75104,"L1",0.155427585415534,0.202791563943261,"sym_t5"
75104,"PMM3",0.131121225410067,0.15948072163203,"sym_t5"
75104,"W1",0.132853646199994,0.160899806222384,"sym_t5"
75104,"WPMM3",0.133947235164868,0.161675244013447,"sym_t5"
75105,"LSE",0.237935580308001,0.298384704053835,"sym_t5"
75105,"Huber",0.195971192287656,0.221896926708555,"sym_t5"
75105,"L1",0.184555532892149,0.223112575253974,"sym_t5"
75105,"PMM3",0.158436593573571,0.185869414494955,"sym_t5"
75105,"W1",0.181851475105116,0.204919243497158,"sym_t5"
75105,"WPMM3",0.171726796405136,0.179742579555312,"sym_t5"
75106,"LSE",0.0683986239295168,0.073791922248947,"sym_t5"
75106,"Huber",0.0433489571096709,0.0570391657935792,"sym_t5"
75106,"L1",0.0317645152678189,0.0426432313325372,"sym_t5"
75106,"PMM3",0.0435746277723209,0.0664685701738044,"sym_t5"
75106,"W1",0.0459012497668166,0.0612421742534462,"sym_t5"
75106,"WPMM3",0.0505815416586339,0.0667936091048675,"sym_t5"
75107,"LSE",0.164436186740963,0.246510508133364,"sym_t5"
75107,"Huber",0.194452590457348,0.286113287905974,"sym_t5"
75107,"L1",0.229140195947845,0.329992617573732,"sym_t5"
75107,"PMM3",0.183298313460739,0.276446216347727,"sym_t5"
75107,"W1",0.194893488265845,0.28908374539366,"sym_t5"
75107,"WPMM3",0.203134488929505,0.299595643907448,"sym_t5"
75108,"LSE",0.165453705378966,0.227444735218581,"sym_t5"
75108,"Huber",0.178883852221093,0.248659520713589,"sym_t5"
75108,"L1",0.188523920473985,0.254631248772385,"sym_t5"
75108,"PMM3",0.167783184022152,0.233049085097327,"sym_t5"
75108,"W1",0.171624057334392,0.236701418497591,"sym_t5"
75108,"WPMM3",0.179405336099052,0.248435201070951,"sym_t5"
75109,"LSE",0.139574090053701,0.184074299697113,"sym_t5"
75109,"Huber",0.0924436116605538,0.112588306156745,"sym_t5"
75109,"L1",0.156128295195194,0.210005477199188,"sym_t5"
75109,"PMM3",0.101575373245013,0.134963810990599,"sym_t5"
75109,"W1",0.0937736745486016,0.114736867331444,"sym_t5"
75109,"WPMM3",0.0903344698971998,0.104780611776873,"sym_t5"
75110,"LSE",0.132775816395099,0.190309262258968,"sym_t5"
75110,"Huber",0.0950285102703755,0.142744104878177,"sym_t5"
75110,"L1",0.0910713005745728,0.115830973147173,"sym_t5"
75110,"PMM3",0.114410619343434,0.181645049733409,"sym_t5"
75110,"W1",0.098065308966947,0.150173513738088,"sym_t5"
75110,"WPMM3",0.0887496405188786,0.1283552869989,"sym_t5"
75111,"LSE",0.155381382134393,0.191737893283831,"sym_t5"
75111,"Huber",0.11629383801608,0.136840638283985,"sym_t5"
75111,"L1",0.123156039018188,0.162169470453401,"sym_t5"
75111,"PMM3",0.116664506957851,0.142624266685608,"sym_t5"
75111,"W1",0.11510300466924,0.136205412462436,"sym_t5"
75111,"WPMM3",0.113387667543274,0.132901524251108,"sym_t5"
75112,"LSE",0.28181736414706,0.405829670265114,"sym_t5"
75112,"Huber",0.187717469579992,0.266692652387236,"sym_t5"
75112,"L1",0.238192619258227,0.324854489258707,"sym_t5"
75112,"PMM3",0.15011440787822,0.219288648471622,"sym_t5"
75112,"W1",0.166636067818887,0.241402520457612,"sym_t5"
75112,"WPMM3",0.169935816366887,0.241298229233768,"sym_t5"
75113,"LSE",0.150020204652101,0.221115615206724,"sym_t5"
75113,"Huber",0.128355809956576,0.18407391965687,"sym_t5"
75113,"L1",0.198074931563139,0.300378764573554,"sym_t5"
75113,"PMM3",0.135838284993759,0.180423239650937,"sym_t5"
75113,"W1",0.13306898378672,0.183256458260268,"sym_t5"
75113,"WPMM3",0.129387352849529,0.182154374354402,"sym_t5"
75114,"LSE",0.138262843098021,0.190559753315981,"sym_t5"
75114,"Huber",0.149275055196074,0.200520670503544,"sym_t5"
75114,"L1",0.125100773063796,0.176082842318872,"sym_t5"
75114,"PMM3",0.147578659058485,0.201343143507104,"sym_t5"
75114,"W1",0.145004418604045,0.197293346386116,"sym_t5"
75114,"WPMM3",0.146380687283625,0.197402565191189,"sym_t5"
75115,"LSE",0.204033584819175,0.302398847173691,"sym_t5"
75115,"Huber",0.231881670863625,0.341495858598885,"sym_t5"
75115,"L1",0.300941091339481,0.419907407224654,"sym_t5"
75115,"PMM3",0.223874215926136,0.313952626838828,"sym_t5"
75115,"W1",0.244362843859751,0.348954843570237,"sym_t5"
75115,"WPMM3",0.250618893013883,0.359411279269884,"sym_t5"
75116,"LSE",0.0866169253534792,0.135092846250227,"sym_t5"
75116,"Huber",0.0830124143534706,0.134198906583813,"sym_t5"
75116,"L1",0.0973256747466733,0.146973681449665,"sym_t5"
75116,"PMM3",0.070079698148192,0.110521331821377,"sym_t5"
75116,"W1",0.074673506726143,0.119050333102042,"sym_t5"
75116,"WPMM3",0.0762885529818845,0.124958151645683,"sym_t5"
75117,"LSE",0.111027632252268,0.155340351842825,"sym_t5"
75117,"Huber",0.122682656153888,0.18171548688312,"sym_t5"
75117,"L1",0.136047373716526,0.183377211376014,"sym_t5"
75117,"PMM3",0.124276775244982,0.182975363637762,"sym_t5"
75117,"W1",0.121702643525139,0.17624628228326,"sym_t5"
75117,"WPMM3",0.128289575958493,0.188579391331638,"sym_t5"
75118,"LSE",0.0724340989613658,0.102048384587872,"sym_t5"
75118,"Huber",0.0543863631100393,0.0761020887695055,"sym_t5"
75118,"L1",0.0675048150261449,0.0966380168040866,"sym_t5"
75118,"PMM3",0.0497143553089599,0.070548794056631,"sym_t5"
75118,"W1",0.0458395673579039,0.065522739032046,"sym_t5"
75118,"WPMM3",0.0416874486201073,0.0624208012952581,"sym_t5"
75119,"LSE",0.167483089543503,0.226259186330534,"sym_t5"
75119,"Huber",0.163610174086962,0.202616633297289,"sym_t5"
75119,"L1",0.172170214452052,0.248633783064778,"sym_t5"
75119,"PMM3",0.165265813306681,0.209641165005399,"sym_t5"
75119,"W1",0.162778518244834,0.208723158038611,"sym_t5"
75119,"WPMM3",0.162424019315026,0.201193707936477,"sym_t5"
75120,"LSE",0.0942791973603268,0.127876782636551,"sym_t5"
75120,"Huber",0.0805729664963298,0.113016185775804,"sym_t5"
75120,"L1",0.0936787896197281,0.119964072843618,"sym_t5"
75120,"PMM3",0.11244078546078,0.158698917877553,"sym_t5"
75120,"W1",0.098984623685002,0.139629203739632,"sym_t5"
75120,"WPMM3",0.107618533232768,0.147232106811316,"sym_t5"
75121,"LSE",0.0609441057227275,0.0958551646488916,"sym_t5"
75121,"Huber",0.0735023896642254,0.0990193912640397,"sym_t5"
75121,"L1",0.125842645992339,0.152684067439169,"sym_t5"
75121,"PMM3",0.0650506486489414,0.0939124942776921,"sym_t5"
75121,"W1",0.0716268568060874,0.0981863901352844,"sym_t5"
75121,"WPMM3",0.0770489860304844,0.101348157137647,"sym_t5"
75122,"LSE",0.144650756841917,0.191293641205153,"sym_t5"
75122,"Huber",0.118724046054386,0.145825331930008,"sym_t5"
75122,"L1",0.172162194823286,0.211512962963902,"sym_t5"
75122,"PMM3",0.110313615102299,0.140511521141142,"sym_t5"
75122,"W1",0.113296387461354,0.140146705946692,"sym_t5"
75122,"WPMM3",0.118240743218262,0.150099477973973,"sym_t5"
75123,"LSE",0.16296274895335,0.189488617192435,"sym_t5"
75123,"Huber",0.127060995495182,0.156081449045417,"sym_t5"
75123,"L1",0.12579329630434,0.167232771828144,"sym_t5"
75123,"PMM3",0.16124058253548,0.193042204152807,"sym_t5"
75123,"W1",0.142380010167657,0.171479161719917,"sym_t5"
75123,"WPMM3",0.125824551826356,0.154883518092532,"sym_t5"
75124,"LSE",0.146260102054215,0.195816738539236,"sym_t5"
75124,"Huber",0.0997140931022422,0.128225051617069,"sym_t5"
75124,"L1",0.096753956357478,0.122253172249676,"sym_t5"
75124,"PMM3",0.107991588555085,0.147360530370367,"sym_t5"
75124,"W1",0.0962037124428155,0.126829995626809,"sym_t5"
75124,"WPMM3",0.0901917476871606,0.113721274344136,"sym_t5"
75125,"LSE",0.119317990625751,0.176655162503441,"sym_t5"
75125,"Huber",0.0928860162677012,0.123775046899744,"sym_t5"
75125,"L1",0.0743093255403487,0.102608054506201,"sym_t5"
75125,"PMM3",0.0908984792855183,0.124835525312744,"sym_t5"
75125,"W1",0.0890101918196206,0.119343979976749,"sym_t5"
75125,"WPMM3",0.0848351829301192,0.109152278789626,"sym_t5"
75126,"LSE",0.112692902729973,0.133591889814415,"sym_t5"
75126,"Huber",0.103611772757431,0.134731388386931,"sym_t5"
75126,"L1",0.097016224757033,0.134500941458156,"sym_t5"
75126,"PMM3",0.0951634095781469,0.123464568110043,"sym_t5"
75126,"W1",0.099052907967519,0.128613284847902,"sym_t5"
75126,"WPMM3",0.10633341461911,0.140259426280139,"sym_t5"
75127,"LSE",0.0899481764727553,0.0967948792275433,"sym_t5"
75127,"Huber",0.0962951149427874,0.102393092188928,"sym_t5"
75127,"L1",0.0778185929480936,0.102906657169002,"sym_t5"
75127,"PMM3",0.0924450621435753,0.0988729315690882,"sym_t5"
75127,"W1",0.0910444088140466,0.0981619707107163,"sym_t5"
75127,"WPMM3",0.093503082556477,0.101426599093795,"sym_t5"
75128,"LSE",0.132806991479298,0.179264434273468,"sym_t5"
75128,"Huber",0.123914937312834,0.168554228921189,"sym_t5"
75128,"L1",0.116908201275579,0.159442476438433,"sym_t5"
75128,"PMM3",0.117642211895196,0.160272331415297,"sym_t5"
75128,"W1",0.118626044817745,0.161881849668967,"sym_t5"
75128,"WPMM3",0.115811944071727,0.157866099512315,"sym_t5"
75129,"LSE",0.162615102314891,0.194923066884206,"sym_t5"
75129,"Huber",0.155451528367243,0.180908098892281,"sym_t5"
75129,"L1",0.175008427512318,0.197256076538369,"sym_t5"
75129,"PMM3",0.141181114335737,0.166633904725607,"sym_t5"
75129,"W1",0.146648546912294,0.168293769067227,"sym_t5"
75129,"WPMM3",0.147796185387787,0.168533059359925,"sym_t5"
75130,"LSE",0.110344376806569,0.150107845017216,"sym_t5"
75130,"Huber",0.10302210585196,0.1351560127882,"sym_t5"
75130,"L1",0.134982396505707,0.191736596810462,"sym_t5"
75130,"PMM3",0.11732365161114,0.139240719474059,"sym_t5"
75130,"W1",0.104428735764807,0.133508750987171,"sym_t5"
75130,"WPMM3",0.104150280679489,0.131164986416387,"sym_t5"
75131,"LSE",0.15610158696674,0.207065469459585,"sym_t5"
75131,"Huber",0.110379592677623,0.139285965737425,"sym_t5"
75131,"L1",0.121065421994892,0.161083610608624,"sym_t5"
75131,"PMM3",0.110043408633861,0.138417951905773,"sym_t5"
75131,"W1",0.106996627285581,0.13295918611333,"sym_t5"
75131,"WPMM3",0.110057253362881,0.138142081582906,"sym_t5"
75132,"LSE",0.0655025491437245,0.0844550998985652,"sym_t5"
75132,"Huber",0.0771335059199726,0.104126541316474,"sym_t5"
75132,"L1",0.194185752747679,0.248066310338474,"sym_t5"
75132,"PMM3",0.0758337913197087,0.0859269368022525,"sym_t5"
75132,"W1",0.0837651164014605,0.109373946940401,"sym_t5"
75132,"WPMM3",0.100348494518762,0.138318321294515,"sym_t5"
75133,"LSE",0.136037183621421,0.197737538490645,"sym_t5"
75133,"Huber",0.139717208787431,0.217831949187127,"sym_t5"
75133,"L1",0.182323177415146,0.28126272919672,"sym_t5"
75133,"PMM3",0.135335161526868,0.204276829702183,"sym_t5"
75133,"W1",0.140914785564615,0.222299787342115,"sym_t5"
75133,"WPMM3",0.145710204646555,0.234775489360138,"sym_t5"
75134,"LSE",0.0835593767253575,0.115774683632174,"sym_t5"
75134,"Huber",0.0570461856574896,0.080018914479835,"sym_t5"
75134,"L1",0.0792571372847689,0.0977076224210223,"sym_t5"
75134,"PMM3",0.0625966082462033,0.0863745164675729,"sym_t5"
75134,"W1",0.0581628624915328,0.0801918210620302,"sym_t5"
75134,"WPMM3",0.0590399516934513,0.0792573297282291,"sym_t5"
75135,"LSE",0.170155249299706,0.265189002063346,"sym_t5"
75135,"Huber",0.160113956594184,0.248508283588989,"sym_t5"
75135,"L1",0.148456678146251,0.229983192887001,"sym_t5"
75135,"PMM3",0.174164121683312,0.269558816718124,"sym_t5"
75135,"W1",0.166670946916192,0.258272772288225,"sym_t5"
75135,"WPMM3",0.160834958159096,0.25003413190819,"sym_t5"
75136,"LSE",0.141304358741094,0.214535719219935,"sym_t5"
75136,"Huber",0.10900295823228,0.164977098733471,"sym_t5"
75136,"L1",0.154690464291138,0.239817344465435,"sym_t5"
75136,"PMM3",0.113929803778048,0.167661472960233,"sym_t5"
75136,"W1",0.111941377649925,0.166879662844593,"sym_t5"
75136,"WPMM3",0.109430014177765,0.162928204520245,"sym_t5"
75137,"LSE",0.185963290601216,0.222835205543481,"sym_t5"
75137,"Huber",0.163959156972583,0.221658558787046,"sym_t5"
75137,"L1",0.157771402094028,0.20518344193168,"sym_t5"
75137,"PMM3",0.179363746808723,0.239507570228176,"sym_t5"
75137,"W1",0.164131499064379,0.221995010733672,"sym_t5"
75137,"WPMM3",0.176413864184944,0.241034505996857,"sym_t5"
75138,"LSE",0.0817535103903828,0.115033225048677,"sym_t5"
75138,"Huber",0.0960372775972042,0.13618886023133,"sym_t5"
75138,"L1",0.117076663640552,0.185339037480859,"sym_t5"
75138,"PMM3",0.112714251392978,0.169061823008258,"sym_t5"
75138,"W1",0.105866934513634,0.156067238876683,"sym_t5"
75138,"WPMM3",0.109014725712568,0.160442361057791,"sym_t5"
75139,"LSE",0.232292057650671,0.332178272574263,"sym_t5"
75139,"Huber",0.233545679246828,0.316036659857895,"sym_t5"
75139,"L1",0.206033263772538,0.303659930757052,"sym_t5"
75139,"PMM3",0.244941006757995,0.338678053066117,"sym_t5"
75139,"W1",0.22666964230935,0.311427044041096,"sym_t5"
75139,"WPMM3",0.224675609603727,0.301261054154489,"sym_t5"
75140,"LSE",0.122251167741041,0.153647765835258,"sym_t5"
75140,"Huber",0.149461652792822,0.196807968270185,"sym_t5"
75140,"L1",0.215618253024129,0.279372817167871,"sym_t5"
75140,"PMM3",0.139253581520536,0.181936621794805,"sym_t5"
75140,"W1",0.149600257573404,0.195989929463214,"sym_t5"
75140,"WPMM3",0.164934643204855,0.216660479442974,"sym_t5"
75141,"LSE",0.0923312234978973,0.135627725644953,"sym_t5"
75141,"Huber",0.0920794500135016,0.141953952921905,"sym_t5"
75141,"L1",0.0826325785518301,0.123708710875625,"sym_t5"
75141,"PMM3",0.111709981256226,0.174221585565198,"sym_t5"
75141,"W1",0.100799847418198,0.156425602248822,"sym_t5"
75141,"WPMM3",0.1030678645814,0.160475555483605,"sym_t5"
75142,"LSE",0.186278716852034,0.295114919103586,"sym_t5"
75142,"Huber",0.126606554538757,0.193895292947295,"sym_t5"
75142,"L1",0.116091685547707,0.18545047783547,"sym_t5"
75142,"PMM3",0.15292097068538,0.23588079798912,"sym_t5"
75142,"W1",0.13043571161466,0.198528927583166,"sym_t5"
75142,"WPMM3",0.0916957932815605,0.134193342507487,"sym_t5"
75143,"LSE",0.173438753988365,0.257384583090259,"sym_t5"
75143,"Huber",0.153211942610183,0.230051378738994,"sym_t5"
75143,"L1",0.160951585310145,0.2361663059128,"sym_t5"
75143,"PMM3",0.159009977996852,0.237918145837791,"sym_t5"
75143,"W1",0.154935573996161,0.231989049079487,"sym_t5"
75143,"WPMM3",0.147018229001922,0.220013992686354,"sym_t5"
75144,"LSE",0.134685069063883,0.150413985923643,"sym_t5"
75144,"Huber",0.145628790428672,0.158144946380729,"sym_t5"
75144,"L1",0.114107756976181,0.141097218370827,"sym_t5"
75144,"PMM3",0.135697894524318,0.151544888510372,"sym_t5"
75144,"W1",0.136101407220667,0.154230634583749,"sym_t5"
75144,"WPMM3",0.136976177759113,0.155144685325835,"sym_t5"
75145,"LSE",0.0956100142751865,0.107407371345585,"sym_t5"
75145,"Huber",0.136932793666762,0.165612081183922,"sym_t5"
75145,"L1",0.0994688676973516,0.105311344087207,"sym_t5"
75145,"PMM3",0.139736061527322,0.163955849733244,"sym_t5"
75145,"W1",0.137751509462872,0.171724364524622,"sym_t5"
75145,"WPMM3",0.139868114469534,0.179730997248399,"sym_t5"
75146,"LSE",0.047694029928274,0.0683232915607887,"sym_t5"
75146,"Huber",0.0515974316257198,0.0619718294668181,"sym_t5"
75146,"L1",0.0849372893590017,0.123453656516143,"sym_t5"
75146,"PMM3",0.0475966738827043,0.0563245307779677,"sym_t5"
75146,"W1",0.0489853797795892,0.0577433170521414,"sym_t5"
75146,"WPMM3",0.0595456833967949,0.0734219424623327,"sym_t5"
75147,"LSE",0.0934281140065203,0.129484130041965,"sym_t5"
75147,"Huber",0.089113439780098,0.127056684540818,"sym_t5"
75147,"L1",0.119157070091057,0.162313851464577,"sym_t5"
75147,"PMM3",0.0917643847110338,0.13145311842349,"sym_t5"
75147,"W1",0.0890624309463245,0.127310741488248,"sym_t5"
75147,"WPMM3",0.0894887323939538,0.127592659255772,"sym_t5"
75148,"LSE",0.0934971305864225,0.131765386050115,"sym_t5"
75148,"Huber",0.0956712537287949,0.108474774572537,"sym_t5"
75148,"L1",0.0839502988378828,0.111783774339659,"sym_t5"
75148,"PMM3",0.119170141079865,0.130314819739174,"sym_t5"
75148,"W1",0.102348635270072,0.1117900108271,"sym_t5"
75148,"WPMM3",0.105901096854204,0.107990087354499,"sym_t5"
75149,"LSE",0.116684891834391,0.155549829452576,"sym_t5"
75149,"Huber",0.0973052222529646,0.137467250412641,"sym_t5"
75149,"L1",0.137352337277027,0.161385681753933,"sym_t5"
75149,"PMM3",0.0907170123967028,0.132163730055019,"sym_t5"
75149,"W1",0.0932359401754185,0.131175459045196,"sym_t5"
75149,"WPMM3",0.0895197207219776,0.127116395808513,"sym_t5"
75150,"LSE",0.0958089957102085,0.139316763937244,"sym_t5"
75150,"Huber",0.0958308350383821,0.133868322780449,"sym_t5"
75150,"L1",0.109179353019469,0.146644575949277,"sym_t5"
75150,"PMM3",0.0959774261195058,0.13511434952061,"sym_t5"
75150,"W1",0.0939053407431373,0.131694252015434,"sym_t5"
75150,"WPMM3",0.0987439567383509,0.138828183277709,"sym_t5"
75001,"LSE",0.0967306089856412,0.120146841301871,"sym_t3"
75001,"Huber",0.0486227072778995,0.0670395122794297,"sym_t3"
75001,"L1",0.0917846240652387,0.116191716598356,"sym_t3"
75001,"PMM3",0.0566927986332945,0.0558028527810733,"sym_t3"
75001,"W1",0.044618409548633,0.0696724325007131,"sym_t3"
75001,"WPMM3",0.0490211160289278,0.0785637420379906,"sym_t3"
75002,"LSE",0.141390487136832,0.184437773627794,"sym_t3"
75002,"Huber",0.129668933140143,0.18323777847227,"sym_t3"
75002,"L1",0.140378664248041,0.189335453528572,"sym_t3"
75002,"PMM3",0.122181154595032,0.176922014994815,"sym_t3"
75002,"W1",0.122533180671876,0.18229472640396,"sym_t3"
75002,"WPMM3",0.131828265704432,0.1947908890916,"sym_t3"
75003,"LSE",0.145562260862768,0.201900279514873,"sym_t3"
75003,"Huber",0.12997275655911,0.163195395666218,"sym_t3"
75003,"L1",0.095334693441639,0.112220812037627,"sym_t3"
75003,"PMM3",0.149168122283942,0.174151723420927,"sym_t3"
75003,"W1",0.133243267329099,0.161066933818175,"sym_t3"
75003,"WPMM3",0.131665206191771,0.15977372892518,"sym_t3"
75004,"LSE",0.101992152707152,0.101348390036622,"sym_t3"
75004,"Huber",0.116098368297057,0.123573920232713,"sym_t3"
75004,"L1",0.102617150150128,0.114740815981388,"sym_t3"
75004,"PMM3",0.140368125072142,0.140634918240743,"sym_t3"
75004,"W1",0.1234922848658,0.131092688600153,"sym_t3"
75004,"WPMM3",0.12227549900625,0.135634074359805,"sym_t3"
75005,"LSE",0.156816518271389,0.193290175582415,"sym_t3"
75005,"Huber",0.134633118514593,0.162930866935745,"sym_t3"
75005,"L1",0.136456440712305,0.163769565366104,"sym_t3"
75005,"PMM3",0.159611250853375,0.180955986377142,"sym_t3"
75005,"W1",0.141447511422614,0.170244136137041,"sym_t3"
75005,"WPMM3",0.13281742485472,0.16236707435362,"sym_t3"
75006,"LSE",0.0391358995741837,0.0499183090669261,"sym_t3"
75006,"Huber",0.0553295445008216,0.0747571964987576,"sym_t3"
75006,"L1",0.0671724205859698,0.0840372706657787,"sym_t3"
75006,"PMM3",0.0840930702421019,0.0987240891584221,"sym_t3"
75006,"W1",0.0587617966459211,0.0804726601479353,"sym_t3"
75006,"WPMM3",0.0588211984124158,0.0856663543862465,"sym_t3"
75007,"LSE",0.0365487298415951,0.055488137666806,"sym_t3"
75007,"Huber",0.0428294385643838,0.0569107231809569,"sym_t3"
75007,"L1",0.0561127727314409,0.0782193026805504,"sym_t3"
75007,"PMM3",0.0462584746044364,0.0666872408416746,"sym_t3"
75007,"W1",0.0451062820412579,0.0622366439595693,"sym_t3"
75007,"WPMM3",0.0539573977694238,0.07196114702328,"sym_t3"
75008,"LSE",0.167001802251312,0.229487844522586,"sym_t3"
75008,"Huber",0.111967391863052,0.14700658619534,"sym_t3"
75008,"L1",0.130101652155489,0.192394905917318,"sym_t3"
75008,"PMM3",0.143595240992503,0.161019717195262,"sym_t3"
75008,"W1",0.0965648374789522,0.117581483811357,"sym_t3"
75008,"WPMM3",0.101924122071398,0.11569633991344,"sym_t3"
75009,"LSE",0.134492228230045,0.152156830453218,"sym_t3"
75009,"Huber",0.083141049912725,0.111397326023918,"sym_t3"
75009,"L1",0.125437296684853,0.173003102789999,"sym_t3"
75009,"PMM3",0.0769010903140842,0.0951935923854262,"sym_t3"
75009,"W1",0.0728361400920959,0.097400231200057,"sym_t3"
75009,"WPMM3",0.0741816767584973,0.105032141234123,"sym_t3"
75010,"LSE",0.125195540213454,0.135645280569384,"sym_t3"
75010,"Huber",0.0774152052732949,0.0665934583622959,"sym_t3"
75010,"L1",0.0623161762560161,0.0631167028363833,"sym_t3"
75010,"PMM3",0.0821071879823287,0.0923938684648237,"sym_t3"
75010,"W1",0.0712565042661249,0.0528370611220946,"sym_t3"
75010,"WPMM3",0.0729276317262093,0.0495293675624934,"sym_t3"
75011,"LSE",0.109454896910452,0.131342134024109,"sym_t3"
75011,"Huber",0.136997688942497,0.170463722828779,"sym_t3"
75011,"L1",0.173351634710969,0.205611473865912,"sym_t3"
75011,"PMM3",0.130621632615972,0.160550979000701,"sym_t3"
75011,"W1",0.141887394841938,0.177952416170767,"sym_t3"
75011,"WPMM3",0.151711417106409,0.192501145116259,"sym_t3"
75012,"LSE",0.124269406827248,0.191958827197269,"sym_t3"
75012,"Huber",0.131731638064689,0.201329938586308,"sym_t3"
75012,"L1",0.127651064958718,0.177383187347273,"sym_t3"
75012,"PMM3",0.137361909094019,0.19951546561594,"sym_t3"
75012,"W1",0.137635717056448,0.201094652589241,"sym_t3"
75012,"WPMM3",0.14010613347486,0.205491872867553,"sym_t3"
75013,"LSE",0.0743395432516567,0.0916295101276088,"sym_t3"
75013,"Huber",0.0515405226707342,0.0728913251531231,"sym_t3"
75013,"L1",0.0612058417852221,0.0931106780930549,"sym_t3"
75013,"PMM3",0.0598759354690804,0.0841849632084179,"sym_t3"
75013,"W1",0.0602135755642292,0.0838847308390958,"sym_t3"
75013,"WPMM3",0.0649603462878899,0.0882198518302871,"sym_t3"
75014,"LSE",0.167866168079729,0.249544438560571,"sym_t3"
75014,"Huber",0.133730933367631,0.196205253676996,"sym_t3"
75014,"L1",0.11437252926484,0.165085135771472,"sym_t3"
75014,"PMM3",0.115925145964584,0.161978461158031,"sym_t3"
75014,"W1",0.130222494552297,0.188312747919137,"sym_t3"
75014,"WPMM3",0.124964703269451,0.182745529106301,"sym_t3"
75015,"LSE",0.0952556731046187,0.114840224787379,"sym_t3"
75015,"Huber",0.0948211555577085,0.135199369976609,"sym_t3"
75015,"L1",0.122332965614685,0.177679323590508,"sym_t3"
75015,"PMM3",0.0959262878042066,0.134366254853938,"sym_t3"
75015,"W1",0.0996979078055476,0.143685902126194,"sym_t3"
75015,"WPMM3",0.110675593747239,0.160777960155966,"sym_t3"
75016,"LSE",0.163949679322143,0.254621657078178,"sym_t3"
75016,"Huber",0.106713442213343,0.166627820104136,"sym_t3"
75016,"L1",0.10685817751653,0.142612864957826,"sym_t3"
75016,"PMM3",0.147017662956762,0.235629925672373,"sym_t3"
75016,"W1",0.103330995948907,0.160138193772639,"sym_t3"
75016,"WPMM3",0.0920688026797624,0.140653336159238,"sym_t3"
75017,"LSE",0.107163025886614,0.158303597630812,"sym_t3"
75017,"Huber",0.0779005561050601,0.108126234909138,"sym_t3"
75017,"L1",0.0785756322604405,0.0914422339564713,"sym_t3"
75017,"PMM3",0.0666185916490404,0.0908017268130789,"sym_t3"
75017,"W1",0.0741198478912911,0.100889848003169,"sym_t3"
75017,"WPMM3",0.0696872919899705,0.0973173225324098,"sym_t3"
75018,"LSE",0.114515131965003,0.168434848571478,"sym_t3"
75018,"Huber",0.08195985173608,0.108367006571166,"sym_t3"
75018,"L1",0.090767553341949,0.105878924707098,"sym_t3"
75018,"PMM3",0.0693979574136132,0.105698474478388,"sym_t3"
75018,"W1",0.0869734209381521,0.101715988707707,"sym_t3"
75018,"WPMM3",0.0948129925858062,0.108265856544056,"sym_t3"
75019,"LSE",0.0651514221792893,0.0932374557685874,"sym_t3"
75019,"Huber",0.060842185276174,0.0858424369776138,"sym_t3"
75019,"L1",0.0917215818110198,0.12272677394507,"sym_t3"
75019,"PMM3",0.0681636414682437,0.111144061171847,"sym_t3"
75019,"W1",0.0673851386524922,0.0941630068723662,"sym_t3"
75019,"WPMM3",0.0737389217887506,0.10034477310003,"sym_t3"
75020,"LSE",0.166062873417421,0.218507765625412,"sym_t3"
75020,"Huber",0.123568913118359,0.152906136422466,"sym_t3"
75020,"L1",0.112106079010162,0.14107989340566,"sym_t3"
75020,"PMM3",0.127125131694568,0.162190386532075,"sym_t3"
75020,"W1",0.116757372925595,0.142907273338451,"sym_t3"
75020,"WPMM3",0.112901925675743,0.136064038483609,"sym_t3"
75021,"LSE",0.101166505092358,0.161340466596926,"sym_t3"
75021,"Huber",0.0909706798683952,0.135481619136593,"sym_t3"
75021,"L1",0.097682745670178,0.127989640216712,"sym_t3"
75021,"PMM3",0.0870236049011947,0.131943012520197,"sym_t3"
75021,"W1",0.0859182484702479,0.124779678621986,"sym_t3"
75021,"WPMM3",0.086293649755362,0.122728376118419,"sym_t3"
75022,"LSE",0.128207714971701,0.180123464957876,"sym_t3"
75022,"Huber",0.106613877020342,0.161281641259639,"sym_t3"
75022,"L1",0.108675054380554,0.167948422145434,"sym_t3"
75022,"PMM3",0.102765707951995,0.151250280873373,"sym_t3"
75022,"W1",0.102298278371194,0.155066926328357,"sym_t3"
75022,"WPMM3",0.100974029681694,0.156114943632684,"sym_t3"
75023,"LSE",0.101764042902043,0.117333098214782,"sym_t3"
75023,"Huber",0.0355121800091581,0.0434366683720664,"sym_t3"
75023,"L1",0.106173243063069,0.154218652979694,"sym_t3"
75023,"PMM3",0.0458088099810551,0.0544949494960686,"sym_t3"
75023,"W1",0.0359319817368734,0.0439392406334639,"sym_t3"
75023,"WPMM3",0.0459548247113188,0.0633263794846172,"sym_t3"
75024,"LSE",0.0883004417664657,0.129266690278364,"sym_t3"
75024,"Huber",0.0604089054911102,0.0807808556965664,"sym_t3"
75024,"L1",0.0597215242535949,0.0856562727734534,"sym_t3"
75024,"PMM3",0.0851368025733535,0.116943462730469,"sym_t3"
75024,"W1",0.0595155917314665,0.0729993971791121,"sym_t3"
75024,"WPMM3",0.0632932900786639,0.0838637495886856,"sym_t3"
75025,"LSE",0.086125023741659,0.11257208091571,"sym_t3"
75025,"Huber",0.0452026452231583,0.066614092930885,"sym_t3"
75025,"L1",0.075889238274035,0.10595471127597,"sym_t3"
75025,"PMM3",0.043941826030752,0.0601294234852265,"sym_t3"
75025,"W1",0.0384967531768636,0.0587516055190661,"sym_t3"
75025,"WPMM3",0.0470337586458504,0.066936019970307,"sym_t3"
75026,"LSE",0.118790202147339,0.177065956894817,"sym_t3"
75026,"Huber",0.0969759684580075,0.132870343569539,"sym_t3"
75026,"L1",0.140514081501101,0.206418661641268,"sym_t3"
75026,"PMM3",0.0960684957595871,0.130923445923543,"sym_t3"
75026,"W1",0.097026860472262,0.134612485274142,"sym_t3"
75026,"WPMM3",0.095444239668162,0.129340019917334,"sym_t3"
75027,"LSE",0.0596196500750168,0.0840781126795404,"sym_t3"
75027,"Huber",0.0451814825585207,0.0509668566759095,"sym_t3"
75027,"L1",0.0654052050911363,0.0841246501850036,"sym_t3"
75027,"PMM3",0.049025126233204,0.0604381451470529,"sym_t3"
75027,"W1",0.0408244767814696,0.047963996123656,"sym_t3"
75027,"WPMM3",0.0507660900108293,0.0593405497461964,"sym_t3"
75028,"LSE",0.183006183218209,0.245918309585939,"sym_t3"
75028,"Huber",0.145700183473085,0.187588908628312,"sym_t3"
75028,"L1",0.130872559652508,0.172245116686078,"sym_t3"
75028,"PMM3",0.20856263986916,0.281286858868218,"sym_t3"
75028,"W1",0.158363293096445,0.206964779565722,"sym_t3"
75028,"WPMM3",0.128811789133269,0.162573428267383,"sym_t3"
75029,"LSE",0.14561459458009,0.18537689086305,"sym_t3"
75029,"Huber",0.107223766124429,0.131968354396304,"sym_t3"
75029,"L1",0.119077719537543,0.170952820706477,"sym_t3"
75029,"PMM3",0.129480443790696,0.159133288564833,"sym_t3"
75029,"W1",0.115928357040292,0.141337299340085,"sym_t3"
75029,"WPMM3",0.0958875726728801,0.119456275302672,"sym_t3"
75030,"LSE",0.11534115713744,0.164469474144146,"sym_t3"
75030,"Huber",0.103984308297175,0.154629668643555,"sym_t3"
75030,"L1",0.135174268515787,0.156833277663101,"sym_t3"
75030,"PMM3",0.109750841663775,0.165047809520095,"sym_t3"
75030,"W1",0.106863853382112,0.154406358254472,"sym_t3"
75030,"WPMM3",0.107045836497764,0.154630732015679,"sym_t3"
75031,"LSE",0.162857815160685,0.279658313532162,"sym_t3"
75031,"Huber",0.143135177171193,0.246522047972206,"sym_t3"
75031,"L1",0.186384003928953,0.317795286051147,"sym_t3"
75031,"PMM3",0.160762405625563,0.275902060239886,"sym_t3"
75031,"W1",0.155191086554393,0.266477207628674,"sym_t3"
75031,"WPMM3",0.146726961320238,0.25158025180421,"sym_t3"
75032,"LSE",0.0985670077074563,0.116018563758733,"sym_t3"
75032,"Huber",0.0951115014259374,0.0909835200948228,"sym_t3"
75032,"L1",0.110645687944956,0.143290132379484,"sym_t3"
75032,"PMM3",0.0879361930908062,0.0906705648108563,"sym_t3"
75032,"W1",0.0922873815792285,0.0902450247198995,"sym_t3"
75032,"WPMM3",0.0942474020809429,0.0893774309234778,"sym_t3"
75033,"LSE",0.166545356686399,0.253978514887956,"sym_t3"
75033,"Huber",0.131783589023896,0.202067207797109,"sym_t3"
75033,"L1",0.160777030047403,0.246124062912512,"sym_t3"
75033,"PMM3",0.14408133987779,0.214875727706716,"sym_t3"
75033,"W1",0.125164689719629,0.191874767049341,"sym_t3"
75033,"WPMM3",0.127905958420197,0.195871362283816,"sym_t3"
75034,"LSE",0.076516859847338,0.089080697101816,"sym_t3"
75034,"Huber",0.0686797858234917,0.0974565170392667,"sym_t3"
75034,"L1",0.0605321126387466,0.092332279376421,"sym_t3"
75034,"PMM3",0.0664149983386194,0.0912307550783204,"sym_t3"
75034,"W1",0.0783279552436545,0.112291027048495,"sym_t3"
75034,"WPMM3",0.0802728312719888,0.115967982150704,"sym_t3"
75035,"LSE",0.17812353517174,0.263313032067998,"sym_t3"
75035,"Huber",0.135824871856976,0.196409348040343,"sym_t3"
75035,"L1",0.178358414594011,0.257387285557594,"sym_t3"
75035,"PMM3",0.143379614479797,0.196476153337054,"sym_t3"
75035,"W1",0.140749162205078,0.201709632127623,"sym_t3"
75035,"WPMM3",0.159154038213396,0.214902202713482,"sym_t3"
75036,"LSE",0.100708159778518,0.15561245528816,"sym_t3"
75036,"Huber",0.0718311456316442,0.109295995204888,"sym_t3"
75036,"L1",0.0913104163075126,0.12474871689598,"sym_t3"
75036,"PMM3",0.0846218002061114,0.12927968485531,"sym_t3"
75036,"W1",0.0854837458900901,0.12877844767744,"sym_t3"
75036,"WPMM3",0.0853529077589202,0.125922512472481,"sym_t3"
75037,"LSE",0.118146542596383,0.168816603766401,"sym_t3"
75037,"Huber",0.114735957054507,0.15827048248812,"sym_t3"
75037,"L1",0.109702905784267,0.161496099528238,"sym_t3"
75037,"PMM3",0.115656107808874,0.158903502332654,"sym_t3"
75037,"W1",0.11484641286917,0.158949899076059,"sym_t3"
75037,"WPMM3",0.113481507558675,0.154571373821227,"sym_t3"
75038,"LSE",0.0701063972001144,0.103368116131204,"sym_t3"
75038,"Huber",0.0606833711179999,0.0772068946515403,"sym_t3"
75038,"L1",0.0646259824659067,0.0844503576180652,"sym_t3"
75038,"PMM3",0.0570231803007418,0.0749338234977638,"sym_t3"
75038,"W1",0.0546439973908538,0.0724131095274317,"sym_t3"
75038,"WPMM3",0.1096648237858,0.160022428915208,"sym_t3"
75039,"LSE",0.111666873881686,0.143651665962003,"sym_t3"
75039,"Huber",0.0410332357009924,0.0589480440489634,"sym_t3"
75039,"L1",0.070374819760214,0.106258219852274,"sym_t3"
75039,"PMM3",0.0524206123056746,0.0673349335071378,"sym_t3"
75039,"W1",0.032172341353092,0.0429932720011512,"sym_t3"
75039,"WPMM3",0.0279832368275387,0.0358140874179408,"sym_t3"
75040,"LSE",0.113267190782072,0.139562926185376,"sym_t3"
75040,"Huber",0.105805203926315,0.154020465898632,"sym_t3"
75040,"L1",0.1027973620018,0.144261548649964,"sym_t3"
75040,"PMM3",0.118532821374101,0.17525184799245,"sym_t3"
75040,"W1",0.116729111053413,0.16848497247622,"sym_t3"
75040,"WPMM3",0.112516151546619,0.163933140444588,"sym_t3"
75041,"LSE",0.146097319314493,0.192930393497137,"sym_t3"
75041,"Huber",0.0944862881423999,0.118885730898555,"sym_t3"
75041,"L1",0.0830136046441751,0.123396548021745,"sym_t3"
75041,"PMM3",0.144625476533712,0.158777750747907,"sym_t3"
75041,"W1",0.0907339467622154,0.109046995084332,"sym_t3"
75041,"WPMM3",0.0824609972736463,0.0989841472047612,"sym_t3"
75042,"LSE",0.243281444881697,0.300059883741282,"sym_t3"
75042,"Huber",0.152690827862626,0.189423539415227,"sym_t3"
75042,"L1",0.129805948201078,0.162842862509507,"sym_t3"
75042,"PMM3",0.146552001908164,0.18718303369253,"sym_t3"
75042,"W1",0.137120920772818,0.173195304437881,"sym_t3"
75042,"WPMM3",0.123436064070725,0.155597326503164,"sym_t3"
75043,"LSE",0.174253190089213,0.256577369957486,"sym_t3"
75043,"Huber",0.0980244326111476,0.146940904580731,"sym_t3"
75043,"L1",0.113171221487784,0.166844146291321,"sym_t3"
75043,"PMM3",0.133538410181057,0.202519330210945,"sym_t3"
75043,"W1",0.111709470790102,0.153388425124848,"sym_t3"
75043,"WPMM3",0.117925803179801,0.161699288332031,"sym_t3"
75044,"LSE",0.0995004098623398,0.157635710295357,"sym_t3"
75044,"Huber",0.0804476087809666,0.120189526378523,"sym_t3"
75044,"L1",0.0658318669694708,0.0931467354086895,"sym_t3"
75044,"PMM3",0.0757744875597708,0.113586760861513,"sym_t3"
75044,"W1",0.0765713385073919,0.113474071984594,"sym_t3"
75044,"WPMM3",0.079964774195281,0.118504130715043,"sym_t3"
75045,"LSE",0.0760146758750347,0.109843421874033,"sym_t3"
75045,"Huber",0.0718636201543065,0.0819028759237639,"sym_t3"
75045,"L1",0.105467790648746,0.131623957630981,"sym_t3"
75045,"PMM3",0.073254081180201,0.0831450819654957,"sym_t3"
75045,"W1",0.0732463500601498,0.0736391333253447,"sym_t3"
75045,"WPMM3",0.0763938270539988,0.0737127505355664,"sym_t3"
75046,"LSE",0.10217350709269,0.152151784166046,"sym_t3"
75046,"Huber",0.0784193573469713,0.0984639818896428,"sym_t3"
75046,"L1",0.0593056093655587,0.0933078480984375,"sym_t3"
75046,"PMM3",0.0750428867276701,0.109621316718901,"sym_t3"
75046,"W1",0.0722933753770365,0.0920916283518605,"sym_t3"
75046,"WPMM3",0.0766875689533438,0.0986253514252875,"sym_t3"
75047,"LSE",0.0842024866602981,0.1202466610612,"sym_t3"
75047,"Huber",0.0983070176736188,0.164126407589616,"sym_t3"
75047,"L1",0.102746155766307,0.171543319488808,"sym_t3"
75047,"PMM3",0.104752686035562,0.172377203074436,"sym_t3"
75047,"W1",0.102972167192099,0.174507192735084,"sym_t3"
75047,"WPMM3",0.110295472264671,0.188013964788492,"sym_t3"
75048,"LSE",0.123333754063033,0.183485361107644,"sym_t3"
75048,"Huber",0.104206095290573,0.129983809561071,"sym_t3"
75048,"L1",0.143868116941038,0.168741452015949,"sym_t3"
75048,"PMM3",0.0877804045256674,0.113749545918499,"sym_t3"
75048,"W1",0.1124984792673,0.139720363519896,"sym_t3"
75048,"WPMM3",0.120467992071222,0.147612512830587,"sym_t3"
75049,"LSE",0.104071790939085,0.119221469636117,"sym_t3"
75049,"Huber",0.0688673533905702,0.0671796414562608,"sym_t3"
75049,"L1",0.0199594801059005,0.0235848412743204,"sym_t3"
75049,"PMM3",0.0686038696862813,0.075633380003474,"sym_t3"
75049,"W1",0.0702016218323262,0.0754398126235737,"sym_t3"
75049,"WPMM3",0.0689671251556028,0.0777166554215471,"sym_t3"
75050,"LSE",0.116541290036485,0.178050500011309,"sym_t3"
75050,"Huber",0.0494070316473455,0.0724923205338244,"sym_t3"
75050,"L1",0.0625465864680457,0.0804381688012614,"sym_t3"
75050,"PMM3",0.0651910088999798,0.0983449190634897,"sym_t3"
75050,"W1",0.0430407711256604,0.0601183328090486,"sym_t3"
75050,"WPMM3",0.0443881782919743,0.0564782680362613,"sym_t3"
75051,"LSE",0.0949733175603378,0.129002126678958,"sym_t3"
75051,"Huber",0.101535611649023,0.137724021873206,"sym_t3"
75051,"L1",0.0770278909737877,0.107658474202896,"sym_t3"
75051,"PMM3",0.11159804067293,0.156872159070249,"sym_t3"
75051,"W1",0.116710969940265,0.159389021101158,"sym_t3"
75051,"WPMM3",0.125359938212326,0.165939854901075,"sym_t3"
75052,"LSE",0.122598106202926,0.175965552528602,"sym_t3"
75052,"Huber",0.075776017108279,0.100587254031466,"sym_t3"
75052,"L1",0.0687749540919575,0.0866373452844595,"sym_t3"
75052,"PMM3",0.0865321241388557,0.0947388103451112,"sym_t3"
75052,"W1",0.0656843885140923,0.079017261489423,"sym_t3"
75052,"WPMM3",0.0638847317593684,0.0707301823117996,"sym_t3"
75053,"LSE",0.113636379506667,0.164662055326507,"sym_t3"
75053,"Huber",0.0854053938319269,0.14096398678276,"sym_t3"
75053,"L1",0.134065845273442,0.220975122035268,"sym_t3"
75053,"PMM3",0.100917464471812,0.149164555084393,"sym_t3"
75053,"W1",0.087117480783185,0.144484447277971,"sym_t3"
75053,"WPMM3",0.0851310818406523,0.145911376712962,"sym_t3"
75054,"LSE",0.118128619669234,0.172504181863382,"sym_t3"
75054,"Huber",0.0916414588564862,0.138740028116055,"sym_t3"
75054,"L1",0.126667486397327,0.190710944303708,"sym_t3"
75054,"PMM3",0.136711562115263,0.19960655522253,"sym_t3"
75054,"W1",0.0969023196647174,0.147150828212068,"sym_t3"
75054,"WPMM3",0.078581278977508,0.121158444771718,"sym_t3"
75055,"LSE",0.149728019120523,0.214487426051004,"sym_t3"
75055,"Huber",0.115115599438411,0.15056471909326,"sym_t3"
75055,"L1",0.147570037615787,0.206870316846162,"sym_t3"
75055,"PMM3",0.0638366688709124,0.090297428058752,"sym_t3"
75055,"W1",0.0984389614173983,0.122902584873162,"sym_t3"
75055,"WPMM3",0.0980952124106171,0.120571260677514,"sym_t3"
75056,"LSE",0.0988403613982043,0.136764475063933,"sym_t3"
75056,"Huber",0.08616380652401,0.123095915096066,"sym_t3"
75056,"L1",0.071283798941675,0.120841901878869,"sym_t3"
75056,"PMM3",0.0911327820144636,0.130665072108012,"sym_t3"
75056,"W1",0.0850799595326736,0.12396294336986,"sym_t3"
75056,"WPMM3",0.078828327561294,0.115558485707445,"sym_t3"
75057,"LSE",0.135707659940342,0.174217448230031,"sym_t3"
75057,"Huber",0.117554858185258,0.13407315208918,"sym_t3"
75057,"L1",0.165653444556641,0.181903796226149,"sym_t3"
75057,"PMM3",0.115128818674417,0.135781805173508,"sym_t3"
75057,"W1",0.115625856904388,0.138524856964618,"sym_t3"
75057,"WPMM3",0.136891379350046,0.179243626888687,"sym_t3"
75058,"LSE",0.0790473495086138,0.0900171548363458,"sym_t3"
75058,"Huber",0.0999302361575913,0.125351982789093,"sym_t3"
75058,"L1",0.144774120735021,0.195788303204168,"sym_t3"
75058,"PMM3",0.091309844340999,0.108358519955204,"sym_t3"
75058,"W1",0.100237796662211,0.122472095243798,"sym_t3"
75058,"WPMM3",0.109017213182122,0.135977475282279,"sym_t3"
75059,"LSE",0.0931838503400682,0.101424416362696,"sym_t3"
75059,"Huber",0.0548167370678716,0.069695681175398,"sym_t3"
75059,"L1",0.0759578572359147,0.0964857163727218,"sym_t3"
75059,"PMM3",0.0658294778583472,0.0866306699201227,"sym_t3"
75059,"W1",0.0520742105856259,0.0642302109486876,"sym_t3"
75059,"WPMM3",0.0558945003991391,0.0669314098484391,"sym_t3"
75060,"LSE",0.0911995376735086,0.106928043954476,"sym_t3"
75060,"Huber",0.0987479543376124,0.0985987546842064,"sym_t3"
75060,"L1",0.116212249104601,0.12950819975518,"sym_t3"
75060,"PMM3",0.0997661846573113,0.10420158043656,"sym_t3"
75060,"W1",0.100202859022528,0.101814817527363,"sym_t3"
75060,"WPMM3",0.102689600423927,0.0997242739535689,"sym_t3"
75061,"LSE",0.0943789673265643,0.129385108910639,"sym_t3"
75061,"Huber",0.0879985712906298,0.093167289661103,"sym_t3"
75061,"L1",0.131912333546997,0.140890594015002,"sym_t3"
75061,"PMM3",0.0897467544149384,0.0972541726521496,"sym_t3"
75061,"W1",0.0952397269360777,0.0964526040607513,"sym_t3"
75061,"WPMM3",0.101621012047094,0.10920403419479,"sym_t3"
75062,"LSE",0.0831329671319279,0.112494141718801,"sym_t3"
75062,"Huber",0.0584603427643321,0.0809842489639915,"sym_t3"
75062,"L1",0.0687004985319645,0.0932631820345187,"sym_t3"
75062,"PMM3",0.0725099655127667,0.0963622899023611,"sym_t3"
75062,"W1",0.0661577071292423,0.089953930355945,"sym_t3"
75062,"WPMM3",0.0585652997813282,0.081441069386366,"sym_t3"
75063,"LSE",0.112690565522772,0.153066935119452,"sym_t3"
75063,"Huber",0.0835274851210339,0.109575797209227,"sym_t3"
75063,"L1",0.0701533663132775,0.0922553869309715,"sym_t3"
75063,"PMM3",0.0998524045079785,0.133366118170094,"sym_t3"
75063,"W1",0.0857396793941329,0.112942052135617,"sym_t3"
75063,"WPMM3",0.0752885258067323,0.0982313418172775,"sym_t3"
75064,"LSE",0.0528517869627653,0.047328823670515,"sym_t3"
75064,"Huber",0.0340161010395375,0.0447409657004801,"sym_t3"
75064,"L1",0.0506002749273984,0.0687134675913194,"sym_t3"
75064,"PMM3",0.0441489821370453,0.0585556229658213,"sym_t3"
75064,"W1",0.0365036287907878,0.0529995134671664,"sym_t3"
75064,"WPMM3",0.0326528789824804,0.0509066587155478,"sym_t3"
75065,"LSE",0.0558481130199114,0.0789318884896202,"sym_t3"
75065,"Huber",0.0403416274941743,0.0519056303172616,"sym_t3"
75065,"L1",0.0675180323172725,0.107315693451874,"sym_t3"
75065,"PMM3",0.0459808433080528,0.0609239058950956,"sym_t3"
75065,"W1",0.0402231173983273,0.0510210554773589,"sym_t3"
75065,"WPMM3",0.0473334014571132,0.0584867079116336,"sym_t3"
75066,"LSE",0.119570426927653,0.13887604762141,"sym_t3"
75066,"Huber",0.094527335159079,0.12181363376135,"sym_t3"
75066,"L1",0.110347223624724,0.155845884562346,"sym_t3"
75066,"PMM3",0.0958229140800249,0.118169917629569,"sym_t3"
75066,"W1",0.0914846584778769,0.118736575730084,"sym_t3"
75066,"WPMM3",0.0917497895978928,0.125425714769274,"sym_t3"
75067,"LSE",0.24059478123426,0.296486014604672,"sym_t3"
75067,"Huber",0.125224952619674,0.168097670524053,"sym_t3"
75067,"L1",0.113557920204278,0.160256863383936,"sym_t3"
75067,"PMM3",0.132464605575609,0.170755482492783,"sym_t3"
75067,"W1",0.11877232257848,0.156550976256276,"sym_t3"
75067,"WPMM3",0.12025583721876,0.153972798059596,"sym_t3"
75068,"LSE",0.134177453669341,0.19131213709768,"sym_t3"
75068,"Huber",0.0564680984130688,0.0718912093733954,"sym_t3"
75068,"L1",0.100147254175651,0.121820584356141,"sym_t3"
75068,"PMM3",0.245599998155315,0.385621227137208,"sym_t3"
75068,"W1",0.0747158088734482,0.0945249943477482,"sym_t3"
75068,"WPMM3",0.0667024588386764,0.0871542059302709,"sym_t3"
75069,"LSE",0.0889468488759675,0.137248584274952,"sym_t3"
75069,"Huber",0.0954931855945707,0.153497937868914,"sym_t3"
75069,"L1",0.117092631112299,0.192050919287133,"sym_t3"
75069,"PMM3",0.105973915171535,0.17291978903502,"sym_t3"
75069,"W1",0.10055261037489,0.162981116796694,"sym_t3"
75069,"WPMM3",0.10067710228674,0.162182539061138,"sym_t3"
75070,"LSE",0.138288710338046,0.20648870162132,"sym_t3"
75070,"Huber",0.088805157073468,0.132466355260509,"sym_t3"
75070,"L1",0.0640349500926211,0.0837625490951965,"sym_t3"
75070,"PMM3",0.125286196182971,0.177468529179278,"sym_t3"
75070,"W1",0.0847633158684427,0.123212686338009,"sym_t3"
75070,"WPMM3",0.0840209542783133,0.124097668399897,"sym_t3"
75071,"LSE",0.180006814245444,0.228616782591231,"sym_t3"
75071,"Huber",0.133237770091254,0.168042717382798,"sym_t3"
75071,"L1",0.157621062700428,0.193625665486094,"sym_t3"
75071,"PMM3",0.130470908875796,0.172350026716563,"sym_t3"
75071,"W1",0.118172416045441,0.155014062570989,"sym_t3"
75071,"WPMM3",0.112353413245974,0.148836775187971,"sym_t3"
75072,"LSE",0.0975503639768896,0.111504682385816,"sym_t3"
75072,"Huber",0.0553892456492543,0.0691969009956632,"sym_t3"
75072,"L1",0.0522771871904491,0.0741360506557152,"sym_t3"
75072,"PMM3",0.0542531954754514,0.072697695937209,"sym_t3"
75072,"W1",0.0501018219096481,0.0691935671448109,"sym_t3"
75072,"WPMM3",0.0498078659067103,0.0724887757890467,"sym_t3"
75073,"LSE",0.108585769933004,0.14646318768122,"sym_t3"
75073,"Huber",0.0699676194307344,0.093284416913098,"sym_t3"
75073,"L1",0.0823241181786409,0.122765882520411,"sym_t3"
75073,"PMM3",0.0667268710594728,0.085221882660577,"sym_t3"
75073,"W1",0.0718001074929025,0.09252127909031,"sym_t3"
75073,"WPMM3",0.0710119558388539,0.0941435190210726,"sym_t3"
75074,"LSE",0.129115371824014,0.198352573292224,"sym_t3"
75074,"Huber",0.100382014241025,0.149523999749182,"sym_t3"
75074,"L1",0.107454530522537,0.163647114884466,"sym_t3"
75074,"PMM3",0.136102756682693,0.203718663463879,"sym_t3"
75074,"W1",0.101837576914275,0.149866674685106,"sym_t3"
75074,"WPMM3",0.0880392894635958,0.127499374626773,"sym_t3"
75075,"LSE",0.0974758639573065,0.143757003060943,"sym_t3"
75075,"Huber",0.099147007382297,0.155812207728594,"sym_t3"
75075,"L1",0.148170789390288,0.212703929469235,"sym_t3"
75075,"PMM3",0.111110843651503,0.169371484221673,"sym_t3"
75075,"W1",0.11132943443774,0.173063039850259,"sym_t3"
75075,"WPMM3",0.109815328621391,0.172699230562108,"sym_t3"
75076,"LSE",0.137671642444187,0.191105273215365,"sym_t3"
75076,"Huber",0.104810128854169,0.139837839109582,"sym_t3"
75076,"L1",0.116458339643526,0.163986598271927,"sym_t3"
75076,"PMM3",0.0931767075027547,0.114230820126664,"sym_t3"
75076,"W1",0.0980945129718465,0.128118173730123,"sym_t3"
75076,"WPMM3",0.098428511850531,0.130460523302191,"sym_t3"
75077,"LSE",0.115973911284297,0.172774673973525,"sym_t3"
75077,"Huber",0.080378575798017,0.110721763564105,"sym_t3"
75077,"L1",0.0786788448172571,0.114489356909528,"sym_t3"
75077,"PMM3",0.0831790830980717,0.113540015076339,"sym_t3"
75077,"W1",0.0752627180040442,0.104107454997675,"sym_t3"
75077,"WPMM3",0.0739213616732268,0.101269443536157,"sym_t3"
75078,"LSE",0.135348224222284,0.212100416667793,"sym_t3"
75078,"Huber",0.0851554009273142,0.128429464387844,"sym_t3"
75078,"L1",0.0572481758285879,0.0886305234619669,"sym_t3"
75078,"PMM3",0.114442594065766,0.181372140986991,"sym_t3"
75078,"W1",0.0709319414840185,0.102984372320426,"sym_t3"
75078,"WPMM3",0.0701226354666431,0.101747202962723,"sym_t3"
75079,"LSE",0.0955026604107103,0.123361508641969,"sym_t3"
75079,"Huber",0.0692936113289202,0.0857222774216899,"sym_t3"
75079,"L1",0.0864126764039963,0.0959287844499442,"sym_t3"
75079,"PMM3",0.0655554114106655,0.0793086309279065,"sym_t3"
75079,"W1",0.0671380063933192,0.0819564692498362,"sym_t3"
75079,"WPMM3",0.0640309480887122,0.0741786683264361,"sym_t3"
75080,"LSE",0.117824074334232,0.154054105988185,"sym_t3"
75080,"Huber",0.0928691214565995,0.123618911474105,"sym_t3"
75080,"L1",0.121173352120937,0.173934857909866,"sym_t3"
75080,"PMM3",0.106776819021864,0.143253091345085,"sym_t3"
75080,"W1",0.0925804454609427,0.123023205634274,"sym_t3"
75080,"WPMM3",0.0860594430735375,0.114225930439893,"sym_t3"
75081,"LSE",0.117989643149241,0.161589681276598,"sym_t3"
75081,"Huber",0.0822764037898629,0.0949023468822551,"sym_t3"
75081,"L1",0.0762666121464751,0.10043704269245,"sym_t3"
75081,"PMM3",0.0785776992386346,0.0966187127097503,"sym_t3"
75081,"W1",0.0748636707021276,0.0815610532420853,"sym_t3"
75081,"WPMM3",0.0767301925934774,0.0838681072609383,"sym_t3"
75082,"LSE",0.157319788439149,0.196844441336318,"sym_t3"
75082,"Huber",0.11951866923283,0.181287825110266,"sym_t3"
75082,"L1",0.11509174790768,0.176310697511022,"sym_t3"
75082,"PMM3",0.150139418975979,0.211351237970083,"sym_t3"
75082,"W1",0.11651949172117,0.175292622002674,"sym_t3"
75082,"WPMM3",0.112540620753382,0.171672975857273,"sym_t3"
75083,"LSE",0.132456646761794,0.170704401886945,"sym_t3"
75083,"Huber",0.102960231952208,0.149809518222701,"sym_t3"
75083,"L1",0.126686396149847,0.200667536385366,"sym_t3"
75083,"PMM3",0.12179660145844,0.182390568435271,"sym_t3"
75083,"W1",0.110908092593849,0.16529904350301,"sym_t3"
75083,"WPMM3",0.106549828960936,0.162132560190884,"sym_t3"
75084,"LSE",0.0978785171963474,0.150587009449658,"sym_t3"
75084,"Huber",0.0752385496278771,0.105483490775949,"sym_t3"
75084,"L1",0.108517663605666,0.151093995596133,"sym_t3"
75084,"PMM3",0.0838303920034495,0.103445056200104,"sym_t3"
75084,"W1",0.080356106922546,0.111799611471089,"sym_t3"
75084,"WPMM3",0.0796752346359484,0.111100345282186,"sym_t3"
75085,"LSE",0.119248406436922,0.155110708620041,"sym_t3"
75085,"Huber",0.0590233254244462,0.0772682847644216,"sym_t3"
75085,"L1",0.0896956764494814,0.122402015733524,"sym_t3"
75085,"PMM3",0.0676123070889284,0.0891496282347701,"sym_t3"
75085,"W1",0.0640915109159601,0.0852057211016931,"sym_t3"
75085,"WPMM3",0.0603508848842397,0.0809247412822412,"sym_t3"
75086,"LSE",0.135059005639253,0.179286632159976,"sym_t3"
75086,"Huber",0.123193797570753,0.15470704117384,"sym_t3"
75086,"L1",0.140050930799891,0.174615202623797,"sym_t3"
75086,"PMM3",0.118794279475235,0.151863620961668,"sym_t3"
75086,"W1",0.122612281688271,0.155242550311407,"sym_t3"
75086,"WPMM3",0.118756055602227,0.147254946888567,"sym_t3"
75087,"LSE",0.146154541739667,0.22398695227014,"sym_t3"
75087,"Huber",0.136909206205541,0.204426504775294,"sym_t3"
75087,"L1",0.144253339490343,0.196644164161291,"sym_t3"
75087,"PMM3",0.139150826774578,0.204383270396349,"sym_t3"
75087,"W1",0.136895097715894,0.201724193917957,"sym_t3"
75087,"WPMM3",0.137654900578261,0.197007211274235,"sym_t3"
75088,"LSE",0.146862911072881,0.198233933542665,"sym_t3"
75088,"Huber",0.13360395429526,0.17853450632635,"sym_t3"
75088,"L1",0.129138559428158,0.166166435322704,"sym_t3"
75088,"PMM3",0.138103426659411,0.180533740090177,"sym_t3"
75088,"W1",0.130544009630589,0.172619534967271,"sym_t3"
75088,"WPMM3",0.126262046404828,0.167078176606876,"sym_t3"
75089,"LSE",0.136994681088699,0.19809697118429,"sym_t3"
75089,"Huber",0.0949923793583,0.136508832699064,"sym_t3"
75089,"L1",0.151205397390124,0.21468548695538,"sym_t3"
75089,"PMM3",0.0881475411331057,0.128540458211649,"sym_t3"
75089,"W1",0.0870878777930133,0.122951300488844,"sym_t3"
75089,"WPMM3",0.0869604319035297,0.122920536951537,"sym_t3"
75090,"LSE",0.12715944235149,0.209900303357964,"sym_t3"
75090,"Huber",0.114856049592921,0.183584370314073,"sym_t3"
75090,"L1",0.145454510005496,0.212792664489218,"sym_t3"
75090,"PMM3",0.119163035165305,0.185351987996169,"sym_t3"
75090,"W1",0.118135208661667,0.185315366902887,"sym_t3"
75090,"WPMM3",0.117135917837029,0.182014976100719,"sym_t3"
75091,"LSE",0.112025541314586,0.168015249246683,"sym_t3"
75091,"Huber",0.102232837618005,0.156978001407864,"sym_t3"
75091,"L1",0.115878741399541,0.176439402860154,"sym_t3"
75091,"PMM3",0.0991384621131876,0.15357081339979,"sym_t3"
75091,"W1",0.100999153420298,0.15566065296224,"sym_t3"
75091,"WPMM3",0.0986239919148909,0.152330411155605,"sym_t3"
75092,"LSE",0.0779551632890054,0.118205289898254,"sym_t3"
75092,"Huber",0.0676550134693906,0.100247049652949,"sym_t3"
75092,"L1",0.0856507566446869,0.126576405887487,"sym_t3"
75092,"PMM3",0.0729033882491831,0.109978781097965,"sym_t3"
75092,"W1",0.0679314052572814,0.101817771471125,"sym_t3"
75092,"WPMM3",0.0654539856063821,0.0971789732436693,"sym_t3"
75093,"LSE",0.0941819643973476,0.120233098373889,"sym_t3"
75093,"Huber",0.0560960060081935,0.0734971567201451,"sym_t3"
75093,"L1",0.0672999715111236,0.0826086260903364,"sym_t3"
75093,"PMM3",0.0560264211985058,0.0739038650491884,"sym_t3"
75093,"W1",0.0538379471397332,0.0716938544568434,"sym_t3"
75093,"WPMM3",0.0384475383502947,0.0521332649520062,"sym_t3"
75094,"LSE",0.119515340916527,0.139674011230406,"sym_t3"
75094,"Huber",0.087286690755753,0.116819296689175,"sym_t3"
75094,"L1",0.0754092602877207,0.102319299744679,"sym_t3"
75094,"PMM3",0.0996158958574732,0.142572005834432,"sym_t3"
75094,"W1",0.0900319509663971,0.12622406426194,"sym_t3"
75094,"WPMM3",0.0969892202373937,0.134865737334431,"sym_t3"
75095,"LSE",0.150324094543758,0.244385885752659,"sym_t3"
75095,"Huber",0.129271450908065,0.203582390554339,"sym_t3"
75095,"L1",0.136343695004295,0.214507110197121,"sym_t3"
75095,"PMM3",0.13333640879119,0.206118975126891,"sym_t3"
75095,"W1",0.130673696641708,0.203650429230688,"sym_t3"
75095,"WPMM3",0.127219598826772,0.196911430494821,"sym_t3"
75096,"LSE",0.101701662991608,0.142713002496952,"sym_t3"
75096,"Huber",0.0769413030464478,0.126954827899117,"sym_t3"
75096,"L1",0.0621233701885698,0.102227938430225,"sym_t3"
75096,"PMM3",0.0646424966149356,0.112416043494761,"sym_t3"
75096,"W1",0.0710045733096734,0.123152929273325,"sym_t3"
75096,"WPMM3",0.0827857749000925,0.140489132230752,"sym_t3"
75097,"LSE",0.103335226140625,0.0962672215182755,"sym_t3"
75097,"Huber",0.0788208850741883,0.0894594448531554,"sym_t3"
75097,"L1",0.0812647701057204,0.0984053564362557,"sym_t3"
75097,"PMM3",0.0944664569036584,0.104020038345326,"sym_t3"
75097,"W1",0.0811561228056113,0.0976146738589914,"sym_t3"
75097,"WPMM3",0.0750396462816595,0.0935963172997848,"sym_t3"
75098,"LSE",0.0526740689442862,0.0789921687252616,"sym_t3"
75098,"Huber",0.0564862444107785,0.0800806287115133,"sym_t3"
75098,"L1",0.0974704470121294,0.126430591625478,"sym_t3"
75098,"PMM3",0.0388326194201261,0.0523688651474155,"sym_t3"
75098,"W1",0.0533756262743627,0.0740791960489547,"sym_t3"
75098,"WPMM3",0.072744728399973,0.09760500107015,"sym_t3"
75099,"LSE",0.116096346937556,0.174741989305251,"sym_t3"
75099,"Huber",0.124437075702031,0.183742650603676,"sym_t3"
75099,"L1",0.128572829280174,0.184007406342522,"sym_t3"
75099,"PMM3",0.108338238463998,0.162112640955357,"sym_t3"
75099,"W1",0.119060299920965,0.175613804846086,"sym_t3"
75099,"WPMM3",0.128521130183121,0.187443209962126,"sym_t3"
75100,"LSE",0.11649424852893,0.192301348944974,"sym_t3"
75100,"Huber",0.0948261112667742,0.149987552578209,"sym_t3"
75100,"L1",0.130576569563315,0.200864882904321,"sym_t3"
75100,"PMM3",0.0680879599532748,0.10146532709307,"sym_t3"
75100,"W1",0.0786632151143643,0.122683213949677,"sym_t3"
75100,"WPMM3",0.0844536644217521,0.127671581340419,"sym_t3"
75101,"LSE",0.269242705005928,0.40241789938672,"sym_t3"
75101,"Huber",0.147526080749568,0.238089886522672,"sym_t3"
75101,"L1",0.187437038064271,0.307914556217332,"sym_t3"
75101,"PMM3",0.178811853397934,0.249854536025649,"sym_t3"
75101,"W1",0.147921705006249,0.233599863483857,"sym_t3"
75101,"WPMM3",0.142722370053979,0.224572004053875,"sym_t3"
75102,"LSE",0.126763758885826,0.18817198642242,"sym_t3"
75102,"Huber",0.0580050351410836,0.0753747484497405,"sym_t3"
75102,"L1",0.105306007216596,0.15053845843727,"sym_t3"
75102,"PMM3",0.105412733058237,0.146701581421356,"sym_t3"
75102,"W1",0.0497705978004758,0.0686696327172323,"sym_t3"
75102,"WPMM3",0.101265281290837,0.15355265631673,"sym_t3"
75103,"LSE",0.183602470565177,0.281733722174002,"sym_t3"
75103,"Huber",0.128572648400579,0.199594035725934,"sym_t3"
75103,"L1",0.114254711383006,0.167904941278821,"sym_t3"
75103,"PMM3",0.121975384624889,0.191341803267529,"sym_t3"
75103,"W1",0.106559188243511,0.16541529023173,"sym_t3"
75103,"WPMM3",0.108583317477394,0.166755709255976,"sym_t3"
75104,"LSE",0.115918540659846,0.179125597499317,"sym_t3"
75104,"Huber",0.0942674890810025,0.141504010537412,"sym_t3"
75104,"L1",0.108880415266943,0.168634406916573,"sym_t3"
75104,"PMM3",0.0841970266032065,0.131745351875535,"sym_t3"
75104,"W1",0.0922541515902733,0.142979367084156,"sym_t3"
75104,"WPMM3",0.0947818975823398,0.143034854282179,"sym_t3"
75105,"LSE",0.122514635391937,0.165874406686793,"sym_t3"
75105,"Huber",0.0769920381261153,0.0920601040496817,"sym_t3"
75105,"L1",0.0737691610947338,0.0729411867240164,"sym_t3"
75105,"PMM3",0.127975221212428,0.172053855919027,"sym_t3"
75105,"W1",0.0770501483911355,0.0978295434536515,"sym_t3"
75105,"WPMM3",0.0624628920794699,0.0782960295318343,"sym_t3"
75106,"LSE",0.0908038498985762,0.137959513033093,"sym_t3"
75106,"Huber",0.04687841327957,0.0642195650993138,"sym_t3"
75106,"L1",0.0437251220495639,0.0660549238761084,"sym_t3"
75106,"PMM3",0.051555109496441,0.0623299907476909,"sym_t3"
75106,"W1",0.0454476506999043,0.057688956144981,"sym_t3"
75106,"WPMM3",0.0466569402487982,0.0581056218549439,"sym_t3"
75107,"LSE",0.0909735725634945,0.129119229505006,"sym_t3"
75107,"Huber",0.0796281355179353,0.115151604930587,"sym_t3"
75107,"L1",0.098379280027273,0.139538080265011,"sym_t3"
75107,"PMM3",0.0801004432410444,0.117551094550567,"sym_t3"
75107,"W1",0.0762365837107304,0.113524324170785,"sym_t3"
75107,"WPMM3",0.0712272319784176,0.105762203482152,"sym_t3"
75108,"LSE",0.119774924888711,0.175205707384034,"sym_t3"
75108,"Huber",0.116354733293484,0.157694940611841,"sym_t3"
75108,"L1",0.0944554692139211,0.11088654340215,"sym_t3"
75108,"PMM3",0.126661986902257,0.17735335006714,"sym_t3"
75108,"W1",0.125831747988214,0.167164096929463,"sym_t3"
75108,"WPMM3",0.130017658151286,0.162233346875363,"sym_t3"
75109,"LSE",0.130965131938346,0.167569934426829,"sym_t3"
75109,"Huber",0.0946190697883926,0.110141585295149,"sym_t3"
75109,"L1",0.114850492688647,0.119607604944926,"sym_t3"
75109,"PMM3",0.0914288204153468,0.109982071138201,"sym_t3"
75109,"W1",0.0920081936898791,0.106505631596313,"sym_t3"
75109,"WPMM3",0.0832208999630173,0.0901818453137246,"sym_t3"
75110,"LSE",0.101273077579959,0.154128578968861,"sym_t3"
75110,"Huber",0.112144453939706,0.158523652999804,"sym_t3"
75110,"L1",0.113638647628608,0.158297137076807,"sym_t3"
75110,"PMM3",0.132150233962329,0.190029353630974,"sym_t3"
75110,"W1",0.124053679215182,0.17289302743389,"sym_t3"
75110,"WPMM3",0.117515648725727,0.161079873043357,"sym_t3"
75111,"LSE",0.0827925309483037,0.119702491796194,"sym_t3"
75111,"Huber",0.0568611002845754,0.0708016289219738,"sym_t3"
75111,"L1",0.0645458226960879,0.0839039759431453,"sym_t3"
75111,"PMM3",0.0629808251152846,0.0841982537963447,"sym_t3"
75111,"W1",0.0578576749111416,0.0700840213476976,"sym_t3"
75111,"WPMM3",0.053094686203469,0.059462008062361,"sym_t3"
75112,"LSE",0.179620187776641,0.219187770623032,"sym_t3"
75112,"Huber",0.119658036062277,0.139015359946534,"sym_t3"
75112,"L1",0.139390046680107,0.207300384570608,"sym_t3"
75112,"PMM3",0.115797129541402,0.130194627974908,"sym_t3"
75112,"W1",0.111120185541632,0.126226197101296,"sym_t3"
75112,"WPMM3",0.115756401283234,0.130441711383219,"sym_t3"
75113,"LSE",0.206567306604526,0.278505384235235,"sym_t3"
75113,"Huber",0.143357489096024,0.194100489520623,"sym_t3"
75113,"L1",0.135081545737097,0.178532748239786,"sym_t3"
75113,"PMM3",0.125626385213121,0.168125513704958,"sym_t3"
75113,"W1",0.131383313656846,0.178343877796759,"sym_t3"
75113,"WPMM3",0.128630552887166,0.173110560201801,"sym_t3"
75114,"LSE",0.122025208140089,0.14282118477344,"sym_t3"
75114,"Huber",0.100848812605318,0.108038881346663,"sym_t3"
75114,"L1",0.100174452311124,0.114885899435768,"sym_t3"
75114,"PMM3",0.113048156620364,0.120796283584316,"sym_t3"
75114,"W1",0.0947865487523688,0.103137006779701,"sym_t3"
75114,"WPMM3",0.089238765107531,0.0981633724727906,"sym_t3"
75115,"LSE",0.221850686334132,0.325657113095733,"sym_t3"
75115,"Huber",0.181814132175272,0.245755623681377,"sym_t3"
75115,"L1",0.192445855391784,0.228565638794919,"sym_t3"
75115,"PMM3",0.746361231625494,1.09267006781629,"sym_t3"
75115,"W1",0.171300293577824,0.220337566151878,"sym_t3"
75115,"WPMM3",0.170059336217541,0.212972493809394,"sym_t3"
75116,"LSE",0.059953202053688,0.0826384320295122,"sym_t3"
75116,"Huber",0.0627203668152395,0.08044086576524,"sym_t3"
75116,"L1",0.0470175712424131,0.0599400204009747,"sym_t3"
75116,"PMM3",0.0749680633496147,0.104492553828761,"sym_t3"
75116,"W1",0.0688897382725417,0.0890458246630984,"sym_t3"
75116,"WPMM3",0.0723447035623206,0.0930877429708782,"sym_t3"
75117,"LSE",0.106731249746642,0.141280677835872,"sym_t3"
75117,"Huber",0.0924751800761474,0.127754005087139,"sym_t3"
75117,"L1",0.0864391496466209,0.112871656867269,"sym_t3"
75117,"PMM3",0.10626593496295,0.148905899878784,"sym_t3"
75117,"W1",0.0977325968260956,0.134502250291841,"sym_t3"
75117,"WPMM3",0.090496025959603,0.126545898361155,"sym_t3"
75118,"LSE",0.240810424918698,0.318569636352531,"sym_t3"
75118,"Huber",0.0820119224480127,0.108654240883083,"sym_t3"
75118,"L1",0.088458843474723,0.132172212837034,"sym_t3"
75118,"PMM3",0.0894173276756884,0.0737071196249117,"sym_t3"
75118,"W1",0.071051115374764,0.0972171378677606,"sym_t3"
75118,"WPMM3",0.0686171441049805,0.0996347976274378,"sym_t3"
75119,"LSE",0.14836464865976,0.214943608526808,"sym_t3"
75119,"Huber",0.159659008011407,0.225031851522497,"sym_t3"
75119,"L1",0.160951223468177,0.213498129029628,"sym_t3"
75119,"PMM3",0.166846762719783,0.248728517005162,"sym_t3"
75119,"W1",0.164059481266742,0.233914253878023,"sym_t3"
75119,"WPMM3",0.166238950281088,0.231151695341541,"sym_t3"
75120,"LSE",0.0860093327142328,0.131022053641649,"sym_t3"
75120,"Huber",0.0899133420372836,0.119596380937452,"sym_t3"
75120,"L1",0.107811778858897,0.15518353395471,"sym_t3"
75120,"PMM3",0.105521316914694,0.11386226290439,"sym_t3"
75120,"W1",0.0976809738912524,0.122240145361428,"sym_t3"
75120,"WPMM3",0.101428541634553,0.126200787261885,"sym_t3"
75121,"LSE",0.15752911277939,0.236082433007547,"sym_t3"
75121,"Huber",0.102504834022227,0.14333243725962,"sym_t3"
75121,"L1",0.0821553025869382,0.12135254526486,"sym_t3"
75121,"PMM3",0.0913638663375291,0.124143256116931,"sym_t3"
75121,"W1",0.100040483842765,0.139531405157878,"sym_t3"
75121,"WPMM3",0.0952458213080438,0.133670675093914,"sym_t3"
75122,"LSE",0.0531569642843263,0.0478641985983561,"sym_t3"
75122,"Huber",0.027528397416603,0.0278113656935038,"sym_t3"
75122,"L1",0.0735823594090559,0.0926351760896182,"sym_t3"
75122,"PMM3",0.0469696494073316,0.0462643442193695,"sym_t3"
75122,"W1",0.0382500229279547,0.0366996556866186,"sym_t3"
75122,"WPMM3",0.0262260754010572,0.0295399463592063,"sym_t3"
75123,"LSE",0.0919738769885668,0.142190866174489,"sym_t3"
75123,"Huber",0.0560093160394475,0.076335169143823,"sym_t3"
75123,"L1",0.0538657346986513,0.0601987153472832,"sym_t3"
75123,"PMM3",0.078021078601897,0.0952745118962865,"sym_t3"
75123,"W1",0.0604629595332365,0.0790819748654363,"sym_t3"
75123,"WPMM3",0.0665246835008103,0.0839078172685788,"sym_t3"
75124,"LSE",0.207565350272162,0.262978832957542,"sym_t3"
75124,"Huber",0.0729335164421882,0.0852939992842698,"sym_t3"
75124,"L1",0.0712422156217174,0.0807541777167513,"sym_t3"
75124,"PMM3",0.091595121340236,0.124571409086326,"sym_t3"
75124,"W1",0.0641124396317095,0.076508809633539,"sym_t3"
75124,"WPMM3",0.058315091775655,0.0664664809467946,"sym_t3"
75125,"LSE",0.152398478791383,0.200779891992299,"sym_t3"
75125,"Huber",0.110120997824894,0.126561144821759,"sym_t3"
75125,"L1",0.114244875425229,0.143041722372553,"sym_t3"
75125,"PMM3",0.111346848981846,0.133981188177036,"sym_t3"
75125,"W1",0.10250426772013,0.124591983702295,"sym_t3"
75125,"WPMM3",0.10601542570994,0.131948235694428,"sym_t3"
75126,"LSE",0.104593936346195,0.134489427425377,"sym_t3"
75126,"Huber",0.0636462546040794,0.0815319312279656,"sym_t3"
75126,"L1",0.0815659561378445,0.110556268158973,"sym_t3"
75126,"PMM3",0.054308194249717,0.0770445129846808,"sym_t3"
75126,"W1",0.0608975460266112,0.0792737746076494,"sym_t3"
75126,"WPMM3",0.0607660427932292,0.0773231110375691,"sym_t3"
75127,"LSE",0.0892390822199846,0.121583140614014,"sym_t3"
75127,"Huber",0.0926864363192282,0.136613977459324,"sym_t3"
75127,"L1",0.104938389389187,0.157835025448857,"sym_t3"
75127,"PMM3",0.0930476931444946,0.139720231950619,"sym_t3"
75127,"W1",0.0919168375020335,0.137791485123536,"sym_t3"
75127,"WPMM3",0.0996026642921515,0.151653408016512,"sym_t3"
75128,"LSE",0.105562335470346,0.153640508048922,"sym_t3"
75128,"Huber",0.118373488052109,0.145752455149308,"sym_t3"
75128,"L1",0.134398241457507,0.151908887583229,"sym_t3"
75128,"PMM3",0.126726527925271,0.148526033682794,"sym_t3"
75128,"W1",0.136003903828444,0.15714630368224,"sym_t3"
75128,"WPMM3",0.140538527768275,0.161141233708103,"sym_t3"
75129,"LSE",0.140160848648032,0.205412067594588,"sym_t3"
75129,"Huber",0.105394269898762,0.144322484224821,"sym_t3"
75129,"L1",0.105124351751072,0.136721446899945,"sym_t3"
75129,"PMM3",0.103897133027154,0.141675261407308,"sym_t3"
75129,"W1",0.106810819495751,0.143281302043131,"sym_t3"
75129,"WPMM3",0.10536882699802,0.140421689674697,"sym_t3"
75130,"LSE",0.120951306073208,0.163919277271141,"sym_t3"
75130,"Huber",0.119592540576354,0.164228513241533,"sym_t3"
75130,"L1",0.14407375297788,0.199611457297473,"sym_t3"
75130,"PMM3",0.120221952467597,0.136674171707431,"sym_t3"
75130,"W1",0.111025255172368,0.151677035709787,"sym_t3"
75130,"WPMM3",0.118721904021082,0.166235444116283,"sym_t3"
75131,"LSE",0.0330184151157894,0.033866298891353,"sym_t3"
75131,"Huber",0.0577846392457873,0.0735190956683751,"sym_t3"
75131,"L1",0.0940466187274147,0.14016554416114,"sym_t3"
75131,"PMM3",3.03657528770226,3.90718972593621,"sym_t3"
75131,"W1",0.0640108788992218,0.0738623994247503,"sym_t3"
75131,"WPMM3",0.0807192241001044,0.0968146744196504,"sym_t3"
75132,"LSE",0.0958469498613941,0.131964927064674,"sym_t3"
75132,"Huber",0.0593779607951311,0.088436680656137,"sym_t3"
75132,"L1",0.105044547806733,0.153777151189058,"sym_t3"
75132,"PMM3",0.0696563955319855,0.100649753993382,"sym_t3"
75132,"W1",0.0568939049742375,0.08474110132189,"sym_t3"
75132,"WPMM3",0.050480130041682,0.0760379190750844,"sym_t3"
75133,"LSE",0.121316339877939,0.145035835737632,"sym_t3"
75133,"Huber",0.0841776643512732,0.088471219958742,"sym_t3"
75133,"L1",0.0945464631742536,0.0957760324891681,"sym_t3"
75133,"PMM3",0.0704535636281368,0.0892842095512524,"sym_t3"
75133,"W1",0.081919869687318,0.0856446297511583,"sym_t3"
75133,"WPMM3",0.0960913198009993,0.104703623655865,"sym_t3"
75134,"LSE",0.110587505070366,0.135264592765107,"sym_t3"
75134,"Huber",0.0983675844503072,0.136236833636783,"sym_t3"
75134,"L1",0.124253657434747,0.173340775624731,"sym_t3"
75134,"PMM3",0.0986622410450537,0.132853213197668,"sym_t3"
75134,"W1",0.0947381852755496,0.131317592821841,"sym_t3"
75134,"WPMM3",0.0967898140036735,0.139872864464275,"sym_t3"
75135,"LSE",0.293536948547194,0.43557142965039,"sym_t3"
75135,"Huber",0.100873216634612,0.154687574178255,"sym_t3"
75135,"L1",0.112248098525098,0.165233593957797,"sym_t3"
75135,"PMM3",0.136112103953443,0.203976340465655,"sym_t3"
75135,"W1",0.0979216774841962,0.149077093069334,"sym_t3"
75135,"WPMM3",0.095851155699961,0.1450937529928,"sym_t3"
75136,"LSE",0.16732950529803,0.229160085584018,"sym_t3"
75136,"Huber",0.0834319552855997,0.124150962627512,"sym_t3"
75136,"L1",0.108190096450411,0.166055640751777,"sym_t3"
75136,"PMM3",0.0886260096568902,0.136377300840586,"sym_t3"
75136,"W1",0.0717505596445472,0.106588628801205,"sym_t3"
75136,"WPMM3",0.0757095383534942,0.109167466998055,"sym_t3"
75137,"LSE",0.15339550901415,0.224983671829694,"sym_t3"
75137,"Huber",0.126862796401824,0.185391942153653,"sym_t3"
75137,"L1",0.0963675259061736,0.130832473045289,"sym_t3"
75137,"PMM3",0.12323270916258,0.180033562768997,"sym_t3"
75137,"W1",0.122997006516344,0.180109479048579,"sym_t3"
75137,"WPMM3",0.114277753634453,0.167420186259758,"sym_t3"
75138,"LSE",0.31806107806822,0.422563887122399,"sym_t3"
75138,"Huber",0.117686014134008,0.11591726777023,"sym_t3"
75138,"L1",0.100728254860202,0.101582718117235,"sym_t3"
75138,"PMM3",4.48271704711035,5.69451646890622,"sym_t3"
75138,"W1",0.109340334984641,0.110124540626281,"sym_t3"
75138,"WPMM3",0.0939527161636463,0.0897612922252942,"sym_t3"
75139,"LSE",0.124188316588915,0.187401700054468,"sym_t3"
75139,"Huber",0.147043293732377,0.196623924474926,"sym_t3"
75139,"L1",0.0897610134687219,0.13363336349051,"sym_t3"
75139,"PMM3",0.198940644890804,0.249368134182506,"sym_t3"
75139,"W1",0.142543000624845,0.185623381595214,"sym_t3"
75139,"WPMM3",0.127825546961992,0.173583512910869,"sym_t3"
75140,"LSE",0.217089618992088,0.345519509601669,"sym_t3"
75140,"Huber",0.0900610213864042,0.136017852816917,"sym_t3"
75140,"L1",0.0486263380306382,0.0673505895486243,"sym_t3"
75140,"PMM3",0.109492437358379,0.159417745594524,"sym_t3"
75140,"W1",0.0732893496973705,0.0868479638990239,"sym_t3"
75140,"WPMM3",0.0665806840366531,0.0736483233815471,"sym_t3"
75141,"LSE",0.117596672595563,0.179299638128729,"sym_t3"
75141,"Huber",0.0873276744827936,0.124082877403943,"sym_t3"
75141,"L1",0.0852187257161361,0.132628410878046,"sym_t3"
75141,"PMM3",0.0998913590450177,0.143035477141053,"sym_t3"
75141,"W1",0.0916134068958402,0.129252260198762,"sym_t3"
75141,"WPMM3",0.0861379918268262,0.118446604044072,"sym_t3"
75142,"LSE",0.19786743470519,0.190117075220149,"sym_t3"
75142,"Huber",0.14550171892575,0.15900531203091,"sym_t3"
75142,"L1",0.0948397193042388,0.126661681456365,"sym_t3"
75142,"PMM3",0.201396256603055,0.254200799291576,"sym_t3"
75142,"W1",0.142660512856239,0.169657627150486,"sym_t3"
75142,"WPMM3",0.137972811144716,0.169890445751975,"sym_t3"
75143,"LSE",0.165886735385083,0.234887401553251,"sym_t3"
75143,"Huber",0.0772515138013271,0.0987877692993773,"sym_t3"
75143,"L1",0.115619237326934,0.159231582692048,"sym_t3"
75143,"PMM3",0.094137295509205,0.13523990605818,"sym_t3"
75143,"W1",0.0644688250441966,0.0831285037702026,"sym_t3"
75143,"WPMM3",0.0620795484667983,0.0746525147487214,"sym_t3"
75144,"LSE",0.121592856385121,0.169036770623714,"sym_t3"
75144,"Huber",0.0642830573000049,0.0833533802117187,"sym_t3"
75144,"L1",0.062937061448658,0.0836807437713137,"sym_t3"
75144,"PMM3",0.0974167709143815,0.125485105050517,"sym_t3"
75144,"W1",0.0712523394707985,0.0911440868626866,"sym_t3"
75144,"WPMM3",0.0668125014508253,0.0858076155635543,"sym_t3"
75145,"LSE",0.136682771689452,0.171610189137686,"sym_t3"
75145,"Huber",0.127517129140023,0.16483099746211,"sym_t3"
75145,"L1",0.106350867340191,0.139430028449254,"sym_t3"
75145,"PMM3",0.156675838177665,0.195399402008948,"sym_t3"
75145,"W1",0.130892326485067,0.166769805498641,"sym_t3"
75145,"WPMM3",0.123358340797045,0.159483189288451,"sym_t3"
75146,"LSE",0.104089733503204,0.138392110666687,"sym_t3"
75146,"Huber",0.114752842963006,0.157529840844444,"sym_t3"
75146,"L1",0.0872920830890383,0.111106485518864,"sym_t3"
75146,"PMM3",0.115784805052018,0.159884364214455,"sym_t3"
75146,"W1",0.121093814294948,0.168120508141146,"sym_t3"
75146,"WPMM3",0.120246495564163,0.166893088129652,"sym_t3"
75147,"LSE",0.145958298083553,0.191777663137495,"sym_t3"
75147,"Huber",0.101948567987463,0.11729714746244,"sym_t3"
75147,"L1",0.105415997345797,0.113216833245178,"sym_t3"
75147,"PMM3",0.0926858647396789,0.113783435208491,"sym_t3"
75147,"W1",0.0982415037142858,0.115032435496222,"sym_t3"
75147,"WPMM3",0.0763001191303506,0.0718677495760493,"sym_t3"
75148,"LSE",0.206879268537586,0.281499585318313,"sym_t3"
75148,"Huber",0.134993881677871,0.162427486415821,"sym_t3"
75148,"L1",0.202137512933208,0.259493204095666,"sym_t3"
75148,"PMM3",0.139308711434825,0.170690295141936,"sym_t3"
75148,"W1",0.145307221578649,0.169617440212456,"sym_t3"
75148,"WPMM3",0.138347380005911,0.167132557740478,"sym_t3"
75149,"LSE",0.139570959266624,0.201011939198276,"sym_t3"
75149,"Huber",0.120774788287749,0.190753465379778,"sym_t3"
75149,"L1",0.117646946810379,0.174123237206871,"sym_t3"
75149,"PMM3",0.115110166248215,0.18461823708424,"sym_t3"
75149,"W1",0.117888037394849,0.187442066073221,"sym_t3"
75149,"WPMM3",0.114249062122109,0.185413231799233,"sym_t3"
75150,"LSE",0.106400871368325,0.146901991446251,"sym_t3"
75150,"Huber",0.072209661234554,0.100439365060264,"sym_t3"
75150,"L1",0.11201830030968,0.186425928305545,"sym_t3"
75150,"PMM3",0.104003804012786,0.136901901850263,"sym_t3"
75150,"W1",0.0762685001893487,0.10084861196116,"sym_t3"
75150,"WPMM3",0.0744078014795696,0.102989428704664,"sym_t3"
75001,"LSE",0.0665469544045469,0.0943423667409558,"sym_t2"
75001,"Huber",0.0726005874006503,0.093410373344324,"sym_t2"
75001,"L1",0.0821143055852048,0.0969999988993893,"sym_t2"
75001,"PMM3",0.0927778441877857,0.107449298379408,"sym_t2"
75001,"W1",0.0787485212843102,0.098403180300179,"sym_t2"
75001,"WPMM3",0.0897592157853983,0.108915295775019,"sym_t2"
75002,"LSE",0.216581560604868,0.297656608126822,"sym_t2"
75002,"Huber",0.181926253959831,0.270354356925227,"sym_t2"
75002,"L1",0.165778341066565,0.224083916057668,"sym_t2"
75002,"PMM3",0.258089704899357,0.382744310342364,"sym_t2"
75002,"W1",0.177360609301089,0.268295237285471,"sym_t2"
75002,"WPMM3",0.17457468129605,0.262480954533181,"sym_t2"
75003,"LSE",0.168998823063091,0.226257466794306,"sym_t2"
75003,"Huber",0.12717809642467,0.179901221646555,"sym_t2"
75003,"L1",0.117718872647741,0.166425546976956,"sym_t2"
75003,"PMM3",0.149008205787789,0.203359287974019,"sym_t2"
75003,"W1",0.136693970465579,0.192913208164361,"sym_t2"
75003,"WPMM3",0.127211433602798,0.18125702167107,"sym_t2"
75004,"LSE",0.116880197500809,0.13758593030087,"sym_t2"
75004,"Huber",0.0706923925466727,0.0842160563496323,"sym_t2"
75004,"L1",0.0705832717002878,0.087143791014729,"sym_t2"
75004,"PMM3",0.118892307339105,0.145068959726183,"sym_t2"
75004,"W1",0.0696653261816614,0.0917318550423699,"sym_t2"
75004,"WPMM3",0.0700086577518184,0.0855454756407497,"sym_t2"
75005,"LSE",0.0639728728869449,0.0955011074608784,"sym_t2"
75005,"Huber",0.0852288457679536,0.113734800684079,"sym_t2"
75005,"L1",0.0955574773442726,0.137706510602746,"sym_t2"
75005,"PMM3",0.115812723384588,0.173507433090239,"sym_t2"
75005,"W1",0.0871522079423038,0.11498798751014,"sym_t2"
75005,"WPMM3",0.0868700392114318,0.112745508516229,"sym_t2"
75006,"LSE",1.44465314078341,2.07097951223437,"sym_t2"
75006,"Huber",0.0657809295754151,0.086234788972742,"sym_t2"
75006,"L1",0.0799260076204756,0.102621000113753,"sym_t2"
75006,"PMM3",0.138015993864905,0.18197589256441,"sym_t2"
75006,"W1",0.0613004844865424,0.083278873137709,"sym_t2"
75006,"WPMM3",0.0583530754194062,0.0796746123214637,"sym_t2"
75007,"LSE",0.181510227816559,0.293293878279736,"sym_t2"
75007,"Huber",0.102421147458356,0.137841902341527,"sym_t2"
75007,"L1",0.0549306984584252,0.0675024212139334,"sym_t2"
75007,"PMM3",0.172634455795252,0.233064427800073,"sym_t2"
75007,"W1",0.06682088582094,0.0904225286197433,"sym_t2"
75007,"WPMM3",0.0525747357349412,0.0766409708145304,"sym_t2"
75008,"LSE",0.227009325581939,0.335131304181957,"sym_t2"
75008,"Huber",0.040498974887808,0.0577347387342051,"sym_t2"
75008,"L1",0.0560949111662614,0.0728261702852686,"sym_t2"
75008,"PMM3",0.112435203266944,0.129831580621839,"sym_t2"
75008,"W1",0.0388627148728566,0.0560030587518488,"sym_t2"
75008,"WPMM3",0.0372088438110141,0.0567079687402982,"sym_t2"
75009,"LSE",0.107755609194149,0.133705186286558,"sym_t2"
75009,"Huber",0.0690293882599578,0.0911806190829329,"sym_t2"
75009,"L1",0.0906023643944835,0.112227733218739,"sym_t2"
75009,"PMM3",0.0695601543803111,0.0917184203846651,"sym_t2"
75009,"W1",0.0508577360376302,0.0665243938352967,"sym_t2"
75009,"WPMM3",0.0628296636581259,0.081253533108991,"sym_t2"
75010,"LSE",0.147928977106358,0.155583379744579,"sym_t2"
75010,"Huber",0.065558458912382,0.0775615358911529,"sym_t2"
75010,"L1",0.0705255954616193,0.100401296841846,"sym_t2"
75010,"PMM3",0.130341005119621,0.176813611122828,"sym_t2"
75010,"W1",0.0691923805708817,0.0828521536575184,"sym_t2"
75010,"WPMM3",0.0748863268023977,0.0870774976429909,"sym_t2"
75011,"LSE",0.19726565729265,0.272981903747413,"sym_t2"
75011,"Huber",0.0838449464953107,0.108744473630962,"sym_t2"
75011,"L1",0.0974207540139566,0.139530232873327,"sym_t2"
75011,"PMM3",0.157744602660839,0.207947207157284,"sym_t2"
75011,"W1",0.0697379157764513,0.0885781813203263,"sym_t2"
75011,"WPMM3",0.050722209040287,0.0706333537096725,"sym_t2"
75012,"LSE",0.180886299932129,0.275616865012683,"sym_t2"
75012,"Huber",0.0560190207712689,0.0731998512417812,"sym_t2"
75012,"L1",0.0904437421784151,0.132118948197499,"sym_t2"
75012,"PMM3",0.098073026872871,0.141319581702051,"sym_t2"
75012,"W1",0.0487696108624853,0.061087605429558,"sym_t2"
75012,"WPMM3",0.0427557492731498,0.0574383230710681,"sym_t2"
75013,"LSE",0.118339887088693,0.175962710489936,"sym_t2"
75013,"Huber",0.0861038179372633,0.111454820359314,"sym_t2"
75013,"L1",0.0823284486025334,0.100402591271259,"sym_t2"
75013,"PMM3",0.131756521467824,0.171836459929886,"sym_t2"
75013,"W1",0.0837322874024817,0.105121508618865,"sym_t2"
75013,"WPMM3",0.0734576038094928,0.0938742082536853,"sym_t2"
75014,"LSE",0.0853990124908389,0.130799897558982,"sym_t2"
75014,"Huber",0.085433727081892,0.113096129954965,"sym_t2"
75014,"L1",0.0620142167253045,0.0804325350557119,"sym_t2"
75014,"PMM3",0.0818719282489771,0.106393721601107,"sym_t2"
75014,"W1",0.103063557376616,0.133617317867393,"sym_t2"
75014,"WPMM3",0.112225401278274,0.141826776942917,"sym_t2"
75015,"LSE",0.124681543955796,0.195461547330406,"sym_t2"
75015,"Huber",0.0892554770403755,0.139832545784291,"sym_t2"
75015,"L1",0.115177088724646,0.17857403095222,"sym_t2"
75015,"PMM3",0.0896074241809139,0.142609982775224,"sym_t2"
75015,"W1",0.08563378689725,0.13511140690235,"sym_t2"
75015,"WPMM3",0.0858795408049313,0.131120779825112,"sym_t2"
75016,"LSE",0.13502136287576,0.188797175871107,"sym_t2"
75016,"Huber",0.0609781444412528,0.0822034644341593,"sym_t2"
75016,"L1",0.0579540410193766,0.0727737808988956,"sym_t2"
75016,"PMM3",0.0675885320791654,0.105843380771169,"sym_t2"
75016,"W1",0.0626256303817323,0.0833922547380118,"sym_t2"
75016,"WPMM3",0.0549252483025764,0.0691633967319731,"sym_t2"
75017,"LSE",0.142241721723266,0.19169442519744,"sym_t2"
75017,"Huber",0.0877418387220079,0.127790579976478,"sym_t2"
75017,"L1",0.11457974153373,0.169326366051229,"sym_t2"
75017,"PMM3",0.116422368845701,0.171810670561031,"sym_t2"
75017,"W1",0.0901113194640169,0.12779194572278,"sym_t2"
75017,"WPMM3",0.0930458685326782,0.131400931247138,"sym_t2"
75018,"LSE",0.201778424109985,0.274365766280346,"sym_t2"
75018,"Huber",0.131707360880857,0.1843225506607,"sym_t2"
75018,"L1",0.132504245706568,0.167450101816835,"sym_t2"
75018,"PMM3",0.180273418347206,0.23951286887968,"sym_t2"
75018,"W1",0.120106041946601,0.169234866658601,"sym_t2"
75018,"WPMM3",0.108038700732252,0.142744850622119,"sym_t2"
75019,"LSE",0.165956606905835,0.243870279394396,"sym_t2"
75019,"Huber",0.0933547058708165,0.151811746521318,"sym_t2"
75019,"L1",0.0842345350881698,0.129340895664388,"sym_t2"
75019,"PMM3",0.129337019318121,0.196075282715553,"sym_t2"
75019,"W1",0.0771548260631791,0.125605017958142,"sym_t2"
75019,"WPMM3",0.0699977138652699,0.115541559334226,"sym_t2"
75020,"LSE",0.144644769603877,0.218694457477694,"sym_t2"
75020,"Huber",0.111908491531367,0.158621982540727,"sym_t2"
75020,"L1",0.0997437692398297,0.134532650976721,"sym_t2"
75020,"PMM3",0.140396688457319,0.186241649451444,"sym_t2"
75020,"W1",0.106694660646604,0.151425751907988,"sym_t2"
75020,"WPMM3",0.108893166110877,0.153067399021844,"sym_t2"
75021,"LSE",0.12645387769364,0.159665070715375,"sym_t2"
75021,"Huber",0.125944441922893,0.172849584882988,"sym_t2"
75021,"L1",0.127905094814006,0.187092577668042,"sym_t2"
75021,"PMM3",0.114817100688544,0.15702891700484,"sym_t2"
75021,"W1",0.115876296407314,0.159392783029939,"sym_t2"
75021,"WPMM3",0.110419298031054,0.158753714211147,"sym_t2"
75022,"LSE",0.13664885269,0.183528093116084,"sym_t2"
75022,"Huber",0.088832437718897,0.130026803221017,"sym_t2"
75022,"L1",0.0982677279996457,0.137413980809827,"sym_t2"
75022,"PMM3",0.128247716756138,0.173022439442565,"sym_t2"
75022,"W1",0.0774723116074701,0.115288290916225,"sym_t2"
75022,"WPMM3",0.068411967494371,0.106705707664207,"sym_t2"
75023,"LSE",0.117431241360899,0.158360894836063,"sym_t2"
75023,"Huber",0.0968663177104874,0.115182181300623,"sym_t2"
75023,"L1",0.106569505017603,0.129863879237779,"sym_t2"
75023,"PMM3",3.37949968684181,3.46682953137169,"sym_t2"
75023,"W1",0.102124129588147,0.117609528563288,"sym_t2"
75023,"WPMM3",0.109099427914462,0.127520734481643,"sym_t2"
75024,"LSE",0.0963666793907417,0.132787169763548,"sym_t2"
75024,"Huber",0.0378120807667937,0.0546270764065373,"sym_t2"
75024,"L1",0.02201272710509,0.0286322732484872,"sym_t2"
75024,"PMM3",0.0470271371040437,0.0657534348013864,"sym_t2"
75024,"W1",0.0441344194304267,0.0645620507647987,"sym_t2"
75024,"WPMM3",0.0428985076359973,0.0597640941858932,"sym_t2"
75025,"LSE",0.080983074226494,0.103540169271934,"sym_t2"
75025,"Huber",0.0797949594793845,0.0965839208227665,"sym_t2"
75025,"L1",0.07722663662428,0.0947385452404804,"sym_t2"
75025,"PMM3",0.0934793955764579,0.109944230472108,"sym_t2"
75025,"W1",0.0819783948021603,0.102109281214918,"sym_t2"
75025,"WPMM3",0.0792296678868637,0.0971999795696957,"sym_t2"
75026,"LSE",0.187676781727053,0.256492807181487,"sym_t2"
75026,"Huber",0.111049789090197,0.16197643838316,"sym_t2"
75026,"L1",0.103871101723669,0.158373039898525,"sym_t2"
75026,"PMM3",0.101332986700112,0.134863957106488,"sym_t2"
75026,"W1",0.0942622825937629,0.137002679701152,"sym_t2"
75026,"WPMM3",0.0924291843168816,0.137495249449239,"sym_t2"
75027,"LSE",0.13359869828549,0.176330810447692,"sym_t2"
75027,"Huber",0.0740855282237025,0.105581564065636,"sym_t2"
75027,"L1",0.0830564612884711,0.116499340794361,"sym_t2"
75027,"PMM3",0.0805603105002926,0.116561753159261,"sym_t2"
75027,"W1",0.0632928188433023,0.0941717134322283,"sym_t2"
75027,"WPMM3",0.0574346293199663,0.0858756533733571,"sym_t2"
75028,"LSE",0.214705277516831,0.320153773389136,"sym_t2"
75028,"Huber",0.158887456535712,0.255578232852825,"sym_t2"
75028,"L1",0.179426368349285,0.290355719115848,"sym_t2"
75028,"PMM3",0.157447068004968,0.227006832178208,"sym_t2"
75028,"W1",0.164390283668945,0.267568793577733,"sym_t2"
75028,"WPMM3",0.163991943752282,0.270730196559102,"sym_t2"
75029,"LSE",0.249781412637963,0.319122752152289,"sym_t2"
75029,"Huber",0.109521381294986,0.171669617306877,"sym_t2"
75029,"L1",0.145406044250027,0.222612594905468,"sym_t2"
75029,"PMM3",0.120324274653829,0.17474737064747,"sym_t2"
75029,"W1",0.106667893696049,0.165214262644,"sym_t2"
75029,"WPMM3",0.113226877963153,0.174677593163018,"sym_t2"
75030,"LSE",0.30033409465912,0.45264415856215,"sym_t2"
75030,"Huber",0.149012884845172,0.212314579457287,"sym_t2"
75030,"L1",0.166142914447306,0.223170961216735,"sym_t2"
75030,"PMM3",0.198603439769196,0.302674945203586,"sym_t2"
75030,"W1",0.127998006335756,0.170125727232622,"sym_t2"
75030,"WPMM3",0.133603729867613,0.168828546896146,"sym_t2"
75031,"LSE",0.163838615410946,0.200576060616718,"sym_t2"
75031,"Huber",0.133051809759747,0.178658228928574,"sym_t2"
75031,"L1",0.104034205911946,0.136115130516309,"sym_t2"
75031,"PMM3",0.128986131636546,0.16162863072887,"sym_t2"
75031,"W1",0.12800732636364,0.168840386523535,"sym_t2"
75031,"WPMM3",0.126057356925308,0.172368336087426,"sym_t2"
75032,"LSE",0.14958704596915,0.171494325366959,"sym_t2"
75032,"Huber",0.0994817881351842,0.111491154122798,"sym_t2"
75032,"L1",0.0788277940792168,0.0976567787706622,"sym_t2"
75032,"PMM3",0.0860475046547608,0.0987480448758638,"sym_t2"
75032,"W1",0.101099398724644,0.117948175586303,"sym_t2"
75032,"WPMM3",0.105415637788183,0.124062476981594,"sym_t2"
75033,"LSE",0.185106854122223,0.212083233581809,"sym_t2"
75033,"Huber",0.0977441231015077,0.1419618589523,"sym_t2"
75033,"L1",0.0825174082292054,0.130722970516038,"sym_t2"
75033,"PMM3",0.123309050730718,0.171549508946659,"sym_t2"
75033,"W1",0.0987206732069688,0.149868535222048,"sym_t2"
75033,"WPMM3",0.0971954799602767,0.149763725261831,"sym_t2"
75034,"LSE",0.148875262029376,0.225173777427142,"sym_t2"
75034,"Huber",0.0619214629542973,0.0867605473158743,"sym_t2"
75034,"L1",0.0507396156076443,0.0691322889280488,"sym_t2"
75034,"PMM3",0.176786176428999,0.232968977215825,"sym_t2"
75034,"W1",0.0639474927360566,0.0811862092584298,"sym_t2"
75034,"WPMM3",0.0606703630891663,0.0709380542313913,"sym_t2"
75035,"LSE",0.174313555863703,0.258867099766983,"sym_t2"
75035,"Huber",0.0577273227642386,0.0846464414965952,"sym_t2"
75035,"L1",0.0705526936789884,0.0941779766088131,"sym_t2"
75035,"PMM3",0.132672476155151,0.17902904864897,"sym_t2"
75035,"W1",0.065726388287866,0.0933022612549533,"sym_t2"
75035,"WPMM3",0.0543785120778766,0.0697335050984404,"sym_t2"
75036,"LSE",0.0788030794020596,0.110877328334507,"sym_t2"
75036,"Huber",0.0575490126345353,0.081839020488491,"sym_t2"
75036,"L1",0.0652893736407547,0.0514430607271345,"sym_t2"
75036,"PMM3",0.0619931650736316,0.0891085948290432,"sym_t2"
75036,"W1",0.0714278648314527,0.0924011372767241,"sym_t2"
75036,"WPMM3",0.072973007892161,0.0912365295494262,"sym_t2"
75037,"LSE",0.099511716996986,0.141764613506726,"sym_t2"
75037,"Huber",0.0496774596200899,0.0563661526417629,"sym_t2"
75037,"L1",0.077363667278986,0.1197864084667,"sym_t2"
75037,"PMM3",0.173809177504916,0.25375038977499,"sym_t2"
75037,"W1",0.0434100225776736,0.0537291952277871,"sym_t2"
75037,"WPMM3",0.0409159041671199,0.0500497831137432,"sym_t2"
75038,"LSE",0.0905727834770705,0.0986807905876751,"sym_t2"
75038,"Huber",0.0586041995443766,0.0852153573631567,"sym_t2"
75038,"L1",0.061767071873273,0.0822473307859956,"sym_t2"
75038,"PMM3",0.0610460212052752,0.0818719617428939,"sym_t2"
75038,"W1",0.0705620733351013,0.0998489475354865,"sym_t2"
75038,"WPMM3",0.0733657855342476,0.103739465942204,"sym_t2"
75039,"LSE",0.216684687003571,0.29117269519554,"sym_t2"
75039,"Huber",0.124955404344775,0.165931066167075,"sym_t2"
75039,"L1",0.148231166034988,0.208081181260187,"sym_t2"
75039,"PMM3",0.115952949388702,0.164619072670573,"sym_t2"
75039,"W1",0.111735647329071,0.155171186331834,"sym_t2"
75039,"WPMM3",0.11250432820696,0.156798896213817,"sym_t2"
75040,"LSE",0.0952479864240206,0.154209570034226,"sym_t2"
75040,"Huber",0.106176965605886,0.157190274800883,"sym_t2"
75040,"L1",0.126343561971324,0.170960728862332,"sym_t2"
75040,"PMM3",0.10841963277952,0.158633068954861,"sym_t2"
75040,"W1",0.100389226183702,0.154940569911637,"sym_t2"
75040,"WPMM3",0.105544170567829,0.159599132171856,"sym_t2"
75041,"LSE",0.176929313516237,0.262883543421422,"sym_t2"
75041,"Huber",0.133013827038373,0.217090905664907,"sym_t2"
75041,"L1",0.121632097267112,0.21009528698642,"sym_t2"
75041,"PMM3",0.218019781711343,0.355224902279697,"sym_t2"
75041,"W1",0.144306991003099,0.237043891326207,"sym_t2"
75041,"WPMM3",0.126300093462318,0.208810629254639,"sym_t2"
75042,"LSE",0.123788424261125,0.178069151344617,"sym_t2"
75042,"Huber",0.055654425083706,0.0726574807891944,"sym_t2"
75042,"L1",0.0795022155251574,0.084357870008344,"sym_t2"
75042,"PMM3",0.0649904812636367,0.10234601029062,"sym_t2"
75042,"W1",0.0529053156451329,0.0667211773907633,"sym_t2"
75042,"WPMM3",0.0575432206484664,0.0815810966753897,"sym_t2"
75043,"LSE",0.167525463333334,0.238744631939074,"sym_t2"
75043,"Huber",0.083483825367993,0.0758625341805768,"sym_t2"
75043,"L1",0.119731592542549,0.128238146349192,"sym_t2"
75043,"PMM3",0.083192699440175,0.0896685602974677,"sym_t2"
75043,"W1",0.0840674264561652,0.0755838201883764,"sym_t2"
75043,"WPMM3",0.0884634639343873,0.0785921820704794,"sym_t2"
75044,"LSE",0.180954699815218,0.258596046993123,"sym_t2"
75044,"Huber",0.124660631149041,0.1727221056663,"sym_t2"
75044,"L1",0.11009032782316,0.153865995351903,"sym_t2"
75044,"PMM3",0.175857400100371,0.257338676948586,"sym_t2"
75044,"W1",0.119764568149957,0.160164123894177,"sym_t2"
75044,"WPMM3",0.112678053353202,0.146688198466324,"sym_t2"
75045,"LSE",0.0905653498757488,0.115269373225229,"sym_t2"
75045,"Huber",0.042126424967555,0.0619194243561862,"sym_t2"
75045,"L1",0.0580915374852703,0.0768439092770813,"sym_t2"
75045,"PMM3",0.059176910119062,0.0899535857709183,"sym_t2"
75045,"W1",0.0447650168781892,0.0678131308015076,"sym_t2"
75045,"WPMM3",0.0338940943855079,0.0506661993996589,"sym_t2"
75046,"LSE",0.219492800237254,0.31445801186334,"sym_t2"
75046,"Huber",0.135919721546591,0.207100486429029,"sym_t2"
75046,"L1",0.12990815523024,0.188128546156316,"sym_t2"
75046,"PMM3",0.127061814050207,0.183546015160435,"sym_t2"
75046,"W1",0.14068424849174,0.223991791275715,"sym_t2"
75046,"WPMM3",0.144325807595417,0.229641767716364,"sym_t2"
75047,"LSE",0.163394059729665,0.252149534450924,"sym_t2"
75047,"Huber",0.0768499704910881,0.0989807729334813,"sym_t2"
75047,"L1",0.105483501176336,0.133072087762674,"sym_t2"
75047,"PMM3",0.0945780152204329,0.0977664175467741,"sym_t2"
75047,"W1",0.0857521903537976,0.104193659834857,"sym_t2"
75047,"WPMM3",0.0839914670894235,0.110583529897946,"sym_t2"
75048,"LSE",0.304654910148421,0.385752273543975,"sym_t2"
75048,"Huber",0.124370973189183,0.134268958340381,"sym_t2"
75048,"L1",0.0929524734806927,0.102156885066913,"sym_t2"
75048,"PMM3",0.204138573743257,0.205404406618278,"sym_t2"
75048,"W1",0.0934450121793553,0.102726642309443,"sym_t2"
75048,"WPMM3",0.0913699019713483,0.104766335214609,"sym_t2"
75049,"LSE",0.156903993292752,0.179810448557726,"sym_t2"
75049,"Huber",0.146409601099629,0.166054368152995,"sym_t2"
75049,"L1",0.132150575617741,0.163577802980593,"sym_t2"
75049,"PMM3",0.191876724847906,0.214930291455637,"sym_t2"
75049,"W1",0.160399434078763,0.18246617692793,"sym_t2"
75049,"WPMM3",0.171365380325115,0.200155989022157,"sym_t2"
75050,"LSE",0.103478836886062,0.116232026035693,"sym_t2"
75050,"Huber",0.0733741153490187,0.0989422577226657,"sym_t2"
75050,"L1",0.0652873812594645,0.0904845270060373,"sym_t2"
75050,"PMM3",0.117322478231718,0.142925601498353,"sym_t2"
75050,"W1",0.0835350731573436,0.108655259330979,"sym_t2"
75050,"WPMM3",0.0775039444894609,0.10139683937713,"sym_t2"
75051,"LSE",0.137375736311786,0.199839931041634,"sym_t2"
75051,"Huber",0.0768173660477677,0.0993264026299493,"sym_t2"
75051,"L1",0.0555652968355017,0.07697781460167,"sym_t2"
75051,"PMM3",0.162924513422606,0.215864489714953,"sym_t2"
75051,"W1",0.077078796502674,0.10289848766497,"sym_t2"
75051,"WPMM3",0.0803550027556266,0.108812857961918,"sym_t2"
75052,"LSE",0.124087739614514,0.169420204789985,"sym_t2"
75052,"Huber",0.098906269864935,0.129793669399099,"sym_t2"
75052,"L1",0.100464105922663,0.141176525266978,"sym_t2"
75052,"PMM3",0.135731105250249,0.178600605039754,"sym_t2"
75052,"W1",0.103412965482329,0.130932862628761,"sym_t2"
75052,"WPMM3",0.0972314776017218,0.122378386216268,"sym_t2"
75053,"LSE",0.191319717615273,0.29999716224508,"sym_t2"
75053,"Huber",0.0592187090499373,0.0738801211154481,"sym_t2"
75053,"L1",0.122456291741941,0.141956269987844,"sym_t2"
75053,"PMM3",0.0420464086520215,0.0637312530251841,"sym_t2"
75053,"W1",0.0750368866677891,0.094126411686598,"sym_t2"
75053,"WPMM3",0.092286055719666,0.121388002701146,"sym_t2"
75054,"LSE",0.119314069988163,0.157910456669358,"sym_t2"
75054,"Huber",0.0848127714044833,0.111595513607857,"sym_t2"
75054,"L1",0.0614811066483979,0.0763541753178602,"sym_t2"
75054,"PMM3",0.0895001422108452,0.121175179320372,"sym_t2"
75054,"W1",0.0861091392827626,0.116231945424562,"sym_t2"
75054,"WPMM3",0.0818302046416127,0.108716664852323,"sym_t2"
75055,"LSE",0.22585108756836,0.291884918007833,"sym_t2"
75055,"Huber",0.0884696710161394,0.124128948165713,"sym_t2"
75055,"L1",0.0729823753423318,0.0993451754652233,"sym_t2"
75055,"PMM3",0.10941269270567,0.139575346993062,"sym_t2"
75055,"W1",0.0897260816943144,0.130039506486906,"sym_t2"
75055,"WPMM3",0.0907788775399564,0.134571792050341,"sym_t2"
75056,"LSE",0.185536661878407,0.279916577782532,"sym_t2"
75056,"Huber",0.0373805940195922,0.0534133880760555,"sym_t2"
75056,"L1",0.0469150961363908,0.0573692518805678,"sym_t2"
75056,"PMM3",0.0985720486636924,0.139292771580174,"sym_t2"
75056,"W1",0.0302654949058416,0.0423122978108104,"sym_t2"
75056,"WPMM3",0.0287551689274261,0.0410207521780924,"sym_t2"
75057,"LSE",0.0988936073390067,0.136671325921997,"sym_t2"
75057,"Huber",0.0632223268728135,0.100121432032143,"sym_t2"
75057,"L1",0.0806152953218251,0.13550730660901,"sym_t2"
75057,"PMM3",0.0588193198543455,0.0898858726544951,"sym_t2"
75057,"W1",0.0586596479277579,0.0910688758224868,"sym_t2"
75057,"WPMM3",0.0628949905478822,0.0979752831765096,"sym_t2"
75058,"LSE",0.197857889434565,0.275601883161169,"sym_t2"
75058,"Huber",0.0527229917695962,0.066991883728446,"sym_t2"
75058,"L1",0.0629303981304201,0.0918181028885528,"sym_t2"
75058,"PMM3",0.0939488233230438,0.121701418329368,"sym_t2"
75058,"W1",0.0476044381735306,0.0622610470586401,"sym_t2"
75058,"WPMM3",0.0505532916769802,0.0730462221119361,"sym_t2"
75059,"LSE",0.113945770074839,0.186097670342881,"sym_t2"
75059,"Huber",0.0455837786373122,0.0738640682663423,"sym_t2"
75059,"L1",0.0382189915571822,0.0566164469415909,"sym_t2"
75059,"PMM3",0.0784923057962855,0.125602906769428,"sym_t2"
75059,"W1",0.0324491787620387,0.0499622704910951,"sym_t2"
75059,"WPMM3",0.0232817746370277,0.0370133179168886,"sym_t2"
75060,"LSE",0.100580608684205,0.135072027346603,"sym_t2"
75060,"Huber",0.11339360661996,0.155266613857104,"sym_t2"
75060,"L1",0.098353711829588,0.127239069710262,"sym_t2"
75060,"PMM3",0.128815689788022,0.185837406615207,"sym_t2"
75060,"W1",0.124248700553283,0.175839968593281,"sym_t2"
75060,"WPMM3",0.128636874585431,0.175793742369564,"sym_t2"
75061,"LSE",0.0934660910178452,0.150637041702901,"sym_t2"
75061,"Huber",0.0555630088077346,0.0806009994512122,"sym_t2"
75061,"L1",0.0762449292621023,0.0961639706098727,"sym_t2"
75061,"PMM3",0.0794109510742632,0.125160010077485,"sym_t2"
75061,"W1",0.059687921158591,0.0786426072558454,"sym_t2"
75061,"WPMM3",0.0511269459124974,0.0616849418333684,"sym_t2"
75062,"LSE",0.421836382629486,0.566221657782859,"sym_t2"
75062,"Huber",0.0802318307533215,0.107542839957007,"sym_t2"
75062,"L1",0.0779034532240209,0.0984127128691294,"sym_t2"
75062,"PMM3",0.108980687630078,0.14427952973659,"sym_t2"
75062,"W1",0.0761256749662481,0.105725389977883,"sym_t2"
75062,"WPMM3",0.0796900347633519,0.110697647096868,"sym_t2"
75063,"LSE",0.190785039244163,0.256174053278894,"sym_t2"
75063,"Huber",0.0710526451505098,0.0925188102316918,"sym_t2"
75063,"L1",0.0953342096769025,0.114482923008397,"sym_t2"
75063,"PMM3",3.39175512887354,4.13558547658907,"sym_t2"
75063,"W1",0.077405619507736,0.105481171512048,"sym_t2"
75063,"WPMM3",0.0738516959417744,0.101087614934092,"sym_t2"
75064,"LSE",0.0550971411020668,0.0710481618475876,"sym_t2"
75064,"Huber",0.0781394357134695,0.0900641720173506,"sym_t2"
75064,"L1",0.0832423755036346,0.111024773232914,"sym_t2"
75064,"PMM3",0.0834300874587185,0.0864127258396626,"sym_t2"
75064,"W1",0.0753337355131517,0.0857362790168041,"sym_t2"
75064,"WPMM3",0.0798477618879642,0.0958996013074005,"sym_t2"
75065,"LSE",0.173648547388141,0.17856062082903,"sym_t2"
75065,"Huber",0.0896245193238368,0.138666302411862,"sym_t2"
75065,"L1",0.0962782891376031,0.150053288930452,"sym_t2"
75065,"PMM3",0.136254543088387,0.189159138823241,"sym_t2"
75065,"W1",0.101642879990718,0.154578661903304,"sym_t2"
75065,"WPMM3",0.108190413959042,0.162185097346415,"sym_t2"
75066,"LSE",0.12384911235729,0.147332492213069,"sym_t2"
75066,"Huber",0.117204918877753,0.15061008011745,"sym_t2"
75066,"L1",0.104919217628946,0.153288185435976,"sym_t2"
75066,"PMM3",0.125654426038731,0.156047069923936,"sym_t2"
75066,"W1",0.118985626047074,0.155928669865357,"sym_t2"
75066,"WPMM3",0.120257884642589,0.158804711785421,"sym_t2"
75067,"LSE",0.111214650358046,0.127784547640066,"sym_t2"
75067,"Huber",0.073330839441253,0.0798597385646394,"sym_t2"
75067,"L1",0.0586895117594503,0.0670505832188349,"sym_t2"
75067,"PMM3",0.0737169934526783,0.0780520413392376,"sym_t2"
75067,"W1",0.0696961042729658,0.075560734588256,"sym_t2"
75067,"WPMM3",0.0637333076761776,0.0750104069977597,"sym_t2"
75068,"LSE",0.0677220159350604,0.0866357744768574,"sym_t2"
75068,"Huber",0.0594223572496886,0.0813590767121493,"sym_t2"
75068,"L1",0.0944458985324882,0.126872698817262,"sym_t2"
75068,"PMM3",0.075715092102831,0.101043290697587,"sym_t2"
75068,"W1",0.0627732305785467,0.0792920084809132,"sym_t2"
75068,"WPMM3",0.0765026234071817,0.097694529968117,"sym_t2"
75069,"LSE",0.157054079403129,0.247279526414108,"sym_t2"
75069,"Huber",0.0379457664916474,0.0430382883638593,"sym_t2"
75069,"L1",0.0568426526947688,0.0671569793491439,"sym_t2"
75069,"PMM3",0.0808521378549922,0.115781640686155,"sym_t2"
75069,"W1",0.0522264799462619,0.0542228224635395,"sym_t2"
75069,"WPMM3",0.0531672315666088,0.0636259725284504,"sym_t2"
75070,"LSE",0.103871158303182,0.148422279696059,"sym_t2"
75070,"Huber",0.0912441013335633,0.123824301919352,"sym_t2"
75070,"L1",0.100517991235509,0.131190592432285,"sym_t2"
75070,"PMM3",0.105428188523941,0.147092046328283,"sym_t2"
75070,"W1",0.105887057969855,0.140996533828551,"sym_t2"
75070,"WPMM3",0.107944447036753,0.142972033186781,"sym_t2"
75071,"LSE",0.264471870880002,0.360493618858273,"sym_t2"
75071,"Huber",0.0758232633565654,0.0906098285001292,"sym_t2"
75071,"L1",0.0601032177473073,0.0822013715696937,"sym_t2"
75071,"PMM3",0.138451509198193,0.18257253572132,"sym_t2"
75071,"W1",0.0741580714305352,0.0702587491557041,"sym_t2"
75071,"WPMM3",0.0819967586597852,0.0770803996321422,"sym_t2"
75072,"LSE",0.129279410740254,0.184169167621583,"sym_t2"
75072,"Huber",0.0936151858977298,0.13368648006398,"sym_t2"
75072,"L1",0.109782019154567,0.151137193233824,"sym_t2"
75072,"PMM3",0.111454539959271,0.151915193123746,"sym_t2"
75072,"W1",0.121884339211626,0.166420287326413,"sym_t2"
75072,"WPMM3",0.130016532836186,0.177444910908274,"sym_t2"
75073,"LSE",0.0940872497003917,0.138229035927144,"sym_t2"
75073,"Huber",0.0644399939890224,0.0934165885489665,"sym_t2"
75073,"L1",0.0865865799337836,0.124884982135393,"sym_t2"
75073,"PMM3",0.110683679488737,0.172142854991843,"sym_t2"
75073,"W1",0.067158100028664,0.0948254280680098,"sym_t2"
75073,"WPMM3",0.0613002835582887,0.0812260444582735,"sym_t2"
75074,"LSE",0.104133515756261,0.157987720331369,"sym_t2"
75074,"Huber",0.0678172080912791,0.105846976025975,"sym_t2"
75074,"L1",0.0492087909273476,0.0758151887094191,"sym_t2"
75074,"PMM3",0.114692414243547,0.173107544404726,"sym_t2"
75074,"W1",0.0661538210958848,0.101988563846705,"sym_t2"
75074,"WPMM3",0.0596715510085313,0.0916964988519716,"sym_t2"
75075,"LSE",0.139880756373482,0.177479210875902,"sym_t2"
75075,"Huber",0.0922530264328847,0.111670561258839,"sym_t2"
75075,"L1",0.0942971762812334,0.115212885124183,"sym_t2"
75075,"PMM3",0.102796256005571,0.144712886687835,"sym_t2"
75075,"W1",0.0951417846207398,0.11546935512138,"sym_t2"
75075,"WPMM3",0.0857424637834106,0.101109270240284,"sym_t2"
75076,"LSE",0.049064912418701,0.0513135724569525,"sym_t2"
75076,"Huber",0.0642354479437565,0.0685917828768595,"sym_t2"
75076,"L1",0.0428955543247989,0.0482494190248067,"sym_t2"
75076,"PMM3",0.0996094884480619,0.131148014406501,"sym_t2"
75076,"W1",0.0811348044600603,0.0948810377277692,"sym_t2"
75076,"WPMM3",0.0858943809513117,0.11549847598342,"sym_t2"
75077,"LSE",0.197671476662516,0.258561153762365,"sym_t2"
75077,"Huber",0.0953040277548759,0.122166508868184,"sym_t2"
75077,"L1",0.0689619469946674,0.0884221817626685,"sym_t2"
75077,"PMM3",0.109626126059024,0.143502732329901,"sym_t2"
75077,"W1",0.0800460309049866,0.106906812442165,"sym_t2"
75077,"WPMM3",0.0761461815792246,0.101342443625641,"sym_t2"
75078,"LSE",0.234527857815683,0.365448047984116,"sym_t2"
75078,"Huber",0.134776400239138,0.203800749813255,"sym_t2"
75078,"L1",0.115349730021704,0.182810481751913,"sym_t2"
75078,"PMM3",0.136184507070137,0.202608238123741,"sym_t2"
75078,"W1",0.131382137562745,0.197222536253555,"sym_t2"
75078,"WPMM3",0.124285566473034,0.186691295157966,"sym_t2"
75079,"LSE",0.213230498179659,0.239080240047765,"sym_t2"
75079,"Huber",0.132006760519567,0.150129499338387,"sym_t2"
75079,"L1",0.152777598620004,0.180002359172231,"sym_t2"
75079,"PMM3",0.172446112440676,0.189247693473552,"sym_t2"
75079,"W1",0.123336150266531,0.142663966206306,"sym_t2"
75079,"WPMM3",0.117365402692923,0.137192589785269,"sym_t2"
75080,"LSE",0.23559218964379,0.315247505910107,"sym_t2"
75080,"Huber",0.0888493649800971,0.125287335819755,"sym_t2"
75080,"L1",0.121004883577072,0.163846045781922,"sym_t2"
75080,"PMM3",0.144559468860039,0.20619031529381,"sym_t2"
75080,"W1",0.0717299924216899,0.105348295582824,"sym_t2"
75080,"WPMM3",0.0662130417564533,0.0995673778658495,"sym_t2"
75081,"LSE",0.106757615890164,0.13245856675601,"sym_t2"
75081,"Huber",0.106121754440519,0.143660661761848,"sym_t2"
75081,"L1",0.0801214343323749,0.108015637895561,"sym_t2"
75081,"PMM3",0.0858034319589014,0.0857754234810147,"sym_t2"
75081,"W1",0.10929571024741,0.151030453491309,"sym_t2"
75081,"WPMM3",0.119013921916791,0.163859558370225,"sym_t2"
75082,"LSE",0.126369072180298,0.186573745302325,"sym_t2"
75082,"Huber",0.0792465230541582,0.121141804146917,"sym_t2"
75082,"L1",0.131110853009814,0.176008174442484,"sym_t2"
75082,"PMM3",0.111241032111728,0.161657966864248,"sym_t2"
75082,"W1",0.0754372227235837,0.111148598401189,"sym_t2"
75082,"WPMM3",0.07488547530802,0.114262047274578,"sym_t2"
75083,"LSE",0.181990054580648,0.277641341022102,"sym_t2"
75083,"Huber",0.0902628058095724,0.123312701839772,"sym_t2"
75083,"L1",0.109556301925711,0.15737307985017,"sym_t2"
75083,"PMM3",2.89543737088764,3.85755764402021,"sym_t2"
75083,"W1",0.0684822799056785,0.0912113006118871,"sym_t2"
75083,"WPMM3",0.0778101030350474,0.102936340565409,"sym_t2"
75084,"LSE",0.172696783350972,0.228524776851748,"sym_t2"
75084,"Huber",0.080817231838468,0.0843091034175448,"sym_t2"
75084,"L1",0.0831623488440005,0.116848224346585,"sym_t2"
75084,"PMM3",0.0726853246473642,0.101913944891097,"sym_t2"
75084,"W1",0.0747809486970429,0.0907106057280478,"sym_t2"
75084,"WPMM3",0.0760186295554416,0.0943137016980073,"sym_t2"
75085,"LSE",0.149011814751889,0.191733543748965,"sym_t2"
75085,"Huber",0.0455730314548029,0.0497485959709562,"sym_t2"
75085,"L1",0.0736944428879633,0.0856084515202905,"sym_t2"
75085,"PMM3",0.0868320846306533,0.0975020600180335,"sym_t2"
75085,"W1",0.0491008186998866,0.0636668293291398,"sym_t2"
75085,"WPMM3",0.0448024821815684,0.0579382340285153,"sym_t2"
75086,"LSE",0.166316329946643,0.248361934662547,"sym_t2"
75086,"Huber",0.132260650085858,0.202282395724268,"sym_t2"
75086,"L1",0.105777807456196,0.155410645864237,"sym_t2"
75086,"PMM3",0.161491443020721,0.246185030204964,"sym_t2"
75086,"W1",0.129396798881527,0.1991532632537,"sym_t2"
75086,"WPMM3",0.113781001739513,0.176327037739715,"sym_t2"
75087,"LSE",0.10564875933096,0.158158406242226,"sym_t2"
75087,"Huber",0.0615903307700836,0.0875355149275053,"sym_t2"
75087,"L1",0.0575735192502347,0.0740058625044892,"sym_t2"
75087,"PMM3",0.0604167179051746,0.0919958752763499,"sym_t2"
75087,"W1",0.0591092565735116,0.0775280942145712,"sym_t2"
75087,"WPMM3",0.064667853055196,0.0833732070344831,"sym_t2"
75088,"LSE",0.0931721663120574,0.135099804368368,"sym_t2"
75088,"Huber",0.069703010891755,0.0996116785347138,"sym_t2"
75088,"L1",0.0610328834224418,0.084675374785669,"sym_t2"
75088,"PMM3",0.0721797234045347,0.109643037457714,"sym_t2"
75088,"W1",0.0793077933724078,0.112381972317496,"sym_t2"
75088,"WPMM3",0.0779880690571735,0.102009849941544,"sym_t2"
75089,"LSE",0.0478905297156877,0.0654724305029304,"sym_t2"
75089,"Huber",0.038153359278427,0.0476235746069447,"sym_t2"
75089,"L1",0.0672019510011867,0.09070140045395,"sym_t2"
75089,"PMM3",0.0236907904078387,0.0321693280242581,"sym_t2"
75089,"W1",0.0358901506523156,0.0400202512749982,"sym_t2"
75089,"WPMM3",0.0459638960392068,0.0538133514389628,"sym_t2"
75090,"LSE",0.0869550698781047,0.0586031950376536,"sym_t2"
75090,"Huber",0.0475918497143487,0.0548035106772223,"sym_t2"
75090,"L1",0.0702321256313103,0.0878255432079433,"sym_t2"
75090,"PMM3",0.0597130693053396,0.0787073040433025,"sym_t2"
75090,"W1",0.0445230003325171,0.0611161620688149,"sym_t2"
75090,"WPMM3",0.0459623871943111,0.0645301323078695,"sym_t2"
75091,"LSE",0.120466765426259,0.154439875107021,"sym_t2"
75091,"Huber",0.0755481452901967,0.106513912423262,"sym_t2"
75091,"L1",0.0683387171356204,0.0889103200556147,"sym_t2"
75091,"PMM3",0.137746578894467,0.198745466616203,"sym_t2"
75091,"W1",0.0910920107641924,0.136570245215304,"sym_t2"
75091,"WPMM3",0.0890079407242197,0.127441172365368,"sym_t2"
75092,"LSE",0.545461016405595,0.782479677662814,"sym_t2"
75092,"Huber",0.0236240285038806,0.0342418508286178,"sym_t2"
75092,"L1",0.0530649052684441,0.0792743828051156,"sym_t2"
75092,"PMM3",0.143465971027675,0.204187274177072,"sym_t2"
75092,"W1",0.0548969168790513,0.0703074182037937,"sym_t2"
75092,"WPMM3",0.065528322071697,0.0915422483777749,"sym_t2"
75093,"LSE",0.101096244926373,0.130798594477846,"sym_t2"
75093,"Huber",0.0889026971595971,0.126057878657173,"sym_t2"
75093,"L1",0.0939170723383488,0.112161957455721,"sym_t2"
75093,"PMM3",0.132290381888721,0.194294504640514,"sym_t2"
75093,"W1",0.0981305271473629,0.139079710670622,"sym_t2"
75093,"WPMM3",0.0836789173214943,0.115702071548669,"sym_t2"
75094,"LSE",0.193061832684467,0.255138296234547,"sym_t2"
75094,"Huber",0.0967452856744891,0.121244861497748,"sym_t2"
75094,"L1",0.0663063488165191,0.0858986361601394,"sym_t2"
75094,"PMM3",0.114878394159783,0.143864841237156,"sym_t2"
75094,"W1",0.0926770755974077,0.119020320323907,"sym_t2"
75094,"WPMM3",0.094795026363062,0.118985086705519,"sym_t2"
75095,"LSE",0.075918947412324,0.109601873135193,"sym_t2"
75095,"Huber",0.0849427162816349,0.101512960007534,"sym_t2"
75095,"L1",0.0748777303138443,0.0940550473332715,"sym_t2"
75095,"PMM3",0.12686523650271,0.159118686614263,"sym_t2"
75095,"W1",0.102597733265544,0.125540786461702,"sym_t2"
75095,"WPMM3",0.0980310603346116,0.126967538637839,"sym_t2"
75096,"LSE",0.17845833912133,0.182379898497545,"sym_t2"
75096,"Huber",0.0946965244479505,0.120487914111217,"sym_t2"
75096,"L1",0.0905149032904778,0.120515291536503,"sym_t2"
75096,"PMM3",0.157778467533349,0.177698385476384,"sym_t2"
75096,"W1",0.0884353517394886,0.117380090601323,"sym_t2"
75096,"WPMM3",0.0874441028782531,0.124694758034783,"sym_t2"
75097,"LSE",0.140586444344418,0.201911762197588,"sym_t2"
75097,"Huber",0.0634324440528777,0.0788874089905815,"sym_t2"
75097,"L1",0.0477605521845826,0.0693147967598319,"sym_t2"
75097,"PMM3",0.0863438190070866,0.108999197148454,"sym_t2"
75097,"W1",0.0624315964124393,0.0784150080235106,"sym_t2"
75097,"WPMM3",0.0560781411651771,0.06750349616328,"sym_t2"
75098,"LSE",0.162077567649978,0.209832119121326,"sym_t2"
75098,"Huber",0.0630277473477225,0.0784745110772016,"sym_t2"
75098,"L1",0.054559492241002,0.0778232150209311,"sym_t2"
75098,"PMM3",0.0770193380749871,0.0959605626971941,"sym_t2"
75098,"W1",0.0498344874930989,0.0654688025789493,"sym_t2"
75098,"WPMM3",0.0437179062481435,0.0608719884524757,"sym_t2"
75099,"LSE",0.157213081172767,0.244973293288264,"sym_t2"
75099,"Huber",0.0945375996231912,0.154547050903342,"sym_t2"
75099,"L1",0.100035179653594,0.15570000973614,"sym_t2"
75099,"PMM3",0.0960814409197389,0.152828459296668,"sym_t2"
75099,"W1",0.0945273441364833,0.154548913395815,"sym_t2"
75099,"WPMM3",0.0956763094988004,0.153258208570868,"sym_t2"
75100,"LSE",0.158679556097608,0.212944691137689,"sym_t2"
75100,"Huber",0.105664235368752,0.145511175344398,"sym_t2"
75100,"L1",0.127606951185191,0.177510205942378,"sym_t2"
75100,"PMM3",0.0887284541258783,0.116431350967093,"sym_t2"
75100,"W1",0.0958669854887643,0.135126130326452,"sym_t2"
75100,"WPMM3",0.100767732984967,0.140735679786057,"sym_t2"
75101,"LSE",0.400504586542933,0.594253034349348,"sym_t2"
75101,"Huber",0.0621619508496707,0.073116854531628,"sym_t2"
75101,"L1",0.0866011428342353,0.113441552017906,"sym_t2"
75101,"PMM3",1.87528135647246,2.8462290720114,"sym_t2"
75101,"W1",0.0658615874860392,0.0808909835745043,"sym_t2"
75101,"WPMM3",0.0826341024708138,0.10741637042418,"sym_t2"
75102,"LSE",0.205750227947003,0.299359094884356,"sym_t2"
75102,"Huber",0.0734895569098006,0.115202134875345,"sym_t2"
75102,"L1",0.0917480968339489,0.140289380927694,"sym_t2"
75102,"PMM3",0.147624405460007,0.192446217493045,"sym_t2"
75102,"W1",0.0706638473370789,0.109601560815346,"sym_t2"
75102,"WPMM3",0.0690228885355457,0.106899478004091,"sym_t2"
75103,"LSE",0.188945312645816,0.284616765756293,"sym_t2"
75103,"Huber",0.0991072376904483,0.151680175237496,"sym_t2"
75103,"L1",0.0598286639943479,0.0901255259320349,"sym_t2"
75103,"PMM3",0.118724574649833,0.181457969610047,"sym_t2"
75103,"W1",0.0999723693732553,0.150130222977871,"sym_t2"
75103,"WPMM3",0.0888054824059973,0.133738844157278,"sym_t2"
75104,"LSE",0.311202459212004,0.402155554373697,"sym_t2"
75104,"Huber",0.130847447220044,0.174976901767782,"sym_t2"
75104,"L1",0.126440915736512,0.180804747574887,"sym_t2"
75104,"PMM3",0.203708489121252,0.245246168215331,"sym_t2"
75104,"W1",0.101459768556042,0.139961769364991,"sym_t2"
75104,"WPMM3",0.0944124023725512,0.132862443672186,"sym_t2"
75105,"LSE",0.208462046304267,0.212016992268998,"sym_t2"
75105,"Huber",0.143411327637484,0.134825876640165,"sym_t2"
75105,"L1",0.124251783783016,0.136577232620933,"sym_t2"
75105,"PMM3",0.187874495335397,0.178321539291207,"sym_t2"
75105,"W1",0.125759630476745,0.127246467754544,"sym_t2"
75105,"WPMM3",0.110702889805455,0.123220279055973,"sym_t2"
75106,"LSE",0.148341013809337,0.244762178762725,"sym_t2"
75106,"Huber",0.0288060090187361,0.0409849913896224,"sym_t2"
75106,"L1",0.0451669453366084,0.068933323530792,"sym_t2"
75106,"PMM3",0.0466427872845138,0.0748643940464163,"sym_t2"
75106,"W1",0.045564689897086,0.0625242536895305,"sym_t2"
75106,"WPMM3",0.0536536172975042,0.0742134841354505,"sym_t2"
75107,"LSE",0.123121744860111,0.182013632201969,"sym_t2"
75107,"Huber",0.101033248484255,0.156782929041122,"sym_t2"
75107,"L1",0.112599632664577,0.191663843418285,"sym_t2"
75107,"PMM3",3.19913014129114,4.07694469823694,"sym_t2"
75107,"W1",0.111013726968252,0.179420599304145,"sym_t2"
75107,"WPMM3",0.107037621203541,0.17327462690831,"sym_t2"
75108,"LSE",0.147024602319959,0.202328944160606,"sym_t2"
75108,"Huber",0.110229013348933,0.148691766527196,"sym_t2"
75108,"L1",0.120434796640727,0.151133668064715,"sym_t2"
75108,"PMM3",0.103522928985995,0.141140915450793,"sym_t2"
75108,"W1",0.10017125606191,0.132963358634051,"sym_t2"
75108,"WPMM3",0.0968659783216271,0.126629072523549,"sym_t2"
75109,"LSE",0.117792994532455,0.145368894018989,"sym_t2"
75109,"Huber",0.0718321911306082,0.0747762042374188,"sym_t2"
75109,"L1",0.0625819762922131,0.0683355003914181,"sym_t2"
75109,"PMM3",0.0721126099397456,0.0961663195632271,"sym_t2"
75109,"W1",0.0509634473864003,0.0592756918511055,"sym_t2"
75109,"WPMM3",0.054410563532316,0.0609377967551123,"sym_t2"
75110,"LSE",0.156458665455698,0.234687269564164,"sym_t2"
75110,"Huber",0.156144325526558,0.231508558896798,"sym_t2"
75110,"L1",0.0937984709322268,0.140424840238881,"sym_t2"
75110,"PMM3",0.173884075093463,0.255283669309344,"sym_t2"
75110,"W1",0.158004443082743,0.23260632854104,"sym_t2"
75110,"WPMM3",0.151748550235939,0.222979910238171,"sym_t2"
75111,"LSE",0.101414601283458,0.120284323626388,"sym_t2"
75111,"Huber",0.0769966329546072,0.0638402081832798,"sym_t2"
75111,"L1",0.0758306420984014,0.0764227852152665,"sym_t2"
75111,"PMM3",0.0868493184237863,0.136408687927042,"sym_t2"
75111,"W1",0.0712721796515641,0.0633162803215035,"sym_t2"
75111,"WPMM3",0.0813213229331956,0.083374222067112,"sym_t2"
75112,"LSE",0.222395652401777,0.296246306231045,"sym_t2"
75112,"Huber",0.131630045204227,0.182529843883,"sym_t2"
75112,"L1",0.050266580532103,0.07337391303031,"sym_t2"
75112,"PMM3",0.191157949585342,0.269481585572431,"sym_t2"
75112,"W1",0.144218940547306,0.193907301080689,"sym_t2"
75112,"WPMM3",0.110660955515343,0.150649020534678,"sym_t2"
75113,"LSE",0.413741879423109,0.625690067281174,"sym_t2"
75113,"Huber",0.182076636676196,0.221868404306019,"sym_t2"
75113,"L1",0.205414459394274,0.224188025351056,"sym_t2"
75113,"PMM3",0.207658133064115,0.23499908274523,"sym_t2"
75113,"W1",0.181927472148973,0.225299136635974,"sym_t2"
75113,"WPMM3",0.176335015518503,0.221205449261453,"sym_t2"
75114,"LSE",0.103453303756898,0.139086986246825,"sym_t2"
75114,"Huber",0.0847673975655144,0.110995654037459,"sym_t2"
75114,"L1",0.0607772559020088,0.0861954821647035,"sym_t2"
75114,"PMM3",0.11242610423635,0.146668637851462,"sym_t2"
75114,"W1",0.0771065470849844,0.106298343020082,"sym_t2"
75114,"WPMM3",0.0693496953651715,0.0962083709631733,"sym_t2"
75115,"LSE",0.24668610087665,0.306294075750771,"sym_t2"
75115,"Huber",0.142099981326429,0.164917851516168,"sym_t2"
75115,"L1",0.115450952209455,0.150873836036623,"sym_t2"
75115,"PMM3",0.180353857125522,0.201895098815083,"sym_t2"
75115,"W1",0.127661957275615,0.147985893784218,"sym_t2"
75115,"WPMM3",0.111880360642095,0.13056088722045,"sym_t2"
75116,"LSE",0.197988447529343,0.303807273795099,"sym_t2"
75116,"Huber",0.0624936657534971,0.0981820858062499,"sym_t2"
75116,"L1",0.0527860797265336,0.0687649378736695,"sym_t2"
75116,"PMM3",8.23078388627734,8.4484277200116,"sym_t2"
75116,"W1",0.0579555490990697,0.0867934486304086,"sym_t2"
75116,"WPMM3",0.0646257660797135,0.0964531616420364,"sym_t2"
75117,"LSE",0.858507710798118,1.37843064513903,"sym_t2"
75117,"Huber",0.0797172522479159,0.107158584880164,"sym_t2"
75117,"L1",0.0807799479352579,0.104921944682772,"sym_t2"
75117,"PMM3",0.407881142481506,0.628517726015136,"sym_t2"
75117,"W1",0.0621111901476746,0.080409695147184,"sym_t2"
75117,"WPMM3",0.0619411203414409,0.0792255540343106,"sym_t2"
75118,"LSE",0.251219664768524,0.299280301170232,"sym_t2"
75118,"Huber",0.0751022879859092,0.104332556594401,"sym_t2"
75118,"L1",0.0521448983777365,0.0686247537490387,"sym_t2"
75118,"PMM3",0.141349503652636,0.18398685092901,"sym_t2"
75118,"W1",0.072783227429936,0.107002347036952,"sym_t2"
75118,"WPMM3",0.0619381546823516,0.0922336354759128,"sym_t2"
75119,"LSE",0.124120777167786,0.148672553236464,"sym_t2"
75119,"Huber",0.115789998560076,0.157563112036602,"sym_t2"
75119,"L1",0.117128938081788,0.183192090903954,"sym_t2"
75119,"PMM3",0.158583707957899,0.185447986067221,"sym_t2"
75119,"W1",0.123353619703248,0.165841838427951,"sym_t2"
75119,"WPMM3",0.112504403709349,0.162760830710364,"sym_t2"
75120,"LSE",0.170547694680497,0.225314538875492,"sym_t2"
75120,"Huber",0.103233673957982,0.150965836888302,"sym_t2"
75120,"L1",0.0858996012052721,0.122163680213505,"sym_t2"
75120,"PMM3",0.2010107322642,0.264416087256108,"sym_t2"
75120,"W1",0.0943053677775123,0.137227226390612,"sym_t2"
75120,"WPMM3",0.0960733891321053,0.140238683954081,"sym_t2"
75121,"LSE",0.148363018104427,0.197276193313246,"sym_t2"
75121,"Huber",0.0684752445463011,0.0995121095822968,"sym_t2"
75121,"L1",0.0470985036896273,0.0723812129130407,"sym_t2"
75121,"PMM3",0.0544252314741649,0.0708190097040358,"sym_t2"
75121,"W1",0.105128146439094,0.152901498059421,"sym_t2"
75121,"WPMM3",0.115123549010776,0.164438973130407,"sym_t2"
75122,"LSE",0.0532004446323304,0.0855534632413582,"sym_t2"
75122,"Huber",0.0704750074801431,0.107346887861376,"sym_t2"
75122,"L1",0.0976912677634017,0.119470534329735,"sym_t2"
75122,"PMM3",0.0564132597384077,0.0718104453695033,"sym_t2"
75122,"W1",0.0769950429292057,0.115190858796533,"sym_t2"
75122,"WPMM3",0.0859464232658577,0.128141605908836,"sym_t2"
75123,"LSE",0.146561124166652,0.174979644642498,"sym_t2"
75123,"Huber",0.0633735575447527,0.0872079813882085,"sym_t2"
75123,"L1",0.0917356879491096,0.149553120345266,"sym_t2"
75123,"PMM3",0.0761046117555256,0.0850569793171063,"sym_t2"
75123,"W1",0.0711125695968471,0.10427116527113,"sym_t2"
75123,"WPMM3",0.0822942092118397,0.125927692964549,"sym_t2"
75124,"LSE",0.077450811466366,0.102524164587009,"sym_t2"
75124,"Huber",0.0529011728125224,0.071192272598275,"sym_t2"
75124,"L1",0.046426154495998,0.0588948989772114,"sym_t2"
75124,"PMM3",0.0721869671793713,0.0897116811249829,"sym_t2"
75124,"W1",0.0543533678538299,0.0751609993498072,"sym_t2"
75124,"WPMM3",0.0535171485411465,0.0735331334270233,"sym_t2"
75125,"LSE",0.138668398119937,0.191543280859803,"sym_t2"
75125,"Huber",0.106867171751279,0.147257437032186,"sym_t2"
75125,"L1",0.109758901534512,0.1451808649015,"sym_t2"
75125,"PMM3",0.106423783059874,0.151047823053746,"sym_t2"
75125,"W1",0.104830171446444,0.145346022619216,"sym_t2"
75125,"WPMM3",0.104391500576021,0.14335122326517,"sym_t2"
75126,"LSE",0.0486001216135976,0.0521391921067262,"sym_t2"
75126,"Huber",0.0691529449428236,0.0880047534318673,"sym_t2"
75126,"L1",0.0909713855565821,0.103756861511759,"sym_t2"
75126,"PMM3",0.0628281540438641,0.0804735700993903,"sym_t2"
75126,"W1",0.0739926692083484,0.0985239872075884,"sym_t2"
75126,"WPMM3",0.0783591771341443,0.106924941714767,"sym_t2"
75127,"LSE",0.0992697631437214,0.125147372871518,"sym_t2"
75127,"Huber",0.0429529263295781,0.036313683369429,"sym_t2"
75127,"L1",0.039818532420393,0.0579866155875628,"sym_t2"
75127,"PMM3",0.104739516955357,0.0981600606343966,"sym_t2"
75127,"W1",0.0317581536986717,0.0384751206023553,"sym_t2"
75127,"WPMM3",0.034039932644188,0.0480152919142975,"sym_t2"
75128,"LSE",0.123120527997281,0.167504812961526,"sym_t2"
75128,"Huber",0.0724544932921687,0.0981202757497763,"sym_t2"
75128,"L1",0.057887603993728,0.077372838935212,"sym_t2"
75128,"PMM3",0.105133737795016,0.13359062212075,"sym_t2"
75128,"W1",0.0871473719883258,0.11235597113792,"sym_t2"
75128,"WPMM3",0.0824381500339506,0.0936625864804303,"sym_t2"
75129,"LSE",0.249748013593179,0.378583387309511,"sym_t2"
75129,"Huber",0.106642022100099,0.159282702070835,"sym_t2"
75129,"L1",0.123617341805855,0.176931654814125,"sym_t2"
75129,"PMM3",0.138909059875367,0.202498165151491,"sym_t2"
75129,"W1",0.105370926262367,0.150246650294553,"sym_t2"
75129,"WPMM3",0.106614623779951,0.148576076818371,"sym_t2"
75130,"LSE",0.784713574347254,1.14835141966901,"sym_t2"
75130,"Huber",0.156799416824045,0.251821683169267,"sym_t2"
75130,"L1",0.128422201967545,0.209112021578592,"sym_t2"
75130,"PMM3",0.617053945870382,0.824185108260746,"sym_t2"
75130,"W1",0.127658089632316,0.192998877794579,"sym_t2"
75130,"WPMM3",0.122055711326866,0.187351772183076,"sym_t2"
75131,"LSE",0.15919959088242,0.239055182139588,"sym_t2"
75131,"Huber",0.0951846878319666,0.132646627633976,"sym_t2"
75131,"L1",0.0838007894997634,0.114762428662222,"sym_t2"
75131,"PMM3",0.0719545914494932,0.110409687919611,"sym_t2"
75131,"W1",0.0875487086286448,0.111788477869295,"sym_t2"
75131,"WPMM3",0.100400829435495,0.126934444417952,"sym_t2"
75132,"LSE",0.40920405671858,0.600841695629832,"sym_t2"
75132,"Huber",0.0435793866205988,0.0586005426650686,"sym_t2"
75132,"L1",0.0720033254379792,0.0932184186711836,"sym_t2"
75132,"PMM3",0.131662664911545,0.183593954913652,"sym_t2"
75132,"W1",0.0438424470879157,0.0565899656892638,"sym_t2"
75132,"WPMM3",0.0563707844016568,0.0652606264811138,"sym_t2"
75133,"LSE",0.110213129783395,0.138508689300751,"sym_t2"
75133,"Huber",0.065667150012095,0.0636628539382955,"sym_t2"
75133,"L1",0.0596842353352037,0.0658923364962458,"sym_t2"
75133,"PMM3",0.0762683140783137,0.104140968255292,"sym_t2"
75133,"W1",0.074116978152821,0.0874805502947463,"sym_t2"
75133,"WPMM3",0.0776481558948054,0.0883809149720366,"sym_t2"
75134,"LSE",0.122898513603114,0.158386536857208,"sym_t2"
75134,"Huber",0.0639322798546994,0.0742140881339873,"sym_t2"
75134,"L1",0.0719570440481672,0.0955772028880459,"sym_t2"
75134,"PMM3",0.109907048241082,0.120848476121701,"sym_t2"
75134,"W1",0.0650315514389699,0.0758214535504293,"sym_t2"
75134,"WPMM3",0.0688126941872513,0.081627459212457,"sym_t2"
75135,"LSE",0.112330411066445,0.150339781364214,"sym_t2"
75135,"Huber",0.0673413315991052,0.0966112043601954,"sym_t2"
75135,"L1",0.0945986744786255,0.135743303006237,"sym_t2"
75135,"PMM3",0.0656764252856741,0.102199027475303,"sym_t2"
75135,"W1",0.0750014747199167,0.106391296321042,"sym_t2"
75135,"WPMM3",0.0798136995290442,0.109777158131258,"sym_t2"
75136,"LSE",0.092096705490355,0.139398002564315,"sym_t2"
75136,"Huber",0.0476540613744268,0.0547117031802465,"sym_t2"
75136,"L1",0.0640609110664771,0.0764129797077168,"sym_t2"
75136,"PMM3",0.0895549045593772,0.103927273728613,"sym_t2"
75136,"W1",0.0550052689281289,0.060692201984818,"sym_t2"
75136,"WPMM3",0.0501673967188238,0.0551565592529481,"sym_t2"
75137,"LSE",0.131390352382869,0.171679599221496,"sym_t2"
75137,"Huber",0.0907028127372744,0.118970308894633,"sym_t2"
75137,"L1",0.10853749649177,0.139677093752461,"sym_t2"
75137,"PMM3",0.0922975165342537,0.131207581675769,"sym_t2"
75137,"W1",0.105335761424411,0.133234327446033,"sym_t2"
75137,"WPMM3",0.113443178020297,0.142290490336463,"sym_t2"
75138,"LSE",0.0461921727836635,0.0550072904207019,"sym_t2"
75138,"Huber",0.0732238878952298,0.0828080629940154,"sym_t2"
75138,"L1",0.0755128231693127,0.0922717943274979,"sym_t2"
75138,"PMM3",0.111713652553755,0.129971363454202,"sym_t2"
75138,"W1",0.0834999161608144,0.10191459558966,"sym_t2"
75138,"WPMM3",0.0864781986874319,0.106903805326745,"sym_t2"
75139,"LSE",0.222008992110019,0.243025071688367,"sym_t2"
75139,"Huber",0.108138949930442,0.100214286386717,"sym_t2"
75139,"L1",0.118532355612895,0.147611687666189,"sym_t2"
75139,"PMM3",0.116295311236482,0.099569737707577,"sym_t2"
75139,"W1",0.0750696714481237,0.0712662692048047,"sym_t2"
75139,"WPMM3",0.0657146824976868,0.0669430056867841,"sym_t2"
75140,"LSE",0.22737536834716,0.305801803380407,"sym_t2"
75140,"Huber",0.0998549654088225,0.155729595257687,"sym_t2"
75140,"L1",0.0926482904885963,0.146012867648779,"sym_t2"
75140,"PMM3",0.129479295412185,0.181609415587155,"sym_t2"
75140,"W1",0.105258605653654,0.162412045136219,"sym_t2"
75140,"WPMM3",0.107204432300301,0.164581329512352,"sym_t2"
75141,"LSE",0.0935136611194704,0.127675275775566,"sym_t2"
75141,"Huber",0.0795546252014192,0.103166986178444,"sym_t2"
75141,"L1",0.0743607489870042,0.0708339500538672,"sym_t2"
75141,"PMM3",0.122927031120888,0.162661947429345,"sym_t2"
75141,"W1",0.0876567737612576,0.114573540985341,"sym_t2"
75141,"WPMM3",0.0783917981982038,0.107723534803052,"sym_t2"
75142,"LSE",0.133671084281971,0.191638781254128,"sym_t2"
75142,"Huber",0.101064805711418,0.143536595515537,"sym_t2"
75142,"L1",0.0632568123594949,0.0948686304088759,"sym_t2"
75142,"PMM3",0.132278272438362,0.161119950008778,"sym_t2"
75142,"W1",0.100954555819375,0.156698330755387,"sym_t2"
75142,"WPMM3",0.0977103746616426,0.153290598768402,"sym_t2"
75143,"LSE",0.120769153173751,0.143939018132422,"sym_t2"
75143,"Huber",0.114620590045709,0.142820680802862,"sym_t2"
75143,"L1",0.112797958411308,0.16047258291589,"sym_t2"
75143,"PMM3",0.14183723526106,0.160983915632315,"sym_t2"
75143,"W1",0.121963944782087,0.148639575334154,"sym_t2"
75143,"WPMM3",0.116053537178152,0.146576513624799,"sym_t2"
75144,"LSE",0.135103636339677,0.149952962541723,"sym_t2"
75144,"Huber",0.08305515627703,0.101068500213307,"sym_t2"
75144,"L1",0.0634378532115641,0.0600714103526211,"sym_t2"
75144,"PMM3",0.12632110261605,0.139624429684743,"sym_t2"
75144,"W1",0.0726472072835265,0.0901220152334479,"sym_t2"
75144,"WPMM3",0.0704423824648272,0.0900868299111231,"sym_t2"
75145,"LSE",0.126367037456046,0.176275485429785,"sym_t2"
75145,"Huber",0.0880024587791733,0.129599095801673,"sym_t2"
75145,"L1",0.116451662597095,0.173911574942234,"sym_t2"
75145,"PMM3",0.143088421628973,0.204312554689851,"sym_t2"
75145,"W1",0.0952771822467393,0.142414634114592,"sym_t2"
75145,"WPMM3",0.0997743979889787,0.139678321280936,"sym_t2"
75146,"LSE",0.173477733576306,0.263556916277797,"sym_t2"
75146,"Huber",0.105061759801802,0.16546360569495,"sym_t2"
75146,"L1",0.108121346978583,0.156849600728203,"sym_t2"
75146,"PMM3",0.125950550761395,0.199661201271743,"sym_t2"
75146,"W1",0.0804330505091154,0.126163419694289,"sym_t2"
75146,"WPMM3",0.0708067417043585,0.109357415979166,"sym_t2"
75147,"LSE",0.170447917710551,0.257760969874686,"sym_t2"
75147,"Huber",0.136297703908117,0.197080290602278,"sym_t2"
75147,"L1",0.144603626820494,0.200752427696974,"sym_t2"
75147,"PMM3",0.137795597634292,0.215230318914439,"sym_t2"
75147,"W1",0.135182751883555,0.193180929633887,"sym_t2"
75147,"WPMM3",0.135867766747268,0.179422590204322,"sym_t2"
75148,"LSE",0.219705430908281,0.313733484594128,"sym_t2"
75148,"Huber",0.112012122699841,0.140064720726094,"sym_t2"
75148,"L1",0.123149625380287,0.162996102424843,"sym_t2"
75148,"PMM3",8.31006986887139,8.39128527861399,"sym_t2"
75148,"W1",0.133069801358303,0.172224190806041,"sym_t2"
75148,"WPMM3",0.128931373391179,0.163945000919226,"sym_t2"
75149,"LSE",0.0820821347358484,0.134352391672375,"sym_t2"
75149,"Huber",0.0822930112000051,0.134903177504382,"sym_t2"
75149,"L1",0.0671053655458803,0.0910966192005411,"sym_t2"
75149,"PMM3",0.0945964414500855,0.156590360217889,"sym_t2"
75149,"W1",0.0859222072488313,0.14066415111244,"sym_t2"
75149,"WPMM3",0.0856824743826296,0.138836006039625,"sym_t2"
75150,"LSE",0.125832069802443,0.143150270168168,"sym_t2"
75150,"Huber",0.0709104329346023,0.102782295438646,"sym_t2"
75150,"L1",0.0608577807804311,0.0602866459569329,"sym_t2"
75150,"PMM3",0.0775751508440627,0.104601746995909,"sym_t2"
75150,"W1",0.066324917568324,0.0941538419069543,"sym_t2"
75150,"WPMM3",0.0774836435089424,0.113427516482235,"sym_t2"
75001,"LSE",0.390595461193709,0.596309157882421,"twosided_contam"
75001,"Huber",0.203245792157776,0.293941686790895,"twosided_contam"
75001,"L1",0.165926737048019,0.258566745863853,"twosided_contam"
75001,"PMM3",0.24196226475858,0.337789621636072,"twosided_contam"
75001,"W1",0.167987457746449,0.246120430628691,"twosided_contam"
75001,"WPMM3",0.160055843165032,0.234042171709639,"twosided_contam"
75002,"LSE",0.268106386181689,0.326102067036177,"twosided_contam"
75002,"Huber",0.148076285335952,0.187108481198177,"twosided_contam"
75002,"L1",0.177131889783967,0.23081224148295,"twosided_contam"
75002,"PMM3",0.158039377791851,0.207780599015688,"twosided_contam"
75002,"W1",0.146873413072279,0.188602043517514,"twosided_contam"
75002,"WPMM3",0.142477310089243,0.18061548583422,"twosided_contam"
75003,"LSE",0.257677918387096,0.320403896996571,"twosided_contam"
75003,"Huber",0.164327910646445,0.169236745431064,"twosided_contam"
75003,"L1",0.225662067145206,0.242885902939795,"twosided_contam"
75003,"PMM3",0.175485821092845,0.187562382531206,"twosided_contam"
75003,"W1",0.153829439005825,0.1478331930463,"twosided_contam"
75003,"WPMM3",0.16384808017493,0.179811669346041,"twosided_contam"
75004,"LSE",0.231245631195707,0.331849397437008,"twosided_contam"
75004,"Huber",0.159382461208455,0.178436989084633,"twosided_contam"
75004,"L1",0.120802414970998,0.162118711261125,"twosided_contam"
75004,"PMM3",0.214662847764134,0.244590086056726,"twosided_contam"
75004,"W1",0.158368542578412,0.176705329036186,"twosided_contam"
75004,"WPMM3",0.147316348135216,0.165325886981245,"twosided_contam"
75005,"LSE",0.290258234138897,0.402390505259246,"twosided_contam"
75005,"Huber",0.114115451086458,0.143970962730142,"twosided_contam"
75005,"L1",0.126501695905688,0.174135648578729,"twosided_contam"
75005,"PMM3",0.156377287001403,0.207295832622135,"twosided_contam"
75005,"W1",0.100465111254389,0.129413487315549,"twosided_contam"
75005,"WPMM3",0.0953266031779173,0.127731111731733,"twosided_contam"
75006,"LSE",0.129628399060659,0.152587024664332,"twosided_contam"
75006,"Huber",0.103894882165305,0.153034738744224,"twosided_contam"
75006,"L1",0.126400135864633,0.173450763486535,"twosided_contam"
75006,"PMM3",0.0857757107187467,0.128050644031332,"twosided_contam"
75006,"W1",0.0969485807300813,0.144058617598479,"twosided_contam"
75006,"WPMM3",0.108373563701147,0.156669336264066,"twosided_contam"
75007,"LSE",0.672643527876812,1.09681526230395,"twosided_contam"
75007,"Huber",0.126634854934867,0.211244757181887,"twosided_contam"
75007,"L1",0.124422469619044,0.201638875992156,"twosided_contam"
75007,"PMM3",0.278084907348045,0.364967935072997,"twosided_contam"
75007,"W1",0.123256429481593,0.204747290105993,"twosided_contam"
75007,"WPMM3",0.127963430256739,0.209040315702942,"twosided_contam"
75008,"LSE",0.0853181061702521,0.10738658013197,"twosided_contam"
75008,"Huber",0.105662973685835,0.158010327734818,"twosided_contam"
75008,"L1",0.152215128651762,0.202882256521904,"twosided_contam"
75008,"PMM3",0.12828789205957,0.209749858059623,"twosided_contam"
75008,"W1",0.114186010168221,0.171278175175873,"twosided_contam"
75008,"WPMM3",0.111546967310481,0.159743974656545,"twosided_contam"
75009,"LSE",0.223973410758905,0.272409438978267,"twosided_contam"
75009,"Huber",0.109451111972163,0.115548217817257,"twosided_contam"
75009,"L1",0.165349190587386,0.172749825323348,"twosided_contam"
75009,"PMM3",0.134179265914018,0.165199469528037,"twosided_contam"
75009,"W1",0.0969494428366697,0.100677283084537,"twosided_contam"
75009,"WPMM3",0.0844788004070566,0.0935961624709186,"twosided_contam"
75010,"LSE",0.161600104169557,0.255992427251427,"twosided_contam"
75010,"Huber",0.138160649014411,0.179499037533796,"twosided_contam"
75010,"L1",0.245389322576406,0.309797030375895,"twosided_contam"
75010,"PMM3",0.138316094188708,0.179944249863994,"twosided_contam"
75010,"W1",0.156768141866947,0.200478206581303,"twosided_contam"
75010,"WPMM3",0.161840930216512,0.204640399325228,"twosided_contam"
75011,"LSE",0.3091827711218,0.440996273706833,"twosided_contam"
75011,"Huber",0.166658318949149,0.262142871320523,"twosided_contam"
75011,"L1",0.19893677617139,0.281829569107154,"twosided_contam"
75011,"PMM3",0.218082095405233,0.338074194852862,"twosided_contam"
75011,"W1",0.156298359183404,0.254812411372898,"twosided_contam"
75011,"WPMM3",0.151058595649139,0.246181380764339,"twosided_contam"
75012,"LSE",0.20373068384463,0.275720069472252,"twosided_contam"
75012,"Huber",0.124426642286377,0.171474324629765,"twosided_contam"
75012,"L1",0.152689737501301,0.185083195236006,"twosided_contam"
75012,"PMM3",0.10468949359183,0.151830786338344,"twosided_contam"
75012,"W1",0.119212945349562,0.156903119693222,"twosided_contam"
75012,"WPMM3",0.127949878298637,0.166844733936684,"twosided_contam"
75013,"LSE",0.336074784799612,0.503811796197995,"twosided_contam"
75013,"Huber",0.136313651344778,0.186188431505234,"twosided_contam"
75013,"L1",0.238453922857356,0.313636817232541,"twosided_contam"
75013,"PMM3",0.174930741446085,0.249638865339467,"twosided_contam"
75013,"W1",0.117504606118088,0.158746098819988,"twosided_contam"
75013,"WPMM3",0.132909231796826,0.175313099190345,"twosided_contam"
75014,"LSE",0.180934199746958,0.245996883624478,"twosided_contam"
75014,"Huber",0.108360756214655,0.165740065906659,"twosided_contam"
75014,"L1",0.0815416210787257,0.111009019960595,"twosided_contam"
75014,"PMM3",0.158984270026764,0.24686972634407,"twosided_contam"
75014,"W1",0.110119471227949,0.162236455344849,"twosided_contam"
75014,"WPMM3",0.106379618802347,0.156750336832742,"twosided_contam"
75015,"LSE",0.308875744037798,0.480994147905043,"twosided_contam"
75015,"Huber",0.122523752356092,0.201830008636582,"twosided_contam"
75015,"L1",0.166790806173346,0.254064246758136,"twosided_contam"
75015,"PMM3",0.172118861934148,0.25066934480003,"twosided_contam"
75015,"W1",0.113240344073984,0.185644574132846,"twosided_contam"
75015,"WPMM3",0.123345182496809,0.197642292563881,"twosided_contam"
75016,"LSE",0.218268737709618,0.321552580874111,"twosided_contam"
75016,"Huber",0.106521326278921,0.13274076916459,"twosided_contam"
75016,"L1",0.163587710351594,0.206005103778954,"twosided_contam"
75016,"PMM3",0.163312127149344,0.189958737885532,"twosided_contam"
75016,"W1",0.115276475446036,0.143119070523298,"twosided_contam"
75016,"WPMM3",0.115204635913338,0.144275445012099,"twosided_contam"
75017,"LSE",0.267657797402047,0.393097994927569,"twosided_contam"
75017,"Huber",0.165029217810352,0.235411658245638,"twosided_contam"
75017,"L1",0.19306853353454,0.278431962186312,"twosided_contam"
75017,"PMM3",0.155513620746742,0.223381831586582,"twosided_contam"
75017,"W1",0.151154713107858,0.21100653287246,"twosided_contam"
75017,"WPMM3",0.152664730873159,0.212545512101067,"twosided_contam"
75018,"LSE",0.288816207538799,0.313595651371501,"twosided_contam"
75018,"Huber",0.187856614829628,0.195595599109666,"twosided_contam"
75018,"L1",0.18712076265004,0.1748182364191,"twosided_contam"
75018,"PMM3",0.168846078472797,0.171684310817304,"twosided_contam"
75018,"W1",0.155917271451072,0.161189305549087,"twosided_contam"
75018,"WPMM3",0.150822834548495,0.157873639754223,"twosided_contam"
75019,"LSE",0.186795247080919,0.246986335601105,"twosided_contam"
75019,"Huber",0.0919079800616018,0.125743569229789,"twosided_contam"
75019,"L1",0.11679162521362,0.181937648186107,"twosided_contam"
75019,"PMM3",0.119792079319474,0.166506979511554,"twosided_contam"
75019,"W1",0.0749212217590408,0.113874950193834,"twosided_contam"
75019,"WPMM3",0.0717676616034224,0.112683820161801,"twosided_contam"
75020,"LSE",0.296354181578113,0.38080684789406,"twosided_contam"
75020,"Huber",0.12624315811456,0.181511334757137,"twosided_contam"
75020,"L1",0.158937989814198,0.209830961954152,"twosided_contam"
75020,"PMM3",0.121578467412342,0.186909074184911,"twosided_contam"
75020,"W1",0.124049948883977,0.180288636969953,"twosided_contam"
75020,"WPMM3",0.127093066544861,0.177324759569939,"twosided_contam"
75021,"LSE",0.24509171147271,0.376957413233937,"twosided_contam"
75021,"Huber",0.150742043483613,0.205400071819564,"twosided_contam"
75021,"L1",0.175909684233432,0.262200451604759,"twosided_contam"
75021,"PMM3",0.174779307139145,0.240769519360613,"twosided_contam"
75021,"W1",0.138190728716084,0.185446724273149,"twosided_contam"
75021,"WPMM3",0.134440795787448,0.176854396944715,"twosided_contam"
75022,"LSE",0.253977300618709,0.370006659978069,"twosided_contam"
75022,"Huber",0.14202091520276,0.194315035022124,"twosided_contam"
75022,"L1",0.127165717849368,0.155496760895504,"twosided_contam"
75022,"PMM3",0.146893823048208,0.204742985692482,"twosided_contam"
75022,"W1",0.13187876618165,0.183622930087114,"twosided_contam"
75022,"WPMM3",0.132377703732984,0.182947445688056,"twosided_contam"
75023,"LSE",0.154705695488968,0.180716463697516,"twosided_contam"
75023,"Huber",0.165146011725514,0.21327818268246,"twosided_contam"
75023,"L1",0.164083197901013,0.210660746904571,"twosided_contam"
75023,"PMM3",0.231557681567354,0.314372340389615,"twosided_contam"
75023,"W1",0.162712953442543,0.217157042400503,"twosided_contam"
75023,"WPMM3",0.170791945861328,0.226245141867548,"twosided_contam"
75024,"LSE",0.189459991775092,0.290671572095687,"twosided_contam"
75024,"Huber",0.148325366316944,0.2179342997784,"twosided_contam"
75024,"L1",0.0850937163941437,0.139383683340846,"twosided_contam"
75024,"PMM3",0.169199324560143,0.225626302838175,"twosided_contam"
75024,"W1",0.12961021556087,0.200170738603831,"twosided_contam"
75024,"WPMM3",0.128632165805487,0.19562614040922,"twosided_contam"
75025,"LSE",0.188455590002145,0.231912671783099,"twosided_contam"
75025,"Huber",0.138793683305579,0.169849473246502,"twosided_contam"
75025,"L1",0.163640578043488,0.186081333247727,"twosided_contam"
75025,"PMM3",0.19835416188901,0.22022627313702,"twosided_contam"
75025,"W1",0.142347851426138,0.171751991527404,"twosided_contam"
75025,"WPMM3",0.126582380200279,0.162074378855013,"twosided_contam"
75026,"LSE",0.246901760598806,0.371302138593541,"twosided_contam"
75026,"Huber",0.160978546841566,0.252311416234497,"twosided_contam"
75026,"L1",0.213333212106117,0.360070043040414,"twosided_contam"
75026,"PMM3",0.187885905736535,0.288465896633058,"twosided_contam"
75026,"W1",0.171611363020298,0.264626398206021,"twosided_contam"
75026,"WPMM3",0.167580370424816,0.258852394733842,"twosided_contam"
75027,"LSE",0.152349680629072,0.192345417662348,"twosided_contam"
75027,"Huber",0.104430831969782,0.137573898771113,"twosided_contam"
75027,"L1",0.183594639035536,0.194350222918833,"twosided_contam"
75027,"PMM3",0.0987604943135702,0.13577487503644,"twosided_contam"
75027,"W1",0.101738342446715,0.133481779630171,"twosided_contam"
75027,"WPMM3",0.0987194784265679,0.130672529734499,"twosided_contam"
75028,"LSE",0.316555911637771,0.469139980007244,"twosided_contam"
75028,"Huber",0.151643638377962,0.214535224360241,"twosided_contam"
75028,"L1",0.167805379579475,0.226804552499554,"twosided_contam"
75028,"PMM3",0.187292193896372,0.271348276228626,"twosided_contam"
75028,"W1",0.148344662737544,0.207675315540709,"twosided_contam"
75028,"WPMM3",0.142065428333566,0.194732843511486,"twosided_contam"
75029,"LSE",0.183270241950695,0.264418870482732,"twosided_contam"
75029,"Huber",0.175593552143409,0.239838248248971,"twosided_contam"
75029,"L1",0.149083184730271,0.221395212326988,"twosided_contam"
75029,"PMM3",0.175195187920751,0.249011175115277,"twosided_contam"
75029,"W1",0.159266437544985,0.22115507069662,"twosided_contam"
75029,"WPMM3",0.158465156863838,0.217807769684896,"twosided_contam"
75030,"LSE",0.0855515353469794,0.114943552531735,"twosided_contam"
75030,"Huber",0.0584727767379713,0.0729522607519798,"twosided_contam"
75030,"L1",0.133946718446975,0.156730067352783,"twosided_contam"
75030,"PMM3",0.10353691844831,0.124749245280757,"twosided_contam"
75030,"W1",0.0872077236370224,0.104699209891093,"twosided_contam"
75030,"WPMM3",0.0890086925354543,0.107046647747941,"twosided_contam"
75031,"LSE",0.257837652330083,0.336590495486071,"twosided_contam"
75031,"Huber",0.207692834446838,0.263478964366875,"twosided_contam"
75031,"L1",0.240760067766244,0.321702773825096,"twosided_contam"
75031,"PMM3",0.207420374048659,0.277713132472921,"twosided_contam"
75031,"W1",0.210134787693636,0.275862028666978,"twosided_contam"
75031,"WPMM3",0.207487454408357,0.269629366677485,"twosided_contam"
75032,"LSE",0.175429768673422,0.224560540509092,"twosided_contam"
75032,"Huber",0.132804845835244,0.169914006001917,"twosided_contam"
75032,"L1",0.117650973464067,0.157282173414106,"twosided_contam"
75032,"PMM3",0.125633922322239,0.161874391854339,"twosided_contam"
75032,"W1",0.122067515979707,0.15805643214555,"twosided_contam"
75032,"WPMM3",0.121540470475872,0.156617966444085,"twosided_contam"
75033,"LSE",0.30118991968816,0.452213287067796,"twosided_contam"
75033,"Huber",0.218546115908336,0.295394746470579,"twosided_contam"
75033,"L1",0.227589504041791,0.304439502860738,"twosided_contam"
75033,"PMM3",0.217910481224309,0.293524635461424,"twosided_contam"
75033,"W1",0.204600674758002,0.271472005028354,"twosided_contam"
75033,"WPMM3",0.209266747442878,0.272995152755399,"twosided_contam"
75034,"LSE",0.460353277774652,0.679828045203882,"twosided_contam"
75034,"Huber",0.194026023584548,0.297023885383966,"twosided_contam"
75034,"L1",0.223548324644552,0.338124577843884,"twosided_contam"
75034,"PMM3",0.332878590063484,0.501557272583306,"twosided_contam"
75034,"W1",0.171317786410826,0.235195610021662,"twosided_contam"
75034,"WPMM3",0.172318202345394,0.235836402252421,"twosided_contam"
75035,"LSE",0.483383065891369,0.712558963550774,"twosided_contam"
75035,"Huber",0.0786920482305443,0.102534340863407,"twosided_contam"
75035,"L1",0.133589409884671,0.195092704206268,"twosided_contam"
75035,"PMM3",0.12808871126085,0.150437704544493,"twosided_contam"
75035,"W1",0.0797321710646069,0.106935016921744,"twosided_contam"
75035,"WPMM3",0.0701636283183811,0.0952421478275216,"twosided_contam"
75036,"LSE",0.27721958154533,0.328232443422949,"twosided_contam"
75036,"Huber",0.113440721933506,0.120998240257325,"twosided_contam"
75036,"L1",0.083905645426607,0.0829648800420004,"twosided_contam"
75036,"PMM3",0.103570084838792,0.121937762674193,"twosided_contam"
75036,"W1",0.104529480279819,0.126883819457023,"twosided_contam"
75036,"WPMM3",0.112657750731279,0.131989303503112,"twosided_contam"
75037,"LSE",0.157022433653862,0.25947515712764,"twosided_contam"
75037,"Huber",0.109427394049496,0.175837646601025,"twosided_contam"
75037,"L1",0.173098128849934,0.221052687415726,"twosided_contam"
75037,"PMM3",0.100492902052262,0.16057763089078,"twosided_contam"
75037,"W1",0.106603334717099,0.172445270014437,"twosided_contam"
75037,"WPMM3",0.105047895765,0.166049757242065,"twosided_contam"
75038,"LSE",0.119897553886658,0.151833764292831,"twosided_contam"
75038,"Huber",0.0575055568444162,0.0702280449298678,"twosided_contam"
75038,"L1",0.0380694116215627,0.0460280491877467,"twosided_contam"
75038,"PMM3",0.0573935482773011,0.0839570500188756,"twosided_contam"
75038,"W1",0.04761827226867,0.0580512050543271,"twosided_contam"
75038,"WPMM3",0.0488334408944697,0.0544521576920079,"twosided_contam"
75039,"LSE",0.354340664909636,0.460298026644516,"twosided_contam"
75039,"Huber",0.0835924013883808,0.111685225345138,"twosided_contam"
75039,"L1",0.177372859041014,0.277906824874916,"twosided_contam"
75039,"PMM3",0.153429606936448,0.168429769337138,"twosided_contam"
75039,"W1",0.0829288423979645,0.126844714995575,"twosided_contam"
75039,"WPMM3",0.0856400820422954,0.130443567553697,"twosided_contam"
75040,"LSE",0.162803248825653,0.170071500042477,"twosided_contam"
75040,"Huber",0.115933359800527,0.118498013903557,"twosided_contam"
75040,"L1",0.0921827334975877,0.107885680189441,"twosided_contam"
75040,"PMM3",0.132142296403635,0.138079099875623,"twosided_contam"
75040,"W1",0.124516082429159,0.136116439613024,"twosided_contam"
75040,"WPMM3",0.126891799929994,0.149663090679407,"twosided_contam"
75041,"LSE",0.189233973680436,0.300144157821787,"twosided_contam"
75041,"Huber",0.168453289537456,0.25534243847728,"twosided_contam"
75041,"L1",0.214224294498785,0.312951282431712,"twosided_contam"
75041,"PMM3",0.146503198285176,0.225503010207534,"twosided_contam"
75041,"W1",0.176245551584782,0.266775644848318,"twosided_contam"
75041,"WPMM3",0.188235794713551,0.285092856411213,"twosided_contam"
75042,"LSE",0.173834752214833,0.249927782436079,"twosided_contam"
75042,"Huber",0.108530608974014,0.112254658873447,"twosided_contam"
75042,"L1",0.195304782926025,0.184957915846342,"twosided_contam"
75042,"PMM3",0.178716154284874,0.239575357261336,"twosided_contam"
75042,"W1",0.0962596516111284,0.0883406877299796,"twosided_contam"
75042,"WPMM3",0.103875145206906,0.0952456034313498,"twosided_contam"
75043,"LSE",0.281120995780363,0.381922430275714,"twosided_contam"
75043,"Huber",0.283785276211662,0.388325201398189,"twosided_contam"
75043,"L1",0.320222667992013,0.456041764476317,"twosided_contam"
75043,"PMM3",0.293856255276976,0.401440802969358,"twosided_contam"
75043,"W1",0.290986562249214,0.399353769802144,"twosided_contam"
75043,"WPMM3",0.290364439541145,0.398222083608686,"twosided_contam"
75044,"LSE",0.213666094415653,0.287138078891641,"twosided_contam"
75044,"Huber",0.158641345986196,0.207346141034036,"twosided_contam"
75044,"L1",0.238886976749295,0.292860854782378,"twosided_contam"
75044,"PMM3",0.0799668040920125,0.114789645546173,"twosided_contam"
75044,"W1",0.168775484317922,0.212271730780051,"twosided_contam"
75044,"WPMM3",0.186783509742537,0.22985174848553,"twosided_contam"
75045,"LSE",0.0604747845747722,0.0668762552726425,"twosided_contam"
75045,"Huber",0.0905010692545803,0.101856399577764,"twosided_contam"
75045,"L1",0.140634411217101,0.181222398387233,"twosided_contam"
75045,"PMM3",0.119366044993064,0.147178609377475,"twosided_contam"
75045,"W1",0.0976956796156122,0.116674112229595,"twosided_contam"
75045,"WPMM3",0.0951057633270509,0.113268155635307,"twosided_contam"
75046,"LSE",0.42452523467794,0.522296015953292,"twosided_contam"
75046,"Huber",0.144402404228023,0.108714359683229,"twosided_contam"
75046,"L1",0.173639013442514,0.188471593437345,"twosided_contam"
75046,"PMM3",0.1819366969643,0.159207804244709,"twosided_contam"
75046,"W1",0.11830734792313,0.0937284389970494,"twosided_contam"
75046,"WPMM3",0.119582579582054,0.0932593117451337,"twosided_contam"
75047,"LSE",0.159882353209348,0.223682968969559,"twosided_contam"
75047,"Huber",0.152014697071293,0.213870956466295,"twosided_contam"
75047,"L1",0.125377543924285,0.177070346795707,"twosided_contam"
75047,"PMM3",0.155906822982539,0.224659839768408,"twosided_contam"
75047,"W1",0.150458673623878,0.215312059279458,"twosided_contam"
75047,"WPMM3",0.14420913563293,0.205986059688789,"twosided_contam"
75048,"LSE",0.221634943317152,0.34975293846595,"twosided_contam"
75048,"Huber",0.168232850102207,0.226402064332956,"twosided_contam"
75048,"L1",0.190735174028278,0.287501588162602,"twosided_contam"
75048,"PMM3",0.126564123890772,0.175174764520672,"twosided_contam"
75048,"W1",0.170956248741763,0.231613368779936,"twosided_contam"
75048,"WPMM3",0.179444471960877,0.245450743668179,"twosided_contam"
75049,"LSE",0.10333443633621,0.124493384455996,"twosided_contam"
75049,"Huber",0.118159585327691,0.133932100105096,"twosided_contam"
75049,"L1",0.134135494155276,0.172007977068751,"twosided_contam"
75049,"PMM3",0.127731330472742,0.13959416423015,"twosided_contam"
75049,"W1",0.137457756535423,0.154323157181383,"twosided_contam"
75049,"WPMM3",0.138724418619789,0.157240754885313,"twosided_contam"
75050,"LSE",0.188688681335671,0.275942445745368,"twosided_contam"
75050,"Huber",0.117513365528408,0.176572893304934,"twosided_contam"
75050,"L1",0.154777648266686,0.249117853825897,"twosided_contam"
75050,"PMM3",0.0867423662226154,0.118344649374712,"twosided_contam"
75050,"W1",0.123482240319723,0.180349552514174,"twosided_contam"
75050,"WPMM3",0.129393879236596,0.192708806489177,"twosided_contam"
75051,"LSE",0.288770466606169,0.39101042713466,"twosided_contam"
75051,"Huber",0.133472605505795,0.17844558595089,"twosided_contam"
75051,"L1",0.142891542746285,0.196055820985753,"twosided_contam"
75051,"PMM3",0.163794056861452,0.177504526152997,"twosided_contam"
75051,"W1",0.148917400650132,0.202980867059473,"twosided_contam"
75051,"WPMM3",0.148851913000089,0.20077765805448,"twosided_contam"
75052,"LSE",0.165643530839873,0.215794805635019,"twosided_contam"
75052,"Huber",0.200751333489774,0.253171874895019,"twosided_contam"
75052,"L1",0.271441725435997,0.34778996121224,"twosided_contam"
75052,"PMM3",0.217122723263831,0.278535067313216,"twosided_contam"
75052,"W1",0.208989734473338,0.259970555732521,"twosided_contam"
75052,"WPMM3",0.215045158012712,0.266716308099258,"twosided_contam"
75053,"LSE",0.218149694465281,0.341970193328428,"twosided_contam"
75053,"Huber",0.142906598404223,0.21306623634564,"twosided_contam"
75053,"L1",0.183068969706073,0.236079271472505,"twosided_contam"
75053,"PMM3",0.152117903502579,0.23207837818428,"twosided_contam"
75053,"W1",0.144608885866109,0.213420895109508,"twosided_contam"
75053,"WPMM3",0.158432486242491,0.233927531049876,"twosided_contam"
75054,"LSE",0.354384166213421,0.533931658928493,"twosided_contam"
75054,"Huber",0.208266135126829,0.290465866377849,"twosided_contam"
75054,"L1",0.251337897933184,0.370327377273522,"twosided_contam"
75054,"PMM3",0.231745813385878,0.322421936598346,"twosided_contam"
75054,"W1",0.193142642911299,0.262360172381386,"twosided_contam"
75054,"WPMM3",0.204216660123422,0.280433448536828,"twosided_contam"
75055,"LSE",0.271263747383636,0.360045327192278,"twosided_contam"
75055,"Huber",0.141060735507583,0.144179823656478,"twosided_contam"
75055,"L1",0.14082430214595,0.16505708522397,"twosided_contam"
75055,"PMM3",0.221299977228051,0.193202889656557,"twosided_contam"
75055,"W1",0.123012115342909,0.126544899588191,"twosided_contam"
75055,"WPMM3",0.11807169702402,0.130252859949202,"twosided_contam"
75056,"LSE",0.197214475945886,0.258738617303567,"twosided_contam"
75056,"Huber",0.175353740706001,0.236053545547298,"twosided_contam"
75056,"L1",0.226679468773671,0.361468024654511,"twosided_contam"
75056,"PMM3",0.181594135591443,0.238023253244025,"twosided_contam"
75056,"W1",0.176970077262443,0.24198798291201,"twosided_contam"
75056,"WPMM3",0.165904619633176,0.229659850883645,"twosided_contam"
75057,"LSE",0.27523714211032,0.389416153373283,"twosided_contam"
75057,"Huber",0.11626762451021,0.151210507457814,"twosided_contam"
75057,"L1",0.1345063208673,0.205017241509412,"twosided_contam"
75057,"PMM3",0.164142957664385,0.236030366352508,"twosided_contam"
75057,"W1",0.111104499569254,0.143196064391244,"twosided_contam"
75057,"WPMM3",0.098348702636187,0.121093087235083,"twosided_contam"
75058,"LSE",0.981860632721837,1.37181273994993,"twosided_contam"
75058,"Huber",0.0900334736161564,0.133456472898617,"twosided_contam"
75058,"L1",0.0849661597228123,0.13241781981999,"twosided_contam"
75058,"PMM3",0.328165317826497,0.461992060276269,"twosided_contam"
75058,"W1",0.114616552060343,0.169562839152082,"twosided_contam"
75058,"WPMM3",0.106985091419073,0.160365431278327,"twosided_contam"
75059,"LSE",0.168438946543906,0.202253891547048,"twosided_contam"
75059,"Huber",0.106945362575721,0.134082065334052,"twosided_contam"
75059,"L1",0.0696812707434398,0.091687283326078,"twosided_contam"
75059,"PMM3",0.118046623253938,0.145940922696466,"twosided_contam"
75059,"W1",0.100641921399703,0.126588191810577,"twosided_contam"
75059,"WPMM3",0.095515584274458,0.121824143500678,"twosided_contam"
75060,"LSE",0.288193090816053,0.397143614612133,"twosided_contam"
75060,"Huber",0.118498404063888,0.149221863375214,"twosided_contam"
75060,"L1",0.114691641115745,0.150484756302677,"twosided_contam"
75060,"PMM3",0.172546319853505,0.240430952247167,"twosided_contam"
75060,"W1",0.115561691088545,0.141462064648176,"twosided_contam"
75060,"WPMM3",0.111863514272571,0.142044785804896,"twosided_contam"
75061,"LSE",0.334809354761127,0.44679869673977,"twosided_contam"
75061,"Huber",0.123121275741763,0.172085615802658,"twosided_contam"
75061,"L1",0.137784308886722,0.183021111133872,"twosided_contam"
75061,"PMM3",0.127170637942881,0.178783163863937,"twosided_contam"
75061,"W1",0.100355164497041,0.139827819944309,"twosided_contam"
75061,"WPMM3",0.0983882798863047,0.13821784254686,"twosided_contam"
75062,"LSE",2.04845675114596,3.06476236511139,"twosided_contam"
75062,"Huber",0.139399283998439,0.175998205632935,"twosided_contam"
75062,"L1",0.0523111062520097,0.0700824546171598,"twosided_contam"
75062,"PMM3",0.418059469010345,0.567153075719766,"twosided_contam"
75062,"W1",0.118992890653362,0.151635828873068,"twosided_contam"
75062,"WPMM3",0.111699937688654,0.141896941517908,"twosided_contam"
75063,"LSE",0.299439210824335,0.43871664258763,"twosided_contam"
75063,"Huber",0.155196648273,0.208392163427743,"twosided_contam"
75063,"L1",0.153034586543525,0.188127900350155,"twosided_contam"
75063,"PMM3",0.173501265193919,0.240717220104568,"twosided_contam"
75063,"W1",0.134675974021417,0.181806285498676,"twosided_contam"
75063,"WPMM3",0.124978497381313,0.166436246493273,"twosided_contam"
75064,"LSE",0.205499379171393,0.326581036939231,"twosided_contam"
75064,"Huber",0.10741586594573,0.14186955857238,"twosided_contam"
75064,"L1",0.178428907402559,0.21780701322321,"twosided_contam"
75064,"PMM3",0.141615036469984,0.188043163956126,"twosided_contam"
75064,"W1",0.0917623981045961,0.125044796390219,"twosided_contam"
75064,"WPMM3",0.0851906711633846,0.113222497847081,"twosided_contam"
75065,"LSE",0.105233735561866,0.0995556448516219,"twosided_contam"
75065,"Huber",0.0884520394371656,0.0587909231799681,"twosided_contam"
75065,"L1",0.081237689996636,0.0950470654225955,"twosided_contam"
75065,"PMM3",0.0530258722584972,0.0516256751003578,"twosided_contam"
75065,"W1",0.0739219531964918,0.0495370014662334,"twosided_contam"
75065,"WPMM3",0.0784032991899181,0.0591445099606603,"twosided_contam"
75066,"LSE",0.256512680907332,0.370534863404543,"twosided_contam"
75066,"Huber",0.119082438305204,0.15234538859723,"twosided_contam"
75066,"L1",0.0821507646234987,0.0896335260977199,"twosided_contam"
75066,"PMM3",0.302347189936893,0.399474194049254,"twosided_contam"
75066,"W1",0.0822523340639991,0.112242894475251,"twosided_contam"
75066,"WPMM3",0.0783827079134425,0.107609213625421,"twosided_contam"
75067,"LSE",0.140405029000043,0.186438705034939,"twosided_contam"
75067,"Huber",0.129420356340263,0.133316350670729,"twosided_contam"
75067,"L1",0.147462894153491,0.179703317854217,"twosided_contam"
75067,"PMM3",0.144864946539217,0.163714603043386,"twosided_contam"
75067,"W1",0.133644418922068,0.134473626862856,"twosided_contam"
75067,"WPMM3",0.138989113113945,0.132009949011154,"twosided_contam"
75068,"LSE",0.212530694854608,0.327391635073272,"twosided_contam"
75068,"Huber",0.102687815175971,0.157654786835334,"twosided_contam"
75068,"L1",0.136340453756854,0.185712425171542,"twosided_contam"
75068,"PMM3",0.127364079784335,0.198768093454024,"twosided_contam"
75068,"W1",0.0800112047706606,0.122705281888773,"twosided_contam"
75068,"WPMM3",0.0794180062669149,0.12314370250983,"twosided_contam"
75069,"LSE",0.187979225785187,0.237365856544716,"twosided_contam"
75069,"Huber",0.102142598279073,0.138856698696327,"twosided_contam"
75069,"L1",0.208712814140687,0.244706950197608,"twosided_contam"
75069,"PMM3",0.0895505546382028,0.119842230057023,"twosided_contam"
75069,"W1",0.0935520204966482,0.128123107215775,"twosided_contam"
75069,"WPMM3",0.0979360644676047,0.136333447964851,"twosided_contam"
75070,"LSE",0.388333730626219,0.476155457988971,"twosided_contam"
75070,"Huber",0.116266944031374,0.142087089409833,"twosided_contam"
75070,"L1",0.132657423581468,0.168811034140004,"twosided_contam"
75070,"PMM3",0.191307563058735,0.26295696994178,"twosided_contam"
75070,"W1",0.115281142693528,0.147027114256736,"twosided_contam"
75070,"WPMM3",0.115214651911899,0.149536535900837,"twosided_contam"
75071,"LSE",0.326816037098571,0.423177436606049,"twosided_contam"
75071,"Huber",0.15352788648293,0.233596405428457,"twosided_contam"
75071,"L1",0.218315480489447,0.298604020948805,"twosided_contam"
75071,"PMM3",0.177487891937598,0.187024706316276,"twosided_contam"
75071,"W1",0.164758576914354,0.253632582677182,"twosided_contam"
75071,"WPMM3",0.160427577775043,0.238505320886833,"twosided_contam"
75072,"LSE",0.309865322184622,0.369822874995071,"twosided_contam"
75072,"Huber",0.169733117384291,0.221764999960323,"twosided_contam"
75072,"L1",0.162252613893744,0.195204888514398,"twosided_contam"
75072,"PMM3",0.194738398618851,0.246639001361017,"twosided_contam"
75072,"W1",0.163844425878494,0.218432902855052,"twosided_contam"
75072,"WPMM3",0.159347348408626,0.21251259122266,"twosided_contam"
75073,"LSE",0.141031949255764,0.168361341608587,"twosided_contam"
75073,"Huber",0.192912685480175,0.256155547179019,"twosided_contam"
75073,"L1",0.142042650056194,0.18375604619882,"twosided_contam"
75073,"PMM3",0.238394371401995,0.317645202589713,"twosided_contam"
75073,"W1",0.206911966228796,0.275697743403058,"twosided_contam"
75073,"WPMM3",0.194704392236965,0.259376794066341,"twosided_contam"
75074,"LSE",0.412817772108835,0.606304148281731,"twosided_contam"
75074,"Huber",0.159792328413594,0.230390149090019,"twosided_contam"
75074,"L1",0.156411070825745,0.223135068203727,"twosided_contam"
75074,"PMM3",0.242271692678226,0.352648303805388,"twosided_contam"
75074,"W1",0.136162356027745,0.192224604261152,"twosided_contam"
75074,"WPMM3",0.127215434397322,0.182891794573692,"twosided_contam"
75075,"LSE",0.288123570881338,0.250270191251595,"twosided_contam"
75075,"Huber",0.164697439396955,0.194270933212545,"twosided_contam"
75075,"L1",0.234260801935956,0.275172887137834,"twosided_contam"
75075,"PMM3",0.175503408199918,0.233962142278452,"twosided_contam"
75075,"W1",0.163210353684293,0.206246323194587,"twosided_contam"
75075,"WPMM3",0.163982761824578,0.20580862687069,"twosided_contam"
75076,"LSE",0.366943157338478,0.51124679073557,"twosided_contam"
75076,"Huber",0.158451346210498,0.198343556555016,"twosided_contam"
75076,"L1",0.173486271417342,0.205283472660754,"twosided_contam"
75076,"PMM3",0.159637994887441,0.190370529908444,"twosided_contam"
75076,"W1",0.16157486151704,0.206102361247952,"twosided_contam"
75076,"WPMM3",0.158975493814334,0.204096690044927,"twosided_contam"
75077,"LSE",0.263207880503035,0.316614324751766,"twosided_contam"
75077,"Huber",0.106285706998384,0.129912028550318,"twosided_contam"
75077,"L1",0.0993601645201937,0.13855518322186,"twosided_contam"
75077,"PMM3",0.117536959984057,0.145440960564902,"twosided_contam"
75077,"W1",0.0855454449428019,0.109212579880597,"twosided_contam"
75077,"WPMM3",0.0934665097266613,0.124997681355883,"twosided_contam"
75078,"LSE",0.267030165609,0.392236285208553,"twosided_contam"
75078,"Huber",0.154717873325108,0.241527416070249,"twosided_contam"
75078,"L1",0.168614417926826,0.257545128630272,"twosided_contam"
75078,"PMM3",0.18889089562177,0.299043475638968,"twosided_contam"
75078,"W1",0.158412779699853,0.246644638344431,"twosided_contam"
75078,"WPMM3",0.14893311690795,0.23137967708082,"twosided_contam"
75079,"LSE",0.230730875622404,0.291733775650982,"twosided_contam"
75079,"Huber",0.154516449799226,0.188789578243178,"twosided_contam"
75079,"L1",0.190027512579454,0.255623558163719,"twosided_contam"
75079,"PMM3",0.172087190250346,0.196677395304017,"twosided_contam"
75079,"W1",0.138942582766942,0.165583466974594,"twosided_contam"
75079,"WPMM3",0.137470119302542,0.167359581054275,"twosided_contam"
75080,"LSE",0.287449325155092,0.34375382649037,"twosided_contam"
75080,"Huber",0.193638899896654,0.222012184515696,"twosided_contam"
75080,"L1",0.13393384686297,0.154100845660686,"twosided_contam"
75080,"PMM3",0.183986399809751,0.214350317732798,"twosided_contam"
75080,"W1",0.174817610445537,0.205335134179777,"twosided_contam"
75080,"WPMM3",0.172988460413523,0.206669254252835,"twosided_contam"
75081,"LSE",0.224663359532357,0.335527269105909,"twosided_contam"
75081,"Huber",0.186186286927009,0.290604932093406,"twosided_contam"
75081,"L1",0.16970348213085,0.263474530142938,"twosided_contam"
75081,"PMM3",0.265758293784609,0.430676276549686,"twosided_contam"
75081,"W1",0.177857831768073,0.282084845277979,"twosided_contam"
75081,"WPMM3",0.164755812435072,0.258545492720767,"twosided_contam"
75082,"LSE",0.27202794438365,0.401307305527935,"twosided_contam"
75082,"Huber",0.111582952085042,0.16359053511861,"twosided_contam"
75082,"L1",0.133502914162052,0.192279689971458,"twosided_contam"
75082,"PMM3",0.203273223614788,0.270393672781194,"twosided_contam"
75082,"W1",0.11201937965491,0.158298359175349,"twosided_contam"
75082,"WPMM3",0.123254291558623,0.178220590821345,"twosided_contam"
75083,"LSE",0.442067785742791,0.587517923712315,"twosided_contam"
75083,"Huber",0.143899361838545,0.126026703222946,"twosided_contam"
75083,"L1",0.173842825778197,0.233399223190707,"twosided_contam"
75083,"PMM3",0.106877767059994,0.127646862534353,"twosided_contam"
75083,"W1",0.134453943442696,0.129438123698711,"twosided_contam"
75083,"WPMM3",0.13748244920814,0.144566818956371,"twosided_contam"
75084,"LSE",0.254387939809848,0.363276384867352,"twosided_contam"
75084,"Huber",0.225761179442824,0.328625417015488,"twosided_contam"
75084,"L1",0.191640311571726,0.300520678668405,"twosided_contam"
75084,"PMM3",0.220949012213568,0.321051291907434,"twosided_contam"
75084,"W1",0.220222744363746,0.32308966077815,"twosided_contam"
75084,"WPMM3",0.213540318317451,0.317641473365208,"twosided_contam"
75085,"LSE",0.125337238098791,0.173942536356098,"twosided_contam"
75085,"Huber",0.168916880193053,0.245000891771171,"twosided_contam"
75085,"L1",0.174168023612717,0.231156633437899,"twosided_contam"
75085,"PMM3",0.178783448048008,0.269116547809186,"twosided_contam"
75085,"W1",0.180290328884886,0.265936509643033,"twosided_contam"
75085,"WPMM3",0.185520570780619,0.272532043585666,"twosided_contam"
75086,"LSE",0.300088778883136,0.401041128607945,"twosided_contam"
75086,"Huber",0.159158659941106,0.18082472363866,"twosided_contam"
75086,"L1",0.196126692133665,0.200399292681516,"twosided_contam"
75086,"PMM3",0.180835335809352,0.210428829225997,"twosided_contam"
75086,"W1",0.149819701308927,0.172296181466606,"twosided_contam"
75086,"WPMM3",0.149603069034802,0.169509147644838,"twosided_contam"
75087,"LSE",0.205010928935657,0.280714276915113,"twosided_contam"
75087,"Huber",0.122635656217854,0.164195995013672,"twosided_contam"
75087,"L1",0.0710768272657013,0.0746300703016541,"twosided_contam"
75087,"PMM3",0.187151901091816,0.2606323063949,"twosided_contam"
75087,"W1",0.110293582387099,0.148738264709203,"twosided_contam"
75087,"WPMM3",0.102403393322892,0.136891207860045,"twosided_contam"
75088,"LSE",0.121290364865932,0.176285653495133,"twosided_contam"
75088,"Huber",0.127486078527983,0.170595087680734,"twosided_contam"
75088,"L1",0.128401950617217,0.159023121751995,"twosided_contam"
75088,"PMM3",0.127880031154443,0.15413398529792,"twosided_contam"
75088,"W1",0.152738023850682,0.208748584528169,"twosided_contam"
75088,"WPMM3",0.16263512773752,0.224396453089517,"twosided_contam"
75089,"LSE",0.0887664802760169,0.146177893529303,"twosided_contam"
75089,"Huber",0.0956021846485014,0.134265448205581,"twosided_contam"
75089,"L1",0.087797143842327,0.114889115245475,"twosided_contam"
75089,"PMM3",0.131828823501287,0.182210262091526,"twosided_contam"
75089,"W1",0.136332327127646,0.19201462539702,"twosided_contam"
75089,"WPMM3",0.141649208353593,0.202345779364066,"twosided_contam"
75090,"LSE",0.217957331341707,0.265786111075074,"twosided_contam"
75090,"Huber",0.209547476071589,0.327311727880492,"twosided_contam"
75090,"L1",0.267865132165361,0.447684099926943,"twosided_contam"
75090,"PMM3",0.226900247932738,0.333399872401963,"twosided_contam"
75090,"W1",0.228858511336867,0.36578690370814,"twosided_contam"
75090,"WPMM3",0.231325720700869,0.375713173034808,"twosided_contam"
75091,"LSE",0.254225527446915,0.315975991743371,"twosided_contam"
75091,"Huber",0.090271220529809,0.0854672656459882,"twosided_contam"
75091,"L1",0.160614526806686,0.18733372172336,"twosided_contam"
75091,"PMM3",0.117376731944068,0.130028375881749,"twosided_contam"
75091,"W1",0.116565041898655,0.130075548128555,"twosided_contam"
75091,"WPMM3",0.122906638282114,0.134941197279756,"twosided_contam"
75092,"LSE",0.30950295792291,0.446054193049515,"twosided_contam"
75092,"Huber",0.179213036273155,0.241372811303636,"twosided_contam"
75092,"L1",0.239727296868218,0.30196775093495,"twosided_contam"
75092,"PMM3",0.176264616566803,0.255059848535498,"twosided_contam"
75092,"W1",0.175013044546474,0.232702615825319,"twosided_contam"
75092,"WPMM3",0.189367598977589,0.240171390860891,"twosided_contam"
75093,"LSE",0.103879136011464,0.125934154620094,"twosided_contam"
75093,"Huber",0.159726458533677,0.192192474807534,"twosided_contam"
75093,"L1",0.218088137525808,0.234301906845028,"twosided_contam"
75093,"PMM3",0.118744188477006,0.153746228852454,"twosided_contam"
75093,"W1",0.161607781298201,0.192492667889807,"twosided_contam"
75093,"WPMM3",0.179665465967896,0.209041334529967,"twosided_contam"
75094,"LSE",0.381317614690858,0.550076510419667,"twosided_contam"
75094,"Huber",0.077426062502683,0.108668320596099,"twosided_contam"
75094,"L1",0.141114759126867,0.210313436999101,"twosided_contam"
75094,"PMM3",0.191684306568084,0.240688064616493,"twosided_contam"
75094,"W1",0.0931906072763993,0.134170915589125,"twosided_contam"
75094,"WPMM3",0.094856702277694,0.136814786950316,"twosided_contam"
75095,"LSE",0.311517916639841,0.493116951285096,"twosided_contam"
75095,"Huber",0.129430248517698,0.184454062166994,"twosided_contam"
75095,"L1",0.0739905261086368,0.100381804223112,"twosided_contam"
75095,"PMM3",0.208564772964329,0.312838652161608,"twosided_contam"
75095,"W1",0.124312429404708,0.158404473856709,"twosided_contam"
75095,"WPMM3",0.115758346006169,0.143555728950816,"twosided_contam"
75096,"LSE",0.186166121652357,0.272287164278807,"twosided_contam"
75096,"Huber",0.159944200667732,0.187458255316927,"twosided_contam"
75096,"L1",0.134100879860613,0.176124464783744,"twosided_contam"
75096,"PMM3",0.220475901466386,0.250649082783127,"twosided_contam"
75096,"W1",0.15308432373236,0.19148639371445,"twosided_contam"
75096,"WPMM3",0.143653220949823,0.185366385218065,"twosided_contam"
75097,"LSE",0.187032571187592,0.237286063278047,"twosided_contam"
75097,"Huber",0.149742392213475,0.185961737896583,"twosided_contam"
75097,"L1",0.187234419538855,0.238675074087947,"twosided_contam"
75097,"PMM3",0.130947391506939,0.160802731227581,"twosided_contam"
75097,"W1",0.144244360399683,0.181043994855492,"twosided_contam"
75097,"WPMM3",0.154743163174547,0.194627372822728,"twosided_contam"
75098,"LSE",0.172436054246215,0.225387869357478,"twosided_contam"
75098,"Huber",0.0940306583930527,0.112908597885719,"twosided_contam"
75098,"L1",0.0980251985714477,0.139484605426353,"twosided_contam"
75098,"PMM3",0.153214860881387,0.179926326528799,"twosided_contam"
75098,"W1",0.0943739759896556,0.107485475877137,"twosided_contam"
75098,"WPMM3",0.083415252777018,0.0975353296921002,"twosided_contam"
75099,"LSE",0.403027041962731,0.62315226505758,"twosided_contam"
75099,"Huber",0.149701101677516,0.219449326753076,"twosided_contam"
75099,"L1",0.179909439563853,0.225164301090372,"twosided_contam"
75099,"PMM3",0.173450348842154,0.283769155489858,"twosided_contam"
75099,"W1",0.147535026671164,0.212324686285217,"twosided_contam"
75099,"WPMM3",0.149705776249844,0.191940371425686,"twosided_contam"
75100,"LSE",0.126315990491024,0.168657613727954,"twosided_contam"
75100,"Huber",0.115492568215322,0.153457896583401,"twosided_contam"
75100,"L1",0.190368175161107,0.241067802215642,"twosided_contam"
75100,"PMM3",0.103641364619945,0.144045097112439,"twosided_contam"
75100,"W1",0.108018841561272,0.14485432987588,"twosided_contam"
75100,"WPMM3",0.111875578824591,0.149247287057792,"twosided_contam"
75101,"LSE",0.248017332786288,0.306905954573386,"twosided_contam"
75101,"Huber",0.182879607506712,0.224148376272511,"twosided_contam"
75101,"L1",0.204089625607151,0.2396735968206,"twosided_contam"
75101,"PMM3",0.185399170642299,0.224308262361619,"twosided_contam"
75101,"W1",0.176248640459472,0.215835995186616,"twosided_contam"
75101,"WPMM3",0.181074962050561,0.221461929671881,"twosided_contam"
75102,"LSE",0.21034487533056,0.262199709557425,"twosided_contam"
75102,"Huber",0.192538545181106,0.259998759129336,"twosided_contam"
75102,"L1",0.154249879482409,0.207401381816014,"twosided_contam"
75102,"PMM3",0.213769679902411,0.285190951609709,"twosided_contam"
75102,"W1",0.199535924251023,0.269313425737055,"twosided_contam"
75102,"WPMM3",0.193652340548441,0.262877744256047,"twosided_contam"
75103,"LSE",0.234986809789147,0.258470606469386,"twosided_contam"
75103,"Huber",0.137083316604167,0.150215226505169,"twosided_contam"
75103,"L1",0.107648172403028,0.12899413701489,"twosided_contam"
75103,"PMM3",0.174221897957125,0.246698367607765,"twosided_contam"
75103,"W1",0.120279053471946,0.139437550907225,"twosided_contam"
75103,"WPMM3",0.121085275542687,0.136695759497899,"twosided_contam"
75104,"LSE",0.203600414329351,0.198956452530681,"twosided_contam"
75104,"Huber",0.116059142462158,0.126387521671561,"twosided_contam"
75104,"L1",0.0893592314404212,0.117778158784054,"twosided_contam"
75104,"PMM3",0.0759294644477287,0.0984697145249461,"twosided_contam"
75104,"W1",0.0715224909155528,0.088246908082846,"twosided_contam"
75104,"WPMM3",0.0787410443995006,0.0970256778537203,"twosided_contam"
75105,"LSE",0.255321369602118,0.274727160762267,"twosided_contam"
75105,"Huber",0.112441014591186,0.155416307162052,"twosided_contam"
75105,"L1",0.151308168366698,0.223845912253588,"twosided_contam"
75105,"PMM3",0.165099221188389,0.247385572858219,"twosided_contam"
75105,"W1",0.0971630902517794,0.150215663469645,"twosided_contam"
75105,"WPMM3",0.0912860911861062,0.139549961188901,"twosided_contam"
75106,"LSE",0.1928337846434,0.226745743224228,"twosided_contam"
75106,"Huber",0.0768962301940164,0.0930368079906381,"twosided_contam"
75106,"L1",0.128643940778734,0.144752804408344,"twosided_contam"
75106,"PMM3",0.110477400905564,0.151511401726002,"twosided_contam"
75106,"W1",0.0681128429708633,0.0866163741615767,"twosided_contam"
75106,"WPMM3",0.0707608067248499,0.0873656437110572,"twosided_contam"
75107,"LSE",0.225845764912394,0.237616438222472,"twosided_contam"
75107,"Huber",0.152103976338843,0.19143182178831,"twosided_contam"
75107,"L1",0.194881362727888,0.261466989030401,"twosided_contam"
75107,"PMM3",0.174441598424872,0.213315459902165,"twosided_contam"
75107,"W1",0.149875474636156,0.192687403886321,"twosided_contam"
75107,"WPMM3",0.154943960183571,0.199263103039866,"twosided_contam"
75108,"LSE",0.259729849356877,0.365476643908811,"twosided_contam"
75108,"Huber",0.168482771326892,0.240948688190933,"twosided_contam"
75108,"L1",0.194263473657509,0.283798589742968,"twosided_contam"
75108,"PMM3",0.26895186159292,0.3708118676218,"twosided_contam"
75108,"W1",0.170457717025249,0.245105610089508,"twosided_contam"
75108,"WPMM3",0.122217129841363,0.162550820927842,"twosided_contam"
75109,"LSE",0.357446812906235,0.4985469171194,"twosided_contam"
75109,"Huber",0.0760265574858594,0.0752524371225352,"twosided_contam"
75109,"L1",0.102527687937802,0.112581724994757,"twosided_contam"
75109,"PMM3",0.0944187413246096,0.0867346704492093,"twosided_contam"
75109,"W1",0.0848255517923081,0.101844960341702,"twosided_contam"
75109,"WPMM3",0.0868688611742437,0.107672717416603,"twosided_contam"
75110,"LSE",0.193484741601951,0.246384684842425,"twosided_contam"
75110,"Huber",0.134753006136366,0.186716542136504,"twosided_contam"
75110,"L1",0.16514005388815,0.218200494207026,"twosided_contam"
75110,"PMM3",0.193125835485601,0.271839891226524,"twosided_contam"
75110,"W1",0.131257556450021,0.176499559191262,"twosided_contam"
75110,"WPMM3",0.134998662671335,0.187173702640807,"twosided_contam"
75111,"LSE",0.155473451727771,0.197353866664233,"twosided_contam"
75111,"Huber",0.127994856633641,0.151148599594087,"twosided_contam"
75111,"L1",0.135448700614336,0.171876142041291,"twosided_contam"
75111,"PMM3",0.147537266953424,0.17711971259045,"twosided_contam"
75111,"W1",0.112015698425778,0.127075828957958,"twosided_contam"
75111,"WPMM3",0.112316421759267,0.128875709718588,"twosided_contam"
75112,"LSE",0.209657656203962,0.294916311853962,"twosided_contam"
75112,"Huber",0.196723346343068,0.296167751152951,"twosided_contam"
75112,"L1",0.182355082818337,0.306485923142261,"twosided_contam"
75112,"PMM3",0.351973111649302,0.535532634490891,"twosided_contam"
75112,"W1",0.212826530857146,0.329676482046369,"twosided_contam"
75112,"WPMM3",0.187416066371405,0.297277078539385,"twosided_contam"
75113,"LSE",1.61056782279637,2.48415260196636,"twosided_contam"
75113,"Huber",0.135773059472048,0.194571648745821,"twosided_contam"
75113,"L1",0.18217960428108,0.253588756205933,"twosided_contam"
75113,"PMM3",0.185491917441083,0.277034309966314,"twosided_contam"
75113,"W1",0.159445549040482,0.230062050988493,"twosided_contam"
75113,"WPMM3",0.150474721920586,0.216364143615808,"twosided_contam"
75114,"LSE",0.353551550375489,0.522681366028633,"twosided_contam"
75114,"Huber",0.217134461058082,0.264110097860788,"twosided_contam"
75114,"L1",0.219048971981267,0.238057395621634,"twosided_contam"
75114,"PMM3",0.232757212739123,0.262076983336042,"twosided_contam"
75114,"W1",0.201460745481551,0.223619404537097,"twosided_contam"
75114,"WPMM3",0.195653938194453,0.217242165686046,"twosided_contam"
75115,"LSE",0.526985923338023,0.717709398755286,"twosided_contam"
75115,"Huber",0.195571961770888,0.265704475433861,"twosided_contam"
75115,"L1",0.243440833672372,0.317201489446192,"twosided_contam"
75115,"PMM3",0.137459990425401,0.145807712458741,"twosided_contam"
75115,"W1",0.195030047647495,0.256203859738542,"twosided_contam"
75115,"WPMM3",0.217855316015253,0.305215357686969,"twosided_contam"
75116,"LSE",0.132904475336889,0.171261520313167,"twosided_contam"
75116,"Huber",0.143596887831938,0.174174302632038,"twosided_contam"
75116,"L1",0.184647909538803,0.219868126622291,"twosided_contam"
75116,"PMM3",0.152918275476185,0.182915742537403,"twosided_contam"
75116,"W1",0.149302905414208,0.177624691626438,"twosided_contam"
75116,"WPMM3",0.154870586502746,0.180699717522419,"twosided_contam"
75117,"LSE",0.184184669357216,0.249946078220671,"twosided_contam"
75117,"Huber",0.107611544211387,0.139651945618127,"twosided_contam"
75117,"L1",0.146293536682784,0.174389913626434,"twosided_contam"
75117,"PMM3",0.124254958973692,0.161231322715289,"twosided_contam"
75117,"W1",0.099896512781011,0.129293757566091,"twosided_contam"
75117,"WPMM3",0.105198009169796,0.127418638443305,"twosided_contam"
75118,"LSE",0.459465650255081,0.707069354295304,"twosided_contam"
75118,"Huber",0.135579010101211,0.197595614271841,"twosided_contam"
75118,"L1",0.18175687414154,0.276520078399355,"twosided_contam"
75118,"PMM3",0.413448143028142,0.506015289973131,"twosided_contam"
75118,"W1",0.116088563203591,0.173621561596547,"twosided_contam"
75118,"WPMM3",0.120193593088291,0.1792431120691,"twosided_contam"
75119,"LSE",0.232096060427753,0.325181982651828,"twosided_contam"
75119,"Huber",0.0958698856018896,0.138222480273248,"twosided_contam"
75119,"L1",0.14899882257349,0.229928653226462,"twosided_contam"
75119,"PMM3",0.159894623741248,0.232415863621093,"twosided_contam"
75119,"W1",0.107774899302577,0.16854941075312,"twosided_contam"
75119,"WPMM3",0.10612061557465,0.16786433162731,"twosided_contam"
75120,"LSE",0.110462335109955,0.165901397730593,"twosided_contam"
75120,"Huber",0.0937536898158701,0.13466771639079,"twosided_contam"
75120,"L1",0.119017117072686,0.150874358086289,"twosided_contam"
75120,"PMM3",0.109223006039916,0.163390616614071,"twosided_contam"
75120,"W1",0.0888717157372725,0.130897660238321,"twosided_contam"
75120,"WPMM3",0.0867676129599154,0.12439194962472,"twosided_contam"
75121,"LSE",0.355943580730859,0.495788851057138,"twosided_contam"
75121,"Huber",0.173546760474369,0.240988848897631,"twosided_contam"
75121,"L1",0.127535300616556,0.169760474837886,"twosided_contam"
75121,"PMM3",4.08545772771299,5.11605408288806,"twosided_contam"
75121,"W1",0.131356893069051,0.182534934398368,"twosided_contam"
75121,"WPMM3",0.122672058201457,0.168440925050356,"twosided_contam"
75122,"LSE",0.169220436825918,0.272044587702057,"twosided_contam"
75122,"Huber",0.113854209043133,0.164949407250755,"twosided_contam"
75122,"L1",0.109523439879336,0.147372941931529,"twosided_contam"
75122,"PMM3",0.129138123626443,0.170323586331584,"twosided_contam"
75122,"W1",0.121999944743634,0.17456676823281,"twosided_contam"
75122,"WPMM3",0.120378723543356,0.1758033039061,"twosided_contam"
75123,"LSE",0.241037753828408,0.324361611131291,"twosided_contam"
75123,"Huber",0.154565623747642,0.182347800643318,"twosided_contam"
75123,"L1",0.153687206570761,0.225591476677262,"twosided_contam"
75123,"PMM3",0.201481436609689,0.211375614598009,"twosided_contam"
75123,"W1",0.147013645605212,0.166543596114579,"twosided_contam"
75123,"WPMM3",0.144440343075311,0.16383730125761,"twosided_contam"
75124,"LSE",0.175796190576606,0.276771372801457,"twosided_contam"
75124,"Huber",0.0955524022479873,0.138139562899343,"twosided_contam"
75124,"L1",0.113869119036011,0.124013035737959,"twosided_contam"
75124,"PMM3",0.119138050832666,0.169835008085102,"twosided_contam"
75124,"W1",0.0856202008296275,0.119950632320023,"twosided_contam"
75124,"WPMM3",0.0762685968353365,0.105170153151038,"twosided_contam"
75125,"LSE",0.186620496577436,0.2376296013357,"twosided_contam"
75125,"Huber",0.0785955031074151,0.103469694604957,"twosided_contam"
75125,"L1",0.149500514085448,0.199936830379498,"twosided_contam"
75125,"PMM3",0.0726349333848246,0.100136408139727,"twosided_contam"
75125,"W1",0.072220430577452,0.091183886841209,"twosided_contam"
75125,"WPMM3",0.082736442156477,0.111510175325918,"twosided_contam"
75126,"LSE",0.339431584655005,0.426751437625248,"twosided_contam"
75126,"Huber",0.135612811978582,0.193706393919716,"twosided_contam"
75126,"L1",0.105323631024921,0.172025389463577,"twosided_contam"
75126,"PMM3",0.351661711497079,0.545229528239545,"twosided_contam"
75126,"W1",0.115590961071609,0.178356447853303,"twosided_contam"
75126,"WPMM3",0.108398774518587,0.165879296796175,"twosided_contam"
75127,"LSE",0.257225428873151,0.296991579539308,"twosided_contam"
75127,"Huber",0.124678967686391,0.166704121070231,"twosided_contam"
75127,"L1",0.207904354864158,0.288853311868896,"twosided_contam"
75127,"PMM3",0.291330043842616,0.427340663202791,"twosided_contam"
75127,"W1",0.11483986210399,0.172682018899186,"twosided_contam"
75127,"WPMM3",0.099823505831454,0.142779599236336,"twosided_contam"
75128,"LSE",0.597245247340562,0.853329861988237,"twosided_contam"
75128,"Huber",0.160818505944228,0.245787655852551,"twosided_contam"
75128,"L1",0.181000594132347,0.262740983546603,"twosided_contam"
75128,"PMM3",0.419185098266921,0.591699133698831,"twosided_contam"
75128,"W1",0.140165596702939,0.175164863160351,"twosided_contam"
75128,"WPMM3",0.151233940326681,0.176355801229858,"twosided_contam"
75129,"LSE",0.151461305867905,0.21246966477648,"twosided_contam"
75129,"Huber",0.0874774583294431,0.12464394807605,"twosided_contam"
75129,"L1",0.0846717711278748,0.0986284297803329,"twosided_contam"
75129,"PMM3",0.197483607774077,0.279067823621965,"twosided_contam"
75129,"W1",0.0817702176120656,0.122529274216491,"twosided_contam"
75129,"WPMM3",0.0852044050792429,0.127209790638212,"twosided_contam"
75130,"LSE",0.228471457976911,0.364665522296075,"twosided_contam"
75130,"Huber",0.14146695146109,0.217096654676137,"twosided_contam"
75130,"L1",0.13578593425817,0.203066460951639,"twosided_contam"
75130,"PMM3",0.153024013238866,0.237267152374173,"twosided_contam"
75130,"W1",0.132726672797668,0.200695911925774,"twosided_contam"
75130,"WPMM3",0.127204334301119,0.192979371785694,"twosided_contam"
75131,"LSE",0.300600147466416,0.42482998321108,"twosided_contam"
75131,"Huber",0.0991451451414995,0.127051862960645,"twosided_contam"
75131,"L1",0.117261773924822,0.148490857678841,"twosided_contam"
75131,"PMM3",0.192642074895796,0.248615369630972,"twosided_contam"
75131,"W1",0.128982798961743,0.15406468957731,"twosided_contam"
75131,"WPMM3",0.142207007855603,0.177710679215309,"twosided_contam"
75132,"LSE",0.265524584015113,0.413519385582029,"twosided_contam"
75132,"Huber",0.136154552813032,0.175143101005339,"twosided_contam"
75132,"L1",0.17055676260464,0.184074728364351,"twosided_contam"
75132,"PMM3",2.96795441797783,4.06446565052014,"twosided_contam"
75132,"W1",0.141362101517535,0.121187269105822,"twosided_contam"
75132,"WPMM3",0.145854200858617,0.128645427962955,"twosided_contam"
75133,"LSE",0.169989644964839,0.188689885784873,"twosided_contam"
75133,"Huber",0.144250042114946,0.160595387640896,"twosided_contam"
75133,"L1",0.16512590249128,0.168132933299032,"twosided_contam"
75133,"PMM3",0.145382742545406,0.155629467297031,"twosided_contam"
75133,"W1",0.136722738256131,0.156780073780192,"twosided_contam"
75133,"WPMM3",0.141399786411681,0.173842482740443,"twosided_contam"
75134,"LSE",0.243457607142241,0.335497113169673,"twosided_contam"
75134,"Huber",0.261873355670386,0.399461510115847,"twosided_contam"
75134,"L1",0.2385946075701,0.375817117807848,"twosided_contam"
75134,"PMM3",0.256615175766938,0.383576157355867,"twosided_contam"
75134,"W1",0.268313345302866,0.411958239694815,"twosided_contam"
75134,"WPMM3",0.268190624887692,0.414241687614636,"twosided_contam"
75135,"LSE",0.269134454198509,0.412880453652526,"twosided_contam"
75135,"Huber",0.0814032809828584,0.124977242900903,"twosided_contam"
75135,"L1",0.0705675758464361,0.107331390933271,"twosided_contam"
75135,"PMM3",0.0815219434691961,0.124076955691707,"twosided_contam"
75135,"W1",0.0702131779282483,0.10689004155592,"twosided_contam"
75135,"WPMM3",0.0736435702832011,0.110980091894857,"twosided_contam"
75136,"LSE",0.297678905807561,0.401831951454169,"twosided_contam"
75136,"Huber",0.133925126155625,0.140623060971712,"twosided_contam"
75136,"L1",0.207611791964574,0.260357746954734,"twosided_contam"
75136,"PMM3",0.113564529229451,0.0932307322303518,"twosided_contam"
75136,"W1",0.114535734865261,0.116913916583483,"twosided_contam"
75136,"WPMM3",0.117286200944462,0.129240486755133,"twosided_contam"
75137,"LSE",0.263438699439521,0.323884647691216,"twosided_contam"
75137,"Huber",0.144084064386755,0.199940468548009,"twosided_contam"
75137,"L1",0.118304481250262,0.16872233084078,"twosided_contam"
75137,"PMM3",0.1622874673755,0.239535413499409,"twosided_contam"
75137,"W1",0.133442677791418,0.189963827726402,"twosided_contam"
75137,"WPMM3",0.13545284023365,0.18429458247492,"twosided_contam"
75138,"LSE",0.158231102294355,0.216602501731943,"twosided_contam"
75138,"Huber",0.138332073720215,0.202138853465358,"twosided_contam"
75138,"L1",0.180301885090071,0.26396798331026,"twosided_contam"
75138,"PMM3",0.0921376065837469,0.132122346486327,"twosided_contam"
75138,"W1",0.151248961601632,0.221351392716294,"twosided_contam"
75138,"WPMM3",0.155743991818965,0.228561569383177,"twosided_contam"
75139,"LSE",0.180385308487487,0.20377581673268,"twosided_contam"
75139,"Huber",0.123929373245517,0.161367398749101,"twosided_contam"
75139,"L1",0.12818904218233,0.154880042506503,"twosided_contam"
75139,"PMM3",0.159352087604306,0.2274400630546,"twosided_contam"
75139,"W1",0.137609941541018,0.190316712868509,"twosided_contam"
75139,"WPMM3",0.130370462137461,0.175949083357847,"twosided_contam"
75140,"LSE",1.4534992010395,2.1590908918066,"twosided_contam"
75140,"Huber",0.18981696295942,0.257387321403787,"twosided_contam"
75140,"L1",0.228397823364582,0.339566876123987,"twosided_contam"
75140,"PMM3",0.335379204697068,0.46729446982989,"twosided_contam"
75140,"W1",0.160828613979573,0.215667037726245,"twosided_contam"
75140,"WPMM3",0.158949250341562,0.197173323593533,"twosided_contam"
75141,"LSE",0.312158794778027,0.438920554416026,"twosided_contam"
75141,"Huber",0.126166997625651,0.152295730996039,"twosided_contam"
75141,"L1",0.10735862871872,0.155497259816805,"twosided_contam"
75141,"PMM3",0.179878238639097,0.23069345298925,"twosided_contam"
75141,"W1",0.110895126879521,0.132243391074656,"twosided_contam"
75141,"WPMM3",0.0997398292397092,0.114579448495329,"twosided_contam"
75142,"LSE",0.362021152186554,0.520640555782118,"twosided_contam"
75142,"Huber",0.164859611693171,0.208945982226902,"twosided_contam"
75142,"L1",0.186472009062773,0.23424758059034,"twosided_contam"
75142,"PMM3",0.300921900839226,0.396399656620422,"twosided_contam"
75142,"W1",0.149301433865711,0.192965248217687,"twosided_contam"
75142,"WPMM3",0.133400703566213,0.169368189603882,"twosided_contam"
75143,"LSE",0.283728822344389,0.339080199771606,"twosided_contam"
75143,"Huber",0.143071073636035,0.12232783232323,"twosided_contam"
75143,"L1",0.212997425114837,0.158482942800993,"twosided_contam"
75143,"PMM3",0.191304636454709,0.195925153651197,"twosided_contam"
75143,"W1",0.14956910602875,0.14013821865755,"twosided_contam"
75143,"WPMM3",0.135905548108066,0.122940082202279,"twosided_contam"
75144,"LSE",0.254545439496186,0.387494649041141,"twosided_contam"
75144,"Huber",0.195376509602105,0.290409730682586,"twosided_contam"
75144,"L1",0.169978918488542,0.252918580975765,"twosided_contam"
75144,"PMM3",0.237436533367524,0.346060022570673,"twosided_contam"
75144,"W1",0.213706893757937,0.31516402356712,"twosided_contam"
75144,"WPMM3",0.169950893740915,0.244356634559701,"twosided_contam"
75145,"LSE",0.233959569665308,0.32885546245634,"twosided_contam"
75145,"Huber",0.211487123874157,0.315609740211708,"twosided_contam"
75145,"L1",0.0614252412314053,0.0728444933238797,"twosided_contam"
75145,"PMM3",0.262221938419005,0.39851450011381,"twosided_contam"
75145,"W1",0.227475098526881,0.344069177040346,"twosided_contam"
75145,"WPMM3",0.221987217029764,0.334872291010243,"twosided_contam"
75146,"LSE",0.0966121190556583,0.148991013006406,"twosided_contam"
75146,"Huber",0.098879402789453,0.142808349101266,"twosided_contam"
75146,"L1",0.127093323880938,0.181691767392314,"twosided_contam"
75146,"PMM3",0.159758224906124,0.229648118943142,"twosided_contam"
75146,"W1",0.10623769598821,0.158069799457146,"twosided_contam"
75146,"WPMM3",0.103760846138252,0.154684746319291,"twosided_contam"
75147,"LSE",0.141609063328174,0.181629951783867,"twosided_contam"
75147,"Huber",0.0944171867827415,0.116382271614701,"twosided_contam"
75147,"L1",0.111444800166064,0.146592391702908,"twosided_contam"
75147,"PMM3",0.101623984666953,0.118536819942931,"twosided_contam"
75147,"W1",0.0907733880562845,0.104205563754872,"twosided_contam"
75147,"WPMM3",0.0923336279167211,0.107978013744255,"twosided_contam"
75148,"LSE",0.132823375764803,0.191375886403504,"twosided_contam"
75148,"Huber",0.175346176223396,0.232315475902731,"twosided_contam"
75148,"L1",0.177014544533062,0.19679885698536,"twosided_contam"
75148,"PMM3",0.157037707236873,0.218592318591713,"twosided_contam"
75148,"W1",0.202148095154539,0.27001407921664,"twosided_contam"
75148,"WPMM3",0.217349268514441,0.288996722082225,"twosided_contam"
75149,"LSE",0.266708986742598,0.343617565020189,"twosided_contam"
75149,"Huber",0.116130940053428,0.151651350836952,"twosided_contam"
75149,"L1",0.199809624054682,0.280507697283581,"twosided_contam"
75149,"PMM3",0.125888534964591,0.169033120598973,"twosided_contam"
75149,"W1",0.0919448932583757,0.127192211295605,"twosided_contam"
75149,"WPMM3",0.115837114327239,0.1631054968893,"twosided_contam"
75150,"LSE",0.142289480865699,0.194223554582496,"twosided_contam"
75150,"Huber",0.143202296305324,0.204899213326,"twosided_contam"
75150,"L1",0.218000067124892,0.296553684440522,"twosided_contam"
75150,"PMM3",0.137072027637461,0.164448348331024,"twosided_contam"
75150,"W1",0.142802714541053,0.202164840731696,"twosided_contam"
75150,"WPMM3",0.154057089496561,0.22286542719018,"twosided_contam"
